"","mean","se_mean","sd","2.5%","25%","50%","75%","97.5%","n_eff","Rhat"
"tot_var",0.566119724965743,0.00445478714743333,0.15100207239502,0.361825255183497,0.461977753697907,0.538296468448934,0.63975633486285,0.923603446909139,1148.9784928499,1.00337689577835
"var_props[1]",0.073621226748095,0.000917710071124693,0.0360971365943415,0.0224685123797326,0.0478802230573893,0.0676747344706779,0.0920773855960816,0.160556251657626,1547.15744031318,1.00233557524488
"var_props[2]",0.166343995472272,0.00159901768819966,0.106185712233218,0.0190269955746208,0.0837892780088156,0.147244085421235,0.227828543061767,0.416871847539013,4409.86843664187,1.00114196938926
"var_props[3]",0.0311866996530611,0.00209074684620083,0.0478437204293426,0.000956023566108001,0.00510100880983125,0.0125811515024275,0.0359745346489956,0.174090328530924,523.657089070912,1.00462766750951
"var_props[4]",0.323338845128563,0.00161976954658629,0.0881487325719707,0.168797756330047,0.259894127687307,0.317511618216166,0.379675663486954,0.511400709514749,2961.59511819933,1.00098764877988
"var_props[5]",0.405509232998008,0.00236537831658322,0.0933642546746692,0.231219411922328,0.340108980324981,0.402785659829792,0.470027661016715,0.592003996727819,1557.97342892373,1.00186856184982
"nu_prop[1]",0.537622534301352,0.00210896147278181,0.231680545935851,0.099157243924602,0.361561629379394,0.548182919280383,0.720453506102991,0.933049841074635,12068.1817973482,0.999622784646864
"nu_prop[2]",0.786769148082739,0.00699838633471511,0.218028360445752,0.236927997069456,0.672302230392734,0.869648496629753,0.96037899052741,0.995801472051144,970.577347938336,1.00690030133238
"nu_prop[3]",0.33406993969381,0.00216012419682615,0.173491907270023,0.0576331258635573,0.200970185621602,0.313380374355856,0.455527273943505,0.701998933381517,6450.61317715586,1.00049732520358
"nu_prop[4]",0.530898902986148,0.00192410044270782,0.124164997675132,0.282717547126129,0.448748277127615,0.533912574997219,0.617676513724138,0.760229252821853,4164.30845240115,1.00093966418102
"slope_mu",0.0762017374749497,0.00568354313767847,0.306508457435642,-0.526661841536793,-0.0997563825617487,0.0712042298194861,0.243596270013884,0.716260468160708,2908.34955771801,1.00173797098877
"eps_slope[1]",-0.0518496724047819,0.00564040394472248,0.399472178177702,-0.949977077524295,-0.218539528349966,-0.0305934174845517,0.118700886964277,0.793853485907763,5015.94377764779,1.00047758385796
"eps_slope[2]",-0.112099284303811,0.00620211767331599,0.437654887975306,-1.15338218001807,-0.287285499745355,-0.0676014553143317,0.0927168471479381,0.732256387420956,4979.47507438896,0.9997813966201
"eps_slope[3]",0.232251184967325,0.00806531881630256,0.508303304375626,-0.64562461093741,-0.0340993603318987,0.139215801854343,0.443900142065303,1.47522617162353,3971.94098478837,1.00030362964474
"eps_slope[4]",0.914847443154608,0.0252545236213546,1.08150633417723,-0.450847412279952,0.155951529265869,0.641359014684765,1.39646045164902,3.67901039155113,1833.91740882832,1.0011197489871
"eps_slope[5]",-0.00838125441950766,0.00539596425696725,0.429754035362525,-0.960844587984801,-0.184475315309028,-0.0016238951633019,0.181205487834426,0.852901608483552,6343.10350704095,1.00004716843775
"eps_slope[6]",-0.0938444965393012,0.00527906051477629,0.36533664096193,-0.940057049601194,-0.241233988493179,-0.0562377941807597,0.074915544238723,0.590369867909524,4789.31257172479,1.00038259558998
"eps_slope[7]",-0.0629872188060997,0.00506734553484776,0.381820076541877,-0.911002328468357,-0.217957697423588,-0.0379031905463607,0.101488770833233,0.70931244456827,5677.49136444789,1.00011707171222
"eps_slope[8]",0.117539051586179,0.00624780442068298,0.456289809073694,-0.747849198098449,-0.0889440605227539,0.0661020039231179,0.285202587907585,1.19250257422168,5333.67668558941,1.0001771652811
"eps_slope[9]",0.0172832338733205,0.00542779454427625,0.42670807433669,-0.904240439200503,-0.159825857318702,0.0108095171490776,0.194262644145603,0.971200790922067,6180.37634098148,1.00005839221005
"eps_slope[10]",-0.176891521097686,0.00734429199840017,0.48896483680679,-1.35646932460466,-0.357781085439895,-0.101590063148671,0.0586353358207689,0.691545456774215,4432.56779016338,1.0003834890759
"eps_slope[11]",-0.0149775627054707,0.00781631297592427,0.49018058243517,-1.03749933780911,-0.220632661639075,-0.0152332749985581,0.175467149804525,1.03159774970081,3932.85853772847,0.999846601773611
"eps_slope[12]",-0.123301556578298,0.00632140856774198,0.373450777128195,-0.981073329233224,-0.26253168892152,-0.0726985330409805,0.0519073055480745,0.535930984197015,3490.1091841043,1.00157521739066
"eps_slope[13]",-0.340172007884119,0.00974697415678288,0.462348700050195,-1.49762959724737,-0.527720689743902,-0.236987945527168,-0.0621528619191502,0.356879577148727,2250.0887726074,1.00158242100936
"eps_slope[14]",-0.0627547344922479,0.0074904130890003,0.569754789849739,-1.36513988905809,-0.285482162574236,-0.0338028355953244,0.174731043958456,1.09140620199058,5785.81351070224,0.999955871425494
"eps_slope[15]",-0.203317647821323,0.00823414273053181,0.518611927243193,-1.45899798823795,-0.419231272233579,-0.122228396558768,0.0564243970826945,0.724665431997436,3966.87229657593,0.999921593110617
"eps_slope[16]",0.094938497887029,0.00563970066833129,0.384069598814651,-0.664032662654113,-0.0811966548442691,0.0605836905671861,0.253721619193151,0.967900429958091,4637.75449915545,1.00020225096992
"eps_slope[17]",0.534354891121433,0.0128271040411445,0.591813122895304,-0.254589133113615,0.146779293400264,0.399077929202464,0.78502668599827,2.02276142882185,2128.68768340021,1.00157963413009
"eps_slope[18]",0.0134453979727049,0.0048060824428383,0.350446223888892,-0.719165356786771,-0.137484702316989,0.0127998825756324,0.166669390002807,0.765057639324062,5316.92258275813,1.00047128860066
"eps_slope[19]",0.0353815094697833,0.00545946206048374,0.400141831136846,-0.840010602229861,-0.134120731385873,0.0251351321500331,0.198264529552048,0.900942523582179,5371.90354229293,1.00021460200196
"eps_annual[1]",1.37769798745958,0.00770085689152943,0.45703802027259,0.562161414366198,1.0627896139254,1.35071828880588,1.66034175504804,2.35018406571631,3522.30171426287,1.00017632768578
"eps_annual[2]",0.85921419444893,0.00566658168912066,0.416739525106819,0.10142240372555,0.571436007156251,0.834639743283279,1.11704432793338,1.73169053361936,5408.62756449263,1.00020197595422
"eps_annual[3]",-0.193702872375375,0.00496900140974108,0.410793538489753,-1.00932699231365,-0.453332086248312,-0.194453842549842,0.0723494831885606,0.602103126718867,6834.53493418249,0.999761105992647
"eps_annual[4]",-0.698217577032114,0.00607012599782722,0.441437800084902,-1.61111367861161,-0.972589084187773,-0.681932219863237,-0.402342791971514,0.118245953672887,5288.63537941799,1.00036749547062
"eps_annual[5]",0.577669287853903,0.00524066101321107,0.416938072293541,-0.205987930302101,0.303968151757056,0.563273794287708,0.845772418892254,1.43101895784344,6329.52283189295,0.999950403618501
"eps_annual[6]",-0.367967760992796,0.00494767401302873,0.387133925396226,-1.16228073100753,-0.613618129987834,-0.357983811151112,-0.107892292628309,0.372078436177558,6122.38036041684,1.00010851765586
"eps_annual[7]",0.604686700883189,0.00496622066249342,0.384435612526449,-0.123444936399684,0.351063587908115,0.587325498859215,0.856596215890049,1.38198355761083,5992.32278458635,0.999990129190299
"eps_annual[8]",-1.27190252898376,0.0064672440555318,0.445151877532304,-2.20876909530428,-1.55375367464133,-1.2498713851895,-0.971839631381754,-0.456408425069192,4737.8130332086,1.00018719275023
"eps_annual[9]",0.582929344816571,0.0047519789649218,0.394046316742247,-0.191995771841873,0.322621588596425,0.572395519077747,0.838092193483398,1.37129348574425,6876.15290804302,1.00046211917554
"eps_annual[10]",-1.70292362366894,0.00799698391750851,0.480146273138518,-2.74596328892936,-2.0010994801092,-1.67088281356354,-1.36731201609475,-0.861606347893957,3604.91209706188,1.00063085806085
"eps_annual[11]",0.255148854897085,0.00438581913355008,0.347207685983886,-0.412026527250477,0.0216791393792008,0.25422488287008,0.485079908721809,0.952414752649564,6267.25297324326,1.00018227051097
"eps_annual[12]",-0.440616906788248,0.00492535161776825,0.35454696575217,-1.16610486798015,-0.667087787066633,-0.435190894889388,-0.206882990180887,0.234011360244574,5181.70955269613,1.00011402868501
"eps_annual[13]",1.8203816947729,0.00801732703872151,0.468085728967527,1.00451516171916,1.48724179871214,1.78594411812312,2.11463276797985,2.8067976869206,3408.72214539776,1.00025912193106
"eps_annual[14]",-0.787830767078652,0.00541923163548441,0.380689113273106,-1.59655265246009,-1.02290245454415,-0.765290436181679,-0.529059035470044,-0.0956993068354344,4934.7537467937,1.00006301934555
"eps_annual[15]",-0.728817769254319,0.00515064112959264,0.379455161946848,-1.52691917336844,-0.969378785730224,-0.704387211919902,-0.47523013326276,-0.0280826794164204,5427.48144374763,0.999990998171533
"eps_annual[16]",0.505419909273822,0.00497462380398466,0.369251003025261,-0.177292669989956,0.255233583678951,0.492386661004948,0.736986246700542,1.29598646009831,5509.63564960656,1.00050295299792
"eps_annual[17]",0.842140712580868,0.00538877483023158,0.376861957826222,0.160410525751952,0.589520331305274,0.819509150670751,1.08251205659277,1.624115501526,4890.85205588697,1.00035051338881
"eps_annual[18]",0.205413161830076,0.00445289663232425,0.346737081172876,-0.478683459251941,-0.0238929556565068,0.202282353749342,0.431771055209966,0.901242943846449,6063.38786912875,0.999982659118496
"eps_annual[19]",-1.31358778238764,0.00722049975980636,0.44538279481073,-2.29814831617788,-1.58851453465955,-1.28174109520881,-1.00175113966416,-0.529845794969596,3804.80458772139,1.00194431047204
"eps_annual[20]",-0.418886931009473,0.00493736470195113,0.373863778197374,-1.18856454334604,-0.655083033956116,-0.412047138525515,-0.16650430107547,0.286413576248841,5733.71847566647,0.999826792762145
"eps_annual[21]",0.312406099536544,0.00476862681770645,0.371469656489778,-0.399401974127909,0.0695845141550473,0.308450864487081,0.54796428110043,1.06664202003862,6068.20179665545,1.00035440639602
"eps_annual[22]",0.0835616264454272,0.00512416684699709,0.396506202524674,-0.692445889899551,-0.175434263895892,0.0790339417308364,0.336160303812384,0.892677632149136,5987.60918800416,1.0003969067512
"eps_annual[23]",1.02072907722865,0.00679277617369046,0.446871439749154,0.212033495211578,0.707624409933064,0.996632923935951,1.30690531253871,1.95018015745006,4327.83394686739,0.999792776926714
"eps_annual[24]",-0.942961055445081,0.00627533814242548,0.47851389393813,-1.93313196598153,-1.24505026419496,-0.920117294925355,-0.618405571822276,-0.0750741628855467,5814.53300020852,1.00090510197832
"het[1]",2.35683192095699,0.0369571644408925,1.53282883995466,0.156702436790316,1.20858034081062,2.14803793648336,3.2257279068071,5.89478412916093,1720.24395866892,1.00244497160284
"het[2]",0.642341762190087,0.0094412388132227,0.656451541245245,0.0161653705164658,0.186515741612903,0.444755912000061,0.884757608949306,2.42480026488867,4834.45340050291,1.00004169223419
"eps_sigma_rn[1]",0.978183333931306,0.0122722651017745,0.899535121817447,0.145778072287823,0.432551881310622,0.73134979776586,1.22049273186701,3.36448270603346,5372.62827262,1.00024210977545
"eps_sigma_rn[2]",1.21635901295733,0.0197422066756045,1.24546260728359,0.153808722020916,0.49462742867525,0.852931320743867,1.50506570448895,4.31121627936238,3979.88018860038,1.0001086708959
"eps_sigma_rn[3]",3.01810592162483,0.0359469470291444,2.577511637437,0.421511662489581,1.44152123195082,2.39598882507732,3.77170763262352,9.58065610132267,5141.35090574736,1.00000198769623
"eps_sigma_rn[4]",2.94976715749515,0.0400008844316442,2.75495029231492,0.262010022639777,1.1889529692889,2.25775390683338,3.85213049517033,9.66842686505617,4743.3846834091,1.00010409360028
"eps_sigma_rn[5]",1.59968530194076,0.0221947274164752,1.58644535351243,0.175406077646338,0.631352439051853,1.14493779992601,2.01690172728129,5.51493200578969,5109.17293415222,0.999843152905251
"eps_sigma_rn[6]",0.660200873055594,0.01075397134532,0.725588247595214,0.0829619834120324,0.265537147638501,0.459785199380974,0.793781416619903,2.38719819589171,4552.42426738741,1.00013862137992
"eps_sigma_rn[7]",0.850447496581126,0.016944420689772,0.910120412499883,0.104876743041337,0.323010766361649,0.582860199597828,1.05485576212544,3.19046900608305,2884.98964817329,1.00077088784391
"eps_sigma_rn[8]",1.06697054735816,0.0164627853657235,1.108956115002,0.12166616646711,0.39212246809727,0.725910488005132,1.33199637495344,4.11897229673952,4537.55694043584,0.99990843395216
"eps_sigma_rn[9]",1.03723372892546,0.0127848886737542,1.01719616253258,0.137934055446782,0.429836863407125,0.748535964387302,1.29119290344037,3.73342893205922,6330.17220688528,0.999950853612177
"eps_sigma_rn[10]",1.199794834541,0.0153365966782528,1.22612043159814,0.145070649034942,0.483676264388966,0.869745642005302,1.50843128229888,4.30169750983138,6391.58053556074,1.00046912505363
"eps_sigma_rn[11]",2.96364460549925,0.0481159635613748,2.87954936128734,0.307667476122068,1.14285527412837,2.12620091905831,3.77141600071555,10.4373199404561,3581.54721351265,0.999683947969311
"eps_sigma_rn[12]",0.61987722460257,0.0106268907889499,0.698609398761438,0.0827129036862257,0.246430258734938,0.427086318886823,0.747695871466068,2.33817066162233,4321.71788523935,0.999987531588848
"eps_sigma_rn[13]",0.734623763944245,0.0100289021355046,0.778072318542021,0.0986459201792023,0.292277618436405,0.524419123139475,0.911012414986984,2.6591111038636,6019.12195341207,0.999762152076958
"eps_sigma_rn[14]",5.82712474670107,0.11398372132,5.63077141196002,0.40464316028482,2.19069648621208,4.31159881994759,7.57482039473709,21.4854027720838,2440.33883194161,1.0008590901552
"eps_sigma_rn[15]",3.74329001353663,0.0506516069314432,3.49913221369124,0.40985590407683,1.57418939317839,2.81062805998705,4.82191247326272,12.1758512935543,4772.37156048971,0.999854406283984
"eps_sigma_rn[16]",0.976874138026851,0.0117340098873552,0.924778222396908,0.132801552567473,0.407971874494126,0.726333243511692,1.21780935516568,3.30236552062289,6211.29689025203,1.00034457349296
"eps_sigma_rn[17]",0.99740715268023,0.0118361534110679,0.982339752745778,0.127967494348035,0.411726762060817,0.729502209630522,1.24009641232672,3.5159747001782,6888.14478738408,1.000117878155
"eps_sigma_rn[18]",0.629654869352998,0.0100710785223814,0.723659570673027,0.0818659604400173,0.252219059585225,0.442699930094001,0.759674858705809,2.27305177300476,5163.17275269463,1.00077104292391
"eps_sigma_rn[19]",1.12798385841122,0.0132992554163246,1.05696518895265,0.158060306139614,0.484560594837605,0.85062792914839,1.40061159096761,3.78557071992261,6316.3576712479,1.00021708964517
"eps_sigma_tn[1]",1.41509630116074,0.020905873952788,1.69781701145836,0.135416001147264,0.466605703900098,0.895851703458666,1.71695441858411,5.79885330754576,6595.46023532192,0.999834228943114
"eps_sigma_tn[2]",1.17500602239201,0.0188912739140538,1.49968633085877,0.115124429956685,0.385411371660306,0.734812062922392,1.42507554015625,4.83514601948418,6301.99966627698,1.00023073389473
"eps_sigma_tn[3]",1.90176514686166,0.033123117719244,2.56091521178692,0.150035283254019,0.56284145218456,1.11656198761942,2.252171972756,8.23701631052337,5977.61559879735,1.00132137375488
"eps_sigma_tn[4]",1.68746057555334,0.022183436897046,1.94351189377982,0.166908904132224,0.586562704163443,1.10276737280633,2.03528755176568,6.69345942915043,7675.67787242956,0.999934379540861
"eps_sigma_tn[5]",1.67470802590688,0.0234705361309573,1.92826126141224,0.167159109848337,0.556893313682575,1.05441132310683,2.07184413237042,6.73440858130202,6749.71961407738,0.999790510111911
"eps_sigma_tn[6]",1.41858879918981,0.0218907654089378,1.82955127565667,0.128639329765936,0.451979940292469,0.892540537031736,1.70055560440482,5.73400832947685,6985.01394617593,1.0002834788976
"eps_sigma_tn[7]",1.33237105159538,0.0192440309703483,1.60043754629759,0.132794530843481,0.438450138819136,0.84889601331443,1.5854557082173,5.64513134241063,6916.48386983492,1.00026824699531
"eps_sigma_tn[8]",1.56052968492142,0.0238468269042375,1.9989403542678,0.143369550916528,0.496276925332573,0.962455935315401,1.85255546974588,6.50934208951931,7026.49064582502,1.00006997741879
"eps_sigma_tn[9]",1.67882579903395,0.0227045143073348,1.95957543069805,0.160554364015763,0.558566677363803,1.07622712321078,2.09468196200293,6.67426968393542,7449.02684327298,1.00021800500349
"eps_sigma_tn[10]",1.51669551322757,0.0224202896319369,1.83298703687769,0.145124223474574,0.50044378764976,0.963690793872811,1.81520079793775,6.27498292604094,6683.9985944061,0.999876918256533
"eps_sigma_tn[11]",1.09316211724611,0.0167072469784148,1.41819665848612,0.109807387700477,0.372225101696166,0.692064323192228,1.31462650516487,4.38621416215804,7205.48353495938,1.00009747709405
"eps_sigma_tn[12]",1.683920199023,0.0248041234515037,1.95066796885112,0.1534958233558,0.553461123144421,1.07006312843188,2.05862804448622,6.90896384815691,6184.70425350003,1.0002941857095
"eps_sigma_tn[13]",1.38598939331974,0.0199027273997563,1.73244755356018,0.133427079134987,0.464782426389887,0.876366791696548,1.65970215987872,5.84647893877945,7576.96014389458,1.00003886421463
"eps_sigma_tn[14]",2.09127800022704,0.0296819513657366,2.54420503818322,0.183181783633733,0.673709981224435,1.32459808597412,2.58513358627678,8.44488515353978,7347.1569660749,1.00008204214531
"eps_sigma_tn[15]",1.28419815798539,0.0179296837180857,1.56823152912599,0.123095691922177,0.425314467284265,0.808648102959257,1.53680487092176,5.33854645255772,7650.24079268378,0.999842768440515
"eps_sigma_tn[16]",1.26676783191273,0.0195845737512031,1.5899784793261,0.11982328659456,0.422447276522167,0.810507993231659,1.5417315908382,5.24343046702316,6591.04451239082,0.999963442342378
"eps_sigma_tn[17]",1.57458046363376,0.0255282319615626,2.04314817093476,0.144841608345161,0.492809681644901,0.978698026872187,1.87953579714877,6.51863044781496,6405.57693314829,1.00031167784122
"eps_sigma_tn[18]",1.2116518797905,0.0179499173801449,1.38656181949941,0.126828133867617,0.410258624948697,0.777765357044266,1.49411232257166,4.93531949759842,5966.9660464743,1.00079676190141
"eps_sigma_tn[19]",1.85996682650549,0.0245771287805375,2.2187368594478,0.176954761952378,0.604012887411944,1.19265770747335,2.27842234778058,7.4284185884053,8149.84419758358,1.0001138963176
"eps_sigma_tn[20]",2.02787247508808,0.0278770465655953,2.36061492158569,0.181825237296924,0.664427822534782,1.2943883088331,2.52528568674909,8.16984740475356,7170.62110374536,0.999821544948818
"eps_sigma_tn[21]",1.60454134935477,0.0236132694050902,1.90446667452331,0.155648545413131,0.542846932226587,1.04422135035953,1.9244484707838,6.59451146877484,6504.80843138327,1.00002938051312
"eps_sigma_tn[22]",1.54653800628163,0.0221697383382668,1.82871631087988,0.148044651421316,0.518567176970138,0.999220163939937,1.8925802530134,6.23397254694296,6804.11338856456,0.999644707234636
"eps_sigma_tn[23]",1.93906552706321,0.026054985813614,2.31653748693191,0.165601459004959,0.618968065890276,1.20328762065377,2.37623003716449,8.14536749910588,7904.91096798942,1.00003708030228
"eps_sigma_tn[24]",1.73435133186602,0.0251435250101604,2.17064466585423,0.14966132900067,0.548553893554786,1.06151582363845,2.1097429896901,7.30903433799971,7452.89740984034,0.999775378169532
"L[1,1]",1,NA,0,1,1,1,1,1,NA,NA
"L[1,2]",0,NA,0,0,0,0,0,0,NA,NA
"L[1,3]",0,NA,0,0,0,0,0,0,NA,NA
"L[1,4]",0,NA,0,0,0,0,0,0,NA,NA
"L[1,5]",0,NA,0,0,0,0,0,0,NA,NA
"L[1,6]",0,NA,0,0,0,0,0,0,NA,NA
"L[1,7]",0,NA,0,0,0,0,0,0,NA,NA
"L[1,8]",0,NA,0,0,0,0,0,0,NA,NA
"L[1,9]",0,NA,0,0,0,0,0,0,NA,NA
"L[1,10]",0,NA,0,0,0,0,0,0,NA,NA
"L[1,11]",0,NA,0,0,0,0,0,0,NA,NA
"L[1,12]",0,NA,0,0,0,0,0,0,NA,NA
"L[1,13]",0,NA,0,0,0,0,0,0,NA,NA
"L[1,14]",0,NA,0,0,0,0,0,0,NA,NA
"L[1,15]",0,NA,0,0,0,0,0,0,NA,NA
"L[1,16]",0,NA,0,0,0,0,0,0,NA,NA
"L[1,17]",0,NA,0,0,0,0,0,0,NA,NA
"L[1,18]",0,NA,0,0,0,0,0,0,NA,NA
"L[1,19]",0,NA,0,0,0,0,0,0,NA,NA
"L[2,1]",0.0276454835453497,0.00279995049362542,0.220183290883901,-0.392214558601429,-0.12411061265956,0.0291769541947117,0.181083754524275,0.456440369031015,6183.97908023762,1.00026575082723
"L[2,2]",0.974445092997925,0.000574388636628221,0.0349001249981079,0.876060645751672,0.965300135400852,0.98825325480081,0.997210537454866,0.999968712197108,3691.8350264514,0.999835508934339
"L[2,3]",0,NA,0,0,0,0,0,0,NA,NA
"L[2,4]",0,NA,0,0,0,0,0,0,NA,NA
"L[2,5]",0,NA,0,0,0,0,0,0,NA,NA
"L[2,6]",0,NA,0,0,0,0,0,0,NA,NA
"L[2,7]",0,NA,0,0,0,0,0,0,NA,NA
"L[2,8]",0,NA,0,0,0,0,0,0,NA,NA
"L[2,9]",0,NA,0,0,0,0,0,0,NA,NA
"L[2,10]",0,NA,0,0,0,0,0,0,NA,NA
"L[2,11]",0,NA,0,0,0,0,0,0,NA,NA
"L[2,12]",0,NA,0,0,0,0,0,0,NA,NA
"L[2,13]",0,NA,0,0,0,0,0,0,NA,NA
"L[2,14]",0,NA,0,0,0,0,0,0,NA,NA
"L[2,15]",0,NA,0,0,0,0,0,0,NA,NA
"L[2,16]",0,NA,0,0,0,0,0,0,NA,NA
"L[2,17]",0,NA,0,0,0,0,0,0,NA,NA
"L[2,18]",0,NA,0,0,0,0,0,0,NA,NA
"L[2,19]",0,NA,0,0,0,0,0,0,NA,NA
"L[3,1]",-0.0187260595110479,0.00231301136857476,0.209576216659752,-0.427653007492559,-0.162939985284463,-0.017773988946611,0.124756243785807,0.388803453662024,8209.72211813528,0.999971398250618
"L[3,2]",-0.0855547258158241,0.00264464024305334,0.219543677736622,-0.504740029868428,-0.239945664814797,-0.0852729356972722,0.0663019045315773,0.343282950782022,6891.41915590391,0.999818547736181
"L[3,3]",0.947428432038404,0.000729567907090118,0.0509834565689293,0.813672172557017,0.926162159277916,0.962676277679727,0.984965219097288,0.998642004367795,4883.45409373799,1.00074707743028
"L[3,4]",0,NA,0,0,0,0,0,0,NA,NA
"L[3,5]",0,NA,0,0,0,0,0,0,NA,NA
"L[3,6]",0,NA,0,0,0,0,0,0,NA,NA
"L[3,7]",0,NA,0,0,0,0,0,0,NA,NA
"L[3,8]",0,NA,0,0,0,0,0,0,NA,NA
"L[3,9]",0,NA,0,0,0,0,0,0,NA,NA
"L[3,10]",0,NA,0,0,0,0,0,0,NA,NA
"L[3,11]",0,NA,0,0,0,0,0,0,NA,NA
"L[3,12]",0,NA,0,0,0,0,0,0,NA,NA
"L[3,13]",0,NA,0,0,0,0,0,0,NA,NA
"L[3,14]",0,NA,0,0,0,0,0,0,NA,NA
"L[3,15]",0,NA,0,0,0,0,0,0,NA,NA
"L[3,16]",0,NA,0,0,0,0,0,0,NA,NA
"L[3,17]",0,NA,0,0,0,0,0,0,NA,NA
"L[3,18]",0,NA,0,0,0,0,0,0,NA,NA
"L[3,19]",0,NA,0,0,0,0,0,0,NA,NA
"L[4,1]",-0.0571780225072535,0.00266986202408757,0.217803577848194,-0.476907252865136,-0.209361018042491,-0.0566797409976232,0.0920405688893249,0.367594463026639,6655.06625035776,1.00066073655504
"L[4,2]",-0.0500339453186251,0.00267851292980235,0.220458309235435,-0.463838270402242,-0.206986013423268,-0.0550038827826217,0.102985912710835,0.381626466629725,6774.31598706182,0.999987900847332
"L[4,3]",0.0397275472376837,0.00250813407751288,0.212473111366869,-0.37684918818486,-0.107265696009921,0.0397349835150917,0.192549961076734,0.444165233524928,7176.39702274772,0.999782539010809
"L[4,4]",0.920754161605784,0.00100992997985551,0.0607766082161219,0.764128723647819,0.890768024113254,0.935628637389505,0.965983493782409,0.994043374748954,3621.51584963012,1.00044914900154
"L[4,5]",0,NA,0,0,0,0,0,0,NA,NA
"L[4,6]",0,NA,0,0,0,0,0,0,NA,NA
"L[4,7]",0,NA,0,0,0,0,0,0,NA,NA
"L[4,8]",0,NA,0,0,0,0,0,0,NA,NA
"L[4,9]",0,NA,0,0,0,0,0,0,NA,NA
"L[4,10]",0,NA,0,0,0,0,0,0,NA,NA
"L[4,11]",0,NA,0,0,0,0,0,0,NA,NA
"L[4,12]",0,NA,0,0,0,0,0,0,NA,NA
"L[4,13]",0,NA,0,0,0,0,0,0,NA,NA
"L[4,14]",0,NA,0,0,0,0,0,0,NA,NA
"L[4,15]",0,NA,0,0,0,0,0,0,NA,NA
"L[4,16]",0,NA,0,0,0,0,0,0,NA,NA
"L[4,17]",0,NA,0,0,0,0,0,0,NA,NA
"L[4,18]",0,NA,0,0,0,0,0,0,NA,NA
"L[4,19]",0,NA,0,0,0,0,0,0,NA,NA
"L[5,1]",-0.0906538267348092,0.00224103510236644,0.219455585759324,-0.504054039364392,-0.242626681616992,-0.0979551069753973,0.0582161616129022,0.346437620961295,9589.4999313181,0.999695087046892
"L[5,2]",0.00334369568787546,0.00252849621784481,0.220159063445104,-0.431023205178982,-0.149054859972484,0.00168847761100686,0.156470204597435,0.431494831050325,7581.38447268806,1.00012570138428
"L[5,3]",0.0711582220291765,0.00211909839066336,0.211654538024439,-0.344890043615592,-0.0738817221451138,0.0714557906242288,0.220505753921427,0.475202284592759,9975.91926316859,1.0004444969585
"L[5,4]",-0.00759435650918189,0.00241821685355658,0.213841643268614,-0.421328549326667,-0.154929135826079,-0.00604710039323005,0.14362313617576,0.397450540513299,7819.77179078465,0.999784343734693
"L[5,5]",0.891366434967044,0.00105571195418632,0.070588762755892,0.718763177486692,0.852589483629383,0.904447593179788,0.944627975864524,0.986069916910343,4470.74872373095,1.00001499674583
"L[5,6]",0,NA,0,0,0,0,0,0,NA,NA
"L[5,7]",0,NA,0,0,0,0,0,0,NA,NA
"L[5,8]",0,NA,0,0,0,0,0,0,NA,NA
"L[5,9]",0,NA,0,0,0,0,0,0,NA,NA
"L[5,10]",0,NA,0,0,0,0,0,0,NA,NA
"L[5,11]",0,NA,0,0,0,0,0,0,NA,NA
"L[5,12]",0,NA,0,0,0,0,0,0,NA,NA
"L[5,13]",0,NA,0,0,0,0,0,0,NA,NA
"L[5,14]",0,NA,0,0,0,0,0,0,NA,NA
"L[5,15]",0,NA,0,0,0,0,0,0,NA,NA
"L[5,16]",0,NA,0,0,0,0,0,0,NA,NA
"L[5,17]",0,NA,0,0,0,0,0,0,NA,NA
"L[5,18]",0,NA,0,0,0,0,0,0,NA,NA
"L[5,19]",0,NA,0,0,0,0,0,0,NA,NA
"L[6,1]",0.0100383272933008,0.00194953649847248,0.22010235290481,-0.410613646626709,-0.143989763577218,0.0109814015953612,0.1639316986895,0.433655367040434,12746.3731948253,0.999633349302183
"L[6,2]",-0.00889006205574593,0.0019233164237929,0.221860175189021,-0.437378429567179,-0.160581837752241,-0.00953135917449379,0.138961789874679,0.426456045776406,13306.2973065319,0.99963314125745
"L[6,3]",-0.021742549085598,0.00212103601895805,0.216376236056209,-0.436453087500575,-0.172341163775098,-0.0210623337489076,0.128783967741101,0.394621162371917,10406.9396546324,1.00048023709565
"L[6,4]",-0.00864487513860067,0.00202754209992391,0.220454042240461,-0.435009484233102,-0.15985020761791,-0.00782187086822938,0.142094265766167,0.427711584005238,11822.1474452641,0.999719996665227
"L[6,5]",0.00550049521789145,0.00246434506749507,0.222520337172735,-0.420465564503824,-0.151734891442174,0.00695265600267844,0.158952672594045,0.435215918886293,8153.35552142032,0.999799437510174
"L[6,6]",0.866438431045141,0.00128858374917445,0.0771818772052134,0.685283443548721,0.820817686315531,0.879170467260238,0.925191835324422,0.976042807580078,3587.61122709265,1.00060805385331
"L[6,7]",0,NA,0,0,0,0,0,0,NA,NA
"L[6,8]",0,NA,0,0,0,0,0,0,NA,NA
"L[6,9]",0,NA,0,0,0,0,0,0,NA,NA
"L[6,10]",0,NA,0,0,0,0,0,0,NA,NA
"L[6,11]",0,NA,0,0,0,0,0,0,NA,NA
"L[6,12]",0,NA,0,0,0,0,0,0,NA,NA
"L[6,13]",0,NA,0,0,0,0,0,0,NA,NA
"L[6,14]",0,NA,0,0,0,0,0,0,NA,NA
"L[6,15]",0,NA,0,0,0,0,0,0,NA,NA
"L[6,16]",0,NA,0,0,0,0,0,0,NA,NA
"L[6,17]",0,NA,0,0,0,0,0,0,NA,NA
"L[6,18]",0,NA,0,0,0,0,0,0,NA,NA
"L[6,19]",0,NA,0,0,0,0,0,0,NA,NA
"L[7,1]",0.0226332123630508,0.0027139068456149,0.219863089707972,-0.407229300706031,-0.128818785996169,0.0233176266795278,0.178055286801536,0.446402413531862,6563.18703124744,1.00003742125647
"L[7,2]",0.012313959377433,0.00209002783090746,0.222806620345096,-0.418090146943608,-0.144092143583019,0.0161523685293249,0.164702302935821,0.439146164833981,11364.5447647763,0.999945421476824
"L[7,3]",-0.0681664867909687,0.00225423735159421,0.212270167895406,-0.471699536493774,-0.214861310213504,-0.0731755851364064,0.0798924140160103,0.343652787203641,8867.0395123499,0.999883465164927
"L[7,4]",-0.0161342765891656,0.00230205266797215,0.216219191159868,-0.435423136834613,-0.163711894925199,-0.0168922326000308,0.130455778681681,0.399089241590491,8821.81540058852,0.999660084114122
"L[7,5]",0.00543729424938274,0.00208737672228111,0.222899988281539,-0.4278730303024,-0.151063692414544,0.00437240869551781,0.160977743590582,0.445443058992905,11402.981485786,0.999964357912754
"L[7,6]",0.0503750684946812,0.00219253009718724,0.225535228973783,-0.383030830760767,-0.10620391051689,0.0513427645084009,0.206818193388652,0.482628582983633,10581.2664504797,1.00008153096496
"L[7,7]",0.83332735387506,0.00139473332126757,0.0843927520093461,0.640915795405154,0.782145237138747,0.845856389642677,0.897059339966746,0.959974702678688,3661.23786464923,1.00082858234212
"L[7,8]",0,NA,0,0,0,0,0,0,NA,NA
"L[7,9]",0,NA,0,0,0,0,0,0,NA,NA
"L[7,10]",0,NA,0,0,0,0,0,0,NA,NA
"L[7,11]",0,NA,0,0,0,0,0,0,NA,NA
"L[7,12]",0,NA,0,0,0,0,0,0,NA,NA
"L[7,13]",0,NA,0,0,0,0,0,0,NA,NA
"L[7,14]",0,NA,0,0,0,0,0,0,NA,NA
"L[7,15]",0,NA,0,0,0,0,0,0,NA,NA
"L[7,16]",0,NA,0,0,0,0,0,0,NA,NA
"L[7,17]",0,NA,0,0,0,0,0,0,NA,NA
"L[7,18]",0,NA,0,0,0,0,0,0,NA,NA
"L[7,19]",0,NA,0,0,0,0,0,0,NA,NA
"L[8,1]",0.00719303106497285,0.00215382914626235,0.219674087857587,-0.417106013872863,-0.146088528723344,0.00712907384185818,0.159091777265302,0.429768926240221,10402.4386754581,1.00001611751939
"L[8,2]",0.05462656423975,0.00235836431844023,0.219901329302341,-0.367351709038886,-0.097029981368923,0.0554520031829113,0.211600820470487,0.472993899774775,8694.28592363751,1.00014055584456
"L[8,3]",-0.0691245435680583,0.00189835339295825,0.214066407021503,-0.480352163973766,-0.213718398524446,-0.0740702550350704,0.0782800578746235,0.349152682278589,12715.7773171229,0.999819673700864
"L[8,4]",0.00114620930246645,0.00194858818987509,0.218984178569996,-0.434655724431943,-0.148842364335351,0.00125767550421346,0.155938197375835,0.423645594438639,12629.4763810784,0.999905794406679
"L[8,5]",-0.0230306300604656,0.00221604815905605,0.223110168950216,-0.445603841869301,-0.180309833758424,-0.0246884711597148,0.134967392009746,0.407807276790851,10136.3206788884,1.00011566569548
"L[8,6]",0.0162761310157694,0.002323660138918,0.221539484159336,-0.423134830524935,-0.133896599173069,0.0168457658285802,0.168824711375408,0.439244871066392,9089.85727869792,0.999748383793391
"L[8,7]",0.0201129452922373,0.00213787355937257,0.224024129910793,-0.416391443172585,-0.133666644768178,0.0240395496493188,0.177045657651012,0.44890390851087,10980.5872296088,0.999940835111319
"L[8,8]",0.801908399874413,0.00167998407062822,0.0923836904084678,0.593284015482893,0.746232417455505,0.813260404513226,0.871229586516261,0.946602431177524,3023.98954959361,1.00090311939783
"L[8,9]",0,NA,0,0,0,0,0,0,NA,NA
"L[8,10]",0,NA,0,0,0,0,0,0,NA,NA
"L[8,11]",0,NA,0,0,0,0,0,0,NA,NA
"L[8,12]",0,NA,0,0,0,0,0,0,NA,NA
"L[8,13]",0,NA,0,0,0,0,0,0,NA,NA
"L[8,14]",0,NA,0,0,0,0,0,0,NA,NA
"L[8,15]",0,NA,0,0,0,0,0,0,NA,NA
"L[8,16]",0,NA,0,0,0,0,0,0,NA,NA
"L[8,17]",0,NA,0,0,0,0,0,0,NA,NA
"L[8,18]",0,NA,0,0,0,0,0,0,NA,NA
"L[8,19]",0,NA,0,0,0,0,0,0,NA,NA
"L[9,1]",0.0435975438155943,0.00214254118991125,0.223361332932254,-0.395975931734766,-0.113435732937954,0.0463027460420072,0.201065529580378,0.468032831834443,10868.2000916364,0.999815020389873
"L[9,2]",0.0392357861474113,0.00223625065361247,0.220054754335615,-0.39493970240374,-0.109679768039428,0.0415651882005785,0.191720768838093,0.463628629121996,9683.23676778856,0.999961350313301
"L[9,3]",0.0528062350104911,0.0018828516214049,0.212595794942533,-0.37309514453643,-0.0908721086450732,0.0563061904339485,0.20045994428859,0.459563271562883,12749.0301110464,0.999880765150416
"L[9,4]",-0.0540635626235743,0.00221486935900313,0.219317249732701,-0.469638506318376,-0.20818830145825,-0.0567643291684076,0.0961678838918156,0.374252335431272,9805.03960332618,0.999840097066247
"L[9,5]",0.032367572646367,0.00214988168012025,0.219948968226649,-0.393932290964791,-0.119032792518918,0.03500276788704,0.184247641949752,0.452695476868692,10466.8196297779,1.00034880677925
"L[9,6]",-0.0317528679418806,0.0021999058682657,0.219626254207325,-0.453627074768951,-0.184208792758816,-0.0321167991924525,0.11975549841637,0.396360273178271,9966.90486318258,0.999987747548081
"L[9,7]",-0.0131142392893616,0.00240986149437387,0.225287637094325,-0.440569676395953,-0.17375655300416,-0.0127254863325693,0.143949459668417,0.433513466418362,8739.57985885431,1.00081274893312
"L[9,8]",0.0104807148075902,0.00238609182354923,0.23039632177449,-0.432132109606595,-0.149934091490134,0.0106937466133587,0.175906991102149,0.455982718985678,9323.45282512272,0.999960498888475
"L[9,9]",0.765684941327576,0.00164116299199183,0.101123344702166,0.540229344885604,0.703278795835969,0.77638232639046,0.839393475431579,0.929624375100347,3796.64001838637,1.0007803702978
"L[9,10]",0,NA,0,0,0,0,0,0,NA,NA
"L[9,11]",0,NA,0,0,0,0,0,0,NA,NA
"L[9,12]",0,NA,0,0,0,0,0,0,NA,NA
"L[9,13]",0,NA,0,0,0,0,0,0,NA,NA
"L[9,14]",0,NA,0,0,0,0,0,0,NA,NA
"L[9,15]",0,NA,0,0,0,0,0,0,NA,NA
"L[9,16]",0,NA,0,0,0,0,0,0,NA,NA
"L[9,17]",0,NA,0,0,0,0,0,0,NA,NA
"L[9,18]",0,NA,0,0,0,0,0,0,NA,NA
"L[9,19]",0,NA,0,0,0,0,0,0,NA,NA
"L[10,1]",0.0595154751321271,0.00194375714586668,0.212075242926189,-0.367619062901602,-0.0857163436279341,0.0648861994538002,0.205988192669184,0.466497494195358,11904.0828369135,0.999782186071343
"L[10,2]",-0.00319714979695977,0.00213696015880063,0.217595570745142,-0.429366038875982,-0.154739272665875,-0.00122949804315641,0.144784694628063,0.423084111007352,10368.2927508859,0.999837199155317
"L[10,3]",0.0373297409486369,0.00216138814511827,0.217526962116684,-0.393168029866579,-0.111841512539902,0.039410256315975,0.185268289639349,0.455099116908568,10128.8621189464,1.00019906406695
"L[10,4]",-0.0514827658254031,0.00225590780790494,0.220302864622183,-0.470744246278893,-0.205610413610066,-0.0533475792316617,0.09771786408601,0.384071828364783,9536.68842561638,0.999788758239146
"L[10,5]",-0.045724524782095,0.00210041201150358,0.218980426940517,-0.464491570872603,-0.198853385566318,-0.0455742642368875,0.107126741965847,0.380977004764348,10869.3008559179,0.999750430980758
"L[10,6]",-0.00568679210965308,0.00227797453034724,0.221639191578723,-0.428690835777247,-0.161362300302016,-0.0070636155117265,0.15075799113272,0.418158439834192,9466.62964346375,0.99985178845013
"L[10,7]",-0.018508944722538,0.0021948642230059,0.220244087837968,-0.442816985390372,-0.170419778276195,-0.0222832835928723,0.133814072448526,0.418974091757007,10069.1590174364,0.99968135768944
"L[10,8]",-0.00991194945748098,0.0023395801113524,0.221295048214616,-0.434155358422789,-0.164731513490472,-0.0116986843732361,0.143457550037134,0.423033461633787,8946.79632320604,1.00041013188326
"L[10,9]",0.00544338091947684,0.00310265829290714,0.224043101547689,-0.438588868968671,-0.148946767119369,0.00762125125318893,0.161092153143637,0.436236232065101,5214.29090598521,1.00025011675712
"L[10,10]",0.738708035047464,0.00178805789205707,0.106068061628415,0.508800081091656,0.669509456178639,0.748895101212481,0.818753078708021,0.912724012141137,3518.89341742499,1.00175288063006
"L[10,11]",0,NA,0,0,0,0,0,0,NA,NA
"L[10,12]",0,NA,0,0,0,0,0,0,NA,NA
"L[10,13]",0,NA,0,0,0,0,0,0,NA,NA
"L[10,14]",0,NA,0,0,0,0,0,0,NA,NA
"L[10,15]",0,NA,0,0,0,0,0,0,NA,NA
"L[10,16]",0,NA,0,0,0,0,0,0,NA,NA
"L[10,17]",0,NA,0,0,0,0,0,0,NA,NA
"L[10,18]",0,NA,0,0,0,0,0,0,NA,NA
"L[10,19]",0,NA,0,0,0,0,0,0,NA,NA
"L[11,1]",0.0323123243700413,0.00269012038387937,0.221742294389013,-0.399808968666825,-0.120641829203295,0.0349226828173148,0.186705443505893,0.45242664045181,6794.43961524329,1.00005418312737
"L[11,2]",-0.0500361730047452,0.0024869830258259,0.213374299278207,-0.462700371239888,-0.198465330747233,-0.0557269333278006,0.0980741653682948,0.367616195750609,7361.02975985232,0.99957993124633
"L[11,3]",0.0523180488750387,0.00224956763550241,0.20850383648229,-0.34848087280651,-0.0945742275979928,0.054294844192194,0.19794017268438,0.451629697347703,8590.72843235803,0.999943620357122
"L[11,4]",-0.0279029612899351,0.00243950671471201,0.213603112427043,-0.431252992393591,-0.181712040389028,-0.031023268252827,0.117817161710973,0.391358156836871,7666.74674359034,0.999732313411622
"L[11,5]",-0.0553190670808085,0.00259207882279262,0.217828604831785,-0.482078264307601,-0.207506446801076,-0.0536804987420443,0.0930029625465426,0.369466799514989,7062.09266663405,0.999952433787554
"L[11,6]",0.0209593019926465,0.00279435602015444,0.222050591939583,-0.406420169800467,-0.133615723201372,0.0213597424938589,0.174360408462638,0.450382027469961,6314.52076417824,1.00028652220121
"L[11,7]",0.00383520176734603,0.00261400145479951,0.222864970529927,-0.431606658465687,-0.150595504859666,0.0045324481253275,0.158506819999918,0.432478903799005,7268.95490702159,1.00192074975099
"L[11,8]",-0.00679665409989751,0.00265510857578052,0.226353498895212,-0.44161642556031,-0.16738696901805,-0.00693357507511991,0.155939514190789,0.425546570361917,7267.91522962608,0.999625159395047
"L[11,9]",0.00312973265675757,0.00249357192990774,0.221808576492731,-0.420081728300513,-0.154122711509056,0.0025084016203163,0.159079310384654,0.436058185249885,7912.48442940511,1.00045489904609
"L[11,10]",0.0160066091405436,0.00253349297609505,0.222345725816307,-0.414157491266538,-0.142814784481301,0.020425656688786,0.170766552246136,0.444386553863223,7702.25976654088,0.999692987002348
"L[11,11]",0.704916240993808,0.0018521708405725,0.110314349577415,0.467932790253044,0.632617411639114,0.713909051545318,0.785973203405962,0.892209513145769,3547.33277960477,1.00145383821559
"L[11,12]",0,NA,0,0,0,0,0,0,NA,NA
"L[11,13]",0,NA,0,0,0,0,0,0,NA,NA
"L[11,14]",0,NA,0,0,0,0,0,0,NA,NA
"L[11,15]",0,NA,0,0,0,0,0,0,NA,NA
"L[11,16]",0,NA,0,0,0,0,0,0,NA,NA
"L[11,17]",0,NA,0,0,0,0,0,0,NA,NA
"L[11,18]",0,NA,0,0,0,0,0,0,NA,NA
"L[11,19]",0,NA,0,0,0,0,0,0,NA,NA
"L[12,1]",0.00474412265852127,0.00217226099620974,0.219866331521631,-0.419200048877351,-0.14841903687008,0.00400995163342284,0.158937450559394,0.425821018547131,10244.5633369977,1.00019400388909
"L[12,2]",0.0170906423551926,0.00207369730178788,0.222456033092856,-0.424764146695082,-0.136857992209856,0.0198926463668526,0.172260653895983,0.447778617203103,11507.9416662071,1.0001697827765
"L[12,3]",-0.00274303089232669,0.00219409878827271,0.217738207414074,-0.429152847303783,-0.152051929201809,-0.000697045955513757,0.148840594716032,0.416253172284491,9848.20161815035,0.999982093729381
"L[12,4]",-0.0232032734769905,0.00212914728239813,0.22159688066873,-0.441604804839401,-0.181609335226759,-0.0241035301384749,0.130047148083386,0.407023640997327,10832.1802054791,1.00079421222643
"L[12,5]",0.0411535673672054,0.00222563268065823,0.225584582209382,-0.396234346959672,-0.117384908808444,0.0428377525742338,0.202205075470034,0.471519124997145,10273.3444256479,1.00041768577407
"L[12,6]",0.0156660645680002,0.00194102184067587,0.228240681570132,-0.428224481647009,-0.141188477091135,0.0155150860275895,0.176905699498938,0.457473536859207,13826.9141623065,0.999646089509268
"L[12,7]",0.0109141342766604,0.00236915221780775,0.226401636048041,-0.419912539175399,-0.148363590440978,0.0119708125112169,0.17023512057598,0.4404547738053,9132.15326714385,0.999682781215583
"L[12,8]",0.0173707370799171,0.00195695975128175,0.224152866294094,-0.418136679692704,-0.141446502687638,0.0190128654497039,0.171180492512015,0.45003949752861,13119.7272380544,0.999658959713502
"L[12,9]",0.016550448449938,0.00224366116736439,0.221911248680817,-0.42678589304448,-0.136279904653467,0.019975567647462,0.175097965518008,0.438548444434404,9782.3701451283,0.999938972563382
"L[12,10]",-0.0035600146092811,0.00208220223454482,0.22113598090962,-0.42657389511475,-0.159316602204832,-0.00537505410093943,0.148766301219729,0.428994418916554,11279.0626209511,1.00008820801017
"L[12,11]",-0.0130672102405252,0.002240934322094,0.221745244023435,-0.437097423340553,-0.167384027639739,-0.0116183092798278,0.135591157775826,0.417333144118828,9791.52576796389,0.999853880216669
"L[12,12]",0.660883355397916,0.00201195675190006,0.116108966497499,0.41485527566032,0.582646680559941,0.668840705295187,0.744579436458451,0.863931634101953,3330.38342576132,1.00014834299649
"L[12,13]",0,NA,0,0,0,0,0,0,NA,NA
"L[12,14]",0,NA,0,0,0,0,0,0,NA,NA
"L[12,15]",0,NA,0,0,0,0,0,0,NA,NA
"L[12,16]",0,NA,0,0,0,0,0,0,NA,NA
"L[12,17]",0,NA,0,0,0,0,0,0,NA,NA
"L[12,18]",0,NA,0,0,0,0,0,0,NA,NA
"L[12,19]",0,NA,0,0,0,0,0,0,NA,NA
"L[13,1]",-0.00612525030954171,0.00207647825960851,0.2228187838701,-0.433203340592737,-0.165096963263656,-0.00758137419989682,0.151153788117353,0.430504969544535,11514.5991072067,0.999805464378471
"L[13,2]",0.035156840961708,0.00218606453107104,0.218002324014892,-0.394294333356387,-0.115120063721233,0.0415631484801078,0.189729628286279,0.445562516960906,9944.8054424537,0.999942066500267
"L[13,3]",-0.0312953649307776,0.00248732685580163,0.216327465148794,-0.447285470856255,-0.183062583249368,-0.0312321208080417,0.117697892376847,0.389076374594763,7564.10597538278,1.00130839759808
"L[13,4]",-0.0518246447292214,0.00205034454124036,0.219164968890711,-0.477559516314509,-0.203606465817489,-0.0547009723547575,0.0950410079982376,0.386231314602484,11425.8517207162,0.999788331462932
"L[13,5]",0.0658591620523434,0.00229306600301742,0.225561355713382,-0.378065025704614,-0.0897938561101061,0.0672413345829175,0.222725770339275,0.496324711370542,9676.00939460058,1.00033846985908
"L[13,6]",0.0100156083545587,0.00200013012642522,0.223023182221058,-0.419934274199779,-0.148805087555242,0.00626552626698907,0.167084382269573,0.442664409738331,12433.2170092859,0.999638938764114
"L[13,7]",-0.00637548426704732,0.00204940738812615,0.220778105189163,-0.427334462985727,-0.161720748451998,-0.00916009739899168,0.149536040899579,0.419470235166822,11605.2742631571,0.999733585462923
"L[13,8]",0.010881001219029,0.00197777990640815,0.217880756125291,-0.409466434686612,-0.140259495067791,0.00992370642351117,0.160601664974784,0.432382348309305,12136.1749085734,0.999683951198216
"L[13,9]",0.0284339895931027,0.00221843167324432,0.225634771411686,-0.41061012745286,-0.126849097526124,0.0328482861096447,0.187357973298975,0.459474525745322,10344.7485889464,1.0000854090071
"L[13,10]",-0.00639709198183631,0.00196692323345816,0.220161699499409,-0.431005960076594,-0.157848951207438,-0.00817018154897223,0.146112813628743,0.427028685728379,12528.7781021074,0.999633110774573
"L[13,11]",-0.0023577973865307,0.00201231710636339,0.220526447863173,-0.41818036993761,-0.161089633567142,-0.00499789083981135,0.15377789130177,0.425732307699428,12009.5995394612,0.999790468933683
"L[13,12]",0.0311498966697658,0.0021785313330464,0.224346575346056,-0.407972070083711,-0.124801450451878,0.0354866910682213,0.185529437422428,0.464883466751734,10605.0145224584,1.00006615384506
"L[13,13]",0.621843367350145,0.00231370659102963,0.121833596321204,0.375818586498851,0.541313560640902,0.626547245855619,0.709467715189481,0.841251403993709,2772.7937124154,1.0010068334379
"L[13,14]",0,NA,0,0,0,0,0,0,NA,NA
"L[13,15]",0,NA,0,0,0,0,0,0,NA,NA
"L[13,16]",0,NA,0,0,0,0,0,0,NA,NA
"L[13,17]",0,NA,0,0,0,0,0,0,NA,NA
"L[13,18]",0,NA,0,0,0,0,0,0,NA,NA
"L[13,19]",0,NA,0,0,0,0,0,0,NA,NA
"L[14,1]",0.0420551789601144,0.00238515140045666,0.217836209733028,-0.384426651128429,-0.107121288116227,0.0447954075069459,0.19420000090447,0.461527887633565,8341.19435051022,0.999879659681544
"L[14,2]",0.00519335413902523,0.0034526120337436,0.225167337454953,-0.429334046027673,-0.153228925908428,0.000979873330691586,0.161877639865572,0.44364181393251,4253.19431861851,1.00018865293132
"L[14,3]",-0.0177291389813481,0.00275223159030672,0.211127295421439,-0.429340689990404,-0.161421240980972,-0.0175806200146875,0.130348209511116,0.381555119258922,5884.62534423038,1.001552937969
"L[14,4]",-0.077648999793595,0.00268080206633213,0.215138757932706,-0.485884927341799,-0.228822696344042,-0.0810835159620225,0.0705649708675856,0.344832493494035,6440.32545890617,0.999901782045229
"L[14,5]",0.0198539879137664,0.00273146678820475,0.222937970285096,-0.416451879490529,-0.134985766991882,0.0194257130470389,0.179286818818023,0.453193873063812,6661.56449618429,0.999838411151253
"L[14,6]",0.00643543573156743,0.00282352351614924,0.22537513554077,-0.428770419912015,-0.153118401796219,0.00681229936514522,0.165853440286977,0.44940156591198,6371.31655797063,0.999947579559743
"L[14,7]",-0.0045426172989304,0.00258706847987283,0.220736664426382,-0.425623080473167,-0.159457329825936,-0.00437239161326372,0.149075996113722,0.424204424708565,7280.02887463984,1.00120300341518
"L[14,8]",-0.0354770654038494,0.00276556111118122,0.218507625143781,-0.444487784696004,-0.18886990346654,-0.0382851838893464,0.117259812406344,0.392759041674294,6242.61676864609,1.00009368267093
"L[14,9]",0.00019061040167584,0.00253485766597521,0.219575024896863,-0.434543025358784,-0.151965823806261,0.000828545212844567,0.151511864284886,0.42323336137544,7503.4108079148,1.00025088899353
"L[14,10]",0.0461303813883557,0.00262683455783478,0.223149779802775,-0.396401841273406,-0.104650413060133,0.0452954630455678,0.20344019868693,0.472716154079581,7216.51440828791,0.999711841822265
"L[14,11]",-0.00719187020189967,0.00265229393519696,0.215671965024461,-0.419112093422451,-0.156067260353279,-0.00480579172226158,0.142511514148484,0.413210035747965,6612.17114633113,1.00048170963778
"L[14,12]",-0.0206170909941008,0.00282534084363419,0.226941107512561,-0.453600398283312,-0.180988280031114,-0.0215729695925835,0.136304899410793,0.419810393708425,6451.85568319972,1.0001355398338
"L[14,13]",0.0152466276622201,0.0027829347306104,0.223560639658798,-0.413998458295598,-0.138176456973954,0.0175682308536662,0.170695073559178,0.44256988830708,6453.34146681257,0.999715698429151
"L[14,14]",0.582553192995357,0.00193325048695026,0.126642736937191,0.325510561820089,0.496028975222391,0.587954416326208,0.675948130676164,0.808019399714035,4291.25496509389,1.0016596595056
"L[14,15]",0,NA,0,0,0,0,0,0,NA,NA
"L[14,16]",0,NA,0,0,0,0,0,0,NA,NA
"L[14,17]",0,NA,0,0,0,0,0,0,NA,NA
"L[14,18]",0,NA,0,0,0,0,0,0,NA,NA
"L[14,19]",0,NA,0,0,0,0,0,0,NA,NA
"L[15,1]",-0.000515759832019546,0.00259255847247016,0.213944981591067,-0.417230177032612,-0.149199625547775,0.0013981142335935,0.14921475997938,0.417277659566631,6809.99961437387,0.999808916396579
"L[15,2]",-0.0287004365912616,0.00390013375617692,0.224253441460934,-0.447452307420233,-0.184509259097803,-0.0306296857509471,0.119212221593621,0.417104942256603,3306.12469914807,1.00224228631074
"L[15,3]",-0.072237843804429,0.00238422336233837,0.207485420037892,-0.467179820831876,-0.217201442906529,-0.0752989173032721,0.0715536609088584,0.330240104896091,7573.23250522942,0.999870353097114
"L[15,4]",-0.0130347057225062,0.00276239471989682,0.213009866207001,-0.420754196782074,-0.160557304643725,-0.0152624181268343,0.136584465346868,0.407898469381644,5946.04194805128,1.00085727358086
"L[15,5]",-0.0435014649593774,0.00254087793410962,0.212677762400945,-0.449492015847801,-0.191185908293913,-0.0469531726510202,0.105095756554884,0.371693593898324,7006.10370464812,1.000153737995
"L[15,6]",0.030632088229895,0.0028294853729065,0.222294978121054,-0.402557217509621,-0.122818658721766,0.0304337925730518,0.185966546851919,0.452634331252,6172.26262832799,1.00039505916509
"L[15,7]",0.0373201529690239,0.00260492958565911,0.220793274972091,-0.399276287968492,-0.111507731003668,0.0359006645880386,0.194610219371539,0.456464368503388,7184.22137134904,1.00064108725177
"L[15,8]",-0.0196606600303539,0.0028702450797026,0.221595593897109,-0.444187679152897,-0.172490606219348,-0.0223797363811893,0.130940722724642,0.414390487850391,5960.52178221424,1.00036970506989
"L[15,9]",-0.0497266440462418,0.00280714840350185,0.223179623322348,-0.471050323799515,-0.2060664345906,-0.0526406890516916,0.0969456818180216,0.402730373468703,6320.89149065893,0.999938804272736
"L[15,10]",0.105439218950537,0.00316480688000313,0.224054463748064,-0.339591419597281,-0.0418522278122164,0.10886558422938,0.264522530571078,0.524367026403171,5012.01974398493,0.999877464820724
"L[15,11]",0.0384600872790049,0.00256007398054107,0.214428120981332,-0.38272648389126,-0.108617019973669,0.037142427600574,0.18874166697447,0.44754159276421,7015.49708505316,0.999707426532893
"L[15,12]",-0.0139400974872345,0.00257836531036015,0.221557705954535,-0.438393465001751,-0.16722059899137,-0.0170557893576691,0.136954462937096,0.42841073435693,7383.88323731843,0.999693672209608
"L[15,13]",-0.0118044379042062,0.00270190265951685,0.2224283511326,-0.435396275668985,-0.169554405359872,-0.0145831068634078,0.14312972373813,0.422698457269249,6777.05308111748,0.999994775029185
"L[15,14]",0.0784955666472232,0.00257436063297231,0.216270208155693,-0.351227738366635,-0.0705761576963527,0.0823244598413506,0.231521847212323,0.486417485477123,7057.56075250774,1.00018391730708
"L[15,15]",0.531400361019945,0.00206993157322418,0.130391464327658,0.279401562425668,0.440208554830194,0.533309187798669,0.623098078892616,0.775704382230615,3968.1341620962,1.00148325431556
"L[15,16]",0,NA,0,0,0,0,0,0,NA,NA
"L[15,17]",0,NA,0,0,0,0,0,0,NA,NA
"L[15,18]",0,NA,0,0,0,0,0,0,NA,NA
"L[15,19]",0,NA,0,0,0,0,0,0,NA,NA
"L[16,1]",-0.0063175182139357,0.00211918059303016,0.215181113221901,-0.435373870955348,-0.151294711660688,-0.0111710926095287,0.144093989077062,0.408973081480239,10310.3251999505,0.999947553599685
"L[16,2]",-0.000400513249594366,0.00229547000409321,0.219390221820715,-0.436815819722283,-0.151414992437302,0.00145709185794095,0.151781605324328,0.419711370756066,9134.63693238436,0.999688099998112
"L[16,3]",-0.0820241828238266,0.00208582288029075,0.20768550316105,-0.48078927446937,-0.224431209314508,-0.0862198937309121,0.0600704788422999,0.335955622228825,9914.1962584871,0.999747883730671
"L[16,4]",0.061157893100072,0.00237377858946826,0.217395443887107,-0.36663403359038,-0.0878083725269225,0.0655780617848182,0.20873217860623,0.476182986633048,8387.26682176488,0.999955230646243
"L[16,5]",-0.0220576328659126,0.00281500627198423,0.222123905863006,-0.463797303327599,-0.173252274758485,-0.0215427847996345,0.132051099760402,0.409716462117073,6226.32619544494,1.00106415012362
"L[16,6]",0.0413102965244238,0.00206995463659624,0.224375036118154,-0.392059419565086,-0.112305169135358,0.0462294584585536,0.19610196536798,0.474548947523101,11749.7172532658,0.999752653591069
"L[16,7]",0.0436636082430472,0.00215520750681708,0.22198030205006,-0.391520057489751,-0.108324991708601,0.0450445430988005,0.19689002016395,0.470214364501479,10608.4197123821,1.00035271169162
"L[16,8]",0.00655526768970229,0.00232023621976057,0.222143090567855,-0.426034860993094,-0.145961814067783,0.00513054523033642,0.160016852980981,0.444787587583907,9166.45087660796,1.0003596322348
"L[16,9]",-0.046024845405763,0.00234775654815894,0.222723543628391,-0.473848514482817,-0.199080070747519,-0.0487273246095516,0.109070328159567,0.389999308266508,8999.66066550809,0.999712109686656
"L[16,10]",-0.0376135782101701,0.00202774980546976,0.217654791270865,-0.456907390248567,-0.189465975053069,-0.0382282559175274,0.11495307745214,0.384085133094519,11521.4655811381,0.999598955163727
"L[16,11]",-0.0486197327578908,0.00203865810842482,0.220222829658632,-0.467978838936559,-0.197362190201236,-0.0548048392359782,0.106600118729722,0.387626721362195,11669.0601773225,1.00007345459376
"L[16,12]",-0.00637427678057774,0.00250347727113191,0.223919467347367,-0.434067168644045,-0.161139686202571,-0.00682222509422532,0.144825067806794,0.432239921433143,8000.11811607993,1.00065151815599
"L[16,13]",-0.00550267780648305,0.0023372899683566,0.221757102578584,-0.435794451118624,-0.158226169543116,-0.00459089250389891,0.144826447407358,0.434193464321435,9001.81093086922,0.99992775056806
"L[16,14]",-0.019716106252489,0.00221255974697647,0.221602694744288,-0.447383867212934,-0.17545772336825,-0.0227116046791372,0.133954034877215,0.415277615031281,10031.3656353572,0.999757484255711
"L[16,15]",-0.0132974273858607,0.00249334923473184,0.222262756557277,-0.438012874436706,-0.168944011700183,-0.0119483097754117,0.138635922996003,0.417585581910888,7946.34043027679,0.999904592172576
"L[16,16]",0.484760353338677,0.0021015736375725,0.132208051681311,0.231084758218331,0.392845111982755,0.483739738731955,0.577678982445932,0.738130461056322,3957.55160344011,1.00020737270115
"L[16,17]",0,NA,0,0,0,0,0,0,NA,NA
"L[16,18]",0,NA,0,0,0,0,0,0,NA,NA
"L[16,19]",0,NA,0,0,0,0,0,0,NA,NA
"L[17,1]",0.047465264742327,0.00215540070393027,0.217919734657694,-0.386461142493186,-0.10102043330169,0.0513055965677721,0.200018828749104,0.463766381452065,10222.0283745373,0.999780812865795
"L[17,2]",0.0298142386276675,0.00214076442465137,0.21708295735771,-0.394606449433099,-0.119355931447498,0.0259289089969194,0.17951120629184,0.443350608524025,10282.854739474,0.999784300466521
"L[17,3]",-0.0679887799437742,0.00217977722042154,0.209330612007884,-0.467735329386398,-0.215805511269164,-0.0703582412964189,0.0763263422268166,0.341382644418338,9222.34292198438,0.999857536647873
"L[17,4]",0.0311972398938477,0.002264608423659,0.220861976780137,-0.396583064790925,-0.122913768192115,0.0314581309928893,0.18664456297367,0.45745180621108,9511.64587801874,0.999909153463587
"L[17,5]",-0.00619658123746413,0.00256296214968566,0.222729105338364,-0.440006658561873,-0.160857828562421,-0.00669723950083423,0.15006450954547,0.421579112913298,7552.13179176076,0.999612237712224
"L[17,6]",-0.00480542290185058,0.0021788236434968,0.221672524654309,-0.433179691667348,-0.156723438184248,-0.00869430736235225,0.150070120658289,0.426242315589223,10350.9348794968,0.999647558615828
"L[17,7]",0.0326265822194636,0.00244110627389248,0.220498338793588,-0.399766388137099,-0.120699311086481,0.0369564113224219,0.182965101694122,0.45341352415494,8159.00632868029,0.999861104910726
"L[17,8]",0.0259505933844907,0.00226025961184885,0.222062334848463,-0.403419540143157,-0.131300867466748,0.0289483372044568,0.184276022395196,0.451269598622982,9652.35206323073,0.999760322604661
"L[17,9]",-0.00702855422356258,0.00210792587549252,0.222727748065633,-0.435055865075053,-0.159071216138676,-0.0101390420697489,0.146247613070777,0.431642661253456,11164.4666861652,0.999763972005975
"L[17,10]",-0.00660385724747561,0.00226283509718313,0.226895859612609,-0.44560279638431,-0.164462820213118,-0.00775580257842465,0.150856539825318,0.435864354209874,10054.1955921238,0.999992121113557
"L[17,11]",-0.046968723380205,0.00222393146265226,0.219124981033096,-0.475290662164022,-0.200201332030428,-0.0462925817355834,0.103124322609187,0.386435818405979,9708.25075116972,1.00035978086918
"L[17,12]",0.0125633645214202,0.00235790482631642,0.225465560928322,-0.42676450464413,-0.144066201948096,0.0113189220277688,0.170257251181875,0.44516875671377,9143.40350371425,0.999765170427965
"L[17,13]",-0.00839927250231456,0.00234343765210311,0.223753133856109,-0.43878181596078,-0.162990201233367,-0.0100457157281267,0.147606305881619,0.422914838376827,9116.56948547156,0.999945497366003
"L[17,14]",0.0174412542786827,0.00218627755000739,0.214705389395566,-0.405463215330568,-0.131141924439035,0.0174406738800152,0.17017832230365,0.426135441909737,9644.40193442127,0.999775690288394
"L[17,15]",-0.00300572626520827,0.00225491169624658,0.22093102191081,-0.430615045249436,-0.1587909473052,-0.00450061311933124,0.152010546776931,0.423185447055322,9599.62623943033,0.999865704876285
"L[17,16]",0.0320608762131905,0.00233244823003661,0.226104481162987,-0.411556653025585,-0.125950734213013,0.0337561336140006,0.189712807919288,0.468567481695219,9397.11005534065,0.999940548520051
"L[17,17]",0.432227486023546,0.00218647569861024,0.137639717003603,0.172104489627085,0.332751895169497,0.430665381287151,0.52854393177073,0.699089198419892,3962.76421444528,1.00071067888999
"L[17,18]",0,NA,0,0,0,0,0,0,NA,NA
"L[17,19]",0,NA,0,0,0,0,0,0,NA,NA
"L[18,1]",-0.0106911891680311,0.00205714576305288,0.218236267234453,-0.439186017838378,-0.161374519886352,-0.00812613819769997,0.136726880037162,0.415531191769076,11254.4355482151,0.999714768627871
"L[18,2]",-0.025116323120312,0.00207779179565304,0.22338511386579,-0.456099218215061,-0.179381309171189,-0.0241590226431181,0.129159218421531,0.409901563550231,11558.5778788961,1.00020493441997
"L[18,3]",0.0515902113156567,0.00201582091927973,0.21393264320012,-0.367304486219061,-0.097010030796078,0.0514911333171111,0.200781599431875,0.461229080102261,11262.8997487289,1.00003055077546
"L[18,4]",0.0536945483868821,0.00204769613585575,0.219254113169981,-0.379337391445051,-0.0959884389491993,0.0567929619752569,0.205383409184413,0.475940194326355,11464.7470529645,0.999969020360619
"L[18,5]",0.0248699349064971,0.00195142112571269,0.226294569050981,-0.415163806436278,-0.133418359433001,0.0266648166066801,0.181452117965099,0.464121254698061,13447.6456863623,0.999651256372495
"L[18,6]",0.0189216915289463,0.00199560422063232,0.222982301831932,-0.415474012092619,-0.14068152522006,0.0177474623639007,0.175709623437386,0.447779355734414,12485.0981574491,0.999943623741663
"L[18,7]",0.0245719537062882,0.00369445029305186,0.226248851877512,-0.402932857828475,-0.133269393907579,0.0226168202240448,0.177396502237107,0.45940637483201,3750.36133488954,1.00031497039856
"L[18,8]",0.00433612814226511,0.00209238137850322,0.220308147452647,-0.418300148819501,-0.149289874004028,0.00334509345622108,0.160078610032818,0.430881866667925,11086.116152865,0.999536328854533
"L[18,9]",0.00319111628770096,0.00220241432588282,0.224934779996975,-0.428717414020927,-0.154919127325367,0.0044865581839355,0.159650485123692,0.436594758750546,10430.7413910285,0.999642266732398
"L[18,10]",-0.0195241222838795,0.00205691289570709,0.223812532537357,-0.450493338020286,-0.174696940946888,-0.0221230607450487,0.136617115266489,0.415653076136094,11839.599209722,0.999753300723286
"L[18,11]",-0.00721049143300659,0.0020661905980764,0.219312717276253,-0.424084545999023,-0.160217657422917,-0.00735127970177324,0.141786031936665,0.421593301017813,11266.4441877829,0.999849480398112
"L[18,12]",0.00982280854723711,0.00220075565745134,0.223348234593997,-0.422256095449337,-0.145925536672827,0.0122052336673083,0.165259840317861,0.437430028488316,10299.6245594188,1.00010252875928
"L[18,13]",-0.00594922316706745,0.00223215238114178,0.225961117144125,-0.445290451330241,-0.162756725106198,-0.00500858632794064,0.154314282768774,0.423487914464045,10247.542976807,0.999659039958746
"L[18,14]",-0.0533136501324488,0.00238166432031883,0.221810666962895,-0.475545211251578,-0.209667588348325,-0.0536363964654251,0.0961611461887406,0.389939227957797,8673.68716445051,1.00035028272419
"L[18,15]",-0.0144967218550406,0.00221038293135703,0.220950192699029,-0.444522600002686,-0.171166768236887,-0.0120686231101553,0.144040928556828,0.406551811801174,9992.03007966729,0.99985885783467
"L[18,16]",0.0138182025647375,0.00237403364261187,0.223221190960228,-0.409547578391906,-0.142308499165431,0.0107728446794528,0.174749243641314,0.440112881594535,8840.91273112288,0.999917692516928
"L[18,17]",-0.00909985394553575,0.00210061030902159,0.221782902358884,-0.44282118351323,-0.160059125585111,-0.0116639162528636,0.144681539768203,0.427048922226284,11147.1832370479,0.999901361816143
"L[18,18]",0.360550758064151,0.00244186109488979,0.139767669471995,0.110035151766983,0.257827930632217,0.353119925904955,0.459737102322712,0.638926250025686,3276.20852717158,1.00093090658764
"L[18,19]",0,NA,0,0,0,0,0,0,NA,NA
"L[19,1]",-0.0649541888839721,0.00245451213988551,0.217297376538219,-0.482144160548939,-0.216401636585804,-0.067811852254855,0.0834099975765545,0.358051063709538,7837.5188296078,0.999823961876799
"L[19,2]",-0.054512137331031,0.00222007520632278,0.214204396685636,-0.463533169117993,-0.204681541514785,-0.0594760087053042,0.0935412848678648,0.364280951329248,9309.39350512963,1.00014699747982
"L[19,3]",0.133228340594063,0.0021960009864911,0.209239264258166,-0.296071785543137,-0.0083915019516849,0.141171156416811,0.283198104812284,0.512593046783348,9078.65069552318,0.999776632167908
"L[19,4]",0.0761530163766111,0.00247685306760709,0.215335542030858,-0.352599902556387,-0.0731692583790185,0.079895358841413,0.230681894711067,0.48161406388359,7558.41872718284,0.999855535126563
"L[19,5]",0.0296559980250992,0.00207862280888282,0.217748429488879,-0.395794019013533,-0.122356378972268,0.0295423447428493,0.177896335825639,0.455242651847142,10973.8415615978,0.999554474741845
"L[19,6]",-0.0108772195389615,0.00225450259965445,0.221746615171983,-0.442111771777696,-0.164495058670129,-0.00700372972827812,0.145017645044553,0.4104402440147,9674.14333578964,0.999984717678394
"L[19,7]",-0.0466991914964358,0.00231793749348557,0.219867291674743,-0.473998692924046,-0.199475224757909,-0.0438649219653452,0.107686632397253,0.379554262171187,8997.41624915438,0.999995590453335
"L[19,8]",-0.0306840791042238,0.00265095049043148,0.220692062363347,-0.455047928805932,-0.185626257434333,-0.0328293988758487,0.121346656636173,0.417586703822904,6930.58976074532,0.999820831014405
"L[19,9]",-0.0235509087988535,0.00223447183013077,0.221155449221699,-0.454931548361209,-0.176726673103052,-0.0235455379802363,0.129507221328316,0.406413708275288,9795.92658589669,1.00020747624115
"L[19,10]",0.0395627816342523,0.00232088758025935,0.219383498460567,-0.39566767053334,-0.109832558674855,0.0400959046340291,0.195053871928234,0.459664975325753,8935.10594975627,1.00001977179677
"L[19,11]",0.00834099626823727,0.00240173572082904,0.217264934676482,-0.406598393045626,-0.144161929103273,0.00706382206202774,0.159087995558441,0.430010697575433,8183.30699499647,0.999639533039827
"L[19,12]",-0.00941654499683261,0.00233467474139952,0.223158837808787,-0.437723637464962,-0.168281731017975,-0.00969718306926462,0.147500389764375,0.415388119579112,9136.40646529136,1.00003789150498
"L[19,13]",-0.00166887152062423,0.00230927269558582,0.223889386190592,-0.436542882249448,-0.160280487911294,-0.00391357333994243,0.151543425724698,0.436947167733474,9399.75578270434,0.999862925836745
"L[19,14]",0.00622906831793799,0.00229905613815543,0.218619947600034,-0.424313359763368,-0.147215538533139,0.00699640471374379,0.159990480537749,0.424287561769106,9042.33140007328,1.00009485149807
"L[19,15]",0.0409614898826062,0.00230223318824436,0.216156619511225,-0.382098920410495,-0.10359300638911,0.0408202562494439,0.188069763271921,0.459491545324471,8815.32765205243,1.00000180846448
"L[19,16]",0.00679083487599994,0.00234192538981447,0.221000977202413,-0.420802408080937,-0.146286380280578,0.010003264057948,0.163333721931352,0.430885171919268,8905.17130133491,1.00023711571277
"L[19,17]",-0.0205577318555431,0.00305648841046432,0.22250902072886,-0.449318800857171,-0.171413128612934,-0.0180604462489143,0.128530093941135,0.418179784211782,5299.6811075708,0.999778259149463
"L[19,18]",0.0135853306870519,0.00262207567586553,0.223331163889814,-0.41802279287069,-0.1421150797989,0.015747010170551,0.173041050015063,0.433810886648471,7254.51219416409,1.00015063909795
"L[19,19]",0.278603327746655,0.00213692531475768,0.138488725841252,0.0497423427414984,0.172298271943537,0.267169845050983,0.371308773791667,0.569361852780428,4200.0083262832,1.0005692480989
"eps[1,1]",0.497991566927145,0.0103293022668772,0.942463397132843,-1.34976132608621,-0.144309876478082,0.507108999132195,1.15139658234822,2.3248787722781,8325.05309217139,1.00058661160273
"eps[1,2]",0.0291602937905081,0.00978077556807553,0.971280265790088,-1.85179036028636,-0.622861455572842,0.032990513798903,0.680617436939082,1.92475399254383,9861.49009159284,0.999767825052749
"eps[1,3]",-0.033671379850945,0.0140968791072994,0.983834066956593,-1.94228505135235,-0.699630142295709,-0.0500707070887707,0.636556928672045,1.86048428431755,4870.77157309408,1.00084230805657
"eps[1,4]",-0.0017519534610846,0.0102902967704918,0.992249660503983,-1.94593030854095,-0.697298440420329,0.0200322745080631,0.673646645987066,1.94057327343802,9297.92670025644,1.00010979153523
"eps[1,5]",0.0402523643342978,0.00933888204855655,0.97363395550273,-1.93126445451736,-0.60760253634973,0.0483802358360738,0.687615419014467,1.95279363158778,10869.3016723583,1.00002473483405
"eps[1,6]",0.119217784251421,0.0091946666091894,0.944095729918443,-1.69552882161312,-0.515070786077767,0.117839107951962,0.768199713950607,1.96314801567573,10542.9001469901,0.999616989712653
"eps[1,7]",0.191670149675239,0.0100432411329119,0.938336660363697,-1.67397501057214,-0.448030679513879,0.203704263583484,0.824313909103327,2.01233520586861,8729.1024099522,1.0000651871387
"eps[1,8]",-0.0310123245951519,0.00973456826350398,0.998288005526099,-1.9884135160112,-0.709476347168792,-0.0376560562803795,0.632437672218332,1.94766185326915,10516.671688901,0.999930621742609
"eps[1,9]",0.0691486022799506,0.0099819920485844,0.94111182008261,-1.74235382802858,-0.578830318988605,0.0745302259732753,0.709285263510599,1.91127278143437,8888.89992911841,0.999707214904159
"eps[1,10]",0.00441899116271181,0.00880795798422383,0.967434502073909,-1.87862341951962,-0.651192883186483,0.00767471357904507,0.652309059636849,1.91164698276224,12064.0374020316,0.999828288201601
"eps[1,11]",-0.460242858772973,0.0107981897154861,0.970623533279598,-2.30587917386078,-1.11856098070314,-0.468226466133031,0.202872799097668,1.48237874586129,8079.78355409643,1.00114684411313
"eps[1,12]",-0.10895406129165,0.00932274499002529,0.94748264088045,-1.98061530435596,-0.725558616743806,-0.114399478791102,0.521240639611658,1.74547323870087,10328.9200054108,0.999591879814729
"eps[1,13]",-0.084058802824728,0.00812971927883517,0.960025774106093,-1.94106285992661,-0.732843625578284,-0.0914442170594063,0.571739084142662,1.77374406613926,13944.8769549626,0.999866778256773
"eps[1,14]",0.273849986434214,0.0104500369618843,0.958863328883252,-1.62148196677912,-0.368400241784468,0.280701700029609,0.939250125271206,2.07042990409769,8419.33453447657,0.999932339298834
"eps[1,15]",-0.0824613455688575,0.00799316097904296,0.957837499520706,-1.99536251587738,-0.723562515944945,-0.0794932467213231,0.555203575792149,1.84133898123377,14359.7391995085,0.999689873159743
"eps[1,16]",-0.0375328600927067,0.00820139608286279,0.960889138240492,-1.93355472084911,-0.693727135432101,-0.0354234856121141,0.626341006693716,1.84316861226947,13726.8533983896,0.999752172461623
"eps[1,17]",0.0292044306580663,0.00938196046585914,0.990998185072571,-1.90392277868179,-0.644870984723869,0.0410452135963677,0.706517778005482,1.94188516726883,11157.284854184,0.999748555064412
"eps[1,18]",0.113658071286891,0.00974953204794759,0.987207234029533,-1.80299439736365,-0.557739260050255,0.114644459357491,0.781305414466575,2.05107453040868,10252.9565240763,0.999837108719371
"eps[1,19]",-0.0796931504435421,0.00842605047114305,0.99735494987181,-2.04523804295353,-0.753859850388056,-0.0741658527089779,0.59599095699372,1.88368015632411,14010.427350592,0.999666742115699
"eps[2,1]",0.425998495646829,0.00985573906600906,0.911828079104581,-1.3810058877833,-0.190597096601153,0.42416490674532,1.04533003684272,2.1991857211836,8559.48292614417,0.999794713440969
"eps[2,2]",-0.00321365887838417,0.00879327906291118,0.966664127970369,-1.89760828295819,-0.647995907679681,0.000288890582059175,0.66448165533219,1.89911867763566,12085.0789796888,0.999985475057647
"eps[2,3]",-0.00972598353674687,0.0101283928112232,0.948267393609148,-1.8506729677251,-0.647653671719864,-0.0175693197763935,0.634588456200593,1.81774581559156,8765.57807513633,1.00043795131292
"eps[2,4]",-0.0278395826811606,0.00964207343256486,0.961212849928109,-1.9407335463394,-0.686063116065147,-0.0171341235380903,0.631346687274561,1.83167048586001,9937.98339286984,1.00041091167328
"eps[2,5]",0.0256013865645603,0.00993891546060026,0.982928338771771,-1.90134263873445,-0.637892712775854,0.0305351975365181,0.701787730940343,1.88891359651611,9780.60499609011,0.999720828808474
"eps[2,6]",0.167471109831623,0.00939280879672745,0.945939306183722,-1.7358791069473,-0.456065778508401,0.167087152533544,0.799152650278975,1.99864735541599,10142.2796304613,1.00056463017798
"eps[2,7]",-0.175493234652062,0.00940412330060619,0.925611999050454,-1.97272191062364,-0.803955182892921,-0.178211706354662,0.444534628943763,1.64872936447831,9687.71429769822,0.99974982342616
"eps[2,8]",0.00974612435301854,0.00828092640510242,0.936005549268862,-1.83378452283027,-0.609770948886133,0.00506178002709105,0.63119698819683,1.85259596013894,12776.120437515,0.99989626356435
"eps[2,9]",0.166496258691911,0.00922531018497974,0.940690963917752,-1.70256384437295,-0.462287456775977,0.157332905168729,0.812022493078097,2.03823006380161,10397.5732750509,1.00006666204903
"eps[2,10]",-0.0487256079033708,0.00881414360834138,0.957570452708929,-1.90226785765773,-0.700262580308671,-0.0482630828867461,0.605896627183205,1.8002663699869,11802.6962180668,1.00003043503099
"eps[2,11]",0.0455789129473456,0.00896506753046149,0.963478747465031,-1.85474306213407,-0.604591698288323,0.0494851551760312,0.685717564018994,1.90653620959307,11549.8713866222,1.00020473756598
"eps[2,12]",0.0396747323218755,0.00962603353298523,0.963292101798999,-1.88097778349678,-0.594853280375713,0.0437827481814804,0.674257281767707,1.91916362284336,10014.31524002,0.999890257281119
"eps[2,13]",0.0931554249497287,0.00919405155734203,0.955923986994754,-1.78389156509187,-0.543544455232668,0.0916783567642504,0.734661717678861,1.94946348002305,10810.1781065379,1.00010692416227
"eps[2,14]",0.00830654589348284,0.00852531908430634,0.91472602621151,-1.77794504932684,-0.606931522424001,0.0162109541815956,0.628739311181277,1.83175469432833,11512.2652288662,0.999602942091668
"eps[2,15]",-0.199831467002663,0.00939363751854101,0.941905175774607,-2.04392207038361,-0.841590446347679,-0.191658384073111,0.433995664243115,1.62271534559551,10054.1826697755,0.999767785933576
"eps[2,16]",-0.0610578941278782,0.00884681330703046,0.954116282301496,-1.93502084705338,-0.699534161253361,-0.0648705099318133,0.574375267098051,1.84426275749616,11631.3169300249,0.999619411995466
"eps[2,17]",-0.0416745967292479,0.00964029265858611,0.98720317199375,-1.97575222547108,-0.717064073111989,-0.0278791933341021,0.627005207930371,1.90209834833069,10486.5503777172,1.0003194361367
"eps[2,18]",-0.0406060047554603,0.00958122105403281,0.976859071078753,-1.91198496046192,-0.702390650413269,-0.0429644931184353,0.617641207500605,1.85807701971359,10394.9428769582,1.00040742757926
"eps[2,19]",-0.0670338967393227,0.00867014597827626,0.990881529269227,-2.00363971566943,-0.74190360036005,-0.0646514600460229,0.603417874933208,1.85667242483282,13061.427569862,0.999752461516805
"eps[3,1]",-0.0182441220683654,0.0114174291595935,0.925010486066153,-1.79907368070842,-0.646392796662362,-0.0301218904678317,0.58128113342388,1.82196565980234,6563.81996664403,1.00073792824076
"eps[3,2]",-0.0932681922371766,0.010586288052303,1.01872355501405,-2.06107319653647,-0.783159571038112,-0.0899717239296427,0.589053120336235,1.89656242208588,9260.30481421101,0.999724772019049
"eps[3,3]",0.794955949082018,0.0136826035722164,1.05955183871386,-1.30598261807557,0.0656535185671625,0.806654634722745,1.5278847023892,2.80340309045828,5996.62554414884,1.00030437546841
"eps[3,4]",-0.0433150782529698,0.0103820955201967,1.01737229661112,-1.98689977794278,-0.73776134223858,-0.045072707491459,0.645130942484388,1.96064464871832,9602.6206925243,0.999734447432102
"eps[3,5]",-0.039466018371592,0.00962620711586933,0.98249211713763,-1.97849267893786,-0.693902492670553,-0.0325819462904638,0.627536760704272,1.88981034046879,10417.1218901041,0.999823958967343
"eps[3,6]",0.0777536023696044,0.0088584830916716,0.935644701560231,-1.7535478709786,-0.546903703624979,0.0808222855772552,0.711483462351878,1.89841273114879,11155.8638161061,0.999789341193428
"eps[3,7]",0.109773894903788,0.0102911717739429,0.953678637720012,-1.77378526915658,-0.529542744183137,0.125538601470981,0.743146535725038,1.94622243854284,8587.65234903549,1.00120715019818
"eps[3,8]",0.0277028496777099,0.0115649830926353,0.989025842529316,-1.93785134997783,-0.632270200985429,0.0159369847915591,0.698463954656635,1.97765645767016,7313.50015119586,1.00010751834664
"eps[3,9]",0.122979362052849,0.00906946463491465,0.937892654239044,-1.72944305582647,-0.499367076114515,0.136106990515086,0.743964691885246,1.94693988475261,10694.0685942586,0.999844430913353
"eps[3,10]",-0.0270088145505126,0.0092631942881635,0.993251705783322,-1.96554749259039,-0.703343686146251,-0.0288499983858354,0.648386066358309,1.88977949290536,11497.3325438566,0.999744774320718
"eps[3,11]",0.654641942318508,0.0127135013993836,0.983813397678071,-1.29759304371704,-0.00558798519534501,0.660296944095801,1.32209059903902,2.55041493577589,5988.18369918539,1.00143281237409
"eps[3,12]",0.0766127812866407,0.00977577612197852,0.977516291183783,-1.81867814301036,-0.575097647282428,0.0797318111566514,0.751315817001196,1.95481096680521,9998.74548905281,0.999833426625458
"eps[3,13]",-0.136727038538206,0.00851875897019141,0.986715715930946,-2.01508107200351,-0.800421542940861,-0.129674153105582,0.511714242816716,1.81034086488473,13416.2588856575,0.999718315783025
"eps[3,14]",-0.196221469504711,0.00958128321975617,0.921387619838428,-2.01048430832444,-0.817925397112352,-0.197872094854677,0.424429533182342,1.62473175877344,9247.77786403457,0.999722032012273
"eps[3,15]",-0.200262102130192,0.0085359482715815,0.960317247307435,-2.09264458753845,-0.842140651195648,-0.198753121426981,0.43712216452467,1.70304740242673,12656.8580264236,0.999855762471071
"eps[3,16]",-0.272112525354141,0.00849784189867681,0.96939811029187,-2.13595948576177,-0.940874823097052,-0.277230919237669,0.374769460054359,1.59993903035925,13013.2880765541,1.00021307599248
"eps[3,17]",-0.04321067097871,0.00874367790623429,0.980062836790313,-2.01651388065725,-0.696375748093306,-0.0409509209290104,0.613308919241759,1.88894623738516,12563.7573722258,1.0000122763115
"eps[3,18]",0.0744496233051421,0.00929507576607229,0.992302908433809,-1.87174390372037,-0.587156685596654,0.0602330395793825,0.748945299576556,2.01233327715551,11396.7929999577,1.00041775020863
"eps[3,19]",-0.160872867132909,0.00838597878430169,0.999305607327879,-2.0897204257446,-0.831149565877382,-0.162081315206292,0.504444696510197,1.84730910520899,14200.0256867603,0.9996799048124
"eps[4,1]",0.0849878419149797,0.0127106076796666,0.918906418786678,-1.73858653794508,-0.539047849896476,0.0886947522480331,0.696769631181664,1.88729319057685,5226.48781271065,1.00008548063751
"eps[4,2]",-0.0816087592491656,0.0106925129034063,0.994869049973813,-2.00060621617206,-0.74835791036396,-0.0788243022690109,0.575532371479117,1.88851298638342,8657.09681927276,1.00076020149939
"eps[4,3]",0.773211853330556,0.00902118065989474,0.861257608247244,-0.932839571433272,0.20509556924842,0.782638429593648,1.35342868112004,2.45168415083468,9114.63711400094,0.999872709238345
"eps[4,4]",0.110979877330417,0.010569821138055,0.986593863839047,-1.89314410363029,-0.551047262447939,0.111828443905768,0.792395585305043,1.99563936808564,8712.47497189043,1.00006773105366
"eps[4,5]",0.0261445257352765,0.0100708654153322,0.997597737163259,-1.93468802949732,-0.651853515176002,0.0331908976409341,0.702003666287797,1.99411608674197,9812.44705279401,0.999773504917054
"eps[4,6]",-0.0195979820549237,0.00923706340391805,0.966718927651871,-1.92809791572228,-0.680225977441049,-0.0164437936599564,0.623580474945767,1.90423836100979,10952.9875587123,1.00045059744847
"eps[4,7]",-0.344432873720045,0.00955223108423237,0.958542685995335,-2.19443629371413,-0.992817086932226,-0.350204652993451,0.290763688863115,1.55338902234325,10069.6244807486,1.00032319577494
"eps[4,8]",0.037566812731685,0.0118539161575659,1.01844372848063,-1.92923712087851,-0.660772092959531,0.0495234180484988,0.722020701555257,2.02377311585722,7381.59772921034,1.00013991084461
"eps[4,9]",0.237833835752295,0.00956754437521619,0.948375847791621,-1.63434409034358,-0.390970672720389,0.245725530361322,0.876948932117865,2.09310152764432,9825.62081819535,0.999740101279648
"eps[4,10]",-0.136095345488177,0.00953366922213806,1.00081037730945,-2.04460222892583,-0.822924573269542,-0.140160186337664,0.538878404862448,1.8270135619367,11020.0468379934,0.999607579410673
"eps[4,11]",0.000947304585430843,0.00920028237367844,0.968719786526027,-1.89469612350463,-0.651275142418639,-0.00686217736731231,0.643010711372955,1.90325100764616,11086.4889192127,0.999772529136008
"eps[4,12]",0.0894433246435238,0.00992989596429605,0.988149149142311,-1.87755139187713,-0.568164545472712,0.0991872550757637,0.766190127759747,1.98752284409126,9902.74521237187,0.999716150763158
"eps[4,13]",-0.127875726430634,0.0107887998592766,1.0100386262237,-2.09100639384641,-0.818215024582671,-0.122234541282511,0.564074530786476,1.82948510644053,8764.5513882348,1.00006443699428
"eps[4,14]",-0.54230240452378,0.00871755584877713,0.942416319109564,-2.39196177095677,-1.18204869804334,-0.546213001152105,0.0959888493016059,1.30163610527632,11686.8136467327,1.00013863889556
"eps[4,15]",-0.559076940132177,0.00863052140240648,0.968593121813959,-2.43389160589077,-1.2210899068671,-0.567575040093607,0.0904093645655341,1.35013988835302,12595.3051475327,1.00017934890545
"eps[4,16]",0.0297016668823197,0.010690291405467,0.96501009298838,-1.8529631592214,-0.610808709790118,0.0316492591648536,0.677420269904083,1.89168858159712,8148.63047375229,0.999973035497264
"eps[4,17]",-0.0543837966685618,0.00887748880009457,0.977537740151027,-1.93455986318975,-0.717811415171426,-0.0587189752277534,0.594299189671433,1.86943054534067,12125.1410832714,0.999965827743103
"eps[4,18]",0.043694313413909,0.00826328540662859,0.96834183129182,-1.85643709829417,-0.611291591228416,0.0590098137508028,0.692330467483705,1.939436523561,13732.5718594358,0.999857969514989
"eps[4,19]",0.0261382835623331,0.00786636609032864,0.98479247199595,-1.88496692521157,-0.646464881840717,0.0337140186332962,0.691214407370658,1.95228087526592,15672.6029778847,0.99972101955584
"eps[5,1]",0.0646367878240367,0.0103434735596629,0.913613908413859,-1.74118728779305,-0.541735670894816,0.0798912795417062,0.672844769906361,1.87237853613545,7801.76002396425,0.99971838301081
"eps[5,2]",-0.0599334777856416,0.0146276911465787,1.01795458400424,-2.0467582711725,-0.753874355735451,-0.060171563078023,0.626991188727379,1.91972715980474,4842.89709449742,1.00087568863566
"eps[5,3]",0.546099703525645,0.00846695065272884,0.844948234822201,-1.09902429130475,-0.0361635677512927,0.562616418175117,1.12418958781933,2.17398841671159,9958.78023706517,0.999798990795014
"eps[5,4]",0.171926481902064,0.00987798270526598,1.01316494273761,-1.82718371242631,-0.52057215782452,0.168333691504239,0.858470150794582,2.15856581501575,10520.1948861601,0.999917978469551
"eps[5,5]",0.238184919183402,0.00930372068290495,0.938219125383612,-1.61598361200905,-0.39887958785568,0.242141836302712,0.875674436079238,2.08866531465395,10169.3978068061,0.999624894513913
"eps[5,6]",-0.393055127124785,0.00939176209122817,0.981216517160999,-2.31153484654537,-1.05896330244454,-0.385090011117834,0.251498701839139,1.54822899237657,10915.2964471551,0.999807233170264
"eps[5,7]",0.186473998563828,0.00889551625680753,0.966211162239311,-1.74321821190621,-0.452869108566362,0.192567346183556,0.833414237945283,2.08189141669706,11797.8205318575,0.999880969846195
"eps[5,8]",0.0351007852129533,0.0108827363608414,1.00301366759688,-1.91872207550938,-0.646394742715061,0.0221313104127556,0.712440957522431,2.01475928777527,8494.49344080457,1.00004937205671
"eps[5,9]",0.164503631426555,0.00970988019484214,0.943792862014568,-1.67086063273272,-0.47485467054139,0.172225131613054,0.806443587776288,2.04250562374196,9447.68998592864,0.999664141092162
"eps[5,10]",-0.0873155306534843,0.0103729830581935,1.02662230268614,-2.1189537828389,-0.791998548911769,-0.0840970165246569,0.622261347374297,1.87423186772087,9795.21679158612,1.00010629323368
"eps[5,11]",-0.399636379505952,0.00957809420705878,0.922084149945107,-2.14629155748491,-1.03266249035969,-0.409809681838454,0.206307019560989,1.48084337786601,9267.93341686951,0.999864625317476
"eps[5,12]",0.10488500771697,0.0103655156364193,1.00095278730256,-1.88383909797983,-0.56265740800554,0.103752001084817,0.766581224960928,2.08792594856176,9324.92536148894,1.00011232347269
"eps[5,13]",-0.154511871027335,0.00936162952986552,0.997388237156888,-2.13799355963585,-0.821628350058842,-0.149944619047782,0.50967748109827,1.79923917335497,11350.776767771,1.00004055049204
"eps[5,14]",-0.738638216708325,0.00851070130221604,0.936827200201693,-2.55177176522844,-1.36137401368951,-0.750810482851253,-0.107757294382508,1.10956314071123,12116.80968204,1.00005316964098
"eps[5,15]",-0.182486067021062,0.00922115932298042,0.959200900191231,-2.05837318415503,-0.837420629833726,-0.179149207631087,0.476260287403037,1.65761205161433,10820.5192926189,1.00053170155694
"eps[5,16]",0.0132740624983828,0.0094657676749667,0.982628557474276,-1.86088344042621,-0.674612301928294,0.0267051746359907,0.692310279350883,1.87527066893217,10776.2356815183,0.999579592012652
"eps[5,17]",0.22806251818057,0.00861189598882702,0.997192959157572,-1.75007452544323,-0.436631218162837,0.230358133238915,0.89429442678634,2.1708148207859,13407.9028645506,0.999827816574267
"eps[5,18]",0.155721732722731,0.00914010438833753,0.99867096449083,-1.79275209350169,-0.525345497647249,0.157971833737764,0.829051347083739,2.12316236491415,11938.301288202,0.999581141300622
"eps[5,19]",0.00897103788832855,0.00846956995902476,0.990948941880997,-1.92980319967132,-0.640757986472457,-0.0054636398055241,0.669464681926321,1.95232343340815,13689.2557475882,0.99985431928468
"eps[6,1]",0.208795747077925,0.00832494028180259,0.894093300977606,-1.54209588571704,-0.401169171136787,0.217094106485943,0.82462628585824,1.94157337211683,11534.6236294716,0.999779899447563
"eps[6,2]",0.111891166741926,0.0096645557320087,0.913336091338218,-1.71076725453477,-0.489701373638438,0.120325256910805,0.720959205038188,1.87736536432601,8930.94571147567,1.0002676557165
"eps[6,3]",0.513822723809226,0.0115492241204396,0.860863406361306,-1.21330941431423,-0.0533034224989301,0.522207556810169,1.08874181541884,2.20327879035435,5556.00817368323,0.99973783504723
"eps[6,4]",0.0639630258014518,0.00952121278178211,0.999116413186647,-1.92091151876105,-0.596251405802942,0.0831328721911822,0.737193520219167,1.96735342343396,11011.5294609239,1.00050554101562
"eps[6,5]",-0.168640620116786,0.00888081395564594,0.897743518879454,-1.89936244621021,-0.783163542146358,-0.166290221290388,0.43500550860662,1.60275855690165,10218.7791392522,0.999772473463827
"eps[6,6]",0.00781446818896825,0.0115089935912383,0.950869808139093,-1.87641879805617,-0.609771349792116,0.00819319787934828,0.625144437586177,1.92137170879326,6826.01784787205,0.999802148752511
"eps[6,7]",0.0632923318116911,0.00981155413373308,0.9413220133348,-1.78796771510956,-0.576983020494489,0.0793170008800594,0.710988051580153,1.88287133353459,9204.51312539353,1.00013661012042
"eps[6,8]",0.421404907977171,0.011117191655133,0.988577857941665,-1.4801775623509,-0.246756831275968,0.407981013320262,1.08962306937201,2.37991365380041,7907.36110939565,1.00003233426646
"eps[6,9]",0.0341693771866263,0.0103203977118133,0.934263222210358,-1.77628234690498,-0.60203754094344,0.0356666844354144,0.689771274839495,1.82877057106249,8194.93736016962,0.999980151545571
"eps[6,10]",-0.12435992065077,0.0101738770223179,0.996525704368384,-2.046792227565,-0.808968643936801,-0.124652692023608,0.562050096194796,1.84468861348159,9594.09563458041,0.999749670144286
"eps[6,11]",-0.519303856015312,0.00909620661768709,0.925006376203914,-2.31233555872457,-1.14508086419431,-0.528505058948327,0.0939130636646456,1.33370639376566,10341.1495665695,1.00043005549029
"eps[6,12]",0.0882901672880642,0.00884168977772013,0.964540481402759,-1.77562975543538,-0.546835330558236,0.0754005636070126,0.729093493048108,2.02016297504547,11900.6415128263,0.999752942065005
"eps[6,13]",-0.133568128194775,0.00878207743105072,0.987200566685121,-2.09294188144543,-0.793830609332312,-0.131964085921205,0.5318087827503,1.7853091989253,12636.1935118193,0.999632462186093
"eps[6,14]",-0.280356267703309,0.0082531716520596,0.925580593128355,-2.07317101460025,-0.906955821647009,-0.288142833454533,0.330868003418593,1.54778710729688,12577.2798587969,1.0006275885917
"eps[6,15]",-0.49878188446387,0.0104070803193889,0.938205035066415,-2.30667690443403,-1.12097220029856,-0.50800672964235,0.118727604202569,1.33142554279642,8127.13934323047,0.999627039143041
"eps[6,16]",-0.0961720793491699,0.00927585748554273,0.946350459489677,-1.94761374046763,-0.740774518718776,-0.0928644081637436,0.535013049834298,1.76073934192281,10408.6848571884,0.999761614026129
"eps[6,17]",0.0532268149024091,0.00937547634862182,0.992848657340811,-1.8821411959453,-0.621687863950289,0.0559999395896154,0.721716941463897,2.00027940736762,11214.4872247186,0.999648802066621
"eps[6,18]",0.0266327411332449,0.00786305216960538,0.971860057069227,-1.85771927559376,-0.646001645844041,0.0283787600206493,0.699016748355109,1.9068008293573,15276.5452989098,0.999726019267395
"eps[6,19]",-0.0779586263871527,0.00898733872154476,0.99725235256198,-1.96109799829967,-0.749967964578543,-0.084142835440565,0.592880991302627,1.84302758822183,12312.5475006675,1.00002706419757
"eps[7,1]",0.000431066965567969,0.00899948218704644,0.880136037815793,-1.69070890542729,-0.602108657717508,-0.00200759066907473,0.59103083762312,1.73481174950575,9564.55049585296,0.999791275120103
"eps[7,2]",0.58992178068946,0.00823815725588964,0.904857232605763,-1.20051775654188,-0.00725972779139693,0.580290690032853,1.2057904550134,2.33936964366971,12064.2400081203,0.999557730193525
"eps[7,3]",-0.110269976952344,0.00815850699191868,0.8617678497604,-1.79444488511764,-0.676951693583036,-0.127032219316479,0.439724787727713,1.61119760897093,11157.3021738746,1.00022790106744
"eps[7,4]",-0.0882402795489465,0.00937445112080379,0.987611608886898,-2.02406998600373,-0.748740554850518,-0.105566964841093,0.569261358677015,1.85707484116012,11098.9188098284,0.999770821587686
"eps[7,5]",0.36214026279782,0.0103255103250001,0.90665104351906,-1.46818533712542,-0.236491118435329,0.376670875236575,0.992638143759582,2.11196390673952,7710.05153390763,0.999743889337355
"eps[7,6]",-0.216277752078363,0.00906921952741585,0.936338794854747,-2.03232953152735,-0.839222316804444,-0.229788705340682,0.424807473672433,1.64108060897606,10659.239157186,0.999810238559729
"eps[7,7]",-0.185020577725022,0.00940893702622121,0.941947679403257,-2.00052500752509,-0.846037048691512,-0.181609313620726,0.474858229478918,1.64427512208829,10022.4162857861,0.999996090232845
"eps[7,8]",0.00227184155319446,0.00950755704625795,0.962693232259799,-1.85119929028618,-0.666640334816599,0.00690195282528113,0.655987220605283,1.93299069683663,10252.6931021995,0.999734790286121
"eps[7,9]",0.205172066916286,0.0081514513077801,0.94118217001836,-1.63763492044579,-0.405220010802436,0.205016250488793,0.834920335379111,2.04044575052809,13331.4535886304,0.999619462037188
"eps[7,10]",0.0252125386134085,0.00898638268563297,0.995706333936217,-1.87898829613851,-0.663522549091552,0.0167893184327817,0.716123250716514,1.94884576664267,12277.0131599651,1.00023424419367
"eps[7,11]",-0.300405681073975,0.00854187892735559,0.921915980347096,-2.07345364638381,-0.921007757453654,-0.299972752142972,0.311890257433118,1.54139347315132,11648.6571536475,1.00020163542255
"eps[7,12]",0.0853961480405655,0.0114764241148188,1.00161886529221,-1.85376346380442,-0.59540202409803,0.0702100049493308,0.756029400962102,2.06059441249694,7617.13780839676,0.999853763053956
"eps[7,13]",0.133149116120693,0.00881495417113595,0.969244946835295,-1.79205004939091,-0.516188308465927,0.133778908772057,0.793752767088392,2.03670974389552,12090.0187245497,0.999896011673254
"eps[7,14]",0.31025820730418,0.00969773129535577,0.947346260309253,-1.5962718309405,-0.315534182737606,0.325521508719254,0.951665375506446,2.1270080241119,9542.83021736111,0.999747055770318
"eps[7,15]",-0.0499214513649807,0.00877900195845954,0.962945652595025,-1.93995217807322,-0.709480514717587,-0.0504532969550006,0.609234099765313,1.83127444850398,12031.3195509966,0.999745839506304
"eps[7,16]",-0.26090916129771,0.0100043204757205,0.982195936551757,-2.19738806877463,-0.902305784320019,-0.26061502833855,0.400981853228148,1.6591664102422,9638.75797460706,0.999970487593636
"eps[7,17]",0.274543024882338,0.00857637515135816,0.984871381556147,-1.64792254957031,-0.378564344947617,0.28942243052005,0.922124498520011,2.17676410513922,13187.1666963939,0.999748199718234
"eps[7,18]",-0.0792378388353113,0.00738209157561833,1.00318770988766,-2.0250436214573,-0.748355833757662,-0.0854441569861356,0.599819993414205,1.91336836934847,18467.3912047088,0.999735461978103
"eps[7,19]",-0.0147354599047247,0.00821346762787075,0.967042045619108,-1.88421445415364,-0.673036021161823,-0.00778246683918194,0.633803409476384,1.88670796026615,13862.3740873186,0.999911114940857
"eps[8,1]",-0.0279665953991088,0.00899757051626425,0.906471444235159,-1.79184167866947,-0.65461908829555,-0.033227779995802,0.57843162813451,1.78286182096587,10149.8058950102,1.00003488037503
"eps[8,2]",0.768784756485988,0.00923746382790229,0.933184160625544,-1.09875860045852,0.144162314174537,0.794423806737052,1.40496740621553,2.55733800335748,10205.3808315845,1.00089587865708
"eps[8,3]",-0.360013160163158,0.00852251213052341,0.852037187377251,-2.06944433755381,-0.916685480297332,-0.365505107157574,0.198127142542773,1.31489667775462,9994.97803469915,0.999741654639395
"eps[8,4]",-0.0679554211593104,0.0103820995927388,0.981769557499974,-1.98234760921268,-0.73545910425033,-0.0734618569535734,0.611215888167398,1.84777039501816,8942.28982806442,1.00003486827661
"eps[8,5]",0.176157792971139,0.0107240895194399,0.92350796668349,-1.61357631734427,-0.439085219257167,0.176287118143173,0.781768106991809,2.05472750083427,7415.84136872566,1.00018120035663
"eps[8,6]",-0.483908517531536,0.00929980147180261,0.951495356348562,-2.32820054868402,-1.12704260001218,-0.486827623804866,0.168769554019298,1.35430362951511,10468.054888842,0.999905796059686
"eps[8,7]",-0.344793386696863,0.00957622552546329,0.949645441409391,-2.18612463319261,-0.987249532699567,-0.344621773550169,0.28934675723324,1.52730282284297,9834.09150154608,1.00024806589758
"eps[8,8]",0.45259975304275,0.00905136324710816,0.972462265834956,-1.50076645896493,-0.189525047542501,0.449831146430223,1.10964005309656,2.37980056564444,11542.9689800132,0.999607805827076
"eps[8,9]",0.482450149349934,0.0086716212251878,0.930258513480457,-1.364597253391,-0.133326717337001,0.496040611891933,1.09761984573969,2.29487585993631,11508.1816168445,0.999916994787898
"eps[8,10]",-0.0763755661895099,0.012623042434643,0.982140587016859,-2.04997016836965,-0.717856461139048,-0.0807703581533304,0.582615895828588,1.82917066995967,6053.67683190893,1.00087541329073
"eps[8,11]",-0.0421117670171715,0.00886046063407298,0.918546559377804,-1.84792687746769,-0.649128528820107,-0.0543110592135008,0.580683633923146,1.75916919166898,10747.0618609809,1.00003440503026
"eps[8,12]",-0.105951348962927,0.00884852666927458,0.955127761761651,-1.96755461606903,-0.754154998746938,-0.115325222608687,0.543634372627589,1.75580167721293,11651.4777068368,0.999864664242939
"eps[8,13]",0.0536307141694866,0.00971795396496367,0.968073539345689,-1.82123136094865,-0.590172271609861,0.050985661577604,0.700649086358645,1.96999662855653,9923.54913316274,1.00017578723175
"eps[8,14]",0.0818653277217885,0.00849671448889967,0.924690017501488,-1.7478842113636,-0.528434874511429,0.0748941425665717,0.678546709056455,1.89311233335487,11843.7788145779,0.999668586678027
"eps[8,15]",-0.357536535378293,0.00942785060152803,0.978392117619993,-2.25381686194019,-1.03028023389603,-0.349052876472479,0.303729390653798,1.55929465617702,10769.62314645,1.00008146748133
"eps[8,16]",-0.161856824388248,0.00834246854426196,0.97476815294911,-2.08817775131894,-0.820020510109736,-0.1792451502841,0.494494510202047,1.75914096391029,13652.5415791711,1.0000863690273
"eps[8,17]",0.101133711764318,0.00800060553347145,0.976960993188229,-1.8115551539663,-0.559000187626862,0.107087672134511,0.754030511303543,1.98827620612467,14911.0673490294,0.999760517970895
"eps[8,18]",-0.113702409511663,0.00926299597879176,0.985839129546631,-2.01217701929394,-0.781208833225457,-0.122778330039711,0.556821187124085,1.83715527190611,11326.8500975802,0.999917602418202
"eps[8,19]",-0.0500299988533649,0.00830698960720895,1.00097669367161,-2.03245309814687,-0.725974765927332,-0.0537348273260297,0.606623819820252,1.94981760954049,14519.7987554038,1.00021437124109
"eps[9,1]",0.336357420425538,0.00938283822531528,0.903992508320697,-1.40150230931732,-0.274017424984829,0.326882978908789,0.942442103786599,2.12612873442898,9282.41980271931,0.999873424091841
"eps[9,2]",0.188814327819335,0.00968662965846117,0.930329671964455,-1.59855884650362,-0.445129121047813,0.189900018038341,0.811814676751219,2.01969997648832,9224.19240366277,1.00011028678856
"eps[9,3]",-0.87348281290049,0.0118292168425326,0.858696476053767,-2.57598146337061,-1.45299963939768,-0.891542259320796,-0.315605465286311,0.855952692057917,5269.47532655267,0.999822967159452
"eps[9,4]",-0.133108319908751,0.00975266502809849,0.984235992798572,-2.03452070864729,-0.812038214428236,-0.123138272153134,0.545044206702316,1.76783377349743,10184.7851022619,0.999786638249185
"eps[9,5]",-0.0870997554766289,0.00908331394237518,0.934267365569544,-1.90052834224465,-0.717652645839726,-0.0917852847697795,0.542137511570972,1.754685110332,10579.2214579532,0.999808969641543
"eps[9,6]",-0.158628113373154,0.00912519368687065,0.950342755226488,-2.03620842514006,-0.803447116692751,-0.155479243876683,0.461407156152321,1.70655603550973,10846.1686695565,0.999816323471725
"eps[9,7]",0.164069784585022,0.0102077563745141,0.963193573686433,-1.74861406610951,-0.485263134822452,0.169268637442143,0.820364015419248,2.02476940255592,8903.61884631071,1.0012524364673
"eps[9,8]",0.13931448703028,0.00931499361394024,0.982338294751363,-1.78071620877474,-0.524788479062946,0.144522300367588,0.795578000161081,2.11160918351825,11121.3376455259,0.999996461020489
"eps[9,9]",0.0483758145561452,0.00925241754408001,0.947647061321922,-1.83327845398401,-0.586924603851708,0.0421118039478484,0.692688818412495,1.92478937410889,10490.1764550857,0.999706284790658
"eps[9,10]",0.0458413393314244,0.00973469993353811,1.02358423681654,-1.97281929373038,-0.650677105159494,0.0491127925847795,0.724690029558146,2.04785814039114,11056.1020812476,1.00015282552062
"eps[9,11]",-0.409506047831963,0.00990891259631002,0.924440197329826,-2.21101191645789,-1.02965710868525,-0.427033309677252,0.220547699406617,1.40935227960161,8703.73476330644,1.00015115480572
"eps[9,12]",0.103262609822047,0.0090605408768211,0.989730238958472,-1.8645347760649,-0.545151462098413,0.109893143367169,0.764190113323789,2.03028380279269,11932.3348065568,0.999606350874419
"eps[9,13]",0.0550114708429589,0.0113527900997316,0.988118257560595,-1.87973171499157,-0.607625664603833,0.0553658035025699,0.713889006706957,2.05148100550338,7575.5231748509,1.00018055263615
"eps[9,14]",0.526468455987334,0.0102104490257637,0.94730298358877,-1.31238632305189,-0.106759095860009,0.533351615238228,1.1705349939635,2.36449291484328,8607.71991780346,0.999745360300737
"eps[9,15]",0.183546091017575,0.0092512158947734,0.983809843543782,-1.71648195983252,-0.497485457029956,0.179058530785097,0.859459850678018,2.11235112029738,11309.0127801088,0.999990457419707
"eps[9,16]",0.142083807167707,0.0093868558805934,0.989814993793524,-1.75308486897827,-0.544287723109761,0.127369264458563,0.8111379341617,2.10974279603841,11119.0518748245,1.00005184779444
"eps[9,17]",0.347576928998949,0.00937040926308868,1.00138823349413,-1.58407196900877,-0.356225684116317,0.330324127839713,1.02643660678457,2.31632884998901,11420.571810178,0.999969500140794
"eps[9,18]",-0.151063660800811,0.00837823525595247,0.999453498605525,-2.13068721527934,-0.805651409333622,-0.156694766072144,0.521200013604553,1.80304816823498,14230.4974987287,0.999857728919639
"eps[9,19]",-0.173700690094892,0.00924596778499504,0.992685954956613,-2.06617969897473,-0.856523598884349,-0.178028491678597,0.501468146234528,1.75455823040052,11527.0719176125,0.999747776772086
"eps[10,1]",0.740067571095373,0.00935681862966828,0.937840606651395,-1.17384394562436,0.116175299368209,0.751259912776307,1.3769326366942,2.52736473800125,10046.195913929,0.999974015770093
"eps[10,2]",-0.142515258561332,0.00924106826171643,0.893421698490997,-1.85606804912335,-0.757860079989338,-0.130636281693722,0.440267243453609,1.62936485068521,9346.92236159902,0.999581767679262
"eps[10,3]",0.00393987549598214,0.00895414397854812,0.875866574194492,-1.76704922419186,-0.581888295989228,0.0180924770839005,0.599434863907295,1.72597888641602,9568.14522775541,1.00048725377795
"eps[10,4]",-0.0130314434083451,0.010539149689451,0.990729123456515,-1.9915779268579,-0.667924979283795,-0.00616085141518814,0.640826796472008,1.92542943235687,8836.87503512383,0.9997270042561
"eps[10,5]",-0.724919671388706,0.0100161230700912,0.962872548181923,-2.57863010391679,-1.38075600515976,-0.741821223066855,-0.0827791191105939,1.22280343606615,9241.4114322087,0.999662180112411
"eps[10,6]",-0.0857776068212775,0.0081338068679743,0.924078945480097,-1.91465077542515,-0.718543149568471,-0.0719316954253693,0.53765549719801,1.72904809732343,12907.1524066831,0.999890321293409
"eps[10,7]",-0.0200394286097875,0.00880811651645132,0.927281931317915,-1.84702690420579,-0.636326612605136,-0.0285054344165133,0.59943159490331,1.8019012771993,11083.0040709011,0.99972147238037
"eps[10,8]",-0.305884582778082,0.0129940129262724,0.972003419471493,-2.18995240989452,-0.969512169327618,-0.322360580691723,0.338717355471641,1.65807170597793,5595.63008630461,1.00138146059349
"eps[10,9]",0.0932137255875438,0.00937645973753591,0.934820132440632,-1.77223103114536,-0.538166213876171,0.091039241287123,0.732649522912927,1.91492718687879,9939.81559808076,0.999789048676484
"eps[10,10]",-0.0128227974067857,0.00855273974695978,0.964427420272177,-1.96039980422805,-0.642757833784616,-0.00995913889119571,0.631558254273109,1.87146634547596,12715.357794518,0.999596388076544
"eps[10,11]",-0.0720080477043804,0.00962038004523703,0.915953090157927,-1.89515110662045,-0.686417575746146,-0.0604881192700059,0.556749932151129,1.68881410448806,9064.87890167571,1.00074311473345
"eps[10,12]",-0.182186870344387,0.00933422544625437,0.983517317247385,-2.09905458210467,-0.856090631241715,-0.180326788416084,0.47396533157065,1.78006142769164,11102.1591895707,0.99972400259502
"eps[10,13]",-0.171191681053479,0.00928481708322747,0.967002204211827,-2.08291715175898,-0.818583938506787,-0.185448090078838,0.479937587379812,1.75466445043517,10846.9646170969,0.999614549855035
"eps[10,14]",0.104492635729898,0.00878253000081088,0.931062462333395,-1.73382650595762,-0.511605635483537,0.113966399418375,0.722776941258802,1.92781659972713,11238.7588090844,1.00005847601758
"eps[10,15]",-0.379906506261353,0.00939682683752086,0.980094833759502,-2.249267844021,-1.03487851006023,-0.38407844719469,0.275621932880697,1.54587938302115,10878.6186347425,0.999702399010671
"eps[10,16]",0.406928792015937,0.00855937152328198,0.991786922549229,-1.52450415918575,-0.252934916610301,0.398014454967385,1.06791411323852,2.39221269911946,13426.1965276113,0.999786974269588
"eps[10,17]",0.191867703747067,0.00856686859965752,0.976733581456259,-1.72420125594906,-0.460492954418924,0.20934948419749,0.836781910997141,2.10924274357828,12998.9426570864,0.999711719035325
"eps[10,18]",-0.0521021124762697,0.00894044043569269,0.986416008190773,-1.95685900264929,-0.722275505356225,-0.0575149322132938,0.621496505727567,1.85041403895676,12173.1337870733,0.999937259234105
"eps[10,19]",-0.0780955594552055,0.00780995212482169,0.956006567673055,-1.93058155284647,-0.70671768132086,-0.0733750587289795,0.55101516060277,1.8085985704089,14983.904913886,0.999820585345077
"eps[11,1]",0.134231198342703,0.0084056445077858,0.881353810209798,-1.57459740192285,-0.458293969071047,0.129114380344393,0.717115886148904,1.84932721599726,10994.0709423943,0.999972231205565
"eps[11,2]",-0.13836959581952,0.00877750819091872,0.867281808178458,-1.86142146798355,-0.714604051493294,-0.125641637690015,0.451292438489168,1.56413116713548,9762.88080211563,1.00033004002213
"eps[11,3]",-0.0670568746282284,0.0079452803704249,0.832196883024088,-1.73117619405318,-0.609508416965508,-0.0628550380338302,0.479771245007155,1.5684390677593,10970.6842457292,1.00021711229888
"eps[11,4]",0.490439107216258,0.00982871172921066,0.924674286221097,-1.36148629952497,-0.132663837644052,0.514938387708873,1.11851052522176,2.27433818208185,8850.83747867713,0.999764384599464
"eps[11,5]",-0.209397661304399,0.00886870917637283,0.949030382286577,-2.06964801914573,-0.852164063974885,-0.219279137390502,0.426068751711066,1.64647475921258,11450.8942760718,0.999691762403226
"eps[11,6]",0.0798613064648945,0.00869387018810335,0.934998829267118,-1.74761615674243,-0.54011371558279,0.0902294356943574,0.717586505802077,1.86495175284057,11566.3367272014,0.999776846728219
"eps[11,7]",-0.211067055812533,0.00953153044254345,0.933745669382349,-2.02086179376687,-0.831086328517754,-0.218845254739145,0.403268004167416,1.66378970508306,9596.92106299702,0.999687625187354
"eps[11,8]",0.163966213474325,0.00818236059748095,0.947519641456563,-1.71794365113476,-0.459360637624302,0.163860961296806,0.78414481282877,2.03469168307115,13409.704655812,0.999972088853384
"eps[11,9]",-0.279937801686251,0.00806143578226079,0.923991169439982,-2.10131106633998,-0.906052907096367,-0.293962006672425,0.337994887006691,1.55410995180075,13137.4429757352,0.999824870315
"eps[11,10]",-0.140983791946642,0.00818518530827374,0.91705672375964,-1.95882368531725,-0.741510526560409,-0.139815041753656,0.453669535311543,1.67369658237527,12552.6484670472,0.999984867757817
"eps[11,11]",0.030332620116916,0.0102528827668679,0.898229147500178,-1.71666993996409,-0.573541687364525,0.0367457802860527,0.629158595590704,1.81327963985405,7675.06927981093,0.999999524418234
"eps[11,12]",-0.0300401546218949,0.00789362276722052,0.951171727866163,-1.8997766886875,-0.673507079026965,-0.0231019550230693,0.590887786395111,1.85408478362818,14519.9503221985,0.99986016911603
"eps[11,13]",-0.0520182836988837,0.00877501375787322,0.954240969605233,-1.89816111004391,-0.704743216607249,-0.0437686178024385,0.587790196348682,1.81401458804634,11825.5270368184,0.999723271779422
"eps[11,14]",-0.15662509060016,0.00818332150388089,0.92877684270824,-1.95392233469309,-0.804236492453111,-0.164437918829579,0.471649144991616,1.66353169021648,12881.4137282125,0.999949885962349
"eps[11,15]",-0.0154479422557031,0.00785400071960209,0.940367871213118,-1.87275122196429,-0.637259672593729,-0.00764694438299953,0.614062468058705,1.82271226028797,14335.5279426323,1.00036287720246
"eps[11,16]",0.20565308071726,0.00811643212570628,0.97479603045481,-1.71227142314016,-0.451092311660718,0.208581201753791,0.861780037335209,2.12336146845395,14424.3808826159,0.999649146432081
"eps[11,17]",0.253931036152067,0.00805907494461232,0.974264868312288,-1.65328243197486,-0.404972072679826,0.26438826855036,0.908701199825934,2.14687462614369,14614.4910510831,0.99960298955784
"eps[11,18]",-0.0275195321216602,0.00800423212257016,0.999211690998645,-2.0069072227041,-0.691305453118405,-0.0238672603668474,0.638549978547095,1.93211760545061,15583.8824671265,0.999633962570061
"eps[11,19]",-0.00400200948704905,0.00959385206567615,0.983347902287364,-1.91831429371958,-0.668299291905908,-0.00217859403595946,0.660076852645959,1.93630535373868,10505.7813132899,0.999583447962696
"eps[12,1]",-0.0943908283635392,0.00928046450763127,0.911794789530769,-1.93299948099508,-0.697528887763962,-0.0994231698239529,0.499931522057942,1.74208117290679,9652.8328038556,0.999941940281847
"eps[12,2]",0.023383712485728,0.00975816364602148,0.908888395587938,-1.7599759538919,-0.573092440291044,0.0170545557458758,0.635635253439267,1.80298686298914,8675.30840869375,0.999955209439223
"eps[12,3]",0.0401587730905325,0.00867928236607454,0.863556380384283,-1.68796249867582,-0.530873068032132,0.0448673673638049,0.620919716990707,1.71635010228295,9899.51138208863,1.00002464033235
"eps[12,4]",0.413380573073377,0.00918726974482342,0.89607144858227,-1.39540753044508,-0.1727031575709,0.412416241634095,1.01045902444787,2.17283234538806,9512.88712848336,1.00041360019162
"eps[12,5]",-0.355510588982059,0.0100963167628112,0.945730652657516,-2.20915021427186,-0.992939902537253,-0.352083426643266,0.288514227603352,1.4702207470734,8774.22961702845,1.00043339097623
"eps[12,6]",0.0612805795351236,0.0100239157317067,0.982485153830669,-1.87794070647312,-0.604964326884936,0.0654711859925704,0.734699654066759,1.98318728399374,9606.76526378508,1.0007005316743
"eps[12,7]",0.0187271659684534,0.0102362367534738,0.981237901307012,-1.91458921879224,-0.64523693163405,0.0300289116258146,0.671026553065094,1.94668525660765,9188.9943739541,0.999791666576894
"eps[12,8]",-0.166325833467196,0.0101426976186556,0.949673309524344,-2.01182459360572,-0.817040735322129,-0.155110812559975,0.456710069611427,1.71890567413277,8766.80826470369,0.99976567642251
"eps[12,9]",-0.570905248822945,0.0116992517642909,0.98532455874197,-2.45557153098245,-1.25057477462425,-0.585416341667736,0.101057569875484,1.39342594336714,7093.20384964364,1.00011516240783
"eps[12,10]",0.375395427378961,0.0106909114044663,1.00092950102801,-1.57090484010823,-0.298725425605275,0.380033795628682,1.06402859775529,2.3266891077846,8765.5166338547,1.0000599684909
"eps[12,11]",-0.385693726142442,0.00983636858470799,0.942347512161636,-2.19033695561369,-1.0204609799892,-0.382557334975908,0.257050538255995,1.45347920389375,9178.09584204041,0.999645655372735
"eps[12,12]",-0.274780801359073,0.00971971653770807,1.00371121981523,-2.21309818835566,-0.954621570357385,-0.260262578154591,0.379117781829325,1.71317916105984,10663.759913899,1.00014575266653
"eps[12,13]",-0.395586660106311,0.010684399675521,1.02398931438353,-2.36785376600198,-1.08223120537796,-0.407075995686865,0.288066372697074,1.65539983960107,9185.24190318897,1.00036887867306
"eps[12,14]",0.526009906427683,0.0115050351624374,0.994659371141565,-1.44810097706159,-0.122101119805613,0.553092691162934,1.2102509371698,2.42486523356349,7474.34012265669,0.999873843443402
"eps[12,15]",0.527319622879952,0.011983532849555,1.00378837444242,-1.50549195031451,-0.141038633811082,0.53638179844908,1.22256159018305,2.42581726360084,7016.40390511646,1.00035741631165
"eps[12,16]",0.204646535426137,0.00898960381592884,0.963914795446526,-1.68928267470483,-0.438002869304116,0.216124772596472,0.865659477808035,2.11316194365392,11497.3086012587,0.999769409643808
"eps[12,17]",0.0679059895335927,0.0083758877992611,0.979601639564667,-1.81584646803501,-0.609251438995604,0.0685204764759199,0.735864750104892,1.97438455053228,13678.4631444034,1.00048165211597
"eps[12,18]",-0.0444097943335467,0.010453089940601,0.98805770465291,-1.96841201336131,-0.71949910580342,-0.0492549765304506,0.62272586331414,1.91479118947513,8934.60266876292,0.999811040166137
"eps[12,19]",0.171088148895925,0.00858329261571766,1.00205463356642,-1.77239010396922,-0.514294152880925,0.177562783255044,0.841243633249324,2.13284233646679,13629.3443500719,0.999878809833476
"eps[13,1]",-0.335444580812111,0.00863270323417255,0.871650981087674,-2.03665872895929,-0.925698522181632,-0.344602992636311,0.258062421839417,1.35468434030936,10195.1031396974,1.00005629233236
"eps[13,2]",-0.172007681231435,0.00870723381351074,0.886047863261496,-1.88609308537644,-0.763560116434697,-0.169223430594588,0.42663231531327,1.57814279757608,10355.0917659014,1.00001037136929
"eps[13,3]",-0.300665984126844,0.00955301542495547,0.874518991206959,-2.06235085415176,-0.880500061430772,-0.283265684173872,0.276047574370329,1.39276315740279,8380.26075903474,0.999889676688049
"eps[13,4]",0.898628845912608,0.0109775043680998,0.881660401399957,-0.914230249518284,0.295838831317466,0.931129722691712,1.48880054435128,2.61931811874048,6450.53051076006,1.00107611041223
"eps[13,5]",0.10682484054081,0.00849899903986603,0.886826365040627,-1.62375390221233,-0.496722644949193,0.112882948756564,0.697344363077478,1.83456205875931,10887.837533215,0.999898218655707
"eps[13,6]",0.257810210915287,0.00884168752672819,0.930395750726164,-1.58691762517507,-0.369498246216924,0.269755029702147,0.888948627311444,2.08039994980826,11072.9951960437,0.999952626524539
"eps[13,7]",0.368643285584901,0.00852761463757805,0.916178684332738,-1.44553584970382,-0.237955885342859,0.385628323316979,1.00008055658215,2.14913277319205,11542.642208882,0.99979396575365
"eps[13,8]",0.0862097583880858,0.0085802457086826,0.918857623773924,-1.70516707217283,-0.535787612698008,0.0946738790931354,0.701812040697508,1.86946153313863,11468.2459045865,0.999743593562534
"eps[13,9]",-0.233176593676402,0.0091434023631779,0.95338104522057,-2.09013247946426,-0.878185717379482,-0.235458517452969,0.407733951502194,1.64273446977991,10872.1982508401,1.00042542143078
"eps[13,10]",-0.141300918621705,0.00857682401226783,0.920686349514918,-1.98685705620782,-0.760231651364625,-0.139113529748623,0.468917802666804,1.6460472657788,11523.1286490477,1.00042161039301
"eps[13,11]",-0.422128698797816,0.0101225449354897,0.932752917030825,-2.26406590509383,-1.03833432527873,-0.418696240640978,0.193588373925772,1.41451346817153,8490.90154501412,1.00121664350831
"eps[13,12]",-0.0122143599727373,0.0082868093096814,0.95575122710413,-1.8828188221554,-0.647053225193678,0.00518429003035494,0.619892872254383,1.84960208484695,13301.9416375232,1.00013366278526
"eps[13,13]",-0.214498445196156,0.00860079818326792,0.947529904153469,-2.07178936663848,-0.862861895989799,-0.221816078988485,0.430067096328927,1.59387878025195,12136.9157223387,0.999896477998433
"eps[13,14]",-0.195219848562252,0.00864011503735761,0.969699448242267,-2.12745246056409,-0.837540917013726,-0.182175839791998,0.440495564614722,1.75023789770663,12596.0752730439,1.00018733974146
"eps[13,15]",0.143762831089263,0.00838546889985116,0.949996378730747,-1.72630869734881,-0.492268176911619,0.158342252557828,0.774799881033524,2.00512026509448,12834.8026272089,0.999759439913766
"eps[13,16]",0.237684907216847,0.00924107598646452,0.993721723154865,-1.66089285175212,-0.450912216460559,0.233581048426206,0.930167388389236,2.15482860926533,11563.371668238,0.999708675322241
"eps[13,17]",0.281350622890227,0.00847548953295412,0.99400153640284,-1.72048800040336,-0.376924893879455,0.295922857970903,0.929897740748997,2.21482692152491,13754.4911309215,1.0000332818712
"eps[13,18]",0.0210179457744755,0.00800887455139764,0.974458312278605,-1.9267454989842,-0.623939066405109,0.0145309532110285,0.652453581632069,1.95488085454752,14804.1523913703,0.999849641285978
"eps[13,19]",0.0153425936384768,0.00910831146290578,1.00397889822446,-1.92612897280125,-0.673054873416798,0.0110925317171192,0.706847665960883,1.96853529141756,12149.9201430498,1.00006680680301
"eps[14,1]",-0.464230915320459,0.0102803418252908,0.905937347917065,-2.23953649319504,-1.07520536621014,-0.472009522914986,0.148928013137827,1.30610030817917,7765.7108792985,0.999909777552695
"eps[14,2]",0.234439538720288,0.0104745934137583,0.967935883077704,-1.69074195053466,-0.414125551095728,0.271000657157879,0.880275689228995,2.08190299930748,8539.23237496641,0.999660619303119
"eps[14,3]",-1.04295177727227,0.0100218114591656,0.899749676329448,-2.73774230402405,-1.65716397208809,-1.06093596881087,-0.453038117798425,0.808615255655217,8060.29509505599,0.999979441220572
"eps[14,4]",0.618813706411464,0.0102383798567949,0.875167578116029,-1.17026151763232,0.0506164475313175,0.617111349349721,1.1915831223554,2.32975100568438,7306.67791436136,0.999711825533149
"eps[14,5]",-0.256998986075333,0.00993695206946233,0.947568899805643,-2.08654804752242,-0.889539809347363,-0.265269979152426,0.364202483232934,1.65645659825265,9093.16782426026,1.00014745144179
"eps[14,6]",0.17509293143899,0.0102160964304542,0.943170245024842,-1.66747231244407,-0.466717656647364,0.180186089618829,0.831541157752409,2.00805341764846,8523.34789522753,0.999924661674439
"eps[14,7]",0.0753684387091215,0.00941227430083567,0.944952552461868,-1.76143871915357,-0.570348799137849,0.0739803505216015,0.698741812855098,1.93527503444836,10079.3112008855,1.00006956277002
"eps[14,8]",0.379094471501096,0.0105037222492468,0.938254911248777,-1.47392883563686,-0.239880261279969,0.376068827111758,1.0067095599709,2.22516068336893,7979.12437049725,1.00022890535581
"eps[14,9]",-0.423180137429838,0.00993279303319837,0.959925431923892,-2.26871250860321,-1.06814004543376,-0.418685347778669,0.216468939258436,1.46918780623623,9339.68487411622,1.00015464365512
"eps[14,10]",-0.408977315107315,0.0103669342125733,0.957533446168132,-2.29956915838377,-1.04839921519805,-0.422264363994758,0.230016128479294,1.49577036214267,8531.14296784923,0.999810525894514
"eps[14,11]",0.0449094755409208,0.00911075762657094,0.912531787365458,-1.78852769762459,-0.567835190430837,0.0434862259007044,0.660983235385352,1.82924538798118,10031.9882984978,1.00013045645981
"eps[14,12]",0.0462788937878135,0.00967113854693583,0.980755002182161,-1.84547771174781,-0.618997201779191,0.0427446218481827,0.714264436609845,1.94086241782607,10284.0896479953,0.999809165262102
"eps[14,13]",-0.0294859440128983,0.00925540876753802,0.980337571660933,-1.9785807779975,-0.678285492095392,-0.0166299110624965,0.617944644195735,1.86718604668497,11219.1534028441,0.999820690645647
"eps[14,14]",-0.77279067348077,0.00962459830284712,0.998361936584834,-2.70405563403143,-1.44265034889714,-0.795609476333536,-0.0924288757113811,1.19808298373326,10759.9636545567,0.999829786983554
"eps[14,15]",-0.135469777918785,0.00848565279362066,0.923558339541206,-1.97375011060841,-0.761039420874669,-0.122327378250446,0.482343191115342,1.66529389786387,11845.6297163467,0.999853773867572
"eps[14,16]",0.386472047244286,0.00885994119158708,0.962301041829752,-1.50710091909236,-0.25145052305553,0.378815166500924,1.03457910179654,2.24970334349605,11796.6918076311,0.999648533687761
"eps[14,17]",0.0623924516681703,0.00812195138481088,0.980463952530294,-1.86934525212097,-0.601260190284111,0.0651340601736782,0.71782999939721,1.96141214878236,14572.7827674599,0.999638887533046
"eps[14,18]",0.112315700550977,0.00822672065174052,0.984763548833066,-1.83530973428157,-0.531267061552536,0.10448421157462,0.757151809776104,2.09702868669965,14328.8200431602,0.999893241587936
"eps[14,19]",0.0309467789446256,0.00894835820989568,0.991842849896622,-1.88916871342407,-0.645870429829038,0.0320152465374261,0.692665220700352,1.95760084953813,12285.6747006658,0.999635824609986
"eps[15,1]",-0.46374598928452,0.008603636986188,0.878039243655014,-2.2043216007145,-1.0462621034964,-0.460334165959301,0.123040517947483,1.24898360851501,10415.106091972,1.00003609036249
"eps[15,2]",-0.33909057357577,0.00901134740140457,0.927389281156977,-2.11795730335517,-0.994989069152567,-0.338307368141961,0.288459280380551,1.48001757835533,10591.1880337131,0.999987391584007
"eps[15,3]",-0.387436238566218,0.00883972945193205,0.89016994947838,-2.10476554086103,-0.969707108353809,-0.386658878343001,0.199081133469749,1.36306217797939,10140.6994650603,1.00032033893735
"eps[15,4]",0.359356519145589,0.00899703539787518,0.873034464037791,-1.41231768153729,-0.221134630092587,0.376457332479224,0.948515822532816,2.0599422074988,9415.9451135594,1.00000486235075
"eps[15,5]",0.381750195995956,0.00860142363653235,0.908304057954074,-1.44309674396486,-0.212159109585275,0.398053407143328,0.989875279100262,2.14246475112636,11151.2058484855,0.999688419994538
"eps[15,6]",0.0814586952001139,0.00894753470562732,0.911974013960289,-1.72984290287147,-0.526773373544676,0.0795805101004953,0.703051780563539,1.8756627008459,10388.6267758705,0.99973455931701
"eps[15,7]",0.309379305056716,0.0106320977773016,0.927960671938466,-1.51711950942869,-0.318607310997369,0.328434397473665,0.937201266596128,2.08777706148842,7617.65355819396,0.999649811129852
"eps[15,8]",0.127957482606309,0.00822944436753424,0.906092712377422,-1.64348997743516,-0.467346005833917,0.128801711334104,0.729314651253629,1.91795419112657,12122.8364890978,1.000045242544
"eps[15,9]",0.00952235483782524,0.0103980703601959,0.959089265577705,-1.85815094972651,-0.622757445770414,0.0113455927744287,0.656709716178249,1.9148595494643,8507.70763075622,0.999808202730659
"eps[15,10]",-0.562858213963943,0.0101050457368755,0.950768687815479,-2.43190954605458,-1.19472419419911,-0.557583554849903,0.0547670732364505,1.28805540243815,8852.64754550901,1.00026446049545
"eps[15,11]",-0.0891960435663319,0.00778676746853082,0.893438809609837,-1.85260765136622,-0.680809754269249,-0.0918352850072686,0.504647868713723,1.67927766953249,13164.8287957539,0.999775775156466
"eps[15,12]",0.0466337708962691,0.00952030114133381,0.951239760204806,-1.83571046634446,-0.579790078954717,0.0416440266232272,0.680227903367796,1.9104712169196,9983.40334302784,1.00085124200377
"eps[15,13]",0.0493909553810115,0.00941548186339711,0.957678597090034,-1.81037565591105,-0.598540861787296,0.0575436774316418,0.699780115888347,1.92004257641297,10345.5708891701,1.00042585388998
"eps[15,14]",-0.0468113563733078,0.00948516594790016,0.95197159234155,-1.9212544655503,-0.68096280394736,-0.0525154881868482,0.608088874897401,1.77063606239357,10072.9832252156,1.00014196737611
"eps[15,15]",-0.15194591083729,0.0118685461061143,0.968040544168208,-2.00724237922572,-0.790041858461249,-0.163945999764072,0.469903267939421,1.83730079041395,6652.60980796199,1.00072349471302
"eps[15,16]",0.174439146835751,0.0102172150079413,0.996260401443667,-1.77770342992697,-0.51367709122073,0.181494900566765,0.853217934699089,2.09458038243287,9507.81388997696,1.00027263773879
"eps[15,17]",0.00385442087621395,0.00915229896783752,0.968730435258453,-1.91302527931353,-0.641378153419194,0.0190984791236744,0.659072186080822,1.89360115539939,11203.2877925857,0.99984759394008
"eps[15,18]",0.107308700960659,0.0112023666596941,1.01545918236515,-1.83119740172553,-0.573316192295586,0.0868844814784754,0.796032652401941,2.13147173576807,8216.85031636688,0.999656209227567
"eps[15,19]",-0.100812759059882,0.0089481127843898,0.993402268178617,-2.0717529994228,-0.767050656849889,-0.0971380537370457,0.565947037844963,1.88072354234447,12325.0132737949,0.999693651954841
"eps[16,1]",-0.606602180018504,0.00848475858489147,0.877615993077113,-2.33566815348264,-1.18170236698843,-0.607947398881113,-0.0310273444757225,1.14706396779656,10698.6770466415,0.999652169065876
"eps[16,2]",0.169089507448134,0.00892454780778205,0.920319766261177,-1.66544971406954,-0.46517909923684,0.185850497133976,0.790223432259755,1.93319118101499,10634.2057498428,0.999669374825409
"eps[16,3]",0.405130396841781,0.00908579170308763,0.8891151191572,-1.39205892130512,-0.185819926128997,0.417830838467655,1.01214768062913,2.08089216945442,9576.13893617006,0.99996136906043
"eps[16,4]",-0.0261016549102557,0.00840155393394102,0.850413347628085,-1.69206426926322,-0.604012052994688,-0.0214294612302564,0.546192759364119,1.64968714891446,10245.6825732729,0.999722060475868
"eps[16,5]",0.321983066298523,0.00811371890346596,0.890603797786599,-1.47046720711168,-0.273502531530511,0.323544390472251,0.919530088141719,2.04654363669409,12048.394250118,1.0001853454483
"eps[16,6]",0.0765863066369319,0.00880698573442004,0.926057627670413,-1.69777528737502,-0.547746650076562,0.0655508641598211,0.696648498387541,1.8982531044218,11056.5959917251,0.999646134961389
"eps[16,7]",0.136003609839635,0.00827972119099078,0.919723453208372,-1.7067467823773,-0.471816785166028,0.142215986853717,0.751915310217897,1.93477148774277,12339.0890094985,1.00067575092016
"eps[16,8]",0.0104965922418937,0.00999481851524925,0.950140336970946,-1.86256942580655,-0.619691351657414,0.0201672625256016,0.658951371153554,1.86168993442899,9037.02921896855,0.999761742445723
"eps[16,9]",0.231484426685333,0.00919951393139812,0.981889201996765,-1.68410050032369,-0.421888463027164,0.236292315355649,0.883633524267359,2.16512499942341,11391.874850989,0.999740641377125
"eps[16,10]",0.0237478815175605,0.00891337032386239,0.961741836395213,-1.88045174327731,-0.627005154521711,0.0168077253324463,0.671952206406237,1.90886912879207,11642.1480028915,1.00042983136371
"eps[16,11]",-0.337209092224789,0.0103369050621271,0.912910355139034,-2.08382991272042,-0.969953200340139,-0.347416078906828,0.271195520217715,1.45895108142595,7799.65173818187,1.00006321663322
"eps[16,12]",-0.089889879239397,0.00840010733310195,0.942743238247744,-1.96001744229025,-0.719865326037147,-0.0794341142093699,0.512154417588167,1.81454794015649,12595.5513161503,0.999733461804295
"eps[16,13]",-0.062569150785767,0.00822666226039789,0.942894886264541,-1.94231342109009,-0.691174289172386,-0.0642697250265212,0.570735927154443,1.81844589265557,13136.4865254028,0.999593332750739
"eps[16,14]",-0.0539686119076886,0.00972386259927577,0.984871190120131,-1.96330815793176,-0.733071399094225,-0.0562711226308575,0.617818263146285,1.89783952592408,10258.4380444703,0.999612175694134
"eps[16,15]",0.307404229694192,0.0102993244037998,1.00062263346157,-1.67925444513414,-0.373842629626751,0.304658270689512,0.993866202602218,2.24685925459027,9438.93877516687,0.999780187906727
"eps[16,16]",0.0589847017997175,0.0115205760550723,0.962095570489936,-1.79685253422884,-0.603551704927754,0.0615812971002008,0.707279292436524,1.94552513563678,6974.09790084778,1.00030949583364
"eps[16,17]",-0.115958161684356,0.00962051265346056,0.980023546356741,-1.98001799120458,-0.798158098269815,-0.107496882718365,0.536896877182227,1.8303870174019,10377.1140610769,0.999634850955425
"eps[16,18]",0.0476316140615815,0.00848732833720682,0.997997847723151,-1.91110212648814,-0.638209981219117,0.0450918966890115,0.712557959483114,2.06282138571597,13826.6574184843,0.999692590749326
"eps[16,19]",0.0423833664728173,0.00823520321767233,0.972431403300297,-1.89084858853093,-0.60813959956186,0.0352869316688328,0.679222091682727,1.97931330446647,13943.4200062129,0.9998069010528
"eps[17,1]",-0.311651298952323,0.00874456304373745,0.89408075250878,-2.06654512488254,-0.922870665892344,-0.305883633984849,0.278292828095109,1.43181607081513,10453.8740893839,1.00003828700542
"eps[17,2]",-0.387491067013394,0.0101540220948033,0.941877022936092,-2.20156409085824,-1.02966359274938,-0.384472244421501,0.242021630967342,1.44711699569361,8604.23367864085,0.999899490379376
"eps[17,3]",0.575390878192813,0.00937561474391279,0.842904434139022,-1.12546550207426,0.0273177798144156,0.587101791832773,1.13944587281079,2.20231627614339,8082.71322521656,0.999797384475905
"eps[17,4]",-0.507172990863009,0.00961140541356273,0.886714033772781,-2.20978169672258,-1.09650056270447,-0.516847530629862,0.0762996425339271,1.27135071472293,8511.25047038764,1.00012873729744
"eps[17,5]",0.710900611182414,0.00926485028646768,0.919915514152953,-1.14136716702461,0.0860272486891202,0.73122517965183,1.3297265151389,2.48381756350748,9858.68691334692,0.99966458451322
"eps[17,6]",0.260667576657387,0.00980202734676935,0.954508079694009,-1.61779354848951,-0.374468186872285,0.251073237230861,0.903264544021512,2.12908445024315,9482.59927835222,0.999979127037312
"eps[17,7]",-0.0112926152034681,0.00902904321572384,0.918788962092503,-1.79394264366912,-0.636021095067171,-0.0178016386262786,0.609877496209503,1.80081442363359,10354.9516380044,1.0003510323829
"eps[17,8]",-0.184080667258402,0.00934317553700236,0.930399372598264,-2.02383700622957,-0.813578249560867,-0.183442509761961,0.431490141887962,1.65650250804024,9916.30328708434,0.999871093128748
"eps[17,9]",-0.198774822758689,0.00973942364488222,0.956796327762801,-2.03670106746455,-0.843951003426378,-0.209649128950203,0.446295295727738,1.67787178740402,9651.00377022227,0.999719204145667
"eps[17,10]",-0.0963575828815017,0.00843485245332224,0.935287277832838,-1.90335724426947,-0.746603055220409,-0.106481909802975,0.540275688463162,1.72517331952511,12295.1851676082,0.999938908354105
"eps[17,11]",0.0824320485752383,0.00898097046710318,0.924872923118659,-1.71919582616675,-0.534181162834166,0.0871275628430242,0.69876057765475,1.92527166199234,10605.1689995494,0.999977193835918
"eps[17,12]",-0.0259071413340092,0.00883351638909176,0.971331755650989,-1.95654189145522,-0.686909669428212,-0.0115317217878394,0.62030627386226,1.90599265673213,12091.1591150242,0.999723105143833
"eps[17,13]",0.0438908266408459,0.00881147471800068,0.986755021540519,-1.8995910694948,-0.635965627583002,0.0449904491584504,0.713232919653297,1.97750246920614,12540.6917027209,0.999848545887864
"eps[17,14]",0.579674550604022,0.0142295271045414,1.05738774052704,-1.46164180606905,-0.139204225725486,0.572006724680653,1.30100251287618,2.71684888741162,5521.88817233793,0.999776276557279
"eps[17,15]",-0.158859396279585,0.00868457241631347,0.945356463252082,-1.97875173621956,-0.80199963613379,-0.168427430271143,0.474764058091914,1.69419213775068,11849.3441640086,0.999679073028832
"eps[17,16]",0.0723370429860577,0.0107372765042457,0.959608835687657,-1.82279956944193,-0.568990822815518,0.0842566626255043,0.723062383727377,1.93366646445206,7987.30377621324,1.00074553714405
"eps[17,17]",0.0366119167248055,0.00805768113679298,0.957404366894811,-1.85570191401509,-0.608388934826554,0.0446960494940289,0.670841481130881,1.9263665691588,14117.9179519894,0.999692113760383
"eps[17,18]",-0.0194123422164919,0.00783714600374696,0.972714948013887,-1.88648411028925,-0.66672574357328,-0.0329300663908703,0.621820202641123,1.92788297215947,15404.7730501876,0.999968251120218
"eps[17,19]",0.0720928367031873,0.00905532473609519,0.978696825125168,-1.83546218711875,-0.579797831780769,0.0686546122008093,0.729318401764435,1.98248163040833,11681.2226082712,0.999930506575292
"eps[18,1]",-0.291898345511022,0.00822744789303856,0.885642001843221,-2.01837332254845,-0.87747741529048,-0.285090694535978,0.291851502938328,1.44003023363421,11587.4034612519,0.99997894357737
"eps[18,2]",0.175935654346868,0.00932725999584017,0.914360378786555,-1.59939725460639,-0.449679227992002,0.186031428161687,0.800686909949958,1.96527023605562,9610.07179282573,1.00024362336861
"eps[18,3]",0.408327681161104,0.00890011848007899,0.847379331945584,-1.25458541080031,-0.151672033561711,0.406799964418901,0.974877286773816,2.08956779989888,9064.92380573008,1.0001861712599
"eps[18,4]",0.0470812633459041,0.00977107742283007,0.904902539983237,-1.72268239206057,-0.571423770760223,0.0361882949537519,0.639693308460162,1.84085522485932,8576.67010253815,0.999799564704103
"eps[18,5]",0.236082008012831,0.00958199741913872,0.910551536030374,-1.50226811769018,-0.38995707442714,0.237078314303015,0.838278658906723,2.05771493588176,9030.19156706398,0.999620439199142
"eps[18,6]",-0.0716413859836373,0.00847121523074896,0.931975089745287,-1.88579685785706,-0.674417184152742,-0.071692248723814,0.52248027173717,1.77793036284264,12103.6728520872,0.999864977690665
"eps[18,7]",0.0115905826379612,0.00926794442787254,0.929936333237466,-1.79400027961453,-0.630894449846306,0.017479750767607,0.651988282400358,1.81053145687545,10067.9161614773,0.999810771566182
"eps[18,8]",0.0107034464330171,0.00922043509838849,0.95797155982516,-1.86215643711484,-0.629605086552633,0.00950962654165399,0.67088846992387,1.84594541774309,10794.4967888999,0.9996094760113
"eps[18,9]",0.0284664593022465,0.00904080610492425,0.983865540002234,-1.85141101100506,-0.643381663087519,0.020262393148216,0.708087289607508,1.98061039964594,11842.8761865365,0.999754375088567
"eps[18,10]",-0.372919433959777,0.00937489692923132,0.923285566579575,-2.18179609628395,-1.00574126861526,-0.381157613033692,0.237894581269773,1.49210278340278,9699.27090560739,0.999657414475708
"eps[18,11]",0.297142107827568,0.00875324004898339,0.948589895954319,-1.60988860305615,-0.323597762958012,0.318137253690875,0.942567291414071,2.12732548795007,11744.0883923483,0.999825863641512
"eps[18,12]",0.0252081311699122,0.00871651063658686,0.96443237240143,-1.87148371474134,-0.612560223197596,0.021131818259019,0.682695895195523,1.86827784795382,12242.1650466985,0.99965359641311
"eps[18,13]",0.129329160307625,0.0125810509855926,0.954605714160044,-1.74846280805354,-0.516703845151029,0.115270915679966,0.767328060099777,2.03382291720222,5757.23841600138,1.00160852549404
"eps[18,14]",-0.0579720723351534,0.00895612749473225,0.987356017934691,-2.03233142744248,-0.718564066559705,-0.0589242179733104,0.610375846226666,1.89521776738294,12153.6582552492,0.999962267798648
"eps[18,15]",-0.417448703820399,0.00956830921010144,0.941888596723351,-2.22540880556696,-1.06733208778895,-0.427986658112347,0.205600882658884,1.42659967184402,9690.10928139921,0.999922570231255
"eps[18,16]",0.125056198845817,0.00882060646792607,0.98912604126122,-1.8113103387969,-0.53299657486092,0.120641647030392,0.806291581748682,2.03379708326519,12574.9532453222,0.999615408860358
"eps[18,17]",0.0167364569814938,0.008294980094342,0.977142332586214,-1.90678803483562,-0.644409034132611,0.0168250445525977,0.669902071601799,1.97626683649831,13876.6604236069,0.999620363824646
"eps[18,18]",-0.106556677347855,0.00994743686454438,0.977832472273547,-2.0380600350521,-0.772412283850185,-0.117431281798334,0.531879110508786,1.83786942716099,9662.87870472223,0.999746138208227
"eps[18,19]",0.0937123572058356,0.00825199543612886,0.973898208373177,-1.80938439925262,-0.560759802597482,0.0964825369793133,0.751258094233227,1.9791830044295,13928.6548111625,0.999740252806149
"eps[19,1]",-0.51244425100826,0.0101790809963083,0.922266930136028,-2.34172828920671,-1.1354836974363,-0.508742918760503,0.10763757964091,1.29852581498105,8209.11108369995,0.999749668088473
"eps[19,2]",-0.329909035904242,0.0103508822143668,0.932342541937533,-2.13200518572176,-0.96284903448268,-0.322768233196604,0.290607845925859,1.48115014763954,8113.27635051946,1.00044166495101
"eps[19,3]",0.786454461107543,0.00851700040069717,0.81883068630062,-0.820362096858732,0.230476965176463,0.781233504800662,1.32762709459003,2.40633041929863,9243.04110203493,1.00029523692145
"eps[19,4]",0.840579376319213,0.0127196830562927,0.927555619438457,-1.05107513825522,0.230056702004334,0.877005424992334,1.46256994937297,2.64045029636125,5317.74296800225,1.00010828878516
"eps[19,5]",0.537397759597514,0.00993797654536252,0.902058402008286,-1.26828047397528,-0.0717539700402638,0.551554295135477,1.14431649581489,2.28596390057954,8238.9786439693,1.0002742089935
"eps[19,6]",-0.386735876336378,0.010323928532301,0.951224770993093,-2.22195486999047,-1.04636808155938,-0.391658866079656,0.254608367138998,1.4890591271767,8489.38683815013,0.999931078177412
"eps[19,7]",-0.234514658851448,0.00923501713682749,0.947415812398233,-2.08077397859433,-0.86630064431555,-0.236446299575838,0.395272805089852,1.62261090264551,10524.6059954729,0.999890227495648
"eps[19,8]",-0.426036253158199,0.00929193131672239,0.949276274513486,-2.28180880309354,-1.07618542348896,-0.424779471982707,0.21228260333153,1.44349218117126,10436.9420295083,0.999816318639804
"eps[19,9]",0.0205049853596295,0.0097306955378853,0.96423584515449,-1.9013368797795,-0.612358491960422,0.0289295826868159,0.651217823635132,1.91930083680173,9819.26036911464,0.999751636683892
"eps[19,10]",-0.382443467322896,0.00872788652568662,0.941964450240464,-2.14709649581354,-1.04228646195195,-0.398828753107283,0.251868780458995,1.49372458280114,11647.9860872449,0.99983526435385
"eps[19,11]",-0.285095940655447,0.0104027040643615,0.964730725614924,-2.14357776604012,-0.943612104000191,-0.292015378485456,0.360898916799352,1.62087410865272,8600.42144344167,1.00014479682183
"eps[19,12]",0.0258219032947525,0.00808583896374609,0.960405780214519,-1.86696026901616,-0.620447111631347,0.0193489711833122,0.676225209874084,1.86668367229461,14107.8019707957,0.999790778293019
"eps[19,13]",-0.00978437157609021,0.00967740937206363,0.958445475307245,-1.87296119007405,-0.660095051015686,-0.0100203429426756,0.625498101311846,1.88671683356609,9808.81621107648,0.999905193781027
"eps[19,14]",-0.0697057424630467,0.0094414495500351,1.00850243470853,-2.06197882384632,-0.746704195512154,-0.0646817184634514,0.624380819519528,1.89308289693112,11409.7610258235,0.999664360716964
"eps[19,15]",-0.3571137889849,0.00916624866722846,0.957559233692624,-2.23880626849055,-0.992376447066711,-0.35282129380152,0.273847794750353,1.52609742760944,10913.0972990654,0.999596801771621
"eps[19,16]",0.0450284032204023,0.00879942187631065,0.97759981093105,-1.85597573091431,-0.625204672220747,0.0597369286903853,0.717450242319314,1.96582048847523,12342.8069987554,0.999943830650336
"eps[19,17]",0.0505127372514748,0.00877382982860445,0.996900783236661,-1.9278337116486,-0.610998998600902,0.0515433706860567,0.726184523779779,2.01088115261317,12909.9767668284,0.999862710212288
"eps[19,18]",0.0776868849069623,0.00841334075728984,0.990914494551626,-1.86753676101967,-0.588170989486964,0.0737526660659331,0.757487122390926,1.99129052896632,13871.8825796449,0.999988466692276
"eps[19,19]",0.161257829919642,0.00873568175690962,1.00593788434052,-1.80676502235619,-0.525994543701176,0.1798068996145,0.846058477963118,2.13327066419528,13260.1586510486,1.00000518789402
"eps[20,1]",-0.0799944135254915,0.00911121208193882,0.921300810421866,-1.92444898080107,-0.674263826979273,-0.0799569428267254,0.541009714999434,1.70706849832123,10224.7004789365,0.999770766520486
"eps[20,2]",-0.535652022115152,0.0114085348500866,0.924269303233056,-2.36604194874323,-1.14786840943808,-0.534218741631696,0.0684409492727897,1.29589308316059,6563.52754607879,0.999778260424554
"eps[20,3]",0.966830532039981,0.00882504982603474,0.833362483991431,-0.655562692496729,0.408019245141013,0.973831580949097,1.51810625681583,2.59295493378506,8917.30372685316,0.999935401029256
"eps[20,4]",0.926698646540291,0.0120406675343119,0.902787939686565,-0.930850464907152,0.347284271281937,0.955515784307843,1.52908986376659,2.64475785121724,5621.73497325283,1.00020629302268
"eps[20,5]",-0.0676738903487864,0.00910213911701393,0.894844568416236,-1.85734258701341,-0.666445756922518,-0.0693905461001423,0.524309660069649,1.7106308187503,9665.14279360873,1.00007423897532
"eps[20,6]",-0.226008526579373,0.00887403118470194,0.931845159745336,-2.01619076875249,-0.872327574573097,-0.23472763240935,0.404714509590829,1.60325789949115,11026.7012004856,0.999823825590321
"eps[20,7]",-0.402528744033161,0.0095718698679893,0.952224136618164,-2.21922680101549,-1.04086778774339,-0.417764416406959,0.232483127009625,1.51442978329075,9896.57225837809,1.00026377669298
"eps[20,8]",-0.306058578475687,0.00814853892538846,0.937898950456092,-2.15926289511785,-0.944938920378509,-0.312585520900096,0.317580635206201,1.5623708191036,13248.0698951146,0.99995901440532
"eps[20,9]",-0.013677117096794,0.0100059253458768,1.01230723028371,-1.98157279801945,-0.697951750909316,-0.016161780281351,0.670257290138821,1.95679397884573,10235.5258849619,0.999849440965706
"eps[20,10]",0.13994632838952,0.00885919079493292,0.962579487013086,-1.74281044584508,-0.514235188122063,0.142592860395718,0.795953156170664,1.9966078829828,11805.5192863703,0.999699731885253
"eps[20,11]",0.486973950866515,0.00891188785386592,0.957400679480804,-1.42102526690743,-0.146860853229613,0.476181013921784,1.14186649171779,2.37195442207761,11541.1221408787,1.00026671920238
"eps[20,12]",-0.261791784959164,0.00978477824048358,0.996428610930217,-2.23315909101575,-0.943299000648276,-0.240028750732306,0.394790205938524,1.70440646118852,10370.2781123031,0.999953374935698
"eps[20,13]",-0.171346242451154,0.00915032493555282,0.963248154552653,-2.02211606001335,-0.831830659282105,-0.163038878840146,0.465828366732878,1.74307226963615,11081.6221589268,0.999890776444218
"eps[20,14]",0.00626551857565834,0.00876037936041236,0.998636543355871,-1.92592700455514,-0.663749812071367,0.00758795348258124,0.684262520379893,1.98745458312065,12994.7845044978,0.999844653144806
"eps[20,15]",0.198589396208338,0.00978385104177877,0.965929614829572,-1.70890036429845,-0.451483027167434,0.215748834543826,0.850601657877031,2.08672075271008,9747.0074720565,0.999764741195333
"eps[20,16]",-0.171499917132465,0.00932391717866206,0.992930350783613,-2.0852142554013,-0.848240568988532,-0.175162182713212,0.529635402715283,1.75122887928685,11340.7233837522,1.0002316762783
"eps[20,17]",-0.229767240200218,0.00825668016136976,0.986049746666943,-2.1525912183567,-0.882299443062162,-0.238099563516375,0.431686133455732,1.73248184952945,14262.2067666177,0.999919476059328
"eps[20,18]",0.0971971799698444,0.0114753165654911,0.996604380669049,-1.91375285505801,-0.560211501484185,0.104276955623647,0.762454164389096,2.06983035969744,7542.51588395539,0.999908589691209
"eps[20,19]",0.268588317372897,0.00907081829203885,1.00470021508432,-1.67726899375951,-0.405589590423578,0.267797021547706,0.941302713967472,2.2466172732481,12268.177647874,0.999768898721576
"eps[21,1]",-0.324244269075853,0.00867446975210193,0.897846951760332,-2.05159642170258,-0.943840306761126,-0.327286972333448,0.285407576868565,1.45932196029843,10713.1886151612,0.999878033276244
"eps[21,2]",-0.756111469664746,0.0093488299860967,0.922163630259268,-2.54412270009638,-1.39213952554109,-0.76171837298246,-0.140432117459111,1.08788905901672,9729.74494292484,0.999749572139278
"eps[21,3]",0.605523178770982,0.00799901918496487,0.847799992344133,-1.10595195888357,0.069528822966353,0.602116438995148,1.15277922381624,2.27748957525357,11233.4547386409,0.999753567383532
"eps[21,4]",0.132353197814092,0.00863306014484339,0.883481957174173,-1.60559835993858,-0.461178050046379,0.131100463975226,0.708154014918663,1.90029698528244,10472.8729757434,1.00018947886673
"eps[21,5]",-0.0638888342505568,0.00805478250930457,0.883921092169918,-1.78365537950762,-0.638006181126037,-0.0494789304628627,0.521425303834037,1.67273669681679,12042.5749429452,0.999737097744752
"eps[21,6]",-0.12647616515934,0.0104123392053611,0.941392288461818,-1.96931072272628,-0.758431159869462,-0.143181545156617,0.516808807330804,1.72633035862576,8174.18866457356,1.00021396374113
"eps[21,7]",-0.408822663508487,0.00960304237314551,0.970534521031385,-2.29378620588738,-1.0621885143028,-0.422750110186783,0.228439595584381,1.51005181203885,10214.1982882076,0.999568736821993
"eps[21,8]",0.0523971827373234,0.00924287373293915,0.931387587839396,-1.77416349847652,-0.580406547708374,0.0511582058454582,0.689290751406007,1.87410361564936,10154.2266194884,0.999783706975475
"eps[21,9]",-0.0291313685883316,0.0115047298307615,1.01260527109016,-2.06891468530678,-0.718580876618561,-0.0234491306262119,0.661483278347996,1.93014709744061,7746.89230602821,0.999933131615827
"eps[21,10]",0.465132880319205,0.00940003675771867,0.946766928021175,-1.38489656178062,-0.166816160622556,0.471955922814531,1.10922150184694,2.32815940574925,10144.4160902196,0.99977629619404
"eps[21,11]",0.0444255893461597,0.0104664948285564,0.983423024129719,-1.86906297660097,-0.618697307853844,0.0461721804446585,0.703648018892711,1.97027678118985,8828.32306374392,0.999837942734005
"eps[21,12]",0.0923795948678836,0.00986696819979554,0.992590398693736,-1.82827769979897,-0.584429649651143,0.0850958438942816,0.750048504792015,2.06873145035209,10119.8175545441,0.999661976073846
"eps[21,13]",0.0274206742734172,0.00892800363773898,0.988752685574862,-1.905570874971,-0.642903275630713,0.0310605865878226,0.702615824757844,1.97961028195614,12264.9740907424,0.999894007642624
"eps[21,14]",0.0780984985276969,0.00912654154109035,1.01527276902899,-1.91573935015922,-0.628372734423929,0.0891698389703565,0.762947149499836,2.04623700885359,12375.2222174715,0.999872120623895
"eps[21,15]",0.346874956305661,0.00973027562928534,0.972587521219142,-1.54214755092844,-0.294907215811143,0.3349605876907,1.00493627232307,2.24746393778028,9990.95725087377,1.00095423719194
"eps[21,16]",-0.149603728173475,0.0080763853701131,0.97984143127636,-2.07777512755441,-0.810065384466293,-0.15183534859737,0.503110734359931,1.7649520049684,14718.9737678414,1.00022682576324
"eps[21,17]",0.0353196678507156,0.00862642445350135,0.967434353607311,-1.85632147158124,-0.620512473349363,0.0399136675709117,0.691902215464829,1.92687218856747,12577.1246059751,0.999651094924479
"eps[21,18]",0.00074417718933657,0.0106705413658751,1.00466324828834,-1.92994257958628,-0.67770535077342,-0.00689464088251452,0.672698016544935,2.02513122931488,8864.78329836901,1.00018539126807
"eps[21,19]",0.222018903934545,0.00808521936054916,0.977639392798635,-1.69818240093663,-0.440939781308497,0.217009332262054,0.875950216455964,2.16565654256626,14620.8886866093,0.999746700929316
"eps[22,1]",0.201651229851301,0.0104414569396491,0.9211444824219,-1.60460853803446,-0.427728100445801,0.195712543727484,0.828793457225007,2.03964248045999,7782.75405706536,0.999777442854983
"eps[22,2]",-0.175268982467473,0.0109653178559321,0.939222980096988,-1.98702394008788,-0.812336675269794,-0.174931444636952,0.450024014246497,1.66886889727797,7336.60216157994,1.00111295284737
"eps[22,3]",0.0518514420164916,0.00820823943221682,0.851755435726208,-1.64684321952769,-0.510738837460938,0.0622592487711178,0.614350621726397,1.73799119358391,10767.8697901842,0.999656979529784
"eps[22,4]",-0.178832855257172,0.00963202127868516,0.920038466691729,-1.97027836798116,-0.804804665154662,-0.174774139014057,0.442916208702611,1.62798584280722,9123.82831272465,0.999838208537833
"eps[22,5]",-0.542988318544848,0.00865991543353993,0.923357395063154,-2.31218051442593,-1.15827566700665,-0.542180756818377,0.0543901734180264,1.35745755033115,11368.740707851,0.999756772340723
"eps[22,6]",-0.187478977422217,0.010256121866501,0.979192007416226,-2.09869493701176,-0.840434119688116,-0.183837060371942,0.453808608080167,1.75451751522833,9115.26658557495,0.99991988715873
"eps[22,7]",-0.00103512143043081,0.0103793584332483,1.00563515085788,-1.94514718043642,-0.688608292140815,-0.00670724647724073,0.659605482589463,2.00501038361116,9387.28213522898,0.999765824934889
"eps[22,8]",0.0118671281878229,0.00850674479808615,0.948137290730483,-1.87056737099133,-0.632510023141992,0.00614289391788132,0.645025329226612,1.89712935591973,12422.6899907339,1.00009012321147
"eps[22,9]",-0.0415948862888657,0.00953708908911576,0.997350842382449,-2.02643319514709,-0.703196277952129,-0.0449734124630313,0.621552671165757,1.95269777290579,10936.1444646958,0.99983568334763
"eps[22,10]",0.532319491891446,0.0114921043851025,0.9706266177628,-1.37166947808535,-0.114505080410095,0.530341449907569,1.17632646693748,2.39637916360122,7133.54277240708,1.00000886397238
"eps[22,11]",0.535710919256054,0.0103148780030946,0.99641214071897,-1.48710669518152,-0.127892570081652,0.548280889630514,1.20830639142306,2.45959994012584,9331.46495595655,1.00007686905739
"eps[22,12]",-0.129279981300768,0.0101197096597621,0.976292464394904,-1.99499890156882,-0.7977473881135,-0.136652811242902,0.537268330393648,1.71977059567602,9307.30121427095,0.999794120083206
"eps[22,13]",-0.180619086494291,0.00930074013132742,0.970490343221732,-2.04291874884122,-0.839072490596613,-0.177965701990768,0.466856928677949,1.71543823086731,10887.9825590745,0.99994102394525
"eps[22,14]",0.0875445843080024,0.00911834482553754,1.00291462979613,-1.91196593065902,-0.580825250036657,0.10293456603044,0.749277245122419,2.05907384628539,12097.5077656082,0.999806348014149
"eps[22,15]",0.524061717414536,0.00894180049695218,0.956435726799134,-1.38227435632533,-0.12332833928594,0.526536262374678,1.17709248317403,2.37666338309291,11440.9379157631,1.00006749542553
"eps[22,16]",-0.101641648056218,0.00903548356873086,0.944894571524751,-1.97122315133018,-0.733732008078758,-0.102465603747321,0.53268650310401,1.79076542406016,10936.1361149633,0.999666823036771
"eps[22,17]",0.0838644000589837,0.00872919742848961,0.982192476845557,-1.83175462561824,-0.576240014850244,0.0877982485023775,0.745768004607797,1.97553977446226,12660.3168381333,1.00021360865798
"eps[22,18]",-0.0690591901343469,0.00919039441900496,1.00758340665904,-2.04811996800125,-0.742278320891463,-0.0643079716498969,0.616574986492105,1.91870431754646,12019.7023497227,0.999587135931673
"eps[22,19]",0.0455479452234393,0.00787741088375262,0.999173559847944,-1.91322867679908,-0.63102833416126,0.0601060870305081,0.732279797160889,1.9655062582056,16088.4745896831,0.999579258142741
"eps[23,1]",0.529348741856189,0.0102745379507935,0.968137154948727,-1.39917901421565,-0.109949416551449,0.54739023024092,1.1662396261957,2.44211233011502,8878.69575103274,0.999720639401491
"eps[23,2]",-0.14329555447895,0.00958355037976098,0.94458330400444,-2.01088498074491,-0.776308968690045,-0.135215252750292,0.494238063568952,1.69285764613327,9714.66142953523,1.00100558488396
"eps[23,3]",-0.472140625315458,0.00876487936391448,0.843553574555728,-2.07733801675745,-1.0445784929975,-0.482670696338641,0.0723625082753643,1.22910949621119,9262.61161128022,0.999709501911384
"eps[23,4]",-0.229063036221661,0.0112417133628375,0.946520904549329,-2.12955583136087,-0.861373302043639,-0.218718470946545,0.402845988071336,1.59192031604825,7089.17022838672,1.00011588330549
"eps[23,5]",-0.31140871807289,0.00897449074262035,0.927513195076296,-2.12290424394282,-0.942545001178885,-0.313632754200529,0.296699188109606,1.55693731904885,10681.212753492,0.999774045587811
"eps[23,6]",0.240398246007404,0.00990418844996043,0.982920459838256,-1.74584726944528,-0.409094601940939,0.241633865592165,0.910885129685115,2.15702895568824,9849.15472184527,0.999940645537702
"eps[23,7]",0.466889548405569,0.0108212643129458,1.00802228109562,-1.51831119391376,-0.208284928713616,0.46206690245774,1.15136939711967,2.45127007761584,8677.2928282595,0.99997168026607
"eps[23,8]",0.0162428869601441,0.00913638107363026,0.981260780417331,-1.88520846787137,-0.637632764612587,0.0098352275210159,0.686295816338602,1.93394007335931,11535.0762901913,0.999740470109443
"eps[23,9]",-0.0194760349148101,0.0118490350673202,1.05249342397761,-2.04067696646849,-0.73725506793035,-0.0180907079759398,0.706307134165079,2.00785407129199,7889.92386608511,1.00071694117762
"eps[23,10]",0.0253506872772158,0.00950590541104826,0.989259491055789,-1.86455243082311,-0.645661502803967,0.0130253268229123,0.689908511907896,1.99087593480645,10830.1251244849,0.999870344175972
"eps[23,11]",0.909280622375136,0.0107164615185737,0.973355687641834,-1.0606727064603,0.261946430723407,0.914796282071368,1.57209534482488,2.7873415327548,8249.74119315294,0.999777026549829
"eps[23,12]",-0.0576085246468607,0.00804983347286943,0.966246173555233,-1.94194529265246,-0.713410744693676,-0.0469782800711931,0.597674654768767,1.8355223564711,14407.9363672485,0.999756330538407
"eps[23,13]",-0.194530683199897,0.0089494549497084,0.975926266909455,-2.10944387340829,-0.860146051072488,-0.183288975574838,0.463996827245734,1.7199790314134,11891.6150465556,0.999813673485842
"eps[23,14]",0.0602800535306587,0.00844706792061074,1.01320524569555,-1.92567966193906,-0.626802702076757,0.0632794197870404,0.754748183754024,2.01394360980296,14387.4188387204,0.999881325931531
"eps[23,15]",0.262299824101948,0.0109546295116664,0.950459656596009,-1.62153174948384,-0.363423991708622,0.279001387786808,0.896682763826917,2.12543238004923,7527.86784901919,1.00016291423322
"eps[23,16]",-0.128631285689955,0.00801327022272931,0.971465415538154,-2.05117684701141,-0.779789532093692,-0.133223808974616,0.526527097465239,1.73876527824275,14697.2171858644,0.9997352994294
"eps[23,17]",0.171819337923279,0.0106394863693864,1.01884260806195,-1.83391168505222,-0.516382637694462,0.175556463125034,0.85312639643689,2.19410544189628,9170.07468487475,0.999945703610045
"eps[23,18]",-0.0622162715673301,0.0106114019649791,1.00735297281577,-2.04080553584538,-0.740597757790077,-0.0704419622560928,0.619885730699583,1.94487454463201,9011.93006029355,1.00124734708177
"eps[23,19]",-0.142880470638143,0.0086332464339671,1.00843698322882,-2.13806464854469,-0.822812352950838,-0.141086382426967,0.542823105997533,1.81822628069602,13644.2369603093,0.999765013060992
"eps[24,1]",0.00666485909619767,0.0102561102653724,1.01327837887614,-2.00397029864551,-0.675727789120429,0.00439495622284796,0.691775859203361,1.96744698673575,9760.95226643494,0.999714303688979
"eps[24,2]",-0.165824749617014,0.00938720075288114,0.946586669983791,-2.03694774908331,-0.792959925041017,-0.150411337036883,0.468967716173937,1.70806945039281,10168.3048320828,0.999653174025635
"eps[24,3]",0.198841593821577,0.00864291371972257,0.897356341397422,-1.61036531670273,-0.399090404096138,0.212503495774987,0.808293314749279,1.93748074322881,10779.7705604929,0.999866963343642
"eps[24,4]",0.431119574634779,0.0101680822925483,0.931347375033153,-1.44467039149572,-0.175840029536308,0.44694309211164,1.07472106579632,2.21921604867882,8389.67784946041,0.999688537196012
"eps[24,5]",-0.665330543847232,0.0121808889788383,1.03694208761991,-2.62859128827995,-1.35506917139243,-0.682323130619891,0.0102900651519825,1.3986795183657,7246.87940590052,0.999923555794137
"eps[24,6]",-0.00151490677035461,0.00853345715361016,0.978105941979075,-1.89820884934718,-0.665273985901254,0.011234399949263,0.659258137832557,1.91678888924544,13137.7734942408,1.00027432485818
"eps[24,7]",-0.0148971726675316,0.00914623998074519,1.00639413399665,-1.96368750778139,-0.684072062224602,-0.0127581203364429,0.665772928901446,1.94525653572207,12107.4032935413,1.00025728082684
"eps[24,8]",0.390287429377227,0.00883883883466689,0.999484044825244,-1.62259545346618,-0.28637597807588,0.397106908078269,1.06894066596443,2.33705579387829,12786.7831796782,0.999780611699026
"eps[24,9]",-0.000905203567122904,0.008720703361791,1.00071525879005,-1.94029916226582,-0.685686296505408,-0.00290847890884356,0.682657240776337,1.97963080737098,13167.9453585564,0.999650691377412
"eps[24,10]",-0.239121501286539,0.0096331330341162,0.97139275371144,-2.12354392992438,-0.882356202284333,-0.246227885846849,0.416743817272101,1.6635732803955,10168.446382705,0.999858917969356
"eps[24,11]",0.432112403097648,0.00821551342060763,0.940340417602084,-1.42705331969663,-0.200847552031444,0.442142686845999,1.07235217142429,2.27092259549197,13100.8896254099,1.0000152938323
"eps[24,12]",-0.212512919099827,0.00881795543541985,0.985523579259599,-2.14412879050751,-0.882094952147198,-0.205351913412075,0.438680574977203,1.73551373690654,12491.0296638979,0.999858946798969
"eps[24,13]",-0.182960289345973,0.00872212438501839,0.988237324966367,-2.13389745664531,-0.854983967341354,-0.159397598005409,0.493133657908238,1.7254578297005,12837.4260268187,1.00010937170793
"eps[24,14]",-0.0303576974121508,0.00817355815572609,0.990149504837893,-1.95005740507469,-0.69185615698247,-0.0259958636106596,0.630761041846523,1.92178875725644,14675.038023767,0.999646933106396
"eps[24,15]",-0.168003094403263,0.00853859309389299,0.980369280859454,-2.08262507316296,-0.838325842397316,-0.171641429655023,0.504566192814749,1.73854661045555,13182.7723812921,0.99978084516192
"eps[24,16]",-0.00614069259048182,0.0094007667675836,1.01245989626594,-1.97960084511764,-0.686047446911318,-0.00150160980894913,0.666284989532174,1.96515723192649,11599.2284877113,0.99976908132326
"eps[24,17]",-0.00685359516416487,0.00934361158554226,1.01765124521526,-1.97231216826183,-0.699709937376095,-0.0114524990238815,0.693106225988356,2.01204259532188,11862.285809399,0.999599838070647
"eps[24,18]",-0.00553347358050108,0.00828666595793667,0.99105939088711,-1.91276290274611,-0.67572596491892,0.00414466955513178,0.650761953388399,1.96711154710909,14303.4136109326,0.999525266261809
"eps[24,19]",-0.00176317569714427,0.00830956304983639,1.00418914263167,-1.98989709238604,-0.668908451730595,0.00623481026647306,0.661249544473545,1.96474838147615,14604.0956260929,1.00026568225065
"N_0[1]",143.646326309101,0.587428715963334,42.2244438283715,79.8283107974102,114.270489114033,137.364869568826,165.963902195034,241.362725479445,5166.75097416986,1.00077930828508
"N_0[2]",514.253637455285,6.802637944074,351.309310945649,128.530551266482,303.500601310969,441.22627024897,625.420868937262,1356.8601846356,2667.00976752894,1.00388137158608
"N_0[3]",42.023292374125,0.467919978538482,30.9262837918271,6.62557552981252,21.7430801149408,35.892538265821,54.2861387368195,113.474409679887,4368.29839257089,1.00128356260834
"N_0[4]",24.4149731842098,0.950176178372827,67.4898821018552,0.703000063058495,3.93133483072953,9.26307426335443,23.3030979304928,128.649817387145,5045.09167983056,0.999764121636567
"N_0[5]",862.829820849304,8.27357835503126,579.103520127458,234.766206111235,519.805176294156,735.028286780673,1042.59929686551,2315.217795672,4899.20532633085,1.00007192718759
"N_0[6]",351.519932785312,0.99583766532483,81.3329827053645,222.748062055968,296.257165878347,340.975288699213,395.194872043272,541.387269874684,6670.46794978815,0.999990726784475
"N_0[7]",1280.43884768025,4.03272969718206,320.738755001905,800.963535748706,1064.12106338922,1230.95319218968,1442.62377344147,2036.2726656085,6325.64261158106,0.999957849292246
"N_0[8]",298.08295677027,2.8843496491876,206.33739667218,62.1752487601125,162.674370153006,255.290517583691,380.153686694518,796.346982015273,5117.52628844479,0.99987348251292
"N_0[9]",95.8211461295404,0.270811051182497,22.9216857437119,59.8627046599226,80.2548727537532,92.9836438851838,108.402632646641,148.01325516613,7164.0786033674,0.999911892601709
"N_0[10]",520.445829982567,9.43361135391153,679.335038917605,88.0499060431551,243.647797435891,381.342580810412,616.877255050523,1684.13045282644,5185.75590116911,1.00018351039447
"N_0[11]",288.022331938937,1.02965051736211,96.8675073081133,124.074201354378,218.579354364028,280.379514638203,346.886879140805,505.049885131296,8850.6784781914,0.999874864153159
"N_0[12]",1283.91621020526,3.24831847280015,290.247724665122,786.746240403387,1084.94622649259,1260.45907646925,1457.64935855749,1911.29112335911,7983.99844893408,1.00054597228271
"N_0[13]",956.611667996032,2.96796962049722,230.53090048087,567.4300538041,796.899804655488,936.385776822282,1088.88742745969,1474.4488251142,6033.08425922085,1.00010218741896
"N_0[14]",42.3685955155116,0.199694471458043,14.5095646667931,20.8618996377669,32.5194432431728,40.2718810053525,49.7971320707976,77.0294769417926,5279.30413116255,0.999990546543147
"N_0[15]",120.355578485548,0.419234572014519,34.3634105626796,66.8756457797149,96.9513750469373,115.939460202069,139.016304697885,197.718575631273,6718.59315509096,0.999784114298068
"N_0[16]",201.090321667307,0.567504895108633,46.7632635043723,124.20026186421,169.090331402687,196.234002337725,227.309607346647,304.884116982586,6790.00978392237,1.0007735481655
"N_0[17]",189.72399344031,0.494117509447011,43.1356143628421,118.636494949631,160.228091988802,185.046406262399,213.592428807052,288.644910284469,7620.9916945374,1.00012183808511
"N_0[18]",4954.63708874964,15.1480350268167,1220.83264680249,3070.38918998718,4117.91679484879,4778.16273084159,5610.81555669557,7803.89643059212,6495.30677149041,1.00017824685202
"N_0[19]",489.808667597476,1.44660078934421,117.933851518588,291.509123247451,408.331587974952,480.04323885779,558.447569171464,747.824134694351,6646.29430981726,1.00078310451776
"overdisp[1]",4.44892821415914,0.00112090755036179,0.107004845405848,4.23317125357621,4.37883561456763,4.45155099915007,4.52274260301307,4.65055076531345,9113.12439970562,1.00007619863227
"overdisp[2]",5.60720163582011,0.000501763800851833,0.0591269411042746,5.4894358367516,5.56905859400841,5.60734898895864,5.64598502187464,5.72225544438304,13885.8404336182,0.999656440333369
"overdisp[3]",6.43245533909255,0.000346776030950686,0.0393421389928709,6.35491214074705,6.40593637840158,6.43270745124082,6.45957846075827,6.50663354918104,12871.1631020176,1.00008581381436
"overdisp[4]",5.8312646051614,0.000446112219085701,0.0538441693182191,5.72404073488329,5.79452320176795,5.83138382796905,5.86911073188623,5.9355765198597,14567.6374650165,0.999878774642148
"overdisp[5]",5.69637344112649,0.000486177470049659,0.0573472206517597,5.58266905005831,5.65762034950881,5.69692219246078,5.73499432511526,5.80727016660112,13913.4582903803,0.999747754457415
"overdisp[6]",5.93920658240124,0.000406919383380172,0.0502558656727118,5.83687143124741,5.90621646457841,5.93909071328221,5.9734740567292,6.03712789622318,15253.0523582716,0.999621142765844
"overdisp[7]",6.03629740197159,0.000598228240862992,0.049550078655489,5.93952491594881,6.00243324290649,6.03647063944483,6.07018794802726,6.13326031015812,6860.48586953756,1.00032112119108
"overdisp[8]",6.16843833275474,0.000404700851131914,0.046148217738723,6.07705833458101,6.13759785069172,6.1678571439225,6.20028282822374,6.25645280885282,13002.9421571313,1.00033615735267
"overdisp[9]",5.41358215595962,0.000674462674856613,0.0658590509349216,5.28496898611869,5.36883121077089,5.41390222081377,5.45972656490973,5.54146531698311,9534.87699644789,1.00018670930128
"overdisp[10]",5.65663308762878,0.000484095107016568,0.0588911866684886,5.54070783152781,5.61628264941723,5.65726233419773,5.69711676454788,5.76749016948199,14799.2335852885,0.999823544314558
"overdisp[11]",5.8129397483733,0.000439562225187403,0.0533174036994412,5.7085468095307,5.77707915347717,5.81281769940436,5.84931484510293,5.91584779123589,14712.8653347973,0.99966740670097
"overdisp[12]",5.78999507624685,0.000508198861404429,0.0559798742047466,5.67973759287951,5.75310445895281,5.7902825766665,5.82713078009754,5.89889432744054,12133.7896282026,0.999805452927402
"overdisp[13]",5.57014967759675,0.000565470383775638,0.0618138093250912,5.44667116613529,5.5291308714846,5.57079601416631,5.61168394736596,5.69010570603611,11949.5427833781,0.999964922934937
"overdisp[14]",6.18659448739809,0.000387332732110835,0.0444739955479425,6.0970331587024,6.15653953120511,6.1864790226882,6.21674708064007,6.27511260008992,13183.8999345324,0.99967151371652
"overdisp[15]",5.73252823958729,0.000485188975557401,0.0562419618745596,5.62378879743171,5.69310092200524,5.73281194974085,5.77038712970346,5.84167093745693,13436.899680754,0.999959020728628
"overdisp[16]",5.40891693134027,0.0006163943931483,0.0665374752331726,5.27736346722008,5.36556444567717,5.41030429358431,5.45348031158365,5.53508142021557,11652.3970821886,0.999842578864947
"overdisp[17]",5.24311750006672,0.000669322147965644,0.0727044666678957,5.09971303360653,5.19521085589785,5.24260153814982,5.29158528739901,5.38708398916999,11799.1791104296,0.999635784353345
"overdisp[18]",5.68738255846453,0.000530438848929604,0.0573830674867101,5.57467085566138,5.64846183323583,5.68795274902763,5.72609054566395,5.79828558860589,11702.9910449461,0.999782033142339
"overdisp[19]",5.77720771979277,0.000525289469998102,0.0555183488414491,5.66601004285574,5.74043834363514,5.77798825262566,5.81361670743728,5.88460391152818,11170.5792186607,0.999860267827675
"overdisp[20]",4.86715262523817,0.000771716508098983,0.0839297090732672,4.69757788575874,4.81176579551002,4.86888989319047,4.92282851337262,5.03046186569308,11828.1236076707,0.999746471249959
"overdisp[21]",5.18098479682789,0.000656109206626074,0.0740181162154452,5.03550128610808,5.13244920827245,5.18179413595095,5.23135605519869,5.32646567981846,12726.9340067627,0.99958303881613
"overdisp[22]",4.76276203639063,0.00074409545938456,0.0917183306935169,4.57999799333591,4.702348748878,4.76368764374683,4.82569819410032,4.93804923501431,15193.4001077646,0.999866095213594
"overdisp[23]",4.98503026581637,0.000730088342194542,0.0818504604227704,4.82383247896619,4.92996941704234,4.9868136535475,5.03952363636099,5.14420444004029,12568.7308376848,0.999923155092441
"overdisp[24]",6.00839322605243,0.000660454162700986,0.0500831402392963,5.90729562700775,5.97570461651495,6.00941953066203,6.04242018465085,6.10537087870655,5750.39581712577,1.00058621232393
"overdisp[25]",6.73721387315347,0.000331214323753769,0.0344828664868643,6.66950780783332,6.71434599934143,6.73730942893679,6.76055556635653,6.80443540387306,10838.9821494681,0.9999952359351
"overdisp[26]",6.37080424845415,0.000327291795943493,0.0408281792439883,6.28899598305263,6.34398240555976,6.37078035134717,6.3979825907871,6.45141970826229,15561.4401613953,0.999619679166155
"overdisp[27]",7.05966221071343,0.000281676780986257,0.0292106901022602,7.00212462178446,7.04019731196444,7.05977151488462,7.07973969287585,7.11560724224285,10754.28487927,1.00003546175846
"overdisp[28]",7.54339935238131,0.000198730479012197,0.0229808984539034,7.49781525201448,7.52836372264091,7.54346757469262,7.55890107139339,7.5874210255343,13372.2672868912,1.00025397646992
"overdisp[29]",7.20366809604469,0.000223568018261766,0.0268268278837931,7.15119081758408,7.18547613958474,7.20378623103296,7.22194646465068,7.25548996012013,14398.5676579882,0.999652158937559
"overdisp[30]",6.35625107690468,0.000325357198072999,0.041275702518098,6.27575611439786,6.32789804116276,6.35568619586987,6.38496151544361,6.43588680126526,16094.1523764463,0.999915499818213
"overdisp[31]",6.30789390336849,0.000352498635155919,0.0420855946845803,6.22493992166739,6.27959304781189,6.30810876211096,6.3372086769107,6.38921071625097,14254.502255019,0.999626056990765
"overdisp[32]",6.46755479952845,0.000321427426314701,0.0397206623739589,6.39081779362593,6.44086640969447,6.46778407831967,6.49412883742951,6.5439088847476,15270.9868231086,0.999706765982003
"overdisp[33]",6.78280142042515,0.00029274090082902,0.0339120501525669,6.71423983681199,6.76072727441163,6.78327925535691,6.80584567478012,6.84842713001802,13419.6528663516,0.999808342793422
"overdisp[34]",7.35588436878807,0.000214092873076219,0.0253447289532539,7.3053591403645,7.33925164716432,7.35580964708922,7.37292747664715,7.40605667239535,14014.2829421774,1.00001059029161
"overdisp[35]",5.73221203529502,0.000601679203447409,0.056822560757596,5.62101108459453,5.69523750446615,5.73287392751343,5.76997702880965,5.84215579592838,8918.90631200854,0.999688726477201
"overdisp[36]",7.0805514225198,0.000255007986148434,0.0284117279044452,7.02428371897654,7.06162535284097,7.08066366541417,7.09974987721993,7.1354666658172,12413.3136962092,1.00016302733766
"overdisp[37]",6.42587539913891,0.000319006699613901,0.040309572025867,6.34435638771565,6.39994554876307,6.42604295914808,6.45331208961184,6.50411915490085,15966.7588626052,0.999724261101835
"overdisp[38]",7.35319539381749,0.000228347402512209,0.0255523140144338,7.30288828403305,7.33629491593827,7.35308875563783,7.37033409555896,7.40319752227842,12521.8449014679,0.99968644385182
"overdisp[39]",6.49893862481634,0.000368016920307356,0.0383651007428114,6.42297012160361,6.47348545712927,6.49951304568414,6.52470016628103,6.57369482901253,10867.6867676987,0.999627050638507
"overdisp[40]",6.40261620012078,0.000378131936111839,0.0418972296823741,6.32027627893372,6.374407608646,6.40283807095899,6.43096909619636,6.48466186321448,12276.7637489655,0.999698996566479
"overdisp[41]",5.63768261341704,0.000537638885418468,0.0607919186020897,5.5149018831703,5.59770240466513,5.63893855011332,5.67908847160913,5.75475818456976,12785.283304107,1.00034026935759
"overdisp[42]",6.49135218519669,0.000353030326311829,0.0382126114864089,6.41590245695471,6.46579341245821,6.49181924696034,6.51706379976381,6.56497543850833,11716.2710242938,0.999725936983876
"overdisp[43]",6.04382139268551,0.000399249028230024,0.048948548465757,5.94742666760852,6.01102038753229,6.04432726376199,6.07683237688784,6.13785720413877,15031.1393062246,0.99975441642339
"overdisp[44]",2.9521301950594,0.00274311537989075,0.237795088148699,2.46790313536814,2.79895000747913,2.96564750431988,3.11895678732086,3.39120453292121,7514.80315611818,0.999715373312402
"overdisp[45]",4.74059649896392,0.000821357626302719,0.0925983217674269,4.55911411299872,4.67723735847884,4.74088085541693,4.8038616113157,4.91769757233163,12709.885658546,0.999744908853825
"overdisp[46]",4.80404057170008,0.000820323096714393,0.0885656270445859,4.626751396874,4.74616669560034,4.8059463794251,4.86330197778873,4.97278975197943,11656.2948477875,1.00027102257204
"overdisp[47]",5.20199484768622,0.000599462130009354,0.0733984344077084,5.05772645737109,5.15243091463866,5.20234892504601,5.25250680053426,5.34070383572487,14991.6725591247,0.999661297180815
"overdisp[48]",5.70571701199524,0.000679747888870168,0.056882995702627,5.59441354996119,5.66711366042359,5.70574144627496,5.74367832747619,5.81706345914437,7002.75908082773,0.99978879158847
"overdisp[49]",5.67393438356867,0.000470508683824537,0.0590024866747736,5.55715259793271,5.6351219680172,5.67395140939531,5.71367711316319,5.79098406542464,15725.5319166371,0.999687383158697
"overdisp[50]",4.97369739972647,0.000727035871460499,0.0823184177525498,4.81035320057968,4.91840608517935,4.97455804644462,5.02939055412365,5.13191352657194,12819.8324774175,0.999874556976505
"overdisp[51]",4.48061111621378,0.000940626573998727,0.103689161208257,4.27221068194952,4.40993540069045,4.48253051009531,4.55217193681176,4.68146654909907,12151.5655658406,0.999888581166476
"overdisp[52]",4.25279767579346,0.000950291255631531,0.113826614643011,4.01944413018865,4.17812706278815,4.25543282377561,4.32894197390856,4.47182733900438,14347.4319338897,1.00009956504239
"overdisp[53]",4.32959118942914,0.000893942216930616,0.109627190553381,4.10358997713801,4.25733614028833,4.33307289843266,4.40402705599445,4.53636082818054,15038.9554838177,0.999669777945422
"overdisp[54]",4.39845303166838,0.000946592409540817,0.106743430779098,4.18698523024133,4.32458717723006,4.40054629416339,4.47189459763921,4.60099701853498,12716.1686414285,0.999946718893932
"overdisp[55]",5.34077593672585,0.000739701340815885,0.0696717960733792,5.20305737812133,5.29468602806688,5.3407168372533,5.38757704712876,5.47500316936445,8871.5846521465,1.00011827125446
"overdisp[56]",3.87467674678001,0.00119695416450092,0.14187043680776,3.58758631556537,3.78227818171584,3.87773482365335,3.96905833556999,4.14963632754179,14048.4616936438,0.999875475474535
"overdisp[57]",3.16946024431494,0.00177132438281684,0.203392532708971,2.75164360988273,3.03683778763866,3.17837543135833,3.30951958119261,3.54541012504202,13184.8079098574,0.999727239695601
"overdisp[58]",4.18062448554051,0.00138046829553493,0.120659496728998,3.93537347099348,4.10187985381229,4.18161571452157,4.26421153392957,4.40730692295367,7639.59164899779,0.999946686389506
"overdisp[59]",4.90027144151819,0.000700099547973016,0.0852334376032336,4.72451183289675,4.84535216206713,4.90161250297497,4.9575449759549,5.06508151350014,14821.7817737113,0.999847269857177
"overdisp[60]",5.00710757103096,0.000756407845392743,0.0818221237051921,4.84186229327358,4.95147552956882,5.00929301192675,5.06270150058688,5.16128210398215,11701.1742200779,0.99975283015256
"overdisp[61]",4.84356066076636,0.000819861757209898,0.0890901042105017,4.65975194331441,4.78450712886199,4.8455878279924,4.90349924777833,5.01148951550698,11808.0361972039,1.00023297171345
"overdisp[62]",5.14624422257541,0.000630109660653051,0.0760318820981651,4.99521807255661,5.0959460768171,5.1479401489084,5.19702704871462,5.29388857566691,14559.9272861424,0.999925489736763
"overdisp[63]",5.67582363889987,0.000542507814107401,0.0589984759727447,5.55956138950085,5.63576543446609,5.67584983613794,5.71704625918561,5.78600738896472,11826.863665345,0.999612008849593
"overdisp[64]",5.73488694785931,0.000453872523484966,0.0568814285867687,5.62177445989354,5.69691135916429,5.73526255731731,5.77296883633959,5.84756749037301,15706.2753178211,0.999858291042955
"overdisp[65]",5.55135270548198,0.000602964606573386,0.0625889306912741,5.42555666808185,5.50930582521215,5.55263256391396,5.59481225558629,5.66868778997721,10774.854721884,0.999853592013362
"overdisp[66]",5.63700386441958,0.00049865041944817,0.0584306405553902,5.51957720378316,5.59754755086719,5.63829804857757,5.6762911136112,5.74971688288377,13730.5810899243,0.999954892506568
"overdisp[67]",2.76054162407022,0.0025326839216521,0.24258201508491,2.25692405951893,2.60471640746487,2.77481367650434,2.92901217134258,3.20079241376168,9173.92556448957,0.999758402412866
"overdisp[68]",3.45359669134693,0.00149632034788412,0.166204783725742,3.11729439663865,3.34105691527188,3.45833373258424,3.56978004809932,3.76319692220001,12337.8042506568,0.999705375894009
"overdisp[69]",3.23941974138735,0.00179617714783275,0.185679330533491,2.86318840383633,3.11683948163061,3.24479015492162,3.36618380282817,3.59177458651857,10686.3351299451,0.999544290611178
"overdisp[70]",4.86345089145732,0.000998414118539784,0.0878884645017367,4.68949362887482,4.80497552165705,4.86524424990474,4.92358056438814,5.03194053298833,7748.94050590189,1.00098868636475
"overdisp[71]",4.66483540712265,0.000841366070771469,0.0961187636568426,4.47569189927706,4.60301818440307,4.66570364039658,4.72861125849667,4.8481655562015,13051.0773293609,0.999705760008452
"overdisp[72]",4.77560775079019,0.000719995915642783,0.0901577099233741,4.59587855527967,4.71607314101073,4.77638992278192,4.83725597423001,4.94527291930223,15679.9862650528,0.999658943172174
"overdisp[73]",5.05512942126056,0.000739513247318709,0.0799294683311262,4.89282659980182,5.00397749567412,5.0563153187451,5.10872390587023,5.21078429153466,11682.1272349681,0.999759938442585
"overdisp[74]",4.84210365405257,0.0012325680947364,0.0922951899632249,4.6572379964134,4.78039515707787,4.84362284954644,4.90447341219099,5.02099875076816,5607.07406141212,0.999759578288457
"overdisp[75]",4.81659107894013,0.000892873326449636,0.0917575537627882,4.63349235884437,4.75447717845146,4.81735400215947,4.88032105325067,4.99344744263668,10560.97356289,1.00007989576454
"overdisp[76]",5.17034720706816,0.000632374490392327,0.0738209134844433,5.02153799503668,5.12136454396198,5.17055177436232,5.2205610645776,5.31480508775406,13627.3103003605,0.999944638354251
"overdisp[77]",5.97718906233729,0.000410742127526255,0.0492517131215843,5.87755838337311,5.9445567657381,5.97717310661358,6.01036772450736,6.0733266061335,14378.1889218295,0.999938506499056
"overdisp[78]",5.98551146448164,0.000396471676446467,0.050968592063095,5.88525471562662,5.95110374500498,5.98558662995272,6.0207735220356,6.08430292813377,16526.5019642037,0.999738982654901
"overdisp[79]",6.02730350174955,0.000445194503195749,0.0494992015828233,5.92742982031087,5.99422754339158,6.02891394305787,6.06067687490744,6.12255454619079,12362.2294698253,0.999804299033771
"overdisp[80]",6.38339220490555,0.000369878905773972,0.0406763240646028,6.30293798510908,6.35578716978159,6.383839169466,6.41090282494151,6.4623395229774,12093.8414017262,0.999764779030486
"overdisp[81]",7.11336532216238,0.000226117414804114,0.0291308096024047,7.05639369151656,7.09425768260574,7.11322670516363,7.13301854164856,7.17033626493156,16597.2863289566,0.999623787984674
"overdisp[82]",7.84434924746192,0.000156848245539347,0.0198300741843382,7.80561435233588,7.83063702141698,7.84415953688272,7.85787878505867,7.88362190578911,15984.1426770043,0.999837554354099
"overdisp[83]",7.0123937215458,0.000316861525820975,0.0301735474629853,6.9536766066167,6.99147112422081,7.01295674910503,7.03345547006669,7.07103816137163,9068.04625626321,0.999709831028924
"overdisp[84]",7.85749232215381,0.000169352437294526,0.0196759524745874,7.81935096971073,7.84396538709261,7.85812934130871,7.87075010640533,7.89527746604914,13498.5968581826,0.999937973865113
"overdisp[85]",7.47325122004874,0.00021608092452131,0.0240464102127323,7.42546820725685,7.45730329723189,7.47348383802521,7.48946477904042,7.51973601455628,12384.1910839342,0.999970324155642
"overdisp[86]",8.23975009976648,0.000140767959012476,0.0162746242964744,8.20780977919641,8.22905285601813,8.23965355545226,8.25066534493583,8.27142892282581,13366.3957484518,0.999884415560904
"overdisp[87]",5.11906152764762,0.000683502768046381,0.0779688577975676,4.96340969081731,5.06579375473846,5.11915786198824,5.17368273619094,5.26999401648785,13012.5313474586,0.999759606481384
"overdisp[88]",6.75403947178431,0.000288642144192029,0.0341477759584274,6.6867191040302,6.73116974081846,6.75413230145536,6.77723043543383,6.82116620519257,13996.0460473693,0.999564704839945
"overdisp[89]",6.13397981716386,0.000405965154540643,0.0458979265529893,6.04471308938572,6.10277128502901,6.13356415239145,6.16614351251371,6.22274064643749,12782.2885472391,1.00012218326813
"overdisp[90]",7.39996573783086,0.000211443470026982,0.0244814802000339,7.35115177499288,7.38342838987723,7.39987996289802,7.41616068995863,7.44805463365541,13405.6164722388,0.999609895984293
"overdisp[91]",6.26653209528991,0.000392460516453434,0.0435617139767513,6.18158283830684,6.23739095046158,6.26617096804354,6.29635387808765,6.35018613420407,12320.2061912584,0.999655598658409
"overdisp[92]",6.62776003583671,0.000315264324076097,0.0359196135989607,6.55613504404682,6.6038254805666,6.62782309053614,6.65213120977151,6.69760335737845,12981.1645906619,0.999675661868352
"overdisp[93]",6.76362723989598,0.000340430622624208,0.0337098901156979,6.69684796582563,6.74144921261421,6.76335896068058,6.78668372814677,6.83019795538871,9805.22210252015,1.00048762582715
"overdisp[94]",7.84898438517413,0.00018837443540204,0.0199300591075859,7.80882265811922,7.83554908519132,7.84914234533713,7.86240885812281,7.88764338020111,11193.6892475954,0.999729048873658
"overdisp[95]",7.61649784282648,0.000210223172104374,0.0220241593707092,7.57426094433532,7.60134326934298,7.61650050564056,7.6313227257861,7.65872811565964,10975.8335460561,0.999948411510091
"overdisp[96]",7.68432914694766,0.00017691928424639,0.0219262911933703,7.64190246988924,7.66946891534707,7.68427123076808,7.6990392259099,7.72700023877107,15359.6035995071,0.999818145148328
"overdisp[97]",7.21496467154748,0.000303751442306466,0.0274662697123949,7.16073389706522,7.19618419905977,7.21486060742665,7.23342419958545,7.26939942561452,8176.41004824488,1.00118344318249
"overdisp[98]",7.58263122281105,0.000193062575391885,0.0224589493891626,7.53820381494005,7.56742780966507,7.58271830855577,7.59737657660315,7.62642930803112,13532.6447905387,0.999964573935444
"overdisp[99]",7.0912136606144,0.000243497132911669,0.0288133514813756,7.03440766659547,7.07210473931017,7.0911975790642,7.11063569699983,7.14791524080676,14002.3152185168,0.999663005782986
"overdisp[100]",7.79676184761334,0.000169597639538397,0.0198318941875197,7.75724365067437,7.78333477814918,7.79704913483726,7.81020554932239,7.83487963730239,13673.7862381431,0.999595058902222
"overdisp[101]",6.18810059690817,0.000395336506341216,0.0458063477959634,6.09726906266733,6.15686928743765,6.18861136732588,6.21942118859095,6.27724721502259,13425.0988609759,1.00040144150836
"overdisp[102]",5.6905253515934,0.000546378381354444,0.0591191872325834,5.57291776378988,5.64992846664208,5.6908992827059,5.7308760255227,5.80471362535014,11707.6544316222,0.999757614045629
"overdisp[103]",6.3571779113079,0.000372491220546489,0.0415268505510068,6.27438618704069,6.3294984728761,6.3573343997602,6.38509782433895,6.43692066975693,12428.7057921713,0.999740216681192
"overdisp[104]",7.00381547865738,0.000244066894036851,0.0306519137797814,6.94344896261595,6.98375461177359,7.00412002294042,7.02459646311732,7.0627824798822,15772.3876207582,0.999803005225862
"overdisp[105]",6.81236579422947,0.000275027586870835,0.033704996627302,6.74488267918225,6.78914989059577,6.81289125902182,6.83513149688252,6.87849429493343,15018.8285467876,0.999652413848707
"overdisp[106]",7.30518181912069,0.000236380647118669,0.0255401780255156,7.25366129385058,7.2886277393099,7.30523255640255,7.32181478095493,7.35587187235117,11674.1160387011,1.00025081249595
"overdisp[107]",6.10057894514704,0.000381611726556878,0.046773729070081,6.00849911838735,6.06871438234211,6.10156218903416,6.13193302975824,6.19101286313075,15023.1349381658,0.999686040089184
"overdisp[108]",6.77150116291588,0.00027867067972613,0.0337061205269017,6.7050070355992,6.74881909184247,6.77137917209252,6.79409164493972,6.83714001822473,14629.6853298676,1.00029231291928
"overdisp[109]",6.99628174701525,0.000245575603510736,0.0306549573635231,6.93454663336752,6.9760371699453,6.99677576589392,7.01693079058278,7.05573959652637,15582.2795997476,0.999676781692912
"overdisp[110]",5.95225982449552,0.000391945920396295,0.0501704166767362,5.85214665450136,5.91826861191413,5.9530378532259,5.98624398057948,6.04689075143882,16384.8744937869,0.999803589965789
"overdisp[111]",6.28938732824113,0.000376311680157715,0.0426950717990185,6.20501790714776,6.26056761771473,6.28981282286974,6.31813913358402,6.37278635050508,12872.4169842673,0.999690337417474
"overdisp[112]",5.52637673952879,0.000552857808842907,0.062893922359219,5.40239294018852,5.48481899082865,5.52812183340278,5.5697742282479,5.64495018725638,12941.6742477099,1.00005613703337
"overdisp[113]",5.87186828646069,0.00041331657011845,0.0525552811162862,5.7675884952659,5.83595453264814,5.87233462276309,5.90783186464042,5.9749132596009,16168.401804049,0.999651423246394
"overdisp[114]",5.47429495057217,0.000601679526513046,0.0645887390150224,5.34660589504616,5.43108687813851,5.47537579958681,5.51808499802879,5.59757641476951,11523.4665028683,0.99974295322335
"overdisp[115]",6.57005268459573,0.000329897137920292,0.036450387973528,6.49672360968424,6.54575444909248,6.5703742522865,6.59473197133961,6.64135093885643,12208.0757389466,0.99976632490738
"overdisp[116]",6.27074898298012,0.000347512299542447,0.0427659518420599,6.18605475542354,6.24202465634943,6.27102389035556,6.30053231744955,6.35323366858941,15144.5343527178,0.999657407111928
"overdisp[117]",5.89721239550438,0.000583293573462285,0.0534187439311862,5.7935624152497,5.86103159717873,5.89697229042303,5.93365195975784,5.99931853873882,8387.12200936566,1.00063345801701
"overdisp[118]",6.00854068831437,0.000403166817088432,0.0481303011904318,5.91220762171046,5.97664333516045,6.00929211154134,6.04091773729333,6.1030464175855,14251.7304198247,0.999849537149446
"overdisp[119]",6.94751695544568,0.000286931263154201,0.0313100463734019,6.88754860857383,6.9257740005305,6.9480053837479,6.96924288847775,7.0079206603932,11907.2557372238,0.999891577531038
"overdisp[120]",6.90562725261148,0.000282273077003639,0.0317203060676315,6.84360451246309,6.88409950393606,6.90559590347993,6.92750973497221,6.96845572717088,12628.0363524063,0.999703287202912
"overdisp[121]",5.93678883720244,0.000404596991678748,0.0512257927212418,5.83267008917064,5.90264363859223,5.93794068832337,5.97153164980729,6.0361793548454,16029.9466540837,0.999888747863749
"overdisp[122]",5.76646053986979,0.000505752028347242,0.0555032533886012,5.65703524017927,5.72889739526799,5.76705269836801,5.80424117245943,5.87255581053313,12043.7467466669,0.999958478860091
"overdisp[123]",6.04479592397133,0.000423323896933663,0.0477188108253987,5.95164514606683,6.01252149831509,6.04504560714424,6.07738695576495,6.13761464741768,12706.725668598,0.999830094696054
"overdisp[124]",5.4635293512612,0.000501953407686422,0.0649927223558703,5.33514606192561,5.41968013550945,5.46454233545655,5.50780378882362,5.58716947043156,16764.964706115,0.999639911144183
"overdisp[125]",6.59420452941061,0.000356366789664861,0.0374675290230221,6.52089815985385,6.56960428823647,6.594564839855,6.6193492561332,6.6667687374105,11053.9031551031,0.999935322841954
"overdisp[126]",6.95089176632144,0.000287987983555598,0.0313131477948464,6.88710937099501,6.93033036072877,6.95115763770358,6.97144770514159,7.01374706861361,11822.3747510408,0.999772413054169
"overdisp[127]",8.08899529864464,0.000144263583269538,0.0174009532202123,8.05569234720921,8.0768578312049,8.08900026770787,8.10099356611446,8.12354237860665,14548.9834106601,0.999755368492671
"overdisp[128]",7.86585095948859,0.000167076049679259,0.0195614266271339,7.82688614817569,7.8524395561381,7.86608846005323,7.87914748816971,7.90449554386939,13707.954470846,0.999913610581242
"overdisp[129]",8.48941297963918,0.000114413350512983,0.0142776340896073,8.46145967588381,8.47978495290142,8.48946468840638,8.49908275451032,8.51707549126387,15572.5268214251,0.999740050689339
"overdisp[130]",7.06024831160691,0.000234843805983213,0.0295790708953893,7.00173053758798,7.04045907926262,7.06023165451083,7.08058483267681,7.11824516413295,15863.9318803598,0.999576633550484
"overdisp[131]",8.0290003207125,0.000150506250516135,0.0177607205980664,7.99445070198832,8.01687192095491,8.02904744233063,8.04139573415856,8.06400794535239,13925.541485422,0.999688343989592
"overdisp[132]",8.10698667834309,0.000205928207591289,0.01728733481655,8.07244137083775,8.09572360535462,8.10697726541708,8.11818403886162,8.14116240911025,7047.32674842512,0.999883478618589
"overdisp[133]",8.16255061437028,0.000154407640403906,0.0169731286394226,8.12922681402704,8.15152275122398,8.16268159359856,8.17382584930671,8.19519313579337,12083.318773893,0.999598406521005
"overdisp[134]",6.96241010679613,0.000275974516643776,0.0307685428672251,6.90201626977058,6.94192934413666,6.96273350544148,6.98322846900942,7.02156616381425,12430.1364537473,0.999910169979912
"overdisp[135]",7.89452650402224,0.000169340033341011,0.0194329410255589,7.85580110435303,7.88135581381143,7.89453694200108,7.90758357576385,7.93287746541644,13169.1511848191,1.00046958834248
"overdisp[136]",7.2706092715662,0.000204386375273054,0.02649181733133,7.2186159845711,7.25268325920045,7.27050879275994,7.28858307878626,7.32291376131672,16800.3999359998,0.999582476929579
"overdisp[137]",6.92701491664508,0.000267623493133548,0.030859619274508,6.86608160308808,6.90612141737857,6.92724761153821,6.94756887263912,6.98703810344093,13296.3567026975,1.00011730550545
"overdisp[138]",6.71241712379665,0.000315072650026455,0.0346976779525097,6.64374395238203,6.68891632102032,6.71251535367266,6.73594512460961,6.77960266162947,12127.7269950394,0.999729388651264
"overdisp[139]",8.09933168823241,0.000154831208797809,0.0174834674139402,8.06483899391577,8.08773470312478,8.09934596792832,8.11074297283209,8.13326399643765,12750.8203825533,0.999861787052375
"overdisp[140]",7.34785828092035,0.00019786276327504,0.025520753388142,7.297892597549,7.3303941751417,7.34805108324962,7.36526219660346,7.39741781852783,16636.380385277,0.999628037789782
"overdisp[141]",7.48607479240388,0.000182636988337658,0.0233799270096273,7.43855580970968,7.47040575222413,7.48630966110378,7.50170131897121,7.53190247220329,16387.3537125367,0.99981518256068
"overdisp[142]",7.6966621881084,0.000188135574077152,0.0213933258868333,7.65446826227478,7.68226103460077,7.69639435297781,7.71125914601354,7.73844889341339,12930.483601242,0.999760235127109
"overdisp[143]",7.95128499799031,0.000169233742195563,0.0183638760772467,7.91507281034747,7.93891175380552,7.95155337782872,7.96361240855601,7.98714597883142,11774.8339387963,0.999804688719487
"overdisp[144]",8.23825898577777,0.00014710123066127,0.0167018018047681,8.20541083692068,8.22687500082823,8.23828461466764,8.24946956178287,8.27093005145689,12891.2205704522,0.999971536513706
"overdisp[145]",7.56097891978915,0.000209558533527581,0.0232048654652095,7.51640393282191,7.54506172659401,7.56085783433315,7.5769841014225,7.60558128853112,12261.6074550767,0.999842497193208
"overdisp[146]",7.19707894245579,0.000222614531875758,0.0275044711451984,7.14394262025256,7.17855806438392,7.19741135544239,7.21589930561897,7.2497714929716,15265.0972622063,0.999677812018919
"overdisp[147]",6.77002072482606,0.000300519056235795,0.0337265007953522,6.7042729090718,6.74669116124155,6.77059715464474,6.79281157426492,6.83534856259495,12595.0105699253,0.999936868584969
"overdisp[148]",6.50273941569702,0.000396810541601248,0.0391008145384075,6.42562984429033,6.47623169061016,6.50332301986806,6.52906390679424,6.57806562286915,9709.6864828504,0.999790401612428
"overdisp[149]",8.42994716991706,0.000153585398380375,0.0146992953117631,8.40087462078199,8.42030275665136,8.42983281790609,8.4397136149238,8.45855679546338,9159.9514748694,0.999756322258693
"overdisp[150]",5.60552893494667,0.000660930544649211,0.0624215137286334,5.48034300646528,5.56382726562389,5.60668743617199,5.64755364797522,5.72733132128664,8919.83757337378,1.00055304267263
"overdisp[151]",6.83784253288906,0.000298691429507301,0.0325451052424767,6.77273045412274,6.81618481629667,6.83829648380889,6.85886680904272,6.90216918163783,11872.0533026357,0.999884109874899
"overdisp[152]",5.41420124817377,0.000613997228500677,0.0668749809561978,5.28117754758671,5.36933533021726,5.41438627886517,5.4592463729653,5.54513764209248,11862.9997462782,0.99962345965926
"overdisp[153]",6.60423409917524,0.000305482359067506,0.037398315862616,6.53012438765505,6.57846322845344,6.60424059150179,6.63061023876924,6.67546758677309,14987.5905195281,0.999839833210135
"overdisp[154]",7.21796937703552,0.000229417847268398,0.0272417345567415,7.16317314224236,7.19996306384571,7.21824044131484,7.23605175968618,7.27072990296537,14099.870151865,0.99965499698179
"overdisp[155]",5.23617151442574,0.000708139597942779,0.0730521627327465,5.09269281329573,5.18715843641562,5.23654368061257,5.2865465709501,5.37713088410511,10642.1259779067,0.999697144481185
"overdisp[156]",6.17191553291388,0.000391959201807816,0.0450954590895095,6.08386097446265,6.14124537856235,6.17229120296493,6.20293197789291,6.2595882279569,13236.827095063,0.999773234240022
"overdisp[157]",5.71116475058311,0.000725808720787019,0.0575587937544335,5.5982542532735,5.67225798220431,5.71149326575355,5.75091421377325,5.82129226155136,6288.96248086256,1.00008882119316
"overdisp[158]",6.42672965271353,0.000348155314402732,0.0410436175508485,6.34587936944233,6.39864694991611,6.42708983476001,6.45506530035145,6.5045998311237,13897.7727697978,0.999698139951362
"overdisp[159]",6.60090063019368,0.000296684784375222,0.0369194096171511,6.52727730282957,6.57660976621267,6.6010438415458,6.62626332513248,6.67243858225479,15485.2758923904,0.999782832634907
"overdisp[160]",6.26717772570632,0.000399530919128274,0.0434105166788726,6.18033455636548,6.23925518169777,6.26676292645872,6.29659669200869,6.35182446885518,11805.6287271552,0.999822672137152
"overdisp[161]",6.56959604538973,0.000287782310574021,0.0372295171075572,6.49536097695239,6.54484594116687,6.56987405237914,6.59515715160691,6.64199841014212,16735.8053469933,0.999952832669744
"overdisp[162]",6.6797617953587,0.000325208137241178,0.0356274950557165,6.60812405154727,6.65569026768373,6.68029378066624,6.70403973860249,6.74828048491298,12001.8382469678,0.99995459582297
"overdisp[163]",7.27375855329972,0.000228781534018349,0.0261251469098872,7.22283028181948,7.25664734596561,7.2736555052894,7.29111322238603,7.32520221388563,13039.9386226673,0.999817279666093
"overdisp[164]",6.0775199761174,0.000404862841793267,0.048299066678144,5.98247481601014,6.04504045570847,6.07830102522708,6.11083118176557,6.16996183388032,14231.8592131574,0.999741631420627
"overdisp[165]",5.71492536030977,0.000474622004424107,0.0577776602960258,5.59976995309747,5.67678451244694,5.71527218634548,5.75349218306115,5.82566923418615,14819.1796877614,0.999703930930018
"overdisp[166]",6.15543720238326,0.000450546316806341,0.0468736333198775,6.06240239504623,6.12414139279219,6.15600990434293,6.1869843603505,6.24631896578958,10823.7648688054,0.999583645012029
"overdisp[167]",6.26463372793007,0.000428323629701113,0.0435240021806225,6.17766231355304,6.23532685473761,6.26545250333306,6.29378407928379,6.34814365291586,10325.559139652,1.00020567240849
"overdisp[168]",6.30175196402787,0.000366843062902189,0.0432386793889704,6.21656888100261,6.27285749399963,6.30247674977205,6.33064305954035,6.38505241346107,13892.6220381061,0.99969279751378
"overdisp[169]",6.90752406992854,0.000252610765299413,0.0307959892375094,6.84751413716571,6.88673613498782,6.90751218088374,6.92821299646358,6.96796547334222,14862.2516034021,0.99962720528465
"overdisp[170]",4.44516632857395,0.000914566475161976,0.106166586833491,4.23114567082756,4.37416346459277,4.44549556040568,4.51959882844148,4.6465956726774,13475.508289706,0.99963194276827
"overdisp[171]",5.0767495192909,0.000711070475938516,0.0767822116083981,4.92547136394611,5.02492172154991,5.07685078246834,5.12992865893748,5.2232669296657,11659.9299354076,0.999904194252648
"overdisp[172]",5.57356611076983,0.00058899303647684,0.0612465307392652,5.45593384002778,5.53121975893169,5.5743528424633,5.61650851822511,5.68918889107602,10812.9119474335,1.00030685549854
"overdisp[173]",5.4141723957067,0.000615016885892902,0.0664314387301289,5.28212654345156,5.37072246597626,5.41481975600913,5.45760129143864,5.54280769556952,11667.3771461658,0.999860429478682
"overdisp[174]",5.3438773898148,0.000561377074729862,0.0668856814004425,5.21169850032086,5.29817255662365,5.34477328898315,5.38946025751541,5.47472048117565,14195.7049884766,0.999697079372692
"overdisp[175]",5.74388163008106,0.000478889257030313,0.0557264393853413,5.63340434503562,5.7069216306986,5.74353625898192,5.78175909434889,5.85195177115579,13541.0518372454,0.999670849768011
"overdisp[176]",5.35126652989285,0.00052974679221631,0.0677380974792343,5.21334698253179,5.30719497254338,5.35097508563934,5.39646290296916,5.48136199235113,16350.4352535876,0.999642029096607
"overdisp[177]",5.62157564371464,0.000508962976701719,0.0593422748934881,5.5019756261579,5.58213720709809,5.62217966695732,5.66219394253926,5.7341488230696,13594.2733555325,0.999636149863144
"overdisp[178]",5.80118261538619,0.00052378833579733,0.055498058185859,5.6917486531995,5.76313264445394,5.80228354802317,5.83960829947218,5.90872322589014,11226.4883490686,0.999917316933624
"overdisp[179]",5.72440004789962,0.000504730559291558,0.0563324402140974,5.61399461497818,5.68692968646964,5.72476450457809,5.76311000444897,5.83349931565021,12456.5543849303,0.999579322923212
"overdisp[180]",5.57873331043078,0.000488813392500779,0.0598349867555532,5.46120804250721,5.53772852371768,5.57942308616387,5.61991142022042,5.69530786822991,14983.8772330221,0.999773851449172
"overdisp[181]",5.30660883438933,0.00057597247982809,0.070017438795075,5.16748548667951,5.2583973064705,5.30754431230022,5.35428692359721,5.44056680987828,14777.772435219,0.999871548086872
"overdisp[182]",4.61026875629023,0.000841105770912465,0.0967543749827877,4.41469874972534,4.54534240621135,4.61104741707462,4.67657690926348,4.7938787014773,13232.4419721749,0.999795862298748
"overdisp[183]",5.63211892847273,0.000578178950466926,0.0593247947751264,5.5131055134724,5.59232362019068,5.63204290600861,5.67284351780932,5.74340605968811,10528.0499353518,1.00020914569251
"overdisp[184]",4.6315873887435,0.000774958597173577,0.0956073433973308,4.43816438917095,4.568017966223,4.63363680625123,4.69691136724932,4.81222725413746,15220.3801771159,0.999858741620189
"overdisp[185]",4.53125050235871,0.000817471042805238,0.102803827483888,4.32375746565786,4.46342370936327,4.53379432636831,4.59964943336637,4.7299844582992,15815.1681230318,0.999871631249146
"overdisp[186]",5.98468941304446,0.000472877142321417,0.0511906479735611,5.88109383383479,5.95057329792582,5.98508848592173,6.01973843625268,6.08331334054646,11718.8396051883,1.0002198543059
"overdisp[187]",5.23682114193566,0.000621854269849813,0.0725072073030225,5.09391362301738,5.18768003142449,5.23733129563792,5.28712831879163,5.37713179195851,13595.1847845593,0.999935922049804
"overdisp[188]",6.47026433959131,0.000335249834844733,0.0391625013129389,6.39350756292931,6.44418786218731,6.47070338597887,6.49634766691411,6.5475619945842,13645.9476150079,0.999602614567568
"overdisp[189]",6.02657301539841,0.000430749041217862,0.048787846775875,5.92946483151412,5.99384989275532,6.02711087870563,6.05902694366043,6.1215117031847,12828.4641094984,0.999876003607742
"overdisp[190]",5.69577258584605,0.000457266708090207,0.056660040467535,5.58342877397313,5.65822669023459,5.69685482459599,5.73423413705652,5.80474544110204,15353.7545811921,0.999820937914504
"overdisp[191]",6.21496594237554,0.000541201535398155,0.0448783987214027,6.12759017635661,6.18427894204721,6.21513782185727,6.24602296762287,6.30137115463934,6876.32928408818,1.00053311155701
"overdisp[192]",6.70578560988909,0.000328035213819593,0.0353321387756295,6.63605819950632,6.68167440159187,6.70643903326952,6.72936874674144,6.77348777885411,11601.0933571574,0.999761980828781
"overdisp[193]",6.32517163891701,0.000374269660999934,0.0415727473954242,6.24146834143778,6.29741696809629,6.32468206726956,6.35332105456791,6.40484718717819,12338.097709378,0.999890973611123
"overdisp[194]",4.92867294825388,0.000710631599159233,0.0846743360861297,4.7560468817019,4.87248455384764,4.93026082167762,4.98549243751045,5.09374866906041,14197.5880296362,1.00010813490902
"overdisp[195]",5.96093644933896,0.000448186398553139,0.0501985478854902,5.86218057040555,5.9271519130952,5.96149742826393,5.99516294331829,6.05674237248172,12544.8352901422,1.00003760333779
"overdisp[196]",6.40422051832449,0.000341161598526854,0.0407809179667818,6.32398961169691,6.37688014461388,6.40443112160392,6.43210761836565,6.48405141150438,14288.732751257,0.999879491098839
"overdisp[197]",6.19669698406631,0.000358585459741121,0.044523354889497,6.10699570251729,6.16771714634526,6.1972678140349,6.22578727573995,6.28459298003339,15416.6641773051,0.99988603888617
"overdisp[198]",5.24410524244203,0.000589605892949579,0.0731235444421988,5.09656745977221,5.19538600418966,5.24545402369691,5.29281102532192,5.38536898976376,15381.2219000493,0.999866067375144
"overdisp[199]",5.17670231513967,0.000608815334099493,0.0737192697242076,5.0310345591767,5.1276781376714,5.17766395400947,5.22729767869006,5.31839680719123,14661.9212981546,1.00002693883698
"overdisp[200]",5.71597621720369,0.00042320827480642,0.0562130616125696,5.60553380638935,5.67786378276685,5.71606076959536,5.75460095613374,5.82314200430156,17642.7458385692,0.999693292630884
"overdisp[201]",6.38709759850166,0.000291133270348196,0.0392802565420637,6.30875041798421,6.36080110836068,6.38715669563646,6.41355285505947,6.46465340950031,18203.9214663558,0.999744338396986
"overdisp[202]",6.51870625484389,0.000354132069122655,0.0395664489382656,6.4413803274234,6.4923201261797,6.51943260876849,6.54563509915862,6.59562247844442,12483.1340703711,0.999944780700178
"overdisp[203]",5.70359338049654,0.000465657719388442,0.0573271282935376,5.58907337826149,5.66477606000045,5.70357638672962,5.7433282290347,5.81426753801698,15156.075515576,0.999746673485499
"overdisp[204]",5.93880648994817,0.000463026305276814,0.0513194914730482,5.83786140365921,5.90488461725564,5.93859747030803,5.97359666833596,6.03899906896067,12284.3833068781,0.999880473388594
"overdisp[205]",5.40404098473527,0.000710562184370111,0.0663547455503563,5.26887318211239,5.36005721739465,5.4052299895945,5.44891275649086,5.52979909991476,8720.46803324997,0.999754652856455
"overdisp[206]",4.67297232841318,0.000905905453123483,0.0964919888361432,4.47621900019077,4.6097865755333,4.67504955611731,4.73884522852315,4.85779061536503,11345.3204737824,1.00010085161545
"overdisp[207]",7.21980998425688,0.000236985354575543,0.027164007407293,7.16499552781656,7.20165513621445,7.22012670262955,7.23839651509979,7.27268685985623,13138.466092204,0.999589495352867
"overdisp[208]",6.75334598113272,0.000270161863376522,0.0341099979602121,6.68660555855408,6.73033496975056,6.75322018358022,6.77713261519386,6.81956299021465,15940.9904173837,0.999639329680606
"overdisp[209]",6.61499813556549,0.000291678586127872,0.0354042501159237,6.54621984926312,6.59092183226446,6.61506586744738,6.63878949212873,6.68371500993471,14733.3568598237,0.999691852472803
"overdisp[210]",6.07184150117865,0.000421200411421627,0.0476972145961482,5.97790693212392,6.0398334718171,6.073015546895,6.10474361690227,6.16279206402274,12823.5557015493,0.999692911343062
"overdisp[211]",6.20024016905975,0.000349539042624899,0.0447186316192994,6.11187465038434,6.17006861313981,6.20034733162104,6.23127774581535,6.28740804186232,16367.6235087393,0.999670738959989
"overdisp[212]",6.03224233080047,0.000355310713845528,0.0473242405655054,5.93722056463183,6.00149994068434,6.03241822525345,6.06390797423474,6.12416224848384,17739.8809247188,0.999536455979394
"overdisp[213]",5.68206760139788,0.000607188840292117,0.0579498020205764,5.56797268761855,5.64342880026125,5.68237024932454,5.72221226926651,5.79125850749657,9108.69900825529,0.999570785146508
"overdisp[214]",5.26170596877125,0.000750979819026058,0.0713966221050137,5.12129378366163,5.2126383917034,5.26199805816564,5.3118033771631,5.39834002756689,9038.55067503775,0.999783897716992
"overdisp[215]",5.73404662032083,0.000543568085131263,0.056785469298415,5.62055073591028,5.69690318065642,5.73421967194393,5.77279387784426,5.8413829908859,10913.5624785367,1.00038873978083
"overdisp[216]",5.15551756254972,0.000631731433805368,0.0737816072900379,5.00874571773373,5.10608848900744,5.15636009139163,5.2064702994652,5.29869251781817,13640.5301369555,0.999820222282658
"overdisp[217]",5.35750130924203,0.000683923756742423,0.0692554889246897,5.22015301437667,5.31100886213162,5.35841611935941,5.4043879232736,5.49140900782809,10253.9930791312,0.99987688426094
"overdisp[218]",5.52930455060757,0.000535500395077281,0.062513781075429,5.40450141193788,5.48740949653695,5.52932791800708,5.57183491682469,5.65255959149197,13627.9943191629,0.999705298074103
"overdisp[219]",5.31739126495546,0.000613237818413606,0.0690661583062301,5.17901150705551,5.27130890710789,5.31791604589174,5.36408225717227,5.45138416750633,12684.4820887287,0.999859930658766
"overdisp[220]",4.82337116723462,0.000824423403452921,0.0908192353469012,4.641763142328,4.76223756255418,4.8240118878214,4.88408654824615,4.99642930641961,12135.4268930185,0.999982045252192
"overdisp[221]",5.45199893312572,0.000613159383481473,0.0647767836313773,5.32466856920216,5.4086757741487,5.45117628100244,5.49630329359141,5.57897925025963,11160.7145990731,0.999793103138552
"overdisp[222]",6.27784831399037,0.000443862285176081,0.0435635118280212,6.19047570094798,6.24872965630555,6.27823263115209,6.30753533793311,6.3623673235097,9632.72752671789,0.999770733106288
"overdisp[223]",3.99901453640072,0.00120046709949505,0.133395391762849,3.72341385814178,3.91136484843003,4.00306243382218,4.0909065895223,4.25270024021096,12347.5595530221,0.99962459476333
"overdisp[224]",5.41041202120877,0.00058818866698858,0.064968135504284,5.28247921472194,5.36693092362438,5.41120597551742,5.45389664904973,5.53570403102079,12200.2154941308,1.00022244759064
"overdisp[225]",3.16152995777959,0.00236241815724416,0.210366421534326,2.70930966793557,3.0257280112674,3.17058990101809,3.30489929474047,3.54743521765618,7929.38116687289,0.999668258129181
"overdisp[226]",5.3433353876783,0.000550349821502272,0.0682649779821231,5.20636341129452,5.29807195600775,5.34413380068724,5.38901247670024,5.47781966186819,15385.735038116,0.999623691315338
"overdisp[227]",6.83225582020345,0.000265937013081902,0.0333343841428205,6.76563577143154,6.80994828950137,6.83273350531574,6.85443545792918,6.89629849768415,15711.8490705013,0.999680923186421
"overdisp[228]",6.79007767100342,0.000306021675748203,0.0343759786413788,6.72292108789206,6.76691230219082,6.79051682719363,6.81336115073599,6.85537317635418,12618.4428098189,0.999979223134064
"overdisp[229]",7.24412280046142,0.000317295270218177,0.0265003046387289,7.19213488044317,7.22629049556959,7.24406420948913,7.26176100201616,7.29616420980051,6975.48704256933,1.00082022275704
"overdisp[230]",7.48211485164082,0.000186296232022773,0.0234406460811709,7.43516404111279,7.46630089776578,7.48232268588102,7.49825700041172,7.52831118667227,15831.8261902084,0.999654016611496
"overdisp[231]",8.02444239054741,0.000155155445604736,0.0181505964870053,7.98862556085239,8.01223557964435,8.02476300240556,8.03656957047142,8.05964216249892,13685.0931532342,0.999961636529835
"overdisp[232]",8.44240790512069,0.000163707734245373,0.0147914086671307,8.41291803040998,8.43253256042321,8.44248638417758,8.45214756472783,8.47149379526187,8163.58044731338,1.0001058145382
"overdisp[233]",7.32142801841734,0.000221140307479792,0.0255356212635131,7.2710151000562,7.30433395606597,7.32118717403981,7.33848792380873,7.37119013875213,13333.8952360828,0.999588533982666
"overdisp[234]",8.47139002208642,0.000119504903330847,0.0144031917966745,8.44265679437118,8.46170767282834,8.47138397368842,8.48116110740014,8.49940951501027,14525.9999383955,0.999898603287703
"overdisp[235]",7.04453420826428,0.000292804727059039,0.0294964721929238,6.98578842341249,7.02458476915863,7.04488308836275,7.06455593663915,7.1026123434983,10148.0824396944,0.999717122840275
"overdisp[236]",7.51415462971724,0.000190923981591758,0.0230974214358623,7.46911137770254,7.49840835979207,7.51417978428488,7.52951599609706,7.55895055452321,14635.4483611487,0.999894802213271
"overdisp[237]",6.77825671784653,0.000276360797041577,0.0334224341555553,6.7133874767859,6.75544984048666,6.77863618632855,6.80066596055431,6.84336426042822,14625.922897491,0.999932635798011
"overdisp[238]",7.80893779184169,0.000190215811627608,0.0202950981811008,7.76921600863583,7.79524176741876,7.80892075869322,7.82272716106566,7.84791510164008,11383.8478842206,0.999713668569259
"overdisp[239]",7.52781573515012,0.000207294196765917,0.022967682167218,7.48206708766829,7.51211538479221,7.52815116617431,7.54348251571689,7.57238211991458,12276.0896419278,0.999989977283464
"overdisp[240]",7.40947896448399,0.000193110074231328,0.0244748139305429,7.36099767687865,7.3930997681961,7.40947189467702,7.42609834613684,7.4574891256821,16063.0842034266,0.999666405320644
"overdisp[241]",7.36875554481407,0.00024956491427976,0.0250433757294915,7.31935825155929,7.35213149658852,7.36871270388558,7.38571384850572,7.41830347347222,10069.7498224977,0.999750284964982
"overdisp[242]",7.76755151187932,0.000180868858911538,0.0208714167755349,7.72591505915857,7.75364870416029,7.76792325592616,7.78148332059376,7.80925707659913,13316.0759521315,0.999778086358558
"overdisp[243]",7.93103118208782,0.00016182695814262,0.0190717048539549,7.89358946996346,7.91797795271144,7.93089161358295,7.94416261609247,7.96825664018554,13889.2019530403,0.999762895765779
"overdisp[244]",7.72107768139173,0.0001784894867607,0.0205049263161482,7.68142544760947,7.7072652812505,7.72119885268627,7.73450156356919,7.76166611468114,13197.4840106325,0.999632964674675
"overdisp[245]",6.349618971952,0.000361413174413043,0.0416118255606636,6.26820584037791,6.32150106343393,6.3497221782815,6.37760447872023,6.43380367879961,13256.399363275,1.00010324452484
"overdisp[246]",7.5867693854404,0.00017894489784377,0.021897892628529,7.54394109634208,7.57251428921181,7.58676914815785,7.60151725809454,7.62911412312194,14974.9714726374,0.999788229071561
"overdisp[247]",7.25384600508194,0.000221040886640134,0.0266592657187414,7.20316484447391,7.23582085071306,7.25392458244474,7.27209166166647,7.30516967611626,14546.2530658273,0.999963525764342
"overdisp[248]",7.9292176764669,0.000170359789467898,0.0191123741568506,7.89226274357412,7.91648742636928,7.92904072883552,7.94198865468617,7.96657265837949,12586.2133241277,0.999599504041274
"overdisp[249]",7.03832438688977,0.000242508002740282,0.0300638240991902,6.98043240917286,7.01800677602396,7.03815784705568,7.05872652564859,7.09615800459873,15368.6702963801,0.999671814755623
"overdisp[250]",6.94579439706829,0.000299843666618401,0.0311742560835299,6.88458611024896,6.92497019149804,6.946304040792,6.96686781606522,7.00630234417104,10809.4211354826,0.999784930643027
"overdisp[251]",7.13071758140265,0.000286583356224625,0.0284456491814929,7.07391088032168,7.11163467326549,7.13092788333228,7.14959779995469,7.18758902820976,9852.12175421935,1.00022626605438
"overdisp[252]",8.096092982185,0.000155694365459207,0.0177987403628781,8.06056665505736,8.08417404988482,8.09618660755056,8.10829685289177,8.13065040500976,13068.7106975313,0.999688020417621
"overdisp[253]",6.87771107570537,0.000311890343258123,0.0321564077098944,6.81495818734999,6.85646974722333,6.87778457340569,6.89929759252319,6.94168081866509,10629.9493738454,0.999889939772031
"overdisp[254]",7.67771641535763,0.000207192254668901,0.0212556112117226,7.63599666573481,7.66354637007753,7.67795111711964,7.69173782350039,7.7192549785539,10524.4682588061,0.999727819975741
"overdisp[255]",7.06806793810647,0.000222117087159398,0.0287339360758996,7.01134129419399,7.04848236514663,7.06843491829457,7.08769182766325,7.12301282716886,16735.0226119477,0.999933436138012
"overdisp[256]",7.690029066605,0.000182606433051259,0.0211166856424918,7.6478794764411,7.67631238532516,7.69009001065374,7.70402593845834,7.73114650479638,13372.7080420004,1.00000584762249
"overdisp[257]",6.47637679898825,0.000320780399156523,0.0394457741284168,6.39653329084184,6.44977857043493,6.47665809781218,6.50303181468718,6.55226379620382,15121.1673618228,0.999625649993665
"overdisp[258]",7.36564963312674,0.000202054027886588,0.0247778080242863,7.31741497249918,7.34904531074135,7.36582848619761,7.38250188226742,7.41387773031507,15038.022930665,0.999915347607419
"overdisp[259]",6.17013257679452,0.000405376034805603,0.045502011757425,6.08029586985755,6.13957509244585,6.17061643407194,6.20042074720521,6.25769430370867,12599.2605177356,0.999663021915148
"overdisp[260]",6.79446083552917,0.000301916432201737,0.0336140143072388,6.72830685495181,6.77147534229798,6.79478131415375,6.81744891127012,6.85996310940282,12395.5916204423,0.999870658615481
"overdisp[261]",6.64702366274499,0.000299112907999799,0.0354958621921322,6.5763225364261,6.62357018444903,6.64722553902772,6.67052503515715,6.71684803935716,14082.6747502199,0.999540616804598
"overdisp[262]",6.54565130301421,0.000296351717254774,0.0373537802845263,6.47117356963059,6.5212125123017,6.5455999712539,6.57096089086464,6.61947526882601,15887.4509784304,0.999749887373371
"overdisp[263]",6.54243938902993,0.00030407787329722,0.0378159294064051,6.46835549416649,6.51713885618187,6.54265421070272,6.56801594295865,6.61540010888923,15466.0681234685,0.999765928530685
"overdisp[264]",6.92092075457613,0.000257530458088496,0.030918405945975,6.85973534705112,6.89999882766649,6.92107890342307,6.94174662196201,6.98196687559639,14413.750136688,0.999891624998136
"overdisp[265]",7.24954790238913,0.000226122927942578,0.0263335158148778,7.19674877824095,7.23196947691005,7.24986512179233,7.26657980398772,7.3023259277196,13562.1483817866,1.00020052997259
"overdisp[266]",6.71078655223748,0.000362204758510612,0.0350849976129991,6.64204468500126,6.6870223962768,6.71133672504216,6.73409222174547,6.77792949546323,9382.8462391313,0.999880716914988
"overdisp[267]",6.09718283914499,0.000468042500534502,0.046575859039205,6.00301851709729,6.06645870465911,6.09731995982714,6.12924734497419,6.18780727973082,9902.6439806643,0.999946385694022
"overdisp[268]",6.68581429068299,0.000277511271879309,0.0357235318201329,6.61464243646853,6.661897314294,6.68634594370778,6.70938736177031,6.75579278404097,16570.9544028011,0.999536080665741
"overdisp[269]",6.75786667236572,0.000270946764036201,0.0338423603061541,6.69127109713401,6.73522521554101,6.75800174048318,6.78125183759224,6.82385661975314,15601.0329026231,0.999620456946697
"overdisp[270]",6.05086212247526,0.000452644716341692,0.0491545572272552,5.95200728641048,6.01757350814177,6.05166028584093,6.08424653331678,6.14574955713289,11792.684138181,0.999926260109655
"overdisp[271]",3.50020529452716,0.00152565103619642,0.16553326280741,3.15454625082466,3.39568272250325,3.50562280470018,3.61310546865656,3.81165923226197,11772.267833365,0.999699883988977
"overdisp[272]",4.69263070001907,0.000889262259859023,0.0960419131889945,4.50189809131679,4.62670214306064,4.69396007546063,4.75968829654164,4.87369181583158,11664.3859982446,0.999860067275607
"overdisp[273]",5.05786815208974,0.000776662558716975,0.0786263917187062,4.90159779475368,5.00418861069559,5.05892959998872,5.11097976411022,5.20907796087323,10248.7748621391,1.00021143940405
"overdisp[274]",4.89136173776486,0.000862716336867819,0.0844705947652072,4.71936716289813,4.83495315029217,4.89316073272104,4.95012223155171,5.04951724297004,9586.83074284587,0.999746813550388
"overdisp[275]",4.2139489414723,0.00128609383999035,0.12031839743533,3.97363758464608,4.13354599165397,4.21693167576517,4.29685846280306,4.44349720213911,8752.23079323878,1.00096848013639
"overdisp[276]",3.43255739243524,0.00156267786245559,0.174685433358725,3.07674457663759,3.32090479002447,3.43870919546004,3.55305411372478,3.75794673831301,12496.0991839811,0.999949735647949
"overdisp[277]",3.04962621200229,0.00185859326120525,0.207952587305565,2.62004384341299,2.91494271612579,3.05525484361767,3.1936432098292,3.42782871464376,12518.7204048793,0.999611412618449
"overdisp[278]",4.09684313077141,0.00114351698833137,0.125714867579666,3.84235488100377,4.01467052484532,4.09914664358647,4.18302067964051,4.33263319936421,12086.1517434998,0.999705223378423
"overdisp[279]",3.30666416094453,0.00198717388983184,0.187239396230733,2.92104285688683,3.18038687534306,3.31467269741435,3.43916839060786,3.65097168613527,8878.15493416397,0.999955333538224
"overdisp[280]",4.35684208528181,0.00101808510574233,0.112173394592809,4.13361846976706,4.28192204725385,4.35674195612534,4.43384758678161,4.57212935818893,12139.8007177666,0.999738101336642
"overdisp[281]",3.76110455554549,0.00141421163667876,0.145746715428399,3.46379188833502,3.66490737869121,3.76664558680904,3.85870444791861,4.03439132507104,10621.081453912,1.00006591505961
"overdisp[282]",3.13534993678121,0.00171512564474762,0.196564003477812,2.72597332795187,3.00799789345827,3.14543466496847,3.27166621185574,3.50045474277289,13134.577177536,0.999631229076264
"overdisp[283]",4.45965421462974,0.000865232126752091,0.107414468496715,4.24530368530304,4.38720143056297,4.462214087514,4.53295529695042,4.66563613379856,15412.0459135537,0.999965932941586
"overdisp[284]",4.72844256171699,0.000861263047843578,0.0924101137726058,4.5471784132978,4.66525873810395,4.73028270781203,4.79152772910688,4.90567004049381,11512.4400354004,0.999742369566279
"overdisp[285]",2.51680687090077,0.00261704869205433,0.287496746475985,1.91427742568808,2.33941879581167,2.53059627079493,2.71354248006134,3.04509730125172,12068.1934273455,0.999820217203996
"overdisp[286]",3.066675263775,0.0022862423701445,0.215212480198246,2.62891163229852,2.92666875272345,3.06922952075071,3.21481056301349,3.47118336476165,8861.15568259695,0.999942038217168
"overdisp[287]",2.23716171055419,0.00332917708972604,0.338562642386761,1.50799470295176,2.01996107595731,2.25694911019809,2.47813267694365,2.83722682869522,10341.9938827485,0.999826662217275
"overdisp[288]",5.76809101675198,0.000514796177325012,0.05502096672589,5.6599216117377,5.7312403086217,5.76804488502005,5.80524751080321,5.87477525973133,11423.1480832838,1.00054662278755
"overdisp[289]",4.82774015606539,0.000700353823541544,0.0868988022908971,4.64964617528122,4.76988474929364,4.82982073120292,4.88653310603252,4.99427501872814,15395.4565862368,0.999729444442232
"overdisp[290]",5.41287599786784,0.000558093371108708,0.0659051500512789,5.27821461849386,5.37127620738651,5.4133775972338,5.45609421402718,5.5421764804887,13945.207413215,0.999959213014222
"overdisp[291]",5.55464182629896,0.000505844488601157,0.06129489519214,5.43220057909883,5.51386878917956,5.55511878289963,5.59596344125671,5.67251917957661,14682.9922145922,0.999603072474347
"overdisp[292]",5.71265676062169,0.00049857724673308,0.0567884642532256,5.59933104660113,5.67485394279782,5.71293374261559,5.75162801782433,5.82299189410331,12973.4456931432,1.0001307240652
"overdisp[293]",4.40417414428655,0.00107737775875402,0.108521939753116,4.18984591702201,4.33249969572393,4.40516771747702,4.47634685407886,4.61339991855228,10146.098732707,0.999656591122392
"overdisp[294]",5.05371538085416,0.000637558474930179,0.0771961707705988,4.89997424160645,5.00257602338892,5.05594987359153,5.10545212396272,5.20167901189749,14660.5907347986,0.999801516634428
"overdisp[295]",3.89857909999865,0.0015220080355042,0.141900580032118,3.61756922923484,3.80272466452206,3.90023677220504,3.99636149751671,4.17649893851474,8692.29487391558,0.999680644241211
"overdisp[296]",4.83593847687825,0.000748635026347146,0.0874646509294275,4.66081987022978,4.77915828330905,4.83707124169599,4.89475447517253,5.0034002810505,13649.754780603,0.999708587112971
"overdisp[297]",2.80967926469632,0.00216976374265753,0.245399884513401,2.29621511880439,2.651090691715,2.82952136087334,2.97872200444338,3.25694589940171,12791.568843709,0.999852327729406
"overdisp[298]",4.83225423549764,0.000801994708776703,0.0862299227042137,4.65661208301533,4.77480584160391,4.83146602383478,4.89087255687597,4.99622270097972,11560.4033616188,0.999766547531015
"overdisp[299]",3.03576632135732,0.00215227654252056,0.216358404051264,2.58976310458328,2.89456409376681,3.04218827391585,3.18816844058843,3.42980499543731,10105.3507863558,0.999927226101233
"overdisp[300]",2.34240218846186,0.00303413639981048,0.314310333760303,1.686701538464,2.13334334662992,2.36533105434505,2.5693925988788,2.89486171083047,10731.1710738022,0.999694643680466
"overdisp[301]",3.99597266996853,0.00114306929053088,0.132579286394178,3.73096514780936,3.90827599979385,3.99797344004542,4.08558766548088,4.24863602959348,13452.6003304742,0.99974150413332
"overdisp[302]",4.72519791461624,0.000856475826744065,0.0938855153168216,4.53643677688388,4.66341296865123,4.72730199129566,4.78985506066919,4.90785000866721,12016.1950393416,0.999729829076473
"overdisp[303]",4.06799730421154,0.00120277927945783,0.127911262798657,3.81241961084643,3.9827284140601,4.07078414484372,4.15409940042271,4.31195021778687,11309.5596990084,0.999936658509756
"overdisp[304]",1.95283638221741,0.00434308591466622,0.411217187519114,1.0443719150486,1.70163822911858,1.9824813555693,2.24919302540763,2.65875120608672,8964.90466670759,1.00042900678297
"overdisp[305]",4.4941514112092,0.000994965361088141,0.103274113798914,4.28813086701628,4.42479195728926,4.49535203396168,4.56187232557862,4.69680881629684,10773.7534085529,0.999694974486414
"overdisp[306]",4.54123030657141,0.00113490983424011,0.102890069859423,4.33421296098886,4.47332729090951,4.54311722948067,4.61010128422054,4.74429254290595,8219.09888676295,0.999935126703562
"overdisp[307]",4.04717944629728,0.00107567815122753,0.128218976763428,3.78646447204249,3.96336525220099,4.05027241559037,4.13576097048542,4.28623777351275,14208.2280276075,0.999628033755255
"overdisp[308]",2.67813268017813,0.00236160985638419,0.256361006391747,2.12733249960214,2.51910815603007,2.68971570689167,2.85762981555714,3.14576923996659,11783.861520775,0.999765095060943
"overdisp[309]",3.04436959107913,0.00207312767122455,0.209297785390578,2.61262105472731,2.90931538983578,3.05117830651779,3.19027109915946,3.43377225764076,10192.4166623884,1.00006802501995
"overdisp[310]",3.39561508397895,0.00155858740521761,0.17403392520525,3.04746246302342,3.27875528820334,3.40074654458671,3.51368591275283,3.72160679155459,12468.2501266984,1.00037225254651
"overdisp[311]",4.15298294776714,0.00145146665975726,0.124751195963793,3.90039624002491,4.07100048021647,4.15398346142486,4.23879619064965,4.38638610263726,7387.12259560975,1.00094681542596
"overdisp[312]",4.96267458073873,0.000705032227760937,0.0826695327050104,4.80274875077363,4.90626582100722,4.9630065670689,5.01869585134027,5.12322038456221,13749.0606113502,1.00019511545749
"overdisp[313]",3.91948146695685,0.00130604479623093,0.136672036965674,3.64747921098043,3.82674629774349,3.92044532137634,4.01249899222537,4.17867498137514,10950.7329498741,0.999721324082574
"overdisp[314]",5.33258616190415,0.000720449007752229,0.0699641114824349,5.19360908033425,5.28545557278532,5.33372289816683,5.38087724049495,5.46452674106529,9430.70480795495,0.999741890458252
"overdisp[315]",5.88416987638438,0.000459577223279679,0.0530108268345755,5.77755140814395,5.84905007169347,5.885233889282,5.92018030697495,5.9854734024511,13304.9167860055,0.999849776738456
"overdisp[316]",6.52987313499564,0.000312066736605285,0.0380407958101722,6.45463906369391,6.50433435646527,6.5301828211693,6.55565610164919,6.60374024623982,14859.5011089575,0.999704673107455
"overdisp[317]",5.58974251820296,0.000541092436077767,0.0610085500042247,5.46535708104703,5.5509874929707,5.59067181088572,5.63039236796243,5.70534230031096,12712.7199636404,1.0001774107629
"overdisp[318]",5.86338014234857,0.000414159012012045,0.0540650684174092,5.75284968467589,5.82778509418508,5.86402827642603,5.89949043152786,5.96774634647645,17041.1650163868,0.999742658802412
"overdisp[319]",6.20138170382167,0.000428811745182462,0.0446299543781107,6.11269866904188,6.17202575779112,6.20233306600682,6.23104886165618,6.28896830061373,10832.2716184758,0.999771560091247
"overdisp[320]",6.24468634326324,0.000375074265432526,0.0432091862251577,6.16127970895136,6.21543929407829,6.24450419721505,6.27395480315667,6.32893841403726,13271.4275186848,1.00020848001626
"overdisp[321]",5.93040722900203,0.000473470300994912,0.0503515860539024,5.82777651135966,5.8974823737811,5.93078957742404,5.96461880467428,6.02633450170634,11309.4328245564,0.999793630383116
"overdisp[322]",4.71059295823678,0.00105562857510201,0.0982919498973454,4.51151925496167,4.64496055556767,4.71276912333594,4.77686173438329,4.89839070758048,8669.89076581718,1.00013588608292
"overdisp[323]",5.32667726176261,0.000739920371066238,0.0688142432161514,5.18999342135148,5.28043324534122,5.32784323198335,5.37454450807916,5.45768356597636,8649.41445429273,0.999941234303613
"overdisp[324]",5.60038202014859,0.000488263494847638,0.0590620487267445,5.48437853926861,5.56017789981228,5.60201711323402,5.64098376106315,5.71226059579391,14632.162122711,0.999659794557984
"overdisp[325]",5.56995233150317,0.000505274188016536,0.0622631595880262,5.44634241757295,5.5282812099677,5.56979976567977,5.61252885346128,5.69019667231344,15184.7653555775,0.99959357567844
"overdisp[326]",5.37193077268248,0.000587231147892168,0.0681664460578538,5.23623484460558,5.3260265763771,5.37279488197086,5.41831856016457,5.50232449035342,13474.8251204011,0.999790522783471
"overdisp[327]",6.13401435726478,0.000372566068623008,0.0459784304962769,6.04286723510326,6.10319833422916,6.13486617362993,6.16535046686489,6.22275951302364,15230.0625277956,1.00028890319965
"overdisp[328]",6.42522010588884,0.000323334049321735,0.0392215457645631,6.34702267326899,6.39920520764568,6.42540723632641,6.4513854752702,6.50121451583775,14714.534544744,0.999759149617476
"overdisp[329]",6.12605494098005,0.000415276710881412,0.0472726271903299,6.03293677910109,6.09525967299598,6.12605896858181,6.15763927491676,6.21867698660419,12958.1894701508,0.999722553488399
"overdisp[330]",6.16852393282796,0.000364529582133454,0.0443339231891216,6.08065206032069,6.13852673121256,6.1688936392608,6.19885480124703,6.25314567624353,14791.3145741124,0.999741250930655
"overdisp[331]",6.47377074249206,0.000338735781674672,0.0387636705247427,6.39495205586647,6.4479786927206,6.4745596493936,6.50070469789826,6.5473058832708,13095.6674281446,0.999681560195985
"overdisp[332]",6.79796319566269,0.000293597538930435,0.0336297951593671,6.73115310528698,6.77545818098528,6.79800958019105,6.82084662754204,6.86314456440428,13120.2956793783,0.999929117299033
"overdisp[333]",6.46504666119113,0.000316630879871419,0.0400886187718088,6.385850106222,6.43838230068375,6.46501852577859,6.49159061460269,6.54324974896189,16030.0785615623,0.999739108229947
"overdisp[334]",5.99007800471985,0.000419644010763193,0.0487736936400816,5.89287641455566,5.95761936579919,5.98978625367211,6.02317522557793,6.08419607994444,13508.5655254034,1.00007132733491
"overdisp[335]",5.98169652248651,0.000406463759992287,0.0496803011682749,5.88287020915261,5.94874289451742,5.98246220853183,6.01508108813281,6.07818990684866,14939.1118644876,0.999777968684784
"overdisp[336]",6.06957174765564,0.000378215280959711,0.0474252725402753,5.9763056396546,6.03779700299537,6.07004324231455,6.10195355179488,6.16079381327441,15723.2213174351,0.99989219641488
"overdisp[337]",6.28491345447905,0.000350867821900511,0.0430100784965078,6.19810227671312,6.25682113435037,6.28526701791082,6.31348338911021,6.36815904666008,15026.346131681,0.999765474433131
"overdisp[338]",5.19255320472687,0.000629696263106858,0.0733470102316627,5.04331699184807,5.14462810434875,5.19270325269104,5.24178737504389,5.3342466934566,13567.5865173016,0.999569735514008
"overdisp[339]",5.95680092844861,0.000449185119989053,0.050528825509825,5.85832366736862,5.92295691041177,5.95643157879736,5.9910908204286,6.05697890311609,12653.9957736782,0.999688382261781
"overdisp[340]",6.29551916798073,0.000418659091926792,0.0424278953961311,6.21070438075059,6.26721331517762,6.29507091391938,6.32471913754455,6.37716744030883,10270.2715023757,0.999620952338323
"overdisp[341]",6.13162424762768,0.000446368020367105,0.0457189549668464,6.04145129412935,6.10081767047184,6.1324197945427,6.16214706318846,6.2203284335385,10490.7477574361,1.000204979962
"overdisp[342]",5.27844346516859,0.000952929380318945,0.0727393760440855,5.13485644329061,5.2300020700127,5.27984662197206,5.32699240763314,5.42065079782564,5826.63359379407,1.00019223029662
"overdisp[343]",6.54740850843243,0.000283359207735326,0.0369131951580953,6.47320528268475,6.52345092093792,6.54732331073791,6.57223411322148,6.61860638484242,16970.2647777931,0.999768825484375
"overdisp[344]",5.73961588105451,0.000446101478648148,0.0567483351786888,5.62604902557205,5.70246797418373,5.74038907474646,5.77862419804427,5.84775480165053,16182.2506912516,1.00009474316853
"overdisp[345]",6.94680033735673,0.000240084960603892,0.0308467668661823,6.88745534073311,6.92530147857555,6.9468517242518,6.96819021948635,7.00590244948281,16507.8073014781,0.999561955341565
"overdisp[346]",5.65174475924051,0.000504358258850009,0.0594906469283246,5.53269248587347,5.61252723876638,5.65223606978069,5.69252253028902,5.7657451876356,13912.9463285427,0.999639567560661
"overdisp[347]",6.88766293131459,0.000282610151701275,0.032097968626935,6.82379230386272,6.86593531125708,6.88805382964644,6.90985547671743,6.94902554603257,12899.6991026435,0.999722690950219
"overdisp[348]",5.90824943343187,0.000461956702307145,0.0518174569083693,5.80465785167398,5.87366037001501,5.90955860598556,5.94326886590158,6.00713155388134,12581.998958761,1.00045298749191
"overdisp[349]",6.63942854660766,0.000282089586017093,0.0362127742732582,6.56965276218772,6.61450815699632,6.63980767048337,6.66465776805038,6.70801757386938,16479.70708416,0.999751110357604
"overdisp[350]",5.85053063828626,0.000459044282480754,0.0537996838081963,5.74254160128655,5.8152804935234,5.85177849783328,5.88726370637133,5.95187156898029,13735.6836985313,0.999988156353268
"overdisp[351]",7.50807863882871,0.000180817798856678,0.023377514248202,7.46170384915225,7.49219051253601,7.50834613119649,7.52367084736374,7.55317757996562,16715.3049595808,0.999652987895683
"overdisp[352]",6.98313770112401,0.000266495457483894,0.0300922528600509,6.92378027952945,6.96318626697742,6.98323496633914,7.0030132735877,7.04290266053802,12750.5753918959,0.999944553358298
"overdisp[353]",6.82494831861994,0.000349586570050375,0.0332431374709183,6.75802649391595,6.80269313715268,6.82534632133815,6.84689175371687,6.88982555405976,9042.62520623858,1.00016501365665
"overdisp[354]",6.61325123041977,0.000305452826457626,0.0365057542176198,6.5405096636627,6.58918633193949,6.61329936107395,6.637792080943,6.68569594983301,14283.4906448196,1.0000202056773
"overdisp[355]",7.3143712801409,0.000281415895355243,0.0264271146106611,7.26274668411445,7.29633680460395,7.31460208027242,7.33235039693817,7.36711057906334,8818.65287202237,0.999677983127151
"overdisp[356]",7.3962583000148,0.000231436940178703,0.0244579227347801,7.34830674663817,7.37981057079361,7.3964070899862,7.4126055651745,7.44461165011333,11167.9581951694,0.999861308610276
"overdisp[357]",7.37719784558264,0.000224023691084866,0.024917685105438,7.32845888726077,7.36010377851523,7.37717151916724,7.39454726083341,7.4250410626549,12371.6461314593,0.999685283982206
"overdisp[358]",6.31709483131436,0.000378981193439755,0.0427627178210191,6.23368989182946,6.28767357147307,6.31785326055755,6.34636409486399,6.40024310492566,12731.9604415024,0.999698969821479
"overdisp[359]",6.84412825777034,0.0003019679823268,0.0328601760278555,6.77952035607636,6.82205209710915,6.84424186028127,6.86601236151917,6.90822646035913,11841.8069524771,1.0002529538925
"overdisp[360]",6.93203337945949,0.000256688740792745,0.0314130169586947,6.86981801189615,6.91082789038146,6.93226426337883,6.95354492743281,6.99280045279581,14976.3388774333,1.00022619613656
"overdisp[361]",7.83968293865969,0.000258953836655968,0.0200216347103182,7.7987917096575,7.82641206608013,7.83987431141331,7.85301046677339,7.87889272603871,5977.97875436807,0.999623856633252
"overdisp[362]",8.18550451253165,0.000158272993665717,0.0169434690547062,8.15293194783303,8.17390952009864,8.18544514388318,8.19693985068976,8.21929966821601,11460.1693072314,0.999608487983587
"overdisp[363]",9.47958062724927,7.10876482454145e-05,0.00867896184378498,9.46260897292404,9.47359911805183,9.47955905699513,9.48560358069456,9.49641214182228,14905.5245510694,1.00003636461873
"overdisp[364]",9.21900969607434,0.000105496129241773,0.00992423572475375,9.19933921262406,9.21221440216529,9.21913679527968,9.22583426449366,9.23826012917356,8849.5480585925,1.0002134546815
"overdisp[365]",9.53340309050695,8.07270805866478e-05,0.00861624329588692,9.51656646665036,9.5275584687085,9.53339081714181,9.53930476350803,9.5501488472401,11391.9327697463,0.999650692792613
"overdisp[366]",8.8712507930388,0.000114464366493557,0.0118038545349251,8.84850451219816,8.8631265041945,8.87142699180497,8.87923649430749,8.89410679278545,10634.2552336993,0.99983700940781
"overdisp[367]",9.90527551411883,5.44790910918107e-05,0.006896297299068,9.89163380031352,9.90058081557802,9.90529902591546,9.91001085247279,9.91875216345157,16024.0482704478,0.999580851438183
"overdisp[368]",9.71751605863249,7.08714784378419e-05,0.00788884231407034,9.70215242825082,9.71200842654936,9.71762011657559,9.72314409998964,9.73258596305626,12390.3497408987,0.999698100361996
"overdisp[369]",9.6906449442909,6.88876561281429e-05,0.00780659306387393,9.6753753096801,9.6852969897793,9.69065091542047,9.69613736150279,9.70576501657394,12842.2247481704,0.99984115247957
"overdisp[370]",9.19456948582995,9.89363079049402e-05,0.0103103949339881,9.17429525669362,9.1874614363382,9.19466325264992,9.20172403995387,9.21454131533751,10860.2345101377,0.999682898862271
"overdisp[371]",9.0410338664779,9.80859722587873e-05,0.0108896859620809,9.01911748796963,9.03381472272365,9.04090871045999,9.04830655100937,9.06269512262858,12325.8508669734,1.00000911936765
"overdisp[372]",8.57361265413845,0.00010699836595208,0.0136531068997015,8.54684611794365,8.56456053090343,8.57362016483707,8.58290939797932,8.60049243501182,16282.0352498147,0.999643031926647
"overdisp[373]",8.80121396764805,9.8326069276041e-05,0.0123141364136186,8.77665432710896,8.79304277870883,8.80113570335707,8.80956067869013,8.82488981381604,15684.4958875739,0.999873784399973
"overdisp[374]",8.40761149808023,0.000132175901329909,0.015440171571417,8.37664013996172,8.39760872337579,8.40758804152598,8.4180098959403,8.43758662403564,13645.8213928567,0.999700243484056
"overdisp[375]",9.19100738719646,8.64688250900774e-05,0.0100588102823219,9.17144245157934,9.18413223005442,9.1909148370869,9.19796246954462,9.21040729020254,13532.3779302571,0.999791701460319
"overdisp[376]",9.08276974978586,0.000124739274644963,0.0105403607414809,9.06189207611372,9.0756624758136,9.0827719020542,9.0898905458742,9.1036723815802,7140.10372559103,0.999892223096421
"overdisp[377]",9.02476402484825,0.000103114950373392,0.0111169805466053,9.00275584380738,9.01742157185229,9.02471050888738,9.03199411154684,9.04663580871116,11623.3259611597,1.0001385037345
"overdisp[378]",9.27828135891894,7.68309122201263e-05,0.00985240864852246,9.25896762720942,9.27166749482654,9.27831871646158,9.28481604140743,9.29743159685848,16444.2039421068,0.999654584957356
"overdisp[379]",9.64242558500104,8.10639063089173e-05,0.0079740446721747,9.62681100840157,9.63708916325525,9.64238743642693,9.64789146792547,9.65794917006165,9676.14289450498,1.00057674406063
"overdisp[380]",8.96116438469817,0.000100951749834137,0.0114065746532975,8.93921689363157,8.9532871653316,8.96121415758984,8.96892887588913,8.98366362349546,12766.8216698592,0.999658449578514
"overdisp[381]",9.05965608978975,0.000101481719668603,0.0106165220740023,9.03869257020209,9.05258340377126,9.05961020025906,9.06688261423842,9.08010115540987,10944.3229059657,0.999726803925529
"overdisp[382]",9.22552950116987,7.96559138962352e-05,0.00989256264597383,9.20585151368992,9.21882103077526,9.22568537792336,9.23194512884923,9.24523795975227,15423.4513888093,0.999669807175068
"overdisp[383]",9.17470987235856,7.59024133919453e-05,0.0100054863447623,9.15450505662027,9.16808667089513,9.17485738151532,9.1814396060195,9.19424587997447,17376.6173367822,0.999622332664802
"overdisp[384]",9.39330362279073,8.25941726728219e-05,0.00935718494763281,9.3747451770417,9.38707679317393,9.39338603284212,9.39961940586697,9.4114692019287,12834.8740852252,1.00004750990017
"overdisp[385]",6.35796462655548,0.00035649117841753,0.0412380881679161,6.27541061570779,6.33071884325054,6.35830869320813,6.38565689281464,6.43766564769648,13381.3358444211,0.999663987339068
"overdisp[386]",6.66997472081654,0.000316625626634563,0.0354224616099251,6.5982815735653,6.64645481257852,6.67102619575268,6.69435360161228,6.73686606431201,12515.9941635548,0.999904582414586
"overdisp[387]",7.22469591608641,0.000213037701607055,0.0265915531023656,7.17158587460744,7.20717931037026,7.22494223917349,7.24288070352572,7.27605285205635,15580.2517495319,0.999664671032515
"overdisp[388]",6.12328074453333,0.000415359406408271,0.0465349650172838,6.03152101904755,6.0919508486266,6.123777021581,6.1550595772397,6.21338702025045,12551.9350483281,1.00007586753218
"overdisp[389]",6.74940296991016,0.000277966591394295,0.0339983527751442,6.68116335561131,6.72710483559454,6.74959187482601,6.77209932071995,6.81625349542715,14959.9640135286,0.999708648511854
"overdisp[390]",7.08839700129117,0.000237482375596655,0.0288371242096235,7.03009466425174,7.06915317422945,7.08848607048916,7.10800071281074,7.14529062316057,14744.8760763523,0.999857271203323
"overdisp[391]",6.75207198157531,0.000276505069842199,0.0338514352916617,6.68570683376408,6.72990072191468,6.75197749628674,6.77456946561312,6.82093651184132,14988.1481553175,0.999888544660066
"overdisp[392]",7.1066115951692,0.000249687867153889,0.0288295221459046,7.0484243072563,7.08754365032147,7.10692960129463,7.12679344385968,7.16117876907651,13331.5304412987,0.999649820016356
"overdisp[393]",6.74244642691195,0.000280954058450245,0.0349116533428955,6.67420092448677,6.71873668092771,6.74266452724343,6.76646142040176,6.81003953630206,15440.8147727653,0.999616968586174
"overdisp[394]",6.50453383332924,0.000336295476043775,0.0389026110552039,6.42763308607076,6.47809876384977,6.50517195274364,6.53102197527439,6.57927683166088,13381.8282675715,0.99981532267221
"overdisp[395]",5.72838465191652,0.000616969887744265,0.0569510566437719,5.61517326537219,5.68964861114534,5.72806951897012,5.76798325808387,5.84048360830004,8520.70709164527,1.00043603334055
"overdisp[396]",5.57818241749759,0.000521611738101755,0.0618342881427013,5.45548225157096,5.5378649099525,5.57797600187441,5.62003962031158,5.69912300641084,14052.8373224071,0.99977798450337
"overdisp[397]",6.4221450339538,0.00040718158252616,0.0390309512374235,6.34398926020417,6.39613578031594,6.42282241351673,6.44901020414206,6.49720767909984,9188.44499053859,1.00001258507811
"overdisp[398]",6.74375713374437,0.000300990534654194,0.0339651099446787,6.67533699873045,6.72117377505093,6.74396747358352,6.76657100864463,6.80913814235777,12733.8688508677,0.999713775669874
"overdisp[399]",6.78552075105244,0.000333085069340979,0.0330615950126683,6.71916879652757,6.76321170251153,6.78570422813025,6.80819349235237,6.85052701404936,9852.29193379615,1.00048072120872
"overdisp[400]",5.71900993854934,0.000479926808899678,0.055663792074685,5.60791131769294,5.68187785259406,5.71781053934266,5.75723098311868,5.82914829603059,13452.2694401774,0.999657158208995
"overdisp[401]",6.29482067977695,0.000372824100067097,0.0432636114396892,6.21016612704782,6.26562303319729,6.29495592803287,6.32463127133027,6.37714613447732,13465.9681351392,0.999921301850481
"overdisp[402]",6.78982590165971,0.000327572962180617,0.0324434859889884,6.7263492300623,6.76788183219375,6.78987749033406,6.81212267598009,6.85257970533154,9809.32058716949,1.00018952773572
"overdisp[403]",6.82637617817566,0.000265038573181774,0.0322907769109837,6.76203017964944,6.80513435427309,6.82686176782169,6.84760066978933,6.89025331653198,14843.5855085601,0.999753716272373
"overdisp[404]",6.36957115250411,0.00057638741670767,0.0416341595892191,6.28506160167546,6.34256325174697,6.37019102052632,6.39717358165568,6.4496609320359,5217.59809761571,1.00102581393607
"overdisp[405]",6.68533028736452,0.000358461923023797,0.0351407229359759,6.61658109411101,6.66159745608502,6.68547162876476,6.70935265947476,6.75334306648846,9610.26410753383,0.999923230236901
"overdisp[406]",7.45199114870554,0.000204302741824319,0.0239415308459675,7.40468988611159,7.43610577615793,7.45220855057679,7.46820680914298,7.49794008060988,13732.6844907285,0.999992796128768
"overdisp[407]",7.74155046534786,0.000175617630056028,0.0208956989649057,7.70022595720204,7.72784845728403,7.74159655069276,7.7556695691113,7.78195314276437,14157.2069856647,0.999579301529096
"overdisp[408]",7.06870041663075,0.000245699860022409,0.0289834136388688,7.0119101739903,7.04872660768336,7.06885831520436,7.08886442194485,7.12549948101926,13915.1935607122,0.999738422784957
"overdisp[409]",6.93884346156389,0.000255412178364414,0.0305660316761031,6.87856383777535,6.91817364033566,6.938907632001,6.95961321633215,6.99913970339567,14321.711319117,0.999625808388902
"sigma_rn[1]",0.173470633003342,0.00100767902095736,0.063433871503883,0.0676249955281061,0.12917590903901,0.167300370103315,0.211560394199231,0.315863597899673,3962.76211369937,0.99987291953266
"sigma_rn[2]",0.190750614352783,0.00141066463498936,0.0814446006257957,0.0654320684096926,0.135048523953553,0.179457094336289,0.231858679246125,0.389019736594221,3333.32023252855,1.00038617277766
"sigma_rn[3]",0.300510557347554,0.00256859118163164,0.113288086312932,0.126843065269116,0.216908419463429,0.285352710676873,0.365399122812672,0.559382391574052,1945.26380864891,1.00322069099737
"sigma_rn[4]",0.296520624873573,0.00314313694179788,0.131492648117778,0.0901551624763529,0.19858571153734,0.281264962144838,0.376330923169428,0.593930667280198,1750.15429194811,1.0012572387754
"sigma_rn[5]",0.217372316645934,0.0017902217529067,0.0940738888324771,0.0769733950945573,0.151254621427561,0.202565200426368,0.267491863161576,0.442173513467341,2761.36957051522,1.00093968869817
"sigma_rn[6]",0.141984484704786,0.000975429977564538,0.0593595744780161,0.0478249418251329,0.0995828119384011,0.135122392086962,0.17630822958023,0.276678311849137,3703.30397283562,1.00001800523714
"sigma_rn[7]",0.159524258407835,0.00139816930215067,0.0707239816236969,0.0511520959269487,0.108384238008955,0.150630124703404,0.199948680916918,0.32826964649956,2558.6676602665,1.00080720774505
"sigma_rn[8]",0.177157117547225,0.00139022517435412,0.0798099940016896,0.0579129852248565,0.120398600930779,0.164926945739855,0.220113558420864,0.368518274535476,3295.6741027216,1.00037894762171
"sigma_rn[9]",0.17732478431016,0.00103622330852794,0.0713301389789974,0.0637900772083031,0.128480502726957,0.168537841057726,0.216582668232407,0.341942085517826,4738.4840866799,1.00044133214342
"sigma_rn[10]",0.190622811569537,0.00128615823148214,0.081223256474755,0.0657184395599052,0.132979620280111,0.178971071975442,0.234212805716123,0.389632142328554,3988.15466220547,1.00054411329332
"sigma_rn[11]",0.304533015663366,0.00431715670076837,0.158760979736867,0.103660947649278,0.193135723415191,0.267619410677616,0.371607868415919,0.723991893609118,1352.35875030082,1.00223528550831
"sigma_rn[12]",0.137718262442628,0.000844401646037232,0.0581920178076297,0.0459551501412671,0.0960723734481514,0.130397476933514,0.171573557461264,0.270244207509147,4749.29001734669,0.999809629342804
"sigma_rn[13]",0.150045998832328,0.00110515373195541,0.0625965549501959,0.0503243651827714,0.104179838360971,0.142934455594102,0.186629267699877,0.288584588873527,3208.1559775191,1.00053301838818
"sigma_rn[14]",0.425984844882684,0.00638883769448353,0.227520255596444,0.118180702344049,0.24627203766602,0.387855444845872,0.559143492145351,0.950306916120311,1268.22533124365,1.00372170789721
"sigma_rn[15]",0.338497336615067,0.00429421293226813,0.158490940126088,0.120883034983593,0.222529859071426,0.308218079226471,0.423676744126966,0.72087851140953,1362.20268528023,1.00200769847613
"sigma_rn[16]",0.172273278450977,0.00112121076845136,0.0667756972653089,0.0619322874362979,0.124653971665213,0.164689270699448,0.210918156727004,0.327057125595248,3547.00942726743,0.999998876238324
"sigma_rn[17]",0.174103375415797,0.00118254559700672,0.0699865751518949,0.0593077183156163,0.12457123436092,0.166876137234207,0.214180153633241,0.331156135481973,3502.62539545387,0.999981521524294
"sigma_rn[18]",0.139234251196437,0.000920078761001711,0.0570702104376785,0.045909219963921,0.0975490376764002,0.134225609838561,0.173589509450245,0.26550293738675,3847.41413910885,1.0004535092888
"sigma_rn[19]",0.186889560089065,0.00125570894564577,0.072858981424209,0.0696530407385291,0.136849639418921,0.177511861471501,0.22640184773962,0.357023947991084,3366.57438409566,1.00179585534407
"slope[1]",0.0157259022400192,0.00138188169002714,0.0758913722795243,-0.136919939801905,-0.0331956368209856,0.0149537726911349,0.0647447273573385,0.163300475072438,3016.08159768183,1.00122336357849
"slope[2]",0.0108428788513699,0.00139738667564392,0.0763940751544643,-0.144078914618437,-0.0383509076700543,0.0123096054998668,0.0621769418004501,0.158621021441489,2988.72639769108,1.00074812392756
"slope[3]",0.0380015520950756,0.00141078866532734,0.0796645808195858,-0.122933490386959,-0.0131155279999045,0.0368008721043657,0.0897406221801678,0.195714104536578,3188.64834988709,1.00072680566423
"slope[4]",0.099029734017891,0.00218488430650148,0.105888141497244,-0.0944737572246414,0.0242060293070175,0.0919590841813422,0.170917000420923,0.315369633023234,2348.75523532226,1.00133952928842
"slope[5]",0.0185260067905034,0.00136106472698779,0.0763087845842022,-0.134493616675836,-0.0314305409167168,0.0185631749417248,0.0698593869332117,0.165728645492394,3143.34112507701,1.0007184483881
"slope[6]",0.0124383253485602,0.00136863413860778,0.0748574874146978,-0.139306333028776,-0.0366664932902015,0.0125425925464832,0.061564900215034,0.157411284334348,2991.54647810486,1.00095025096207
"slope[7]",0.0146544523031271,0.00136128371955578,0.0754859778489387,-0.136715884347959,-0.0340190637650029,0.0146930398345352,0.064110104982378,0.163299487874772,3074.9302539422,1.00129280298116
"slope[8]",0.0286528794293863,0.00139353681926269,0.0773185818062389,-0.124390851490776,-0.0208582690434255,0.0291110913414763,0.0786674443258048,0.179855092032842,3078.44120356991,1.0006905578878
"slope[9]",0.0208932380381239,0.0013988818394246,0.0772631558573672,-0.136242844449257,-0.0282410830867451,0.022282452637688,0.0715599940672071,0.172678438681114,3050.58283419791,1.00096121520526
"slope[10]",0.00624516750550475,0.00142375731602728,0.0784604181505726,-0.154644146500996,-0.0439255783389217,0.007517230966764,0.0562895220279261,0.157251290718445,3036.89166236982,1.0011250989843
"slope[11]",0.0177894758619337,0.00141457333425097,0.0784432283109793,-0.13805830801477,-0.0328913750196203,0.018145601498168,0.0695204656660055,0.171659949600405,3075.10523898752,1.00085348523195
"slope[12]",0.0104709546485555,0.00138090317133904,0.0745847939948227,-0.140604626987838,-0.0377845292304031,0.0115122440713343,0.0596466406298509,0.153784576604269,2917.25326825285,1.00097679816576
"slope[13]",-0.00602684963952721,0.00136775646166802,0.0759116459635142,-0.159855250652956,-0.0548635853179287,-0.00521780536320493,0.0428497123198118,0.140289406394793,3080.34433026683,1.00098962936588
"slope[14]",0.0147551458614381,0.00144948746576394,0.0831772078457478,-0.154812851421471,-0.0388329967137429,0.015427600382633,0.0677610130590954,0.178296858323874,3292.90913347479,1.00130063750854
"slope[15]",0.00348280916458223,0.00145066002098854,0.0798646407950131,-0.157973561061265,-0.0479043086209556,0.00442464186726785,0.0563009853698274,0.152355154091282,3030.94321957081,1.00117143308321
"slope[16]",0.0266797628543501,0.00139298285425582,0.0758627738790831,-0.127427818598616,-0.0227268026022997,0.0268501481323358,0.076570962116782,0.174896924186449,2965.96413410509,1.00088358350424
"slope[17]",0.059692694324866,0.00139463299952252,0.0783780058271292,-0.0970712344269845,0.00938594000139475,0.0588524795279433,0.111248460251875,0.216085159445905,3158.41028110118,1.00114181384895
"slope[18]",0.0206642893040544,0.00137301250240158,0.0747801266109437,-0.13035833156759,-0.027233152530876,0.0208905255776379,0.069077817864512,0.166789268675892,2966.35694200277,1.00128673965994
"slope[19]",0.0223544877634717,0.00138037060659695,0.0756900448219747,-0.130374651633184,-0.0254669328076873,0.0220776825864772,0.072972883356359,0.169877833147786,3006.67245562004,1.00101768704163
"annual[1]",0.562234890046727,0.00226879432558833,0.163554065369986,0.241373437433329,0.453031899161829,0.559333018581746,0.669918570455521,0.886671970957755,5196.75727384181,1.00044376311938
"annual[2]",0.350892201727555,0.00202485560948362,0.160470498858758,0.0430982036639815,0.242534677629838,0.348871615545509,0.457041636230559,0.668948346370123,6280.61665283644,1.00003248102969
"annual[3]",-0.0801272772178792,0.00197582591241569,0.166356954837232,-0.407621970793069,-0.189462509751102,-0.0819101015144826,0.029914698624055,0.248180420737445,7088.99337437053,0.99974063047558
"annual[4]",-0.286535743509172,0.00234369474336892,0.176104719194324,-0.639746255912988,-0.404335602200896,-0.285542956901384,-0.166160079329283,0.0488081299266945,5645.98729445992,1.00022541145957
"annual[5]",0.238822051063277,0.00207879909818202,0.169114277109663,-0.0868611386908994,0.125135153813812,0.235372783458821,0.348781842610737,0.578097691029315,6618.1332580088,0.999856055730787
"annual[6]",-0.15189258689313,0.00194092062824452,0.15758697407251,-0.471930953256423,-0.255115070788652,-0.151261723543063,-0.0440706456044001,0.152331812045055,6592.119648996,1.00026188856642
"annual[7]",0.248897863092537,0.00189784521709149,0.154711832275174,-0.0521418845784443,0.145036738799558,0.244978955308201,0.351142234835438,0.560704994804112,6645.46660229644,0.999858980008899
"annual[8]",-0.521062285522596,0.0022886573466507,0.167699432065733,-0.849667948862488,-0.633594699843842,-0.518920854190936,-0.405784249770561,-0.193822957137548,5369.1017208716,1.00043839416607
"annual[9]",0.242403563404557,0.0019576847348996,0.162938186124008,-0.0717506124406332,0.13341450275769,0.241132177543018,0.350187421014088,0.570769459710576,6927.24018174321,1.00019268761196
"annual[10]",-0.695717468424179,0.00211340120066062,0.164238945066854,-1.01851203976198,-0.804844638710912,-0.697217034526734,-0.585112891372251,-0.374907304518515,6039.32489817021,0.999985270186555
"annual[11]",0.106435220375059,0.00180338081193663,0.14129748258081,-0.163201673471413,0.00909590689128202,0.10683743658638,0.20213439215566,0.385646527009943,6138.94807162618,1.00015685168933
"annual[12]",-0.181173254934543,0.00193070800225276,0.144123810348429,-0.466304540142385,-0.274706083659203,-0.180256108272514,-0.0873860013783683,0.0988094383669,5572.34860200584,1.00035035072151
"annual[13]",0.743274919468335,0.00198968943683503,0.152161953865981,0.447324193826187,0.639524447273344,0.741619864685802,0.84412884153797,1.04251878103873,5848.46053876523,0.999842181399467
"annual[14]",-0.321626179959445,0.00187027450867239,0.145462978968197,-0.613514996014906,-0.417228881934932,-0.319301137369653,-0.222823822760827,-0.0393182571794882,6049.14849179267,0.999683104917726
"annual[15]",-0.29759658695573,0.00182855169244078,0.146781989408043,-0.588678558224656,-0.395118674426781,-0.296088944292448,-0.198950697712786,-0.0111212091679949,6443.63682553762,1.00008778562102
"annual[16]",0.207056516100343,0.00189550976669696,0.147366465493826,-0.0719212807643782,0.106451515208838,0.205732696808188,0.303015204428339,0.498878132416205,6044.28983872435,1.0002383122267
"annual[17]",0.343546042894145,0.00188584261700571,0.142945199755517,0.0679540348411679,0.246457408681459,0.340061463437344,0.43859795628475,0.629374608556754,5745.50570272261,1.00067460252956
"annual[18]",0.0847999899240743,0.00177970446416441,0.141084964935382,-0.193075598253168,-0.00968753594689318,0.0828357479282002,0.17970172147518,0.362352424271893,6284.42705316006,0.999939144092262
"annual[19]",-0.536016914703849,0.00203436642152392,0.15871639059556,-0.84973992156827,-0.643755092501942,-0.535104058122599,-0.429117496852872,-0.226062665172684,6086.74628310901,1.00144331571356
"annual[20]",-0.170590217260317,0.00187990625550608,0.149178800598027,-0.466687242775609,-0.268856318012929,-0.170572896821495,-0.069407634638133,0.115998791785477,6297.11806707697,0.999730465252644
"annual[21]",0.128264457996683,0.00189321049151744,0.149486606040285,-0.165345401061095,0.0282840592077073,0.12971839549409,0.226757657343947,0.421830172956569,6234.5736320716,1.00035386815563
"annual[22]",0.0331934887175555,0.00206288453665642,0.160975904171704,-0.284576318760542,-0.0725839472565911,0.0317844600505055,0.137757604461567,0.35757839478781,6089.36358000155,1.0003591045351
"annual[23]",0.41860069443939,0.00231326278701369,0.175226716596846,0.0897496072604795,0.29731322439691,0.415184787288891,0.535930158840725,0.766238565690119,5737.8699868699,0.999899249569
"annual[24]",-0.387642267569288,0.0022857664261996,0.190072911883211,-0.76629474589436,-0.513287189897612,-0.38524378792111,-0.256567410095593,-0.0304727083959903,6914.75436788271,1.00058427498932
"nu[1]",5.5074614029285,0.113789284562702,9.48190538041907,2.14350822935073,2.77602924655854,3.64841723729579,5.53156064945543,20.169984188052,6943.66085467765,1.00044802312533
"nu[2]",3.08804368402276,0.0579488648132458,3.04757278595482,2.00843245981859,2.08251119582204,2.29977974903904,2.97485257200681,8.44138388071589,2765.7843061097,1.00152893682918
"nu[3]",9.63067786013665,0.22022467821562,16.9383669659122,2.84900718838429,4.39051667269632,6.38202058502897,9.95172841281938,34.7022755975066,5915.76763287672,1.00029082111548
"nu[4]",4.08548258794872,0.0542953165034471,3.42741023679614,2.63078538226592,3.23794084150874,3.74593162879964,4.45684165656141,7.07419833091811,3984.80836899752,1.00040394868417
"N[1,1]",143.646326309101,0.587428715963334,42.2244438283715,79.8283107974102,114.270489114033,137.364869568826,165.963902195034,241.362725479445,5166.75097416986,1.00077930828508
"N[1,2]",514.253637455285,6.802637944074,351.309310945649,128.530551266482,303.500601310969,441.22627024897,625.420868937262,1356.8601846356,2667.00976752894,1.00388137158608
"N[1,3]",42.023292374125,0.467919978538482,30.9262837918271,6.62557552981252,21.7430801149408,35.892538265821,54.2861387368195,113.474409679887,4368.29839257089,1.00128356260834
"N[1,4]",24.4149731842098,0.950176178372827,67.4898821018552,0.703000063058495,3.93133483072953,9.26307426335443,23.3030979304928,128.649817387145,5045.09167983056,0.999764121636567
"N[1,5]",862.829820849304,8.27357835503126,579.103520127458,234.766206111235,519.805176294156,735.028286780673,1042.59929686551,2315.217795672,4899.20532633085,1.00007192718759
"N[1,6]",351.519932785312,0.99583766532483,81.3329827053645,222.748062055968,296.257165878347,340.975288699213,395.194872043272,541.387269874684,6670.46794978815,0.999990726784475
"N[1,7]",1280.43884768025,4.03272969718206,320.738755001905,800.963535748706,1064.12106338922,1230.95319218968,1442.62377344147,2036.2726656085,6325.64261158106,0.999957849292246
"N[1,8]",298.08295677027,2.8843496491876,206.33739667218,62.1752487601125,162.674370153006,255.290517583691,380.153686694518,796.346982015273,5117.52628844479,0.99987348251292
"N[1,9]",95.8211461295404,0.270811051182497,22.9216857437119,59.8627046599226,80.2548727537532,92.9836438851838,108.402632646641,148.01325516613,7164.0786033674,0.999911892601709
"N[1,10]",520.445829982567,9.43361135391153,679.335038917605,88.0499060431551,243.647797435891,381.342580810412,616.877255050523,1684.13045282644,5185.75590116911,1.00018351039447
"N[1,11]",288.022331938937,1.02965051736211,96.8675073081133,124.074201354378,218.579354364028,280.379514638203,346.886879140805,505.049885131296,8850.6784781914,0.999874864153159
"N[1,12]",1283.91621020526,3.24831847280015,290.247724665122,786.746240403387,1084.94622649259,1260.45907646925,1457.64935855749,1911.29112335911,7983.99844893408,1.00054597228271
"N[1,13]",956.611667996032,2.96796962049722,230.53090048087,567.4300538041,796.899804655488,936.385776822282,1088.88742745969,1474.4488251142,6033.08425922085,1.00010218741896
"N[1,14]",42.3685955155116,0.199694471458043,14.5095646667931,20.8618996377669,32.5194432431728,40.2718810053525,49.7971320707976,77.0294769417926,5279.30413116255,0.999990546543147
"N[1,15]",120.355578485548,0.419234572014519,34.3634105626796,66.8756457797149,96.9513750469373,115.939460202069,139.016304697885,197.718575631273,6718.59315509096,0.999784114298068
"N[1,16]",201.090321667307,0.567504895108633,46.7632635043723,124.20026186421,169.090331402687,196.234002337725,227.309607346647,304.884116982586,6790.00978392237,1.0007735481655
"N[1,17]",189.72399344031,0.494117509447011,43.1356143628421,118.636494949631,160.228091988802,185.046406262399,213.592428807052,288.644910284469,7620.9916945374,1.00012183808511
"N[1,18]",4954.63708874964,15.1480350268167,1220.83264680249,3070.38918998718,4117.91679484879,4778.16273084159,5610.81555669557,7803.89643059212,6495.30677149041,1.00017824685202
"N[1,19]",489.808667597476,1.44660078934421,117.933851518588,291.509123247451,408.331587974952,480.04323885779,558.447569171464,747.824134694351,6646.29430981726,1.00078310451776
"N[2,1]",277.520774677142,0.67357363447952,62.2908113890403,172.232313990261,235.25799028653,271.064868713966,312.993357514549,417.1893074483,8552.19938113659,0.999768483070701
"N[2,2]",900.334657209053,12.4115113480155,559.738235209467,253.33400114906,558.539847912019,784.968233443386,1084.33776015012,2275.59646294459,2033.85791998947,1.00526264437272
"N[2,3]",72.4237258261404,0.690470629591436,44.6351038910556,13.7697777898063,40.1988088858081,64.462851342375,94.5347254872441,182.345226478967,4178.90675082138,1.00090230185875
"N[2,4]",41.5670509483858,1.57513758463938,115.826623405559,1.72946342372561,8.02027804471212,17.9293769730499,41.6833011031809,205.114061270449,5407.29175601872,0.999733454241044
"N[2,5]",1502.33704038882,12.1689130197525,891.679937640372,458.621438029109,962.444141052038,1314.03713497391,1805.86534179097,3752.62182841893,5369.2597803723,0.999687863240115
"N[2,6]",635.45092869851,1.35939985951999,128.869857219662,421.350343780171,546.887752264992,621.437976911027,707.303684936847,922.666703853363,8986.86573412597,0.999908863602504
"N[2,7]",2374.61608744403,6.21217270895376,531.67466294172,1455.15777578151,2005.8739086242,2330.06372575334,2685.68597537546,3557.88219463909,7324.95373748666,1.00005715676136
"N[2,8]",522.599284078157,4.72359699938324,333.752925063695,119.987292383982,300.118279038532,457.738053837983,662.139470862353,1330.47159080459,4992.34379472185,0.999801964772595
"N[2,9]",173.777319872229,0.404870770960281,36.2001177185565,111.864438907116,149.311055011218,170.480758283443,194.498102640009,257.368947944014,7994.4228606416,0.999974837129275
"N[2,10]",892.853235437448,15.1705944347208,1036.27155532985,171.886921289734,443.98318035049,679.513788901576,1070.10690142818,2855.55323092881,4665.97017266288,1.00043198768826
"N[2,11]",420.335651407504,2.79588094845894,172.924582896826,179.218961573928,291.297423577633,389.844888690246,513.073478351625,838.26556585351,3825.39357508382,1.00170980693286
"N[2,12]",2214.86531831456,5.06115908329296,473.363315827278,1465.72878347015,1883.27511810225,2158.965491012,2482.80319120579,3284.01281458369,8747.60612855807,1.00021372452666
"N[2,13]",1628.49807298328,3.88688105754833,370.71023308471,1032.35610284016,1367.50548014393,1580.53468539912,1839.94995443567,2472.65294168717,9096.3392049664,1.00017880386401
"N[2,14]",94.2586522916129,0.371021310620376,27.7378909582025,50.8470777320717,75.2986486134988,90.9798859493577,108.855248708975,157.985292861611,5589.19372320091,1.00050503588753
"N[2,15]",206.234319300413,0.719250960832806,53.0148272173733,119.604712725075,169.454237030626,200.511961293302,234.9040341013,329.202279027203,5432.92611864945,1.00006617329853
"N[2,16]",360.978185802134,0.870695144371429,77.1010340556425,235.363577260271,309.01851899744,352.410476492192,403.864505660202,535.304202625758,7841.30163493131,0.99967641678877
"N[2,17]",360.948017762585,0.844055210657926,72.4924229986196,238.366115744434,311.236845107404,354.692363895679,403.676164268905,524.887951779735,7376.38407051754,1.00109988563929
"N[2,18]",9190.72622442704,22.6595740578003,2054.13696693243,5685.4759339381,7770.87359994729,8993.17048309326,10399.8034114627,13773.1353384584,8217.79518108421,1.00030210948181
"N[2,19]",828.376084433797,2.39466836295459,178.504772342498,531.285065028358,704.24767491531,811.591488376444,928.650094730135,1229.29080791605,5556.59712479546,1.00248616678242
"N[3,1]",432.455372378088,1.04478182466584,95.4024527484313,265.759945112145,365.354628145021,426.571049059018,489.847271634606,642.216814173983,8338.11465928734,0.999925360820229
"N[3,2]",1266.02879125606,15.4603198463072,739.584489792297,398.741907978515,825.33298707087,1125.95203490743,1519.20027866885,2983.05711526677,2288.43531229417,1.00446636659376
"N[3,3]",103.07450652103,0.934117087593605,57.832348089622,22.5224898962343,59.5726018384918,95.3438300827396,135.42216004094,237.331731640921,3833.00175651271,1.00122997479533
"N[3,4]",58.3928551702512,2.22620410888474,158.613475329117,3.09233726722869,13.1929983163245,27.896724037804,60.2833441648988,272.9905973389,5076.33415036101,1.00008008950997
"N[3,5]",2110.31747544011,13.9203188407792,1098.15019419305,711.522609175838,1427.02534617078,1898.05111627143,2509.45413072545,4882.75710545336,6223.36280450992,0.999796399441677
"N[3,6]",943.744312922231,2.07174740502752,185.965290968912,621.846391989905,816.816175529125,926.54609893371,1052.52423574463,1351.80548224998,8057.31199760529,0.999907021906958
"N[3,7]",3303.88145134019,7.73627082510038,708.387803600426,2161.11283008865,2812.24335553978,3226.15541525335,3701.07783020091,4943.23635389707,8384.53189280998,0.999960091926937
"N[3,8]",752.841361908854,6.3933542713288,445.603514430612,187.206338555151,450.439436680061,667.886557469163,955.779532254036,1808.50591253968,4857.80048612105,0.999736032523833
"N[3,9]",261.559883117865,0.590508736793834,51.8986526228571,173.091966542477,225.568519462934,257.135972691456,292.374836562551,377.525384615303,7724.30672465255,0.999884754605441
"N[3,10]",1224.24844277333,17.1008250542272,1178.88832256302,255.961926326934,647.46396652892,966.755756684247,1469.31021272123,3690.78380657233,4752.38048155512,1.00058139203697
"N[3,11]",636.134671469055,4.7787277329355,293.886433573331,168.165058685214,428.284000516831,599.361527214807,808.314228111235,1301.31200046681,3782.11301786158,1.00210378082163
"N[3,12]",3216.37015797607,7.35279479861012,677.676417553387,2095.95328710323,2747.95419018015,3147.44600307864,3600.65266664884,4775.41995620157,8494.53977133942,1.0002197724683
"N[3,13]",2372.82777391239,6.54464726898368,558.056687503585,1439.51727979914,1982.89096720096,2325.64090336438,2704.7980073563,3594.12387408795,7270.83257549533,1.00040561797883
"N[3,14]",140.554850061191,0.619727814644925,41.4260846714591,76.0695918242881,112.888289307841,134.993753840067,162.219140688355,235.527904607784,4468.33576342541,1.00086646300552
"N[3,15]",267.66875233375,0.848002131184064,68.5014202448924,156.484037723343,221.680634996034,259.843845937606,303.512811506915,425.04050942625,6525.37183725634,1.0001396535496
"N[3,16]",522.597333772861,1.37953398271512,111.271647105493,331.224341894586,444.36244025857,514.867734921453,591.122926606251,762.088181088419,6505.85271717087,1.00007679613363
"N[3,17]",536.87199010369,1.2033099402969,104.354784175625,357.275338527372,464.839338193028,528.985244247069,599.251231837823,760.554394838242,7520.89836433543,1.0001135002561
"N[3,18]",13019.8355810107,30.4359829099043,2700.66159478087,8608.87207194949,11142.2564817156,12698.103349848,14576.785601926,19171.1013745557,7873.46087817408,1.00012759035783
"N[3,19]",1162.73017137147,3.00568205296265,249.61589795739,729.156787044968,987.653469822911,1143.48544240831,1313.06025121379,1714.7907891592,6896.97112312606,1.00190167812969
"N[4,1]",400.8534304244,1.45901570775766,85.5159933950593,262.307145773435,342.59327532381,390.860152509686,447.985228524524,599.850307879358,3435.37977933298,1.00170871111022
"N[4,2]",1122.95470116142,8.5764446317863,523.74143492727,421.664137587028,777.163168071913,1024.59615423209,1352.41782858062,2392.92415483723,3729.2310456363,1.00350016469855
"N[4,3]",120.819741410453,0.505577839406255,38.1242347580026,59.9457194698431,94.8215297877208,116.02611282668,141.015150445792,207.921217884735,5686.25342040672,1.00009934326909
"N[4,4]",53.3992314371247,1.54535882398535,106.348304684062,3.67035244566042,14.302376816413,28.3910069872943,58.699043272917,244.323035100953,4735.89941228676,1.00033444025689
"N[4,5]",1915.2660760929,9.2061609840342,771.095162768317,826.514660061005,1410.18573090034,1781.3407712033,2257.27970293532,3869.54884602399,7015.50320808406,1.00023447933928
"N[4,6]",892.699941183412,1.94298150011367,184.003993583061,588.734512826101,765.017957322085,874.882487751152,995.279001936491,1313.53069439409,8968.4453655878,1.00013272112034
"N[4,7]",3177.199813421,7.86451718812376,721.935719287134,1935.08412829335,2667.96549315339,3118.80514772895,3625.18069100352,4748.41092505656,8426.61065388233,1.00003185763101
"N[4,8]",696.274307473053,5.32666333525613,376.836759786916,198.34689121958,433.993369134177,627.115405048329,878.530823199837,1584.03486651121,5004.90714451203,0.999770761020175
"N[4,9]",254.474302049004,0.612904733019142,50.8238361171364,170.397242266546,219.894997100524,248.550280826184,283.927896379253,369.327958028702,6876.20686586196,0.99990041191247
"N[4,10]",1098.53795968279,11.5095411614523,833.213578031492,275.289720348736,615.995638580469,898.042022913566,1320.83809959306,3100.10842196625,5240.78877621736,1.00008079845934
"N[4,11]",833.590053098062,4.22608866218577,289.732951184062,377.239552057505,618.224154317652,804.755816042313,1009.30576950378,1475.54599146118,4700.22417423809,1.00064654412244
"N[4,12]",3076.15346536079,9.17219372223327,799.743086659819,1799.40919764364,2520.87513725022,2971.87801469676,3513.13382833111,4956.23479695079,7602.46713934994,1.00008899853158
"N[4,13]",2100.67593239618,7.26578047035321,580.960788709287,1195.33094568282,1696.51632297217,2023.87489121637,2424.65548381825,3441.84190723504,6393.3591024584,1.00059590365374
"N[4,14]",115.600989641342,0.509775349886479,35.0290423876679,61.3959760014477,91.8195785287284,111.013568443537,133.899754595003,199.025288553248,4721.70518470369,1.0008592075667
"N[4,15]",226.952453813199,0.879797123353451,64.500247972791,123.143443109096,180.261644940174,220.211469694856,264.79979524826,372.069480966716,5374.74288300911,1.00068569862432
"N[4,16]",442.056725237644,1.3814086951473,103.304318913118,274.515977903852,368.991966688619,429.492079670713,502.227309597672,674.661269219583,5592.32737215679,0.999820419694601
"N[4,17]",500.036642520627,1.21697041540114,102.287656400877,324.950153028291,429.538673149926,491.749737812409,559.644588910438,730.178097545133,7064.58110121061,0.999888375109366
"N[4,18]",12724.1563763033,29.9577601767895,2485.86205345349,8503.71488981593,11016.7834010118,12497.4190809545,14167.2380639106,18203.6007038382,6885.49821925066,1.00071205871828
"N[4,19]",1012.81330686483,3.57221555891072,261.49343123815,579.029683370188,824.230655124116,988.934077060574,1167.46397773808,1605.52230082222,5358.53722596968,1.00019024603338
"N[5,1]",309.758970434569,0.874354022690436,62.5978372675077,208.264157960819,266.718007750852,302.861994819938,344.613577325402,454.010404580421,5125.59199340183,0.999637069476116
"N[5,2]",816.558290604929,5.60398765438471,311.575331315988,364.258111925578,603.256214207997,768.883943273291,966.219878876726,1602.4541444557,3091.23335787395,1.00268343890497
"N[5,3]",119.801090565316,0.324135127156871,30.3026568177049,70.5303597264213,99.1649123272495,116.673207199612,136.563113408113,190.296465620615,8739.95541051842,0.999953660464013
"N[5,4]",42.5699293508711,1.0927410725459,77.5640463168488,3.62581581543524,12.9895538535674,25.0035231080305,48.3932096278225,181.112478610414,5038.32733647461,1.00015863752832
"N[5,5]",1433.72827604889,4.30372756867663,387.897663904832,844.16635669524,1172.13144286248,1371.63347234849,1633.40847989552,2328.24363154158,8123.52991096584,0.99962289410482
"N[5,6]",685.002493766427,2.1171715821837,172.559925332286,416.637290474282,564.881538284976,662.158918593014,773.91460306665,1101.61287629323,6643.05390137102,1.00086916055177
"N[5,7]",2221.72636041712,5.88372531915105,535.505753880967,1353.86529795059,1847.64238677764,2162.60899434351,2532.47139182302,3437.78147079273,8283.68363132919,0.999689534105694
"N[5,8]",523.22382380992,3.38186184020962,250.345346371695,176.72138441075,344.566419550008,479.630882182226,648.578882192399,1126.21506064263,5479.83299413081,0.999993985416319
"N[5,9]",207.625742511547,0.44164684932852,40.7627329814129,140.483647855988,179.322585134205,204.187341580647,231.071840561546,300.962327572533,8518.75866596133,1.00049576520562
"N[5,10]",781.223279773428,6.88869265338528,534.686575182754,217.183066486268,467.575261142741,663.502842495224,948.19434743271,2051.83292897714,6024.55457328221,0.999747656109236
"N[5,11]",640.13373579636,2.81952039490971,194.680386819439,331.216577071206,503.569228326841,617.347979290547,747.266332078349,1085.00335139359,4767.53533128291,1.00039053003556
"N[5,12]",2381.16289559356,7.41610610456397,651.639371399688,1361.65932077655,1932.75642754014,2290.26166883641,2729.63468060369,3917.13357646622,7720.80817751886,1.00053496576146
"N[5,13]",1513.15663220027,5.09496547759203,426.123473184289,833.207720358748,1219.8724155368,1455.80818082401,1741.70157190074,2505.00777676862,6995.01137345297,1.00009171379397
"N[5,14]",61.6551226327858,0.238544873574787,17.6346212050438,32.7412726044165,49.6914552022357,59.9436537563875,71.6957418857044,100.793740931634,5465.02427140552,1.00029497055512
"N[5,15]",115.290870490618,0.413739058081323,33.0657483710003,64.6696595241945,92.2608042470881,110.229891496872,133.25111229879,194.837831748942,6387.0993286303,0.999690724601006
"N[5,16]",344.828351620777,0.93220623940003,69.1841400546522,227.922033104772,297.692111966281,339.165236165332,385.800963833447,497.649298458982,5507.93851273945,0.99962887884582
"N[5,17]",384.55406672759,1.26356748184472,95.3752544007904,226.307620523825,316.862276034291,374.636003863313,442.623434675303,597.131629433131,5697.37148103849,0.999631370897862
"N[5,18]",10054.6169599367,24.7726299141294,2071.0234425376,6737.05141065777,8611.6470982755,9829.98900850411,11268.0306318503,14804.2837987387,6989.17315876673,1.00012266240233
"N[5,19]",812.671137304541,2.13448555784739,170.045915896179,524.552162274723,696.633171878363,797.065248420785,912.782995377103,1193.58572829012,6346.67076808388,1.00098763075503
"N[6,1]",403.117058036972,0.838815417044858,76.1961954898265,277.733502748718,350.060894710993,396.701740107379,446.733666704375,573.775790420993,8251.51639146904,0.999715384711139
"N[6,2]",996.149810551727,3.33274853747781,264.087206304231,590.197157825159,816.672068983256,958.583738885793,1133.77837733281,1626.94542160433,6278.9876903491,1.00054493175369
"N[6,3]",188.593152368061,0.566445876641714,48.109925972977,112.671544195455,156.191986449352,181.749326426985,214.170333075365,297.426747500956,7213.60799124345,1.00018870897393
"N[6,4]",59.2382637645202,1.28329928713812,94.9106821690629,6.72122138179943,20.619021990411,36.7862098764431,67.662553548459,245.286563305318,5469.83572926325,1.00036286298209
"N[6,5]",1975.9191332515,5.26441538707395,469.638280639213,1199.11424165053,1649.82428522849,1934.42279055886,2247.21201228993,3011.57504404907,7958.41677798221,0.999979153129375
"N[6,6]",810.605017985188,2.03507282625229,182.807263856872,519.409157810835,682.884857102885,789.644793299756,911.275216460262,1228.02094878255,8069.13508959986,1.00042834603653
"N[6,7]",2928.49774086887,6.29336170653403,572.268254951128,1944.01492799413,2539.42393961985,2882.30833193373,3262.05644093262,4208.34583963317,8268.63695385327,0.999866257379329
"N[6,8]",656.659786231492,3.66534264457329,267.915837306084,269.948523711823,455.351232334956,614.208898934343,809.667782487184,1278.64008157442,5342.78396896707,1.00009484946241
"N[6,9]",280.650231422326,0.607089975831236,53.4585396710424,190.335078333821,243.477905478374,275.299274039149,311.717632969599,401.951732208006,7754.04037477488,1.00013564691879
"N[6,10]",953.324524131777,7.66816729436588,572.997200026617,309.472294321523,604.914680350953,828.563987476202,1142.0991634985,2356.28160060567,5583.69697359792,1.00013895561919
"N[6,11]",690.314906471704,2.1641180114949,169.420106938834,411.779815070603,575.562390427537,672.867268336564,784.285621527773,1088.36573298414,6128.69521248202,1.00076106998233
"N[6,12]",3136.86459035191,9.8127444635093,834.753078057856,1813.04637381254,2563.60053710318,3023.03089824417,3576.23273448698,5100.70342828733,7236.60852518787,1.00042092720331
"N[6,13]",1825.94557977715,5.46250900131477,471.875283314004,1063.8787566833,1503.62056891381,1772.03681345012,2084.27044314424,2905.60669322955,7462.25573092463,1.00002931023213
"N[6,14]",49.134248573419,0.384324550839577,18.5879696292111,22.5801958248662,35.329474350575,45.9982740347688,59.5630947663929,93.1312919958568,2339.2015973703,1.00210118602549
"N[6,15]",127.908278542878,0.394671879254295,33.9574434892619,69.9185378585047,104.740871921693,125.773268541072,148.258747313965,200.200532258303,7402.82709835588,0.999856788267631
"N[6,16]",455.643728526742,1.03512765014726,89.2259340751922,303.327751643354,393.104883897031,449.792100751113,510.095098130556,651.760794620252,7430.09535185894,0.999995439840977
"N[6,17]",561.694114388337,1.4207016168218,119.387620939798,347.177197765799,478.644771855396,554.511323437713,637.130678260936,817.092698617595,7061.75826025661,0.999758353850777
"N[6,18]",14233.5034962084,35.5399399043012,2797.57365151766,9470.88350525468,12280.0613247717,13980.1647013304,15919.3447714972,20480.3295433454,6196.2606699345,1.00119984027605
"N[6,19]",1081.02679800386,2.40999102607135,209.890986582376,718.456427570592,934.403754701076,1064.40644417173,1207.6846185063,1532.83359836011,7585.01994334023,0.999896249950624
"N[7,1]",365.536725810612,0.779219976614188,70.9649412972884,242.485319129024,316.20786350063,359.710781477485,409.361805072003,520.663705561621,8294.06701222575,1.00024676428362
"N[7,2]",876.148624744357,2.62075822235869,220.360554658412,534.324083712215,717.093018634267,848.734980514762,998.329817300477,1397.6183839857,7069.90860612756,1.0000388155978
"N[7,3]",200.821594915605,0.826505651311596,58.7512429834911,106.949454325084,159.1686577787,193.957406431372,233.622935385739,335.577653085416,5052.92048077805,1.00064847770608
"N[7,4]",52.9436543002803,0.99101127828696,72.5114173444052,7.74630320427303,21.1776755271469,35.554726212978,62.4702844467963,198.718043524692,5353.71926542029,1.00039434795988
"N[7,5]",1647.20879046443,4.28318758268986,401.179522135985,1025.68764347847,1366.68017634243,1592.64318096099,1870.16042944285,2598.64383200002,8772.90292692182,0.999788569431998
"N[7,6]",707.832281819928,1.82925865032893,141.532286896318,463.837641389732,608.760997589446,695.420857747522,790.967793541718,1011.67580704106,5986.33219785684,1.00073884301567
"N[7,7]",2583.87861135855,5.72154645572318,510.067693515281,1699.21257365812,2229.45802576875,2541.44340518726,2900.38751998066,3679.53466894551,7947.46780724261,0.999823188890314
"N[7,8]",623.217039258633,2.71369409120445,206.180633541471,275.578141478614,472.658604194391,608.008167097687,754.634743791182,1063.96665099426,5772.63318296677,0.99992827434931
"N[7,9]",247.643362283792,0.557679637044872,49.2116208068664,166.830907448616,213.894484104218,242.211659816277,274.76055145874,360.490906216847,7786.92091121026,1.00006594756497
"N[7,10]",789.248739480162,5.7768779077681,432.640012635109,281.26102729475,524.782891390571,702.830412231649,944.532094520841,1805.92200432754,5608.76168406076,1.00035810387781
"N[7,11]",502.428943291081,1.36076977351554,119.169842660333,310.94156171752,421.855532591607,487.555971623078,565.462137410658,773.276053575464,7669.43593922228,0.999946675518418
"N[7,12]",2763.15523997622,8.3110638151568,705.107540373299,1663.1562298295,2279.32030319783,2665.7930208181,3139.27583701285,4417.74618241574,7197.7620302522,1.00035270216149
"N[7,13]",1498.17885585586,4.17825192301718,348.249285268284,940.221059398142,1252.92225277748,1454.31668288399,1702.81004970003,2284.12008243099,6946.90282781585,1.00048445840682
"N[7,14]",36.3835384171642,0.337294030326698,15.2040968958499,15.2929661108487,25.1953249728122,33.4946664126644,44.525961979503,73.5135938712956,2031.90756759016,1.00186132858312
"N[7,15]",82.7463561906439,0.420021702396064,27.1971601471904,41.5666088005306,62.7485036339011,78.6299283170386,98.3850366223071,146.121921515889,4192.79525729238,1.00006759538627
"N[7,16]",398.488348689589,1.00206664051652,82.8038834345323,254.508792095905,340.556430038212,392.651585087643,448.904502100869,580.807354892501,6828.23095096575,0.999751100055703
"N[7,17]",519.204922425431,1.61666401921018,124.968400532838,312.291425061045,430.967386069424,506.299950419045,592.084762121427,801.636350500924,5975.31599657636,0.999858404017473
"N[7,18]",12743.7859343461,30.9407451288881,2507.27140556468,8469.291702095,10990.5553319613,12520.617383936,14255.2239965204,18404.1222015362,6566.60901798388,1.00139449572064
"N[7,19]",916.900019428619,2.0820207789827,177.827937025829,620.424229879594,793.367252095001,899.67124059944,1016.56253557122,1315.04402904782,7295.0766846523,0.999986822737378
"N[8,1]",473.192278803791,1.00164347355044,86.8605766172086,325.495017775856,413.195901017209,466.195575447569,522.830702946659,669.841589169717,7520.0215456378,0.999701155418519
"N[8,2]",1271.65523358526,3.21948614989483,277.736636860618,823.595433421928,1081.26897029502,1240.22812760989,1421.77390377913,1918.28666060196,7442.06094653978,1.00010189273326
"N[8,3]",251.163797278123,0.866521735404587,63.3407633938967,147.742654340368,207.040245990204,244.786581781139,287.329936321134,393.674099061768,5343.27670384882,1.00055572146827
"N[8,4]",65.3570844795742,0.892046682041453,64.2561685273218,12.4940702162066,30.7585869601588,48.7012507275012,79.0587292915899,211.643994199388,5188.65132476596,1.00021895533294
"N[8,5]",2361.52192467882,5.69486342369287,514.632820359311,1488.61613178008,2013.68580700087,2312.45514371024,2657.99537235029,3487.05687772274,8166.35646093929,1.00008472269014
"N[8,6]",885.50116627776,1.79603357558356,161.656983118826,601.544634137352,773.037226925729,874.775145794929,987.883686716275,1233.8694008126,8101.39927532338,1.00037741290773
"N[8,7]",3236.67689680884,7.22043438329889,596.049452864298,2199.88621204331,2829.74548717991,3191.55695448657,3593.89531561318,4551.20626387466,6814.56182561017,0.999804486907414
"N[8,8]",819.510800629305,3.69010947655998,273.314692956297,372.247373961489,622.970902319531,792.094874816196,986.424451166924,1415.79878534709,5485.89457060205,1.00014724508333
"N[8,9]",340.902263834571,0.769730848026095,66.7015938195475,232.200084378469,293.741304698847,333.415965843556,378.842194586545,489.746235908075,7509.21673074361,0.999694494966325
"N[8,10]",993.696033843851,5.84906900808844,442.368103408954,412.837655915198,706.593889929296,908.38848804376,1178.4473026987,2039.56526381054,5719.97485235256,1.00069710531629
"N[8,11]",587.731455553289,1.51136114215845,136.150456475902,368.758264843703,495.383506035652,570.41428221141,661.747767614059,898.325932680216,8115.24618753771,0.999737016593369
"N[8,12]",3633.39308380081,8.72150222276732,765.946498034514,2318.44131094275,3107.03721939364,3559.55788997495,4086.11761845847,5324.08507114939,7712.83921786029,0.99986533970812
"N[8,13]",1995.68279290604,4.35496243710859,381.660498494727,1324.87252052441,1732.21129667196,1968.06716108823,2226.480765576,2831.62625213611,7680.43113559352,1.00002977391579
"N[8,14]",58.75833700632,0.233377985515076,17.0227233897272,30.8700107583398,47.0727412942198,56.9452815872322,68.052577082131,97.6037577942971,5320.32681493709,1.00092664651165
"N[8,15]",107.526951757661,0.380361121619503,30.0265434513397,56.267216971055,86.2376140489653,105.198962027973,125.94230830354,171.955694773643,6231.87082304911,1.00024667776536
"N[8,16]",475.672855499927,1.3162874911969,102.932299949122,304.29313704967,403.233109142667,464.163460485818,537.587040955917,697.834016851158,6115.07580954621,0.999758286768449
"N[8,17]",778.310762183934,2.34830700308164,169.263296201353,479.214607024979,661.699203096814,766.749289014224,881.990133816301,1138.43527745218,5195.36233448305,0.999956632572556
"N[8,18]",15906.4308938798,33.1148654273634,2813.21756363419,11031.8958279813,13946.0997739899,15690.5423456336,17512.3466085413,22152.0121969991,7217.06557454228,1.00049724308916
"N[8,19]",1182.62779439221,2.80507487199734,221.966278470883,805.527873320676,1032.28156259156,1160.02595764069,1307.51151658362,1676.37226379273,6261.59661068169,1.00039878334964
"N[9,1]",283.075282498303,0.615598508333637,57.9010567140989,187.292433765648,242.912706609464,277.309167282652,316.595397891851,413.724879952223,8846.62996384689,0.999870353873674
"N[9,2]",915.069248909878,3.21298606692898,259.052685788163,532.965819234719,734.627933531984,871.371287688854,1047.05152260882,1561.7614280864,6500.67589793196,0.999682929421493
"N[9,3]",135.063287280049,0.39037445827784,33.1091787508399,81.3013763630242,112.403935584401,131.526020602733,153.779416460251,210.080163379475,7193.39697442927,0.999739969579989
"N[9,4]",38.1258672306921,0.397030766683904,29.0738529776308,9.23619150158424,20.8549065168181,31.1216292944465,46.3283090376355,111.152797333797,5362.37096793412,1.00012694046984
"N[9,5]",1499.52749279609,5.18300876538055,364.487608983096,906.186659996484,1247.0930254376,1460.6920658073,1706.75072396536,2338.44485489864,4945.4025779372,1.00021261039256
"N[9,6]",489.705300275063,1.07330430248367,94.3266030401887,332.328035861296,424.905424192208,480.007330009814,546.087886183959,698.800512530864,7723.65112476326,1.00000968810332
"N[9,7]",1823.10202106694,5.45446135918043,413.291566197724,1139.33373591118,1534.13423481458,1782.84539043671,2066.31808620377,2739.23225346375,5741.28818704318,1.00049467870932
"N[9,8]",555.288043953527,1.88219979101116,151.114266795453,292.339287450997,448.961009159376,546.119858382706,651.257170453322,874.370487721269,6445.83960985342,1.00031983826357
"N[9,9]",235.059725686733,0.603772393312668,52.7134152291129,149.350079626344,198.068009944178,229.414081176124,266.271313988134,353.744332102773,7622.47143822645,0.999712188283363
"N[9,10]",567.002704209961,2.39251145658669,204.145738380253,271.674779514474,429.174159833616,532.237724580268,669.507178273262,1038.43409272621,7280.69074654713,1.00009791416352
"N[9,11]",354.672040793867,1.02475293050421,87.6577272359143,210.725765341085,296.292070704501,346.267748582204,403.026894205484,551.035794554049,7317.15196178132,0.999771883530378
"N[9,12]",2125.23661211435,5.12897980280629,459.163698778794,1401.60036383876,1806.37846068464,2064.09687026202,2383.61264689805,3199.93766528736,8014.43873913498,0.999961441731741
"N[9,13]",1208.58551892059,2.8417370692201,236.210086929384,815.544316800448,1047.6781870762,1182.28288039874,1342.65366653918,1737.36804206036,6909.22115172831,1.00007965475969
"N[9,14]",36.339210937979,0.19599203185157,12.0293196995859,18.2074659199528,27.9796868391602,34.5247680445465,42.8291803674478,63.9009486275915,3767.08399458452,1.00101522428766
"N[9,15]",52.5054099165294,0.417788669481522,22.5917193281936,18.5154993615695,35.5207905314059,49.9456829458423,66.2514646303664,103.530363810375,2924.05308278615,1.00181773260836
"N[9,16]",273.591357130454,1.11864579333593,77.347158067137,142.457128583542,218.122909592161,267.012344718036,321.112861698861,446.184429814924,4780.83257394167,1.00006372776522
"N[9,17]",498.982311808289,1.57090493436281,122.76463062053,300.786165129933,410.62309899191,485.483253499402,570.556799893613,778.913461510335,6107.26430113434,0.999950866984882
"N[9,18]",9209.35827792467,20.2008017281242,1708.30316711459,6252.77953678774,8051.41379076925,9063.64468366995,10237.2814075717,12983.2485129956,7151.42650913321,0.999618714249143
"N[9,19]",692.112741322393,1.74340151742509,140.816426604724,447.46266647348,596.393402908082,682.098115649123,775.230195972101,1003.96033283304,6523.96765797199,0.999860462202277
"N[10,1]",390.816387904797,1.29584863783755,85.1357749051668,255.892196487926,332.408629434674,380.624632786969,436.629825641903,584.044779711269,4316.33986730506,1.00039672512993
"N[10,2]",1194.89017283988,2.97745808715544,265.249944131199,769.123281692609,1012.89199095295,1161.49602582139,1345.209793693,1799.23093687777,7936.32215669143,0.999860667819619
"N[10,3]",135.030187662466,0.486209823213016,38.628300242191,76.6076960203501,108.783796946881,130.297434154442,154.563691627173,225.637134306115,6311.9527449432,1.00062356117753
"N[10,4]",46.5123550330227,0.314104586744545,25.3245452487967,14.7931531888771,30.0990105017367,41.2143206459293,56.6026510440605,112.742285417841,6500.32026480742,0.999731169084971
"N[10,5]",1916.83535493181,7.89730095280844,572.305508835348,1058.28050754928,1518.59191044813,1827.30796031657,2211.9801957615,3267.06440983543,5251.682661546,1.00004259174829
"N[10,6]",617.63320590302,1.32917540530807,113.070160036403,425.966785508875,540.068830490374,607.830393738215,683.869267693722,865.274029904254,7236.54755603475,1.00010923002208
"N[10,7]",2469.56337763188,5.51348786046129,462.781142023064,1663.30308790611,2154.21328345662,2433.1337485326,2749.37526697261,3503.47643233522,7045.28330374361,1.00006842645039
"N[10,8]",759.948532313402,2.716515066512,211.476405203925,406.966322007662,608.08233707976,739.502876698863,886.624299746954,1234.36748721221,6060.37646037489,1.00028748966034
"N[10,9]",307.636192167741,0.746232544824563,64.7096110976529,202.519541489481,263.380118317621,299.789017855581,343.078660920421,456.600776133516,7519.50423359197,0.999671004913205
"N[10,10]",710.770797236675,1.97712354430794,172.268080955287,435.000117500458,594.605228324563,687.803860768385,804.514876038739,1114.12301634853,7591.75205642438,0.999819209563575
"N[10,11]",386.72682431789,1.29391891264534,97.8952513702814,235.679669670347,319.081893816,373.473959084592,438.958596851342,608.83640443564,5724.12527813689,1.00001913522081
"N[10,12]",2847.9722805505,7.04480965577486,615.543919548902,1846.60429405594,2427.46158613249,2772.5711373198,3193.01392858136,4257.44664555446,7634.48180719028,0.999683925068261
"N[10,13]",1582.79225487675,3.78416828156828,326.170912566197,1048.29344341126,1356.18768447552,1549.74870298067,1766.42252866485,2325.73869597814,7429.32872581122,1.00043687439183
"N[10,14]",67.5248066208499,0.287281043224077,19.6388277221789,36.5048812010112,54.1236094580586,64.9420733761797,78.3965439864853,113.504157495503,4673.2302836485,1.00033850696493
"N[10,15]",80.3347282254314,0.332642796487755,27.2333550665047,33.9851445140866,60.8947396083664,78.3644363847542,96.7320714502864,139.899561396087,6702.64241805871,1.00000446964197
"N[10,16]",374.272165179769,1.33695736121451,97.046151449677,212.941448846341,303.261969020408,366.102056103831,435.4020009447,582.878107034213,5268.91898621745,1.00019471960003
"N[10,17]",782.015053332968,2.13489850642262,163.826843210878,506.643167439123,667.393074612742,770.419595076808,881.023136239022,1137.16937878912,5888.64887190813,1.00005030899352
"N[10,18]",11157.271617119,24.6022796162072,2099.5055634358,7624.23119649322,9699.60570478633,10950.0614517333,12404.0219701292,15818.2046954368,7282.54805911727,0.999871417763464
"N[10,19]",788.374055352313,1.9159564789158,159.771145475479,521.88547039316,677.713945584549,770.653804526233,882.096428817149,1148.91878638757,6953.85159655419,1.00085242001258
"N[11,1]",228.705586500766,0.703275711328937,50.6731290567464,144.992428617656,193.146121915414,222.835358356327,258.396226566966,343.855455539087,5191.63567542041,1.00018351233986
"N[11,2]",579.274840327326,1.26546325021363,113.470739167827,389.338557995434,501.453144157332,567.906651631358,642.665361332997,834.610700606672,8040.23408099411,0.99977704981675
"N[11,3]",70.4664209212974,0.171241075536034,16.2728998150639,43.6702282692787,59.1503547790065,68.7969687330092,79.9612198157237,106.965268341977,9030.5459666376,1.00015452669802
"N[11,4]",23.5461863562958,0.11206718251085,8.63339785619667,11.144164919692,17.6619468101705,22.1283904448101,27.8119948695367,44.4349142232544,5934.80704267046,0.999843831251582
"N[11,5]",788.531420265999,2.90461055072197,229.159020826426,403.199755394677,634.53489624679,768.413466955844,913.539392283043,1304.40217541313,6224.40860802329,1.00019761531325
"N[11,6]",308.184953654547,0.609635218545615,55.0146830253039,215.063141587016,269.812641006064,302.618706887484,340.710475803635,429.997377986119,8143.61312649747,0.99993781060125
"N[11,7]",1245.64367359257,3.36522510367995,231.970725934758,839.01534699284,1085.63108153608,1230.08079526998,1381.67327289864,1757.003091975,4751.58084848941,1.00041478760683
"N[11,8]",356.004446583421,1.00148368252647,89.2570318868282,208.46858353125,293.288255351301,346.822142793764,407.232674788509,557.079524703298,7943.22979320875,1.00003102231456
"N[11,9]",161.722038757781,0.505589775182391,38.6896350038892,101.623861932266,133.947194714168,156.648123294708,183.839495817863,250.519248698224,5855.88717325009,1.00027782370847
"N[11,10]",361.174365872698,0.955227832277426,77.4225127220597,231.23475366708,307.385797863631,353.689382647247,406.05965876096,529.547769626913,6569.32258554731,0.999811451208513
"N[11,11]",202.244998765752,0.58007859537447,46.2805368074618,126.856729131568,170.065503335075,197.194925574914,228.115519397777,305.354747521326,6365.361812699,0.999933475813242
"N[11,12]",1360.95995081991,3.15774351564897,257.933111839044,940.952498854345,1185.21231578265,1331.13806717362,1504.55749035211,1937.53635113672,6672.06842376389,1.00089406046678
"N[11,13]",739.862142463216,1.6759891844075,144.017790247441,510.39130595434,640.695038957081,722.03176628661,817.901269337342,1072.26399925551,7383.96896389076,1.00025368781747
"N[11,14]",36.410790892629,0.159253437535462,11.0553545904843,19.3137206343123,28.887467856228,34.8550427865706,42.2186909906128,61.8289716018183,4819.11979778744,1.00015979390577
"N[11,15]",32.3531410182461,0.220059338741682,12.0749931035762,14.1826386423617,23.5247913563338,30.5954035203494,39.237131114559,60.4617948548533,3010.88505191076,1.00040699723453
"N[11,16]",217.881210265187,0.511714390005575,43.9507141597282,138.493795643016,187.531404368752,215.675752148511,243.878865276547,312.98597062396,7376.94614122535,0.999913021636759
"N[11,17]",434.069559949874,1.04162059879071,86.8751118754651,290.716345166371,373.811912256106,424.840809580349,483.910906163372,630.525542137284,6956.193178326,1.00020049366455
"N[11,18]",5635.35280325011,11.7152218446939,972.559866057447,3965.15376913125,4954.30105498953,5565.15376497071,6227.14219630275,7769.61644960578,6891.78394076547,0.99999470610942
"N[11,19]",378.94442644221,1.01145313304353,80.0670373527826,244.813363029665,323.711594122356,369.98586056303,424.70933484378,560.29863066189,6266.36936014672,1.00013911837049
"N[12,1]",263.685601922474,0.651709337114539,54.6746289872033,172.23908838015,225.525110560212,258.307503384212,297.62657303066,382.641743701073,7038.23563956712,0.999817682719245
"N[12,2]",633.730926411199,1.28002739434739,121.873113177397,434.06774399969,549.663188321821,620.826333951037,703.400667467434,908.587747867867,9065.19773602121,0.999836552158521
"N[12,3]",80.7769065069506,0.199006045971279,19.116634847946,49.8346409479847,68.0517462311215,78.4681460694139,90.7817349164202,125.20345160128,9227.63372513388,1.00016533056256
"N[12,4]",32.904304037208,0.107633537553516,9.35080579471957,18.1085486877345,26.5737095162431,31.7855781184167,37.9450809948192,54.4130402222371,7547.49520837535,0.99993283325737
"N[12,5]",840.592934733226,2.0587840181282,189.198014077855,515.403749603063,712.356814440374,824.718740553448,947.602107911313,1262.21400691889,8445.23172503268,0.999822496260743
"N[12,6]",351.451220762633,0.720577610456913,59.4821865397354,248.276261044467,310.478120897591,347.124816688395,388.099505350625,478.293322854486,6814.15992067356,1.0006135040864
"N[12,7]",1349.83764710932,3.02210341924733,257.141965444577,913.952911008044,1170.26976101578,1328.24701828873,1497.09011414227,1932.44831986909,7239.81174843519,0.999997276788046
"N[12,8]",418.148484282141,0.962014280300966,86.160273906883,266.041682971599,359.289213413399,412.160990844193,470.336128413926,605.745750397469,8021.41718703373,0.999940052343136
"N[12,9]",170.52975876856,0.445350157121159,36.0041319535165,110.944491711698,145.114573074151,166.576681311451,191.60256955707,252.550052714156,6535.840868468,1.00028338529679
"N[12,10]",389.263350948586,1.02583582912173,83.8892555214461,256.1767944115,331.465979501465,378.185431847479,436.545176126996,580.574435867199,6687.3946514724,1.00005260218737
"N[12,11]",239.217555025001,0.795599100419104,59.7249072654453,142.990933201017,197.537406417185,232.253357959477,273.086256439296,376.306220263986,5635.36955518331,1.00008453499825
"N[12,12]",1516.15957717511,3.266622459067,267.950010397576,1047.40703960828,1329.93610856451,1493.54039233554,1680.05570500781,2091.84136002126,6728.36695432557,1.0007872032653
"N[12,13]",812.009373699575,2.03029477242271,173.644579157838,533.828609365789,691.334679520883,790.50859715621,906.675525620403,1217.1478534476,7314.83050339875,1.00009143262621
"N[12,14]",35.5920073935435,0.158907035278903,12.7461548705274,17.7046771253704,26.8841225572492,33.3476273688585,41.3172206318026,67.5930700616648,6433.86778234151,1.00016492893658
"N[12,15]",35.2554234329423,0.282635989483649,14.9913524440823,11.8284769714703,24.0425846384462,33.8105788055584,44.42073432955,68.4948402169414,2813.36904707828,1.00020596392693
"N[12,16]",261.55281128869,0.57306314655681,48.7226293514975,175.643110686584,228.958577890632,258.160423439889,290.214404310024,368.297427919854,7228.63796623509,1.00010527046492
"N[12,17]",555.738579774719,1.4277804062394,114.985026401824,363.615725126165,474.913730309877,544.900192590635,624.919038414053,813.840747153725,6485.74311150982,0.999719488156827
"N[12,18]",6410.26614957934,14.2345119226651,1069.43703417569,4507.1350405522,5674.83799081692,6343.09823744994,7054.11979558426,8719.2966224726,5644.49740751642,1.00017247693506
"N[12,19]",432.789750675844,1.26391093260376,98.4798524510762,271.910618811238,362.000922653036,423.580964241496,489.999401943245,648.443310150692,6071.0224325969,0.999942454960908
"N[13,1]",219.484638220064,0.497678210083395,45.2343591732947,144.691067193042,187.721057424995,215.165429211888,246.192683268466,318.800268379297,8261.13333009275,0.999989280106444
"N[13,2]",539.285010987342,1.16588827456276,110.622342089419,352.534553655108,464.148822876172,527.692832621257,602.381211324117,789.811852427142,9002.68032268615,1.00012119452334
"N[13,3]",72.1168545875552,0.214747392430518,17.7909740868372,42.7788274113413,59.8848474818801,70.28564941565,81.9928067853166,112.75207970302,6863.46867662594,1.00046101474587
"N[13,4]",34.5106935440135,0.124826364043921,9.76164280346932,19.0165182594932,27.8214110762072,33.2222223272953,39.7641561505044,57.441458218126,6115.51707241752,1.00005066652014
"N[13,5]",658.032007537828,2.05793764795733,158.194281714793,404.910089537005,545.857721862303,638.138207352369,747.3298600784,1021.3486167076,5909.04282299951,0.999998164017582
"N[13,6]",298.938050799126,0.601167039296235,54.0713957735662,208.557702307915,261.8342315677,293.356775071655,329.725574333286,418.299840689447,8089.93139212476,1.00034022628917
"N[13,7]",1143.72963260548,2.70267130621831,226.861378260075,767.506419135353,990.874775927669,1124.30484078141,1271.94693802513,1647.35444553409,7045.87072768696,0.999822512782791
"N[13,8]",345.054568825529,0.776559727370714,67.8272750454587,228.639121757102,298.869383213735,339.097284136083,385.485703843531,494.252606991166,7628.84886281423,1.00027347372609
"N[13,9]",126.408451651845,0.317600501262525,26.4726795361853,82.1931685907039,108.24036815105,123.720083894424,141.573859801325,187.12875438067,6947.57824050854,1.00049547624406
"N[13,10]",364.078312209086,0.993324533696228,82.6334398369148,228.986638332872,304.76950501405,355.378869838856,412.459477214176,545.166484380843,6920.37039351407,0.99999956505672
"N[13,11]",175.507797143111,0.474292596147523,41.6138028394193,107.481652237731,147.016912018485,171.155932188346,198.490721604927,269.490530522049,7698.07468049758,1.00001905710607
"N[13,12]",1202.13748285666,2.68495364134405,221.509175494795,823.066547394447,1051.89476690143,1181.01584206789,1327.00524990692,1695.06723616863,6806.28073197881,1.00054818641239
"N[13,13]",600.522664505079,1.4607935805583,115.760284136831,412.013721408123,522.322655319883,587.473410830448,665.10647958225,862.874674695626,6279.73713404526,1.00006848027376
"N[13,14]",47.614479238888,0.43092100861895,21.7764329052848,18.2257826265959,31.370054580098,43.2989056177651,59.6963303959632,98.7495981569305,2553.74863585653,1.001845491105
"N[13,15]",42.9147037432732,0.144720381593954,12.0819484454545,23.0008677364556,34.5927557662705,41.7395060916873,49.6487574756969,71.1266455939776,6969.70759930879,0.999832167991105
"N[13,16]",234.88913751385,0.503005460686468,43.9033607308743,160.519009638807,204.50164527599,231.105198139677,260.752889804792,332.159837804081,7618.16075020441,1.00014498145074
"N[13,17]",498.43163273941,1.34347987843704,106.98009744069,333.514485619767,424.250191207192,484.118409310011,554.899453703418,746.283839524113,6340.79402350783,1.00113361699775
"N[13,18]",5313.08638586805,12.7581466789154,918.965009564163,3753.51456044124,4673.65167067407,5230.53705859065,5853.39616042297,7393.45119169196,5188.27239454532,1.00012419225688
"N[13,19]",422.332790319897,1.08741802871772,91.7307682177882,265.225380449073,359.304484350046,414.365848534701,474.667590748069,626.677364300953,7116.01742877156,0.999854345977301
"N[14,1]",440.525335017272,1.0504663604691,85.5743718186439,297.833194070833,381.470246699807,432.308079743572,489.807698887643,635.288268753482,6636.25614966637,0.999969530311273
"N[14,2]",1102.18770430197,2.45583487708401,232.759713088833,725.692007453845,940.625090300567,1075.23979399423,1232.98518451421,1639.01743475193,8982.91521809124,0.999646076981041
"N[14,3]",146.592493395855,0.437802095633355,39.5147062092312,79.9478243083341,119.081633688118,142.741092283343,169.795754984035,233.197481109648,8146.32706480964,1.00012753759188
"N[14,4]",106.925560616268,0.317274211908843,27.0690544604477,62.1920533061029,88.1776461030627,104.405982353006,122.696248307089,166.212413617942,7279.08219868114,1.00001091258054
"N[14,5]",1445.68331559465,3.46183619464878,312.047200658437,886.236854948852,1231.73920896084,1429.45637740095,1630.25339006099,2122.27029984157,8125.07826902959,1.00038371061969
"N[14,6]",661.452789295817,1.27073887249189,111.662721012894,465.714118955327,585.431040496657,652.920663657279,728.81745182053,905.446556622532,7721.5374544295,1.00003910809184
"N[14,7]",2623.82378501526,5.26194405593531,484.686295166101,1775.53940363974,2292.60400796591,2584.00838374586,2915.56040058508,3688.95483238017,8484.55417397242,1.0001854706996
"N[14,8]",762.227144237513,1.74767483649997,149.153531654753,506.642766687816,661.228229524425,746.930898282261,846.618353478387,1099.64171473124,7283.59544592376,1.00026506961722
"N[14,9]",256.187721655289,0.676678702263279,52.4079281221395,166.434710747161,219.854196311088,251.98830617196,288.810233242935,369.888089532207,5998.31081775847,1.00000947086786
"N[14,10]",724.992295140892,1.88454712507728,152.15040057357,472.333631901603,618.623471080245,708.504303006015,811.175202758747,1063.35547248409,6518.26775592668,1.00042041294098
"N[14,11]",319.512982253819,1.25487975962332,84.8507109430028,183.027706764653,259.224303943943,310.584603031092,367.783834053789,517.770392094549,4572.00547799616,1.00075358970778
"N[14,12]",2564.26782091699,4.84315039127993,430.941438695388,1817.62286172634,2268.38394375631,2526.2107947136,2823.58705819861,3506.22801448475,7917.36385658634,1.00012422137416
"N[14,13]",1194.20430954205,2.72495394821344,222.022676947743,821.791710610262,1040.17042447893,1173.36282625734,1324.29608603302,1694.1386772446,6638.59745610655,1.00031834418869
"N[14,14]",82.8440443324895,0.549003220171376,31.4787250781057,33.5456861591677,59.7079655616284,79.2604817173403,101.801776733196,153.107606168523,3287.64174052375,1.00178376816217
"N[14,15]",95.185601318395,0.326626221160164,25.1816017981906,54.4942667484999,77.9025795105323,92.2025509920664,109.076371904859,152.996375489474,5943.80579756728,0.999896775474251
"N[14,16]",551.478677442722,1.22108553828997,105.039562239465,374.68803521488,479.109486688255,541.085523892324,610.187308648545,791.589526785046,7399.69178495051,1.00021726810125
"N[14,17]",1239.87499709602,3.48500917295228,266.043737369428,808.814284550061,1052.06819641563,1211.76731723923,1392.99419718598,1849.91878068966,5827.71398597616,1.00029071884626
"N[14,18]",11664.2785121372,23.314964988078,1976.76430724423,8266.56419517217,10324.3963623721,11496.8643813946,12824.4076035723,16033.8117607335,7188.53259541126,1.00021681804995
"N[14,19]",906.927152493594,2.28323616448116,179.960177088895,605.8461830845,784.039819605953,890.500664790416,1007.89644733309,1326.54456643275,6212.28189310612,0.999982818970357
"N[15,1]",295.81951685053,0.682877951516639,55.5304984145397,201.151234670841,257.979782964733,290.944834097459,327.938538600887,417.481999591378,6612.67169981688,0.999769613969655
"N[15,2]",863.659141138054,2.91673219407783,228.505084449016,509.809239877803,704.219558806661,829.956403289299,986.141968549266,1409.83831705665,6137.60062468701,0.99985123788409
"N[15,3]",76.298592757717,0.370072007588882,25.1516591723124,38.8740928505194,58.000766157836,72.2424838905061,90.2419469894951,136.903019958989,4619.13660796948,1.00011630125211
"N[15,4]",104.10567814278,0.319100030272996,25.8627169658398,63.6706329736675,86.0652490545136,101.167944117477,117.828336284069,164.159444530732,6568.92953634706,1.00007034782131
"N[15,5]",982.303232685004,3.78616863019191,258.045037285257,548.023342745476,797.654923907123,959.006343047103,1141.41540889412,1551.03216666653,4645.05773702567,1.00037836717077
"N[15,6]",500.640126955405,0.955348741575277,84.852538575814,355.489872223732,441.483459968298,493.963445956571,553.276479982039,681.168786513796,7888.70667376966,1.00024326336945
"N[15,7]",1962.78009421168,3.96462810537563,362.356492976623,1347.04003099702,1712.62928420926,1926.06514788302,2174.80653416489,2754.45749884121,8353.47514485158,1.0000974456263
"N[15,8]",634.317845256603,1.42483093918797,120.18604943481,431.155135857779,552.766027139423,624.299856443198,704.065097825177,898.662407554874,7115.10717139039,1.00071324119058
"N[15,9]",168.746827466119,0.5538845551309,42.5792432213767,103.006216078794,138.620648605335,162.988210251256,192.178595610452,266.154297999843,5909.59020531475,1.00080623945027
"N[15,10]",468.785942949031,1.08343367547126,98.0338162886135,300.030031131884,401.270745645788,460.92484210876,526.772594431006,686.596767848324,8187.42166976347,0.99991141858875
"N[15,11]",242.480051455722,0.657005637197303,58.064905959456,146.476263198295,203.710481468513,236.47675939043,274.107639024405,370.973690969962,7810.6874981858,1.00010376948841
"N[15,12]",1901.48465318096,3.7551862445766,322.391527370358,1354.2657811191,1680.74009282871,1873.10893509445,2087.46311592152,2618.00607958335,7370.62433549404,0.999951456998647
"N[15,13]",852.867171853605,1.81596038117069,152.254655353553,590.52912845441,751.452998793116,839.724552115303,943.177500006805,1182.61593202031,7029.56453802656,0.999952653086127
"N[15,14]",32.8687696613783,0.288359384094288,17.1849162138254,10.5295392689808,20.7592138620475,29.2118034010484,40.9941629536972,76.0899222921489,3551.6213630047,1.00106030601075
"N[15,15]",59.7973775935656,0.20050665555166,16.7963008068145,32.5155439235241,48.4852281518251,57.8973039566204,68.7315903817756,98.0434452800093,7017.29447433377,1.00013875775827
"N[15,16]",484.775630326833,1.26222588993683,97.5410266853069,323.849188448088,416.237320508582,475.2984009359,541.545222165909,704.148092667764,5971.73431129623,1.00002388551004
"N[15,17]",985.588881614764,2.59072495077945,193.382688775545,666.755948759642,853.297496400335,964.846242153053,1096.90427337713,1417.02214775581,5571.76220650006,0.999919112469072
"N[15,18]",9143.27507728965,19.0186615085658,1545.75179893967,6430.67765241708,8086.42328910819,9031.17561277363,10073.8095840056,12556.4036545332,6605.71181900596,1.00039472027696
"N[15,19]",665.411464656169,1.60516935434554,137.508647088785,422.739520929444,570.427881833792,656.429801420502,748.48068138484,968.489972548029,7338.68588333612,0.999866451795521
"N[16,1]",206.58274783814,0.521117040903845,39.8861820717219,138.534569837576,179.492798576622,203.216614619645,229.03243206115,296.91594170417,5858.33745440941,1.00004905714226
"N[16,2]",601.149905132677,1.97885467169111,165.4317257574,352.227078130721,483.756783227335,577.167757529842,690.162762339454,998.475529372062,6988.9156583162,0.999874023346381
"N[16,3]",53.3866147718669,0.326035195671437,19.8516217991784,24.0717668149369,38.9252026763736,50.0831269917858,64.9159258572225,99.7225269066411,3707.34510966679,1.00111359654929
"N[16,4]",96.493606335684,0.376113235831041,24.8938982779007,56.7099666088866,79.1290069454205,93.7979889757067,110.26599277773,152.201738509103,4380.75118607171,1.00051276575827
"N[16,5]",807.802505459058,2.0763777753631,175.469105700241,508.707425706703,685.466614238675,793.63753495865,911.862464929747,1195.882966817,7141.48587977598,0.999999957832109
"N[16,6]",380.129877151338,0.700856404023635,65.3689810558619,265.208428002312,335.29321143612,375.813743921254,419.138480224879,521.418737331403,8699.32064789697,1.00000761778344
"N[16,7]",1574.0289136652,3.2744221184102,292.203148624644,1083.72513204868,1374.01674823192,1546.57761859881,1740.0666936474,2234.80568658437,7963.43523103736,0.999826061693388
"N[16,8]",497.671355943487,1.09818159205268,96.0080335741079,338.216409162269,431.808489167278,487.640146864005,551.139658726374,712.702497948505,7643.05227238002,1.00019383990595
"N[16,9]",127.955205633676,0.397383645556146,33.3383386734553,77.1829289590751,104.677388172563,122.659630691609,145.819462387117,204.957318591144,7038.30250859911,1.00047099020084
"N[16,10]",302.598374686271,0.922586060089027,74.1844074333099,173.575601908152,250.390566601276,295.76265727214,348.192770253108,462.005033912135,6465.63951617779,0.999587904717828
"N[16,11]",176.683823963634,0.538941388803355,43.8143986230528,102.405773803952,147.236579025209,172.955003656135,201.468333423892,271.953960104869,6609.2265064981,0.999756361726204
"N[16,12]",1445.41644930014,2.87219712460814,248.464468004199,1015.66060700189,1274.04440093131,1427.18423798389,1593.0587733448,1999.89389025941,7483.41956623934,1.00022498453784
"N[16,13]",641.028718022964,1.46110152241551,114.610579557454,436.560623807385,564.286244842217,632.741487023416,709.907736630049,885.800249102651,6153.02430740103,0.999826588866398
"N[16,14]",23.8602058165975,0.175041294977297,11.2562757369941,9.4912524579642,16.5566128378974,21.5883188044066,28.2814351340962,52.1252324203906,4135.31323207455,1.00077453193938
"N[16,15]",40.490078178561,0.219159899529413,16.2915466116696,13.3116200505959,29.6552273051397,39.0923641146017,49.3280638778632,77.2470509050001,5525.89266966379,0.999815867964084
"N[16,16]",389.581914837434,1.09000540136536,76.765009816508,257.643777611168,335.917589888877,383.012770177514,436.32412232935,558.364287091376,4959.85887531544,1.00037044620132
"N[16,17]",783.024631698716,2.0652088275562,155.933870513035,519.666315940487,676.212057512339,770.304335840187,874.312155775124,1128.55368176403,5701.02535179008,0.999669888434903
"N[16,18]",7257.49055653696,15.5218087550747,1265.74968795229,5040.46324967446,6391.0392348989,7147.32127708437,8029.68850248338,9999.73344701763,6649.83702421851,0.999924284294185
"N[16,19]",465.589453864632,1.37444148495873,104.222396277123,292.623309113479,391.641442238593,455.859044376625,528.733003847291,692.663289186725,5750.02321816331,1.00045957481843
"N[17,1]",232.125261121686,0.485626182853767,44.6423875712318,157.875100944148,200.511505357555,228.1089298824,257.795017288452,333.197603881372,8450.66020086752,1.0000456866112
"N[17,2]",774.14072756065,2.408129854998,194.591832350999,461.226074723521,635.231927071968,748.90519959324,889.287432697132,1212.83923927513,6529.64260687209,0.999703367742783
"N[17,3]",76.1366839454833,0.310507528345056,21.140208647148,42.5148561905625,61.3026659075232,73.6033848834326,87.9056197750297,124.88550773184,4635.26182184088,1.0003016827371
"N[17,4]",131.101063027664,0.382188108851692,32.6318468901315,77.0786833657624,108.897082050212,127.677477523925,148.936714163207,205.238341691789,7290.02416665367,1.00012308800223
"N[17,5]",1106.0579765203,2.71628188784771,238.390514121145,713.865954286428,938.994718761674,1080.55656731836,1247.10877488719,1638.76638750168,7702.43895370297,0.999978594888962
"N[17,6]",477.956094816465,0.89517366957009,82.9051930579435,337.44802330183,420.794939780866,469.301572468062,525.279430400486,662.983674789643,8577.26584719034,1.00003418010676
"N[17,7]",1991.65239186829,3.97051704057317,353.227347251003,1394.81329956473,1749.85617635711,1960.50406432316,2196.54330863734,2773.0919692858,7914.33649015072,1.00035122746108
"N[17,8]",627.357377871388,1.4504699714363,121.567406441892,427.700226593548,544.55653052031,615.754110496289,695.600382275438,901.059026743582,7024.5226706084,1.00048504045163
"N[17,9]",173.579613710379,0.574565421295613,51.0298327698202,95.8781451261689,137.61053401316,165.739307545242,200.475676953883,298.241651239391,7888.04390192634,0.999910690592528
"N[17,10]",378.101110285395,0.863707386914347,75.6621975541189,246.130905894952,324.473349696788,372.527350986638,424.748272699914,541.710386215206,7674.0501665991,1.00002673593855
"N[17,11]",191.35913653808,0.815545403098033,53.6480044365999,105.929246498179,154.205629806831,185.098980332623,222.542045034088,312.057609078865,4327.23873249282,0.999717600010923
"N[17,12]",1764.6400851409,3.39059335817387,301.488092013262,1262.88571942365,1557.77663117056,1736.50163867956,1932.76156391789,2455.64184441648,7906.5844277931,1.00043392854104
"N[17,13]",776.651207897232,1.61932819803623,135.477859512065,541.55350186585,684.099591032205,766.26021719618,855.970178629699,1081.68294503619,6999.49803189588,1.00013636127704
"N[17,14]",31.6004178280746,0.377582467908068,23.4638735011597,8.39414236575259,16.7731848283119,25.1367491307213,38.867261645679,92.6632594618116,3861.67549050893,1.00063157721728
"N[17,15]",58.7662910131944,0.264080626026767,18.5360347402866,28.5216471435563,46.0761333061977,56.5641089208687,69.2004904536801,101.949534368925,4926.75070904862,1.0005791191825
"N[17,16]",484.072109725779,1.0428588732099,89.7022721409414,335.171480884031,422.490919166373,474.215736456177,535.993079276577,681.209506848787,7398.70661158906,1.00013658633073
"N[17,17]",969.534622577226,2.07247005999649,185.068903172916,657.392471513518,841.614060131444,953.261914774008,1074.91022142246,1384.42998542173,7974.25963365543,1.00003521538864
"N[17,18]",9277.27818716154,22.7035610934961,1642.70809756428,6420.93617938397,8170.98739743954,9124.5084527216,10237.2646411264,12968.6022382792,5235.19461743698,1.00007069797141
"N[17,19]",610.78410357056,1.50730333839591,121.238347672698,406.672040439795,526.573768260286,599.172061153375,681.368149832533,887.876233603536,6469.61885231081,1.00007339756804
"N[18,1]",314.768804822332,0.599587021221317,57.820649156161,215.01670653644,274.48910770137,309.830531034604,349.784592640654,439.566250100373,9299.54027258469,1.00002707982392
"N[18,2]",1006.62580072656,3.14875973123626,236.581949950104,634.187715295476,842.102307207226,974.945443971604,1134.87426168892,1558.18002321821,5645.26285818562,0.999822310196845
"N[18,3]",134.768848140263,0.396166012588562,31.5029072974853,83.1642715116153,112.977795125105,131.552533584182,153.066136950007,205.584621543787,6323.34448099177,1.00011105170723
"N[18,4]",174.676078641072,0.631050047154844,47.4820214452621,100.169975809092,141.542544952708,169.212452578689,200.332014006945,282.895396985238,5661.49062659922,1.00083640313936
"N[18,5]",1921.32056467871,5.10905353174374,423.813695979459,1220.19578562474,1627.27434193078,1879.74976718729,2168.7787773204,2869.18190148045,6881.27744158691,1.00007995655845
"N[18,6]",717.073225163089,1.63933011395484,136.247419773419,488.215235050087,621.274643410725,703.557912123619,795.056605604235,1019.83782290193,6907.54526129985,0.99988313204649
"N[18,7]",2836.10815547857,6.07925258725242,499.875964687299,1988.64259515906,2493.89760585766,2790.18718485694,3124.9121704419,3943.29848324661,6761.20546698405,0.999808157750622
"N[18,8]",863.477102027769,1.81228509676481,162.785665953707,590.165464419917,752.883974907289,847.035537310837,956.011521013515,1231.79139264783,8068.24881728997,0.99958075846501
"N[18,9]",240.593337914427,0.785861772857028,69.9937388844076,139.167728564853,193.00785466117,228.203624096404,275.08612667818,411.556386938198,7932.79184736241,0.999602149925146
"N[18,10]",531.152644505599,1.13754583378242,101.202922922391,353.305201918048,460.779589686866,524.415952879951,591.271721632223,756.770674033717,7914.95232722358,0.999761249166967
"N[18,11]",285.272220918207,0.910480565779529,71.7707135014406,165.473151469458,235.821332498245,277.507001533335,326.958532893023,445.679295012113,6213.74128570203,1.00000985070862
"N[18,12]",2519.62107172749,5.43778824688468,416.702038111345,1798.73751290855,2232.63175445238,2486.06469801895,2761.47248998422,3445.96994535361,5872.27879055341,0.999877376546729
"N[18,13]",1103.73457174081,2.54624901346393,187.713044723855,775.046453908948,978.11773842335,1089.40181267459,1215.5989651037,1520.95693319673,5434.84497446079,1.00008723184242
"N[18,14]",93.6573007038753,1.92529978369889,88.0678206577204,13.1265850743126,34.227954133772,58.9523750203925,123.70465789002,330.329679230646,2092.36657956408,1.0009443799405
"N[18,15]",77.4527902439948,0.344207008748476,21.1516764420586,43.1716529806088,63.1144031903042,75.0847521157981,89.2223517587652,127.024785738839,3776.158112738,1.00076022075678
"N[18,16]",698.758414818733,1.47456844271354,127.670116160548,488.52443575949,611.582095337889,684.069021813748,770.885163223048,995.85494136944,7496.32896096701,0.999962621124243
"N[18,17]",1466.31746651753,3.11370153256529,262.763960471125,1020.04337835881,1286.87261846009,1441.84014891818,1615.39343248202,2057.09642346046,7121.60098993264,1.00088794138071
"N[18,18]",13166.0672812073,32.5394905428638,2353.43527345818,9006.75656641452,11551.126904816,12996.8360614443,14589.0675767006,18345.9121077654,5230.97950702989,0.999843772454455
"N[18,19]",927.804152531471,2.02613508157783,170.130480423671,634.339657983563,809.566977349479,915.998717215823,1027.52952662223,1299.82329795011,7050.62252864622,0.999764921383728
"N[19,1]",332.413722669957,0.675665016915429,62.6505581512637,224.636396343001,287.908720135477,328.233858389296,369.745772677352,473.48736581385,8597.7937309244,1.00048446333104
"N[19,2]",1151.58964164644,3.07632540229202,257.324696493293,731.86585901504,971.025847168024,1124.54363238064,1304.89471074582,1728.61588118281,6996.78284505336,1.00017856703746
"N[19,3]",169.919193237567,0.453012875821681,41.2945868801881,103.625407823102,142.209641031205,164.773941940353,192.306952799208,266.758054300904,8309.31378240759,1.00025123981129
"N[19,4]",215.67474576833,1.01333724720828,68.5908646482681,113.022310825425,165.717381253716,205.508798207786,254.173641882663,369.282858145368,4581.67777618426,1.00090154363897
"N[19,5]",2238.37255844222,5.48229749708286,488.635458602675,1456.15104567419,1904.76451008034,2172.83753479754,2510.94030778278,3342.10835931986,7944.10106071794,1.00097340109628
"N[19,6]",782.159450765751,1.72147317433674,148.516159629555,534.160578709245,678.809243583214,768.059718599123,869.434241700668,1112.0484713386,7442.98086031897,1.00036148964291
"N[19,7]",3137.21542802656,7.06717215534146,600.245001437342,2114.19021252198,2726.57008442688,3089.97097102885,3483.6255898749,4470.62040107064,7213.82765958577,1.00028488920122
"N[19,8]",974.253779231259,2.55545251171902,206.205810175404,634.951234796123,828.931300079338,952.466615983151,1092.27292237195,1431.92357870721,6511.27692740468,1.00057306302179
"N[19,9]",276.284109731358,1.2137950051694,101.486908181201,131.527906494016,206.210577907544,258.058910107486,323.894044746907,523.213726268923,6990.8398253726,0.99994004521172
"N[19,10]",531.522782275266,1.25966038799238,107.019644389003,348.940172673463,458.8067044718,522.725980254841,595.539048892914,765.146095907339,7218.05292454387,0.999744374976089
"N[19,11]",360.913799933558,1.15089788198455,104.254300619436,181.226018717429,288.500844387462,351.908002248795,423.586967574448,587.918285147195,8205.67622377033,1.00003482491531
"N[19,12]",2801.48713981707,6.01239110580285,495.856507081211,1958.02452815219,2465.12102836102,2762.36066866617,3083.56212428067,3920.10690563302,6801.70177801163,1.00004832323061
"N[19,13]",1233.86222216898,2.67295575824071,218.603294101434,846.665543720672,1085.35920357321,1217.63621214589,1363.50135482559,1714.70097519668,6688.51742589346,1.00032541715514
"N[19,14]",108.769259945906,2.62382629101609,177.566629582533,11.6497845396848,34.3360833371358,60.5156083053709,118.946131703102,497.719678093634,4579.86360078271,1.00068915556694
"N[19,15]",64.9326653513128,0.229626924694884,17.727328015646,36.3960948872683,52.9120354909395,62.6931208520039,74.5819585532315,105.151909346218,5959.92702786748,0.999742123116317
"N[19,16]",806.013703757116,1.8399808988085,152.4997360653,545.836085102415,700.521896530209,792.780161421334,895.265501330236,1148.63631210968,6869.28531306882,1.00053234204211
"N[19,17]",1696.23769973884,3.69055944627037,317.337648321398,1156.88486785395,1477.67984993017,1666.9138353686,1877.0781805054,2397.69380473264,7393.64828936085,1.00095735639469
"N[19,18]",14200.5310009244,36.2301961925722,2864.21439812873,9308.54829984008,12194.6010005196,13996.7104976773,15875.0951868356,20487.9509544853,6249.85117060182,0.999932950903577
"N[19,19]",1064.92080513075,2.51880682470979,204.472907280948,722.366546037889,920.712333907055,1044.52395938219,1188.24412167909,1523.62457346912,6589.94547571255,1.00018064820669
"N[20,1]",179.891796451215,0.466397980531038,39.0141412985434,116.198515131917,151.921873578465,175.603473821494,202.50795012135,268.259846222019,6997.30464615518,1.00015315837873
"N[20,2]",632.569006095722,1.59323306209385,135.287639588327,402.937169068632,538.673057121336,620.876747601239,710.507814354492,931.73232539412,7210.37112493232,1.00036389026546
"N[20,3]",133.456410262446,0.345091339966069,32.91069533197,81.2367662106954,111.522856339303,129.2037111301,150.941611631035,206.485177540778,9095.06892237616,1.00013941004243
"N[20,4]",189.849699835699,0.544721347559735,48.843675829522,111.503465833391,157.381004533476,184.200249602936,215.565079004632,300.879011217367,8040.21920492868,0.999787379275305
"N[20,5]",1562.78725815377,4.98305514299869,380.236615274961,958.160553835797,1291.86962158046,1517.07983009677,1780.54850129319,2419.49679252328,5822.59367749839,1.00076306813582
"N[20,6]",429.48002029715,0.987926476429408,80.379511592738,294.91455740985,373.567676038835,422.32426102832,476.036904855984,607.888873233475,6619.74829757125,1.00015912709002
"N[20,7]",1738.06585521997,4.15526179679175,337.78367978713,1141.70839631541,1508.87858217041,1712.68404302004,1940.19294456379,2469.18367903956,6608.15989427039,0.999785902798642
"N[20,8]",517.411521949223,1.26813636229252,107.383904366788,339.520837839289,445.425611698982,506.026012391864,577.275129518297,765.338973909964,7170.45095473646,0.9999259304235
"N[20,9]",171.193987427346,1.24806896902458,95.6081483969794,68.6492870033029,119.441339587558,155.002802836635,204.489717923412,361.248761712617,5868.3045454835,0.99980528537166
"N[20,10]",282.705052109218,0.875569659286333,68.8003625610448,170.051137028692,234.543626831963,275.635387288251,322.779637649329,436.797925780454,6174.47513784931,1.00056537854896
"N[20,11]",183.894972211651,1.23967654244643,73.7937584629433,63.4878610514287,130.700400627102,179.520178411989,227.259251598015,345.91932246559,3543.41887255803,1.00051432153169
"N[20,12]",1675.3354348176,4.13176183399682,335.195307113253,1103.33804083475,1440.07524867019,1649.45207552185,1887.37185290099,2404.12118965425,6581.50628037039,1.00014627487474
"N[20,13]",710.171409343224,1.59309065156464,135.086991820104,479.671297571525,617.782931556034,699.824304231411,789.547268020106,1004.34345301234,7190.28464200349,1.00094619415402
"N[20,14]",77.0351300559408,3.43270009791934,271.485311391644,4.57706658762708,17.4519492094838,32.5168594783751,65.5849703406234,396.498748404129,6254.90833632539,1.00012786222454
"N[20,15]",29.2113620587377,0.221283266024704,11.3833469880505,12.1494847852636,20.9117344595514,27.5324223249508,35.6998510657479,55.1582660444192,2646.32270482117,1.00023625572204
"N[20,16]",496.262746177824,1.25841709805408,101.781034177297,326.380507824464,424.489618976747,486.248391399514,557.309844730676,722.043125674211,6541.60772938446,0.999937664508746
"N[20,17]",1081.14575538635,2.77622383067944,237.322550677683,685.064649818316,914.117608231912,1061.65399947667,1221.91158266605,1603.7366249025,7307.50395538901,0.999838137433952
"N[20,18]",8919.27258132182,19.6442007217137,1667.97703081901,6110.53382545462,7769.44729434401,8786.50517377185,9882.66382321692,12672.2746426187,7209.60390936992,1.00085556454593
"N[20,19]",715.806167851542,1.8324299612603,148.171743003527,473.928533734879,612.140604002165,698.881334342617,799.539332548103,1052.10710856627,6538.46812868777,0.999747138515658
"N[21,1]",152.216123117236,0.367214016597532,31.4738027824095,97.5027495133001,131.049267620089,149.797756298139,170.558529209857,221.651775847252,7346.15247991543,1.0003946137514
"N[21,2]",484.275771511891,1.20229386762158,107.466829647185,300.415498642642,409.330581891456,475.865615819399,548.659971260934,720.233781621583,7989.64734044497,1.00069319976186
"N[21,3]",162.523633401291,0.468161956151824,40.3219402690648,98.1893670467817,134.745192810891,157.746865957545,183.861325930151,255.573145023489,7418.0645088279,0.999971768294672
"N[21,4]",258.99408825257,1.07948920163545,79.0832824227763,136.952896864852,201.622452894604,248.415032488578,305.128751985882,437.614086828719,5367.01450346784,1.00032025237092
"N[21,5]",1324.11276289699,3.40500732251,293.323663725662,837.792598967726,1122.56406669572,1292.19171281907,1495.48020806241,1977.81847008045,7420.92600688512,0.999916565418786
"N[21,6]",350.08215647998,0.710557015043614,64.3784401812837,241.502501617431,305.864108063838,344.420670649396,386.439652065778,495.508902774051,8208.86355752125,0.99992969370025
"N[21,7]",1343.02986876966,3.60030093636775,274.602764113307,863.447254056951,1154.52198948416,1323.34592774843,1506.52751440493,1933.90733976579,5817.44387598239,1.00015464244354
"N[21,8]",413.249370228362,0.99414543810416,87.7581830520257,266.950816075951,351.601723491301,405.639813604498,465.108965298296,603.10664013411,7792.47464885706,1.00009650446705
"N[21,9]",150.49050202446,1.58122188550132,111.879210367035,51.9423049654429,98.692328280695,132.2610684491,181.193277461985,345.905633876745,5006.25712518733,0.999983486822129
"N[21,10]",246.936484933438,0.700146748890803,57.0323249242514,154.678062951561,206.681082040698,240.887023234883,280.676096408859,373.157553593649,6635.35249082885,1.00031482426984
"N[21,11]",189.942179123169,0.75646400378447,56.727493944514,88.6231403830408,150.591213094261,186.72771587293,223.91641187692,310.290661721507,5623.55131199354,1.00036408620415
"N[21,12]",1333.46936416169,4.12152597382538,295.224171355039,834.576975074529,1130.42594477563,1308.97689471562,1507.69991402299,1980.62393224972,5130.83138173096,1.00001532684106
"N[21,13]",555.626471184494,1.2673607998067,107.887153110403,378.681694782809,480.097940519778,545.266607893037,617.857572549641,798.09228149019,7246.67736902355,1.00095387715136
"N[21,14]",89.3734638935563,11.758108864292,886.688734883385,3.29099710795355,13.3455297199351,26.7179519183169,56.5139254011695,441.108571314484,5686.79310423439,0.999991907073606
"N[21,15]",26.7003583713057,0.141867002603201,8.40249616277937,13.2682864149537,20.7580869825142,25.6496313268891,31.5765796254781,45.6098102480084,3507.95375677423,1.0007724267266
"N[21,16]",396.708698804017,0.953574253492183,76.3940078976677,265.186301875032,345.563263639111,391.192821113495,441.285858389684,566.480325549094,6418.1454837511,0.999829776831272
"N[21,17]",856.283956441873,2.60499737500846,190.260882437677,543.884834178754,723.593005922793,834.34983178179,963.753559179739,1287.20353658286,5334.38593876197,1.00018319328021
"N[21,18]",8057.66387565373,18.1919575375523,1560.06631627027,5373.77255893131,6974.39391812606,7934.86728456787,8990.60140817965,11467.1147254185,7354.06142029312,1.0002534837426
"N[21,19]",766.275428626494,2.13262054452939,168.129713687928,494.713539155302,647.722435579081,747.677825447297,863.221259684719,1154.27435606691,6215.2953274209,1.00001275874904
"N[22,1]",165.788165776268,0.449734910434903,38.0294930124324,103.984508576916,139.199326532949,161.580075001986,187.131176936299,251.664062990034,7150.35937481697,1.00013524283797
"N[22,2]",476.916056158646,1.56043653104847,127.22938506871,275.322583574073,386.78738683618,459.974018828288,551.020260914771,773.408965451747,6647.87184026076,1.00075462292053
"N[22,3]",236.774819715525,0.863482963527667,64.1069268271704,133.180251210896,192.644185740423,229.531457338342,272.847035846619,382.825904131156,5511.91319456302,1.00028011860712
"N[22,4]",344.306078063913,1.2306287752308,97.9797858585571,188.076155693474,276.82170084506,333.493819131164,397.850343252645,565.742048385355,6338.9721003739,1.00036631033401
"N[22,5]",1540.59523615923,4.40752176395239,353.745595884452,948.902760304995,1296.60272574845,1510.05610074919,1747.99627449381,2336.00032306021,6441.59108672604,0.999747943513165
"N[22,6]",395.306687565221,0.851814244307794,75.9215513064702,261.21789665795,343.520223445995,389.363900215212,440.760788037139,559.454922465445,7944.02039549565,1.00018025314179
"N[22,7]",1425.41632136359,5.23273123488117,389.754649193918,806.489486205599,1147.60618468176,1378.49606368731,1650.78845614995,2312.76840467334,5547.86329228821,1.00028865043838
"N[22,8]",482.944441940048,1.04868624800493,96.4107412326015,316.609547382852,417.147883705063,473.733420774805,540.235586336788,700.729380867469,8452.00407754354,0.999800359185531
"N[22,9]",177.627975111519,1.94122586890228,139.368403858056,50.6492886950438,108.842527312655,153.124575950996,215.117668062645,436.111179588104,5154.38093803783,0.999940406951113
"N[22,10]",316.83185080396,0.738147034480941,68.8023551449466,202.939997842092,269.504442313834,310.445026331264,355.633751246544,473.89498425284,8688.02077366782,0.999832838708949
"N[22,11]",222.790893687689,1.66071316357631,96.0190734205118,49.3833503530178,160.042031577048,215.690903022898,276.393681597731,435.338959651345,3342.91831990775,0.999809480592118
"N[22,12]",1559.32458900246,3.60674671466935,312.976385251258,1017.89994151208,1338.16547744918,1536.33241380672,1752.92554149268,2236.73894542868,7529.94581214574,1.00010651675338
"N[22,13]",631.298788397415,1.51371796352063,133.688189700509,406.805874046903,539.756253121264,619.035434097277,709.039693923464,929.785345453317,7800.02788555086,0.999894647463796
"N[22,14]",128.653611320956,12.4527137988335,1034.01548020659,2.97976470941882,14.7741918049201,31.2493477874782,71.9103599650654,719.635004429496,6894.86976931797,0.999911448565457
"N[22,15]",36.4956917608443,0.135599126401476,10.5078908478474,20.0871062012107,29.099751510773,35.0121201962763,42.303295642574,60.8863200814654,6005.05960529035,0.999873680623752
"N[22,16]",433.452952623671,1.14152888425051,85.9724104385458,292.011351256934,374.269361994271,425.244311969298,483.569146922991,625.920353009034,5672.10676379296,0.999925081375789
"N[22,17]",1028.97144912428,2.94763057360948,217.586935276872,680.699152270596,879.843769573206,1001.8492012574,1149.89958115809,1535.70860037274,5449.03409525144,1.00028848530877
"N[22,18]",9265.42591034797,25.7364996163072,1923.85249201732,6061.5951860229,7965.74532753894,9075.83956103689,10319.9126560449,13724.8571192581,5587.84798465646,0.999946635167335
"N[22,19]",1077.62166116542,4.80454144282648,306.394885139194,608.365096672355,854.33433366288,1034.68249967064,1255.2083713018,1792.83625393785,4066.85917711415,1.00044379377156
"N[23,1]",181.038713673209,0.475876983997659,42.1141548600884,114.891061711086,151.731731841293,175.912626280089,204.187096340257,279.162570661496,7831.89359766934,1.00058173703978
"N[23,2]",488.752870132197,1.79259412395958,142.026686768802,259.662464956643,389.951350158533,473.452354170038,568.079758267478,815.742105468963,6277.34466426193,1.00041353398469
"N[23,3]",258.016077260895,0.894373976243189,68.8874958138601,145.065092942542,209.981822365219,251.009896853887,296.997362808728,411.658212591368,5932.56475501946,0.999834240596749
"N[23,4]",379.582967722354,1.91319328596497,146.766483202578,178.703636868221,283.234727124837,354.49921170395,444.570072784334,728.58474477532,5884.85924084789,1.00053634437345
"N[23,5]",1417.56504663589,3.78584738216231,338.603685747516,870.6790351395,1188.62682132753,1375.69285517305,1599.2986469857,2206.60951406478,7999.3952819469,1.00029955863047
"N[23,6]",401.948595556303,1.09546330232184,95.6494635653728,252.342900399007,334.418135353594,388.986398415867,456.449753781382,622.079084800142,7623.76341522634,1.00016659256058
"N[23,7]",1508.14896346876,6.63038237738205,484.946239653161,749.260878929248,1156.04629873602,1447.81388682582,1785.47602141526,2602.27750448874,5349.46120107671,1.00010619042915
"N[23,8]",519.492874028554,1.30330405245011,111.575030209331,332.200555601287,442.195143456836,508.088891145221,583.073304516275,769.552109122764,7328.96309681858,1.00003748292028
"N[23,9]",189.544144959881,1.64052779453113,131.984240593308,49.1208943412136,111.464306589592,160.278232200965,230.23907660988,496.505515043182,6472.57319411746,0.999725976161838
"N[23,10]",383.823268987022,1.16751445148398,97.026491795897,224.498874675817,315.409498343765,373.787390070673,439.108273526769,599.649485887823,6906.46996803592,0.999897523958535
"N[23,11]",284.609494890104,1.24973049287242,95.0179200007562,147.719958198588,220.053524011211,268.149709140396,331.72833077837,513.523730160996,5780.67170045438,0.99973538576602
"N[23,12]",1569.36476118203,4.19291975071614,318.891605008524,1049.82396205001,1347.37846457714,1532.91257781377,1754.41174525751,2309.55882471048,5784.33013440469,1.00040364042806
"N[23,13]",623.574582154473,1.89944609119599,159.152534215668,369.479241593547,517.142915972061,603.992543719809,711.295198646463,985.84304862507,7020.5829062153,0.999986092641206
"N[23,14]",193.574881482938,21.7579597412835,1709.26193614172,2.99564202241818,16.1917145930519,34.5239034840427,83.1409906793715,971.671449230679,6171.36033730054,1.00009124807006
"N[23,15]",53.5796231273792,0.192819035718824,15.3801398086851,28.5658088621647,42.8549989889159,51.8632760465916,62.2110703637985,88.9328944568192,6362.39683412597,1.00000607301187
"N[23,16]",441.786230934,1.16763846199674,95.2157461424611,282.060277700515,376.51250058543,433.355597066263,495.600864795053,661.661071993925,6649.68029461254,0.999906113294246
"N[23,17]",1163.64835058208,3.12645790331075,257.803073027708,740.984337530578,988.32028031182,1132.8638398923,1309.25081091372,1749.41107920082,6799.40654359744,1.00005658494031
"N[23,18]",9537.5683474675,29.1694133620541,2454.6982595637,5711.56096969601,7838.27867313787,9247.54749327708,10846.815156495,15177.0989818057,7081.75404833726,1.00019763827984
"N[23,19]",1189.43632255869,5.37657146815911,371.036870942148,644.03406397323,920.244007479478,1131.91790645661,1394.11425690694,2060.90286473942,4762.37172943845,0.999951946325041
"N[24,1]",314.95573854205,0.87710251087585,82.3700624080787,177.559512615491,257.954604457381,306.710946181871,363.364937674936,496.53492842265,8819.38053026635,1.00010421740793
"N[24,2]",723.273315240339,2.06027732443579,174.658882836233,446.02380255079,600.322573655492,701.491469436634,819.304291523635,1136.53049058015,7186.70785090858,1.00046145063665
"N[24,3]",342.549189058322,1.10416572893234,94.9125610538521,202.213040351262,277.889373575832,328.388917030093,388.743755260175,569.802329801521,7388.88415667427,0.999977546559313
"N[24,4]",571.421626913055,2.25105077715769,182.053339990955,320.767116285271,448.198719472816,540.250910032365,656.269760264443,1001.9536217352,6540.73748564368,1.00079935446531
"N[24,5]",2012.52209735743,6.28627323983842,521.595936273319,1092.41985352559,1657.59845110578,1976.28833515738,2322.64390900413,3143.98019674658,6884.65037046359,1.00015465396344
"N[24,6]",651.209063535784,1.68907985474783,150.483215171122,394.497729117831,546.812312889612,640.242188400038,737.989304884823,988.191001018538,7937.35416172549,0.999757674599888
"N[24,7]",2656.79516807444,9.73418724313501,859.758289111136,1244.771593188,2051.23813424155,2561.54537562454,3165.84103357313,4615.98555205628,7801.05520878752,1.0000018574395
"N[24,8]",830.728363637503,2.46781502822276,215.665346587458,499.928511297166,681.158052168832,794.675497016438,946.051464385615,1357.84189629133,7637.22395460729,0.999736500551554
"N[24,9]",297.881770124278,2.84843819751483,221.648045075632,67.9616437364317,167.37465324867,248.25937514146,361.848010959973,835.01774016849,6055.00084874802,0.99997364815804
"N[24,10]",581.792004470015,1.59805505074915,136.676716297961,357.583129827531,486.449025583885,567.946375997416,661.377335490938,883.508171909883,7314.85295470457,0.999923278126121
"N[24,11]",673.234707157938,3.73058599641459,231.792344928934,293.983284617477,511.882914494672,652.812644492614,811.625261322984,1176.76466914736,3860.5045330628,1.0002006063896
"N[24,12]",2384.13096910697,5.58159299779547,482.812391312099,1540.99267619303,2045.6739773119,2342.48272906697,2682.29046190149,3429.03768156602,7482.39248356505,0.999887954743618
"N[24,13]",890.519441739934,2.40704383751728,197.100265725738,566.075358505142,757.639010820878,868.359076672241,996.670579966611,1347.7037255287,6705.11791958785,1.00022785776459
"N[24,14]",410.793205753615,55.0188983752066,4705.40173360868,4.31843851728384,24.4556211841076,54.9909516478456,137.020325489041,1863.08882870346,7314.24722302589,1.00045412401813
"N[24,15]",99.6063821330034,0.539447686983615,33.1193334425924,47.7982347943933,76.2267253846266,95.8145500191192,118.134806499801,175.401492394932,3769.33298234095,1.00081378870554
"N[24,16]",667.26017270237,2.17777665776032,168.349474162013,408.828286010881,551.378269523573,644.888259020806,754.931440765295,1049.15060904689,5975.81097145714,1.00028294345003
"N[24,17]",2042.9230228342,6.34510298809347,517.721039270359,1179.30843101532,1692.42444685063,1994.59841861833,2340.14818941611,3180.06458379698,6657.54755754258,1.00029622261831
"N[24,18]",14300.9851261545,43.6516770832542,3689.25948281707,8846.0503348682,11823.6826418108,13777.3361549115,16105.8090015159,22913.3893778241,7142.93234833155,1.00006637041927
"N[24,19]",1569.25866764908,5.3120120221199,407.242289970725,966.145677943682,1285.7301271537,1503.07223882963,1778.34312544922,2569.62843940661,5877.43240669428,1.00008168543106
"N[25,1]",224.630839994281,0.936543732612867,86.6935410006859,102.033581094655,165.593223648161,210.074235504039,265.853587115197,436.035023817489,8568.74779527557,1.00004818079385
"N[25,2]",485.221583079565,1.87573267678414,134.881407904534,278.157954381525,394.256485119371,465.397207947193,553.41975877473,807.787916080688,5170.8542021434,1.00071619327456
"N[25,3]",261.204714401308,0.851676398000244,77.804274482826,138.007419119902,209.905343587529,252.487725505279,300.603705234776,436.591764909622,8345.60240423352,1.00012256307414
"N[25,4]",508.618047150892,1.88547266840913,163.043355725089,248.550729572395,399.721699944843,493.182938849143,596.024796316435,877.324284394508,7477.66023394872,0.999938424010983
"N[25,5]",1206.60357266367,7.08045093620258,505.727559948424,496.19399684918,835.234093187306,1122.19168735401,1485.33033609885,2381.78251666337,5101.65877568476,1.0008114883931
"N[25,6]",458.140427177801,1.98896376520369,151.582552375217,226.456560780001,353.13051072013,434.390747891957,537.896440418149,819.260281261668,5808.24180773655,1.00000347250158
"N[25,7]",1875.50637538267,8.99563639994968,796.161583487659,742.596169890203,1327.47206903357,1741.56410498348,2256.41134990741,3822.42737852045,7833.18980498095,1.00029806343444
"N[25,8]",655.989093895429,2.41830270311973,204.275388367705,330.511711996232,510.415235675826,631.477335309187,776.202327966318,1105.71520249129,7135.27584103738,1.00024868623101
"N[25,9]",213.044317379692,2.31140061073166,192.513427579034,43.151261561831,111.127850680576,169.417028030449,258.619186180786,637.02760308527,6936.99857756556,1.00020797283607
"N[25,10]",372.915140375579,1.23700663880662,105.468894436378,217.611116369146,301.239570345172,355.288086197269,423.713257442893,634.717359217991,7269.50310457845,1.00027010207998
"N[25,11]",590.586465564172,4.34272374632028,245.569475381695,201.563742512631,409.386697046498,569.143691114997,743.449452465459,1123.26447179188,3197.60163952421,1.00158991472416
"N[25,12]",1569.44480558789,5.06986844373176,423.643268695217,941.791877103224,1279.65505250705,1505.21583886897,1785.66462474091,2572.79657606879,6982.44044636387,0.99991954190654
"N[25,13]",571.871888802155,1.96925062700977,162.09535527482,338.538876261789,462.038075834397,541.834391090038,654.137782780673,962.926950406885,6775.46578370873,1.00041930071025
"N[25,14]",376.802519043239,63.2707140890292,5489.82371907276,2.2054615838402,14.9285503527902,35.3348076347594,91.4666125489827,1400.10164202637,7528.54978126535,1.00025995435487
"N[25,15]",58.8494663085145,0.241950824946468,20.0284303865204,30.5680343355818,45.404891167371,55.5402385140121,68.0829672109053,107.119433929892,6852.3512415677,1.00056760057352
"N[25,16]",486.234154238133,2.26811798616736,182.868044009556,223.916470805562,364.000912386163,458.377065059888,574.023684258827,917.457924819571,6500.46394995861,1.00011506053576
"N[25,17]",1516.62839200637,7.28540210571651,585.983496619673,672.715253574218,1119.33100769885,1426.6885096715,1798.55999950455,2929.2447312234,6469.3957063075,0.999808340709533
"N[25,18]",10235.6009786623,44.385391738701,3664.18510297079,5039.6061610796,7788.26742712797,9632.91654464198,11955.1019243483,18966.699438185,6815.13863780502,1.00034194133458
"N[25,19]",1083.06119552715,3.39535188763574,296.723317477592,634.197789220852,881.979194150499,1040.61949442154,1229.96478130373,1771.69835094643,7637.19309246587,1.00000671826239
"Omega[1,1]",1,NA,0,1,1,1,1,1,NA,NA
"Omega[1,2]",0.0276454835453497,0.00279995049362542,0.220183290883901,-0.392214558601429,-0.12411061265956,0.0291769541947117,0.181083754524275,0.456440369031015,6183.97908023762,1.00026575082723
"Omega[1,3]",-0.0187260595110479,0.00231301136857476,0.209576216659752,-0.427653007492559,-0.162939985284463,-0.017773988946611,0.124756243785807,0.388803453662024,8209.72211813528,0.999971398250618
"Omega[1,4]",-0.0571780225072535,0.00266986202408757,0.217803577848194,-0.476907252865136,-0.209361018042491,-0.0566797409976232,0.0920405688893249,0.367594463026639,6655.06625035776,1.00066073655504
"Omega[1,5]",-0.0906538267348092,0.00224103510236644,0.219455585759324,-0.504054039364392,-0.242626681616992,-0.0979551069753973,0.0582161616129022,0.346437620961295,9589.4999313181,0.999695087046892
"Omega[1,6]",0.0100383272933008,0.00194953649847248,0.22010235290481,-0.410613646626709,-0.143989763577218,0.0109814015953612,0.1639316986895,0.433655367040434,12746.3731948253,0.999633349302183
"Omega[1,7]",0.0226332123630508,0.0027139068456149,0.219863089707972,-0.407229300706031,-0.128818785996169,0.0233176266795278,0.178055286801536,0.446402413531862,6563.18703124744,1.00003742125647
"Omega[1,8]",0.00719303106497285,0.00215382914626235,0.219674087857587,-0.417106013872863,-0.146088528723344,0.00712907384185818,0.159091777265302,0.429768926240221,10402.4386754581,1.00001611751939
"Omega[1,9]",0.0435975438155943,0.00214254118991125,0.223361332932254,-0.395975931734766,-0.113435732937954,0.0463027460420072,0.201065529580378,0.468032831834443,10868.2000916364,0.999815020389873
"Omega[1,10]",0.0595154751321271,0.00194375714586668,0.212075242926189,-0.367619062901602,-0.0857163436279341,0.0648861994538002,0.205988192669184,0.466497494195358,11904.0828369135,0.999782186071343
"Omega[1,11]",0.0323123243700413,0.00269012038387937,0.221742294389013,-0.399808968666825,-0.120641829203295,0.0349226828173148,0.186705443505893,0.45242664045181,6794.43961524329,1.00005418312737
"Omega[1,12]",0.00474412265852127,0.00217226099620974,0.219866331521631,-0.419200048877351,-0.14841903687008,0.00400995163342284,0.158937450559394,0.425821018547131,10244.5633369977,1.00019400388909
"Omega[1,13]",-0.00612525030954171,0.00207647825960851,0.2228187838701,-0.433203340592737,-0.165096963263656,-0.00758137419989682,0.151153788117353,0.430504969544535,11514.5991072067,0.999805464378471
"Omega[1,14]",0.0420551789601144,0.00238515140045666,0.217836209733028,-0.384426651128429,-0.107121288116227,0.0447954075069459,0.19420000090447,0.461527887633565,8341.19435051022,0.999879659681544
"Omega[1,15]",-0.000515759832019546,0.00259255847247016,0.213944981591067,-0.417230177032612,-0.149199625547775,0.0013981142335935,0.14921475997938,0.417277659566631,6809.99961437387,0.999808916396579
"Omega[1,16]",-0.0063175182139357,0.00211918059303016,0.215181113221901,-0.435373870955348,-0.151294711660688,-0.0111710926095287,0.144093989077062,0.408973081480239,10310.3251999505,0.999947553599685
"Omega[1,17]",0.047465264742327,0.00215540070393027,0.217919734657694,-0.386461142493186,-0.10102043330169,0.0513055965677721,0.200018828749104,0.463766381452065,10222.0283745373,0.999780812865795
"Omega[1,18]",-0.0106911891680311,0.00205714576305288,0.218236267234453,-0.439186017838378,-0.161374519886352,-0.00812613819769997,0.136726880037162,0.415531191769076,11254.4355482151,0.999714768627871
"Omega[1,19]",-0.0649541888839721,0.00245451213988551,0.217297376538219,-0.482144160548939,-0.216401636585804,-0.067811852254855,0.0834099975765545,0.358051063709538,7837.5188296078,0.999823961876799
"Omega[2,1]",0.0276454835453497,0.00279995049362542,0.220183290883901,-0.392214558601429,-0.12411061265956,0.0291769541947117,0.181083754524275,0.456440369031015,6183.97908023762,1.00026575082723
"Omega[2,2]",1,1.02007748880609e-18,9.33900476539685e-17,1,1,1,1,1,8381.75315908295,0.999499874937461
"Omega[2,3]",-0.0866520700217224,0.00269900497531934,0.219010322396559,-0.508269899042388,-0.242052161740617,-0.0882891853578961,0.0643631630319636,0.339125968593746,6584.48478894909,0.999863606713343
"Omega[2,4]",-0.0522402325359688,0.00258823922423132,0.219630563380866,-0.46501273690037,-0.206162058048495,-0.0562604350173439,0.0986817300569857,0.375602130337404,7200.73323700126,1.00002103545297
"Omega[2,5]",0.0010727622414883,0.00256805137227059,0.218706040736954,-0.423281599954537,-0.151112824451841,0.000656799722826056,0.154797097020386,0.42588234112097,7252.94096552849,1.00034541616233
"Omega[2,6]",-0.010331266604215,0.00198053114145367,0.221292324479114,-0.435454790879736,-0.163477154504564,-0.00907471738020085,0.139126534913499,0.423360348557814,12484.4481583287,0.999699809027132
"Omega[2,7]",0.0105799570166147,0.00230829276623814,0.223507253276199,-0.417134807098845,-0.148626100965263,0.0117903487338613,0.163629400452523,0.443574827294789,9375.65162615291,0.99987869369227
"Omega[2,8]",0.0538097941197218,0.00230989728479847,0.218611571210053,-0.369070639552769,-0.0975683592006021,0.0544605462727557,0.20905964079112,0.470060122345406,8956.96659531383,1.00001048497299
"Omega[2,9]",0.0433009764230771,0.00240518602954174,0.220925322434185,-0.395027807402772,-0.107557333437942,0.0436060087097978,0.19485567201576,0.467479095737493,8437.10880537761,0.999986447228419
"Omega[2,10]",-0.00184722265719309,0.002139337647255,0.216783303498705,-0.418603546584102,-0.153422431721701,-0.00176375713742166,0.144615820599934,0.419278184280425,10268.1686373691,0.999925261730587
"Omega[2,11]",-0.048224507248727,0.00258889371939978,0.213172158872026,-0.460722583986287,-0.196138254831706,-0.052370554460544,0.0965387971672345,0.370698822342861,6780.04416908839,0.999627543641934
"Omega[2,12]",0.0184090856927222,0.00213156423727014,0.222001189151509,-0.417653043625171,-0.136843110278011,0.0190536682372898,0.172103884664525,0.448038101181839,10847.1026779205,1.00014455776383
"Omega[2,13]",0.036369494386145,0.00229498382257933,0.21828606403891,-0.395454477336326,-0.112023119077389,0.0403620896877164,0.188913503913468,0.446198421614406,9046.75362508054,1.00000416653275
"Omega[2,14]",0.00734318722323199,0.00334548092601415,0.224997090619497,-0.427174447297452,-0.149751653765382,0.00413474265785857,0.16341362763808,0.446932728553373,4523.10519682355,1.00039441422052
"Omega[2,15]",-0.0278257754645077,0.00372248334645769,0.223251948186372,-0.447997042580278,-0.183339779988239,-0.0286340071295487,0.122599409659013,0.416392889088238,3596.87203925679,1.00277635177207
"Omega[2,16]",-0.00106249631013911,0.00237444063694627,0.218860835419312,-0.43107067671439,-0.153973082824554,0.00128018609654965,0.152359885648322,0.418378261822071,8495.97982917862,0.999685301498288
"Omega[2,17]",0.0307870945919114,0.00224210416139599,0.217266529134947,-0.38898709496655,-0.118387259006845,0.0292807880688132,0.180528160422326,0.451571390821884,9390.18359343257,0.999683184274572
"Omega[2,18]",-0.0256539920283939,0.00214180377540818,0.223038667790071,-0.461515718425815,-0.17899422383554,-0.0251737144825497,0.128406556018404,0.407062047567673,10844.2860591894,1.00012381166561
"Omega[2,19]",-0.05685706502823,0.00230533416868029,0.214390667817884,-0.4662335877841,-0.205665690412377,-0.0594265598065397,0.0894354537757105,0.365976170788112,8648.5635240115,1.00038036419423
"Omega[3,1]",-0.0187260595110479,0.00231301136857476,0.209576216659752,-0.427653007492559,-0.162939985284463,-0.017773988946611,0.124756243785807,0.388803453662024,8209.72211813528,0.999971398250618
"Omega[3,2]",-0.0866520700217224,0.00269900497531934,0.219010322396559,-0.508269899042388,-0.242052161740617,-0.0882891853578961,0.0643631630319636,0.339125968593746,6584.48478894909,0.999863606713343
"Omega[3,3]",1,1.04653888921106e-18,9.25946601583628e-17,1,1,1,1,1,7828.18609924375,0.999499874937461
"Omega[3,4]",0.046456561547328,0.00236869499112377,0.210937395117754,-0.371745513188825,-0.101232026463557,0.0465187316593024,0.197456239573638,0.440570893581814,7930.28643198909,0.999788933459862
"Omega[3,5]",0.0734458617516781,0.00215518812868418,0.210730854739589,-0.344101946626302,-0.0734596207428185,0.0764180705747058,0.221389953000474,0.481702548379343,9560.61621593417,1.00055590533015
"Omega[3,6]",-0.0214928057024443,0.0023132568829071,0.216690943341526,-0.43994633886999,-0.171206574880454,-0.0203678010169396,0.128515100642669,0.397212186096526,8774.73065374787,1.00065969973285
"Omega[3,7]",-0.0722073955453849,0.00240249105857142,0.212161872824323,-0.474351831599102,-0.221906156380886,-0.0711037625162809,0.0738566484741159,0.341267042710938,7798.50079529816,1.00014206923248
"Omega[3,8]",-0.0745701520627339,0.00204593947403002,0.212005131399457,-0.474803165368965,-0.222134778857562,-0.0799846488937294,0.0704896455028201,0.346499147048757,10737.5990311502,0.999937780437761
"Omega[3,9]",0.0478615267579483,0.00215718516548212,0.213510894628022,-0.381636404253661,-0.0982113127236015,0.0506588777525615,0.198512132363726,0.44740875984829,9796.37114461037,0.999873501386493
"Omega[3,10]",0.0372131077423108,0.00221912941596666,0.21585885915683,-0.395196894100878,-0.109566799745421,0.0415764202827434,0.184899698699,0.452060425747209,9461.815912515,1.00025618286682
"Omega[3,11]",0.0549910737906483,0.00225096932863709,0.206401221585258,-0.343016463121199,-0.0913007979796476,0.0555317591686322,0.202790102202308,0.447901317166708,8407.85806867522,1.00012170960408
"Omega[3,12]",-0.0047905393014041,0.00234853214562702,0.218651112810013,-0.429956445714477,-0.15527742502168,-0.00482125678881942,0.147373724596151,0.416079674436205,8667.8296209986,0.9999153801211
"Omega[3,13]",-0.0359342123051508,0.00264447234503693,0.216435107459804,-0.450318551897731,-0.188026589429179,-0.0383372559779643,0.115579989306352,0.388406608447875,6698.49684002509,1.00101926073648
"Omega[3,14]",-0.019257443754695,0.00275905524131431,0.210430581468228,-0.43090798626337,-0.161666072486953,-0.0201368819922393,0.126959031705264,0.38400005093342,5816.97126724972,1.00169613142427
"Omega[3,15]",-0.0717146198370272,0.00241390042585683,0.205373484323955,-0.464573663743636,-0.215375056929313,-0.0755772185614467,0.0700992812281421,0.333353445813739,7238.52435435616,0.999956524159018
"Omega[3,16]",-0.0823100789722642,0.00207320336988864,0.206371730280202,-0.478486988389474,-0.224179374606281,-0.0857639886783461,0.0604111597339156,0.327492687332794,9908.69815100649,0.999707275981365
"Omega[3,17]",-0.0728075701699009,0.00226498950374143,0.20747518011108,-0.473156992388065,-0.215974633541153,-0.0745238226576445,0.06735768028884,0.339012392532691,8390.7332181755,0.999835109450612
"Omega[3,18]",0.0573347934849474,0.00227297172222384,0.213647954466814,-0.369902622094691,-0.0904410541327349,0.0566128263941139,0.207443210991096,0.466952655688277,8835.05815883778,1.00011373585885
"Omega[3,19]",0.141313783417622,0.00229865007831957,0.20826408707052,-0.289274433292521,0.00165347241198807,0.151831424304577,0.287968949549438,0.516356757514666,8208.86372225078,0.999937613843972
"Omega[4,1]",-0.0571780225072535,0.00266986202408757,0.217803577848194,-0.476907252865136,-0.209361018042491,-0.0566797409976232,0.0920405688893249,0.367594463026639,6655.06625035776,1.00066073655504
"Omega[4,2]",-0.0522402325359688,0.00258823922423132,0.219630563380866,-0.46501273690037,-0.206162058048495,-0.0562604350173439,0.0986817300569857,0.375602130337404,7200.73323700126,1.00002103545297
"Omega[4,3]",0.046456561547328,0.00236869499112377,0.210937395117754,-0.371745513188825,-0.101232026463557,0.0465187316593024,0.197456239573638,0.440570893581814,7930.28643198909,0.999788933459862
"Omega[4,4]",1,1.09720157735632e-18,9.69680100130526e-17,1,1,1,1,1,7810.59500897012,0.999499874937461
"Omega[4,5]",-0.00211309993939884,0.00249029773114146,0.212693011344446,-0.41017773710232,-0.149057632426957,-0.000880879223596698,0.146269739005562,0.408292561609801,7294.64051494996,0.999914889352029
"Omega[4,6]",-0.0109604605348418,0.00229328291066136,0.219882545756807,-0.435933226035305,-0.161577663868383,-0.0117743316874194,0.143771291191755,0.415258141217361,9193.19015963931,0.99978682638749
"Omega[4,7]",-0.0216532674217249,0.00253567219918958,0.214522701476819,-0.440958694307195,-0.168148655220234,-0.0205028734580663,0.12532290265843,0.395508719979816,7157.48252780462,0.999725259413779
"Omega[4,8]",-0.00288756352398118,0.0021796528729367,0.218657018046875,-0.432623313237858,-0.15168443959469,-5.36329453389196e-05,0.148523191010479,0.415794941367044,10063.572359985,0.999817845630839
"Omega[4,9]",-0.0547718228269225,0.00237227127300625,0.218306987012554,-0.466709841880932,-0.207877481631702,-0.0570156690803567,0.0958547800871311,0.372138193094668,8468.50155953673,0.999900310266144
"Omega[4,10]",-0.0549787698435923,0.00237234209629393,0.217414769717044,-0.470035514144464,-0.205821172218474,-0.0570421575529719,0.0901745246923907,0.37345182612826,8398.92024079097,0.999812663239101
"Omega[4,11]",-0.0261197145559875,0.00251775883606979,0.211686829654215,-0.427569339284585,-0.175848500815499,-0.0299130762666055,0.119869213756152,0.391087047859747,7069.0234091859,0.999903041706048
"Omega[4,12]",-0.0243601639286624,0.00229624610925135,0.220068297846487,-0.43262779549948,-0.183313271449414,-0.0283953332236862,0.126574778795372,0.403999465288803,9184.97760613733,1.00110281497096
"Omega[4,13]",-0.0549373112497045,0.00242311139885268,0.219595089151162,-0.467809238508403,-0.211872409493646,-0.0557337033009279,0.0933577545746934,0.372502174131486,8212.93689892301,1.00013140567411
"Omega[4,14]",-0.0817603416957131,0.00264569189451194,0.213414095913466,-0.490056826622086,-0.229281337048531,-0.0882019832752685,0.0621043335322563,0.338091112221984,6506.80315271548,1.00028076513096
"Omega[4,15]",-0.0151192873259948,0.00293536719873117,0.211588528183106,-0.419225960149719,-0.15984761409035,-0.018510162954973,0.131097158321506,0.401792872786346,5195.8829793853,1.00079285474722
"Omega[4,16]",0.0573529832456849,0.00275681166725833,0.217811951092111,-0.361598549912456,-0.0937056793984634,0.0617455115918361,0.208711165079648,0.47389578498292,6242.365797982,0.999956399143447
"Omega[4,17]",0.0254142133286509,0.00244678466431264,0.218874031976708,-0.3939399867095,-0.128843469214785,0.0236122268128253,0.18189611545043,0.447601961776157,8001.97107201406,0.999755759462147
"Omega[4,18]",0.0579796004156877,0.00232574938863913,0.219622353395674,-0.378785709645751,-0.0916544028254238,0.0610738855677612,0.213043254047345,0.477120869237808,8917.17420432855,0.999878232813937
"Omega[4,19]",0.091589297178309,0.00266189397032565,0.213989496288207,-0.335096249162067,-0.0602365510427618,0.09758633860319,0.243038426438386,0.492185397403643,6462.54243673638,1.00001908476656
"Omega[5,1]",-0.0906538267348092,0.00224103510236644,0.219455585759324,-0.504054039364392,-0.242626681616992,-0.0979551069753973,0.0582161616129022,0.346437620961295,9589.4999313181,0.999695087046892
"Omega[5,2]",0.0010727622414883,0.00256805137227059,0.218706040736954,-0.423281599954537,-0.151112824451841,0.000656799722826056,0.154797097020386,0.42588234112097,7252.94096552849,1.00034541616233
"Omega[5,3]",0.0734458617516781,0.00215518812868418,0.210730854739589,-0.344101946626302,-0.0734596207428185,0.0764180705747058,0.221389953000474,0.481702548379343,9560.61621593417,1.00055590533015
"Omega[5,4]",-0.00211309993939884,0.00249029773114146,0.212693011344446,-0.41017773710232,-0.149057632426957,-0.000880879223596698,0.146269739005562,0.408292561609801,7294.64051494996,0.999914889352029
"Omega[5,5]",1,1.00110091453308e-18,8.57067362667331e-17,1,1,1,1,1,7329.49745750819,0.999499874937461
"Omega[5,6]",0.00216727671150692,0.00274344636681748,0.221704490401892,-0.422291572019045,-0.152727726484428,6.72399097013594e-05,0.153715698902067,0.431952277947095,6530.6443017628,0.999972805438543
"Omega[5,7]",-0.000807860357848626,0.00248990302907599,0.219912054464097,-0.418975251856006,-0.155223722338058,-0.0031652407880579,0.1497954277926,0.42962979826864,7800.69332731043,1.00017303136711
"Omega[5,8]",-0.0261042727194696,0.00251917560309202,0.22057434840667,-0.45076600136195,-0.181089324938453,-0.0279486590096281,0.129575118561073,0.400230936722169,7666.42915002867,1.00022494515127
"Omega[5,9]",0.0339323142810362,0.00258015227390714,0.221468899421082,-0.394533108712137,-0.117518672299999,0.0363742198496336,0.186868880328761,0.457052596118426,7367.74895646256,1.00022403519859
"Omega[5,10]",-0.0465816253106863,0.00244780257802459,0.216418667316397,-0.458605240359944,-0.201619519540994,-0.0482303282903804,0.104164448975762,0.378176742939026,7816.93788621286,0.999823697700604
"Omega[5,11]",-0.0582789625910738,0.00253640474530011,0.215519433592068,-0.470914439653864,-0.205341218082126,-0.0600778892311517,0.0886662578351115,0.368727365985929,7219.97610030863,0.999883751099972
"Omega[5,12]",0.0453211243212733,0.00240495027254581,0.224941467967824,-0.389562332121678,-0.112504978098422,0.0484627439299222,0.203662730610165,0.471345437827683,8748.36407221936,1.00016647880685
"Omega[5,13]",0.0706419663863311,0.00302860285067466,0.225351252545472,-0.366260104111931,-0.0822117624748388,0.0739497221027289,0.22641505427881,0.50916786498892,5536.49993337569,1.00046616229948
"Omega[5,14]",0.0171699606666639,0.00334090084223387,0.224298874811895,-0.418579002639838,-0.137903747699149,0.0166375310523313,0.174147524131292,0.450459502743938,4507.40952335621,1.00000414688691
"Omega[5,15]",-0.0467431317820123,0.00266848841343417,0.214275951785599,-0.455441118955313,-0.196506420782744,-0.0465690515213558,0.102639052161733,0.368922260789558,6447.86925864323,0.999926513174053
"Omega[5,16]",-0.0304263759635366,0.00240145249720267,0.21920424367385,-0.451773677561732,-0.184070079902493,-0.0295731695403531,0.123021731512603,0.408473965501155,8332.01253240911,1.00039576270923
"Omega[5,17]",-0.0153533839703044,0.00265227501368556,0.219654025624059,-0.448230476009479,-0.170485262997643,-0.014863613338965,0.140870125405632,0.407340314726288,6858.69082411105,0.999781862025459
"Omega[5,18]",0.0312000477588761,0.00225939860595701,0.22347177386437,-0.408611998434906,-0.124799018623647,0.030239752365107,0.186856916947281,0.463697343641533,9782.72036870791,0.999693278311189
"Omega[5,19]",0.0437268771225559,0.00232493365043162,0.216274172363923,-0.374369840206798,-0.106506247893948,0.0445212119013345,0.194658138492672,0.459671298188473,8653.42812288726,0.999952172077898
"Omega[6,1]",0.0100383272933008,0.00194953649847248,0.22010235290481,-0.410613646626709,-0.143989763577218,0.0109814015953612,0.1639316986895,0.433655367040434,12746.3731948253,0.999633349302183
"Omega[6,2]",-0.010331266604215,0.00198053114145367,0.221292324479114,-0.435454790879736,-0.163477154504564,-0.00907471738020085,0.139126534913499,0.423360348557814,12484.4481583287,0.999699809027132
"Omega[6,3]",-0.0214928057024443,0.0023132568829071,0.216690943341526,-0.43994633886999,-0.171206574880454,-0.0203678010169396,0.128515100642669,0.397212186096526,8774.73065374787,1.00065969973285
"Omega[6,4]",-0.0109604605348418,0.00229328291066136,0.219882545756807,-0.435933226035305,-0.161577663868383,-0.0117743316874194,0.143771291191755,0.415258141217361,9193.19015963931,0.99978682638749
"Omega[6,5]",0.00216727671150692,0.00274344636681748,0.221704490401892,-0.422291572019045,-0.152727726484428,6.72399097013594e-05,0.153715698902067,0.431952277947095,6530.6443017628,0.999972805438543
"Omega[6,6]",1,1.05724571304455e-18,9.3026339235815e-17,1,1,1,1,1,7742.12174437587,0.999499874937461
"Omega[6,7]",0.0580384329289719,0.00264134188443074,0.225010660538361,-0.380749565656299,-0.0995760967389568,0.062402835958217,0.218512089998228,0.485655515968023,7256.99715574273,1.00023020513143
"Omega[6,8]",0.0197063691722486,0.0026381316277473,0.221983597862998,-0.412647333702263,-0.13385996845832,0.0220871238299418,0.174259134548059,0.439785660923652,7080.25421129469,1.00000350674084
"Omega[6,9]",-0.0327845414830353,0.00242776181505604,0.218903414479718,-0.464276614432103,-0.184458034609992,-0.0346738073351621,0.117211119275587,0.393567307457383,8130.04442798158,0.999937332904086
"Omega[6,10]",-0.00525911272373604,0.00288004822183846,0.222175953456962,-0.424092304538864,-0.161439212023992,-0.00829009907150506,0.15134724909097,0.427058504682722,5951.06352797323,0.999977168116908
"Omega[6,11]",0.0221350916313894,0.00279742329452552,0.220372361985604,-0.401610412559373,-0.133191450860082,0.0255519094745562,0.175380680518587,0.450680726893519,6205.80148611713,1.00009727761686
"Omega[6,12]",0.0203796767279132,0.00247723730173315,0.228705749682789,-0.424048310624888,-0.134824127686284,0.0198071180247722,0.180906441917943,0.4629086882787,8523.5192059722,0.999722974381807
"Omega[6,13]",0.0171550251584714,0.00239780996596715,0.224334243292072,-0.418528299400963,-0.140742434908392,0.0166676779031849,0.171833500924519,0.452716914350962,8753.09456447086,1.00027952840858
"Omega[6,14]",0.0135240942208883,0.00282990951336348,0.225653995191735,-0.421480669981554,-0.145515631263646,0.0138381296024231,0.174762695935602,0.449089279569031,6358.29913278614,0.99956551433009
"Omega[6,15]",0.03451905890168,0.0026524303919292,0.216534163619169,-0.395568732062008,-0.112704438961974,0.0351254060283669,0.184898105794228,0.45104412073025,6664.45841866073,1.0002979478721
"Omega[6,16]",0.0460479521502547,0.00239110479455338,0.222658563591967,-0.392966471152737,-0.107112459551692,0.0507104944348882,0.200118824581289,0.471575566732516,8671.24756392991,0.999810069767284
"Omega[6,17]",-0.0016402668856908,0.00269982639168759,0.223283589784813,-0.433677398758977,-0.153353549431766,-0.000910666663481594,0.157775267919546,0.425486887801805,6839.77687908059,1.00003521241569
"Omega[6,18]",0.0181701089706105,0.00254408194624838,0.22481100695581,-0.422014715158963,-0.139483802540487,0.017938561497112,0.176982753248881,0.441475421930182,7808.59592252641,0.99988132562981
"Omega[6,19]",-0.0128718738272034,0.00263288461078006,0.221095965317126,-0.440814793419776,-0.170678082516177,-0.00765048416839149,0.141982503565103,0.407610866548407,7051.76746266958,0.999930793024694
"Omega[7,1]",0.0226332123630508,0.0027139068456149,0.219863089707972,-0.407229300706031,-0.128818785996169,0.0233176266795278,0.178055286801536,0.446402413531862,6563.18703124744,1.00003742125647
"Omega[7,2]",0.0105799570166147,0.00230829276623814,0.223507253276199,-0.417134807098845,-0.148626100965263,0.0117903487338613,0.163629400452523,0.443574827294789,9375.65162615291,0.99987869369227
"Omega[7,3]",-0.0722073955453849,0.00240249105857142,0.212161872824323,-0.474351831599102,-0.221906156380886,-0.0711037625162809,0.0738566484741159,0.341267042710938,7798.50079529816,1.00014206923248
"Omega[7,4]",-0.0216532674217249,0.00253567219918958,0.214522701476819,-0.440958694307195,-0.168148655220234,-0.0205028734580663,0.12532290265843,0.395508719979816,7157.48252780462,0.999725259413779
"Omega[7,5]",-0.000807860357848626,0.00248990302907599,0.219912054464097,-0.418975251856006,-0.155223722338058,-0.0031652407880579,0.1497954277926,0.42962979826864,7800.69332731043,1.00017303136711
"Omega[7,6]",0.0580384329289719,0.00264134188443074,0.225010660538361,-0.380749565656299,-0.0995760967389568,0.062402835958217,0.218512089998228,0.485655515968023,7256.99715574273,1.00023020513143
"Omega[7,7]",1,1.43427720632676e-18,8.2947464075617e-17,1,1,1,1,1,3344.56801993261,0.999499874937461
"Omega[7,8]",0.0292631502106267,0.00254372352746037,0.223026093724376,-0.402147332336464,-0.126819231800793,0.0301135733997277,0.186697686626374,0.460563333726701,7687.25950055269,0.999882908438667
"Omega[7,9]",-0.0151177228227744,0.00272567163693933,0.22491327023658,-0.444563087477745,-0.17492619597596,-0.0149336161508847,0.13970828296235,0.417139907860535,6808.99618041827,1.00069504246171
"Omega[7,10]",-0.0220260519917561,0.00256611839753815,0.219654290113937,-0.436404064451068,-0.17831872642617,-0.0245696800817435,0.129461902816894,0.412476402203249,7326.99675732473,0.999861998253578
"Omega[7,11]",0.00079260779071848,0.0028897853485742,0.223226708504293,-0.429203445411242,-0.158882312525542,0.0048292120709325,0.154897740917488,0.427970525470082,5967.07012255123,1.00120634831137
"Omega[7,12]",0.0175294815007546,0.00267807686676883,0.225081514762643,-0.416393975965815,-0.140473129699966,0.018814337069125,0.179714880026272,0.447698338746629,7063.72173161522,0.999982317925621
"Omega[7,13]",0.00195871077347608,0.00265208678850081,0.222600659338223,-0.42133448311861,-0.156135612392663,-0.000672913421192129,0.16038093378224,0.43992316670712,7044.94210710655,1.00005899587519
"Omega[7,14]",0.00233635246750276,0.00270146788000382,0.218309469662417,-0.420197216998762,-0.148483426357533,0.000911096239778825,0.152263084193935,0.423254437882185,6530.48645166697,1.00078553388568
"Omega[7,15]",0.0471705007654825,0.00287532919835884,0.218777039819545,-0.390886352381975,-0.103255486876112,0.0488555728983593,0.200710429001434,0.460998737114467,5789.33038408491,1.00133641929142
"Omega[7,16]",0.0540853474993824,0.00261257540948751,0.219332452975754,-0.377218539949269,-0.0956097923861312,0.0587449684544153,0.204782029522999,0.470593465007586,7048.03613240947,1.00076390909222
"Omega[7,17]",0.0456657834865935,0.0025316636929341,0.21945942908857,-0.382892813757673,-0.103713458839254,0.0487741317845632,0.193256699819534,0.473522871998291,7514.43727177876,0.999663054502164
"Omega[7,18]",0.0239631737143362,0.00354463234092068,0.227054511547704,-0.40889146027102,-0.134328213277888,0.0196470680361399,0.1792805153064,0.469976221024738,4103.1545942175,1.00050743191362
"Omega[7,19]",-0.0694173147911287,0.0026728368504484,0.220513899976772,-0.494667859309479,-0.222344039208368,-0.0717991743051972,0.082767955422009,0.360861219523526,6806.55001018379,1.00000557480263
"Omega[8,1]",0.00719303106497285,0.00215382914626235,0.219674087857587,-0.417106013872863,-0.146088528723344,0.00712907384185818,0.159091777265302,0.429768926240221,10402.4386754581,1.00001611751939
"Omega[8,2]",0.0538097941197218,0.00230989728479847,0.218611571210053,-0.369070639552769,-0.0975683592006021,0.0544605462727557,0.20905964079112,0.470060122345406,8956.96659531383,1.00001048497299
"Omega[8,3]",-0.0745701520627339,0.00204593947403002,0.212005131399457,-0.474803165368965,-0.222134778857562,-0.0799846488937294,0.0704896455028201,0.346499147048757,10737.5990311502,0.999937780437761
"Omega[8,4]",-0.00288756352398118,0.0021796528729367,0.218657018046875,-0.432623313237858,-0.15168443959469,-5.36329453389196e-05,0.148523191010479,0.415794941367044,10063.572359985,0.999817845630839
"Omega[8,5]",-0.0261042727194696,0.00251917560309202,0.22057434840667,-0.45076600136195,-0.181089324938453,-0.0279486590096281,0.129575118561073,0.400230936722169,7666.42915002867,1.00022494515127
"Omega[8,6]",0.0197063691722486,0.0026381316277473,0.221983597862998,-0.412647333702263,-0.13385996845832,0.0220871238299418,0.174259134548059,0.439785660923652,7080.25421129469,1.00000350674084
"Omega[8,7]",0.0292631502106267,0.00254372352746037,0.223026093724376,-0.402147332336464,-0.126819231800793,0.0301135733997277,0.186697686626374,0.460563333726701,7687.25950055269,0.999882908438667
"Omega[8,8]",1,1.32685225806246e-18,9.59134575453869e-17,1,1,1,1,1,5225.33282964157,0.999499874937461
"Omega[8,9]",0.00389557051291513,0.00286123981300878,0.226701364094607,-0.43698252447136,-0.154297503492468,0.0027461932659025,0.163530200105536,0.440357495998982,6277.68829279199,1.00055993201294
"Omega[8,10]",-0.0122869199290595,0.00287269745534804,0.221426524217897,-0.445956446833057,-0.163023037040308,-0.0135542695623653,0.140759806893614,0.414502707934138,5941.27297022864,1.00011323413493
"Omega[8,11]",-0.00645492281634063,0.00274854903548443,0.222029372037862,-0.434897235259097,-0.162588711561973,-0.00483366844865001,0.148708408921066,0.425133413330355,6525.50132882137,1.00004222667933
"Omega[8,12]",0.0185229917446331,0.00280579497375447,0.225996167836401,-0.409692818460267,-0.138818758333708,0.0178698865366926,0.174744446328682,0.465098887922031,6487.69290208128,1.00038798018498
"Omega[8,13]",0.0136071636797656,0.00264783292946669,0.220101454200385,-0.417760902522815,-0.138943611105476,0.0144148515586929,0.165788330092978,0.435011785304518,6909.7870943735,1.00043372343574
"Omega[8,14]",-0.0400337755247875,0.00286923058092384,0.217781201680459,-0.450196741656586,-0.195316914544559,-0.040644779645091,0.105900120465443,0.392923493652066,5761.15921713893,1.00033104156411
"Omega[8,15]",-0.014077008271868,0.00300836399625128,0.220756742032695,-0.444254822659683,-0.169741084601839,-0.014629664967877,0.140433808213147,0.407057967194577,5384.7703620918,1.00012630512338
"Omega[8,16]",0.0107229902129196,0.002714321999376,0.221214676312768,-0.417714377277905,-0.143841611470883,0.0101644367340432,0.162643583061012,0.438107575697741,6642.09586968592,1.00003083136884
"Omega[8,17]",0.0336650317177258,0.00277625097802729,0.222061955855433,-0.400274945505548,-0.120670206039259,0.0338439985033727,0.186255324018023,0.467426189280816,6397.80313147237,0.999808227661879
"Omega[8,18]",0.00219582277016944,0.00262103395293629,0.220927116044534,-0.422967137530518,-0.153579837659354,0.00325720070452933,0.154987834408478,0.435863358034265,7104.81465792346,0.999760059103327
"Omega[8,19]",-0.0471068200612683,0.00282964996964131,0.219860297384521,-0.466743794753916,-0.201808859694807,-0.0505518784483507,0.100101496310562,0.384365504053294,6037.09749826279,1.00004639022761
"Omega[9,1]",0.0435975438155943,0.00214254118991125,0.223361332932254,-0.395975931734766,-0.113435732937954,0.0463027460420072,0.201065529580378,0.468032831834443,10868.2000916364,0.999815020389873
"Omega[9,2]",0.0433009764230771,0.00240518602954174,0.220925322434185,-0.395027807402772,-0.107557333437942,0.0436060087097978,0.19485567201576,0.467479095737493,8437.10880537761,0.999986447228419
"Omega[9,3]",0.0478615267579483,0.00215718516548212,0.213510894628022,-0.381636404253661,-0.0982113127236015,0.0506588777525615,0.198512132363726,0.44740875984829,9796.37114461037,0.999873501386493
"Omega[9,4]",-0.0547718228269225,0.00237227127300625,0.218306987012554,-0.466709841880932,-0.207877481631702,-0.0570156690803567,0.0958547800871311,0.372138193094668,8468.50155953673,0.999900310266144
"Omega[9,5]",0.0339323142810362,0.00258015227390714,0.221468899421082,-0.394533108712137,-0.117518672299999,0.0363742198496336,0.186868880328761,0.457052596118426,7367.74895646256,1.00022403519859
"Omega[9,6]",-0.0327845414830353,0.00242776181505604,0.218903414479718,-0.464276614432103,-0.184458034609992,-0.0346738073351621,0.117211119275587,0.393567307457383,8130.04442798158,0.999937332904086
"Omega[9,7]",-0.0151177228227744,0.00272567163693933,0.22491327023658,-0.444563087477745,-0.17492619597596,-0.0149336161508847,0.13970828296235,0.417139907860535,6808.99618041827,1.00069504246171
"Omega[9,8]",0.00389557051291513,0.00286123981300878,0.226701364094607,-0.43698252447136,-0.154297503492468,0.0027461932659025,0.163530200105536,0.440357495998982,6277.68829279199,1.00055993201294
"Omega[9,9]",1,1.8367258151072e-18,8.11634391076753e-17,1,1,1,1,1,1952.68514251972,0.999499874937461
"Omega[9,10]",0.00839925266974854,0.00339115870758213,0.222165666194622,-0.433915178304752,-0.145646255014788,0.0128684710418519,0.16660300334857,0.421081527619976,4291.97966607217,0.999776660779167
"Omega[9,11]",0.00537367687511964,0.00277497260118519,0.221263807328721,-0.416397092648513,-0.150359198255642,0.0064941682776684,0.16041520355023,0.43275676815159,6357.74878141262,1.00018649169478
"Omega[9,12]",0.022507629381271,0.00264378880174123,0.219202746468282,-0.409516474994274,-0.132722686772376,0.0242122504041545,0.17787227225181,0.437524521408771,6874.45803417929,1.00031057105864
"Omega[9,13]",0.0368758928026742,0.00284901413439069,0.2234567357777,-0.401943242623111,-0.120974165202921,0.0420593376078789,0.197182804637611,0.456631570671755,6151.73604923487,0.999650296123233
"Omega[9,14]",0.00541680494008176,0.00279979880259247,0.216192101283412,-0.409401693440297,-0.144684409724514,0.00817700253478259,0.155921208510087,0.417860365658972,5962.46713780423,1.00048825536447
"Omega[9,15]",-0.0691048880583758,0.00318419596081134,0.219407960420409,-0.477775904601942,-0.225325787706136,-0.0737735379621059,0.0788221746069858,0.359591570732955,4747.93960991505,1.00010510165244
"Omega[9,16]",-0.0632489187836522,0.00284164252656049,0.217806434525485,-0.483595448842998,-0.215866958142004,-0.0620726038149004,0.0864668998328171,0.360996618836097,5874.92767236609,1.00030675769349
"Omega[9,17]",-0.00679324443028275,0.00264768376409163,0.219706733855626,-0.432685343606992,-0.160981258504333,-0.00646863930116216,0.143467155401159,0.423731757775647,6885.80169563599,1.000349509707
"Omega[9,18]",0.00551577532785319,0.00301799812099413,0.223088901314381,-0.420675494651638,-0.149142015976611,0.00289554004173004,0.158327026385836,0.44008568874108,5464.09195167163,1.00009279484829
"Omega[9,19]",-0.0293308546423747,0.00270393681498636,0.222088320210737,-0.468170405007356,-0.183198723879144,-0.0283472015900031,0.124086865621384,0.398751386307609,6746.18677318872,0.999780620597281
"Omega[10,1]",0.0595154751321271,0.00194375714586668,0.212075242926189,-0.367619062901602,-0.0857163436279341,0.0648861994538002,0.205988192669184,0.466497494195358,11904.0828369135,0.999782186071343
"Omega[10,2]",-0.00184722265719309,0.002139337647255,0.216783303498705,-0.418603546584102,-0.153422431721701,-0.00176375713742166,0.144615820599934,0.419278184280425,10268.1686373691,0.999925261730587
"Omega[10,3]",0.0372131077423108,0.00221912941596666,0.21585885915683,-0.395196894100878,-0.109566799745421,0.0415764202827434,0.184899698699,0.452060425747209,9461.815912515,1.00025618286682
"Omega[10,4]",-0.0549787698435923,0.00237234209629393,0.217414769717044,-0.470035514144464,-0.205821172218474,-0.0570421575529719,0.0901745246923907,0.37345182612826,8398.92024079097,0.999812663239101
"Omega[10,5]",-0.0465816253106863,0.00244780257802459,0.216418667316397,-0.458605240359944,-0.201619519540994,-0.0482303282903804,0.104164448975762,0.378176742939026,7816.93788621286,0.999823697700604
"Omega[10,6]",-0.00525911272373604,0.00288004822183846,0.222175953456962,-0.424092304538864,-0.161439212023992,-0.00829009907150506,0.15134724909097,0.427058504682722,5951.06352797323,0.999977168116908
"Omega[10,7]",-0.0220260519917561,0.00256611839753815,0.219654290113937,-0.436404064451068,-0.17831872642617,-0.0245696800817435,0.129461902816894,0.412476402203249,7326.99675732473,0.999861998253578
"Omega[10,8]",-0.0122869199290595,0.00287269745534804,0.221426524217897,-0.445956446833057,-0.163023037040308,-0.0135542695623653,0.140759806893614,0.414502707934138,5941.27297022864,1.00011323413493
"Omega[10,9]",0.00839925266974854,0.00339115870758213,0.222165666194622,-0.433915178304752,-0.145646255014788,0.0128684710418519,0.16660300334857,0.421081527619976,4291.97966607217,0.999776660779167
"Omega[10,10]",1,2.10859207424198e-18,9.10676706281262e-17,1,1,1,1,1,1865.27692090984,0.999499874937461
"Omega[10,11]",0.0246860046613321,0.00282617304870588,0.217022112639958,-0.393710876646196,-0.127869430781011,0.0224962559768978,0.17343047541988,0.44529511345779,5896.71954563821,0.999593896599454
"Omega[10,12]",-0.00595676473454123,0.00281834328919171,0.220976112212525,-0.429413439862193,-0.161739173461764,-0.00639684601700846,0.148913320363735,0.426073060033584,6147.56138781756,1.00009979708069
"Omega[10,13]",-0.00954815216443098,0.00277488809230909,0.221754773919037,-0.434499014963726,-0.165588568786051,-0.0102552771957231,0.146904423651777,0.426268913504086,6386.38372602036,1.00023920101193
"Omega[10,14]",0.064391796498799,0.00294496471466874,0.220632949385691,-0.36946759895647,-0.0874701651491914,0.0657481269350755,0.219870801037422,0.483984381611202,5612.81269936129,0.999951056257397
"Omega[10,15]",0.123691391330923,0.00338517477522447,0.220811220874248,-0.322444625400039,-0.0295679693456938,0.127447759910066,0.280963934340627,0.535198138454714,4254.80916315773,0.999868978085639
"Omega[10,16]",-0.0473537777539216,0.00273832623369736,0.217868522121833,-0.470659911833418,-0.199953885669693,-0.0474033737882524,0.105143054496111,0.374537868455277,6330.21704183239,1.00036262518019
"Omega[10,17]",-0.0113914871679343,0.0028682918060692,0.223110617479883,-0.441325826722246,-0.165196090300058,-0.00983308528119149,0.142234485691333,0.412403479961804,6050.53547794084,0.999953262600164
"Omega[10,18]",-0.0253815285101381,0.0028664714598874,0.224172845727592,-0.463389865913533,-0.181499486245749,-0.0243213808800514,0.130226338537765,0.418004841048731,6116.04631790239,1.00019789991478
"Omega[10,19]",0.0458259008156199,0.00278560825785651,0.218912138317134,-0.382751314717999,-0.103960202973683,0.0490652610986281,0.199212843466061,0.465800705378223,6175.89073588233,1.00023135726968
"Omega[11,1]",0.0323123243700413,0.00269012038387937,0.221742294389013,-0.399808968666825,-0.120641829203295,0.0349226828173148,0.186705443505893,0.45242664045181,6794.43961524329,1.00005418312737
"Omega[11,2]",-0.048224507248727,0.00258889371939978,0.213172158872026,-0.460722583986287,-0.196138254831706,-0.052370554460544,0.0965387971672345,0.370698822342861,6780.04416908839,0.999627543641934
"Omega[11,3]",0.0549910737906483,0.00225096932863709,0.206401221585258,-0.343016463121199,-0.0913007979796476,0.0555317591686322,0.202790102202308,0.447901317166708,8407.85806867522,1.00012170960408
"Omega[11,4]",-0.0261197145559875,0.00251775883606979,0.211686829654215,-0.427569339284585,-0.175848500815499,-0.0299130762666055,0.119869213756152,0.391087047859747,7069.0234091859,0.999903041706048
"Omega[11,5]",-0.0582789625910738,0.00253640474530011,0.215519433592068,-0.470914439653864,-0.205341218082126,-0.0600778892311517,0.0886662578351115,0.368727365985929,7219.97610030863,0.999883751099972
"Omega[11,6]",0.0221350916313894,0.00279742329452552,0.220372361985604,-0.401610412559373,-0.133191450860082,0.0255519094745562,0.175380680518587,0.450680726893519,6205.80148611713,1.00009727761686
"Omega[11,7]",0.00079260779071848,0.0028897853485742,0.223226708504293,-0.429203445411242,-0.158882312525542,0.0048292120709325,0.154897740917488,0.427970525470082,5967.07012255123,1.00120634831137
"Omega[11,8]",-0.00645492281634063,0.00274854903548443,0.222029372037862,-0.434897235259097,-0.162588711561973,-0.00483366844865001,0.148708408921066,0.425133413330355,6525.50132882137,1.00004222667933
"Omega[11,9]",0.00537367687511964,0.00277497260118519,0.221263807328721,-0.416397092648513,-0.150359198255642,0.0064941682776684,0.16041520355023,0.43275676815159,6357.74878141262,1.00018649169478
"Omega[11,10]",0.0246860046613321,0.00282617304870588,0.217022112639958,-0.393710876646196,-0.127869430781011,0.0224962559768978,0.17343047541988,0.44529511345779,5896.71954563821,0.999593896599454
"Omega[11,11]",1,2.385135277675e-18,8.79517003494443e-17,1,1,1,1,1,1359.76058447586,0.999499874937461
"Omega[11,12]",-0.0201789485188235,0.00276759587646312,0.221789277192997,-0.445204428242755,-0.175887541779843,-0.0193218467378673,0.134381628822081,0.404487530952038,6422.08044540231,0.999822789563939
"Omega[11,13]",-0.00983247914723518,0.00270611047130139,0.22163632380559,-0.434758929534071,-0.168163003256584,-0.0102299031825769,0.144604601721975,0.417406219458847,6707.96568958252,1.00010623592384
"Omega[11,14]",-0.0142955837015334,0.00283423402485175,0.211002010018867,-0.410526990392864,-0.162267652495892,-0.0143340265486328,0.13128719056865,0.405525388850359,5542.44982292816,1.00039391803654
"Omega[11,15]",0.0395772806949888,0.00256503732723623,0.206595932923475,-0.358899052706708,-0.104032539614076,0.0390500871144994,0.185036193508556,0.440628442687225,6487.18310577322,0.999732725042342
"Omega[11,16]",-0.0569056073361947,0.00257979777062751,0.216336078944305,-0.469466256921738,-0.207310954559426,-0.0571174940537722,0.088176988793179,0.372218849300287,7032.12499442433,1.00055443089354
"Omega[11,17]",-0.0574451225571466,0.0027047801852635,0.217865132973513,-0.475575956769595,-0.20992096153916,-0.0589805637426096,0.0950091139343929,0.363500788840408,6488.01000116917,1.0005229187056
"Omega[11,18]",-0.00651257397044405,0.00292934692818042,0.222509598368163,-0.432700780571875,-0.160983214535866,-0.00944504694458009,0.148702894135234,0.436749057232723,5769.73519630129,1.000414214321
"Omega[11,19]",0.00861896353410579,0.00297791110346099,0.217152496585855,-0.414165971203149,-0.14132209058453,0.0121994001419311,0.161687605384002,0.425615272882704,5317.48404439294,1.00026701025353
"Omega[12,1]",0.00474412265852127,0.00217226099620974,0.219866331521631,-0.419200048877351,-0.14841903687008,0.00400995163342284,0.158937450559394,0.425821018547131,10244.5633369977,1.00019400388909
"Omega[12,2]",0.0184090856927222,0.00213156423727014,0.222001189151509,-0.417653043625171,-0.136843110278011,0.0190536682372898,0.172103884664525,0.448038101181839,10847.1026779205,1.00014455776383
"Omega[12,3]",-0.0047905393014041,0.00234853214562702,0.218651112810013,-0.429956445714477,-0.15527742502168,-0.00482125678881942,0.147373724596151,0.416079674436205,8667.8296209986,0.9999153801211
"Omega[12,4]",-0.0243601639286624,0.00229624610925135,0.220068297846487,-0.43262779549948,-0.183313271449414,-0.0283953332236862,0.126574778795372,0.403999465288803,9184.97760613733,1.00110281497096
"Omega[12,5]",0.0453211243212733,0.00240495027254581,0.224941467967824,-0.389562332121678,-0.112504978098422,0.0484627439299222,0.203662730610165,0.471345437827683,8748.36407221936,1.00016647880685
"Omega[12,6]",0.0203796767279132,0.00247723730173315,0.228705749682789,-0.424048310624888,-0.134824127686284,0.0198071180247722,0.180906441917943,0.4629086882787,8523.5192059722,0.999722974381807
"Omega[12,7]",0.0175294815007546,0.00267807686676883,0.225081514762643,-0.416393975965815,-0.140473129699966,0.018814337069125,0.179714880026272,0.447698338746629,7063.72173161522,0.999982317925621
"Omega[12,8]",0.0185229917446331,0.00280579497375447,0.225996167836401,-0.409692818460267,-0.138818758333708,0.0178698865366926,0.174744446328682,0.465098887922031,6487.69290208128,1.00038798018498
"Omega[12,9]",0.022507629381271,0.00264378880174123,0.219202746468282,-0.409516474994274,-0.132722686772376,0.0242122504041545,0.17787227225181,0.437524521408771,6874.45803417929,1.00031057105864
"Omega[12,10]",-0.00595676473454123,0.00281834328919171,0.220976112212525,-0.429413439862193,-0.161739173461764,-0.00639684601700846,0.148913320363735,0.426073060033584,6147.56138781756,1.00009979708069
"Omega[12,11]",-0.0201789485188235,0.00276759587646312,0.221789277192997,-0.445204428242755,-0.175887541779843,-0.0193218467378673,0.134381628822081,0.404487530952038,6422.08044540231,0.999822789563939
"Omega[12,12]",1,2.47276971804374e-18,9.41541719843607e-17,1,1,1,1,1,1449.81233219035,0.999499874937461
"Omega[12,13]",0.0474500720018302,0.00330983229179945,0.224623602726555,-0.391301445182496,-0.104784178890531,0.0503205580707772,0.203754646114911,0.478582208662418,4605.73344418829,1.00098161783432
"Omega[12,14]",-0.0274847578099976,0.00323195155239876,0.222958684339856,-0.453393714975369,-0.185940600556578,-0.0293796879555844,0.12656569648579,0.413991666309918,4759.03722642499,1.00033312573577
"Omega[12,15]",-0.0208481033282137,0.00296925436289929,0.221374189828646,-0.446405291128748,-0.176641626372408,-0.0238690833016382,0.133023287511681,0.418952910038253,5558.51987727416,1.00006611653935
"Omega[12,16]",0.00152217164047247,0.0030954478754781,0.224880704534165,-0.437204235514453,-0.155776707920503,0.00211699972420581,0.156431437607647,0.437525116329006,5277.85428662372,0.999877886831384
"Omega[12,17]",0.0250904388445867,0.00308238350571161,0.220461627864868,-0.401163810055599,-0.12734259109663,0.0267868030315659,0.178451739324756,0.449795614907072,5115.55402608603,1.00014091479206
"Omega[12,18]",0.0195164117757947,0.00341029131084598,0.225771460856905,-0.416710150984304,-0.141295216295357,0.0252443641299649,0.175602242166472,0.448376103869621,4382.83508156005,1.00063177695945
"Omega[12,19]",-0.017105824358771,0.0029653032904715,0.222050763875688,-0.451336394996331,-0.167310009844482,-0.0170747379299442,0.136872470566776,0.411821733028677,5607.46154629325,1.00092358282917
"Omega[13,1]",-0.00612525030954171,0.00207647825960851,0.2228187838701,-0.433203340592737,-0.165096963263656,-0.00758137419989682,0.151153788117353,0.430504969544535,11514.5991072067,0.999805464378471
"Omega[13,2]",0.036369494386145,0.00229498382257933,0.21828606403891,-0.395454477336326,-0.112023119077389,0.0403620896877164,0.188913503913468,0.446198421614406,9046.75362508054,1.00000416653275
"Omega[13,3]",-0.0359342123051508,0.00264447234503693,0.216435107459804,-0.450318551897731,-0.188026589429179,-0.0383372559779643,0.115579989306352,0.388406608447875,6698.49684002509,1.00101926073648
"Omega[13,4]",-0.0549373112497045,0.00242311139885268,0.219595089151162,-0.467809238508403,-0.211872409493646,-0.0557337033009279,0.0933577545746934,0.372502174131486,8212.93689892301,1.00013140567411
"Omega[13,5]",0.0706419663863311,0.00302860285067466,0.225351252545472,-0.366260104111931,-0.0822117624748388,0.0739497221027289,0.22641505427881,0.50916786498892,5536.49993337569,1.00046616229948
"Omega[13,6]",0.0171550251584714,0.00239780996596715,0.224334243292072,-0.418528299400963,-0.140742434908392,0.0166676779031849,0.171833500924519,0.452716914350962,8753.09456447086,1.00027952840858
"Omega[13,7]",0.00195871077347608,0.00265208678850081,0.222600659338223,-0.42133448311861,-0.156135612392663,-0.000672913421192129,0.16038093378224,0.43992316670712,7044.94210710655,1.00005899587519
"Omega[13,8]",0.0136071636797656,0.00264783292946669,0.220101454200385,-0.417760902522815,-0.138943611105476,0.0144148515586929,0.165788330092978,0.435011785304518,6909.7870943735,1.00043372343574
"Omega[13,9]",0.0368758928026742,0.00284901413439069,0.2234567357777,-0.401943242623111,-0.120974165202921,0.0420593376078789,0.197182804637611,0.456631570671755,6151.73604923487,0.999650296123233
"Omega[13,10]",-0.00954815216443098,0.00277488809230909,0.221754773919037,-0.434499014963726,-0.165588568786051,-0.0102552771957231,0.146904423651777,0.426268913504086,6386.38372602036,1.00023920101193
"Omega[13,11]",-0.00983247914723518,0.00270611047130139,0.22163632380559,-0.434758929534071,-0.168163003256584,-0.0102299031825769,0.144604601721975,0.417406219458847,6707.96568958252,1.00010623592384
"Omega[13,12]",0.0474500720018302,0.00330983229179945,0.224623602726555,-0.391301445182496,-0.104784178890531,0.0503205580707772,0.203754646114911,0.478582208662418,4605.73344418829,1.00098161783432
"Omega[13,13]",1,1.98036111733011e-18,9.27360070931274e-17,1,1,1,1,1,2192.84534811892,0.999499874937461
"Omega[13,14]",0.0275234804231356,0.00306009937303298,0.219295295497642,-0.410721728260708,-0.123809983651888,0.0300994492249717,0.182147808977828,0.441083227429419,5135.5571917865,1.0013063441682
"Omega[13,15]",-0.0196022135774759,0.0029074944829831,0.218746360605003,-0.439979409060693,-0.170553784346426,-0.0243836502184272,0.138288211257547,0.409024801378699,5660.35765956626,1.00060498337639
"Omega[13,16]",-0.0107809209543528,0.00298373954012122,0.219823390955052,-0.427645771758061,-0.166847051483642,-0.0102182441729071,0.138976946295514,0.420191332479063,5427.82687179433,1.00048516892408
"Omega[13,17]",-0.000766540531612475,0.00311817436397044,0.225119681584518,-0.439836687954956,-0.154421615206984,-0.000116888807456268,0.154279530128182,0.440155169424669,5212.26080468421,1.00062263329672
"Omega[13,18]",-0.0110117325028017,0.00306535931125066,0.223263215848285,-0.446522404142326,-0.166177952349602,-0.0143421365598624,0.146300300441811,0.424206417929767,5304.83127257042,0.999980025051596
"Omega[13,19]",-0.0107577039454005,0.0029740098479244,0.221386956646156,-0.44543522809917,-0.161512565614799,-0.0104944317375794,0.1457422625201,0.41474316768084,5541.39687905694,1.00071574500042
"Omega[14,1]",0.0420551789601144,0.00238515140045666,0.217836209733028,-0.384426651128429,-0.107121288116227,0.0447954075069459,0.19420000090447,0.461527887633565,8341.19435051022,0.999879659681544
"Omega[14,2]",0.00734318722323199,0.00334548092601415,0.224997090619497,-0.427174447297452,-0.149751653765382,0.00413474265785857,0.16341362763808,0.446932728553373,4523.10519682355,1.00039441422052
"Omega[14,3]",-0.019257443754695,0.00275905524131431,0.210430581468228,-0.43090798626337,-0.161666072486953,-0.0201368819922393,0.126959031705264,0.38400005093342,5816.97126724972,1.00169613142427
"Omega[14,4]",-0.0817603416957131,0.00264569189451194,0.213414095913466,-0.490056826622086,-0.229281337048531,-0.0882019832752685,0.0621043335322563,0.338091112221984,6506.80315271548,1.00028076513096
"Omega[14,5]",0.0171699606666639,0.00334090084223387,0.224298874811895,-0.418579002639838,-0.137903747699149,0.0166375310523313,0.174147524131292,0.450459502743938,4507.40952335621,1.00000414688691
"Omega[14,6]",0.0135240942208883,0.00282990951336348,0.225653995191735,-0.421480669981554,-0.145515631263646,0.0138381296024231,0.174762695935602,0.449089279569031,6358.29913278614,0.99956551433009
"Omega[14,7]",0.00233635246750276,0.00270146788000382,0.218309469662417,-0.420197216998762,-0.148483426357533,0.000911096239778825,0.152263084193935,0.423254437882185,6530.48645166697,1.00078553388568
"Omega[14,8]",-0.0400337755247875,0.00286923058092384,0.217781201680459,-0.450196741656586,-0.195316914544559,-0.040644779645091,0.105900120465443,0.392923493652066,5761.15921713893,1.00033104156411
"Omega[14,9]",0.00541680494008176,0.00279979880259247,0.216192101283412,-0.409401693440297,-0.144684409724514,0.00817700253478259,0.155921208510087,0.417860365658972,5962.46713780423,1.00048825536447
"Omega[14,10]",0.064391796498799,0.00294496471466874,0.220632949385691,-0.36946759895647,-0.0874701651491914,0.0657481269350755,0.219870801037422,0.483984381611202,5612.81269936129,0.999951056257397
"Omega[14,11]",-0.0142955837015334,0.00283423402485175,0.211002010018867,-0.410526990392864,-0.162267652495892,-0.0143340265486328,0.13128719056865,0.405525388850359,5542.44982292816,1.00039391803654
"Omega[14,12]",-0.0274847578099976,0.00323195155239876,0.222958684339856,-0.453393714975369,-0.185940600556578,-0.0293796879555844,0.12656569648579,0.413991666309918,4759.03722642499,1.00033312573577
"Omega[14,13]",0.0275234804231356,0.00306009937303298,0.219295295497642,-0.410721728260708,-0.123809983651888,0.0300994492249717,0.182147808977828,0.441083227429419,5135.5571917865,1.0013063441682
"Omega[14,14]",1,1.2012776879076e-18,9.62022091998082e-17,1,1,1,1,1,6413.32530389268,0.999499874937461
"Omega[14,15]",0.127954257852808,0.00303336445248896,0.209671426215426,-0.289439564015326,-0.0168962591088402,0.132499778252236,0.275054708654962,0.520733952962573,4777.81481325843,1.00091688660992
"Omega[14,16]",-0.0283776193994649,0.00275596237171764,0.213047513479213,-0.437674554676162,-0.174555239073916,-0.0305451566476247,0.118138335203295,0.398411356747067,5975.94198012683,1.00242453930356
"Omega[14,17]",0.022338226161654,0.002770595553759,0.215389426683314,-0.402965809309286,-0.122808105096254,0.023216557682724,0.176609359064458,0.433937393552095,6043.69438055763,1.0007272290456
"Omega[14,18]",-0.0854695282967888,0.00287704616149357,0.217685192404291,-0.495955012793029,-0.23747730971042,-0.0881575865922867,0.0659042984452513,0.351856708681659,5724.85005174592,1.00048989716878
"Omega[14,19]",-0.00373187354387636,0.00272884835250743,0.217247587433529,-0.422588231526532,-0.151345199256547,-0.00348158807483146,0.147275695976052,0.414993376740324,6337.98374481483,0.999809825644843
"Omega[15,1]",-0.000515759832019546,0.00259255847247016,0.213944981591067,-0.417230177032612,-0.149199625547775,0.0013981142335935,0.14921475997938,0.417277659566631,6809.99961437387,0.999808916396579
"Omega[15,2]",-0.0278257754645077,0.00372248334645769,0.223251948186372,-0.447997042580278,-0.183339779988239,-0.0286340071295487,0.122599409659013,0.416392889088238,3596.87203925679,1.00277635177207
"Omega[15,3]",-0.0717146198370272,0.00241390042585683,0.205373484323955,-0.464573663743636,-0.215375056929313,-0.0755772185614467,0.0700992812281421,0.333353445813739,7238.52435435616,0.999956524159018
"Omega[15,4]",-0.0151192873259948,0.00293536719873117,0.211588528183106,-0.419225960149719,-0.15984761409035,-0.018510162954973,0.131097158321506,0.401792872786346,5195.8829793853,1.00079285474722
"Omega[15,5]",-0.0467431317820123,0.00266848841343417,0.214275951785599,-0.455441118955313,-0.196506420782744,-0.0465690515213558,0.102639052161733,0.368922260789558,6447.86925864323,0.999926513174053
"Omega[15,6]",0.03451905890168,0.0026524303919292,0.216534163619169,-0.395568732062008,-0.112704438961974,0.0351254060283669,0.184898105794228,0.45104412073025,6664.45841866073,1.0002979478721
"Omega[15,7]",0.0471705007654825,0.00287532919835884,0.218777039819545,-0.390886352381975,-0.103255486876112,0.0488555728983593,0.200710429001434,0.460998737114467,5789.33038408491,1.00133641929142
"Omega[15,8]",-0.014077008271868,0.00300836399625128,0.220756742032695,-0.444254822659683,-0.169741084601839,-0.014629664967877,0.140433808213147,0.407057967194577,5384.7703620918,1.00012630512338
"Omega[15,9]",-0.0691048880583758,0.00318419596081134,0.219407960420409,-0.477775904601942,-0.225325787706136,-0.0737735379621059,0.0788221746069858,0.359591570732955,4747.93960991505,1.00010510165244
"Omega[15,10]",0.123691391330923,0.00338517477522447,0.220811220874248,-0.322444625400039,-0.0295679693456938,0.127447759910066,0.280963934340627,0.535198138454714,4254.80916315773,0.999868978085639
"Omega[15,11]",0.0395772806949888,0.00256503732723623,0.206595932923475,-0.358899052706708,-0.104032539614076,0.0390500871144994,0.185036193508556,0.440628442687225,6487.18310577322,0.999732725042342
"Omega[15,12]",-0.0208481033282137,0.00296925436289929,0.221374189828646,-0.446405291128748,-0.176641626372408,-0.0238690833016382,0.133023287511681,0.418952910038253,5558.51987727416,1.00006611653935
"Omega[15,13]",-0.0196022135774759,0.0029074944829831,0.218746360605003,-0.439979409060693,-0.170553784346426,-0.0243836502184272,0.138288211257547,0.409024801378699,5660.35765956626,1.00060498337639
"Omega[15,14]",0.127954257852808,0.00303336445248896,0.209671426215426,-0.289439564015326,-0.0168962591088402,0.132499778252236,0.275054708654962,0.520733952962573,4777.81481325843,1.00091688660992
"Omega[15,15]",1,1.20281638777003e-18,1.01213370334758e-16,1,1,1,1,1,7080.71477611876,0.999499874937461
"Omega[15,16]",-0.020100949998209,0.00274003463616581,0.21485512634838,-0.434641470951743,-0.169712213856147,-0.0220009693483535,0.126625469626396,0.403723691447853,6148.64380896099,1.00015995937913
"Omega[15,17]",0.0073333352253761,0.00285719496081697,0.215226619813495,-0.40787821781355,-0.140613777177985,0.00465241326402756,0.157389727769921,0.425035011097141,5674.29903168562,1.00016821347446
"Omega[15,18]",-0.0406532772358308,0.00308175483848022,0.222403850511204,-0.464788966304007,-0.194942742091095,-0.0426047440928674,0.113228734830973,0.4034554571472,5208.2093266496,1.00132571162498
"Omega[15,19]",0.054030843737609,0.00279795613741446,0.210924445098968,-0.360359617682438,-0.0897988979018105,0.0554864671473073,0.198977614048169,0.462637227090145,5682.92633615821,0.999859109647515
"Omega[16,1]",-0.0063175182139357,0.00211918059303016,0.215181113221901,-0.435373870955348,-0.151294711660688,-0.0111710926095287,0.144093989077062,0.408973081480239,10310.3251999505,0.999947553599685
"Omega[16,2]",-0.00106249631013911,0.00237444063694627,0.218860835419312,-0.43107067671439,-0.153973082824554,0.00128018609654965,0.152359885648322,0.418378261822071,8495.97982917862,0.999685301498288
"Omega[16,3]",-0.0823100789722642,0.00207320336988864,0.206371730280202,-0.478486988389474,-0.224179374606281,-0.0857639886783461,0.0604111597339156,0.327492687332794,9908.69815100649,0.999707275981365
"Omega[16,4]",0.0573529832456849,0.00275681166725833,0.217811951092111,-0.361598549912456,-0.0937056793984634,0.0617455115918361,0.208711165079648,0.47389578498292,6242.365797982,0.999956399143447
"Omega[16,5]",-0.0304263759635366,0.00240145249720267,0.21920424367385,-0.451773677561732,-0.184070079902493,-0.0295731695403531,0.123021731512603,0.408473965501155,8332.01253240911,1.00039576270923
"Omega[16,6]",0.0460479521502547,0.00239110479455338,0.222658563591967,-0.392966471152737,-0.107112459551692,0.0507104944348882,0.200118824581289,0.471575566732516,8671.24756392991,0.999810069767284
"Omega[16,7]",0.0540853474993824,0.00261257540948751,0.219332452975754,-0.377218539949269,-0.0956097923861312,0.0587449684544153,0.204782029522999,0.470593465007586,7048.03613240947,1.00076390909222
"Omega[16,8]",0.0107229902129196,0.002714321999376,0.221214676312768,-0.417714377277905,-0.143841611470883,0.0101644367340432,0.162643583061012,0.438107575697741,6642.09586968592,1.00003083136884
"Omega[16,9]",-0.0632489187836522,0.00284164252656049,0.217806434525485,-0.483595448842998,-0.215866958142004,-0.0620726038149004,0.0864668998328171,0.360996618836097,5874.92767236609,1.00030675769349
"Omega[16,10]",-0.0473537777539216,0.00273832623369736,0.217868522121833,-0.470659911833418,-0.199953885669693,-0.0474033737882524,0.105143054496111,0.374537868455277,6330.21704183239,1.00036262518019
"Omega[16,11]",-0.0569056073361947,0.00257979777062751,0.216336078944305,-0.469466256921738,-0.207310954559426,-0.0571174940537722,0.088176988793179,0.372218849300287,7032.12499442433,1.00055443089354
"Omega[16,12]",0.00152217164047247,0.0030954478754781,0.224880704534165,-0.437204235514453,-0.155776707920503,0.00211699972420581,0.156431437607647,0.437525116329006,5277.85428662372,0.999877886831384
"Omega[16,13]",-0.0107809209543528,0.00298373954012122,0.219823390955052,-0.427645771758061,-0.166847051483642,-0.0102182441729071,0.138976946295514,0.420191332479063,5427.82687179433,1.00048516892408
"Omega[16,14]",-0.0283776193994649,0.00275596237171764,0.213047513479213,-0.437674554676162,-0.174555239073916,-0.0305451566476247,0.118138335203295,0.398411356747067,5975.94198012683,1.00242453930356
"Omega[16,15]",-0.020100949998209,0.00274003463616581,0.21485512634838,-0.434641470951743,-0.169712213856147,-0.0220009693483535,0.126625469626396,0.403723691447853,6148.64380896099,1.00015995937913
"Omega[16,16]",1,1.53244788964056e-18,1.04110267752692e-16,1,1,1,1,1,4615.467487058,0.999499874937461
"Omega[16,17]",0.0609127475039002,0.00312705229087746,0.220486111118018,-0.368913743304947,-0.0925314732770326,0.0627598618810733,0.214245071513202,0.483500355803885,4971.55430748853,1.000249133358
"Omega[16,18]",0.032147721911006,0.00337097909060218,0.222545826182686,-0.396032523567561,-0.123841535519855,0.0333092681588968,0.188523862994148,0.459741554412778,4358.39702765284,1.00011266778545
"Omega[16,19]",-0.00168892297009224,0.00313120141186446,0.219458307961037,-0.430947646601117,-0.153498260983739,-0.00222050600566721,0.151711712539194,0.419969691310093,4912.26790824818,1.00010992779063
"Omega[17,1]",0.047465264742327,0.00215540070393027,0.217919734657694,-0.386461142493186,-0.10102043330169,0.0513055965677721,0.200018828749104,0.463766381452065,10222.0283745373,0.999780812865795
"Omega[17,2]",0.0307870945919114,0.00224210416139599,0.217266529134947,-0.38898709496655,-0.118387259006845,0.0292807880688132,0.180528160422326,0.451571390821884,9390.18359343257,0.999683184274572
"Omega[17,3]",-0.0728075701699009,0.00226498950374143,0.20747518011108,-0.473156992388065,-0.215974633541153,-0.0745238226576445,0.06735768028884,0.339012392532691,8390.7332181755,0.999835109450612
"Omega[17,4]",0.0254142133286509,0.00244678466431264,0.218874031976708,-0.3939399867095,-0.128843469214785,0.0236122268128253,0.18189611545043,0.447601961776157,8001.97107201406,0.999755759462147
"Omega[17,5]",-0.0153533839703044,0.00265227501368556,0.219654025624059,-0.448230476009479,-0.170485262997643,-0.014863613338965,0.140870125405632,0.407340314726288,6858.69082411105,0.999781862025459
"Omega[17,6]",-0.0016402668856908,0.00269982639168759,0.223283589784813,-0.433677398758977,-0.153353549431766,-0.000910666663481594,0.157775267919546,0.425486887801805,6839.77687908059,1.00003521241569
"Omega[17,7]",0.0456657834865935,0.0025316636929341,0.21945942908857,-0.382892813757673,-0.103713458839254,0.0487741317845632,0.193256699819534,0.473522871998291,7514.43727177876,0.999663054502164
"Omega[17,8]",0.0336650317177258,0.00277625097802729,0.222061955855433,-0.400274945505548,-0.120670206039259,0.0338439985033727,0.186255324018023,0.467426189280816,6397.80313147237,0.999808227661879
"Omega[17,9]",-0.00679324443028275,0.00264768376409163,0.219706733855626,-0.432685343606992,-0.160981258504333,-0.00646863930116216,0.143467155401159,0.423731757775647,6885.80169563599,1.000349509707
"Omega[17,10]",-0.0113914871679343,0.0028682918060692,0.223110617479883,-0.441325826722246,-0.165196090300058,-0.00983308528119149,0.142234485691333,0.412403479961804,6050.53547794084,0.999953262600164
"Omega[17,11]",-0.0574451225571466,0.0027047801852635,0.217865132973513,-0.475575956769595,-0.20992096153916,-0.0589805637426096,0.0950091139343929,0.363500788840408,6488.01000116917,1.0005229187056
"Omega[17,12]",0.0250904388445867,0.00308238350571161,0.220461627864868,-0.401163810055599,-0.12734259109663,0.0267868030315659,0.178451739324756,0.449795614907072,5115.55402608603,1.00014091479206
"Omega[17,13]",-0.000766540531612475,0.00311817436397044,0.225119681584518,-0.439836687954956,-0.154421615206984,-0.000116888807456268,0.154279530128182,0.440155169424669,5212.26080468421,1.00062263329672
"Omega[17,14]",0.022338226161654,0.002770595553759,0.215389426683314,-0.402965809309286,-0.122808105096254,0.023216557682724,0.176609359064458,0.433937393552095,6043.69438055763,1.0007272290456
"Omega[17,15]",0.0073333352253761,0.00285719496081697,0.215226619813495,-0.40787821781355,-0.140613777177985,0.00465241326402756,0.157389727769921,0.425035011097141,5674.29903168562,1.00016821347446
"Omega[17,16]",0.0609127475039002,0.00312705229087746,0.220486111118018,-0.368913743304947,-0.0925314732770326,0.0627598618810733,0.214245071513202,0.483500355803885,4971.55430748853,1.000249133358
"Omega[17,17]",1,1.67130541332512e-18,1.12106550593503e-16,1,1,1,1,1,4499.35582666089,0.999499874937461
"Omega[17,18]",-0.0152094937393987,0.00327622370587448,0.221920045351616,-0.442393889977145,-0.17144421787729,-0.0170616598558134,0.13729687733239,0.41393229530058,4588.23832394198,1.00014966877701
"Omega[17,19]",-0.0466437181016587,0.00306654411870791,0.215182057323422,-0.459277509318092,-0.197571496933733,-0.0467764264518248,0.102318828477332,0.362443852255047,4923.95047576013,0.99979031675589
"Omega[18,1]",-0.0106911891680311,0.00205714576305288,0.218236267234453,-0.439186017838378,-0.161374519886352,-0.00812613819769997,0.136726880037162,0.415531191769076,11254.4355482151,0.999714768627871
"Omega[18,2]",-0.0256539920283939,0.00214180377540818,0.223038667790071,-0.461515718425815,-0.17899422383554,-0.0251737144825497,0.128406556018404,0.407062047567673,10844.2860591894,1.00012381166561
"Omega[18,3]",0.0573347934849474,0.00227297172222384,0.213647954466814,-0.369902622094691,-0.0904410541327349,0.0566128263941139,0.207443210991096,0.466952655688277,8835.05815883778,1.00011373585885
"Omega[18,4]",0.0579796004156877,0.00232574938863913,0.219622353395674,-0.378785709645751,-0.0916544028254238,0.0610738855677612,0.213043254047345,0.477120869237808,8917.17420432855,0.999878232813937
"Omega[18,5]",0.0312000477588761,0.00225939860595701,0.22347177386437,-0.408611998434906,-0.124799018623647,0.030239752365107,0.186856916947281,0.463697343641533,9782.72036870791,0.999693278311189
"Omega[18,6]",0.0181701089706105,0.00254408194624838,0.22481100695581,-0.422014715158963,-0.139483802540487,0.017938561497112,0.176982753248881,0.441475421930182,7808.59592252641,0.99988132562981
"Omega[18,7]",0.0239631737143362,0.00354463234092068,0.227054511547704,-0.40889146027102,-0.134328213277888,0.0196470680361399,0.1792805153064,0.469976221024738,4103.1545942175,1.00050743191362
"Omega[18,8]",0.00219582277016944,0.00262103395293629,0.220927116044534,-0.422967137530518,-0.153579837659354,0.00325720070452933,0.154987834408478,0.435863358034265,7104.81465792346,0.999760059103327
"Omega[18,9]",0.00551577532785319,0.00301799812099413,0.223088901314381,-0.420675494651638,-0.149142015976611,0.00289554004173004,0.158327026385836,0.44008568874108,5464.09195167163,1.00009279484829
"Omega[18,10]",-0.0253815285101381,0.0028664714598874,0.224172845727592,-0.463389865913533,-0.181499486245749,-0.0243213808800514,0.130226338537765,0.418004841048731,6116.04631790239,1.00019789991478
"Omega[18,11]",-0.00651257397044405,0.00292934692818042,0.222509598368163,-0.432700780571875,-0.160983214535866,-0.00944504694458009,0.148702894135234,0.436749057232723,5769.73519630129,1.000414214321
"Omega[18,12]",0.0195164117757947,0.00341029131084598,0.225771460856905,-0.416710150984304,-0.141295216295357,0.0252443641299649,0.175602242166472,0.448376103869621,4382.83508156005,1.00063177695945
"Omega[18,13]",-0.0110117325028017,0.00306535931125066,0.223263215848285,-0.446522404142326,-0.166177952349602,-0.0143421365598624,0.146300300441811,0.424206417929767,5304.83127257042,0.999980025051596
"Omega[18,14]",-0.0854695282967888,0.00287704616149357,0.217685192404291,-0.495955012793029,-0.23747730971042,-0.0881575865922867,0.0659042984452513,0.351856708681659,5724.85005174592,1.00048989716878
"Omega[18,15]",-0.0406532772358308,0.00308175483848022,0.222403850511204,-0.464788966304007,-0.194942742091095,-0.0426047440928674,0.113228734830973,0.4034554571472,5208.2093266496,1.00132571162498
"Omega[18,16]",0.032147721911006,0.00337097909060218,0.222545826182686,-0.396032523567561,-0.123841535519855,0.0333092681588968,0.188523862994148,0.459741554412778,4358.39702765284,1.00011266778545
"Omega[18,17]",-0.0152094937393987,0.00327622370587448,0.221920045351616,-0.442393889977145,-0.17144421787729,-0.0170616598558134,0.13729687733239,0.41393229530058,4588.23832394198,1.00014966877701
"Omega[18,18]",1,1.44472863824897e-18,1.10813914049188e-16,1,1,1,1,1,5883.2326975873,0.999499874937461
"Omega[18,19]",0.0384336696468809,0.00323319844482377,0.21885060685883,-0.392105768271691,-0.108976981500228,0.0401217193710824,0.19452103393707,0.45300546654046,4581.74366438766,0.999960483615399
"Omega[19,1]",-0.0649541888839721,0.00245451213988551,0.217297376538219,-0.482144160548939,-0.216401636585804,-0.067811852254855,0.0834099975765545,0.358051063709538,7837.5188296078,0.999823961876799
"Omega[19,2]",-0.05685706502823,0.00230533416868029,0.214390667817884,-0.4662335877841,-0.205665690412377,-0.0594265598065397,0.0894354537757105,0.365976170788112,8648.5635240115,1.00038036419423
"Omega[19,3]",0.141313783417622,0.00229865007831957,0.20826408707052,-0.289274433292521,0.00165347241198807,0.151831424304577,0.287968949549438,0.516356757514666,8208.86372225078,0.999937613843972
"Omega[19,4]",0.091589297178309,0.00266189397032565,0.213989496288207,-0.335096249162067,-0.0602365510427618,0.09758633860319,0.243038426438386,0.492185397403643,6462.54243673638,1.00001908476656
"Omega[19,5]",0.0437268771225559,0.00232493365043162,0.216274172363923,-0.374369840206798,-0.106506247893948,0.0445212119013345,0.194658138492672,0.459671298188473,8653.42812288726,0.999952172077898
"Omega[19,6]",-0.0128718738272034,0.00263288461078006,0.221095965317126,-0.440814793419776,-0.170678082516177,-0.00765048416839149,0.141982503565103,0.407610866548407,7051.76746266958,0.999930793024694
"Omega[19,7]",-0.0694173147911287,0.0026728368504484,0.220513899976772,-0.494667859309479,-0.222344039208368,-0.0717991743051972,0.082767955422009,0.360861219523526,6806.55001018379,1.00000557480263
"Omega[19,8]",-0.0471068200612683,0.00282964996964131,0.219860297384521,-0.466743794753916,-0.201808859694807,-0.0505518784483507,0.100101496310562,0.384365504053294,6037.09749826279,1.00004639022761
"Omega[19,9]",-0.0293308546423747,0.00270393681498636,0.222088320210737,-0.468170405007356,-0.183198723879144,-0.0283472015900031,0.124086865621384,0.398751386307609,6746.18677318872,0.999780620597281
"Omega[19,10]",0.0458259008156199,0.00278560825785651,0.218912138317134,-0.382751314717999,-0.103960202973683,0.0490652610986281,0.199212843466061,0.465800705378223,6175.89073588233,1.00023135726968
"Omega[19,11]",0.00861896353410579,0.00297791110346099,0.217152496585855,-0.414165971203149,-0.14132209058453,0.0121994001419311,0.161687605384002,0.425615272882704,5317.48404439294,1.00026701025353
"Omega[19,12]",-0.017105824358771,0.0029653032904715,0.222050763875688,-0.451336394996331,-0.167310009844482,-0.0170747379299442,0.136872470566776,0.411821733028677,5607.46154629325,1.00092358282917
"Omega[19,13]",-0.0107577039454005,0.0029740098479244,0.221386956646156,-0.44543522809917,-0.161512565614799,-0.0104944317375794,0.1457422625201,0.41474316768084,5541.39687905694,1.00071574500042
"Omega[19,14]",-0.00373187354387636,0.00272884835250743,0.217247587433529,-0.422588231526532,-0.151345199256547,-0.00348158807483146,0.147275695976052,0.414993376740324,6337.98374481483,0.999809825644843
"Omega[19,15]",0.054030843737609,0.00279795613741446,0.210924445098968,-0.360359617682438,-0.0897988979018105,0.0554864671473073,0.198977614048169,0.462637227090145,5682.92633615821,0.999859109647515
"Omega[19,16]",-0.00168892297009224,0.00313120141186446,0.219458307961037,-0.430947646601117,-0.153498260983739,-0.00222050600566721,0.151711712539194,0.419969691310093,4912.26790824818,1.00010992779063
"Omega[19,17]",-0.0466437181016587,0.00306654411870791,0.215182057323422,-0.459277509318092,-0.197571496933733,-0.0467764264518248,0.102318828477332,0.362443852255047,4923.95047576013,0.99979031675589
"Omega[19,18]",0.0384336696468809,0.00323319844482377,0.21885060685883,-0.392105768271691,-0.108976981500228,0.0401217193710824,0.19452103393707,0.45300546654046,4581.74366438766,0.999960483615399
"Omega[19,19]",1,1.53576567652761e-18,1.21404523460787e-16,1,1,1,1,1,6249.13379277303,0.999499874937461
"Sigma[1,1]",0.0341154135865447,0.000399999457312756,0.0255494406493078,0.00457314002585878,0.016686416544043,0.0279894138456047,0.044757800807751,0.0997698152589132,4079.84805472811,0.999998448136259
"Sigma[1,2]",0.000675925596334535,0.000152782824406864,0.00883200113362582,-0.0184111284761003,-0.00341759213302192,0.000670463410911989,0.00466874002627452,0.018708572290255,3341.71311894802,1.00135197860237
"Sigma[1,3]",-0.000729203178876381,0.000153144314391457,0.0127952062435755,-0.0268493640247958,-0.00714777155970094,-0.000685633058930693,0.0052628110067045,0.0252710965408342,6980.60116464444,0.999772473160761
"Sigma[1,4]",-0.00321657783476869,0.000200618903240628,0.0135308936805691,-0.0328632561989038,-0.00931080228342602,-0.00203922049585335,0.00328144873158351,0.0239163058453459,4548.93005863172,1.00064268773025
"Sigma[1,5]",-0.0037890153598877,0.000132819689823883,0.0102652733310058,-0.028240208892778,-0.00814447244162884,-0.00260721080245385,0.00155890937513349,0.0147040934159978,5973.32455066017,0.999666009742217
"Sigma[1,6]",0.000483340808688317,7.01164954868511e-05,0.00654626124050092,-0.0126344585876302,-0.00277664719290223,0.000188552518626408,0.00340053395914416,0.0149697364065601,8716.58285215985,1.00012921449028
"Sigma[1,7]",0.00100971615322472,0.000191803224717699,0.00779194030709999,-0.0134550611325503,-0.002603317479859,0.00041770569819226,0.00410947331317957,0.0184093813056632,1650.36279510638,1.00161414656348
"Sigma[1,8]",0.000237438451245994,9.4617685043473e-05,0.00828172640152069,-0.0170398227108261,-0.0034048657154814,0.000141452862696138,0.00406688980303871,0.0169963510988002,7661.20566857857,1.00025844527441
"Sigma[1,9]",0.0013524575986299,9.29113781437782e-05,0.00815768612680786,-0.0150644726625863,-0.00266138821134984,0.000951779864617482,0.00518945353050483,0.019487128049077,7708.96686644442,1.00046647699284
"Sigma[1,10]",0.00211107387142967,9.86357196164641e-05,0.00867316405992433,-0.0140669015717972,-0.00206229017905862,0.00152693483775679,0.00584573020724001,0.0205473015097016,7731.90818441344,0.999852661382545
"Sigma[1,11]",0.00244104540107632,0.000194133358055233,0.0147612975791278,-0.0249659361497024,-0.00455223839624523,0.00134011387520539,0.00837651971642133,0.0366787484479967,5781.60925764149,1.00002392494769
"Sigma[1,12]",6.49855313271563e-05,8.92065644735298e-05,0.00646436790779603,-0.0134848126319951,-0.00280841940737626,7.19010977163869e-05,0.00300696545643781,0.0136068090185302,5251.19931662444,1.0002416656297
"Sigma[1,13]",-0.000167046046084348,8.14817625755917e-05,0.00708048367028469,-0.015027492779873,-0.00333051193631307,-0.000140196690315193,0.00315307009062391,0.0141861749916379,7551.00957976603,0.999760612660416
"Sigma[1,14]",0.0035497941566103,0.000261388929995715,0.0198318438467748,-0.0352346255026275,-0.00545339873720561,0.00213740375258462,0.0112672313835313,0.0495622819690401,5756.41115992541,1.00020337187297
"Sigma[1,15]",0.000236638069326489,0.000187855247384892,0.0150093101638742,-0.0311101930730579,-0.00671656327256558,5.58974543234308e-05,0.00697022094002427,0.0309331424404546,6383.73430384723,0.999646020861431
"Sigma[1,16]",0.000146053955878815,8.69831690064525e-05,0.0075226486819904,-0.0146951370939743,-0.00356715712872828,-0.000237985683548487,0.00355987279787686,0.0169714661373158,7479.47488581386,1.00009251708771
"Sigma[1,17]",0.00165520594307405,9.43847015579506e-05,0.00803204734657345,-0.0140740041728036,-0.00222056255589752,0.00109036156814127,0.00524216555769161,0.0193924598975404,7241.84634439623,0.999964323796245
"Sigma[1,18]",-0.000169296314078462,6.81308644008826e-05,0.00636528659253998,-0.0135496101294111,-0.00312147373114323,-0.000140359015102679,0.00267248732915633,0.01308992321563,8728.67103995514,0.999680079835167
"Sigma[1,19]",-0.00217967062916838,0.000107617698886551,0.00846066871117718,-0.0216027375090488,-0.00600470664042665,-0.00158021746338044,0.00214634406753412,0.0136745719356762,6180.76137507222,0.999662125706548
"Sigma[2,1]",0.000675925596334535,0.000152782824406864,0.00883200113362582,-0.0184111284761003,-0.00341759213302192,0.000670463410911989,0.00466874002627452,0.0187085722902551,3341.71311894802,1.00135197860237
"Sigma[2,2]",0.0430181906941883,0.000667793416523991,0.0403564541553706,0.00428135589981848,0.0182381038979088,0.0322048487241083,0.0537584472645006,0.15133635645312,3652.09221655488,1.00015954093771
"Sigma[2,3]",-0.00482509207164915,0.000199351550811715,0.0153490132658124,-0.039447974474544,-0.011511288835242,-0.00361709347365511,0.00273790712230919,0.0236650590521221,5928.18414983894,0.999699227536054
"Sigma[2,4]",-0.00316566004511205,0.000181381403046128,0.0155494441638916,-0.037515121176653,-0.00985767786116577,-0.00196314621829131,0.00401833814598129,0.0265299374788868,7349.27036338332,1.0001625677867
"Sigma[2,5]",0.000224267967822703,0.000170402893404064,0.0115363491568433,-0.0229243303385548,-0.00467322338415788,1.3049275358225e-05,0.00498723871577609,0.0251912026399705,4583.34822229938,1.00017117225122
"Sigma[2,6]",-0.000360105490032408,7.94356542788718e-05,0.00766244412701886,-0.0168199399200755,-0.00355135021414683,-0.000145679150080871,0.0029986788380568,0.0147874182756152,9304.7281145018,0.999787270674432
"Sigma[2,7]",0.000166331179941505,0.000125884689693609,0.00863739900016924,-0.018957719648684,-0.00343612538464838,0.000212829479791878,0.00390654243504352,0.017941536392711,4707.82311307404,1.00021242887008
"Sigma[2,8]",0.00231911685215125,0.000158058177880751,0.00958189735544882,-0.0144372453603247,-0.00245607885013306,0.0011425677346477,0.00595385474238681,0.0261331327484863,3675.09937075807,1.00046359816471
"Sigma[2,9]",0.00176046354087492,0.000130526560824821,0.00932277095777249,-0.0155388887335276,-0.00273519353901836,0.00100284592048797,0.00541579522528602,0.0227574201068398,5101.43360666588,1.00001196848427
"Sigma[2,10]",-8.94829952500417e-06,0.000113386284277515,0.0102476137877966,-0.0208385590391872,-0.00421831401205454,-4.09343834581171e-05,0.00399694261920327,0.0212619733533196,8168.16405276537,0.999837630696493
"Sigma[2,11]",-0.00168508153078509,0.0001997190041926,0.0163557382980702,-0.0322685210569055,-0.0085276621230356,-0.00194848114978205,0.00408399551292368,0.0329835129490975,6706.58636981877,0.999755772781832
"Sigma[2,12]",0.000394086514967007,9.23009619070026e-05,0.0074003584318877,-0.015234642205976,-0.0027618385562528,0.00030769361533954,0.00354820236030082,0.0157416043387346,6428.25440406131,1.00010486256183
"Sigma[2,13]",0.00127308953731452,9.25770358881666e-05,0.00787821657270887,-0.0139005285390539,-0.00232016072438052,0.00078504398411762,0.00458094279329169,0.0188631164939885,7241.84604374653,1.00082863959993
"Sigma[2,14]",-0.000341693915639923,0.000446168701271443,0.0249514200497428,-0.0528461340827181,-0.00913139824041133,0.00018183568985566,0.00921573623342941,0.0513030136371913,3127.46409487313,1.00106002115372
"Sigma[2,15]",-0.00148905110799816,0.000345014205869948,0.018404342356744,-0.0402535677499127,-0.0090718786636452,-0.00121446528495442,0.00588284634515833,0.0373261165174551,2845.55282300518,1.00190525551065
"Sigma[2,16]",-0.000298211519192743,0.000107444095181234,0.00877882128067218,-0.0196735509924848,-0.00406939019340955,2.72591817486714e-05,0.0038303326928867,0.0174014547191842,6675.86137111093,1.00032483941179
"Sigma[2,17]",0.000854596338854865,0.000113562649205148,0.00902061108551229,-0.0177638605152691,-0.00307340018216671,0.000649753530465111,0.00485513051007267,0.0200744481738915,6309.5863402944,1.00003330583202
"Sigma[2,18]",-0.0006556963279283,7.87756608296153e-05,0.0072878214349366,-0.0161699306330204,-0.00384246333790188,-0.000422145777000371,0.00256409595479693,0.0143328503261402,8558.7696123327,1.00009294938992
"Sigma[2,19]",-0.00185479601075881,0.000104676879685787,0.00924251173995294,-0.0222114911645292,-0.00603475134065153,-0.00143900139548431,0.00246653228911036,0.0169474082141555,7796.11946081022,1.00041325994206
"Sigma[3,1]",-0.000729203178876381,0.000153144314391457,0.0127952062435755,-0.0268493640247958,-0.00714777155970094,-0.000685633058930693,0.0052628110067045,0.0252710965408342,6980.60116464444,0.999772473160761
"Sigma[3,2]",-0.00482509207164915,0.000199351550811715,0.0153490132658124,-0.039447974474544,-0.0115112888352419,-0.00361709347365511,0.00273790712230919,0.0236650590521221,5928.18414983894,0.999699227536054
"Sigma[3,3]",0.103139181303972,0.00167563621450683,0.080397265243131,0.0160891632096103,0.0470492625210481,0.0814261701766681,0.133516519667387,0.312908660244065,2302.09412545674,1.00251176597745
"Sigma[3,4]",0.00494535712360668,0.000275923383327141,0.0240309025993146,-0.0395622658142288,-0.00636842970772646,0.00279285576754397,0.0145933588434053,0.0594399520015953,7585.13217656664,0.999920331429169
"Sigma[3,5]",0.00469119186385629,0.000205972715604909,0.0172043931409084,-0.0280223421824871,-0.00361006879896949,0.00345022388562988,0.0120742542976996,0.0433360171132097,6976.84904573271,1.00071561842483
"Sigma[3,6]",-0.000669879336072031,0.000123578531235921,0.0105218678560948,-0.0219471835046247,-0.00577169709942268,-0.000618097754940688,0.00451153368616264,0.0210435024584035,7249.35934628476,1.00035217739178
"Sigma[3,7]",-0.00359432884254855,0.00018156254490895,0.0123570026247685,-0.0327602279490898,-0.00898890055720203,-0.00242536456771698,0.0026541642002996,0.0190849472399585,4632.05550555119,1.00049315850532
"Sigma[3,8]",-0.00385180915026103,0.000148028418322202,0.0136807187503394,-0.033935826772339,-0.00992371622703345,-0.00312456942598631,0.00271019766530916,0.0220600280099652,8541.37190084394,0.999911803860535
"Sigma[3,9]",0.00277943538128865,0.000149276093384363,0.0134695360635355,-0.0234185607734405,-0.00398643638398714,0.00194613052457851,0.00894165004658362,0.0324510515095774,8141.88104689758,0.99990757590774
"Sigma[3,10]",0.00275132647650222,0.000173111612950481,0.0154601187328646,-0.0250715380071592,-0.00466224755506636,0.00161081615544819,0.00898889592955827,0.0375857495881278,7975.78143285846,1.00032502053251
"Sigma[3,11]",0.00469042470862799,0.000294648395297046,0.025349235667834,-0.0427545502826918,-0.00615605125143244,0.00315226172622238,0.0141304648697979,0.061644612161047,7401.53125780248,1.00050218411529
"Sigma[3,12]",-0.000143550430708839,0.00011487485264007,0.0103618202351533,-0.0219674242766494,-0.00518938022846052,-0.000141757328369265,0.00483488698131369,0.022164889199206,8136.21043222528,0.999795789854109
"Sigma[3,13]",-0.00201630438159786,0.000182327247030151,0.0116474406450796,-0.0286768568819535,-0.00709474895194191,-0.00125414473575054,0.00383305645140092,0.0208623433238603,4080.9179476871,1.00123245977833
"Sigma[3,14]",0.000530247093056582,0.000473706138355085,0.035710920211354,-0.0688742309091198,-0.0145745001985818,-0.00142015992521785,0.0130542505292288,0.082928688558756,5683.08377320538,1.0013590676104
"Sigma[3,15]",-0.00689726470793022,0.000315131818922527,0.0267227851232365,-0.0668166366249239,-0.0178008524358317,-0.00522718838341914,0.00496534058771696,0.0472707147831532,7190.82842854329,1.00011929637909
"Sigma[3,16]",-0.0042066461746223,0.000143544122332924,0.0124807733696036,-0.0317564395907009,-0.0102566461533047,-0.00315716558631259,0.00232652797968694,0.0193752936805236,7559.83237385663,0.999862464881555
"Sigma[3,17]",-0.00391032390032364,0.000156222958500199,0.0128471018463289,-0.0323267383075221,-0.00966187790792014,-0.0027787387925732,0.0027674749829034,0.0203621364242485,6762.70772038051,0.999747795426015
"Sigma[3,18]",0.00252986020707043,0.00011708451019904,0.0104793714147327,-0.0175481608094706,-0.0029514417931345,0.00175121139443148,0.00722617767719099,0.0254262278269216,8010.72050119828,1.00037940376558
"Sigma[3,19]",0.00840805394028188,0.00019395648853967,0.0148023189701516,-0.0166326127987093,5.28333308821023e-05,0.00641591365747376,0.0147970344441826,0.0428327171243132,5824.39594857887,1.00058264912728
"Sigma[4,1]",-0.00321657783476869,0.000200618903240628,0.0135308936805691,-0.0328632561989038,-0.00931080228342602,-0.00203922049585335,0.00328144873158351,0.0239163058453459,4548.93005863172,1.00064268773025
"Sigma[4,2]",-0.00316566004511205,0.000181381403046128,0.0155494441638916,-0.037515121176653,-0.00985767786116577,-0.00196314621829131,0.00401833814598129,0.0265299374788868,7349.27036338332,1.0001625677867
"Sigma[4,3]",0.00494535712360668,0.000275923383327141,0.0240309025993146,-0.0395622658142288,-0.00636842970772646,0.00279285576754397,0.0145933588434053,0.0594399520015953,7585.13217656664,0.999920331429169
"Sigma[4,4]",0.105212636194876,0.00205153624408983,0.0947619217725865,0.00812795354494163,0.0394362848340452,0.0791099794517802,0.14162496373991,0.352753644528122,2133.5819635188,1.00102906193476
"Sigma[4,5]",-0.000553297111798565,0.000236105089195281,0.0174363334960312,-0.0381312181538839,-0.00726210561581981,-3.13729742564835e-05,0.00702018240971234,0.0354245463270866,5453.80539630902,1.00012764703899
"Sigma[4,6]",-0.000607340200601758,0.000124476273949573,0.0110279289613365,-0.0248501480009252,-0.00565540172654377,-0.000278557425173756,0.00453612706370323,0.0211990556036368,7849.00779152516,0.999882861655233
"Sigma[4,7]",-0.00128101920940407,0.000151588279686783,0.0122520299009008,-0.0281820217293107,-0.00637700624308849,-0.000625280993161071,0.00440251242223507,0.0233455451299431,6532.58166064429,0.999903115169393
"Sigma[4,8]",2.77402328643539e-05,0.000155269942823535,0.0142385453435482,-0.029612226884865,-0.00609806359759321,-1.40574985016524e-06,0.00601092642727373,0.0292395618690786,8409.234416534,1.00027841846904
"Sigma[4,9]",-0.00289387521449355,0.000168676432676143,0.0139188970225903,-0.0340340260077962,-0.00901571640786001,-0.001945982655553,0.00365497642962906,0.0244094823744108,6809.27428483897,0.999700455706993
"Sigma[4,10]",-0.00377975953464124,0.000201942591543453,0.016017256290313,-0.0400916387930924,-0.0100944471626319,-0.00210144785981107,0.00365768920976068,0.0251166778956305,6291.01033825909,0.999791538838628
"Sigma[4,11]",-0.00240658662739906,0.000318987384801041,0.0256566581757545,-0.0576127364702295,-0.0118515485802401,-0.00158396120145461,0.0079687962974822,0.0470041002408937,6469.23846428328,1.00014450647525
"Sigma[4,12]",-0.00107442516646929,0.00012831877369181,0.0106767385429332,-0.0236347442299502,-0.00600471102399299,-0.000721203899853166,0.00386150323336614,0.0206012862991268,6923.03957517495,1.0010349964544
"Sigma[4,13]",-0.00277474708825358,0.000152798632316526,0.0120120531215529,-0.0300876238772936,-0.00786774469085878,-0.00157792055200195,0.00300003567009693,0.0197059208166725,6180.10073923349,1.00065566058574
"Sigma[4,14]",-0.0126846474335394,0.000538093945095425,0.0385224205196091,-0.105052519475629,-0.0258532790835299,-0.00649574747937223,0.00448703517418693,0.0529451543277641,5125.20127168625,1.00080327272329
"Sigma[4,15]",-0.00196904869066375,0.00037439032605863,0.0271550145128362,-0.0628114074307336,-0.0126268708422677,-0.00106358200166457,0.00969466933992809,0.0515416198743486,5260.78849413002,1.00096174834254
"Sigma[4,16]",0.00335830239130835,0.00019128511393432,0.013775297219739,-0.0228576403435291,-0.00346075609461618,0.00217560356852155,0.00922256450733846,0.0351516176167071,5186.0847333443,0.999916210570925
"Sigma[4,17]",0.00162980741199822,0.000153894942174412,0.0135860603889573,-0.0246179844384082,-0.00495684795159967,0.000830585090368182,0.00752991188742929,0.0313847286048768,7793.60494448612,0.999797130376803
"Sigma[4,18]",0.00289282491134082,0.000137444669819829,0.0111097438749945,-0.0177162772005298,-0.00262289523097721,0.00175128108122299,0.00749942346143767,0.0282575831855973,6533.59618410302,1.00009058467595
"Sigma[4,19]",0.00576114529635727,0.000209447842633206,0.0150620599946867,-0.019968994272409,-0.00213411287021886,0.00380333100102721,0.0118816965442382,0.0416104687728035,5171.50517396622,1.00060833551295
"Sigma[5,1]",-0.0037890153598877,0.000132819689823883,0.0102652733310058,-0.028240208892778,-0.00814447244162884,-0.00260721080245385,0.00155890937513349,0.0147040934159978,5973.32455066017,0.999666009742217
"Sigma[5,2]",0.000224267967822703,0.000170402893404064,0.0115363491568433,-0.0229243303385548,-0.00467322338415788,1.3049275358225e-05,0.00498723871577609,0.0251912026399705,4583.34822229938,1.00017117225122
"Sigma[5,3]",0.00469119186385629,0.000205972715604909,0.0172043931409084,-0.0280223421824871,-0.00361006879896949,0.00345022388562988,0.0120742542976996,0.0433360171132097,6976.84904573271,1.00071561842483
"Sigma[5,4]",-0.000553297111798565,0.000236105089195281,0.0174363334960312,-0.0381312181538839,-0.00726210561581981,-3.13729742564835e-05,0.00702018240971234,0.0354245463270866,5453.80539630902,1.00012764703899
"Sigma[5,5]",0.0560995143670154,0.000942412214318603,0.0527427804158232,0.00592490693005581,0.0228779605130463,0.0410326605026256,0.0715518982129408,0.195517442761754,3132.16208884902,1.00065835644646
"Sigma[5,6]",6.87314562231806e-05,0.000135855633194026,0.00832548387765634,-0.0175863702986799,-0.00376018686296147,1.67149981923216e-06,0.00375009457269882,0.0175073842916724,3755.46454634619,1.0002282596407
"Sigma[5,7]",-5.39841660046196e-07,0.000159806602984538,0.00968027469542425,-0.0193805476539862,-0.00418325345513612,-8.22273774833325e-05,0.00399248987238023,0.020597332213569,3669.32283142059,1.00120203536978
"Sigma[5,8]",-0.000993623800436508,0.000175075078636854,0.0109963003105064,-0.0243327184652051,-0.0056064438164079,-0.000651991352124797,0.00358636439899111,0.0215735570081691,3944.97743826339,1.00097378470206
"Sigma[5,9]",0.00158638255362242,0.000129968406384782,0.0104877992234458,-0.0185042565444133,-0.00330428850889376,0.000955206232848629,0.00602755821555472,0.0248161875994147,6511.6813737353,1.00007498549863
"Sigma[5,10]",-0.00184871583667459,0.000130164515665778,0.0110837895831337,-0.0251197583749945,-0.00670369271091328,-0.00134273461192304,0.00318307284124778,0.019669403733818,7250.89024647613,0.999782882057375
"Sigma[5,11]",-0.00560810512630343,0.000283435080433386,0.0204791786783937,-0.0541938680421879,-0.0119986785042835,-0.00257328136123198,0.00358621956701826,0.0271634425518403,5220.56933001136,1.00009428712461
"Sigma[5,12]",0.00178242134544965,0.000111597184315404,0.008588653347173,-0.014157468782182,-0.00231981704444664,0.00102620897712079,0.00517872947270422,0.0216384642702282,5923.02647872892,1.00021314060131
"Sigma[5,13]",0.00291277032466181,0.000151523608312157,0.00964528462508052,-0.0134368287432964,-0.0019694143296969,0.00159448503582309,0.00636366345428362,0.0259027115312478,4052.00047882435,1.00045944233285
"Sigma[5,14]",0.00441617593970571,0.000491722263696214,0.0283610830411979,-0.043621829014155,-0.00816266942509882,0.000969687110073194,0.0130737099877539,0.0732374656690629,3326.64056056581,1.00050463582925
"Sigma[5,15]",-0.00271940349949035,0.000257680197690103,0.0202225957811318,-0.0453535399143488,-0.011084060646057,-0.00219792525150452,0.00554635059789799,0.0379289595612673,6159.02138638852,1.00066819356891
"Sigma[5,16]",-0.0015588337236533,0.000155226644641651,0.0103634412902704,-0.0247614847672138,-0.00585186632037586,-0.000720945552547143,0.00329638720441953,0.0178094266837465,4457.33671814925,1.00066880324297
"Sigma[5,17]",-0.000163598896493734,0.000209319327863159,0.010672720885233,-0.0217403521094774,-0.00489984023430944,-0.000346778035057539,0.0041751342893985,0.0219374466116357,2599.75032169478,1.00064865421282
"Sigma[5,18]",0.00099219080284255,9.58640636652131e-05,0.00823484118625363,-0.0158085245331774,-0.00281856119667462,0.000596989298938588,0.00460056951850076,0.0191197370589103,7379.02168221033,0.999895729295743
"Sigma[5,19]",0.00195006807685119,0.000131394812265316,0.0109445660014354,-0.0189340493784705,-0.00320342092194338,0.00120147879972963,0.00647134450793532,0.0269415997225166,6938.10154438816,1.00045431343615
"Sigma[6,1]",0.000483340808688317,7.01164954868511e-05,0.00654626124050092,-0.0126344585876302,-0.00277664719290223,0.000188552518626408,0.00340053395914416,0.0149697364065601,8716.58285215985,1.00012921449028
"Sigma[6,2]",-0.000360105490032408,7.94356542788718e-05,0.00766244412701886,-0.0168199399200755,-0.00355135021414683,-0.000145679150080871,0.0029986788380568,0.0147874182756152,9304.7281145018,0.999787270674432
"Sigma[6,3]",-0.000669879336072031,0.000123578531235921,0.0105218678560948,-0.0219471835046247,-0.00577169709942268,-0.000618097754940688,0.00451153368616264,0.0210435024584035,7249.35934628476,1.00035217739178
"Sigma[6,4]",-0.000607340200601758,0.000124476273949573,0.0110279289613365,-0.0248501480009252,-0.00565540172654377,-0.000278557425173756,0.00453612706370323,0.0211990556036368,7849.00779152516,0.999882861655233
"Sigma[6,5]",6.87314562231806e-05,0.000135855633194026,0.00832548387765634,-0.0175863702986799,-0.00376018686296147,1.67149981923216e-06,0.00375009457269882,0.0175073842916724,3755.46454634619,1.0002282596407
"Sigma[6,6]",0.0236827125342095,0.000326063910126848,0.0201658804744133,0.0022872251271007,0.0099167364362508,0.0182580612055833,0.0310845927360023,0.0765508887576895,3824.97774800584,0.999925143109034
"Sigma[6,7]",0.00162695314546663,8.2419605191805e-05,0.00665845575228094,-0.0103295818038885,-0.00146467494545897,0.000903875725859811,0.00417947537666037,0.0173350871659025,6526.58466892598,1.00026197838109
"Sigma[6,8]",0.000595638882168355,0.000101363502184741,0.00703581211654905,-0.0137228130259622,-0.00252340247306798,0.000304149189912793,0.00359353864716204,0.0163242123552955,4817.98288065572,1.00015859810771
"Sigma[6,9]",-0.000849405400705716,7.68417665322585e-05,0.00682116853743861,-0.0152171077755915,-0.00386919033799613,-0.000555137396096607,0.00220816179067935,0.0126433868075479,7879.93943692552,0.999719903621109
"Sigma[6,10]",-9.39617354734222e-05,0.000113071611363878,0.00755689158832626,-0.0166953018915591,-0.00333215265261373,-0.000142214673125493,0.00315006961812776,0.0155033828688388,4466.62221056748,0.999747222425439
"Sigma[6,11]",0.00121697099781458,0.000148081289222686,0.0116678019006196,-0.0219747709110766,-0.00411421655538146,0.000700317575588499,0.00580670762715623,0.0263956355620421,6208.3718383029,1.00020411417521
"Sigma[6,12]",0.00061099142917927,6.50616722841894e-05,0.0056806802423817,-0.0110231177990244,-0.00196202074837178,0.000241457178343134,0.00292125180995684,0.0136578002181509,7623.42697764426,0.999719573155091
"Sigma[6,13]",0.000479880222033897,6.93295221518234e-05,0.0061095555580123,-0.0118514968181318,-0.00219954937695516,0.000218354841431581,0.00295891247605026,0.0135529573662779,7765.73959050029,0.999877308341981
"Sigma[6,14]",0.000982108838002558,0.000239672624716215,0.0164303119900364,-0.0326660036327472,-0.00636843084081851,0.00048999127959984,0.00793673187583917,0.0363212512244474,4699.53357231118,1.0000503824642
"Sigma[6,15]",0.00186772129108483,0.000154556230820744,0.0123972729333987,-0.0216678357007685,-0.00396229347847974,0.00111286897368982,0.00692874368587191,0.0301084069480588,6433.97381528996,0.999925798203722
"Sigma[6,16]",0.0013456765582419,7.77452390472561e-05,0.00663102340637365,-0.0112324139756563,-0.00197361346728643,0.0007916335311804,0.00421733432964746,0.0166973416339852,7274.67365253574,0.999794595842037
"Sigma[6,17]",4.3558034300279e-05,8.74628184488837e-05,0.00693817976854543,-0.014172566844982,-0.00304935415622886,-1.6337229386705e-05,0.00292995978297602,0.0146733561596842,6292.80334813942,1.00018808866845
"Sigma[6,18]",0.000474918370092245,7.28510026496341e-05,0.00579882305908559,-0.0110763656909856,-0.00204905604857402,0.000214395354485688,0.00277546625969671,0.0131314007268761,6335.90486688169,0.999933763563825
"Sigma[6,19]",-0.000540339125573925,8.66231995779371e-05,0.00719092706798225,-0.0163424507945289,-0.00364202772930045,-0.000140020511947909,0.00288337971969546,0.0135365559140415,6891.30268757791,0.999764078973241
"Sigma[7,1]",0.00100971615322472,0.000191803224717699,0.00779194030709999,-0.0134550611325503,-0.002603317479859,0.00041770569819226,0.00410947331317957,0.0184093813056632,1650.36279510638,1.00161414656348
"Sigma[7,2]",0.000166331179941505,0.000125884689693609,0.00863739900016924,-0.018957719648684,-0.00343612538464838,0.000212829479791877,0.00390654243504352,0.017941536392711,4707.82311307404,1.00021242887008
"Sigma[7,3]",-0.00359432884254855,0.00018156254490895,0.0123570026247685,-0.0327602279490898,-0.00898890055720204,-0.00242536456771698,0.0026541642002996,0.0190849472399585,4632.05550555119,1.00049315850532
"Sigma[7,4]",-0.00128101920940407,0.000151588279686783,0.0122520299009008,-0.0281820217293107,-0.00637700624308849,-0.000625280993161071,0.00440251242223507,0.0233455451299431,6532.5816606443,0.999903115169393
"Sigma[7,5]",-5.39841660046201e-07,0.000159806602984538,0.00968027469542425,-0.0193805476539862,-0.00418325345513612,-8.22273774833325e-05,0.00399248987238023,0.020597332213569,3669.32283142059,1.00120203536978
"Sigma[7,6]",0.00162695314546663,8.2419605191805e-05,0.00665845575228094,-0.0103295818038885,-0.00146467494545897,0.000903875725859811,0.00417947537666037,0.0173350871659025,6526.58466892598,1.00026197838109
"Sigma[7,7]",0.0304492453620817,0.000585109749495867,0.0285625210908627,0.00261653692000158,0.0117471432137901,0.0226894344893227,0.0399794750417389,0.107760961376177,2382.96907784915,1.00088723540415
"Sigma[7,8]",0.000849014807952436,9.55238274256518e-05,0.00796012230064761,-0.0156709292680195,-0.00260314669685668,0.000479842406337738,0.00429889129586805,0.0179119843202145,6944.10133797161,0.999906055615416
"Sigma[7,9]",-0.000368299099145956,9.93024876124576e-05,0.00798393340838994,-0.017350396636257,-0.00384686726332926,-0.00026151933854248,0.0030837513097863,0.016367890338057,6464.18170560955,1.0008982822489
"Sigma[7,10]",-0.000815283139903231,9.88310094087662e-05,0.0082532756948339,-0.0187602978068259,-0.00431333443365016,-0.000471253974187701,0.00291541873201038,0.0156081851219139,6973.74789309809,1.00003745556031
"Sigma[7,11]",0.000440888710190015,0.000218271248814259,0.0139050257546159,-0.0268602927726374,-0.00550107693707692,0.0001151053023311,0.00575490985422717,0.0310275069595959,4058.35962536824,1.00146705563965
"Sigma[7,12]",0.000495490711047523,7.54442812063672e-05,0.00626597348718858,-0.0127367275603382,-0.00226371231053857,0.000257067537023092,0.00317581628381362,0.0140170380699942,6898.02010083717,0.999947593188995
"Sigma[7,13]",-3.4357289226089e-05,9.19704470941219e-05,0.00695492531724239,-0.0149352649248633,-0.00283670114702368,-6.93644679137297e-06,0.0028605307864415,0.01424219843558,5718.58191223424,1.00031340691384
"Sigma[7,14]",0.000532456551102192,0.000233412281912814,0.0184318867815913,-0.0357440936999256,-0.00727922906192381,3.2811793750306e-05,0.00774279046932612,0.0398629366949708,6235.80002333867,1.00030104767447
"Sigma[7,15]",0.00335675192015773,0.000205921055630506,0.0152274371162274,-0.023305418580068,-0.00376971403805152,0.00171201127991386,0.00888611345390796,0.038256180306914,5468.29729138458,1.00055690305147
"Sigma[7,16]",0.00174068953168916,9.52947031856379e-05,0.00752992321727932,-0.0124391114418969,-0.00186366653585083,0.00110145402722999,0.00487038477159881,0.0193692798479244,6243.72220217611,1.00111489657353
"Sigma[7,17]",0.00161178608743971,0.000100731296266756,0.00795009882308285,-0.0126826132562135,-0.00208077463142874,0.000863953048357097,0.00478943004310299,0.0193000779892653,6228.96956421934,0.999625108810684
"Sigma[7,18]",0.000858441022786805,0.000230210733352333,0.0071129349851783,-0.0123243468209036,-0.00214018541847592,0.000260046707316434,0.00328754484234374,0.0159963402967483,954.655197940261,1.00412288234326
"Sigma[7,19]",-0.00274782755462699,0.000120079965667076,0.00878345561273685,-0.0245242653555362,-0.00599027754018443,-0.00145077488956605,0.0016863016160175,0.0117986138900518,5350.44263028406,1.00072174607323
"Sigma[8,1]",0.000237438451245994,9.4617685043473e-05,0.00828172640152069,-0.0170398227108261,-0.0034048657154814,0.000141452862696138,0.0040668898030387,0.0169963510988002,7661.20566857857,1.00025844527441
"Sigma[8,2]",0.00231911685215125,0.000158058177880751,0.00958189735544882,-0.0144372453603247,-0.00245607885013306,0.0011425677346477,0.00595385474238681,0.0261331327484863,3675.09937075807,1.00046359816471
"Sigma[8,3]",-0.00385180915026103,0.000148028418322202,0.0136807187503394,-0.033935826772339,-0.00992371622703345,-0.00312456942598631,0.00271019766530916,0.0220600280099652,8541.37190084394,0.999911803860535
"Sigma[8,4]",2.7740232864354e-05,0.000155269942823535,0.0142385453435482,-0.029612226884865,-0.00609806359759321,-1.40574985016524e-06,0.00601092642727373,0.0292395618690786,8409.23441653401,1.00027841846904
"Sigma[8,5]",-0.000993623800436508,0.000175075078636854,0.0109963003105064,-0.0243327184652051,-0.0056064438164079,-0.000651991352124797,0.00358636439899111,0.0215735570081691,3944.97743826339,1.00097378470206
"Sigma[8,6]",0.000595638882168355,0.000101363502184741,0.00703581211654905,-0.0137228130259622,-0.00252340247306798,0.000304149189912793,0.00359353864716204,0.0163242123552955,4817.98288065572,1.00015859810771
"Sigma[8,7]",0.000849014807952436,9.55238274256518e-05,0.00796012230064761,-0.0156709292680195,-0.00260314669685668,0.000479842406337738,0.00429889129586805,0.0179119843202145,6944.10133797161,0.999906055615416
"Sigma[8,8]",0.0377534832357982,0.000630768609950253,0.0368857014218306,0.00335391385787021,0.0144958231076227,0.0272008974403021,0.0484499786862836,0.135805725924652,3419.605033302,1.00063960210849
"Sigma[8,9]",0.00028466532502275,0.000110670830863642,0.00871832032466159,-0.0170311873526367,-0.00368033308450272,5.20902466093417e-05,0.00411412983818367,0.0188259170524826,6205.82182456934,1.00066100491689
"Sigma[8,10]",-0.000585389958842631,0.000129033102308405,0.00922442838092383,-0.0209141198036961,-0.00448363076797843,-0.000283668424494396,0.00346227621404001,0.0176671853864053,5110.65599008214,1.0009666977764
"Sigma[8,11]",0.0003621435080691,0.000199701327820815,0.015603202675371,-0.0283762197967836,-0.00634756994499812,-0.000191318374518287,0.00609175374798668,0.0330803077036524,6104.7178226771,1.00027800159535
"Sigma[8,12]",0.000582287084917903,9.01249294570304e-05,0.00715619580767535,-0.0135728358034271,-0.00246574056791893,0.000278582018211762,0.00349530762598315,0.0164248494099127,6304.84704130359,1.00020338850229
"Sigma[8,13]",0.000486007357072081,9.50080978332937e-05,0.00746687615641764,-0.0146650716576976,-0.00276116503829891,0.000246362102052295,0.00354161159754974,0.0169352182818586,6176.70201979191,1.00100621592472
"Sigma[8,14]",-0.00380307128724792,0.000294177357898258,0.0209201275128832,-0.0527753320498039,-0.0112884278984627,-0.0017536060334398,0.00528180288370403,0.0342114395832706,5057.2004561043,1.00128295177944
"Sigma[8,15]",-0.00112667942664403,0.000231581361707046,0.0168564647087695,-0.0369224292731863,-0.00798661737402354,-0.000516062517330278,0.00619445214371075,0.0315565003970515,5298.16872584368,1.00012129907449
"Sigma[8,16]",0.000122161605815492,0.000110884112164502,0.00852249260705648,-0.0183684653199668,-0.00347974804080041,0.000178851821420269,0.00388161204442843,0.0176527808808084,5907.37606956733,1.00030558364422
"Sigma[8,17]",0.00113607576102925,0.000113907832216585,0.0087155011774536,-0.0161003914362117,-0.00267527687229709,0.000680294639153632,0.0046375723038748,0.0200251596353743,5854.33483572367,0.999673334360259
"Sigma[8,18]",5.6891736477153e-05,8.06048177237999e-05,0.00677237028768496,-0.0134415363724602,-0.00287036110721481,4.43292176649965e-05,0.00299981963693522,0.0141620369313214,7059.26346525044,0.99988814061022
"Sigma[8,19]",-0.00160629174640738,0.000126706050245244,0.00898955965406791,-0.0221313096069576,-0.00540008116439474,-0.00116649894184421,0.00243200318907007,0.0167797915247861,5033.63975924996,1.00038814989221
"Sigma[9,1]",0.0013524575986299,9.29113781437782e-05,0.00815768612680786,-0.0150644726625863,-0.00266138821134984,0.000951779864617482,0.00518945353050483,0.019487128049077,7708.96686644442,1.00046647699284
"Sigma[9,2]",0.00176046354087492,0.000130526560824821,0.00932277095777249,-0.0155388887335276,-0.00273519353901836,0.00100284592048797,0.00541579522528602,0.0227574201068398,5101.43360666588,1.00001196848427
"Sigma[9,3]",0.00277943538128865,0.000149276093384363,0.0134695360635355,-0.0234185607734405,-0.00398643638398714,0.00194613052457851,0.00894165004658362,0.0324510515095774,8141.88104689758,0.99990757590774
"Sigma[9,4]",-0.00289387521449355,0.000168676432676143,0.0139188970225903,-0.0340340260077962,-0.00901571640786001,-0.001945982655553,0.00365497642962906,0.0244094823744108,6809.27428483896,0.999700455706993
"Sigma[9,5]",0.00158638255362242,0.000129968406384782,0.0104877992234458,-0.0185042565444133,-0.00330428850889376,0.000955206232848629,0.00602755821555472,0.0248161875994147,6511.6813737353,1.00007498549863
"Sigma[9,6]",-0.000849405400705716,7.68417665322585e-05,0.00682116853743861,-0.0152171077755915,-0.00386919033799613,-0.000555137396096607,0.00220816179067935,0.0126433868075479,7879.93943692552,0.999719903621109
"Sigma[9,7]",-0.000368299099145956,9.93024876124576e-05,0.00798393340838994,-0.017350396636257,-0.00384686726332926,-0.00026151933854248,0.0030837513097863,0.016367890338057,6464.18170560956,1.0008982822489
"Sigma[9,8]",0.00028466532502275,0.000110670830863642,0.00871832032466159,-0.0170311873526367,-0.00368033308450272,5.20902466093417e-05,0.00411412983818367,0.0188259170524826,6205.82182456934,1.00066100491689
"Sigma[9,9]",0.0365314318588171,0.000444615783019022,0.031196830498412,0.00406917396367852,0.0165072397896886,0.0284050067539435,0.0469080521964791,0.116924392928011,4923.24213781001,1.00061948103044
"Sigma[9,10]",0.000268462527439333,0.000145634891078234,0.00927727823230645,-0.0194170175141973,-0.00383026276391027,0.000295939673831873,0.00447983731307914,0.0194593586128915,4057.9836467403,1.00025205495115
"Sigma[9,11]",0.000476467961472523,0.000193699825271717,0.0151225133825178,-0.0302555243117245,-0.00586750969502509,0.000199415145324886,0.00650345895399951,0.0329025465357034,6095.22156468206,1.00002500278055
"Sigma[9,12]",0.000503628200768342,8.05811008145514e-05,0.00666797966309444,-0.0130663805671839,-0.00256631819000836,0.000395407209591831,0.00340249784202766,0.0144877212909513,6847.34391387985,1.00035796124659
"Sigma[9,13]",0.00126901026296831,9.82784298262578e-05,0.00733921884165811,-0.0130105766136481,-0.00239418572721329,0.000707680076474465,0.00454995114895718,0.0174776652669428,5576.77672276615,0.999734167773628
"Sigma[9,14]",0.000541893163290624,0.00026348229621692,0.0206753328643412,-0.0423165382502093,-0.00782072170253568,0.00038557156813945,0.00906424058746243,0.0425292045850108,6157.46768454521,1.00096291056364
"Sigma[9,15]",-0.00385295942831276,0.000211405360054899,0.0164678542374531,-0.0397368001098854,-0.0106680079026579,-0.00295830608474991,0.00369521549382437,0.0281054832377104,6067.95064557069,0.999965475921287
"Sigma[9,16]",-0.00202609532922784,0.000109684277141512,0.00807048700177363,-0.0198967671837024,-0.00565191225774351,-0.00139558671234449,0.00197827704154058,0.0130071526826717,5413.90623571378,0.999908716720277
"Sigma[9,17]",-0.000304678513335141,0.000101830037087436,0.00819565264363613,-0.018273191918651,-0.00402624685471825,-0.000135669144565807,0.00336586079865396,0.0165707197250453,6477.61725215127,1.00006661082051
"Sigma[9,18]",0.000258189643093446,0.00011620828535853,0.00694245860260476,-0.013949862499792,-0.00277277864038626,4.36555809733028e-05,0.0030832717695559,0.015704038943151,3569.04818238599,1.00046800245228
"Sigma[9,19]",-0.00101750635927959,0.000110288306755611,0.0089197453431245,-0.0206529272506753,-0.00497668749793403,-0.000658562792571217,0.00317741124105365,0.0163757494859905,6541.02746786561,0.999702991712883
"Sigma[10,1]",0.00211107387142967,9.86357196164641e-05,0.00867316405992433,-0.0140669015717972,-0.00206229017905862,0.00152693483775679,0.00584573020724001,0.0205473015097016,7731.90818441344,0.999852661382545
"Sigma[10,2]",-8.94829952500416e-06,0.000113386284277515,0.0102476137877966,-0.0208385590391872,-0.00421831401205454,-4.09343834581171e-05,0.00399694261920327,0.0212619733533196,8168.16405276537,0.999837630696493
"Sigma[10,3]",0.00275132647650222,0.000173111612950481,0.0154601187328646,-0.0250715380071592,-0.00466224755506636,0.0016108161554482,0.00898889592955827,0.0375857495881278,7975.78143285847,1.00032502053251
"Sigma[10,4]",-0.00377975953464124,0.000201942591543453,0.016017256290313,-0.0400916387930924,-0.0100944471626319,-0.00210144785981107,0.00365768920976068,0.0251166778956305,6291.01033825909,0.999791538838628
"Sigma[10,5]",-0.00184871583667459,0.000130164515665778,0.0110837895831337,-0.0251197583749945,-0.00670369271091328,-0.00134273461192304,0.00318307284124778,0.019669403733818,7250.89024647613,0.999782882057375
"Sigma[10,6]",-9.39617354734222e-05,0.000113071611363878,0.00755689158832626,-0.0166953018915591,-0.00333215265261373,-0.000142214673125493,0.00315006961812776,0.0155033828688388,4466.62221056748,0.999747222425439
"Sigma[10,7]",-0.000815283139903231,9.88310094087662e-05,0.0082532756948339,-0.0187602978068259,-0.00431333443365016,-0.000471253974187701,0.00291541873201038,0.0156081851219139,6973.74789309809,1.00003745556031
"Sigma[10,8]",-0.000585389958842631,0.000129033102308405,0.00922442838092383,-0.0209141198036961,-0.00448363076797843,-0.000283668424494396,0.00346227621404001,0.0176671853864053,5110.65599008214,1.0009666977764
"Sigma[10,9]",0.000268462527439333,0.000145634891078234,0.00927727823230645,-0.0194170175141973,-0.00383026276391027,0.000295939673831873,0.00447983731307914,0.0194593586128915,4057.9836467403,1.00025205495115
"Sigma[10,10]",0.0429334490308649,0.000599888393958369,0.0396082687236769,0.0043189135723738,0.0176835795632743,0.0320306446459653,0.0548556384910784,0.151813208587674,4359.44095812521,1.00075752557915
"Sigma[10,11]",0.00130876009615681,0.00020001838800973,0.0161201483553827,-0.0294179316480209,-0.00551745071033211,0.00086007735946948,0.00773355450485604,0.0355746641165414,6495.28516641581,0.999598540100103
"Sigma[10,12]",-0.000261328395345265,9.0826814084675e-05,0.00712465028544349,-0.0157616879615629,-0.00336114453018967,-0.000110261565409953,0.00293120595255237,0.0141441968430633,6153.17039742052,0.999878594404507
"Sigma[10,13]",-0.000312209560080851,0.000100023213624675,0.00785569421875351,-0.0167899853015497,-0.00364684000661357,-0.000171429109345668,0.00317094938828752,0.015476882887861,6168.32904795364,0.999783222181416
"Sigma[10,14]",0.00601251734578755,0.000317437400991081,0.0238608285554421,-0.0373322066645413,-0.00434691899194799,0.00346239161903802,0.0144720895056883,0.061642824820292,5650.08330452941,1.00085058458274
"Sigma[10,15]",0.0101129284071482,0.000358087287305906,0.0204507410174996,-0.0184695155836848,-0.00111305538724934,0.00571860407657905,0.0171081504230444,0.0627313368661891,3261.67204735212,1.0002857363577
"Sigma[10,16]",-0.00166869451512996,0.000115616432272929,0.00887637343544181,-0.0205284029734586,-0.00550216682156389,-0.00104939322081072,0.00259945645602026,0.0150764919183635,5894.29683149515,0.999836865341421
"Sigma[10,17]",-0.000471116182090404,0.000118705380059681,0.00898282395916856,-0.0197660037211367,-0.00440972110196049,-0.00021197366085434,0.00370406674959512,0.0176720072806635,5726.44338891157,0.999781495363157
"Sigma[10,18]",-0.000711040756131661,9.80653010084608e-05,0.00736032638756113,-0.0168028934183503,-0.00387046105922107,-0.00039948322524741,0.00261244095752367,0.014744693590103,5633.30693746956,1.0001029881729
"Sigma[10,19]",0.00229396204766402,0.000138370312207233,0.0103271674808252,-0.0157453841918783,-0.00270114988178817,0.00114236664829262,0.00610984770961691,0.0257225448735918,5570.27451686777,1.0007775642365
"Sigma[11,1]",0.00244104540107632,0.000194133358055233,0.0147612975791278,-0.0249659361497024,-0.00455223839624523,0.00134011387520539,0.00837651971642133,0.0366787484479967,5781.60925764149,1.00002392494769
"Sigma[11,2]",-0.00168508153078509,0.0001997190041926,0.0163557382980702,-0.0322685210569055,-0.0085276621230356,-0.00194848114978205,0.00408399551292368,0.0329835129490975,6706.58636981877,0.999755772781832
"Sigma[11,3]",0.00469042470862799,0.000294648395297046,0.025349235667834,-0.0427545502826918,-0.00615605125143244,0.00315226172622238,0.0141304648697979,0.061644612161047,7401.53125780248,1.00050218411529
"Sigma[11,4]",-0.00240658662739906,0.000318987384801041,0.0256566581757545,-0.0576127364702295,-0.0118515485802401,-0.00158396120145461,0.0079687962974822,0.0470041002408937,6469.23846428328,1.00014450647525
"Sigma[11,5]",-0.00560810512630343,0.000283435080433386,0.0204791786783937,-0.0541938680421879,-0.0119986785042835,-0.00257328136123198,0.00358621956701826,0.0271634425518403,5220.56933001136,1.00009428712461
"Sigma[11,6]",0.00121697099781458,0.000148081289222686,0.0116678019006196,-0.0219747709110766,-0.00411421655538146,0.000700317575588499,0.00580670762715623,0.0263956355620421,6208.3718383029,1.00020411417521
"Sigma[11,7]",0.000440888710190015,0.000218271248814259,0.0139050257546159,-0.0268602927726374,-0.00550107693707692,0.0001151053023311,0.00575490985422717,0.0310275069595959,4058.35962536824,1.00146705563965
"Sigma[11,8]",0.0003621435080691,0.000199701327820815,0.015603202675371,-0.0283762197967836,-0.00634756994499812,-0.000191318374518287,0.00609175374798668,0.0330803077036523,6104.7178226771,1.00027800159535
"Sigma[11,9]",0.000476467961472523,0.000193699825271717,0.0151225133825178,-0.0302555243117245,-0.00586750969502509,0.000199415145324885,0.00650345895399951,0.0329025465357034,6095.22156468206,1.00002500278055
"Sigma[11,10]",0.00130876009615681,0.00020001838800973,0.0161201483553827,-0.0294179316480209,-0.00551745071033211,0.00086007735946948,0.00773355450485604,0.0355746641165414,6495.28516641581,0.999598540100103
"Sigma[11,11]",0.117942255684948,0.00361673803541928,0.141617612348023,0.0107455920782705,0.0373014082114991,0.0716201490230714,0.138092414155063,0.524164539218152,1533.20571376039,1.00203050379575
"Sigma[11,12]",-0.00100910389510523,0.00015793766887293,0.01148742039945,-0.0264275992252226,-0.00577879518848916,-0.000510193130318813,0.00409448156735352,0.0217586677035804,5290.21816947475,0.999999575017873
"Sigma[11,13]",-0.000585341768944744,0.000175447346493324,0.0127125460022803,-0.0269676308511179,-0.00575664355342701,-0.000331289405798367,0.00478408577814664,0.0245605842513843,5250.1470368422,1.00005376332222
"Sigma[11,14]",-0.00339342212079953,0.000510475661211301,0.040920822884412,-0.0914366592033066,-0.0156288455151061,-0.00103371138077698,0.0108037720153347,0.0747445528251026,6425.96914911267,1.00029856027742
"Sigma[11,15]",0.00315818163662689,0.000357354057001859,0.0303612048220335,-0.0578423777743593,-0.0075186823452048,0.0024300405841215,0.0141043257757272,0.0641755647768958,7218.39376735059,0.999573629466193
"Sigma[11,16]",-0.00303183656560197,0.000177292704508244,0.0145605098938554,-0.0340712379105425,-0.00884911072259155,-0.001990039138931,0.00343104457592315,0.0242590041205652,6744.83667168111,1.00045489568067
"Sigma[11,17]",-0.00289217845362327,0.000184598493347801,0.0151816111764893,-0.0356349773096351,-0.00873900172539131,-0.00195776694483834,0.00353629639560591,0.0261182295791425,6763.62350045755,1.00071481094063
"Sigma[11,18]",-0.000333391965106143,0.00015447559605715,0.0116019548702301,-0.024919190966375,-0.00519446769371963,-0.000228590563049391,0.00462899989577558,0.0237936812415973,5640.82445235954,1.00056452071728
"Sigma[11,19]",-0.000879728842208519,0.000238328888404874,0.0162093556723269,-0.0372740721282444,-0.00641885140414855,0.000418719072918983,0.00657607884393401,0.0297306899830023,4625.70709062654,1.00025402864218
"Sigma[12,1]",6.49855313271563e-05,8.92065644735298e-05,0.00646436790779603,-0.0134848126319951,-0.00280841940737626,7.19010977163869e-05,0.00300696545643781,0.0136068090185302,5251.19931662444,1.0002416656297
"Sigma[12,2]",0.000394086514967007,9.23009619070026e-05,0.0074003584318877,-0.015234642205976,-0.0027618385562528,0.00030769361533954,0.00354820236030082,0.0157416043387346,6428.25440406131,1.00010486256183
"Sigma[12,3]",-0.000143550430708839,0.00011487485264007,0.0103618202351533,-0.0219674242766494,-0.00518938022846052,-0.000141757328369265,0.00483488698131369,0.022164889199206,8136.21043222527,0.999795789854109
"Sigma[12,4]",-0.00107442516646929,0.00012831877369181,0.0106767385429332,-0.0236347442299502,-0.00600471102399299,-0.000721203899853166,0.00386150323336614,0.0206012862991268,6923.03957517496,1.0010349964544
"Sigma[12,5]",0.00178242134544965,0.000111597184315404,0.008588653347173,-0.014157468782182,-0.00231981704444664,0.00102620897712079,0.00517872947270422,0.0216384642702282,5923.02647872891,1.00021314060131
"Sigma[12,6]",0.00061099142917927,6.50616722841894e-05,0.0056806802423817,-0.0110231177990244,-0.00196202074837178,0.000241457178343134,0.00292125180995684,0.0136578002181509,7623.42697764426,0.999719573155091
"Sigma[12,7]",0.000495490711047523,7.54442812063672e-05,0.00626597348718858,-0.0127367275603382,-0.00226371231053857,0.000257067537023092,0.00317581628381362,0.0140170380699942,6898.02010083717,0.999947593188995
"Sigma[12,8]",0.000582287084917903,9.01249294570304e-05,0.00715619580767535,-0.0135728358034271,-0.00246574056791893,0.000278582018211762,0.00349530762598315,0.0164248494099127,6304.84704130359,1.00020338850229
"Sigma[12,9]",0.000503628200768342,8.05811008145514e-05,0.00666797966309444,-0.0130663805671839,-0.00256631819000836,0.000395407209591832,0.00340249784202766,0.0144877212909512,6847.34391387985,1.00035796124659
"Sigma[12,10]",-0.000261328395345265,9.0826814084675e-05,0.00712465028544349,-0.0157616879615629,-0.00336114453018967,-0.000110261565409953,0.00293120595255237,0.0141441968430633,6153.17039742052,0.999878594404507
"Sigma[12,11]",-0.00100910389510523,0.00015793766887293,0.01148742039945,-0.0264275992252226,-0.00577879518848916,-0.000510193130318813,0.00409448156735352,0.0217586677035804,5290.21816947475,0.999999575017873
"Sigma[12,12]",0.022352207457873,0.000286353658409873,0.0198623564068121,0.0021118758527464,0.00922990107374448,0.017003502068398,0.0294374859599156,0.0730319321817413,4811.22945015992,0.999823458672654
"Sigma[12,13]",0.00125796348362273,8.4904666950938e-05,0.00598372004585551,-0.00995961768428422,-0.00153371645768577,0.000616268862032692,0.00373276256188294,0.0151735932145815,4966.83127827835,0.999985020053191
"Sigma[12,14]",-0.00150271528115591,0.000236285818165409,0.0160939420580138,-0.0361733692420592,-0.00787410662677566,-0.00105423867106289,0.00534573603802455,0.0308134353671641,4639.26899498748,1.0006503255146
"Sigma[12,15]",-0.000697523433820193,0.000154184455305533,0.0124270734477938,-0.0256023982065166,-0.00627668206551453,-0.000804092828781491,0.0046627898639509,0.0259441020675229,6496.15754048708,1.00017430270292
"Sigma[12,16]",0.000100083613471401,9.07815922031576e-05,0.00651015949094633,-0.013253811039617,-0.00288128717839659,3.11152049119853e-05,0.00301616929188405,0.0135438660681151,5142.65826288763,0.999838801610038
"Sigma[12,17]",0.000913153577630559,0.000123822950225623,0.00674759668868746,-0.011856004774007,-0.00231565660030274,0.000386224515897288,0.00364648976102604,0.0167483615888585,2969.58621226381,1.00074999966937
"Sigma[12,18]",0.000391966320961698,0.000102305221107738,0.00567081393782758,-0.0117979996218536,-0.0020327948637287,0.000284390091247224,0.00265999580655813,0.0128754388571051,3072.5234031232,1.0014682267869
"Sigma[12,19]",-0.0003927857778355,8.92945734843788e-05,0.00695512158277569,-0.0152088903018503,-0.00345199939105835,-0.000298091866391621,0.00272433264817441,0.0141352987954919,6066.79497281286,1.00053540872138
"Sigma[13,1]",-0.000167046046084348,8.14817625755917e-05,0.00708048367028469,-0.015027492779873,-0.00333051193631307,-0.000140196690315193,0.00315307009062391,0.0141861749916379,7551.00957976603,0.999760612660416
"Sigma[13,2]",0.00127308953731452,9.25770358881666e-05,0.00787821657270887,-0.0139005285390539,-0.00232016072438052,0.00078504398411762,0.00458094279329169,0.0188631164939885,7241.84604374653,1.00082863959993
"Sigma[13,3]",-0.00201630438159786,0.000182327247030151,0.0116474406450796,-0.0286768568819535,-0.00709474895194191,-0.00125414473575054,0.00383305645140092,0.0208623433238603,4080.9179476871,1.00123245977833
"Sigma[13,4]",-0.00277474708825358,0.000152798632316526,0.0120120531215529,-0.0300876238772936,-0.00786774469085878,-0.00157792055200195,0.00300003567009693,0.0197059208166725,6180.10073923349,1.00065566058574
"Sigma[13,5]",0.00291277032466181,0.000151523608312157,0.00964528462508052,-0.0134368287432964,-0.0019694143296969,0.00159448503582309,0.00636366345428362,0.0259027115312478,4052.00047882435,1.00045944233285
"Sigma[13,6]",0.000479880222033897,6.93295221518234e-05,0.0061095555580123,-0.0118514968181318,-0.00219954937695516,0.000218354841431581,0.00295891247605026,0.0135529573662779,7765.73959050029,0.999877308341981
"Sigma[13,7]",-3.4357289226089e-05,9.19704470941219e-05,0.00695492531724239,-0.0149352649248633,-0.00283670114702368,-6.93644679137297e-06,0.0028605307864415,0.01424219843558,5718.58191223424,1.00031340691384
"Sigma[13,8]",0.000486007357072081,9.50080978332937e-05,0.00746687615641764,-0.0146650716576976,-0.00276116503829891,0.000246362102052295,0.00354161159754974,0.0169352182818586,6176.70201979191,1.00100621592472
"Sigma[13,9]",0.00126901026296831,9.82784298262578e-05,0.00733921884165811,-0.0130105766136481,-0.00239418572721329,0.000707680076474465,0.00454995114895718,0.0174776652669428,5576.77672276615,0.999734167773628
"Sigma[13,10]",-0.000312209560080851,0.000100023213624675,0.00785569421875351,-0.0167899853015497,-0.00364684000661357,-0.000171429109345668,0.00317094938828752,0.015476882887861,6168.32904795364,0.999783222181416
"Sigma[13,11]",-0.000585341768944744,0.000175447346493324,0.0127125460022803,-0.0269676308511179,-0.00575664355342701,-0.000331289405798367,0.00478408577814664,0.0245605842513843,5250.1470368422,1.00005376332222
"Sigma[13,12]",0.00125796348362273,8.4904666950938e-05,0.00598372004585551,-0.00995961768428421,-0.00153371645768577,0.000616268862032692,0.00373276256188294,0.0151735932145815,4966.83127827835,0.999985020053191
"Sigma[13,13]",0.0264316406661374,0.00039880320775455,0.0226788755319646,0.00253254191764959,0.0108534387267148,0.0204302587675605,0.0348304836490805,0.0832810658081839,3233.89376647746,1.00044180105886
"Sigma[13,14]",0.0020001241284911,0.000238509256758556,0.0167844344904624,-0.0304166929312573,-0.0054156409955878,0.00116970241916147,0.00913293270205929,0.0385966020530667,4952.25442366403,1.00119592689322
"Sigma[13,15]",-0.00100518785814894,0.000173236390244189,0.0133947788010657,-0.0297353557507455,-0.00686763690952574,-0.000810792452690204,0.00507136499013157,0.0262165641143583,5978.50836060744,1.00006005240967
"Sigma[13,16]",-0.000329146091278999,9.23425920754998e-05,0.00693265975721454,-0.0147970661287722,-0.00348110313701273,-0.00017881634998632,0.00293061228590391,0.0136238616323757,5636.32010811043,1.00065738721603
"Sigma[13,17]",8.04112386176032e-05,9.96409337898403e-05,0.00739501137283312,-0.0155061287848225,-0.00325364644548146,-1.88260203957301e-06,0.00317654070333835,0.0160862867378721,5508.10378427311,1.00027749123309
"Sigma[13,18]",-0.000335748731347978,7.85566880466596e-05,0.00589924303584572,-0.0132065807925475,-0.00283139750187059,-0.000177457655077309,0.0023245133441143,0.0116718396029668,5639.31360318652,0.999900068253226
"Sigma[13,19]",-0.000292949200564534,0.000101075353842352,0.00746304021608334,-0.016120173825477,-0.00372695188531369,-0.000190496382042515,0.00327891775577739,0.0151686027608326,5451.81390599029,1.00039744442374
"Sigma[14,1]",0.0035497941566103,0.000261388929995715,0.0198318438467748,-0.0352346255026275,-0.0054533987372056,0.00213740375258462,0.0112672313835313,0.0495622819690401,5756.41115992541,1.00020337187297
"Sigma[14,2]",-0.000341693915639923,0.000446168701271442,0.0249514200497428,-0.0528461340827181,-0.00913139824041133,0.00018183568985566,0.00921573623342941,0.0513030136371913,3127.46409487313,1.00106002115372
"Sigma[14,3]",0.000530247093056582,0.000473706138355085,0.035710920211354,-0.0688742309091198,-0.0145745001985818,-0.00142015992521785,0.0130542505292288,0.082928688558756,5683.08377320538,1.0013590676104
"Sigma[14,4]",-0.0126846474335394,0.000538093945095425,0.0385224205196091,-0.105052519475629,-0.0258532790835299,-0.00649574747937223,0.00448703517418693,0.0529451543277641,5125.20127168625,1.00080327272329
"Sigma[14,5]",0.00441617593970571,0.000491722263696214,0.0283610830411979,-0.043621829014155,-0.00816266942509882,0.000969687110073194,0.0130737099877539,0.0732374656690629,3326.64056056581,1.00050463582925
"Sigma[14,6]",0.000982108838002558,0.000239672624716215,0.0164303119900364,-0.0326660036327472,-0.00636843084081851,0.00048999127959984,0.00793673187583917,0.0363212512244474,4699.53357231118,1.0000503824642
"Sigma[14,7]",0.000532456551102192,0.000233412281912814,0.0184318867815913,-0.0357440936999256,-0.00727922906192381,3.2811793750306e-05,0.00774279046932612,0.0398629366949708,6235.80002333867,1.00030104767447
"Sigma[14,8]",-0.00380307128724792,0.000294177357898258,0.0209201275128832,-0.0527753320498039,-0.0112884278984627,-0.0017536060334398,0.00528180288370403,0.0342114395832706,5057.2004561043,1.00128295177944
"Sigma[14,9]",0.000541893163290624,0.00026348229621692,0.0206753328643412,-0.0423165382502093,-0.00782072170253568,0.00038557156813945,0.00906424058746243,0.0425292045850108,6157.46768454521,1.00096291056364
"Sigma[14,10]",0.00601251734578755,0.000317437400991081,0.0238608285554421,-0.0373322066645413,-0.00434691899194799,0.00346239161903802,0.0144720895056883,0.061642824820292,5650.08330452941,1.00085058458274
"Sigma[14,11]",-0.00339342212079953,0.000510475661211301,0.040920822884412,-0.0914366592033066,-0.0156288455151061,-0.00103371138077698,0.0108037720153347,0.0747445528251026,6425.96914911267,1.00029856027742
"Sigma[14,12]",-0.00150271528115591,0.000236285818165409,0.0160939420580138,-0.0361733692420592,-0.00787410662677566,-0.00105423867106289,0.00534573603802455,0.0308134353671641,4639.26899498748,1.0006503255146
"Sigma[14,13]",0.0020001241284911,0.000238509256758556,0.0167844344904624,-0.0304166929312573,-0.0054156409955878,0.00116970241916147,0.00913293270205929,0.0385966020530667,4952.25442366403,1.00119592689322
"Sigma[14,14]",0.233222084093057,0.00653600271303028,0.258361200953075,0.0139666788655513,0.0606499235057007,0.150431846098457,0.312641453935498,0.903083243093614,1562.53639439586,1.00272859119251
"Sigma[14,15]",0.0218427462325916,0.000795090305045549,0.0464122474894018,-0.0485970157631282,-0.00125432023871158,0.0115411057238265,0.0359206409035918,0.139280471984467,3407.47189953,0.999908225466323
"Sigma[14,16]",-0.0025436416641914,0.000243671831241642,0.0190748059630313,-0.0445080029884673,-0.0102585620953655,-0.00132167760989824,0.00601651069326208,0.0355313044380088,6127.87084725757,1.00128335496992
"Sigma[14,17]",0.00198442897058873,0.00024766438869192,0.019949353547045,-0.0370148486561567,-0.00667526466351986,0.000976230017188051,0.00964304217234907,0.0455388767261298,6488.29406846127,1.00083127499687
"Sigma[14,18]",-0.00528997451758799,0.000202753044414111,0.0154705232252783,-0.0421606117473705,-0.0115147890778405,-0.00351196798561827,0.00246947569808188,0.0216765789456226,5822.04068759655,1.00055505995499
"Sigma[14,19]",0.000461342133724307,0.000279829575912039,0.0228278199798649,-0.0440555983269338,-0.00877639098001958,-0.000170172751567318,0.00906667244381207,0.0481463989715827,6654.9017711989,0.999871459612911
"Sigma[15,1]",0.000236638069326489,0.000187855247384892,0.0150093101638742,-0.0311101930730579,-0.00671656327256558,5.58974543234308e-05,0.00697022094002427,0.0309331424404546,6383.73430384723,0.999646020861431
"Sigma[15,2]",-0.00148905110799817,0.000345014205869948,0.018404342356744,-0.0402535677499127,-0.0090718786636452,-0.00121446528495442,0.00588284634515833,0.0373261165174551,2845.55282300518,1.00190525551065
"Sigma[15,3]",-0.00689726470793022,0.000315131818922527,0.0267227851232365,-0.0668166366249239,-0.0178008524358317,-0.00522718838341914,0.00496534058771696,0.0472707147831532,7190.82842854329,1.00011929637909
"Sigma[15,4]",-0.00196904869066375,0.00037439032605863,0.0271550145128362,-0.0628114074307336,-0.0126268708422677,-0.00106358200166457,0.00969466933992809,0.0515416198743486,5260.78849413002,1.00096174834254
"Sigma[15,5]",-0.00271940349949035,0.000257680197690103,0.0202225957811318,-0.0453535399143488,-0.011084060646057,-0.00219792525150452,0.00554635059789799,0.0379289595612673,6159.02138638852,1.00066819356891
"Sigma[15,6]",0.00186772129108483,0.000154556230820744,0.0123972729333987,-0.0216678357007685,-0.00396229347847974,0.00111286897368982,0.00692874368587191,0.0301084069480588,6433.97381528996,0.999925798203722
"Sigma[15,7]",0.00335675192015773,0.000205921055630506,0.0152274371162274,-0.023305418580068,-0.00376971403805152,0.00171201127991386,0.00888611345390796,0.038256180306914,5468.29729138458,1.00055690305147
"Sigma[15,8]",-0.00112667942664403,0.000231581361707046,0.0168564647087695,-0.0369224292731863,-0.00798661737402354,-0.000516062517330278,0.00619445214371075,0.0315565003970515,5298.16872584368,1.00012129907449
"Sigma[15,9]",-0.00385295942831276,0.000211405360054899,0.0164678542374531,-0.0397368001098854,-0.0106680079026579,-0.00295830608474991,0.00369521549382437,0.0281054832377104,6067.95064557069,0.999965475921287
"Sigma[15,10]",0.0101129284071482,0.000358087287305906,0.0204507410174996,-0.0184695155836848,-0.00111305538724934,0.00571860407657905,0.0171081504230444,0.0627313368661891,3261.67204735212,1.0002857363577
"Sigma[15,11]",0.00315818163662689,0.000357354057001859,0.0303612048220335,-0.0578423777743593,-0.0075186823452048,0.0024300405841215,0.0141043257757272,0.0641755647768958,7218.39376735059,0.999573629466193
"Sigma[15,12]",-0.000697523433820193,0.000154184455305533,0.0124270734477938,-0.0256023982065166,-0.00627668206551453,-0.000804092828781491,0.0046627898639509,0.0259441020675229,6496.15754048708,1.00017430270292
"Sigma[15,13]",-0.00100518785814894,0.000173236390244189,0.0133947788010657,-0.0297353557507455,-0.00686763690952574,-0.000810792452690204,0.00507136499013157,0.0262165641143583,5978.50836060744,1.00006005240967
"Sigma[15,14]",0.0218427462325916,0.000795090305045549,0.0464122474894018,-0.0485970157631282,-0.00125432023871158,0.0115411057238265,0.0359206409035918,0.139280471984467,3407.47189953,0.999908225466323
"Sigma[15,15]",0.139696685075282,0.00346415211959933,0.141407789758097,0.0146127082253375,0.0495195394386312,0.0949983853277795,0.179501985400601,0.519665828272033,1666.29832946778,1.00109003114918
"Sigma[15,16]",-0.00175306429975013,0.00019724096630965,0.0154679896904838,-0.036050061660769,-0.00804154461309776,-0.000792572651373667,0.00549448239169714,0.0277507297367244,6149.97718747905,1.00009847152297
"Sigma[15,17]",0.00108720245383336,0.000200128653356348,0.0156158737303042,-0.0297825945934505,-0.00616470825914273,0.000177898826188406,0.00731611929450336,0.0358457174954857,6088.55216291442,0.999754879991295
"Sigma[15,18]",-0.00199654382707448,0.000162647660937722,0.0125740582908737,-0.0297345477878331,-0.0074839145548291,-0.00133010021825529,0.00384945195976374,0.0227684752674767,5976.61519501329,1.00073681742123
"Sigma[15,19]",0.0042864655849238,0.000241302832828133,0.0171951369044799,-0.0252910197055649,-0.00406928345880691,0.00236522146077205,0.0104323504738528,0.0453252908768382,5077.92678752762,0.999906764213924
"Sigma[16,1]",0.000146053955878815,8.69831690064525e-05,0.0075226486819904,-0.0146951370939743,-0.00356715712872828,-0.000237985683548487,0.00355987279787686,0.0169714661373158,7479.47488581386,1.00009251708771
"Sigma[16,2]",-0.000298211519192743,0.000107444095181234,0.00877882128067218,-0.0196735509924848,-0.00406939019340955,2.72591817486714e-05,0.0038303326928867,0.0174014547191842,6675.86137111093,1.00032483941179
"Sigma[16,3]",-0.0042066461746223,0.000143544122332924,0.0124807733696036,-0.0317564395907009,-0.0102566461533047,-0.00315716558631259,0.00232652797968694,0.0193752936805236,7559.83237385663,0.999862464881555
"Sigma[16,4]",0.00335830239130835,0.00019128511393432,0.013775297219739,-0.0228576403435291,-0.00346075609461618,0.00217560356852155,0.00922256450733846,0.0351516176167071,5186.0847333443,0.999916210570925
"Sigma[16,5]",-0.0015588337236533,0.000155226644641651,0.0103634412902704,-0.0247614847672138,-0.00585186632037586,-0.000720945552547143,0.00329638720441953,0.0178094266837465,4457.33671814925,1.00066880324297
"Sigma[16,6]",0.0013456765582419,7.77452390472561e-05,0.00663102340637365,-0.0112324139756563,-0.00197361346728643,0.0007916335311804,0.00421733432964746,0.0166973416339852,7274.67365253574,0.999794595842037
"Sigma[16,7]",0.00174068953168916,9.52947031856379e-05,0.00752992321727932,-0.0124391114418969,-0.00186366653585083,0.00110145402722999,0.00487038477159881,0.0193692798479244,6243.72220217611,1.00111489657353
"Sigma[16,8]",0.000122161605815492,0.000110884112164502,0.00852249260705648,-0.0183684653199668,-0.00347974804080041,0.000178851821420269,0.00388161204442843,0.0176527808808084,5907.37606956733,1.00030558364422
"Sigma[16,9]",-0.00202609532922784,0.000109684277141512,0.00807048700177363,-0.0198967671837024,-0.00565191225774351,-0.00139558671234449,0.00197827704154058,0.0130071526826717,5413.90623571378,0.999908716720277
"Sigma[16,10]",-0.00166869451512996,0.000115616432272929,0.00887637343544181,-0.0205284029734586,-0.00550216682156389,-0.00104939322081072,0.00259945645602026,0.0150764919183635,5894.29683149515,0.999836865341421
"Sigma[16,11]",-0.00303183656560197,0.000177292704508244,0.0145605098938554,-0.0340712379105425,-0.00884911072259155,-0.001990039138931,0.00343104457592315,0.0242590041205652,6744.83667168111,1.00045489568067
"Sigma[16,12]",0.000100083613471401,9.07815922031576e-05,0.00651015949094633,-0.013253811039617,-0.00288128717839659,3.11152049119853e-05,0.00301616929188405,0.0135438660681151,5142.65826288763,0.999838801610038
"Sigma[16,13]",-0.000329146091278999,9.23425920754998e-05,0.00693265975721454,-0.0147970661287722,-0.00348110313701273,-0.00017881634998632,0.00293061228590391,0.0136238616323757,5636.32010811043,1.00065738721603
"Sigma[16,14]",-0.0025436416641914,0.000243671831241642,0.0190748059630313,-0.0445080029884673,-0.0102585620953655,-0.00132167760989824,0.00601651069326208,0.0355313044380088,6127.87084725757,1.00128335496992
"Sigma[16,15]",-0.00175306429975013,0.00019724096630965,0.0154679896904838,-0.036050061660769,-0.00804154461309776,-0.000792572651373667,0.00549448239169714,0.0277507297367244,6149.97718747905,1.00009847152297
"Sigma[16,16]",0.0341365188392977,0.000437077353306795,0.0268713446594234,0.0038356083963148,0.0155386126519509,0.0271225564574045,0.0444864699636699,0.106966374652231,3779.74228773088,1.0000230245189
"Sigma[16,17]",0.00202416582589063,0.000107497112270451,0.00797802862104483,-0.0129890503449668,-0.0020314511856079,0.00132901997967132,0.00559029342609872,0.0196986070871079,5508.04632715008,1.00032318631416
"Sigma[16,18]",0.000998068008726499,9.45815484562189e-05,0.00655586591794833,-0.011364868500897,-0.00217087555443882,0.0005671570386906,0.00387242187298112,0.0154804136164162,4804.4899104278,1.00009819107231
"Sigma[16,19]",3.34456125301769e-05,0.000128248865326763,0.00856914157426181,-0.0177491061292315,-0.00401521350870405,-5.09114825219323e-05,0.00386567575266351,0.0189652961099685,4464.44598947799,0.999922938248848
"Sigma[17,1]",0.00165520594307405,9.43847015579506e-05,0.00803204734657345,-0.0140740041728036,-0.00222056255589752,0.00109036156814127,0.00524216555769161,0.0193924598975404,7241.84634439623,0.999964323796245
"Sigma[17,2]",0.000854596338854865,0.000113562649205148,0.00902061108551229,-0.0177638605152691,-0.00307340018216671,0.000649753530465111,0.00485513051007267,0.0200744481738915,6309.5863402944,1.00003330583202
"Sigma[17,3]",-0.00391032390032364,0.000156222958500198,0.0128471018463289,-0.0323267383075221,-0.00966187790792014,-0.0027787387925732,0.0027674749829034,0.0203621364242485,6762.70772038052,0.999747795426015
"Sigma[17,4]",0.00162980741199822,0.000153894942174412,0.0135860603889573,-0.0246179844384082,-0.00495684795159967,0.000830585090368182,0.00752991188742929,0.0313847286048768,7793.60494448612,0.999797130376803
"Sigma[17,5]",-0.000163598896493734,0.000209319327863159,0.010672720885233,-0.0217403521094774,-0.00489984023430944,-0.000346778035057539,0.0041751342893985,0.0219374466116357,2599.75032169478,1.00064865421282
"Sigma[17,6]",4.35580343002789e-05,8.74628184488837e-05,0.00693817976854543,-0.014172566844982,-0.00304935415622886,-1.6337229386705e-05,0.00292995978297602,0.0146733561596842,6292.80334813941,1.00018808866845
"Sigma[17,7]",0.00161178608743971,0.000100731296266756,0.00795009882308285,-0.0126826132562135,-0.00208077463142874,0.000863953048357097,0.00478943004310299,0.0193000779892653,6228.96956421934,0.999625108810684
"Sigma[17,8]",0.00113607576102925,0.000113907832216585,0.0087155011774536,-0.0161003914362117,-0.00267527687229709,0.000680294639153632,0.0046375723038748,0.0200251596353743,5854.33483572367,0.999673334360259
"Sigma[17,9]",-0.000304678513335141,0.000101830037087436,0.00819565264363613,-0.018273191918651,-0.00402624685471825,-0.000135669144565807,0.00336586079865396,0.0165707197250453,6477.61725215127,1.00006661082051
"Sigma[17,10]",-0.000471116182090404,0.000118705380059681,0.00898282395916856,-0.0197660037211367,-0.00440972110196049,-0.00021197366085434,0.00370406674959512,0.0176720072806635,5726.44338891157,0.999781495363157
"Sigma[17,11]",-0.00289217845362327,0.000184598493347801,0.0151816111764893,-0.0356349773096351,-0.00873900172539131,-0.00195776694483834,0.00353629639560591,0.0261182295791425,6763.62350045755,1.00071481094063
"Sigma[17,12]",0.000913153577630559,0.000123822950225623,0.00674759668868746,-0.011856004774007,-0.00231565660030274,0.000386224515897288,0.00364648976102604,0.0167483615888585,2969.58621226381,1.00074999966937
"Sigma[17,13]",8.04112386176032e-05,9.96409337898403e-05,0.00739501137283312,-0.0155061287848225,-0.00325364644548146,-1.88260203957301e-06,0.00317654070333835,0.0160862867378721,5508.10378427311,1.00027749123309
"Sigma[17,14]",0.00198442897058873,0.00024766438869192,0.019949353547045,-0.0370148486561567,-0.00667526466351986,0.000976230017188051,0.00964304217234907,0.0455388767261298,6488.29406846127,1.00083127499687
"Sigma[17,15]",0.00108720245383336,0.000200128653356348,0.0156158737303042,-0.0297825945934505,-0.00616470825914273,0.000177898826188406,0.00731611929450336,0.0358457174954857,6088.55216291443,0.999754879991295
"Sigma[17,16]",0.00202416582589063,0.000107497112270451,0.00797802862104483,-0.0129890503449668,-0.0020314511856079,0.00132901997967132,0.00559029342609872,0.0196986070871079,5508.04632715008,1.00032318631416
"Sigma[17,17]",0.0352094937675781,0.000471664169424979,0.0290399190549801,0.00351740563685801,0.0155179926845278,0.0278476455847779,0.0458731382195579,0.10966438608424,3790.74902078506,0.999898115060139
"Sigma[17,18]",-0.00041150622547978,9.31844342953533e-05,0.00665832374906955,-0.0143621668339096,-0.00334372020059919,-0.000259633815899431,0.00258937177283101,0.0131453250881251,5105.55630666306,1.00006493194588
"Sigma[17,19]",-0.00150187638573535,0.000122333785112507,0.00860065420164481,-0.0198582102841447,-0.00524879869720497,-0.00103769481180154,0.00252804436502399,0.0156090848712322,4942.76709386042,0.999881259190705
"Sigma[18,1]",-0.000169296314078462,6.81308644008826e-05,0.00636528659253998,-0.0135496101294111,-0.00312147373114323,-0.000140359015102679,0.00267248732915633,0.01308992321563,8728.67103995514,0.999680079835167
"Sigma[18,2]",-0.0006556963279283,7.87756608296153e-05,0.0072878214349366,-0.0161699306330204,-0.00384246333790188,-0.000422145777000371,0.00256409595479693,0.0143328503261402,8558.7696123327,1.00009294938992
"Sigma[18,3]",0.00252986020707043,0.00011708451019904,0.0104793714147327,-0.0175481608094706,-0.0029514417931345,0.00175121139443148,0.00722617767719099,0.0254262278269216,8010.72050119828,1.00037940376558
"Sigma[18,4]",0.00289282491134082,0.000137444669819829,0.0111097438749945,-0.0177162772005298,-0.00262289523097721,0.00175128108122299,0.00749942346143766,0.0282575831855973,6533.59618410302,1.00009058467595
"Sigma[18,5]",0.00099219080284255,9.58640636652131e-05,0.00823484118625363,-0.0158085245331774,-0.00281856119667462,0.000596989298938588,0.00460056951850076,0.0191197370589103,7379.02168221033,0.999895729295743
"Sigma[18,6]",0.000474918370092245,7.28510026496341e-05,0.00579882305908559,-0.0110763656909856,-0.00204905604857402,0.000214395354485688,0.00277546625969671,0.0131314007268761,6335.90486688169,0.999933763563825
"Sigma[18,7]",0.000858441022786805,0.000230210733352333,0.0071129349851783,-0.0123243468209036,-0.00214018541847592,0.000260046707316434,0.00328754484234374,0.0159963402967483,954.655197940261,1.00412288234326
"Sigma[18,8]",5.6891736477153e-05,8.06048177237999e-05,0.00677237028768496,-0.0134415363724602,-0.00287036110721481,4.43292176649965e-05,0.00299981963693522,0.0141620369313214,7059.26346525044,0.99988814061022
"Sigma[18,9]",0.000258189643093446,0.00011620828535853,0.00694245860260476,-0.0139498624997921,-0.00277277864038626,4.36555809733028e-05,0.0030832717695559,0.015704038943151,3569.04818238599,1.00046800245228
"Sigma[18,10]",-0.000711040756131661,9.80653010084608e-05,0.00736032638756113,-0.0168028934183503,-0.00387046105922107,-0.00039948322524741,0.00261244095752367,0.014744693590103,5633.30693746956,1.0001029881729
"Sigma[18,11]",-0.000333391965106143,0.00015447559605715,0.0116019548702301,-0.024919190966375,-0.00519446769371963,-0.000228590563049391,0.00462899989577558,0.0237936812415973,5640.82445235954,1.00056452071728
"Sigma[18,12]",0.000391966320961698,0.000102305221107738,0.00567081393782758,-0.0117979996218536,-0.0020327948637287,0.000284390091247224,0.00265999580655813,0.0128754388571051,3072.5234031232,1.0014682267869
"Sigma[18,13]",-0.000335748731347978,7.85566880466596e-05,0.00589924303584572,-0.0132065807925475,-0.00283139750187059,-0.000177457655077309,0.0023245133441143,0.0116718396029668,5639.31360318652,0.999900068253226
"Sigma[18,14]",-0.00528997451758799,0.000202753044414111,0.0154705232252783,-0.0421606117473705,-0.0115147890778405,-0.00351196798561827,0.00246947569808188,0.0216765789456226,5822.04068759655,1.00055505995499
"Sigma[18,15]",-0.00199654382707448,0.000162647660937722,0.0125740582908737,-0.0297345477878331,-0.0074839145548291,-0.00133010021825529,0.00384945195976374,0.0227684752674767,5976.61519501329,1.00073681742123
"Sigma[18,16]",0.000998068008726499,9.45815484562189e-05,0.00655586591794833,-0.011364868500897,-0.00217087555443882,0.0005671570386906,0.00387242187298112,0.0154804136164162,4804.4899104278,1.00009819107231
"Sigma[18,17]",-0.00041150622547978,9.31844342953533e-05,0.00665832374906955,-0.0143621668339096,-0.00334372020059919,-0.000259633815899431,0.00258937177283101,0.0131453250881251,5105.55630666306,1.00006493194588
"Sigma[18,18]",0.0226427784995184,0.000308160060076407,0.0186725681796496,0.00210765651541412,0.00951581493872884,0.0180165144001623,0.0301333179542333,0.0704918098491559,3671.60039161681,1.00068522148916
"Sigma[18,19]",0.00108599867172933,9.92634974061046e-05,0.00689403123480066,-0.012420565630321,-0.00221834933846972,0.000686895873807522,0.00416222616740325,0.0161251043141186,4823.55625339914,1.00016727295725
"Sigma[19,1]",-0.00217967062916838,0.000107617698886551,0.00846066871117718,-0.0216027375090488,-0.00600470664042665,-0.00158021746338044,0.00214634406753412,0.0136745719356762,6180.76137507222,0.999662125706548
"Sigma[19,2]",-0.00185479601075881,0.000104676879685787,0.00924251173995294,-0.0222114911645292,-0.00603475134065153,-0.00143900139548431,0.00246653228911036,0.0169474082141555,7796.11946081022,1.00041325994206
"Sigma[19,3]",0.00840805394028188,0.00019395648853967,0.0148023189701516,-0.0166326127987093,5.28333308821023e-05,0.00641591365747376,0.0147970344441826,0.0428327171243132,5824.39594857887,1.00058264912728
"Sigma[19,4]",0.00576114529635727,0.000209447842633206,0.0150620599946867,-0.019968994272409,-0.00213411287021886,0.00380333100102721,0.0118816965442382,0.0416104687728035,5171.50517396622,1.00060833551295
"Sigma[19,5]",0.00195006807685119,0.000131394812265316,0.0109445660014354,-0.0189340493784705,-0.00320342092194338,0.00120147879972963,0.00647134450793532,0.0269415997225166,6938.10154438817,1.00045431343615
"Sigma[19,6]",-0.000540339125573925,8.66231995779371e-05,0.00719092706798225,-0.0163424507945289,-0.00364202772930045,-0.000140020511947909,0.00288337971969546,0.0135365559140415,6891.30268757791,0.999764078973241
"Sigma[19,7]",-0.00274782755462699,0.000120079965667076,0.00878345561273685,-0.0245242653555362,-0.00599027754018443,-0.00145077488956605,0.0016863016160175,0.0117986138900518,5350.44263028406,1.00072174607323
"Sigma[19,8]",-0.00160629174640738,0.000126706050245244,0.00898955965406791,-0.0221313096069576,-0.00540008116439474,-0.00116649894184421,0.00243200318907007,0.0167797915247861,5033.63975924996,1.00038814989221
"Sigma[19,9]",-0.00101750635927959,0.000110288306755611,0.0089197453431245,-0.0206529272506753,-0.00497668749793403,-0.000658562792571217,0.00317741124105365,0.0163757494859905,6541.02746786561,0.999702991712883
"Sigma[19,10]",0.00229396204766402,0.000138370312207233,0.0103271674808252,-0.0157453841918783,-0.00270114988178817,0.00114236664829262,0.00610984770961691,0.0257225448735918,5570.27451686777,1.0007775642365
"Sigma[19,11]",-0.000879728842208519,0.000238328888404874,0.0162093556723269,-0.0372740721282444,-0.00641885140414855,0.000418719072918983,0.00657607884393401,0.0297306899830023,4625.70709062654,1.00025402864218
"Sigma[19,12]",-0.0003927857778355,8.92945734843788e-05,0.00695512158277569,-0.0152088903018503,-0.00345199939105835,-0.000298091866391621,0.00272433264817441,0.0141352987954919,6066.79497281286,1.00053540872138
"Sigma[19,13]",-0.000292949200564534,0.000101075353842352,0.00746304021608334,-0.016120173825477,-0.00372695188531369,-0.000190496382042515,0.00327891775577739,0.0151686027608326,5451.81390599029,1.00039744442374
"Sigma[19,14]",0.000461342133724307,0.000279829575912039,0.0228278199798649,-0.0440555983269338,-0.00877639098001958,-0.000170172751567318,0.00906667244381207,0.0481463989715827,6654.9017711989,0.999871459612911
"Sigma[19,15]",0.0042864655849238,0.000241302832828133,0.0171951369044799,-0.0252910197055649,-0.00406928345880691,0.00236522146077205,0.0104323504738528,0.0453252908768382,5077.92678752762,0.999906764213924
"Sigma[19,16]",3.34456125301769e-05,0.000128248865326763,0.00856914157426181,-0.0177491061292315,-0.00401521350870405,-5.09114825219323e-05,0.00386567575266351,0.0189652961099685,4464.44598947799,0.999922938248848
"Sigma[19,17]",-0.00150187638573535,0.000122333785112507,0.00860065420164481,-0.0198582102841447,-0.00524879869720497,-0.00103769481180154,0.00252804436502399,0.0156090848712322,4942.76709386042,0.999881259190705
"Sigma[19,18]",0.00108599867172933,9.92634974061046e-05,0.00689403123480066,-0.012420565630321,-0.00221834933846972,0.000686895873807522,0.00416222616740325,0.0161251043141186,4823.55625339914,1.00016727295725
"Sigma[19,19]",0.0402354752905606,0.00055159157834205,0.0330843806333038,0.00485154617269848,0.0187278238243003,0.0315104609981219,0.0512577978230791,0.127466102567793,3597.58251543291,1.00183804979605
"N_sim[1]",0,NA,0,0,0,0,0,0,NA,NA
"N_sim[2]",0,NA,0,0,0,0,0,0,NA,NA
"N_sim[3]",0,NA,0,0,0,0,0,0,NA,NA
"N_sim[4]",0,NA,0,0,0,0,0,0,NA,NA
"N_sim[5]",0,NA,0,0,0,0,0,0,NA,NA
"N_sim[6]",0,NA,0,0,0,0,0,0,NA,NA
"N_sim[7]",0,NA,0,0,0,0,0,0,NA,NA
"N_sim[8]",0,NA,0,0,0,0,0,0,NA,NA
"N_sim[9]",0,NA,0,0,0,0,0,0,NA,NA
"N_sim[10]",0,NA,0,0,0,0,0,0,NA,NA
"N_sim[11]",0,NA,0,0,0,0,0,0,NA,NA
"N_sim[12]",0,NA,0,0,0,0,0,0,NA,NA
"N_sim[13]",0,NA,0,0,0,0,0,0,NA,NA
"N_sim[14]",0,NA,0,0,0,0,0,0,NA,NA
"N_sim[15]",0,NA,0,0,0,0,0,0,NA,NA
"N_sim[16]",0,NA,0,0,0,0,0,0,NA,NA
"N_sim[17]",0,NA,0,0,0,0,0,0,NA,NA
"N_sim[18]",0,NA,0,0,0,0,0,0,NA,NA
"N_sim[19]",0,NA,0,0,0,0,0,0,NA,NA
"N_sim[20]",0,NA,0,0,0,0,0,0,NA,NA
"N_sim[21]",0,NA,0,0,0,0,0,0,NA,NA
"N_sim[22]",0,NA,0,0,0,0,0,0,NA,NA
"N_sim[23]",0,NA,0,0,0,0,0,0,NA,NA
"N_sim[24]",0,NA,0,0,0,0,0,0,NA,NA
"N_sim[25]",0,NA,0,0,0,0,0,0,NA,NA
"N_sim[26]",0,NA,0,0,0,0,0,0,NA,NA
"N_sim[27]",0,NA,0,0,0,0,0,0,NA,NA
"N_sim[28]",0,NA,0,0,0,0,0,0,NA,NA
"N_sim[29]",0,NA,0,0,0,0,0,0,NA,NA
"N_sim[30]",0,NA,0,0,0,0,0,0,NA,NA
"N_sim[31]",0,NA,0,0,0,0,0,0,NA,NA
"N_sim[32]",0,NA,0,0,0,0,0,0,NA,NA
"N_sim[33]",0,NA,0,0,0,0,0,0,NA,NA
"N_sim[34]",0,NA,0,0,0,0,0,0,NA,NA
"N_sim[35]",0,NA,0,0,0,0,0,0,NA,NA
"N_sim[36]",0,NA,0,0,0,0,0,0,NA,NA
"N_sim[37]",0,NA,0,0,0,0,0,0,NA,NA
"N_sim[38]",0,NA,0,0,0,0,0,0,NA,NA
"N_sim[39]",0,NA,0,0,0,0,0,0,NA,NA
"N_sim[40]",0,NA,0,0,0,0,0,0,NA,NA
"N_sim[41]",0,NA,0,0,0,0,0,0,NA,NA
"N_sim[42]",0,NA,0,0,0,0,0,0,NA,NA
"N_sim[43]",0,NA,0,0,0,0,0,0,NA,NA
"N_sim[44]",0,NA,0,0,0,0,0,0,NA,NA
"N_sim[45]",0,NA,0,0,0,0,0,0,NA,NA
"N_sim[46]",0,NA,0,0,0,0,0,0,NA,NA
"N_sim[47]",0,NA,0,0,0,0,0,0,NA,NA
"N_sim[48]",0,NA,0,0,0,0,0,0,NA,NA
"N_sim[49]",0,NA,0,0,0,0,0,0,NA,NA
"N_sim[50]",0,NA,0,0,0,0,0,0,NA,NA
"N_sim[51]",0,NA,0,0,0,0,0,0,NA,NA
"N_sim[52]",0,NA,0,0,0,0,0,0,NA,NA
"N_sim[53]",0,NA,0,0,0,0,0,0,NA,NA
"N_sim[54]",0,NA,0,0,0,0,0,0,NA,NA
"N_sim[55]",0,NA,0,0,0,0,0,0,NA,NA
"N_sim[56]",0,NA,0,0,0,0,0,0,NA,NA
"N_sim[57]",0,NA,0,0,0,0,0,0,NA,NA
"N_sim[58]",0,NA,0,0,0,0,0,0,NA,NA
"N_sim[59]",0,NA,0,0,0,0,0,0,NA,NA
"N_sim[60]",0,NA,0,0,0,0,0,0,NA,NA
"N_sim[61]",0,NA,0,0,0,0,0,0,NA,NA
"N_sim[62]",0,NA,0,0,0,0,0,0,NA,NA
"N_sim[63]",0,NA,0,0,0,0,0,0,NA,NA
"N_sim[64]",0,NA,0,0,0,0,0,0,NA,NA
"N_sim[65]",0,NA,0,0,0,0,0,0,NA,NA
"N_sim[66]",0,NA,0,0,0,0,0,0,NA,NA
"N_sim[67]",0,NA,0,0,0,0,0,0,NA,NA
"N_sim[68]",0,NA,0,0,0,0,0,0,NA,NA
"N_sim[69]",0,NA,0,0,0,0,0,0,NA,NA
"N_sim[70]",0,NA,0,0,0,0,0,0,NA,NA
"N_sim[71]",0,NA,0,0,0,0,0,0,NA,NA
"N_sim[72]",0,NA,0,0,0,0,0,0,NA,NA
"N_sim[73]",0,NA,0,0,0,0,0,0,NA,NA
"N_sim[74]",0,NA,0,0,0,0,0,0,NA,NA
"N_sim[75]",0,NA,0,0,0,0,0,0,NA,NA
"N_sim[76]",0,NA,0,0,0,0,0,0,NA,NA
"N_sim[77]",0,NA,0,0,0,0,0,0,NA,NA
"N_sim[78]",0,NA,0,0,0,0,0,0,NA,NA
"N_sim[79]",0,NA,0,0,0,0,0,0,NA,NA
"N_sim[80]",0,NA,0,0,0,0,0,0,NA,NA
"N_sim[81]",0,NA,0,0,0,0,0,0,NA,NA
"N_sim[82]",0,NA,0,0,0,0,0,0,NA,NA
"N_sim[83]",0,NA,0,0,0,0,0,0,NA,NA
"N_sim[84]",0,NA,0,0,0,0,0,0,NA,NA
"N_sim[85]",0,NA,0,0,0,0,0,0,NA,NA
"N_sim[86]",0,NA,0,0,0,0,0,0,NA,NA
"N_sim[87]",0,NA,0,0,0,0,0,0,NA,NA
"N_sim[88]",0,NA,0,0,0,0,0,0,NA,NA
"N_sim[89]",0,NA,0,0,0,0,0,0,NA,NA
"N_sim[90]",0,NA,0,0,0,0,0,0,NA,NA
"N_sim[91]",0,NA,0,0,0,0,0,0,NA,NA
"N_sim[92]",0,NA,0,0,0,0,0,0,NA,NA
"N_sim[93]",0,NA,0,0,0,0,0,0,NA,NA
"N_sim[94]",0,NA,0,0,0,0,0,0,NA,NA
"N_sim[95]",0,NA,0,0,0,0,0,0,NA,NA
"N_sim[96]",0,NA,0,0,0,0,0,0,NA,NA
"N_sim[97]",0,NA,0,0,0,0,0,0,NA,NA
"N_sim[98]",0,NA,0,0,0,0,0,0,NA,NA
"N_sim[99]",0,NA,0,0,0,0,0,0,NA,NA
"N_sim[100]",0,NA,0,0,0,0,0,0,NA,NA
"N_sim[101]",0,NA,0,0,0,0,0,0,NA,NA
"N_sim[102]",0,NA,0,0,0,0,0,0,NA,NA
"N_sim[103]",0,NA,0,0,0,0,0,0,NA,NA
"N_sim[104]",0,NA,0,0,0,0,0,0,NA,NA
"N_sim[105]",0,NA,0,0,0,0,0,0,NA,NA
"N_sim[106]",0,NA,0,0,0,0,0,0,NA,NA
"N_sim[107]",0,NA,0,0,0,0,0,0,NA,NA
"N_sim[108]",0,NA,0,0,0,0,0,0,NA,NA
"N_sim[109]",0,NA,0,0,0,0,0,0,NA,NA
"N_sim[110]",0,NA,0,0,0,0,0,0,NA,NA
"N_sim[111]",0,NA,0,0,0,0,0,0,NA,NA
"N_sim[112]",0,NA,0,0,0,0,0,0,NA,NA
"N_sim[113]",0,NA,0,0,0,0,0,0,NA,NA
"N_sim[114]",0,NA,0,0,0,0,0,0,NA,NA
"N_sim[115]",0,NA,0,0,0,0,0,0,NA,NA
"N_sim[116]",0,NA,0,0,0,0,0,0,NA,NA
"N_sim[117]",0,NA,0,0,0,0,0,0,NA,NA
"N_sim[118]",0,NA,0,0,0,0,0,0,NA,NA
"N_sim[119]",0,NA,0,0,0,0,0,0,NA,NA
"N_sim[120]",0,NA,0,0,0,0,0,0,NA,NA
"N_sim[121]",0,NA,0,0,0,0,0,0,NA,NA
"N_sim[122]",0,NA,0,0,0,0,0,0,NA,NA
"N_sim[123]",0,NA,0,0,0,0,0,0,NA,NA
"N_sim[124]",0,NA,0,0,0,0,0,0,NA,NA
"N_sim[125]",0,NA,0,0,0,0,0,0,NA,NA
"N_sim[126]",0,NA,0,0,0,0,0,0,NA,NA
"N_sim[127]",0,NA,0,0,0,0,0,0,NA,NA
"N_sim[128]",0,NA,0,0,0,0,0,0,NA,NA
"N_sim[129]",0,NA,0,0,0,0,0,0,NA,NA
"N_sim[130]",0,NA,0,0,0,0,0,0,NA,NA
"N_sim[131]",0,NA,0,0,0,0,0,0,NA,NA
"N_sim[132]",0,NA,0,0,0,0,0,0,NA,NA
"N_sim[133]",0,NA,0,0,0,0,0,0,NA,NA
"N_sim[134]",0,NA,0,0,0,0,0,0,NA,NA
"N_sim[135]",0,NA,0,0,0,0,0,0,NA,NA
"N_sim[136]",0,NA,0,0,0,0,0,0,NA,NA
"N_sim[137]",0,NA,0,0,0,0,0,0,NA,NA
"N_sim[138]",0,NA,0,0,0,0,0,0,NA,NA
"N_sim[139]",0,NA,0,0,0,0,0,0,NA,NA
"N_sim[140]",0,NA,0,0,0,0,0,0,NA,NA
"N_sim[141]",0,NA,0,0,0,0,0,0,NA,NA
"N_sim[142]",0,NA,0,0,0,0,0,0,NA,NA
"N_sim[143]",0,NA,0,0,0,0,0,0,NA,NA
"N_sim[144]",0,NA,0,0,0,0,0,0,NA,NA
"N_sim[145]",0,NA,0,0,0,0,0,0,NA,NA
"N_sim[146]",0,NA,0,0,0,0,0,0,NA,NA
"N_sim[147]",0,NA,0,0,0,0,0,0,NA,NA
"N_sim[148]",0,NA,0,0,0,0,0,0,NA,NA
"N_sim[149]",0,NA,0,0,0,0,0,0,NA,NA
"N_sim[150]",0,NA,0,0,0,0,0,0,NA,NA
"N_sim[151]",0,NA,0,0,0,0,0,0,NA,NA
"N_sim[152]",0,NA,0,0,0,0,0,0,NA,NA
"N_sim[153]",0,NA,0,0,0,0,0,0,NA,NA
"N_sim[154]",0,NA,0,0,0,0,0,0,NA,NA
"N_sim[155]",0,NA,0,0,0,0,0,0,NA,NA
"N_sim[156]",0,NA,0,0,0,0,0,0,NA,NA
"N_sim[157]",0,NA,0,0,0,0,0,0,NA,NA
"N_sim[158]",0,NA,0,0,0,0,0,0,NA,NA
"N_sim[159]",0,NA,0,0,0,0,0,0,NA,NA
"N_sim[160]",0,NA,0,0,0,0,0,0,NA,NA
"N_sim[161]",0,NA,0,0,0,0,0,0,NA,NA
"N_sim[162]",0,NA,0,0,0,0,0,0,NA,NA
"N_sim[163]",0,NA,0,0,0,0,0,0,NA,NA
"N_sim[164]",0,NA,0,0,0,0,0,0,NA,NA
"N_sim[165]",0,NA,0,0,0,0,0,0,NA,NA
"N_sim[166]",0,NA,0,0,0,0,0,0,NA,NA
"N_sim[167]",0,NA,0,0,0,0,0,0,NA,NA
"N_sim[168]",0,NA,0,0,0,0,0,0,NA,NA
"N_sim[169]",0,NA,0,0,0,0,0,0,NA,NA
"N_sim[170]",0,NA,0,0,0,0,0,0,NA,NA
"N_sim[171]",0,NA,0,0,0,0,0,0,NA,NA
"N_sim[172]",0,NA,0,0,0,0,0,0,NA,NA
"N_sim[173]",0,NA,0,0,0,0,0,0,NA,NA
"N_sim[174]",0,NA,0,0,0,0,0,0,NA,NA
"N_sim[175]",0,NA,0,0,0,0,0,0,NA,NA
"N_sim[176]",0,NA,0,0,0,0,0,0,NA,NA
"N_sim[177]",0,NA,0,0,0,0,0,0,NA,NA
"N_sim[178]",0,NA,0,0,0,0,0,0,NA,NA
"N_sim[179]",0,NA,0,0,0,0,0,0,NA,NA
"N_sim[180]",0,NA,0,0,0,0,0,0,NA,NA
"N_sim[181]",0,NA,0,0,0,0,0,0,NA,NA
"N_sim[182]",0,NA,0,0,0,0,0,0,NA,NA
"N_sim[183]",0,NA,0,0,0,0,0,0,NA,NA
"N_sim[184]",0,NA,0,0,0,0,0,0,NA,NA
"N_sim[185]",0,NA,0,0,0,0,0,0,NA,NA
"N_sim[186]",0,NA,0,0,0,0,0,0,NA,NA
"N_sim[187]",0,NA,0,0,0,0,0,0,NA,NA
"N_sim[188]",0,NA,0,0,0,0,0,0,NA,NA
"N_sim[189]",0,NA,0,0,0,0,0,0,NA,NA
"N_sim[190]",0,NA,0,0,0,0,0,0,NA,NA
"N_sim[191]",0,NA,0,0,0,0,0,0,NA,NA
"N_sim[192]",0,NA,0,0,0,0,0,0,NA,NA
"N_sim[193]",0,NA,0,0,0,0,0,0,NA,NA
"N_sim[194]",0,NA,0,0,0,0,0,0,NA,NA
"N_sim[195]",0,NA,0,0,0,0,0,0,NA,NA
"N_sim[196]",0,NA,0,0,0,0,0,0,NA,NA
"N_sim[197]",0,NA,0,0,0,0,0,0,NA,NA
"N_sim[198]",0,NA,0,0,0,0,0,0,NA,NA
"N_sim[199]",0,NA,0,0,0,0,0,0,NA,NA
"N_sim[200]",0,NA,0,0,0,0,0,0,NA,NA
"N_sim[201]",0,NA,0,0,0,0,0,0,NA,NA
"N_sim[202]",0,NA,0,0,0,0,0,0,NA,NA
"N_sim[203]",0,NA,0,0,0,0,0,0,NA,NA
"N_sim[204]",0,NA,0,0,0,0,0,0,NA,NA
"N_sim[205]",0,NA,0,0,0,0,0,0,NA,NA
"N_sim[206]",0,NA,0,0,0,0,0,0,NA,NA
"N_sim[207]",0,NA,0,0,0,0,0,0,NA,NA
"N_sim[208]",0,NA,0,0,0,0,0,0,NA,NA
"N_sim[209]",0,NA,0,0,0,0,0,0,NA,NA
"N_sim[210]",0,NA,0,0,0,0,0,0,NA,NA
"N_sim[211]",0,NA,0,0,0,0,0,0,NA,NA
"N_sim[212]",0,NA,0,0,0,0,0,0,NA,NA
"N_sim[213]",0,NA,0,0,0,0,0,0,NA,NA
"N_sim[214]",0,NA,0,0,0,0,0,0,NA,NA
"N_sim[215]",0,NA,0,0,0,0,0,0,NA,NA
"N_sim[216]",0,NA,0,0,0,0,0,0,NA,NA
"N_sim[217]",0,NA,0,0,0,0,0,0,NA,NA
"N_sim[218]",0,NA,0,0,0,0,0,0,NA,NA
"N_sim[219]",0,NA,0,0,0,0,0,0,NA,NA
"N_sim[220]",0,NA,0,0,0,0,0,0,NA,NA
"N_sim[221]",0,NA,0,0,0,0,0,0,NA,NA
"N_sim[222]",0,NA,0,0,0,0,0,0,NA,NA
"N_sim[223]",0,NA,0,0,0,0,0,0,NA,NA
"N_sim[224]",0,NA,0,0,0,0,0,0,NA,NA
"N_sim[225]",0,NA,0,0,0,0,0,0,NA,NA
"N_sim[226]",0,NA,0,0,0,0,0,0,NA,NA
"N_sim[227]",0,NA,0,0,0,0,0,0,NA,NA
"N_sim[228]",0,NA,0,0,0,0,0,0,NA,NA
"N_sim[229]",0,NA,0,0,0,0,0,0,NA,NA
"N_sim[230]",0,NA,0,0,0,0,0,0,NA,NA
"N_sim[231]",0,NA,0,0,0,0,0,0,NA,NA
"N_sim[232]",0,NA,0,0,0,0,0,0,NA,NA
"N_sim[233]",0,NA,0,0,0,0,0,0,NA,NA
"N_sim[234]",0,NA,0,0,0,0,0,0,NA,NA
"N_sim[235]",0,NA,0,0,0,0,0,0,NA,NA
"N_sim[236]",0,NA,0,0,0,0,0,0,NA,NA
"N_sim[237]",0,NA,0,0,0,0,0,0,NA,NA
"N_sim[238]",0,NA,0,0,0,0,0,0,NA,NA
"N_sim[239]",0,NA,0,0,0,0,0,0,NA,NA
"N_sim[240]",0,NA,0,0,0,0,0,0,NA,NA
"N_sim[241]",0,NA,0,0,0,0,0,0,NA,NA
"N_sim[242]",0,NA,0,0,0,0,0,0,NA,NA
"N_sim[243]",0,NA,0,0,0,0,0,0,NA,NA
"N_sim[244]",0,NA,0,0,0,0,0,0,NA,NA
"N_sim[245]",0,NA,0,0,0,0,0,0,NA,NA
"N_sim[246]",0,NA,0,0,0,0,0,0,NA,NA
"N_sim[247]",0,NA,0,0,0,0,0,0,NA,NA
"N_sim[248]",0,NA,0,0,0,0,0,0,NA,NA
"N_sim[249]",0,NA,0,0,0,0,0,0,NA,NA
"N_sim[250]",0,NA,0,0,0,0,0,0,NA,NA
"N_sim[251]",0,NA,0,0,0,0,0,0,NA,NA
"N_sim[252]",0,NA,0,0,0,0,0,0,NA,NA
"N_sim[253]",0,NA,0,0,0,0,0,0,NA,NA
"N_sim[254]",0,NA,0,0,0,0,0,0,NA,NA
"N_sim[255]",0,NA,0,0,0,0,0,0,NA,NA
"N_sim[256]",0,NA,0,0,0,0,0,0,NA,NA
"N_sim[257]",0,NA,0,0,0,0,0,0,NA,NA
"N_sim[258]",0,NA,0,0,0,0,0,0,NA,NA
"N_sim[259]",0,NA,0,0,0,0,0,0,NA,NA
"N_sim[260]",0,NA,0,0,0,0,0,0,NA,NA
"N_sim[261]",0,NA,0,0,0,0,0,0,NA,NA
"N_sim[262]",0,NA,0,0,0,0,0,0,NA,NA
"N_sim[263]",0,NA,0,0,0,0,0,0,NA,NA
"N_sim[264]",0,NA,0,0,0,0,0,0,NA,NA
"N_sim[265]",0,NA,0,0,0,0,0,0,NA,NA
"N_sim[266]",0,NA,0,0,0,0,0,0,NA,NA
"N_sim[267]",0,NA,0,0,0,0,0,0,NA,NA
"N_sim[268]",0,NA,0,0,0,0,0,0,NA,NA
"N_sim[269]",0,NA,0,0,0,0,0,0,NA,NA
"N_sim[270]",0,NA,0,0,0,0,0,0,NA,NA
"N_sim[271]",0,NA,0,0,0,0,0,0,NA,NA
"N_sim[272]",0,NA,0,0,0,0,0,0,NA,NA
"N_sim[273]",0,NA,0,0,0,0,0,0,NA,NA
"N_sim[274]",0,NA,0,0,0,0,0,0,NA,NA
"N_sim[275]",0,NA,0,0,0,0,0,0,NA,NA
"N_sim[276]",0,NA,0,0,0,0,0,0,NA,NA
"N_sim[277]",0,NA,0,0,0,0,0,0,NA,NA
"N_sim[278]",0,NA,0,0,0,0,0,0,NA,NA
"N_sim[279]",0,NA,0,0,0,0,0,0,NA,NA
"N_sim[280]",0,NA,0,0,0,0,0,0,NA,NA
"N_sim[281]",0,NA,0,0,0,0,0,0,NA,NA
"N_sim[282]",0,NA,0,0,0,0,0,0,NA,NA
"N_sim[283]",0,NA,0,0,0,0,0,0,NA,NA
"N_sim[284]",0,NA,0,0,0,0,0,0,NA,NA
"N_sim[285]",0,NA,0,0,0,0,0,0,NA,NA
"N_sim[286]",0,NA,0,0,0,0,0,0,NA,NA
"N_sim[287]",0,NA,0,0,0,0,0,0,NA,NA
"N_sim[288]",0,NA,0,0,0,0,0,0,NA,NA
"N_sim[289]",0,NA,0,0,0,0,0,0,NA,NA
"N_sim[290]",0,NA,0,0,0,0,0,0,NA,NA
"N_sim[291]",0,NA,0,0,0,0,0,0,NA,NA
"N_sim[292]",0,NA,0,0,0,0,0,0,NA,NA
"N_sim[293]",0,NA,0,0,0,0,0,0,NA,NA
"N_sim[294]",0,NA,0,0,0,0,0,0,NA,NA
"N_sim[295]",0,NA,0,0,0,0,0,0,NA,NA
"N_sim[296]",0,NA,0,0,0,0,0,0,NA,NA
"N_sim[297]",0,NA,0,0,0,0,0,0,NA,NA
"N_sim[298]",0,NA,0,0,0,0,0,0,NA,NA
"N_sim[299]",0,NA,0,0,0,0,0,0,NA,NA
"N_sim[300]",0,NA,0,0,0,0,0,0,NA,NA
"N_sim[301]",0,NA,0,0,0,0,0,0,NA,NA
"N_sim[302]",0,NA,0,0,0,0,0,0,NA,NA
"N_sim[303]",0,NA,0,0,0,0,0,0,NA,NA
"N_sim[304]",0,NA,0,0,0,0,0,0,NA,NA
"N_sim[305]",0,NA,0,0,0,0,0,0,NA,NA
"N_sim[306]",0,NA,0,0,0,0,0,0,NA,NA
"N_sim[307]",0,NA,0,0,0,0,0,0,NA,NA
"N_sim[308]",0,NA,0,0,0,0,0,0,NA,NA
"N_sim[309]",0,NA,0,0,0,0,0,0,NA,NA
"N_sim[310]",0,NA,0,0,0,0,0,0,NA,NA
"N_sim[311]",0,NA,0,0,0,0,0,0,NA,NA
"N_sim[312]",0,NA,0,0,0,0,0,0,NA,NA
"N_sim[313]",0,NA,0,0,0,0,0,0,NA,NA
"N_sim[314]",0,NA,0,0,0,0,0,0,NA,NA
"N_sim[315]",0,NA,0,0,0,0,0,0,NA,NA
"N_sim[316]",0,NA,0,0,0,0,0,0,NA,NA
"N_sim[317]",0,NA,0,0,0,0,0,0,NA,NA
"N_sim[318]",0,NA,0,0,0,0,0,0,NA,NA
"N_sim[319]",0,NA,0,0,0,0,0,0,NA,NA
"N_sim[320]",0,NA,0,0,0,0,0,0,NA,NA
"N_sim[321]",0,NA,0,0,0,0,0,0,NA,NA
"N_sim[322]",0,NA,0,0,0,0,0,0,NA,NA
"N_sim[323]",0,NA,0,0,0,0,0,0,NA,NA
"N_sim[324]",0,NA,0,0,0,0,0,0,NA,NA
"N_sim[325]",0,NA,0,0,0,0,0,0,NA,NA
"N_sim[326]",0,NA,0,0,0,0,0,0,NA,NA
"N_sim[327]",0,NA,0,0,0,0,0,0,NA,NA
"N_sim[328]",0,NA,0,0,0,0,0,0,NA,NA
"N_sim[329]",0,NA,0,0,0,0,0,0,NA,NA
"N_sim[330]",0,NA,0,0,0,0,0,0,NA,NA
"N_sim[331]",0,NA,0,0,0,0,0,0,NA,NA
"N_sim[332]",0,NA,0,0,0,0,0,0,NA,NA
"N_sim[333]",0,NA,0,0,0,0,0,0,NA,NA
"N_sim[334]",0,NA,0,0,0,0,0,0,NA,NA
"N_sim[335]",0,NA,0,0,0,0,0,0,NA,NA
"N_sim[336]",0,NA,0,0,0,0,0,0,NA,NA
"N_sim[337]",0,NA,0,0,0,0,0,0,NA,NA
"N_sim[338]",0,NA,0,0,0,0,0,0,NA,NA
"N_sim[339]",0,NA,0,0,0,0,0,0,NA,NA
"N_sim[340]",0,NA,0,0,0,0,0,0,NA,NA
"N_sim[341]",0,NA,0,0,0,0,0,0,NA,NA
"N_sim[342]",0,NA,0,0,0,0,0,0,NA,NA
"N_sim[343]",0,NA,0,0,0,0,0,0,NA,NA
"N_sim[344]",0,NA,0,0,0,0,0,0,NA,NA
"N_sim[345]",0,NA,0,0,0,0,0,0,NA,NA
"N_sim[346]",0,NA,0,0,0,0,0,0,NA,NA
"N_sim[347]",0,NA,0,0,0,0,0,0,NA,NA
"N_sim[348]",0,NA,0,0,0,0,0,0,NA,NA
"N_sim[349]",0,NA,0,0,0,0,0,0,NA,NA
"N_sim[350]",0,NA,0,0,0,0,0,0,NA,NA
"N_sim[351]",0,NA,0,0,0,0,0,0,NA,NA
"N_sim[352]",0,NA,0,0,0,0,0,0,NA,NA
"N_sim[353]",0,NA,0,0,0,0,0,0,NA,NA
"N_sim[354]",0,NA,0,0,0,0,0,0,NA,NA
"N_sim[355]",0,NA,0,0,0,0,0,0,NA,NA
"N_sim[356]",0,NA,0,0,0,0,0,0,NA,NA
"N_sim[357]",0,NA,0,0,0,0,0,0,NA,NA
"N_sim[358]",0,NA,0,0,0,0,0,0,NA,NA
"N_sim[359]",0,NA,0,0,0,0,0,0,NA,NA
"N_sim[360]",0,NA,0,0,0,0,0,0,NA,NA
"N_sim[361]",0,NA,0,0,0,0,0,0,NA,NA
"N_sim[362]",0,NA,0,0,0,0,0,0,NA,NA
"N_sim[363]",0,NA,0,0,0,0,0,0,NA,NA
"N_sim[364]",0,NA,0,0,0,0,0,0,NA,NA
"N_sim[365]",0,NA,0,0,0,0,0,0,NA,NA
"N_sim[366]",0,NA,0,0,0,0,0,0,NA,NA
"N_sim[367]",0,NA,0,0,0,0,0,0,NA,NA
"N_sim[368]",0,NA,0,0,0,0,0,0,NA,NA
"N_sim[369]",0,NA,0,0,0,0,0,0,NA,NA
"N_sim[370]",0,NA,0,0,0,0,0,0,NA,NA
"N_sim[371]",0,NA,0,0,0,0,0,0,NA,NA
"N_sim[372]",0,NA,0,0,0,0,0,0,NA,NA
"N_sim[373]",0,NA,0,0,0,0,0,0,NA,NA
"N_sim[374]",0,NA,0,0,0,0,0,0,NA,NA
"N_sim[375]",0,NA,0,0,0,0,0,0,NA,NA
"N_sim[376]",0,NA,0,0,0,0,0,0,NA,NA
"N_sim[377]",0,NA,0,0,0,0,0,0,NA,NA
"N_sim[378]",0,NA,0,0,0,0,0,0,NA,NA
"N_sim[379]",0,NA,0,0,0,0,0,0,NA,NA
"N_sim[380]",0,NA,0,0,0,0,0,0,NA,NA
"N_sim[381]",0,NA,0,0,0,0,0,0,NA,NA
"N_sim[382]",0,NA,0,0,0,0,0,0,NA,NA
"N_sim[383]",0,NA,0,0,0,0,0,0,NA,NA
"N_sim[384]",0,NA,0,0,0,0,0,0,NA,NA
"N_sim[385]",0,NA,0,0,0,0,0,0,NA,NA
"N_sim[386]",0,NA,0,0,0,0,0,0,NA,NA
"N_sim[387]",0,NA,0,0,0,0,0,0,NA,NA
"N_sim[388]",0,NA,0,0,0,0,0,0,NA,NA
"N_sim[389]",0,NA,0,0,0,0,0,0,NA,NA
"N_sim[390]",0,NA,0,0,0,0,0,0,NA,NA
"N_sim[391]",0,NA,0,0,0,0,0,0,NA,NA
"N_sim[392]",0,NA,0,0,0,0,0,0,NA,NA
"N_sim[393]",0,NA,0,0,0,0,0,0,NA,NA
"N_sim[394]",0,NA,0,0,0,0,0,0,NA,NA
"N_sim[395]",0,NA,0,0,0,0,0,0,NA,NA
"N_sim[396]",0,NA,0,0,0,0,0,0,NA,NA
"N_sim[397]",0,NA,0,0,0,0,0,0,NA,NA
"N_sim[398]",0,NA,0,0,0,0,0,0,NA,NA
"N_sim[399]",0,NA,0,0,0,0,0,0,NA,NA
"N_sim[400]",0,NA,0,0,0,0,0,0,NA,NA
"N_sim[401]",0,NA,0,0,0,0,0,0,NA,NA
"N_sim[402]",0,NA,0,0,0,0,0,0,NA,NA
"N_sim[403]",0,NA,0,0,0,0,0,0,NA,NA
"N_sim[404]",0,NA,0,0,0,0,0,0,NA,NA
"N_sim[405]",0,NA,0,0,0,0,0,0,NA,NA
"N_sim[406]",0,NA,0,0,0,0,0,0,NA,NA
"N_sim[407]",0,NA,0,0,0,0,0,0,NA,NA
"N_sim[408]",0,NA,0,0,0,0,0,0,NA,NA
"N_sim[409]",0,NA,0,0,0,0,0,0,NA,NA
"N_all[1,1]",143.646326309101,0.587428715963334,42.2244438283715,79.8283107974102,114.270489114033,137.364869568826,165.963902195034,241.362725479445,5166.75097416986,1.00077930828508
"N_all[1,2]",514.253637455285,6.802637944074,351.309310945649,128.530551266482,303.500601310969,441.22627024897,625.420868937262,1356.8601846356,2667.00976752894,1.00388137158608
"N_all[1,3]",42.023292374125,0.467919978538482,30.9262837918271,6.62557552981252,21.7430801149408,35.892538265821,54.2861387368195,113.474409679887,4368.29839257089,1.00128356260834
"N_all[1,4]",24.4149731842098,0.950176178372827,67.4898821018552,0.703000063058495,3.93133483072953,9.26307426335443,23.3030979304928,128.649817387145,5045.09167983056,0.999764121636567
"N_all[1,5]",862.829820849304,8.27357835503126,579.103520127458,234.766206111235,519.805176294156,735.028286780673,1042.59929686551,2315.217795672,4899.20532633085,1.00007192718759
"N_all[1,6]",351.519932785312,0.99583766532483,81.3329827053645,222.748062055968,296.257165878347,340.975288699213,395.194872043272,541.387269874684,6670.46794978815,0.999990726784475
"N_all[1,7]",1280.43884768025,4.03272969718206,320.738755001905,800.963535748706,1064.12106338922,1230.95319218968,1442.62377344147,2036.2726656085,6325.64261158106,0.999957849292246
"N_all[1,8]",298.08295677027,2.8843496491876,206.33739667218,62.1752487601125,162.674370153006,255.290517583691,380.153686694518,796.346982015273,5117.52628844479,0.99987348251292
"N_all[1,9]",95.8211461295404,0.270811051182497,22.9216857437119,59.8627046599226,80.2548727537532,92.9836438851838,108.402632646641,148.01325516613,7164.0786033674,0.999911892601709
"N_all[1,10]",520.445829982567,9.43361135391153,679.335038917605,88.0499060431551,243.647797435891,381.342580810412,616.877255050523,1684.13045282644,5185.75590116911,1.00018351039447
"N_all[1,11]",288.022331938937,1.02965051736211,96.8675073081133,124.074201354378,218.579354364028,280.379514638203,346.886879140805,505.049885131296,8850.6784781914,0.999874864153159
"N_all[1,12]",1283.91621020526,3.24831847280015,290.247724665122,786.746240403387,1084.94622649259,1260.45907646925,1457.64935855749,1911.29112335911,7983.99844893408,1.00054597228271
"N_all[1,13]",956.611667996032,2.96796962049722,230.53090048087,567.4300538041,796.899804655488,936.385776822282,1088.88742745969,1474.4488251142,6033.08425922085,1.00010218741896
"N_all[1,14]",42.3685955155116,0.199694471458043,14.5095646667931,20.8618996377669,32.5194432431728,40.2718810053525,49.7971320707976,77.0294769417926,5279.30413116255,0.999990546543147
"N_all[1,15]",120.355578485548,0.419234572014519,34.3634105626796,66.8756457797149,96.9513750469373,115.939460202069,139.016304697885,197.718575631273,6718.59315509096,0.999784114298068
"N_all[1,16]",201.090321667307,0.567504895108633,46.7632635043723,124.20026186421,169.090331402687,196.234002337725,227.309607346647,304.884116982586,6790.00978392237,1.0007735481655
"N_all[1,17]",189.72399344031,0.494117509447011,43.1356143628421,118.636494949631,160.228091988802,185.046406262399,213.592428807052,288.644910284469,7620.9916945374,1.00012183808511
"N_all[1,18]",4954.63708874964,15.1480350268167,1220.83264680249,3070.38918998718,4117.91679484879,4778.16273084159,5610.81555669557,7803.89643059212,6495.30677149041,1.00017824685202
"N_all[1,19]",489.808667597476,1.44660078934421,117.933851518588,291.509123247451,408.331587974952,480.04323885779,558.447569171464,747.824134694351,6646.29430981726,1.00078310451776
"N_all[2,1]",277.520774677142,0.67357363447952,62.2908113890403,172.232313990261,235.25799028653,271.064868713966,312.993357514549,417.1893074483,8552.19938113659,0.999768483070701
"N_all[2,2]",900.334657209053,12.4115113480155,559.738235209467,253.33400114906,558.539847912019,784.968233443386,1084.33776015012,2275.59646294459,2033.85791998947,1.00526264437272
"N_all[2,3]",72.4237258261404,0.690470629591436,44.6351038910556,13.7697777898063,40.1988088858081,64.462851342375,94.5347254872441,182.345226478967,4178.90675082138,1.00090230185875
"N_all[2,4]",41.5670509483858,1.57513758463938,115.826623405559,1.72946342372561,8.02027804471212,17.9293769730499,41.6833011031809,205.114061270449,5407.29175601872,0.999733454241044
"N_all[2,5]",1502.33704038882,12.1689130197525,891.679937640372,458.621438029109,962.444141052038,1314.03713497391,1805.86534179097,3752.62182841893,5369.2597803723,0.999687863240115
"N_all[2,6]",635.45092869851,1.35939985951999,128.869857219662,421.350343780171,546.887752264992,621.437976911027,707.303684936847,922.666703853363,8986.86573412597,0.999908863602504
"N_all[2,7]",2374.61608744403,6.21217270895376,531.67466294172,1455.15777578151,2005.8739086242,2330.06372575334,2685.68597537546,3557.88219463909,7324.95373748666,1.00005715676136
"N_all[2,8]",522.599284078157,4.72359699938324,333.752925063695,119.987292383982,300.118279038532,457.738053837983,662.139470862353,1330.47159080459,4992.34379472185,0.999801964772595
"N_all[2,9]",173.777319872229,0.404870770960281,36.2001177185565,111.864438907116,149.311055011218,170.480758283443,194.498102640009,257.368947944014,7994.4228606416,0.999974837129275
"N_all[2,10]",892.853235437448,15.1705944347208,1036.27155532985,171.886921289734,443.98318035049,679.513788901576,1070.10690142818,2855.55323092881,4665.97017266288,1.00043198768826
"N_all[2,11]",420.335651407504,2.79588094845894,172.924582896826,179.218961573928,291.297423577633,389.844888690246,513.073478351625,838.26556585351,3825.39357508382,1.00170980693286
"N_all[2,12]",2214.86531831456,5.06115908329296,473.363315827278,1465.72878347015,1883.27511810225,2158.965491012,2482.80319120579,3284.01281458369,8747.60612855807,1.00021372452666
"N_all[2,13]",1628.49807298328,3.88688105754833,370.71023308471,1032.35610284016,1367.50548014393,1580.53468539912,1839.94995443567,2472.65294168717,9096.3392049664,1.00017880386401
"N_all[2,14]",94.2586522916129,0.371021310620376,27.7378909582025,50.8470777320717,75.2986486134988,90.9798859493577,108.855248708975,157.985292861611,5589.19372320091,1.00050503588753
"N_all[2,15]",206.234319300413,0.719250960832806,53.0148272173733,119.604712725075,169.454237030626,200.511961293302,234.9040341013,329.202279027203,5432.92611864945,1.00006617329853
"N_all[2,16]",360.978185802134,0.870695144371429,77.1010340556425,235.363577260271,309.01851899744,352.410476492192,403.864505660202,535.304202625758,7841.30163493131,0.99967641678877
"N_all[2,17]",360.948017762585,0.844055210657926,72.4924229986196,238.366115744434,311.236845107404,354.692363895679,403.676164268905,524.887951779735,7376.38407051754,1.00109988563929
"N_all[2,18]",9190.72622442704,22.6595740578003,2054.13696693243,5685.4759339381,7770.87359994729,8993.17048309326,10399.8034114627,13773.1353384584,8217.79518108421,1.00030210948181
"N_all[2,19]",828.376084433797,2.39466836295459,178.504772342498,531.285065028358,704.24767491531,811.591488376444,928.650094730135,1229.29080791605,5556.59712479546,1.00248616678242
"N_all[3,1]",432.455372378088,1.04478182466584,95.4024527484313,265.759945112145,365.354628145021,426.571049059018,489.847271634606,642.216814173983,8338.11465928734,0.999925360820229
"N_all[3,2]",1266.02879125606,15.4603198463072,739.584489792297,398.741907978515,825.33298707087,1125.95203490743,1519.20027866885,2983.05711526677,2288.43531229417,1.00446636659376
"N_all[3,3]",103.07450652103,0.934117087593605,57.832348089622,22.5224898962343,59.5726018384918,95.3438300827396,135.42216004094,237.331731640921,3833.00175651271,1.00122997479533
"N_all[3,4]",58.3928551702512,2.22620410888474,158.613475329117,3.09233726722869,13.1929983163245,27.896724037804,60.2833441648988,272.9905973389,5076.33415036101,1.00008008950997
"N_all[3,5]",2110.31747544011,13.9203188407792,1098.15019419305,711.522609175838,1427.02534617078,1898.05111627143,2509.45413072545,4882.75710545336,6223.36280450992,0.999796399441677
"N_all[3,6]",943.744312922231,2.07174740502752,185.965290968912,621.846391989905,816.816175529125,926.54609893371,1052.52423574463,1351.80548224998,8057.31199760529,0.999907021906958
"N_all[3,7]",3303.88145134019,7.73627082510038,708.387803600426,2161.11283008865,2812.24335553978,3226.15541525335,3701.07783020091,4943.23635389707,8384.53189280998,0.999960091926937
"N_all[3,8]",752.841361908854,6.3933542713288,445.603514430612,187.206338555151,450.439436680061,667.886557469163,955.779532254036,1808.50591253968,4857.80048612105,0.999736032523833
"N_all[3,9]",261.559883117865,0.590508736793834,51.8986526228571,173.091966542477,225.568519462934,257.135972691456,292.374836562551,377.525384615303,7724.30672465255,0.999884754605441
"N_all[3,10]",1224.24844277333,17.1008250542272,1178.88832256302,255.961926326934,647.46396652892,966.755756684247,1469.31021272123,3690.78380657233,4752.38048155512,1.00058139203697
"N_all[3,11]",636.134671469055,4.7787277329355,293.886433573331,168.165058685214,428.284000516831,599.361527214807,808.314228111235,1301.31200046681,3782.11301786158,1.00210378082163
"N_all[3,12]",3216.37015797607,7.35279479861012,677.676417553387,2095.95328710323,2747.95419018015,3147.44600307864,3600.65266664884,4775.41995620157,8494.53977133942,1.0002197724683
"N_all[3,13]",2372.82777391239,6.54464726898368,558.056687503585,1439.51727979914,1982.89096720096,2325.64090336438,2704.7980073563,3594.12387408795,7270.83257549533,1.00040561797883
"N_all[3,14]",140.554850061191,0.619727814644925,41.4260846714591,76.0695918242881,112.888289307841,134.993753840067,162.219140688355,235.527904607784,4468.33576342541,1.00086646300552
"N_all[3,15]",267.66875233375,0.848002131184064,68.5014202448924,156.484037723343,221.680634996034,259.843845937606,303.512811506915,425.04050942625,6525.37183725634,1.0001396535496
"N_all[3,16]",522.597333772861,1.37953398271512,111.271647105493,331.224341894586,444.36244025857,514.867734921453,591.122926606251,762.088181088419,6505.85271717087,1.00007679613363
"N_all[3,17]",536.87199010369,1.2033099402969,104.354784175625,357.275338527372,464.839338193028,528.985244247069,599.251231837823,760.554394838242,7520.89836433543,1.0001135002561
"N_all[3,18]",13019.8355810107,30.4359829099043,2700.66159478087,8608.87207194949,11142.2564817156,12698.103349848,14576.785601926,19171.1013745557,7873.46087817408,1.00012759035783
"N_all[3,19]",1162.73017137147,3.00568205296265,249.61589795739,729.156787044968,987.653469822911,1143.48544240831,1313.06025121379,1714.7907891592,6896.97112312606,1.00190167812969
"N_all[4,1]",400.8534304244,1.45901570775766,85.5159933950593,262.307145773435,342.59327532381,390.860152509686,447.985228524524,599.850307879358,3435.37977933298,1.00170871111022
"N_all[4,2]",1122.95470116142,8.5764446317863,523.74143492727,421.664137587028,777.163168071913,1024.59615423209,1352.41782858062,2392.92415483723,3729.2310456363,1.00350016469855
"N_all[4,3]",120.819741410453,0.505577839406255,38.1242347580026,59.9457194698431,94.8215297877208,116.02611282668,141.015150445792,207.921217884735,5686.25342040672,1.00009934326909
"N_all[4,4]",53.3992314371247,1.54535882398535,106.348304684062,3.67035244566042,14.302376816413,28.3910069872943,58.699043272917,244.323035100953,4735.89941228676,1.00033444025689
"N_all[4,5]",1915.2660760929,9.2061609840342,771.095162768317,826.514660061005,1410.18573090034,1781.3407712033,2257.27970293532,3869.54884602399,7015.50320808406,1.00023447933928
"N_all[4,6]",892.699941183412,1.94298150011367,184.003993583061,588.734512826101,765.017957322085,874.882487751152,995.279001936491,1313.53069439409,8968.4453655878,1.00013272112034
"N_all[4,7]",3177.199813421,7.86451718812376,721.935719287134,1935.08412829335,2667.96549315339,3118.80514772895,3625.18069100352,4748.41092505656,8426.61065388233,1.00003185763101
"N_all[4,8]",696.274307473053,5.32666333525613,376.836759786916,198.34689121958,433.993369134177,627.115405048329,878.530823199837,1584.03486651121,5004.90714451203,0.999770761020175
"N_all[4,9]",254.474302049004,0.612904733019142,50.8238361171364,170.397242266546,219.894997100524,248.550280826184,283.927896379253,369.327958028702,6876.20686586196,0.99990041191247
"N_all[4,10]",1098.53795968279,11.5095411614523,833.213578031492,275.289720348736,615.995638580469,898.042022913566,1320.83809959306,3100.10842196625,5240.78877621736,1.00008079845934
"N_all[4,11]",833.590053098062,4.22608866218577,289.732951184062,377.239552057505,618.224154317652,804.755816042313,1009.30576950378,1475.54599146118,4700.22417423809,1.00064654412244
"N_all[4,12]",3076.15346536079,9.17219372223327,799.743086659819,1799.40919764364,2520.87513725022,2971.87801469676,3513.13382833111,4956.23479695079,7602.46713934994,1.00008899853158
"N_all[4,13]",2100.67593239618,7.26578047035321,580.960788709287,1195.33094568282,1696.51632297217,2023.87489121637,2424.65548381825,3441.84190723504,6393.3591024584,1.00059590365374
"N_all[4,14]",115.600989641342,0.509775349886479,35.0290423876679,61.3959760014477,91.8195785287284,111.013568443537,133.899754595003,199.025288553248,4721.70518470369,1.0008592075667
"N_all[4,15]",226.952453813199,0.879797123353451,64.500247972791,123.143443109096,180.261644940174,220.211469694856,264.79979524826,372.069480966716,5374.74288300911,1.00068569862432
"N_all[4,16]",442.056725237644,1.3814086951473,103.304318913118,274.515977903852,368.991966688619,429.492079670713,502.227309597672,674.661269219583,5592.32737215679,0.999820419694601
"N_all[4,17]",500.036642520627,1.21697041540114,102.287656400877,324.950153028291,429.538673149926,491.749737812409,559.644588910438,730.178097545133,7064.58110121061,0.999888375109366
"N_all[4,18]",12724.1563763033,29.9577601767895,2485.86205345349,8503.71488981593,11016.7834010118,12497.4190809545,14167.2380639106,18203.6007038382,6885.49821925066,1.00071205871828
"N_all[4,19]",1012.81330686483,3.57221555891072,261.49343123815,579.029683370188,824.230655124116,988.934077060574,1167.46397773808,1605.52230082222,5358.53722596968,1.00019024603338
"N_all[5,1]",309.758970434569,0.874354022690436,62.5978372675077,208.264157960819,266.718007750852,302.861994819938,344.613577325402,454.010404580421,5125.59199340183,0.999637069476116
"N_all[5,2]",816.558290604929,5.60398765438471,311.575331315988,364.258111925578,603.256214207997,768.883943273291,966.219878876726,1602.4541444557,3091.23335787395,1.00268343890497
"N_all[5,3]",119.801090565316,0.324135127156871,30.3026568177049,70.5303597264213,99.1649123272495,116.673207199612,136.563113408113,190.296465620615,8739.95541051842,0.999953660464013
"N_all[5,4]",42.5699293508711,1.0927410725459,77.5640463168488,3.62581581543524,12.9895538535674,25.0035231080305,48.3932096278225,181.112478610414,5038.32733647461,1.00015863752832
"N_all[5,5]",1433.72827604889,4.30372756867663,387.897663904832,844.16635669524,1172.13144286248,1371.63347234849,1633.40847989552,2328.24363154158,8123.52991096584,0.99962289410482
"N_all[5,6]",685.002493766427,2.1171715821837,172.559925332286,416.637290474282,564.881538284976,662.158918593014,773.91460306665,1101.61287629323,6643.05390137102,1.00086916055177
"N_all[5,7]",2221.72636041712,5.88372531915105,535.505753880967,1353.86529795059,1847.64238677764,2162.60899434351,2532.47139182302,3437.78147079273,8283.68363132919,0.999689534105694
"N_all[5,8]",523.22382380992,3.38186184020962,250.345346371695,176.72138441075,344.566419550008,479.630882182226,648.578882192399,1126.21506064263,5479.83299413081,0.999993985416319
"N_all[5,9]",207.625742511547,0.44164684932852,40.7627329814129,140.483647855988,179.322585134205,204.187341580647,231.071840561546,300.962327572533,8518.75866596133,1.00049576520562
"N_all[5,10]",781.223279773428,6.88869265338528,534.686575182754,217.183066486268,467.575261142741,663.502842495224,948.19434743271,2051.83292897714,6024.55457328221,0.999747656109236
"N_all[5,11]",640.13373579636,2.81952039490971,194.680386819439,331.216577071206,503.569228326841,617.347979290547,747.266332078349,1085.00335139359,4767.53533128291,1.00039053003556
"N_all[5,12]",2381.16289559356,7.41610610456397,651.639371399688,1361.65932077655,1932.75642754014,2290.26166883641,2729.63468060369,3917.13357646622,7720.80817751886,1.00053496576146
"N_all[5,13]",1513.15663220027,5.09496547759203,426.123473184289,833.207720358748,1219.8724155368,1455.80818082401,1741.70157190074,2505.00777676862,6995.01137345297,1.00009171379397
"N_all[5,14]",61.6551226327858,0.238544873574787,17.6346212050438,32.7412726044165,49.6914552022357,59.9436537563875,71.6957418857044,100.793740931634,5465.02427140552,1.00029497055512
"N_all[5,15]",115.290870490618,0.413739058081323,33.0657483710003,64.6696595241945,92.2608042470881,110.229891496872,133.25111229879,194.837831748942,6387.0993286303,0.999690724601006
"N_all[5,16]",344.828351620777,0.93220623940003,69.1841400546522,227.922033104772,297.692111966281,339.165236165332,385.800963833447,497.649298458982,5507.93851273945,0.99962887884582
"N_all[5,17]",384.55406672759,1.26356748184472,95.3752544007904,226.307620523825,316.862276034291,374.636003863313,442.623434675303,597.131629433131,5697.37148103849,0.999631370897862
"N_all[5,18]",10054.6169599367,24.7726299141294,2071.0234425376,6737.05141065777,8611.6470982755,9829.98900850411,11268.0306318503,14804.2837987387,6989.17315876673,1.00012266240233
"N_all[5,19]",812.671137304541,2.13448555784739,170.045915896179,524.552162274723,696.633171878363,797.065248420785,912.782995377103,1193.58572829012,6346.67076808388,1.00098763075503
"N_all[6,1]",403.117058036972,0.838815417044858,76.1961954898265,277.733502748718,350.060894710993,396.701740107379,446.733666704375,573.775790420993,8251.51639146904,0.999715384711139
"N_all[6,2]",996.149810551727,3.33274853747781,264.087206304231,590.197157825159,816.672068983256,958.583738885793,1133.77837733281,1626.94542160433,6278.9876903491,1.00054493175369
"N_all[6,3]",188.593152368061,0.566445876641714,48.109925972977,112.671544195455,156.191986449352,181.749326426985,214.170333075365,297.426747500956,7213.60799124345,1.00018870897393
"N_all[6,4]",59.2382637645202,1.28329928713812,94.9106821690629,6.72122138179943,20.619021990411,36.7862098764431,67.662553548459,245.286563305318,5469.83572926325,1.00036286298209
"N_all[6,5]",1975.9191332515,5.26441538707395,469.638280639213,1199.11424165053,1649.82428522849,1934.42279055886,2247.21201228993,3011.57504404907,7958.41677798221,0.999979153129375
"N_all[6,6]",810.605017985188,2.03507282625229,182.807263856872,519.409157810835,682.884857102885,789.644793299756,911.275216460262,1228.02094878255,8069.13508959986,1.00042834603653
"N_all[6,7]",2928.49774086887,6.29336170653403,572.268254951128,1944.01492799413,2539.42393961985,2882.30833193373,3262.05644093262,4208.34583963317,8268.63695385327,0.999866257379329
"N_all[6,8]",656.659786231492,3.66534264457329,267.915837306084,269.948523711823,455.351232334956,614.208898934343,809.667782487184,1278.64008157442,5342.78396896707,1.00009484946241
"N_all[6,9]",280.650231422326,0.607089975831236,53.4585396710424,190.335078333821,243.477905478374,275.299274039149,311.717632969599,401.951732208006,7754.04037477488,1.00013564691879
"N_all[6,10]",953.324524131777,7.66816729436588,572.997200026617,309.472294321523,604.914680350953,828.563987476202,1142.0991634985,2356.28160060567,5583.69697359792,1.00013895561919
"N_all[6,11]",690.314906471704,2.1641180114949,169.420106938834,411.779815070603,575.562390427537,672.867268336564,784.285621527773,1088.36573298414,6128.69521248202,1.00076106998233
"N_all[6,12]",3136.86459035191,9.8127444635093,834.753078057856,1813.04637381254,2563.60053710318,3023.03089824417,3576.23273448698,5100.70342828733,7236.60852518787,1.00042092720331
"N_all[6,13]",1825.94557977715,5.46250900131477,471.875283314004,1063.8787566833,1503.62056891381,1772.03681345012,2084.27044314424,2905.60669322955,7462.25573092463,1.00002931023213
"N_all[6,14]",49.134248573419,0.384324550839577,18.5879696292111,22.5801958248662,35.329474350575,45.9982740347688,59.5630947663929,93.1312919958568,2339.2015973703,1.00210118602549
"N_all[6,15]",127.908278542878,0.394671879254295,33.9574434892619,69.9185378585047,104.740871921693,125.773268541072,148.258747313965,200.200532258303,7402.82709835588,0.999856788267631
"N_all[6,16]",455.643728526742,1.03512765014726,89.2259340751922,303.327751643354,393.104883897031,449.792100751113,510.095098130556,651.760794620252,7430.09535185894,0.999995439840977
"N_all[6,17]",561.694114388337,1.4207016168218,119.387620939798,347.177197765799,478.644771855396,554.511323437713,637.130678260936,817.092698617595,7061.75826025661,0.999758353850777
"N_all[6,18]",14233.5034962084,35.5399399043012,2797.57365151766,9470.88350525468,12280.0613247717,13980.1647013304,15919.3447714972,20480.3295433454,6196.2606699345,1.00119984027605
"N_all[6,19]",1081.02679800386,2.40999102607135,209.890986582376,718.456427570592,934.403754701076,1064.40644417173,1207.6846185063,1532.83359836011,7585.01994334023,0.999896249950624
"N_all[7,1]",365.536725810612,0.779219976614188,70.9649412972884,242.485319129024,316.20786350063,359.710781477485,409.361805072003,520.663705561621,8294.06701222575,1.00024676428362
"N_all[7,2]",876.148624744357,2.62075822235869,220.360554658412,534.324083712215,717.093018634267,848.734980514762,998.329817300477,1397.6183839857,7069.90860612756,1.0000388155978
"N_all[7,3]",200.821594915605,0.826505651311596,58.7512429834911,106.949454325084,159.1686577787,193.957406431372,233.622935385739,335.577653085416,5052.92048077805,1.00064847770608
"N_all[7,4]",52.9436543002803,0.99101127828696,72.5114173444052,7.74630320427303,21.1776755271469,35.554726212978,62.4702844467963,198.718043524692,5353.71926542029,1.00039434795988
"N_all[7,5]",1647.20879046443,4.28318758268986,401.179522135985,1025.68764347847,1366.68017634243,1592.64318096099,1870.16042944285,2598.64383200002,8772.90292692182,0.999788569431998
"N_all[7,6]",707.832281819928,1.82925865032893,141.532286896318,463.837641389732,608.760997589446,695.420857747522,790.967793541718,1011.67580704106,5986.33219785684,1.00073884301567
"N_all[7,7]",2583.87861135855,5.72154645572318,510.067693515281,1699.21257365812,2229.45802576875,2541.44340518726,2900.38751998066,3679.53466894551,7947.46780724261,0.999823188890314
"N_all[7,8]",623.217039258633,2.71369409120445,206.180633541471,275.578141478614,472.658604194391,608.008167097687,754.634743791182,1063.96665099426,5772.63318296677,0.99992827434931
"N_all[7,9]",247.643362283792,0.557679637044872,49.2116208068664,166.830907448616,213.894484104218,242.211659816277,274.76055145874,360.490906216847,7786.92091121026,1.00006594756497
"N_all[7,10]",789.248739480162,5.7768779077681,432.640012635109,281.26102729475,524.782891390571,702.830412231649,944.532094520841,1805.92200432754,5608.76168406076,1.00035810387781
"N_all[7,11]",502.428943291081,1.36076977351554,119.169842660333,310.94156171752,421.855532591607,487.555971623078,565.462137410658,773.276053575464,7669.43593922228,0.999946675518418
"N_all[7,12]",2763.15523997622,8.3110638151568,705.107540373299,1663.1562298295,2279.32030319783,2665.7930208181,3139.27583701285,4417.74618241574,7197.7620302522,1.00035270216149
"N_all[7,13]",1498.17885585586,4.17825192301718,348.249285268284,940.221059398142,1252.92225277748,1454.31668288399,1702.81004970003,2284.12008243099,6946.90282781585,1.00048445840682
"N_all[7,14]",36.3835384171642,0.337294030326698,15.2040968958499,15.2929661108487,25.1953249728122,33.4946664126644,44.525961979503,73.5135938712956,2031.90756759016,1.00186132858312
"N_all[7,15]",82.7463561906439,0.420021702396064,27.1971601471904,41.5666088005306,62.7485036339011,78.6299283170386,98.3850366223071,146.121921515889,4192.79525729238,1.00006759538627
"N_all[7,16]",398.488348689589,1.00206664051652,82.8038834345323,254.508792095905,340.556430038212,392.651585087643,448.904502100869,580.807354892501,6828.23095096575,0.999751100055703
"N_all[7,17]",519.204922425431,1.61666401921018,124.968400532838,312.291425061045,430.967386069424,506.299950419045,592.084762121427,801.636350500924,5975.31599657636,0.999858404017473
"N_all[7,18]",12743.7859343461,30.9407451288881,2507.27140556468,8469.291702095,10990.5553319613,12520.617383936,14255.2239965204,18404.1222015362,6566.60901798388,1.00139449572064
"N_all[7,19]",916.900019428619,2.0820207789827,177.827937025829,620.424229879594,793.367252095001,899.67124059944,1016.56253557122,1315.04402904782,7295.0766846523,0.999986822737378
"N_all[8,1]",473.192278803791,1.00164347355044,86.8605766172086,325.495017775856,413.195901017209,466.195575447569,522.830702946659,669.841589169717,7520.0215456378,0.999701155418519
"N_all[8,2]",1271.65523358526,3.21948614989483,277.736636860618,823.595433421928,1081.26897029502,1240.22812760989,1421.77390377913,1918.28666060196,7442.06094653978,1.00010189273326
"N_all[8,3]",251.163797278123,0.866521735404587,63.3407633938967,147.742654340368,207.040245990204,244.786581781139,287.329936321134,393.674099061768,5343.27670384882,1.00055572146827
"N_all[8,4]",65.3570844795742,0.892046682041453,64.2561685273218,12.4940702162066,30.7585869601588,48.7012507275012,79.0587292915899,211.643994199388,5188.65132476596,1.00021895533294
"N_all[8,5]",2361.52192467882,5.69486342369287,514.632820359311,1488.61613178008,2013.68580700087,2312.45514371024,2657.99537235029,3487.05687772274,8166.35646093929,1.00008472269014
"N_all[8,6]",885.50116627776,1.79603357558356,161.656983118826,601.544634137352,773.037226925729,874.775145794929,987.883686716275,1233.8694008126,8101.39927532338,1.00037741290773
"N_all[8,7]",3236.67689680884,7.22043438329889,596.049452864298,2199.88621204331,2829.74548717991,3191.55695448657,3593.89531561318,4551.20626387466,6814.56182561017,0.999804486907414
"N_all[8,8]",819.510800629305,3.69010947655998,273.314692956297,372.247373961489,622.970902319531,792.094874816196,986.424451166924,1415.79878534709,5485.89457060205,1.00014724508333
"N_all[8,9]",340.902263834571,0.769730848026095,66.7015938195475,232.200084378469,293.741304698847,333.415965843556,378.842194586545,489.746235908075,7509.21673074361,0.999694494966325
"N_all[8,10]",993.696033843851,5.84906900808844,442.368103408954,412.837655915198,706.593889929296,908.38848804376,1178.4473026987,2039.56526381054,5719.97485235256,1.00069710531629
"N_all[8,11]",587.731455553289,1.51136114215845,136.150456475902,368.758264843703,495.383506035652,570.41428221141,661.747767614059,898.325932680216,8115.24618753771,0.999737016593369
"N_all[8,12]",3633.39308380081,8.72150222276732,765.946498034514,2318.44131094275,3107.03721939364,3559.55788997495,4086.11761845847,5324.08507114939,7712.83921786029,0.99986533970812
"N_all[8,13]",1995.68279290604,4.35496243710859,381.660498494727,1324.87252052441,1732.21129667196,1968.06716108823,2226.480765576,2831.62625213611,7680.43113559352,1.00002977391579
"N_all[8,14]",58.75833700632,0.233377985515076,17.0227233897272,30.8700107583398,47.0727412942198,56.9452815872322,68.052577082131,97.6037577942971,5320.32681493709,1.00092664651165
"N_all[8,15]",107.526951757661,0.380361121619503,30.0265434513397,56.267216971055,86.2376140489653,105.198962027973,125.94230830354,171.955694773643,6231.87082304911,1.00024667776536
"N_all[8,16]",475.672855499927,1.3162874911969,102.932299949122,304.29313704967,403.233109142667,464.163460485818,537.587040955917,697.834016851158,6115.07580954621,0.999758286768449
"N_all[8,17]",778.310762183934,2.34830700308164,169.263296201353,479.214607024979,661.699203096814,766.749289014224,881.990133816301,1138.43527745218,5195.36233448305,0.999956632572556
"N_all[8,18]",15906.4308938798,33.1148654273634,2813.21756363419,11031.8958279813,13946.0997739899,15690.5423456336,17512.3466085413,22152.0121969991,7217.06557454228,1.00049724308916
"N_all[8,19]",1182.62779439221,2.80507487199734,221.966278470883,805.527873320676,1032.28156259156,1160.02595764069,1307.51151658362,1676.37226379273,6261.59661068169,1.00039878334964
"N_all[9,1]",283.075282498303,0.615598508333637,57.9010567140989,187.292433765648,242.912706609464,277.309167282652,316.595397891851,413.724879952223,8846.62996384689,0.999870353873674
"N_all[9,2]",915.069248909878,3.21298606692898,259.052685788163,532.965819234719,734.627933531984,871.371287688854,1047.05152260882,1561.7614280864,6500.67589793196,0.999682929421493
"N_all[9,3]",135.063287280049,0.39037445827784,33.1091787508399,81.3013763630242,112.403935584401,131.526020602733,153.779416460251,210.080163379475,7193.39697442927,0.999739969579989
"N_all[9,4]",38.1258672306921,0.397030766683904,29.0738529776308,9.23619150158424,20.8549065168181,31.1216292944465,46.3283090376355,111.152797333797,5362.37096793412,1.00012694046984
"N_all[9,5]",1499.52749279609,5.18300876538055,364.487608983096,906.186659996484,1247.0930254376,1460.6920658073,1706.75072396536,2338.44485489864,4945.4025779372,1.00021261039256
"N_all[9,6]",489.705300275063,1.07330430248367,94.3266030401887,332.328035861296,424.905424192208,480.007330009814,546.087886183959,698.800512530864,7723.65112476326,1.00000968810332
"N_all[9,7]",1823.10202106694,5.45446135918043,413.291566197724,1139.33373591118,1534.13423481458,1782.84539043671,2066.31808620377,2739.23225346375,5741.28818704318,1.00049467870932
"N_all[9,8]",555.288043953527,1.88219979101116,151.114266795453,292.339287450997,448.961009159376,546.119858382706,651.257170453322,874.370487721269,6445.83960985342,1.00031983826357
"N_all[9,9]",235.059725686733,0.603772393312668,52.7134152291129,149.350079626344,198.068009944178,229.414081176124,266.271313988134,353.744332102773,7622.47143822645,0.999712188283363
"N_all[9,10]",567.002704209961,2.39251145658669,204.145738380253,271.674779514474,429.174159833616,532.237724580268,669.507178273262,1038.43409272621,7280.69074654713,1.00009791416352
"N_all[9,11]",354.672040793867,1.02475293050421,87.6577272359143,210.725765341085,296.292070704501,346.267748582204,403.026894205484,551.035794554049,7317.15196178132,0.999771883530378
"N_all[9,12]",2125.23661211435,5.12897980280629,459.163698778794,1401.60036383876,1806.37846068464,2064.09687026202,2383.61264689805,3199.93766528736,8014.43873913498,0.999961441731741
"N_all[9,13]",1208.58551892059,2.8417370692201,236.210086929384,815.544316800448,1047.6781870762,1182.28288039874,1342.65366653918,1737.36804206036,6909.22115172831,1.00007965475969
"N_all[9,14]",36.339210937979,0.19599203185157,12.0293196995859,18.2074659199528,27.9796868391602,34.5247680445465,42.8291803674478,63.9009486275915,3767.08399458452,1.00101522428766
"N_all[9,15]",52.5054099165294,0.417788669481522,22.5917193281936,18.5154993615695,35.5207905314059,49.9456829458423,66.2514646303664,103.530363810375,2924.05308278615,1.00181773260836
"N_all[9,16]",273.591357130454,1.11864579333593,77.347158067137,142.457128583542,218.122909592161,267.012344718036,321.112861698861,446.184429814924,4780.83257394167,1.00006372776522
"N_all[9,17]",498.982311808289,1.57090493436281,122.76463062053,300.786165129933,410.62309899191,485.483253499402,570.556799893613,778.913461510335,6107.26430113434,0.999950866984882
"N_all[9,18]",9209.35827792467,20.2008017281242,1708.30316711459,6252.77953678774,8051.41379076925,9063.64468366995,10237.2814075717,12983.2485129956,7151.42650913321,0.999618714249143
"N_all[9,19]",692.112741322393,1.74340151742509,140.816426604724,447.46266647348,596.393402908082,682.098115649123,775.230195972101,1003.96033283304,6523.96765797199,0.999860462202277
"N_all[10,1]",390.816387904797,1.29584863783755,85.1357749051668,255.892196487926,332.408629434674,380.624632786969,436.629825641903,584.044779711269,4316.33986730506,1.00039672512993
"N_all[10,2]",1194.89017283988,2.97745808715544,265.249944131199,769.123281692609,1012.89199095295,1161.49602582139,1345.209793693,1799.23093687777,7936.32215669143,0.999860667819619
"N_all[10,3]",135.030187662466,0.486209823213016,38.628300242191,76.6076960203501,108.783796946881,130.297434154442,154.563691627173,225.637134306115,6311.9527449432,1.00062356117753
"N_all[10,4]",46.5123550330227,0.314104586744545,25.3245452487967,14.7931531888771,30.0990105017367,41.2143206459293,56.6026510440605,112.742285417841,6500.32026480742,0.999731169084971
"N_all[10,5]",1916.83535493181,7.89730095280844,572.305508835348,1058.28050754928,1518.59191044813,1827.30796031657,2211.9801957615,3267.06440983543,5251.682661546,1.00004259174829
"N_all[10,6]",617.63320590302,1.32917540530807,113.070160036403,425.966785508875,540.068830490374,607.830393738215,683.869267693722,865.274029904254,7236.54755603475,1.00010923002208
"N_all[10,7]",2469.56337763188,5.51348786046129,462.781142023064,1663.30308790611,2154.21328345662,2433.1337485326,2749.37526697261,3503.47643233522,7045.28330374361,1.00006842645039
"N_all[10,8]",759.948532313402,2.716515066512,211.476405203925,406.966322007662,608.08233707976,739.502876698863,886.624299746954,1234.36748721221,6060.37646037489,1.00028748966034
"N_all[10,9]",307.636192167741,0.746232544824563,64.7096110976529,202.519541489481,263.380118317621,299.789017855581,343.078660920421,456.600776133516,7519.50423359197,0.999671004913205
"N_all[10,10]",710.770797236675,1.97712354430794,172.268080955287,435.000117500458,594.605228324563,687.803860768385,804.514876038739,1114.12301634853,7591.75205642438,0.999819209563575
"N_all[10,11]",386.72682431789,1.29391891264534,97.8952513702814,235.679669670347,319.081893816,373.473959084592,438.958596851342,608.83640443564,5724.12527813689,1.00001913522081
"N_all[10,12]",2847.9722805505,7.04480965577486,615.543919548902,1846.60429405594,2427.46158613249,2772.5711373198,3193.01392858136,4257.44664555446,7634.48180719028,0.999683925068261
"N_all[10,13]",1582.79225487675,3.78416828156828,326.170912566197,1048.29344341126,1356.18768447552,1549.74870298067,1766.42252866485,2325.73869597814,7429.32872581122,1.00043687439183
"N_all[10,14]",67.5248066208499,0.287281043224077,19.6388277221789,36.5048812010112,54.1236094580586,64.9420733761797,78.3965439864853,113.504157495503,4673.2302836485,1.00033850696493
"N_all[10,15]",80.3347282254314,0.332642796487755,27.2333550665047,33.9851445140866,60.8947396083664,78.3644363847542,96.7320714502864,139.899561396087,6702.64241805871,1.00000446964197
"N_all[10,16]",374.272165179769,1.33695736121451,97.046151449677,212.941448846341,303.261969020408,366.102056103831,435.4020009447,582.878107034213,5268.91898621745,1.00019471960003
"N_all[10,17]",782.015053332968,2.13489850642262,163.826843210878,506.643167439123,667.393074612742,770.419595076808,881.023136239022,1137.16937878912,5888.64887190813,1.00005030899352
"N_all[10,18]",11157.271617119,24.6022796162072,2099.5055634358,7624.23119649322,9699.60570478633,10950.0614517333,12404.0219701292,15818.2046954368,7282.54805911727,0.999871417763464
"N_all[10,19]",788.374055352313,1.9159564789158,159.771145475479,521.88547039316,677.713945584549,770.653804526233,882.096428817149,1148.91878638757,6953.85159655419,1.00085242001258
"N_all[11,1]",228.705586500766,0.703275711328937,50.6731290567464,144.992428617656,193.146121915414,222.835358356327,258.396226566966,343.855455539087,5191.63567542041,1.00018351233986
"N_all[11,2]",579.274840327326,1.26546325021363,113.470739167827,389.338557995434,501.453144157332,567.906651631358,642.665361332997,834.610700606672,8040.23408099411,0.99977704981675
"N_all[11,3]",70.4664209212974,0.171241075536034,16.2728998150639,43.6702282692787,59.1503547790065,68.7969687330092,79.9612198157237,106.965268341977,9030.5459666376,1.00015452669802
"N_all[11,4]",23.5461863562958,0.11206718251085,8.63339785619667,11.144164919692,17.6619468101705,22.1283904448101,27.8119948695367,44.4349142232544,5934.80704267046,0.999843831251582
"N_all[11,5]",788.531420265999,2.90461055072197,229.159020826426,403.199755394677,634.53489624679,768.413466955844,913.539392283043,1304.40217541313,6224.40860802329,1.00019761531325
"N_all[11,6]",308.184953654547,0.609635218545615,55.0146830253039,215.063141587016,269.812641006064,302.618706887484,340.710475803635,429.997377986119,8143.61312649747,0.99993781060125
"N_all[11,7]",1245.64367359257,3.36522510367995,231.970725934758,839.01534699284,1085.63108153608,1230.08079526998,1381.67327289864,1757.003091975,4751.58084848941,1.00041478760683
"N_all[11,8]",356.004446583421,1.00148368252647,89.2570318868282,208.46858353125,293.288255351301,346.822142793764,407.232674788509,557.079524703298,7943.22979320875,1.00003102231456
"N_all[11,9]",161.722038757781,0.505589775182391,38.6896350038892,101.623861932266,133.947194714168,156.648123294708,183.839495817863,250.519248698224,5855.88717325009,1.00027782370847
"N_all[11,10]",361.174365872698,0.955227832277426,77.4225127220597,231.23475366708,307.385797863631,353.689382647247,406.05965876096,529.547769626913,6569.32258554731,0.999811451208513
"N_all[11,11]",202.244998765752,0.58007859537447,46.2805368074618,126.856729131568,170.065503335075,197.194925574914,228.115519397777,305.354747521326,6365.361812699,0.999933475813242
"N_all[11,12]",1360.95995081991,3.15774351564897,257.933111839044,940.952498854345,1185.21231578265,1331.13806717362,1504.55749035211,1937.53635113672,6672.06842376389,1.00089406046678
"N_all[11,13]",739.862142463216,1.6759891844075,144.017790247441,510.39130595434,640.695038957081,722.03176628661,817.901269337342,1072.26399925551,7383.96896389076,1.00025368781747
"N_all[11,14]",36.410790892629,0.159253437535462,11.0553545904843,19.3137206343123,28.887467856228,34.8550427865706,42.2186909906128,61.8289716018183,4819.11979778744,1.00015979390577
"N_all[11,15]",32.3531410182461,0.220059338741682,12.0749931035762,14.1826386423617,23.5247913563338,30.5954035203494,39.237131114559,60.4617948548533,3010.88505191076,1.00040699723453
"N_all[11,16]",217.881210265187,0.511714390005575,43.9507141597282,138.493795643016,187.531404368752,215.675752148511,243.878865276547,312.98597062396,7376.94614122535,0.999913021636759
"N_all[11,17]",434.069559949874,1.04162059879071,86.8751118754651,290.716345166371,373.811912256106,424.840809580349,483.910906163372,630.525542137284,6956.193178326,1.00020049366455
"N_all[11,18]",5635.35280325011,11.7152218446939,972.559866057447,3965.15376913125,4954.30105498953,5565.15376497071,6227.14219630275,7769.61644960578,6891.78394076547,0.99999470610942
"N_all[11,19]",378.94442644221,1.01145313304353,80.0670373527826,244.813363029665,323.711594122356,369.98586056303,424.70933484378,560.29863066189,6266.36936014672,1.00013911837049
"N_all[12,1]",263.685601922474,0.651709337114539,54.6746289872033,172.23908838015,225.525110560212,258.307503384212,297.62657303066,382.641743701073,7038.23563956712,0.999817682719245
"N_all[12,2]",633.730926411199,1.28002739434739,121.873113177397,434.06774399969,549.663188321821,620.826333951037,703.400667467434,908.587747867867,9065.19773602121,0.999836552158521
"N_all[12,3]",80.7769065069506,0.199006045971279,19.116634847946,49.8346409479847,68.0517462311215,78.4681460694139,90.7817349164202,125.20345160128,9227.63372513388,1.00016533056256
"N_all[12,4]",32.904304037208,0.107633537553516,9.35080579471957,18.1085486877345,26.5737095162431,31.7855781184167,37.9450809948192,54.4130402222371,7547.49520837535,0.99993283325737
"N_all[12,5]",840.592934733226,2.0587840181282,189.198014077855,515.403749603063,712.356814440374,824.718740553448,947.602107911313,1262.21400691889,8445.23172503268,0.999822496260743
"N_all[12,6]",351.451220762633,0.720577610456913,59.4821865397354,248.276261044467,310.478120897591,347.124816688395,388.099505350625,478.293322854486,6814.15992067356,1.0006135040864
"N_all[12,7]",1349.83764710932,3.02210341924733,257.141965444577,913.952911008044,1170.26976101578,1328.24701828873,1497.09011414227,1932.44831986909,7239.81174843519,0.999997276788046
"N_all[12,8]",418.148484282141,0.962014280300966,86.160273906883,266.041682971599,359.289213413399,412.160990844193,470.336128413926,605.745750397469,8021.41718703373,0.999940052343136
"N_all[12,9]",170.52975876856,0.445350157121159,36.0041319535165,110.944491711698,145.114573074151,166.576681311451,191.60256955707,252.550052714156,6535.840868468,1.00028338529679
"N_all[12,10]",389.263350948586,1.02583582912173,83.8892555214461,256.1767944115,331.465979501465,378.185431847479,436.545176126996,580.574435867199,6687.3946514724,1.00005260218737
"N_all[12,11]",239.217555025001,0.795599100419104,59.7249072654453,142.990933201017,197.537406417185,232.253357959477,273.086256439296,376.306220263986,5635.36955518331,1.00008453499825
"N_all[12,12]",1516.15957717511,3.266622459067,267.950010397576,1047.40703960828,1329.93610856451,1493.54039233554,1680.05570500781,2091.84136002126,6728.36695432557,1.0007872032653
"N_all[12,13]",812.009373699575,2.03029477242271,173.644579157838,533.828609365789,691.334679520883,790.50859715621,906.675525620403,1217.1478534476,7314.83050339875,1.00009143262621
"N_all[12,14]",35.5920073935435,0.158907035278903,12.7461548705274,17.7046771253704,26.8841225572492,33.3476273688585,41.3172206318026,67.5930700616648,6433.86778234151,1.00016492893658
"N_all[12,15]",35.2554234329423,0.282635989483649,14.9913524440823,11.8284769714703,24.0425846384462,33.8105788055584,44.42073432955,68.4948402169414,2813.36904707828,1.00020596392693
"N_all[12,16]",261.55281128869,0.57306314655681,48.7226293514975,175.643110686584,228.958577890632,258.160423439889,290.214404310024,368.297427919854,7228.63796623509,1.00010527046492
"N_all[12,17]",555.738579774719,1.4277804062394,114.985026401824,363.615725126165,474.913730309877,544.900192590635,624.919038414053,813.840747153725,6485.74311150982,0.999719488156827
"N_all[12,18]",6410.26614957934,14.2345119226651,1069.43703417569,4507.1350405522,5674.83799081692,6343.09823744994,7054.11979558426,8719.2966224726,5644.49740751642,1.00017247693506
"N_all[12,19]",432.789750675844,1.26391093260376,98.4798524510762,271.910618811238,362.000922653036,423.580964241496,489.999401943245,648.443310150692,6071.0224325969,0.999942454960908
"N_all[13,1]",219.484638220064,0.497678210083395,45.2343591732947,144.691067193042,187.721057424995,215.165429211888,246.192683268466,318.800268379297,8261.13333009275,0.999989280106444
"N_all[13,2]",539.285010987342,1.16588827456276,110.622342089419,352.534553655108,464.148822876172,527.692832621257,602.381211324117,789.811852427142,9002.68032268615,1.00012119452334
"N_all[13,3]",72.1168545875552,0.214747392430518,17.7909740868372,42.7788274113413,59.8848474818801,70.28564941565,81.9928067853166,112.75207970302,6863.46867662594,1.00046101474587
"N_all[13,4]",34.5106935440135,0.124826364043921,9.76164280346932,19.0165182594932,27.8214110762072,33.2222223272953,39.7641561505044,57.441458218126,6115.51707241752,1.00005066652014
"N_all[13,5]",658.032007537828,2.05793764795733,158.194281714793,404.910089537005,545.857721862303,638.138207352369,747.3298600784,1021.3486167076,5909.04282299951,0.999998164017582
"N_all[13,6]",298.938050799126,0.601167039296235,54.0713957735662,208.557702307915,261.8342315677,293.356775071655,329.725574333286,418.299840689447,8089.93139212476,1.00034022628917
"N_all[13,7]",1143.72963260548,2.70267130621831,226.861378260075,767.506419135353,990.874775927669,1124.30484078141,1271.94693802513,1647.35444553409,7045.87072768696,0.999822512782791
"N_all[13,8]",345.054568825529,0.776559727370714,67.8272750454587,228.639121757102,298.869383213735,339.097284136083,385.485703843531,494.252606991166,7628.84886281423,1.00027347372609
"N_all[13,9]",126.408451651845,0.317600501262525,26.4726795361853,82.1931685907039,108.24036815105,123.720083894424,141.573859801325,187.12875438067,6947.57824050854,1.00049547624406
"N_all[13,10]",364.078312209086,0.993324533696228,82.6334398369148,228.986638332872,304.76950501405,355.378869838856,412.459477214176,545.166484380843,6920.37039351407,0.99999956505672
"N_all[13,11]",175.507797143111,0.474292596147523,41.6138028394193,107.481652237731,147.016912018485,171.155932188346,198.490721604927,269.490530522049,7698.07468049758,1.00001905710607
"N_all[13,12]",1202.13748285666,2.68495364134405,221.509175494795,823.066547394447,1051.89476690143,1181.01584206789,1327.00524990692,1695.06723616863,6806.28073197881,1.00054818641239
"N_all[13,13]",600.522664505079,1.4607935805583,115.760284136831,412.013721408123,522.322655319883,587.473410830448,665.10647958225,862.874674695626,6279.73713404526,1.00006848027376
"N_all[13,14]",47.614479238888,0.43092100861895,21.7764329052848,18.2257826265959,31.370054580098,43.2989056177651,59.6963303959632,98.7495981569305,2553.74863585653,1.001845491105
"N_all[13,15]",42.9147037432732,0.144720381593954,12.0819484454545,23.0008677364556,34.5927557662705,41.7395060916873,49.6487574756969,71.1266455939776,6969.70759930879,0.999832167991105
"N_all[13,16]",234.88913751385,0.503005460686468,43.9033607308743,160.519009638807,204.50164527599,231.105198139677,260.752889804792,332.159837804081,7618.16075020441,1.00014498145074
"N_all[13,17]",498.43163273941,1.34347987843704,106.98009744069,333.514485619767,424.250191207192,484.118409310011,554.899453703418,746.283839524113,6340.79402350783,1.00113361699775
"N_all[13,18]",5313.08638586805,12.7581466789154,918.965009564163,3753.51456044124,4673.65167067407,5230.53705859065,5853.39616042297,7393.45119169196,5188.27239454532,1.00012419225688
"N_all[13,19]",422.332790319897,1.08741802871772,91.7307682177882,265.225380449073,359.304484350046,414.365848534701,474.667590748069,626.677364300953,7116.01742877156,0.999854345977301
"N_all[14,1]",440.525335017272,1.0504663604691,85.5743718186439,297.833194070833,381.470246699807,432.308079743572,489.807698887643,635.288268753482,6636.25614966637,0.999969530311273
"N_all[14,2]",1102.18770430197,2.45583487708401,232.759713088833,725.692007453845,940.625090300567,1075.23979399423,1232.98518451421,1639.01743475193,8982.91521809124,0.999646076981041
"N_all[14,3]",146.592493395855,0.437802095633355,39.5147062092312,79.9478243083341,119.081633688118,142.741092283343,169.795754984035,233.197481109648,8146.32706480964,1.00012753759188
"N_all[14,4]",106.925560616268,0.317274211908843,27.0690544604477,62.1920533061029,88.1776461030627,104.405982353006,122.696248307089,166.212413617942,7279.08219868114,1.00001091258054
"N_all[14,5]",1445.68331559465,3.46183619464878,312.047200658437,886.236854948852,1231.73920896084,1429.45637740095,1630.25339006099,2122.27029984157,8125.07826902959,1.00038371061969
"N_all[14,6]",661.452789295817,1.27073887249189,111.662721012894,465.714118955327,585.431040496657,652.920663657279,728.81745182053,905.446556622532,7721.5374544295,1.00003910809184
"N_all[14,7]",2623.82378501526,5.26194405593531,484.686295166101,1775.53940363974,2292.60400796591,2584.00838374586,2915.56040058508,3688.95483238017,8484.55417397242,1.0001854706996
"N_all[14,8]",762.227144237513,1.74767483649997,149.153531654753,506.642766687816,661.228229524425,746.930898282261,846.618353478387,1099.64171473124,7283.59544592376,1.00026506961722
"N_all[14,9]",256.187721655289,0.676678702263279,52.4079281221395,166.434710747161,219.854196311088,251.98830617196,288.810233242935,369.888089532207,5998.31081775847,1.00000947086786
"N_all[14,10]",724.992295140892,1.88454712507728,152.15040057357,472.333631901603,618.623471080245,708.504303006015,811.175202758747,1063.35547248409,6518.26775592668,1.00042041294098
"N_all[14,11]",319.512982253819,1.25487975962332,84.8507109430028,183.027706764653,259.224303943943,310.584603031092,367.783834053789,517.770392094549,4572.00547799616,1.00075358970778
"N_all[14,12]",2564.26782091699,4.84315039127993,430.941438695388,1817.62286172634,2268.38394375631,2526.2107947136,2823.58705819861,3506.22801448475,7917.36385658634,1.00012422137416
"N_all[14,13]",1194.20430954205,2.72495394821344,222.022676947743,821.791710610262,1040.17042447893,1173.36282625734,1324.29608603302,1694.1386772446,6638.59745610655,1.00031834418869
"N_all[14,14]",82.8440443324895,0.549003220171376,31.4787250781057,33.5456861591677,59.7079655616284,79.2604817173403,101.801776733196,153.107606168523,3287.64174052375,1.00178376816217
"N_all[14,15]",95.185601318395,0.326626221160164,25.1816017981906,54.4942667484999,77.9025795105323,92.2025509920664,109.076371904859,152.996375489474,5943.80579756728,0.999896775474251
"N_all[14,16]",551.478677442722,1.22108553828997,105.039562239465,374.68803521488,479.109486688255,541.085523892324,610.187308648545,791.589526785046,7399.69178495051,1.00021726810125
"N_all[14,17]",1239.87499709602,3.48500917295228,266.043737369428,808.814284550061,1052.06819641563,1211.76731723923,1392.99419718598,1849.91878068966,5827.71398597616,1.00029071884626
"N_all[14,18]",11664.2785121372,23.314964988078,1976.76430724423,8266.56419517217,10324.3963623721,11496.8643813946,12824.4076035723,16033.8117607335,7188.53259541126,1.00021681804995
"N_all[14,19]",906.927152493594,2.28323616448116,179.960177088895,605.8461830845,784.039819605953,890.500664790416,1007.89644733309,1326.54456643275,6212.28189310612,0.999982818970357
"N_all[15,1]",295.81951685053,0.682877951516639,55.5304984145397,201.151234670841,257.979782964733,290.944834097459,327.938538600887,417.481999591378,6612.67169981688,0.999769613969655
"N_all[15,2]",863.659141138054,2.91673219407783,228.505084449016,509.809239877803,704.219558806661,829.956403289299,986.141968549266,1409.83831705665,6137.60062468701,0.99985123788409
"N_all[15,3]",76.298592757717,0.370072007588882,25.1516591723124,38.8740928505194,58.000766157836,72.2424838905061,90.2419469894951,136.903019958989,4619.13660796948,1.00011630125211
"N_all[15,4]",104.10567814278,0.319100030272996,25.8627169658398,63.6706329736675,86.0652490545136,101.167944117477,117.828336284069,164.159444530732,6568.92953634706,1.00007034782131
"N_all[15,5]",982.303232685004,3.78616863019191,258.045037285257,548.023342745476,797.654923907123,959.006343047103,1141.41540889412,1551.03216666653,4645.05773702567,1.00037836717077
"N_all[15,6]",500.640126955405,0.955348741575277,84.852538575814,355.489872223732,441.483459968298,493.963445956571,553.276479982039,681.168786513796,7888.70667376966,1.00024326336945
"N_all[15,7]",1962.78009421168,3.96462810537563,362.356492976623,1347.04003099702,1712.62928420926,1926.06514788302,2174.80653416489,2754.45749884121,8353.47514485158,1.0000974456263
"N_all[15,8]",634.317845256603,1.42483093918797,120.18604943481,431.155135857779,552.766027139423,624.299856443198,704.065097825177,898.662407554874,7115.10717139039,1.00071324119058
"N_all[15,9]",168.746827466119,0.5538845551309,42.5792432213767,103.006216078794,138.620648605335,162.988210251256,192.178595610452,266.154297999843,5909.59020531475,1.00080623945027
"N_all[15,10]",468.785942949031,1.08343367547126,98.0338162886135,300.030031131884,401.270745645788,460.92484210876,526.772594431006,686.596767848324,8187.42166976347,0.99991141858875
"N_all[15,11]",242.480051455722,0.657005637197303,58.064905959456,146.476263198295,203.710481468513,236.47675939043,274.107639024405,370.973690969962,7810.6874981858,1.00010376948841
"N_all[15,12]",1901.48465318096,3.7551862445766,322.391527370358,1354.2657811191,1680.74009282871,1873.10893509445,2087.46311592152,2618.00607958335,7370.62433549404,0.999951456998647
"N_all[15,13]",852.867171853605,1.81596038117069,152.254655353553,590.52912845441,751.452998793116,839.724552115303,943.177500006805,1182.61593202031,7029.56453802656,0.999952653086127
"N_all[15,14]",32.8687696613783,0.288359384094288,17.1849162138254,10.5295392689808,20.7592138620475,29.2118034010484,40.9941629536972,76.0899222921489,3551.6213630047,1.00106030601075
"N_all[15,15]",59.7973775935656,0.20050665555166,16.7963008068145,32.5155439235241,48.4852281518251,57.8973039566204,68.7315903817756,98.0434452800093,7017.29447433377,1.00013875775827
"N_all[15,16]",484.775630326833,1.26222588993683,97.5410266853069,323.849188448088,416.237320508582,475.2984009359,541.545222165909,704.148092667764,5971.73431129623,1.00002388551004
"N_all[15,17]",985.588881614764,2.59072495077945,193.382688775545,666.755948759642,853.297496400335,964.846242153053,1096.90427337713,1417.02214775581,5571.76220650006,0.999919112469072
"N_all[15,18]",9143.27507728965,19.0186615085658,1545.75179893967,6430.67765241708,8086.42328910819,9031.17561277363,10073.8095840056,12556.4036545332,6605.71181900596,1.00039472027696
"N_all[15,19]",665.411464656169,1.60516935434554,137.508647088785,422.739520929444,570.427881833792,656.429801420502,748.48068138484,968.489972548029,7338.68588333612,0.999866451795521
"N_all[16,1]",206.58274783814,0.521117040903845,39.8861820717219,138.534569837576,179.492798576622,203.216614619645,229.03243206115,296.91594170417,5858.33745440941,1.00004905714226
"N_all[16,2]",601.149905132677,1.97885467169111,165.4317257574,352.227078130721,483.756783227335,577.167757529842,690.162762339454,998.475529372062,6988.9156583162,0.999874023346381
"N_all[16,3]",53.3866147718669,0.326035195671437,19.8516217991784,24.0717668149369,38.9252026763736,50.0831269917858,64.9159258572225,99.7225269066411,3707.34510966679,1.00111359654929
"N_all[16,4]",96.493606335684,0.376113235831041,24.8938982779007,56.7099666088866,79.1290069454205,93.7979889757067,110.26599277773,152.201738509103,4380.75118607171,1.00051276575827
"N_all[16,5]",807.802505459058,2.0763777753631,175.469105700241,508.707425706703,685.466614238675,793.63753495865,911.862464929747,1195.882966817,7141.48587977598,0.999999957832109
"N_all[16,6]",380.129877151338,0.700856404023635,65.3689810558619,265.208428002312,335.29321143612,375.813743921254,419.138480224879,521.418737331403,8699.32064789697,1.00000761778344
"N_all[16,7]",1574.0289136652,3.2744221184102,292.203148624644,1083.72513204868,1374.01674823192,1546.57761859881,1740.0666936474,2234.80568658437,7963.43523103736,0.999826061693388
"N_all[16,8]",497.671355943487,1.09818159205268,96.0080335741079,338.216409162269,431.808489167278,487.640146864005,551.139658726374,712.702497948505,7643.05227238002,1.00019383990595
"N_all[16,9]",127.955205633676,0.397383645556146,33.3383386734553,77.1829289590751,104.677388172563,122.659630691609,145.819462387117,204.957318591144,7038.30250859911,1.00047099020084
"N_all[16,10]",302.598374686271,0.922586060089027,74.1844074333099,173.575601908152,250.390566601276,295.76265727214,348.192770253108,462.005033912135,6465.63951617779,0.999587904717828
"N_all[16,11]",176.683823963634,0.538941388803355,43.8143986230528,102.405773803952,147.236579025209,172.955003656135,201.468333423892,271.953960104869,6609.2265064981,0.999756361726204
"N_all[16,12]",1445.41644930014,2.87219712460814,248.464468004199,1015.66060700189,1274.04440093131,1427.18423798389,1593.0587733448,1999.89389025941,7483.41956623934,1.00022498453784
"N_all[16,13]",641.028718022964,1.46110152241551,114.610579557454,436.560623807385,564.286244842217,632.741487023416,709.907736630049,885.800249102651,6153.02430740103,0.999826588866398
"N_all[16,14]",23.8602058165975,0.175041294977297,11.2562757369941,9.4912524579642,16.5566128378974,21.5883188044066,28.2814351340962,52.1252324203906,4135.31323207455,1.00077453193938
"N_all[16,15]",40.490078178561,0.219159899529413,16.2915466116696,13.3116200505959,29.6552273051397,39.0923641146017,49.3280638778632,77.2470509050001,5525.89266966379,0.999815867964084
"N_all[16,16]",389.581914837434,1.09000540136536,76.765009816508,257.643777611168,335.917589888877,383.012770177514,436.32412232935,558.364287091376,4959.85887531544,1.00037044620132
"N_all[16,17]",783.024631698716,2.0652088275562,155.933870513035,519.666315940487,676.212057512339,770.304335840187,874.312155775124,1128.55368176403,5701.02535179008,0.999669888434903
"N_all[16,18]",7257.49055653696,15.5218087550747,1265.74968795229,5040.46324967446,6391.0392348989,7147.32127708437,8029.68850248338,9999.73344701763,6649.83702421851,0.999924284294185
"N_all[16,19]",465.589453864632,1.37444148495873,104.222396277123,292.623309113479,391.641442238593,455.859044376625,528.733003847291,692.663289186725,5750.02321816331,1.00045957481843
"N_all[17,1]",232.125261121686,0.485626182853767,44.6423875712318,157.875100944148,200.511505357555,228.1089298824,257.795017288452,333.197603881372,8450.66020086752,1.0000456866112
"N_all[17,2]",774.14072756065,2.408129854998,194.591832350999,461.226074723521,635.231927071968,748.90519959324,889.287432697132,1212.83923927513,6529.64260687209,0.999703367742783
"N_all[17,3]",76.1366839454833,0.310507528345056,21.140208647148,42.5148561905625,61.3026659075232,73.6033848834326,87.9056197750297,124.88550773184,4635.26182184088,1.0003016827371
"N_all[17,4]",131.101063027664,0.382188108851692,32.6318468901315,77.0786833657624,108.897082050212,127.677477523925,148.936714163207,205.238341691789,7290.02416665367,1.00012308800223
"N_all[17,5]",1106.0579765203,2.71628188784771,238.390514121145,713.865954286428,938.994718761674,1080.55656731836,1247.10877488719,1638.76638750168,7702.43895370297,0.999978594888962
"N_all[17,6]",477.956094816465,0.89517366957009,82.9051930579435,337.44802330183,420.794939780866,469.301572468062,525.279430400486,662.983674789643,8577.26584719034,1.00003418010676
"N_all[17,7]",1991.65239186829,3.97051704057317,353.227347251003,1394.81329956473,1749.85617635711,1960.50406432316,2196.54330863734,2773.0919692858,7914.33649015072,1.00035122746108
"N_all[17,8]",627.357377871388,1.4504699714363,121.567406441892,427.700226593548,544.55653052031,615.754110496289,695.600382275438,901.059026743582,7024.5226706084,1.00048504045163
"N_all[17,9]",173.579613710379,0.574565421295613,51.0298327698202,95.8781451261689,137.61053401316,165.739307545242,200.475676953883,298.241651239391,7888.04390192634,0.999910690592528
"N_all[17,10]",378.101110285395,0.863707386914347,75.6621975541189,246.130905894952,324.473349696788,372.527350986638,424.748272699914,541.710386215206,7674.0501665991,1.00002673593855
"N_all[17,11]",191.35913653808,0.815545403098033,53.6480044365999,105.929246498179,154.205629806831,185.098980332623,222.542045034088,312.057609078865,4327.23873249282,0.999717600010923
"N_all[17,12]",1764.6400851409,3.39059335817387,301.488092013262,1262.88571942365,1557.77663117056,1736.50163867956,1932.76156391789,2455.64184441648,7906.5844277931,1.00043392854104
"N_all[17,13]",776.651207897232,1.61932819803623,135.477859512065,541.55350186585,684.099591032205,766.26021719618,855.970178629699,1081.68294503619,6999.49803189588,1.00013636127704
"N_all[17,14]",31.6004178280746,0.377582467908068,23.4638735011597,8.39414236575259,16.7731848283119,25.1367491307213,38.867261645679,92.6632594618116,3861.67549050893,1.00063157721728
"N_all[17,15]",58.7662910131944,0.264080626026767,18.5360347402866,28.5216471435563,46.0761333061977,56.5641089208687,69.2004904536801,101.949534368925,4926.75070904862,1.0005791191825
"N_all[17,16]",484.072109725779,1.0428588732099,89.7022721409414,335.171480884031,422.490919166373,474.215736456177,535.993079276577,681.209506848787,7398.70661158906,1.00013658633073
"N_all[17,17]",969.534622577226,2.07247005999649,185.068903172916,657.392471513518,841.614060131444,953.261914774008,1074.91022142246,1384.42998542173,7974.25963365543,1.00003521538864
"N_all[17,18]",9277.27818716154,22.7035610934961,1642.70809756428,6420.93617938397,8170.98739743954,9124.5084527216,10237.2646411264,12968.6022382792,5235.19461743698,1.00007069797141
"N_all[17,19]",610.78410357056,1.50730333839591,121.238347672698,406.672040439795,526.573768260286,599.172061153375,681.368149832533,887.876233603536,6469.61885231081,1.00007339756804
"N_all[18,1]",314.768804822332,0.599587021221317,57.820649156161,215.01670653644,274.48910770137,309.830531034604,349.784592640654,439.566250100373,9299.54027258469,1.00002707982392
"N_all[18,2]",1006.62580072656,3.14875973123626,236.581949950104,634.187715295476,842.102307207226,974.945443971604,1134.87426168892,1558.18002321821,5645.26285818562,0.999822310196845
"N_all[18,3]",134.768848140263,0.396166012588562,31.5029072974853,83.1642715116153,112.977795125105,131.552533584182,153.066136950007,205.584621543787,6323.34448099177,1.00011105170723
"N_all[18,4]",174.676078641072,0.631050047154844,47.4820214452621,100.169975809092,141.542544952708,169.212452578689,200.332014006945,282.895396985238,5661.49062659922,1.00083640313936
"N_all[18,5]",1921.32056467871,5.10905353174374,423.813695979459,1220.19578562474,1627.27434193078,1879.74976718729,2168.7787773204,2869.18190148045,6881.27744158691,1.00007995655845
"N_all[18,6]",717.073225163089,1.63933011395484,136.247419773419,488.215235050087,621.274643410725,703.557912123619,795.056605604235,1019.83782290193,6907.54526129985,0.99988313204649
"N_all[18,7]",2836.10815547857,6.07925258725242,499.875964687299,1988.64259515906,2493.89760585766,2790.18718485694,3124.9121704419,3943.29848324661,6761.20546698405,0.999808157750622
"N_all[18,8]",863.477102027769,1.81228509676481,162.785665953707,590.165464419917,752.883974907289,847.035537310837,956.011521013515,1231.79139264783,8068.24881728997,0.99958075846501
"N_all[18,9]",240.593337914427,0.785861772857028,69.9937388844076,139.167728564853,193.00785466117,228.203624096404,275.08612667818,411.556386938198,7932.79184736241,0.999602149925146
"N_all[18,10]",531.152644505599,1.13754583378242,101.202922922391,353.305201918048,460.779589686866,524.415952879951,591.271721632223,756.770674033717,7914.95232722358,0.999761249166967
"N_all[18,11]",285.272220918207,0.910480565779529,71.7707135014406,165.473151469458,235.821332498245,277.507001533335,326.958532893023,445.679295012113,6213.74128570203,1.00000985070862
"N_all[18,12]",2519.62107172749,5.43778824688468,416.702038111345,1798.73751290855,2232.63175445238,2486.06469801895,2761.47248998422,3445.96994535361,5872.27879055341,0.999877376546729
"N_all[18,13]",1103.73457174081,2.54624901346393,187.713044723855,775.046453908948,978.11773842335,1089.40181267459,1215.5989651037,1520.95693319673,5434.84497446079,1.00008723184242
"N_all[18,14]",93.6573007038753,1.92529978369889,88.0678206577204,13.1265850743126,34.227954133772,58.9523750203925,123.70465789002,330.329679230646,2092.36657956408,1.0009443799405
"N_all[18,15]",77.4527902439948,0.344207008748476,21.1516764420586,43.1716529806088,63.1144031903042,75.0847521157981,89.2223517587652,127.024785738839,3776.158112738,1.00076022075678
"N_all[18,16]",698.758414818733,1.47456844271354,127.670116160548,488.52443575949,611.582095337889,684.069021813748,770.885163223048,995.85494136944,7496.32896096701,0.999962621124243
"N_all[18,17]",1466.31746651753,3.11370153256529,262.763960471125,1020.04337835881,1286.87261846009,1441.84014891818,1615.39343248202,2057.09642346046,7121.60098993264,1.00088794138071
"N_all[18,18]",13166.0672812073,32.5394905428638,2353.43527345818,9006.75656641452,11551.126904816,12996.8360614443,14589.0675767006,18345.9121077654,5230.97950702989,0.999843772454455
"N_all[18,19]",927.804152531471,2.02613508157783,170.130480423671,634.339657983563,809.566977349479,915.998717215823,1027.52952662223,1299.82329795011,7050.62252864622,0.999764921383728
"N_all[19,1]",332.413722669957,0.675665016915429,62.6505581512637,224.636396343001,287.908720135477,328.233858389296,369.745772677352,473.48736581385,8597.7937309244,1.00048446333104
"N_all[19,2]",1151.58964164644,3.07632540229202,257.324696493293,731.86585901504,971.025847168024,1124.54363238064,1304.89471074582,1728.61588118281,6996.78284505336,1.00017856703746
"N_all[19,3]",169.919193237567,0.453012875821681,41.2945868801881,103.625407823102,142.209641031205,164.773941940353,192.306952799208,266.758054300904,8309.31378240759,1.00025123981129
"N_all[19,4]",215.67474576833,1.01333724720828,68.5908646482681,113.022310825425,165.717381253716,205.508798207786,254.173641882663,369.282858145368,4581.67777618426,1.00090154363897
"N_all[19,5]",2238.37255844222,5.48229749708286,488.635458602675,1456.15104567419,1904.76451008034,2172.83753479754,2510.94030778278,3342.10835931986,7944.10106071794,1.00097340109628
"N_all[19,6]",782.159450765751,1.72147317433674,148.516159629555,534.160578709245,678.809243583214,768.059718599123,869.434241700668,1112.0484713386,7442.98086031897,1.00036148964291
"N_all[19,7]",3137.21542802656,7.06717215534146,600.245001437342,2114.19021252198,2726.57008442688,3089.97097102885,3483.6255898749,4470.62040107064,7213.82765958577,1.00028488920122
"N_all[19,8]",974.253779231259,2.55545251171902,206.205810175404,634.951234796123,828.931300079338,952.466615983151,1092.27292237195,1431.92357870721,6511.27692740468,1.00057306302179
"N_all[19,9]",276.284109731358,1.2137950051694,101.486908181201,131.527906494016,206.210577907544,258.058910107486,323.894044746907,523.213726268923,6990.8398253726,0.99994004521172
"N_all[19,10]",531.522782275266,1.25966038799238,107.019644389003,348.940172673463,458.8067044718,522.725980254841,595.539048892914,765.146095907339,7218.05292454387,0.999744374976089
"N_all[19,11]",360.913799933558,1.15089788198455,104.254300619436,181.226018717429,288.500844387462,351.908002248795,423.586967574448,587.918285147195,8205.67622377033,1.00003482491531
"N_all[19,12]",2801.48713981707,6.01239110580285,495.856507081211,1958.02452815219,2465.12102836102,2762.36066866617,3083.56212428067,3920.10690563302,6801.70177801163,1.00004832323061
"N_all[19,13]",1233.86222216898,2.67295575824071,218.603294101434,846.665543720672,1085.35920357321,1217.63621214589,1363.50135482559,1714.70097519668,6688.51742589346,1.00032541715514
"N_all[19,14]",108.769259945906,2.62382629101609,177.566629582533,11.6497845396848,34.3360833371358,60.5156083053709,118.946131703102,497.719678093634,4579.86360078271,1.00068915556694
"N_all[19,15]",64.9326653513128,0.229626924694884,17.727328015646,36.3960948872683,52.9120354909395,62.6931208520039,74.5819585532315,105.151909346218,5959.92702786748,0.999742123116317
"N_all[19,16]",806.013703757116,1.8399808988085,152.4997360653,545.836085102415,700.521896530209,792.780161421334,895.265501330236,1148.63631210968,6869.28531306882,1.00053234204211
"N_all[19,17]",1696.23769973884,3.69055944627037,317.337648321398,1156.88486785395,1477.67984993017,1666.9138353686,1877.0781805054,2397.69380473264,7393.64828936085,1.00095735639469
"N_all[19,18]",14200.5310009244,36.2301961925722,2864.21439812873,9308.54829984008,12194.6010005196,13996.7104976773,15875.0951868356,20487.9509544853,6249.85117060182,0.999932950903577
"N_all[19,19]",1064.92080513075,2.51880682470979,204.472907280948,722.366546037889,920.712333907055,1044.52395938219,1188.24412167909,1523.62457346912,6589.94547571255,1.00018064820669
"N_all[20,1]",179.891796451215,0.466397980531038,39.0141412985434,116.198515131917,151.921873578465,175.603473821494,202.50795012135,268.259846222019,6997.30464615518,1.00015315837873
"N_all[20,2]",632.569006095722,1.59323306209385,135.287639588327,402.937169068632,538.673057121336,620.876747601239,710.507814354492,931.73232539412,7210.37112493232,1.00036389026546
"N_all[20,3]",133.456410262446,0.345091339966069,32.91069533197,81.2367662106954,111.522856339303,129.2037111301,150.941611631035,206.485177540778,9095.06892237616,1.00013941004243
"N_all[20,4]",189.849699835699,0.544721347559735,48.843675829522,111.503465833391,157.381004533476,184.200249602936,215.565079004632,300.879011217367,8040.21920492868,0.999787379275305
"N_all[20,5]",1562.78725815377,4.98305514299869,380.236615274961,958.160553835797,1291.86962158046,1517.07983009677,1780.54850129319,2419.49679252328,5822.59367749839,1.00076306813582
"N_all[20,6]",429.48002029715,0.987926476429408,80.379511592738,294.91455740985,373.567676038835,422.32426102832,476.036904855984,607.888873233475,6619.74829757125,1.00015912709002
"N_all[20,7]",1738.06585521997,4.15526179679175,337.78367978713,1141.70839631541,1508.87858217041,1712.68404302004,1940.19294456379,2469.18367903956,6608.15989427039,0.999785902798642
"N_all[20,8]",517.411521949223,1.26813636229252,107.383904366788,339.520837839289,445.425611698982,506.026012391864,577.275129518297,765.338973909964,7170.45095473646,0.9999259304235
"N_all[20,9]",171.193987427346,1.24806896902458,95.6081483969794,68.6492870033029,119.441339587558,155.002802836635,204.489717923412,361.248761712617,5868.3045454835,0.99980528537166
"N_all[20,10]",282.705052109218,0.875569659286333,68.8003625610448,170.051137028692,234.543626831963,275.635387288251,322.779637649329,436.797925780454,6174.47513784931,1.00056537854896
"N_all[20,11]",183.894972211651,1.23967654244643,73.7937584629433,63.4878610514287,130.700400627102,179.520178411989,227.259251598015,345.91932246559,3543.41887255803,1.00051432153169
"N_all[20,12]",1675.3354348176,4.13176183399682,335.195307113253,1103.33804083475,1440.07524867019,1649.45207552185,1887.37185290099,2404.12118965425,6581.50628037039,1.00014627487474
"N_all[20,13]",710.171409343224,1.59309065156464,135.086991820104,479.671297571525,617.782931556034,699.824304231411,789.547268020106,1004.34345301234,7190.28464200349,1.00094619415402
"N_all[20,14]",77.0351300559408,3.43270009791934,271.485311391644,4.57706658762708,17.4519492094838,32.5168594783751,65.5849703406234,396.498748404129,6254.90833632539,1.00012786222454
"N_all[20,15]",29.2113620587377,0.221283266024704,11.3833469880505,12.1494847852636,20.9117344595514,27.5324223249508,35.6998510657479,55.1582660444192,2646.32270482117,1.00023625572204
"N_all[20,16]",496.262746177824,1.25841709805408,101.781034177297,326.380507824464,424.489618976747,486.248391399514,557.309844730676,722.043125674211,6541.60772938446,0.999937664508746
"N_all[20,17]",1081.14575538635,2.77622383067944,237.322550677683,685.064649818316,914.117608231912,1061.65399947667,1221.91158266605,1603.7366249025,7307.50395538901,0.999838137433952
"N_all[20,18]",8919.27258132182,19.6442007217137,1667.97703081901,6110.53382545462,7769.44729434401,8786.50517377185,9882.66382321692,12672.2746426187,7209.60390936992,1.00085556454593
"N_all[20,19]",715.806167851542,1.8324299612603,148.171743003527,473.928533734879,612.140604002165,698.881334342617,799.539332548103,1052.10710856627,6538.46812868777,0.999747138515658
"N_all[21,1]",152.216123117236,0.367214016597532,31.4738027824095,97.5027495133001,131.049267620089,149.797756298139,170.558529209857,221.651775847252,7346.15247991543,1.0003946137514
"N_all[21,2]",484.275771511891,1.20229386762158,107.466829647185,300.415498642642,409.330581891456,475.865615819399,548.659971260934,720.233781621583,7989.64734044497,1.00069319976186
"N_all[21,3]",162.523633401291,0.468161956151824,40.3219402690648,98.1893670467817,134.745192810891,157.746865957545,183.861325930151,255.573145023489,7418.0645088279,0.999971768294672
"N_all[21,4]",258.99408825257,1.07948920163545,79.0832824227763,136.952896864852,201.622452894604,248.415032488578,305.128751985882,437.614086828719,5367.01450346784,1.00032025237092
"N_all[21,5]",1324.11276289699,3.40500732251,293.323663725662,837.792598967726,1122.56406669572,1292.19171281907,1495.48020806241,1977.81847008045,7420.92600688512,0.999916565418786
"N_all[21,6]",350.08215647998,0.710557015043614,64.3784401812837,241.502501617431,305.864108063838,344.420670649396,386.439652065778,495.508902774051,8208.86355752125,0.99992969370025
"N_all[21,7]",1343.02986876966,3.60030093636775,274.602764113307,863.447254056951,1154.52198948416,1323.34592774843,1506.52751440493,1933.90733976579,5817.44387598239,1.00015464244354
"N_all[21,8]",413.249370228362,0.99414543810416,87.7581830520257,266.950816075951,351.601723491301,405.639813604498,465.108965298296,603.10664013411,7792.47464885706,1.00009650446705
"N_all[21,9]",150.49050202446,1.58122188550132,111.879210367035,51.9423049654429,98.692328280695,132.2610684491,181.193277461985,345.905633876745,5006.25712518733,0.999983486822129
"N_all[21,10]",246.936484933438,0.700146748890803,57.0323249242514,154.678062951561,206.681082040698,240.887023234883,280.676096408859,373.157553593649,6635.35249082885,1.00031482426984
"N_all[21,11]",189.942179123169,0.75646400378447,56.727493944514,88.6231403830408,150.591213094261,186.72771587293,223.91641187692,310.290661721507,5623.55131199354,1.00036408620415
"N_all[21,12]",1333.46936416169,4.12152597382538,295.224171355039,834.576975074529,1130.42594477563,1308.97689471562,1507.69991402299,1980.62393224972,5130.83138173096,1.00001532684106
"N_all[21,13]",555.626471184494,1.2673607998067,107.887153110403,378.681694782809,480.097940519778,545.266607893037,617.857572549641,798.09228149019,7246.67736902355,1.00095387715136
"N_all[21,14]",89.3734638935563,11.758108864292,886.688734883385,3.29099710795355,13.3455297199351,26.7179519183169,56.5139254011695,441.108571314484,5686.79310423439,0.999991907073606
"N_all[21,15]",26.7003583713057,0.141867002603201,8.40249616277937,13.2682864149537,20.7580869825142,25.6496313268891,31.5765796254781,45.6098102480084,3507.95375677423,1.0007724267266
"N_all[21,16]",396.708698804017,0.953574253492183,76.3940078976677,265.186301875032,345.563263639111,391.192821113495,441.285858389684,566.480325549094,6418.1454837511,0.999829776831272
"N_all[21,17]",856.283956441873,2.60499737500846,190.260882437677,543.884834178754,723.593005922793,834.34983178179,963.753559179739,1287.20353658286,5334.38593876197,1.00018319328021
"N_all[21,18]",8057.66387565373,18.1919575375523,1560.06631627027,5373.77255893131,6974.39391812606,7934.86728456787,8990.60140817965,11467.1147254185,7354.06142029312,1.0002534837426
"N_all[21,19]",766.275428626494,2.13262054452939,168.129713687928,494.713539155302,647.722435579081,747.677825447297,863.221259684719,1154.27435606691,6215.2953274209,1.00001275874904
"N_all[22,1]",165.788165776268,0.449734910434903,38.0294930124324,103.984508576916,139.199326532949,161.580075001986,187.131176936299,251.664062990034,7150.35937481697,1.00013524283797
"N_all[22,2]",476.916056158646,1.56043653104847,127.22938506871,275.322583574073,386.78738683618,459.974018828288,551.020260914771,773.408965451747,6647.87184026076,1.00075462292053
"N_all[22,3]",236.774819715525,0.863482963527667,64.1069268271704,133.180251210896,192.644185740423,229.531457338342,272.847035846619,382.825904131156,5511.91319456302,1.00028011860712
"N_all[22,4]",344.306078063913,1.2306287752308,97.9797858585571,188.076155693474,276.82170084506,333.493819131164,397.850343252645,565.742048385355,6338.9721003739,1.00036631033401
"N_all[22,5]",1540.59523615923,4.40752176395239,353.745595884452,948.902760304995,1296.60272574845,1510.05610074919,1747.99627449381,2336.00032306021,6441.59108672604,0.999747943513165
"N_all[22,6]",395.306687565221,0.851814244307794,75.9215513064702,261.21789665795,343.520223445995,389.363900215212,440.760788037139,559.454922465445,7944.02039549565,1.00018025314179
"N_all[22,7]",1425.41632136359,5.23273123488117,389.754649193918,806.489486205599,1147.60618468176,1378.49606368731,1650.78845614995,2312.76840467334,5547.86329228821,1.00028865043838
"N_all[22,8]",482.944441940048,1.04868624800493,96.4107412326015,316.609547382852,417.147883705063,473.733420774805,540.235586336788,700.729380867469,8452.00407754354,0.999800359185531
"N_all[22,9]",177.627975111519,1.94122586890228,139.368403858056,50.6492886950438,108.842527312655,153.124575950996,215.117668062645,436.111179588104,5154.38093803783,0.999940406951113
"N_all[22,10]",316.83185080396,0.738147034480941,68.8023551449466,202.939997842092,269.504442313834,310.445026331264,355.633751246544,473.89498425284,8688.02077366782,0.999832838708949
"N_all[22,11]",222.790893687689,1.66071316357631,96.0190734205118,49.3833503530178,160.042031577048,215.690903022898,276.393681597731,435.338959651345,3342.91831990775,0.999809480592118
"N_all[22,12]",1559.32458900246,3.60674671466935,312.976385251258,1017.89994151208,1338.16547744918,1536.33241380672,1752.92554149268,2236.73894542868,7529.94581214574,1.00010651675338
"N_all[22,13]",631.298788397415,1.51371796352063,133.688189700509,406.805874046903,539.756253121264,619.035434097277,709.039693923464,929.785345453317,7800.02788555086,0.999894647463796
"N_all[22,14]",128.653611320956,12.4527137988335,1034.01548020659,2.97976470941882,14.7741918049201,31.2493477874782,71.9103599650654,719.635004429496,6894.86976931797,0.999911448565457
"N_all[22,15]",36.4956917608443,0.135599126401476,10.5078908478474,20.0871062012107,29.099751510773,35.0121201962763,42.303295642574,60.8863200814654,6005.05960529035,0.999873680623752
"N_all[22,16]",433.452952623671,1.14152888425051,85.9724104385458,292.011351256934,374.269361994271,425.244311969298,483.569146922991,625.920353009034,5672.10676379296,0.999925081375789
"N_all[22,17]",1028.97144912428,2.94763057360948,217.586935276872,680.699152270596,879.843769573206,1001.8492012574,1149.89958115809,1535.70860037274,5449.03409525144,1.00028848530877
"N_all[22,18]",9265.42591034797,25.7364996163072,1923.85249201732,6061.5951860229,7965.74532753894,9075.83956103689,10319.9126560449,13724.8571192581,5587.84798465646,0.999946635167335
"N_all[22,19]",1077.62166116542,4.80454144282648,306.394885139194,608.365096672355,854.33433366288,1034.68249967064,1255.2083713018,1792.83625393785,4066.85917711415,1.00044379377156
"N_all[23,1]",181.038713673209,0.475876983997659,42.1141548600884,114.891061711086,151.731731841293,175.912626280089,204.187096340257,279.162570661496,7831.89359766934,1.00058173703978
"N_all[23,2]",488.752870132197,1.79259412395958,142.026686768802,259.662464956643,389.951350158533,473.452354170038,568.079758267478,815.742105468963,6277.34466426193,1.00041353398469
"N_all[23,3]",258.016077260895,0.894373976243189,68.8874958138601,145.065092942542,209.981822365219,251.009896853887,296.997362808728,411.658212591368,5932.56475501946,0.999834240596749
"N_all[23,4]",379.582967722354,1.91319328596497,146.766483202578,178.703636868221,283.234727124837,354.49921170395,444.570072784334,728.58474477532,5884.85924084789,1.00053634437345
"N_all[23,5]",1417.56504663589,3.78584738216231,338.603685747516,870.6790351395,1188.62682132753,1375.69285517305,1599.2986469857,2206.60951406478,7999.3952819469,1.00029955863047
"N_all[23,6]",401.948595556303,1.09546330232184,95.6494635653728,252.342900399007,334.418135353594,388.986398415867,456.449753781382,622.079084800142,7623.76341522634,1.00016659256058
"N_all[23,7]",1508.14896346876,6.63038237738205,484.946239653161,749.260878929248,1156.04629873602,1447.81388682582,1785.47602141526,2602.27750448874,5349.46120107671,1.00010619042915
"N_all[23,8]",519.492874028554,1.30330405245011,111.575030209331,332.200555601287,442.195143456836,508.088891145221,583.073304516275,769.552109122764,7328.96309681858,1.00003748292028
"N_all[23,9]",189.544144959881,1.64052779453113,131.984240593308,49.1208943412136,111.464306589592,160.278232200965,230.23907660988,496.505515043182,6472.57319411746,0.999725976161838
"N_all[23,10]",383.823268987022,1.16751445148398,97.026491795897,224.498874675817,315.409498343765,373.787390070673,439.108273526769,599.649485887823,6906.46996803592,0.999897523958535
"N_all[23,11]",284.609494890104,1.24973049287242,95.0179200007562,147.719958198588,220.053524011211,268.149709140396,331.72833077837,513.523730160996,5780.67170045438,0.99973538576602
"N_all[23,12]",1569.36476118203,4.19291975071614,318.891605008524,1049.82396205001,1347.37846457714,1532.91257781377,1754.41174525751,2309.55882471048,5784.33013440469,1.00040364042806
"N_all[23,13]",623.574582154473,1.89944609119599,159.152534215668,369.479241593547,517.142915972061,603.992543719809,711.295198646463,985.84304862507,7020.5829062153,0.999986092641206
"N_all[23,14]",193.574881482938,21.7579597412835,1709.26193614172,2.99564202241818,16.1917145930519,34.5239034840427,83.1409906793715,971.671449230679,6171.36033730054,1.00009124807006
"N_all[23,15]",53.5796231273792,0.192819035718824,15.3801398086851,28.5658088621647,42.8549989889159,51.8632760465916,62.2110703637985,88.9328944568192,6362.39683412597,1.00000607301187
"N_all[23,16]",441.786230934,1.16763846199674,95.2157461424611,282.060277700515,376.51250058543,433.355597066263,495.600864795053,661.661071993925,6649.68029461254,0.999906113294246
"N_all[23,17]",1163.64835058208,3.12645790331075,257.803073027708,740.984337530578,988.32028031182,1132.8638398923,1309.25081091372,1749.41107920082,6799.40654359744,1.00005658494031
"N_all[23,18]",9537.5683474675,29.1694133620541,2454.6982595637,5711.56096969601,7838.27867313787,9247.54749327708,10846.815156495,15177.0989818057,7081.75404833726,1.00019763827984
"N_all[23,19]",1189.43632255869,5.37657146815911,371.036870942148,644.03406397323,920.244007479478,1131.91790645661,1394.11425690694,2060.90286473942,4762.37172943845,0.999951946325041
"N_all[24,1]",314.95573854205,0.87710251087585,82.3700624080787,177.559512615491,257.954604457381,306.710946181871,363.364937674936,496.53492842265,8819.38053026635,1.00010421740793
"N_all[24,2]",723.273315240339,2.06027732443579,174.658882836233,446.02380255079,600.322573655492,701.491469436634,819.304291523635,1136.53049058015,7186.70785090858,1.00046145063665
"N_all[24,3]",342.549189058322,1.10416572893234,94.9125610538521,202.213040351262,277.889373575832,328.388917030093,388.743755260175,569.802329801521,7388.88415667427,0.999977546559313
"N_all[24,4]",571.421626913055,2.25105077715769,182.053339990955,320.767116285271,448.198719472816,540.250910032365,656.269760264443,1001.9536217352,6540.73748564368,1.00079935446531
"N_all[24,5]",2012.52209735743,6.28627323983842,521.595936273319,1092.41985352559,1657.59845110578,1976.28833515738,2322.64390900413,3143.98019674658,6884.65037046359,1.00015465396344
"N_all[24,6]",651.209063535784,1.68907985474783,150.483215171122,394.497729117831,546.812312889612,640.242188400038,737.989304884823,988.191001018538,7937.35416172549,0.999757674599888
"N_all[24,7]",2656.79516807444,9.73418724313501,859.758289111136,1244.771593188,2051.23813424155,2561.54537562454,3165.84103357313,4615.98555205628,7801.05520878752,1.0000018574395
"N_all[24,8]",830.728363637503,2.46781502822276,215.665346587458,499.928511297166,681.158052168832,794.675497016438,946.051464385615,1357.84189629133,7637.22395460729,0.999736500551554
"N_all[24,9]",297.881770124278,2.84843819751483,221.648045075632,67.9616437364317,167.37465324867,248.25937514146,361.848010959973,835.01774016849,6055.00084874802,0.99997364815804
"N_all[24,10]",581.792004470015,1.59805505074915,136.676716297961,357.583129827531,486.449025583885,567.946375997416,661.377335490938,883.508171909883,7314.85295470457,0.999923278126121
"N_all[24,11]",673.234707157938,3.73058599641459,231.792344928934,293.983284617477,511.882914494672,652.812644492614,811.625261322984,1176.76466914736,3860.5045330628,1.0002006063896
"N_all[24,12]",2384.13096910697,5.58159299779547,482.812391312099,1540.99267619303,2045.6739773119,2342.48272906697,2682.29046190149,3429.03768156602,7482.39248356505,0.999887954743618
"N_all[24,13]",890.519441739934,2.40704383751728,197.100265725738,566.075358505142,757.639010820878,868.359076672241,996.670579966611,1347.7037255287,6705.11791958785,1.00022785776459
"N_all[24,14]",410.793205753615,55.0188983752066,4705.40173360868,4.31843851728384,24.4556211841076,54.9909516478456,137.020325489041,1863.08882870346,7314.24722302589,1.00045412401813
"N_all[24,15]",99.6063821330034,0.539447686983615,33.1193334425924,47.7982347943933,76.2267253846266,95.8145500191192,118.134806499801,175.401492394932,3769.33298234095,1.00081378870554
"N_all[24,16]",667.26017270237,2.17777665776032,168.349474162013,408.828286010881,551.378269523573,644.888259020806,754.931440765295,1049.15060904689,5975.81097145714,1.00028294345003
"N_all[24,17]",2042.9230228342,6.34510298809347,517.721039270359,1179.30843101532,1692.42444685063,1994.59841861833,2340.14818941611,3180.06458379698,6657.54755754258,1.00029622261831
"N_all[24,18]",14300.9851261545,43.6516770832542,3689.25948281707,8846.0503348682,11823.6826418108,13777.3361549115,16105.8090015159,22913.3893778241,7142.93234833155,1.00006637041927
"N_all[24,19]",1569.25866764908,5.3120120221199,407.242289970725,966.145677943682,1285.7301271537,1503.07223882963,1778.34312544922,2569.62843940661,5877.43240669428,1.00008168543106
"N_all[25,1]",224.630839994281,0.936543732612867,86.6935410006859,102.033581094655,165.593223648161,210.074235504039,265.853587115197,436.035023817489,8568.74779527557,1.00004818079385
"N_all[25,2]",485.221583079565,1.87573267678414,134.881407904534,278.157954381525,394.256485119371,465.397207947193,553.41975877473,807.787916080688,5170.8542021434,1.00071619327456
"N_all[25,3]",261.204714401308,0.851676398000244,77.804274482826,138.007419119902,209.905343587529,252.487725505279,300.603705234776,436.591764909622,8345.60240423352,1.00012256307414
"N_all[25,4]",508.618047150892,1.88547266840913,163.043355725089,248.550729572395,399.721699944843,493.182938849143,596.024796316435,877.324284394508,7477.66023394872,0.999938424010983
"N_all[25,5]",1206.60357266367,7.08045093620258,505.727559948424,496.19399684918,835.234093187306,1122.19168735401,1485.33033609885,2381.78251666337,5101.65877568476,1.0008114883931
"N_all[25,6]",458.140427177801,1.98896376520369,151.582552375217,226.456560780001,353.13051072013,434.390747891957,537.896440418149,819.260281261668,5808.24180773655,1.00000347250158
"N_all[25,7]",1875.50637538267,8.99563639994968,796.161583487659,742.596169890203,1327.47206903357,1741.56410498348,2256.41134990741,3822.42737852045,7833.18980498095,1.00029806343444
"N_all[25,8]",655.989093895429,2.41830270311973,204.275388367705,330.511711996232,510.415235675826,631.477335309187,776.202327966318,1105.71520249129,7135.27584103738,1.00024868623101
"N_all[25,9]",213.044317379692,2.31140061073166,192.513427579034,43.151261561831,111.127850680576,169.417028030449,258.619186180786,637.02760308527,6936.99857756556,1.00020797283607
"N_all[25,10]",372.915140375579,1.23700663880662,105.468894436378,217.611116369146,301.239570345172,355.288086197269,423.713257442893,634.717359217991,7269.50310457845,1.00027010207998
"N_all[25,11]",590.586465564172,4.34272374632028,245.569475381695,201.563742512631,409.386697046498,569.143691114997,743.449452465459,1123.26447179188,3197.60163952421,1.00158991472416
"N_all[25,12]",1569.44480558789,5.06986844373176,423.643268695217,941.791877103224,1279.65505250705,1505.21583886897,1785.66462474091,2572.79657606879,6982.44044636387,0.99991954190654
"N_all[25,13]",571.871888802155,1.96925062700977,162.09535527482,338.538876261789,462.038075834397,541.834391090038,654.137782780673,962.926950406885,6775.46578370873,1.00041930071025
"N_all[25,14]",376.802519043239,63.2707140890292,5489.82371907276,2.2054615838402,14.9285503527902,35.3348076347594,91.4666125489827,1400.10164202637,7528.54978126535,1.00025995435487
"N_all[25,15]",58.8494663085145,0.241950824946468,20.0284303865204,30.5680343355818,45.404891167371,55.5402385140121,68.0829672109053,107.119433929892,6852.3512415677,1.00056760057352
"N_all[25,16]",486.234154238133,2.26811798616736,182.868044009556,223.916470805562,364.000912386163,458.377065059888,574.023684258827,917.457924819571,6500.46394995861,1.00011506053576
"N_all[25,17]",1516.62839200637,7.28540210571651,585.983496619673,672.715253574218,1119.33100769885,1426.6885096715,1798.55999950455,2929.2447312234,6469.3957063075,0.999808340709533
"N_all[25,18]",10235.6009786623,44.385391738701,3664.18510297079,5039.6061610796,7788.26742712797,9632.91654464198,11955.1019243483,18966.699438185,6815.13863780502,1.00034194133458
"N_all[25,19]",1083.06119552715,3.39535188763574,296.723317477592,634.197789220852,881.979194150499,1040.61949442154,1229.96478130373,1771.69835094643,7637.19309246587,1.00000671826239
"N_all[26,1]",233.760340262852,1.21347398951274,108.185156239123,93.6880806087001,161.575814580471,212.308336482764,280.624879763861,504.611355162818,7948.30290886707,0.999900015408199
"N_all[26,2]",502.736769634443,2.6851480178492,184.526694187775,238.389931435393,380.353168427685,475.329432834974,590.337443610066,944.435173327522,4722.60845949983,0.999920487765425
"N_all[26,3]",288.68401724405,1.62697342067591,140.00463102851,111.032968714897,197.257811668103,261.060173218879,346.556067859643,637.216688858211,7404.97994408334,0.999891999712055
"N_all[26,4]",602.042108065874,3.81061799408567,309.152009143149,201.241339182792,400.699792544371,544.860572673516,733.665575273301,1353.81501313163,6581.93090254249,0.999608646134755
"N_all[26,5]",1260.92674585426,8.24474396802297,618.955215652826,403.909706649192,824.005686420382,1157.14975548541,1566.62558210068,2740.61633879247,5635.91074356417,1.00025112004949
"N_all[26,6]",471.518698213732,2.30120638263442,184.770351473447,208.478313012046,346.522407085535,440.181986815416,557.218788277044,937.701978142052,6446.9370558846,0.999745708395316
"N_all[26,7]",1952.73655271194,11.1732487035764,974.131641996483,682.49212433691,1316.39985619194,1771.59979473637,2372.28015088871,4337.04481354747,7601.09865593177,1.00036541317387
"N_all[26,8]",691.821420835483,3.40834006774495,280.665995395374,297.16996026218,503.199627808725,642.692464564175,820.632360178284,1364.93362290374,6781.00018174704,1.00010617012159
"N_all[26,9]",226.09032652304,2.99556001681035,252.949077813631,40.9273653732979,110.444128602229,172.630122043159,269.668612391521,706.882375188192,7130.33854475999,1.00016469237017
"N_all[26,10]",385.905960968598,1.70644106235211,146.534494423826,182.145306687703,289.529762295786,359.772062788961,452.011064808165,747.965626711946,7373.89848350475,1.00020167048369
"N_all[26,11]",646.641167536249,7.27182294059908,432.358446565453,179.644300537235,382.07156751925,548.848653707861,791.178662906556,1692.71118495205,3535.09674706733,1.00095924640305
"N_all[26,12]",1608.35521103926,6.26368482084443,521.983740054256,837.682393842341,1252.21928118446,1527.07382167039,1871.32616956057,2853.47084143571,6944.71066366574,0.999831152155077
"N_all[26,13]",575.73192851695,2.4346061549509,196.640083622453,291.26701059165,440.26999034566,543.746768481383,671.431317670112,1044.92321838698,6523.59016342056,0.999826050554291
"N_all[26,14]",576.514584908585,117.145972092175,10266.9007565536,1.92839653135713,14.4267587835885,35.7929430608348,98.9413364948055,1729.55273537387,7681.11039392382,0.999802501926972
"N_all[26,15]",64.1671913965445,0.440245848320595,37.3545611334563,21.4721787298762,41.3684629826261,55.9735701002029,76.7237584539342,157.318067460294,7199.40720878062,0.999906192444107
"N_all[26,16]",510.61610548983,2.81568751909869,230.921674462629,205.105863036521,360.932180893768,471.393503883927,611.860042395333,1052.80307004066,6726.05608665474,1.00005786201475
"N_all[26,17]",1650.10304000079,9.42169915150157,770.291373072283,634.701552065959,1139.63547396893,1506.40567709813,1975.31828177967,3496.1972320009,6684.23335134025,0.999927557021744
"N_all[26,18]",10604.926002502,52.274196448258,4408.25547628285,4637.89884749945,7760.63395027839,9850.28234167822,12535.655983415,21184.2194797913,7111.46014003892,1.00064154239087
"N_all[26,19]",1139.08752824118,5.01547164759526,424.415286402057,555.863182343329,857.195201625401,1070.34891793268,1331.76703168688,2134.81494551589,7160.74941341093,1.00041623128711
"N_all[27,1]",244.484285860095,1.58958122602427,136.612529593141,84.6006496164442,157.300420608632,213.918209747199,295.361129302721,576.611704384523,7386.1073671467,0.999907980365307
"N_all[27,2]",526.027401929836,3.3339079272273,246.578847210572,208.67783830562,367.505537324979,481.60752525499,626.494661854596,1125.46824377463,5470.21545626936,0.999925209309102
"N_all[27,3]",320.422885107375,2.52731920111757,217.976585918517,90.1125062730878,191.119094791937,270.80913876029,384.020516720454,857.936177657302,7438.74203812081,0.999874794380882
"N_all[27,4]",718.704999225361,6.33866614249421,527.99575006383,165.813052407076,405.173876927059,613.553112314191,884.273959045427,1917.94024922348,6938.49208944088,0.999654683102846
"N_all[27,5]",1335.70974217642,10.1345766830614,780.196049393067,344.561181197457,810.905181197709,1184.55765175014,1667.91711120547,3218.63486184345,5926.47241830091,1.0002127868597
"N_all[27,6]",487.65987532967,2.84605564081782,225.619283723503,190.231931927397,337.258825587177,443.543829183928,585.708196925666,1055.62008865001,6284.42661979589,0.999813603612425
"N_all[27,7]",2033.66570912276,13.6641708691765,1154.09651774562,619.156059463453,1293.42959160121,1799.18628123429,2472.70772302073,4905.38276444642,7133.74683512172,1.00060509740689
"N_all[27,8]",733.206988915515,4.79058373727102,383.983322575452,273.298264500085,495.055448147425,655.171120936589,881.876725119837,1607.85169044933,6424.62602645544,1.00055677413364
"N_all[27,9]",240.734808665289,4.26754894739414,364.006781830871,37.2944427634495,109.527621632316,177.012027735636,286.169426222637,799.908591760543,7275.48463911508,1.00017845209638
"N_all[27,10]",400.280898556388,2.31054273873075,197.537940893582,156.643745329652,275.197523282261,363.124499098888,476.259293201295,876.520676155895,7309.25363653833,1.00000036318375
"N_all[27,11]",730.744177242848,11.9388901730731,828.382817736775,157.373045414877,360.191388547538,545.141550926923,857.449714720363,2355.65436592228,4814.3122010445,1.00062626584659
"N_all[27,12]",1660.05446045255,8.09925263230596,647.007521707624,740.22844057682,1222.29726442193,1545.90947989258,1972.35589638966,3227.36592621864,6381.5880771918,1.00030695590371
"N_all[27,13]",586.459691995358,2.98629480848928,240.811752926591,257.433901642788,422.68718922617,544.03891309066,699.065849958033,1173.474925819,6502.64431725228,0.999728909984735
"N_all[27,14]",1024.8355571689,281.558895663173,24991.9895361487,1.65478762029682,13.671297572688,36.4384580948038,104.197281350571,2210.99502584851,7878.85584404628,0.999800028263823
"N_all[27,15]",70.5775394101411,0.760609369509957,65.0446427016508,16.5876465373094,38.0505548125768,55.8397282982483,83.0545667686908,206.281056421483,7313.0698730455,0.999869606214875
"N_all[27,16]",537.342988477154,3.47757733733253,280.356317452334,180.936130312252,355.602435296854,484.29688959668,651.382905444736,1196.17852495689,6499.30771692659,1.00001027273305
"N_all[27,17]",1804.8179424777,12.4094682787338,987.142969531942,597.49675360022,1160.680843477,1607.27139667118,2204.00252645934,4213.00069047305,6327.8149053008,1.00012195840265
"N_all[27,18]",11065.6975988833,63.195459135024,5229.05703677622,4312.98903324588,7587.00481082769,10033.8823079449,13335.5390807903,24160.650811875,6846.60087131332,1.00039742132073
"N_all[27,19]",1199.71903048168,6.83649414930222,558.846815938297,490.633348369878,838.494292881668,1091.75430979494,1425.90918807392,2523.35490986694,6682.18767153337,1.0006495843992
"eps_all[1,1]",0,NA,0,0,0,0,0,0,NA,NA
"eps_all[1,2]",0,NA,0,0,0,0,0,0,NA,NA
"eps_all[1,3]",0,NA,0,0,0,0,0,0,NA,NA
"eps_all[1,4]",0,NA,0,0,0,0,0,0,NA,NA
"eps_all[1,5]",0,NA,0,0,0,0,0,0,NA,NA
"eps_all[1,6]",0,NA,0,0,0,0,0,0,NA,NA
"eps_all[1,7]",0,NA,0,0,0,0,0,0,NA,NA
"eps_all[1,8]",0,NA,0,0,0,0,0,0,NA,NA
"eps_all[1,9]",0,NA,0,0,0,0,0,0,NA,NA
"eps_all[1,10]",0,NA,0,0,0,0,0,0,NA,NA
"eps_all[1,11]",0,NA,0,0,0,0,0,0,NA,NA
"eps_all[1,12]",0,NA,0,0,0,0,0,0,NA,NA
"eps_all[1,13]",0,NA,0,0,0,0,0,0,NA,NA
"eps_all[1,14]",0,NA,0,0,0,0,0,0,NA,NA
"eps_all[1,15]",0,NA,0,0,0,0,0,0,NA,NA
"eps_all[1,16]",0,NA,0,0,0,0,0,0,NA,NA
"eps_all[1,17]",0,NA,0,0,0,0,0,0,NA,NA
"eps_all[1,18]",0,NA,0,0,0,0,0,0,NA,NA
"eps_all[1,19]",0,NA,0,0,0,0,0,0,NA,NA
"eps_all[2,1]",0.497991566927145,0.0103293022668772,0.942463397132843,-1.34976132608621,-0.144309876478082,0.507108999132195,1.15139658234822,2.3248787722781,8325.05309217139,1.00058661160273
"eps_all[2,2]",0.0291602937905081,0.00978077556807553,0.971280265790088,-1.85179036028636,-0.622861455572842,0.032990513798903,0.680617436939082,1.92475399254383,9861.49009159284,0.999767825052749
"eps_all[2,3]",-0.033671379850945,0.0140968791072994,0.983834066956593,-1.94228505135235,-0.699630142295709,-0.0500707070887707,0.636556928672045,1.86048428431755,4870.77157309408,1.00084230805657
"eps_all[2,4]",-0.0017519534610846,0.0102902967704918,0.992249660503983,-1.94593030854095,-0.697298440420329,0.0200322745080631,0.673646645987066,1.94057327343802,9297.92670025644,1.00010979153523
"eps_all[2,5]",0.0402523643342978,0.00933888204855655,0.97363395550273,-1.93126445451736,-0.60760253634973,0.0483802358360738,0.687615419014467,1.95279363158778,10869.3016723583,1.00002473483405
"eps_all[2,6]",0.119217784251421,0.0091946666091894,0.944095729918443,-1.69552882161312,-0.515070786077767,0.117839107951962,0.768199713950607,1.96314801567573,10542.9001469901,0.999616989712653
"eps_all[2,7]",0.191670149675239,0.0100432411329119,0.938336660363697,-1.67397501057214,-0.448030679513879,0.203704263583484,0.824313909103327,2.01233520586861,8729.1024099522,1.0000651871387
"eps_all[2,8]",-0.0310123245951519,0.00973456826350398,0.998288005526099,-1.9884135160112,-0.709476347168792,-0.0376560562803795,0.632437672218332,1.94766185326915,10516.671688901,0.999930621742609
"eps_all[2,9]",0.0691486022799506,0.0099819920485844,0.94111182008261,-1.74235382802858,-0.578830318988605,0.0745302259732753,0.709285263510599,1.91127278143437,8888.89992911841,0.999707214904159
"eps_all[2,10]",0.00441899116271181,0.00880795798422383,0.967434502073909,-1.87862341951962,-0.651192883186483,0.00767471357904507,0.652309059636849,1.91164698276224,12064.0374020316,0.999828288201601
"eps_all[2,11]",-0.460242858772973,0.0107981897154861,0.970623533279598,-2.30587917386078,-1.11856098070314,-0.468226466133031,0.202872799097668,1.48237874586129,8079.78355409643,1.00114684411313
"eps_all[2,12]",-0.10895406129165,0.00932274499002529,0.94748264088045,-1.98061530435596,-0.725558616743806,-0.114399478791102,0.521240639611658,1.74547323870087,10328.9200054108,0.999591879814729
"eps_all[2,13]",-0.084058802824728,0.00812971927883517,0.960025774106093,-1.94106285992661,-0.732843625578284,-0.0914442170594063,0.571739084142662,1.77374406613926,13944.8769549626,0.999866778256773
"eps_all[2,14]",0.273849986434214,0.0104500369618843,0.958863328883252,-1.62148196677912,-0.368400241784468,0.280701700029609,0.939250125271206,2.07042990409769,8419.33453447657,0.999932339298834
"eps_all[2,15]",-0.0824613455688575,0.00799316097904296,0.957837499520706,-1.99536251587738,-0.723562515944945,-0.0794932467213231,0.555203575792149,1.84133898123377,14359.7391995085,0.999689873159743
"eps_all[2,16]",-0.0375328600927067,0.00820139608286279,0.960889138240492,-1.93355472084911,-0.693727135432101,-0.0354234856121141,0.626341006693716,1.84316861226947,13726.8533983896,0.999752172461623
"eps_all[2,17]",0.0292044306580663,0.00938196046585914,0.990998185072571,-1.90392277868179,-0.644870984723869,0.0410452135963677,0.706517778005482,1.94188516726883,11157.284854184,0.999748555064412
"eps_all[2,18]",0.113658071286891,0.00974953204794759,0.987207234029533,-1.80299439736365,-0.557739260050255,0.114644459357491,0.781305414466575,2.05107453040868,10252.9565240763,0.999837108719371
"eps_all[2,19]",-0.0796931504435421,0.00842605047114305,0.99735494987181,-2.04523804295353,-0.753859850388056,-0.0741658527089779,0.59599095699372,1.88368015632411,14010.427350592,0.999666742115699
"eps_all[3,1]",0.425998495646829,0.00985573906600906,0.911828079104581,-1.3810058877833,-0.190597096601153,0.42416490674532,1.04533003684272,2.1991857211836,8559.48292614417,0.999794713440969
"eps_all[3,2]",-0.00321365887838417,0.00879327906291118,0.966664127970369,-1.89760828295819,-0.647995907679681,0.000288890582059175,0.66448165533219,1.89911867763566,12085.0789796888,0.999985475057647
"eps_all[3,3]",-0.00972598353674687,0.0101283928112232,0.948267393609148,-1.8506729677251,-0.647653671719864,-0.0175693197763935,0.634588456200593,1.81774581559156,8765.57807513633,1.00043795131292
"eps_all[3,4]",-0.0278395826811606,0.00964207343256486,0.961212849928109,-1.9407335463394,-0.686063116065147,-0.0171341235380903,0.631346687274561,1.83167048586001,9937.98339286984,1.00041091167328
"eps_all[3,5]",0.0256013865645603,0.00993891546060026,0.982928338771771,-1.90134263873445,-0.637892712775854,0.0305351975365181,0.701787730940343,1.88891359651611,9780.60499609011,0.999720828808474
"eps_all[3,6]",0.167471109831623,0.00939280879672745,0.945939306183722,-1.7358791069473,-0.456065778508401,0.167087152533544,0.799152650278975,1.99864735541599,10142.2796304613,1.00056463017798
"eps_all[3,7]",-0.175493234652062,0.00940412330060619,0.925611999050454,-1.97272191062364,-0.803955182892921,-0.178211706354662,0.444534628943763,1.64872936447831,9687.71429769822,0.99974982342616
"eps_all[3,8]",0.00974612435301854,0.00828092640510242,0.936005549268862,-1.83378452283027,-0.609770948886133,0.00506178002709105,0.63119698819683,1.85259596013894,12776.120437515,0.99989626356435
"eps_all[3,9]",0.166496258691911,0.00922531018497974,0.940690963917752,-1.70256384437295,-0.462287456775977,0.157332905168729,0.812022493078097,2.03823006380161,10397.5732750509,1.00006666204903
"eps_all[3,10]",-0.0487256079033708,0.00881414360834138,0.957570452708929,-1.90226785765773,-0.700262580308671,-0.0482630828867461,0.605896627183205,1.8002663699869,11802.6962180668,1.00003043503099
"eps_all[3,11]",0.0455789129473456,0.00896506753046149,0.963478747465031,-1.85474306213407,-0.604591698288323,0.0494851551760312,0.685717564018994,1.90653620959307,11549.8713866222,1.00020473756598
"eps_all[3,12]",0.0396747323218755,0.00962603353298523,0.963292101798999,-1.88097778349678,-0.594853280375713,0.0437827481814804,0.674257281767707,1.91916362284336,10014.31524002,0.999890257281119
"eps_all[3,13]",0.0931554249497287,0.00919405155734203,0.955923986994754,-1.78389156509187,-0.543544455232668,0.0916783567642504,0.734661717678861,1.94946348002305,10810.1781065379,1.00010692416227
"eps_all[3,14]",0.00830654589348284,0.00852531908430634,0.91472602621151,-1.77794504932684,-0.606931522424001,0.0162109541815956,0.628739311181277,1.83175469432833,11512.2652288662,0.999602942091668
"eps_all[3,15]",-0.199831467002663,0.00939363751854101,0.941905175774607,-2.04392207038361,-0.841590446347679,-0.191658384073111,0.433995664243115,1.62271534559551,10054.1826697755,0.999767785933576
"eps_all[3,16]",-0.0610578941278782,0.00884681330703046,0.954116282301496,-1.93502084705338,-0.699534161253361,-0.0648705099318133,0.574375267098051,1.84426275749616,11631.3169300249,0.999619411995466
"eps_all[3,17]",-0.0416745967292479,0.00964029265858611,0.98720317199375,-1.97575222547108,-0.717064073111989,-0.0278791933341021,0.627005207930371,1.90209834833069,10486.5503777172,1.0003194361367
"eps_all[3,18]",-0.0406060047554603,0.00958122105403281,0.976859071078753,-1.91198496046192,-0.702390650413269,-0.0429644931184353,0.617641207500605,1.85807701971359,10394.9428769582,1.00040742757926
"eps_all[3,19]",-0.0670338967393227,0.00867014597827626,0.990881529269227,-2.00363971566943,-0.74190360036005,-0.0646514600460229,0.603417874933208,1.85667242483282,13061.427569862,0.999752461516805
"eps_all[4,1]",-0.0182441220683654,0.0114174291595935,0.925010486066153,-1.79907368070842,-0.646392796662362,-0.0301218904678317,0.58128113342388,1.82196565980234,6563.81996664403,1.00073792824076
"eps_all[4,2]",-0.0932681922371766,0.010586288052303,1.01872355501405,-2.06107319653647,-0.783159571038112,-0.0899717239296427,0.589053120336235,1.89656242208588,9260.30481421101,0.999724772019049
"eps_all[4,3]",0.794955949082018,0.0136826035722164,1.05955183871386,-1.30598261807557,0.0656535185671625,0.806654634722745,1.5278847023892,2.80340309045828,5996.62554414884,1.00030437546841
"eps_all[4,4]",-0.0433150782529698,0.0103820955201967,1.01737229661112,-1.98689977794278,-0.73776134223858,-0.045072707491459,0.645130942484388,1.96064464871832,9602.6206925243,0.999734447432102
"eps_all[4,5]",-0.039466018371592,0.00962620711586933,0.98249211713763,-1.97849267893786,-0.693902492670553,-0.0325819462904638,0.627536760704272,1.88981034046879,10417.1218901041,0.999823958967343
"eps_all[4,6]",0.0777536023696044,0.0088584830916716,0.935644701560231,-1.7535478709786,-0.546903703624979,0.0808222855772552,0.711483462351878,1.89841273114879,11155.8638161061,0.999789341193428
"eps_all[4,7]",0.109773894903788,0.0102911717739429,0.953678637720012,-1.77378526915658,-0.529542744183137,0.125538601470981,0.743146535725038,1.94622243854284,8587.65234903549,1.00120715019818
"eps_all[4,8]",0.0277028496777099,0.0115649830926353,0.989025842529316,-1.93785134997783,-0.632270200985429,0.0159369847915591,0.698463954656635,1.97765645767016,7313.50015119586,1.00010751834664
"eps_all[4,9]",0.122979362052849,0.00906946463491465,0.937892654239044,-1.72944305582647,-0.499367076114515,0.136106990515086,0.743964691885246,1.94693988475261,10694.0685942586,0.999844430913353
"eps_all[4,10]",-0.0270088145505126,0.0092631942881635,0.993251705783322,-1.96554749259039,-0.703343686146251,-0.0288499983858354,0.648386066358309,1.88977949290536,11497.3325438566,0.999744774320718
"eps_all[4,11]",0.654641942318508,0.0127135013993836,0.983813397678071,-1.29759304371704,-0.00558798519534501,0.660296944095801,1.32209059903902,2.55041493577589,5988.18369918539,1.00143281237409
"eps_all[4,12]",0.0766127812866407,0.00977577612197852,0.977516291183783,-1.81867814301036,-0.575097647282428,0.0797318111566514,0.751315817001196,1.95481096680521,9998.74548905281,0.999833426625458
"eps_all[4,13]",-0.136727038538206,0.00851875897019141,0.986715715930946,-2.01508107200351,-0.800421542940861,-0.129674153105582,0.511714242816716,1.81034086488473,13416.2588856575,0.999718315783025
"eps_all[4,14]",-0.196221469504711,0.00958128321975617,0.921387619838428,-2.01048430832444,-0.817925397112352,-0.197872094854677,0.424429533182342,1.62473175877344,9247.77786403457,0.999722032012273
"eps_all[4,15]",-0.200262102130192,0.0085359482715815,0.960317247307435,-2.09264458753845,-0.842140651195648,-0.198753121426981,0.43712216452467,1.70304740242673,12656.8580264236,0.999855762471071
"eps_all[4,16]",-0.272112525354141,0.00849784189867681,0.96939811029187,-2.13595948576177,-0.940874823097052,-0.277230919237669,0.374769460054359,1.59993903035925,13013.2880765541,1.00021307599248
"eps_all[4,17]",-0.04321067097871,0.00874367790623429,0.980062836790313,-2.01651388065725,-0.696375748093306,-0.0409509209290104,0.613308919241759,1.88894623738516,12563.7573722258,1.0000122763115
"eps_all[4,18]",0.0744496233051421,0.00929507576607229,0.992302908433809,-1.87174390372037,-0.587156685596654,0.0602330395793825,0.748945299576556,2.01233327715551,11396.7929999577,1.00041775020863
"eps_all[4,19]",-0.160872867132909,0.00838597878430169,0.999305607327879,-2.0897204257446,-0.831149565877382,-0.162081315206292,0.504444696510197,1.84730910520899,14200.0256867603,0.9996799048124
"eps_all[5,1]",0.0849878419149797,0.0127106076796666,0.918906418786678,-1.73858653794508,-0.539047849896476,0.0886947522480331,0.696769631181664,1.88729319057685,5226.48781271065,1.00008548063751
"eps_all[5,2]",-0.0816087592491656,0.0106925129034063,0.994869049973813,-2.00060621617206,-0.74835791036396,-0.0788243022690109,0.575532371479117,1.88851298638342,8657.09681927276,1.00076020149939
"eps_all[5,3]",0.773211853330556,0.00902118065989474,0.861257608247244,-0.932839571433272,0.20509556924842,0.782638429593648,1.35342868112004,2.45168415083468,9114.63711400094,0.999872709238345
"eps_all[5,4]",0.110979877330417,0.010569821138055,0.986593863839047,-1.89314410363029,-0.551047262447939,0.111828443905768,0.792395585305043,1.99563936808564,8712.47497189043,1.00006773105366
"eps_all[5,5]",0.0261445257352765,0.0100708654153322,0.997597737163259,-1.93468802949732,-0.651853515176002,0.0331908976409341,0.702003666287797,1.99411608674197,9812.44705279401,0.999773504917054
"eps_all[5,6]",-0.0195979820549237,0.00923706340391805,0.966718927651871,-1.92809791572228,-0.680225977441049,-0.0164437936599564,0.623580474945767,1.90423836100979,10952.9875587123,1.00045059744847
"eps_all[5,7]",-0.344432873720045,0.00955223108423237,0.958542685995335,-2.19443629371413,-0.992817086932226,-0.350204652993451,0.290763688863115,1.55338902234325,10069.6244807486,1.00032319577494
"eps_all[5,8]",0.037566812731685,0.0118539161575659,1.01844372848063,-1.92923712087851,-0.660772092959531,0.0495234180484988,0.722020701555257,2.02377311585722,7381.59772921034,1.00013991084461
"eps_all[5,9]",0.237833835752295,0.00956754437521619,0.948375847791621,-1.63434409034358,-0.390970672720389,0.245725530361322,0.876948932117865,2.09310152764432,9825.62081819535,0.999740101279648
"eps_all[5,10]",-0.136095345488177,0.00953366922213806,1.00081037730945,-2.04460222892583,-0.822924573269542,-0.140160186337664,0.538878404862448,1.8270135619367,11020.0468379934,0.999607579410673
"eps_all[5,11]",0.000947304585430843,0.00920028237367844,0.968719786526027,-1.89469612350463,-0.651275142418639,-0.00686217736731231,0.643010711372955,1.90325100764616,11086.4889192127,0.999772529136008
"eps_all[5,12]",0.0894433246435238,0.00992989596429605,0.988149149142311,-1.87755139187713,-0.568164545472712,0.0991872550757637,0.766190127759747,1.98752284409126,9902.74521237187,0.999716150763158
"eps_all[5,13]",-0.127875726430634,0.0107887998592766,1.0100386262237,-2.09100639384641,-0.818215024582671,-0.122234541282511,0.564074530786476,1.82948510644053,8764.5513882348,1.00006443699428
"eps_all[5,14]",-0.54230240452378,0.00871755584877713,0.942416319109564,-2.39196177095677,-1.18204869804334,-0.546213001152105,0.0959888493016059,1.30163610527632,11686.8136467327,1.00013863889556
"eps_all[5,15]",-0.559076940132177,0.00863052140240648,0.968593121813959,-2.43389160589077,-1.2210899068671,-0.567575040093607,0.0904093645655341,1.35013988835302,12595.3051475327,1.00017934890545
"eps_all[5,16]",0.0297016668823197,0.010690291405467,0.96501009298838,-1.8529631592214,-0.610808709790118,0.0316492591648536,0.677420269904083,1.89168858159712,8148.63047375229,0.999973035497264
"eps_all[5,17]",-0.0543837966685618,0.00887748880009457,0.977537740151027,-1.93455986318975,-0.717811415171426,-0.0587189752277534,0.594299189671433,1.86943054534067,12125.1410832714,0.999965827743103
"eps_all[5,18]",0.043694313413909,0.00826328540662859,0.96834183129182,-1.85643709829417,-0.611291591228416,0.0590098137508028,0.692330467483705,1.939436523561,13732.5718594358,0.999857969514989
"eps_all[5,19]",0.0261382835623331,0.00786636609032864,0.98479247199595,-1.88496692521157,-0.646464881840717,0.0337140186332962,0.691214407370658,1.95228087526592,15672.6029778847,0.99972101955584
"eps_all[6,1]",0.0646367878240367,0.0103434735596629,0.913613908413859,-1.74118728779305,-0.541735670894816,0.0798912795417062,0.672844769906361,1.87237853613545,7801.76002396425,0.99971838301081
"eps_all[6,2]",-0.0599334777856416,0.0146276911465787,1.01795458400424,-2.0467582711725,-0.753874355735451,-0.060171563078023,0.626991188727379,1.91972715980474,4842.89709449742,1.00087568863566
"eps_all[6,3]",0.546099703525645,0.00846695065272884,0.844948234822201,-1.09902429130475,-0.0361635677512927,0.562616418175117,1.12418958781933,2.17398841671159,9958.78023706517,0.999798990795014
"eps_all[6,4]",0.171926481902064,0.00987798270526598,1.01316494273761,-1.82718371242631,-0.52057215782452,0.168333691504239,0.858470150794582,2.15856581501575,10520.1948861601,0.999917978469551
"eps_all[6,5]",0.238184919183402,0.00930372068290495,0.938219125383612,-1.61598361200905,-0.39887958785568,0.242141836302712,0.875674436079238,2.08866531465395,10169.3978068061,0.999624894513913
"eps_all[6,6]",-0.393055127124785,0.00939176209122817,0.981216517160999,-2.31153484654537,-1.05896330244454,-0.385090011117834,0.251498701839139,1.54822899237657,10915.2964471551,0.999807233170264
"eps_all[6,7]",0.186473998563828,0.00889551625680753,0.966211162239311,-1.74321821190621,-0.452869108566362,0.192567346183556,0.833414237945283,2.08189141669706,11797.8205318575,0.999880969846195
"eps_all[6,8]",0.0351007852129533,0.0108827363608414,1.00301366759688,-1.91872207550938,-0.646394742715061,0.0221313104127556,0.712440957522431,2.01475928777527,8494.49344080457,1.00004937205671
"eps_all[6,9]",0.164503631426555,0.00970988019484214,0.943792862014568,-1.67086063273272,-0.47485467054139,0.172225131613054,0.806443587776288,2.04250562374196,9447.68998592864,0.999664141092162
"eps_all[6,10]",-0.0873155306534843,0.0103729830581935,1.02662230268614,-2.1189537828389,-0.791998548911769,-0.0840970165246569,0.622261347374297,1.87423186772087,9795.21679158612,1.00010629323368
"eps_all[6,11]",-0.399636379505952,0.00957809420705878,0.922084149945107,-2.14629155748491,-1.03266249035969,-0.409809681838454,0.206307019560989,1.48084337786601,9267.93341686951,0.999864625317476
"eps_all[6,12]",0.10488500771697,0.0103655156364193,1.00095278730256,-1.88383909797983,-0.56265740800554,0.103752001084817,0.766581224960928,2.08792594856176,9324.92536148894,1.00011232347269
"eps_all[6,13]",-0.154511871027335,0.00936162952986552,0.997388237156888,-2.13799355963585,-0.821628350058842,-0.149944619047782,0.50967748109827,1.79923917335497,11350.776767771,1.00004055049204
"eps_all[6,14]",-0.738638216708325,0.00851070130221604,0.936827200201693,-2.55177176522844,-1.36137401368951,-0.750810482851253,-0.107757294382508,1.10956314071123,12116.80968204,1.00005316964098
"eps_all[6,15]",-0.182486067021062,0.00922115932298042,0.959200900191231,-2.05837318415503,-0.837420629833726,-0.179149207631087,0.476260287403037,1.65761205161433,10820.5192926189,1.00053170155694
"eps_all[6,16]",0.0132740624983828,0.0094657676749667,0.982628557474276,-1.86088344042621,-0.674612301928294,0.0267051746359907,0.692310279350883,1.87527066893217,10776.2356815183,0.999579592012652
"eps_all[6,17]",0.22806251818057,0.00861189598882702,0.997192959157572,-1.75007452544323,-0.436631218162837,0.230358133238915,0.89429442678634,2.1708148207859,13407.9028645506,0.999827816574267
"eps_all[6,18]",0.155721732722731,0.00914010438833753,0.99867096449083,-1.79275209350169,-0.525345497647249,0.157971833737764,0.829051347083739,2.12316236491415,11938.301288202,0.999581141300622
"eps_all[6,19]",0.00897103788832855,0.00846956995902476,0.990948941880997,-1.92980319967132,-0.640757986472457,-0.0054636398055241,0.669464681926321,1.95232343340815,13689.2557475882,0.99985431928468
"eps_all[7,1]",0.208795747077925,0.00832494028180259,0.894093300977606,-1.54209588571704,-0.401169171136787,0.217094106485943,0.82462628585824,1.94157337211683,11534.6236294716,0.999779899447563
"eps_all[7,2]",0.111891166741926,0.0096645557320087,0.913336091338218,-1.71076725453477,-0.489701373638438,0.120325256910805,0.720959205038188,1.87736536432601,8930.94571147567,1.0002676557165
"eps_all[7,3]",0.513822723809226,0.0115492241204396,0.860863406361306,-1.21330941431423,-0.0533034224989301,0.522207556810169,1.08874181541884,2.20327879035435,5556.00817368323,0.99973783504723
"eps_all[7,4]",0.0639630258014518,0.00952121278178211,0.999116413186647,-1.92091151876105,-0.596251405802942,0.0831328721911822,0.737193520219167,1.96735342343396,11011.5294609239,1.00050554101562
"eps_all[7,5]",-0.168640620116786,0.00888081395564594,0.897743518879454,-1.89936244621021,-0.783163542146358,-0.166290221290388,0.43500550860662,1.60275855690165,10218.7791392522,0.999772473463827
"eps_all[7,6]",0.00781446818896825,0.0115089935912383,0.950869808139093,-1.87641879805617,-0.609771349792116,0.00819319787934828,0.625144437586177,1.92137170879326,6826.01784787205,0.999802148752511
"eps_all[7,7]",0.0632923318116911,0.00981155413373308,0.9413220133348,-1.78796771510956,-0.576983020494489,0.0793170008800594,0.710988051580153,1.88287133353459,9204.51312539353,1.00013661012042
"eps_all[7,8]",0.421404907977171,0.011117191655133,0.988577857941665,-1.4801775623509,-0.246756831275968,0.407981013320262,1.08962306937201,2.37991365380041,7907.36110939565,1.00003233426646
"eps_all[7,9]",0.0341693771866263,0.0103203977118133,0.934263222210358,-1.77628234690498,-0.60203754094344,0.0356666844354144,0.689771274839495,1.82877057106249,8194.93736016962,0.999980151545571
"eps_all[7,10]",-0.12435992065077,0.0101738770223179,0.996525704368384,-2.046792227565,-0.808968643936801,-0.124652692023608,0.562050096194796,1.84468861348159,9594.09563458041,0.999749670144286
"eps_all[7,11]",-0.519303856015312,0.00909620661768709,0.925006376203914,-2.31233555872457,-1.14508086419431,-0.528505058948327,0.0939130636646456,1.33370639376566,10341.1495665695,1.00043005549029
"eps_all[7,12]",0.0882901672880642,0.00884168977772013,0.964540481402759,-1.77562975543538,-0.546835330558236,0.0754005636070126,0.729093493048108,2.02016297504547,11900.6415128263,0.999752942065005
"eps_all[7,13]",-0.133568128194775,0.00878207743105072,0.987200566685121,-2.09294188144543,-0.793830609332312,-0.131964085921205,0.5318087827503,1.7853091989253,12636.1935118193,0.999632462186093
"eps_all[7,14]",-0.280356267703309,0.0082531716520596,0.925580593128355,-2.07317101460025,-0.906955821647009,-0.288142833454533,0.330868003418593,1.54778710729688,12577.2798587969,1.0006275885917
"eps_all[7,15]",-0.49878188446387,0.0104070803193889,0.938205035066415,-2.30667690443403,-1.12097220029856,-0.50800672964235,0.118727604202569,1.33142554279642,8127.13934323047,0.999627039143041
"eps_all[7,16]",-0.0961720793491699,0.00927585748554273,0.946350459489677,-1.94761374046763,-0.740774518718776,-0.0928644081637436,0.535013049834298,1.76073934192281,10408.6848571884,0.999761614026129
"eps_all[7,17]",0.0532268149024091,0.00937547634862182,0.992848657340811,-1.8821411959453,-0.621687863950289,0.0559999395896154,0.721716941463897,2.00027940736762,11214.4872247186,0.999648802066621
"eps_all[7,18]",0.0266327411332449,0.00786305216960538,0.971860057069227,-1.85771927559376,-0.646001645844041,0.0283787600206493,0.699016748355109,1.9068008293573,15276.5452989098,0.999726019267395
"eps_all[7,19]",-0.0779586263871527,0.00898733872154476,0.99725235256198,-1.96109799829967,-0.749967964578543,-0.084142835440565,0.592880991302627,1.84302758822183,12312.5475006675,1.00002706419757
"eps_all[8,1]",0.000431066965567969,0.00899948218704644,0.880136037815793,-1.69070890542729,-0.602108657717508,-0.00200759066907473,0.59103083762312,1.73481174950575,9564.55049585296,0.999791275120103
"eps_all[8,2]",0.58992178068946,0.00823815725588964,0.904857232605763,-1.20051775654188,-0.00725972779139693,0.580290690032853,1.2057904550134,2.33936964366971,12064.2400081203,0.999557730193525
"eps_all[8,3]",-0.110269976952344,0.00815850699191868,0.8617678497604,-1.79444488511764,-0.676951693583036,-0.127032219316479,0.439724787727713,1.61119760897093,11157.3021738746,1.00022790106744
"eps_all[8,4]",-0.0882402795489465,0.00937445112080379,0.987611608886898,-2.02406998600373,-0.748740554850518,-0.105566964841093,0.569261358677015,1.85707484116012,11098.9188098284,0.999770821587686
"eps_all[8,5]",0.36214026279782,0.0103255103250001,0.90665104351906,-1.46818533712542,-0.236491118435329,0.376670875236575,0.992638143759582,2.11196390673952,7710.05153390763,0.999743889337355
"eps_all[8,6]",-0.216277752078363,0.00906921952741585,0.936338794854747,-2.03232953152735,-0.839222316804444,-0.229788705340682,0.424807473672433,1.64108060897606,10659.239157186,0.999810238559729
"eps_all[8,7]",-0.185020577725022,0.00940893702622121,0.941947679403257,-2.00052500752509,-0.846037048691512,-0.181609313620726,0.474858229478918,1.64427512208829,10022.4162857861,0.999996090232845
"eps_all[8,8]",0.00227184155319446,0.00950755704625795,0.962693232259799,-1.85119929028618,-0.666640334816599,0.00690195282528113,0.655987220605283,1.93299069683663,10252.6931021995,0.999734790286121
"eps_all[8,9]",0.205172066916286,0.0081514513077801,0.94118217001836,-1.63763492044579,-0.405220010802436,0.205016250488793,0.834920335379111,2.04044575052809,13331.4535886304,0.999619462037188
"eps_all[8,10]",0.0252125386134085,0.00898638268563297,0.995706333936217,-1.87898829613851,-0.663522549091552,0.0167893184327817,0.716123250716514,1.94884576664267,12277.0131599651,1.00023424419367
"eps_all[8,11]",-0.300405681073975,0.00854187892735559,0.921915980347096,-2.07345364638381,-0.921007757453654,-0.299972752142972,0.311890257433118,1.54139347315132,11648.6571536475,1.00020163542255
"eps_all[8,12]",0.0853961480405655,0.0114764241148188,1.00161886529221,-1.85376346380442,-0.59540202409803,0.0702100049493308,0.756029400962102,2.06059441249694,7617.13780839676,0.999853763053956
"eps_all[8,13]",0.133149116120693,0.00881495417113595,0.969244946835295,-1.79205004939091,-0.516188308465927,0.133778908772057,0.793752767088392,2.03670974389552,12090.0187245497,0.999896011673254
"eps_all[8,14]",0.31025820730418,0.00969773129535577,0.947346260309253,-1.5962718309405,-0.315534182737606,0.325521508719254,0.951665375506446,2.1270080241119,9542.83021736111,0.999747055770318
"eps_all[8,15]",-0.0499214513649807,0.00877900195845954,0.962945652595025,-1.93995217807322,-0.709480514717587,-0.0504532969550006,0.609234099765313,1.83127444850398,12031.3195509966,0.999745839506304
"eps_all[8,16]",-0.26090916129771,0.0100043204757205,0.982195936551757,-2.19738806877463,-0.902305784320019,-0.26061502833855,0.400981853228148,1.6591664102422,9638.75797460706,0.999970487593636
"eps_all[8,17]",0.274543024882338,0.00857637515135816,0.984871381556147,-1.64792254957031,-0.378564344947617,0.28942243052005,0.922124498520011,2.17676410513922,13187.1666963939,0.999748199718234
"eps_all[8,18]",-0.0792378388353113,0.00738209157561833,1.00318770988766,-2.0250436214573,-0.748355833757662,-0.0854441569861356,0.599819993414205,1.91336836934847,18467.3912047088,0.999735461978103
"eps_all[8,19]",-0.0147354599047247,0.00821346762787075,0.967042045619108,-1.88421445415364,-0.673036021161823,-0.00778246683918194,0.633803409476384,1.88670796026615,13862.3740873186,0.999911114940857
"eps_all[9,1]",-0.0279665953991088,0.00899757051626425,0.906471444235159,-1.79184167866947,-0.65461908829555,-0.033227779995802,0.57843162813451,1.78286182096587,10149.8058950102,1.00003488037503
"eps_all[9,2]",0.768784756485988,0.00923746382790229,0.933184160625544,-1.09875860045852,0.144162314174537,0.794423806737052,1.40496740621553,2.55733800335748,10205.3808315845,1.00089587865708
"eps_all[9,3]",-0.360013160163158,0.00852251213052341,0.852037187377251,-2.06944433755381,-0.916685480297332,-0.365505107157574,0.198127142542773,1.31489667775462,9994.97803469915,0.999741654639395
"eps_all[9,4]",-0.0679554211593104,0.0103820995927388,0.981769557499974,-1.98234760921268,-0.73545910425033,-0.0734618569535734,0.611215888167398,1.84777039501816,8942.28982806442,1.00003486827661
"eps_all[9,5]",0.176157792971139,0.0107240895194399,0.92350796668349,-1.61357631734427,-0.439085219257167,0.176287118143173,0.781768106991809,2.05472750083427,7415.84136872566,1.00018120035663
"eps_all[9,6]",-0.483908517531536,0.00929980147180261,0.951495356348562,-2.32820054868402,-1.12704260001218,-0.486827623804866,0.168769554019298,1.35430362951511,10468.054888842,0.999905796059686
"eps_all[9,7]",-0.344793386696863,0.00957622552546329,0.949645441409391,-2.18612463319261,-0.987249532699567,-0.344621773550169,0.28934675723324,1.52730282284297,9834.09150154608,1.00024806589758
"eps_all[9,8]",0.45259975304275,0.00905136324710816,0.972462265834956,-1.50076645896493,-0.189525047542501,0.449831146430223,1.10964005309656,2.37980056564444,11542.9689800132,0.999607805827076
"eps_all[9,9]",0.482450149349934,0.0086716212251878,0.930258513480457,-1.364597253391,-0.133326717337001,0.496040611891933,1.09761984573969,2.29487585993631,11508.1816168445,0.999916994787898
"eps_all[9,10]",-0.0763755661895099,0.012623042434643,0.982140587016859,-2.04997016836965,-0.717856461139048,-0.0807703581533304,0.582615895828588,1.82917066995967,6053.67683190893,1.00087541329073
"eps_all[9,11]",-0.0421117670171715,0.00886046063407298,0.918546559377804,-1.84792687746769,-0.649128528820107,-0.0543110592135008,0.580683633923146,1.75916919166898,10747.0618609809,1.00003440503026
"eps_all[9,12]",-0.105951348962927,0.00884852666927458,0.955127761761651,-1.96755461606903,-0.754154998746938,-0.115325222608687,0.543634372627589,1.75580167721293,11651.4777068368,0.999864664242939
"eps_all[9,13]",0.0536307141694866,0.00971795396496367,0.968073539345689,-1.82123136094865,-0.590172271609861,0.050985661577604,0.700649086358645,1.96999662855653,9923.54913316274,1.00017578723175
"eps_all[9,14]",0.0818653277217885,0.00849671448889967,0.924690017501488,-1.7478842113636,-0.528434874511429,0.0748941425665717,0.678546709056455,1.89311233335487,11843.7788145779,0.999668586678027
"eps_all[9,15]",-0.357536535378293,0.00942785060152803,0.978392117619993,-2.25381686194019,-1.03028023389603,-0.349052876472479,0.303729390653798,1.55929465617702,10769.62314645,1.00008146748133
"eps_all[9,16]",-0.161856824388248,0.00834246854426196,0.97476815294911,-2.08817775131894,-0.820020510109736,-0.1792451502841,0.494494510202047,1.75914096391029,13652.5415791711,1.0000863690273
"eps_all[9,17]",0.101133711764318,0.00800060553347145,0.976960993188229,-1.8115551539663,-0.559000187626862,0.107087672134511,0.754030511303543,1.98827620612467,14911.0673490294,0.999760517970895
"eps_all[9,18]",-0.113702409511663,0.00926299597879176,0.985839129546631,-2.01217701929394,-0.781208833225457,-0.122778330039711,0.556821187124085,1.83715527190611,11326.8500975802,0.999917602418202
"eps_all[9,19]",-0.0500299988533649,0.00830698960720895,1.00097669367161,-2.03245309814687,-0.725974765927332,-0.0537348273260297,0.606623819820252,1.94981760954049,14519.7987554038,1.00021437124109
"eps_all[10,1]",0.336357420425538,0.00938283822531528,0.903992508320697,-1.40150230931732,-0.274017424984829,0.326882978908789,0.942442103786599,2.12612873442898,9282.41980271931,0.999873424091841
"eps_all[10,2]",0.188814327819335,0.00968662965846117,0.930329671964455,-1.59855884650362,-0.445129121047813,0.189900018038341,0.811814676751219,2.01969997648832,9224.19240366277,1.00011028678856
"eps_all[10,3]",-0.87348281290049,0.0118292168425326,0.858696476053767,-2.57598146337061,-1.45299963939768,-0.891542259320796,-0.315605465286311,0.855952692057917,5269.47532655267,0.999822967159452
"eps_all[10,4]",-0.133108319908751,0.00975266502809849,0.984235992798572,-2.03452070864729,-0.812038214428236,-0.123138272153134,0.545044206702316,1.76783377349743,10184.7851022619,0.999786638249185
"eps_all[10,5]",-0.0870997554766289,0.00908331394237518,0.934267365569544,-1.90052834224465,-0.717652645839726,-0.0917852847697795,0.542137511570972,1.754685110332,10579.2214579532,0.999808969641543
"eps_all[10,6]",-0.158628113373154,0.00912519368687065,0.950342755226488,-2.03620842514006,-0.803447116692751,-0.155479243876683,0.461407156152321,1.70655603550973,10846.1686695565,0.999816323471725
"eps_all[10,7]",0.164069784585022,0.0102077563745141,0.963193573686433,-1.74861406610951,-0.485263134822452,0.169268637442143,0.820364015419248,2.02476940255592,8903.61884631071,1.0012524364673
"eps_all[10,8]",0.13931448703028,0.00931499361394024,0.982338294751363,-1.78071620877474,-0.524788479062946,0.144522300367588,0.795578000161081,2.11160918351825,11121.3376455259,0.999996461020489
"eps_all[10,9]",0.0483758145561452,0.00925241754408001,0.947647061321922,-1.83327845398401,-0.586924603851708,0.0421118039478484,0.692688818412495,1.92478937410889,10490.1764550857,0.999706284790658
"eps_all[10,10]",0.0458413393314244,0.00973469993353811,1.02358423681654,-1.97281929373038,-0.650677105159494,0.0491127925847795,0.724690029558146,2.04785814039114,11056.1020812476,1.00015282552062
"eps_all[10,11]",-0.409506047831963,0.00990891259631002,0.924440197329826,-2.21101191645789,-1.02965710868525,-0.427033309677252,0.220547699406617,1.40935227960161,8703.73476330644,1.00015115480572
"eps_all[10,12]",0.103262609822047,0.0090605408768211,0.989730238958472,-1.8645347760649,-0.545151462098413,0.109893143367169,0.764190113323789,2.03028380279269,11932.3348065568,0.999606350874419
"eps_all[10,13]",0.0550114708429589,0.0113527900997316,0.988118257560595,-1.87973171499157,-0.607625664603833,0.0553658035025699,0.713889006706957,2.05148100550338,7575.5231748509,1.00018055263615
"eps_all[10,14]",0.526468455987334,0.0102104490257637,0.94730298358877,-1.31238632305189,-0.106759095860009,0.533351615238228,1.1705349939635,2.36449291484328,8607.71991780346,0.999745360300737
"eps_all[10,15]",0.183546091017575,0.0092512158947734,0.983809843543782,-1.71648195983252,-0.497485457029956,0.179058530785097,0.859459850678018,2.11235112029738,11309.0127801088,0.999990457419707
"eps_all[10,16]",0.142083807167707,0.0093868558805934,0.989814993793524,-1.75308486897827,-0.544287723109761,0.127369264458563,0.8111379341617,2.10974279603841,11119.0518748245,1.00005184779444
"eps_all[10,17]",0.347576928998949,0.00937040926308868,1.00138823349413,-1.58407196900877,-0.356225684116317,0.330324127839713,1.02643660678457,2.31632884998901,11420.571810178,0.999969500140794
"eps_all[10,18]",-0.151063660800811,0.00837823525595247,0.999453498605525,-2.13068721527934,-0.805651409333622,-0.156694766072144,0.521200013604553,1.80304816823498,14230.4974987287,0.999857728919639
"eps_all[10,19]",-0.173700690094892,0.00924596778499504,0.992685954956613,-2.06617969897473,-0.856523598884349,-0.178028491678597,0.501468146234528,1.75455823040052,11527.0719176125,0.999747776772086
"eps_all[11,1]",0.740067571095373,0.00935681862966828,0.937840606651395,-1.17384394562436,0.116175299368209,0.751259912776307,1.3769326366942,2.52736473800125,10046.195913929,0.999974015770093
"eps_all[11,2]",-0.142515258561332,0.00924106826171643,0.893421698490997,-1.85606804912335,-0.757860079989338,-0.130636281693722,0.440267243453609,1.62936485068521,9346.92236159902,0.999581767679262
"eps_all[11,3]",0.00393987549598214,0.00895414397854812,0.875866574194492,-1.76704922419186,-0.581888295989228,0.0180924770839005,0.599434863907295,1.72597888641602,9568.14522775541,1.00048725377795
"eps_all[11,4]",-0.0130314434083451,0.010539149689451,0.990729123456515,-1.9915779268579,-0.667924979283795,-0.00616085141518814,0.640826796472008,1.92542943235687,8836.87503512383,0.9997270042561
"eps_all[11,5]",-0.724919671388706,0.0100161230700912,0.962872548181923,-2.57863010391679,-1.38075600515976,-0.741821223066855,-0.0827791191105939,1.22280343606615,9241.4114322087,0.999662180112411
"eps_all[11,6]",-0.0857776068212775,0.0081338068679743,0.924078945480097,-1.91465077542515,-0.718543149568471,-0.0719316954253693,0.53765549719801,1.72904809732343,12907.1524066831,0.999890321293409
"eps_all[11,7]",-0.0200394286097875,0.00880811651645132,0.927281931317915,-1.84702690420579,-0.636326612605136,-0.0285054344165133,0.59943159490331,1.8019012771993,11083.0040709011,0.99972147238037
"eps_all[11,8]",-0.305884582778082,0.0129940129262724,0.972003419471493,-2.18995240989452,-0.969512169327618,-0.322360580691723,0.338717355471641,1.65807170597793,5595.63008630461,1.00138146059349
"eps_all[11,9]",0.0932137255875438,0.00937645973753591,0.934820132440632,-1.77223103114536,-0.538166213876171,0.091039241287123,0.732649522912927,1.91492718687879,9939.81559808076,0.999789048676484
"eps_all[11,10]",-0.0128227974067857,0.00855273974695978,0.964427420272177,-1.96039980422805,-0.642757833784616,-0.00995913889119571,0.631558254273109,1.87146634547596,12715.357794518,0.999596388076544
"eps_all[11,11]",-0.0720080477043804,0.00962038004523703,0.915953090157927,-1.89515110662045,-0.686417575746146,-0.0604881192700059,0.556749932151129,1.68881410448806,9064.87890167571,1.00074311473345
"eps_all[11,12]",-0.182186870344387,0.00933422544625437,0.983517317247385,-2.09905458210467,-0.856090631241715,-0.180326788416084,0.47396533157065,1.78006142769164,11102.1591895707,0.99972400259502
"eps_all[11,13]",-0.171191681053479,0.00928481708322747,0.967002204211827,-2.08291715175898,-0.818583938506787,-0.185448090078838,0.479937587379812,1.75466445043517,10846.9646170969,0.999614549855035
"eps_all[11,14]",0.104492635729898,0.00878253000081088,0.931062462333395,-1.73382650595762,-0.511605635483537,0.113966399418375,0.722776941258802,1.92781659972713,11238.7588090844,1.00005847601758
"eps_all[11,15]",-0.379906506261353,0.00939682683752086,0.980094833759502,-2.249267844021,-1.03487851006023,-0.38407844719469,0.275621932880697,1.54587938302115,10878.6186347425,0.999702399010671
"eps_all[11,16]",0.406928792015937,0.00855937152328198,0.991786922549229,-1.52450415918575,-0.252934916610301,0.398014454967385,1.06791411323852,2.39221269911946,13426.1965276113,0.999786974269588
"eps_all[11,17]",0.191867703747067,0.00856686859965752,0.976733581456259,-1.72420125594906,-0.460492954418924,0.20934948419749,0.836781910997141,2.10924274357828,12998.9426570864,0.999711719035325
"eps_all[11,18]",-0.0521021124762697,0.00894044043569269,0.986416008190773,-1.95685900264929,-0.722275505356225,-0.0575149322132938,0.621496505727567,1.85041403895676,12173.1337870733,0.999937259234105
"eps_all[11,19]",-0.0780955594552055,0.00780995212482169,0.956006567673055,-1.93058155284647,-0.70671768132086,-0.0733750587289795,0.55101516060277,1.8085985704089,14983.904913886,0.999820585345077
"eps_all[12,1]",0.134231198342703,0.0084056445077858,0.881353810209798,-1.57459740192285,-0.458293969071047,0.129114380344393,0.717115886148904,1.84932721599726,10994.0709423943,0.999972231205565
"eps_all[12,2]",-0.13836959581952,0.00877750819091872,0.867281808178458,-1.86142146798355,-0.714604051493294,-0.125641637690015,0.451292438489168,1.56413116713548,9762.88080211563,1.00033004002213
"eps_all[12,3]",-0.0670568746282284,0.0079452803704249,0.832196883024088,-1.73117619405318,-0.609508416965508,-0.0628550380338302,0.479771245007155,1.5684390677593,10970.6842457292,1.00021711229888
"eps_all[12,4]",0.490439107216258,0.00982871172921066,0.924674286221097,-1.36148629952497,-0.132663837644052,0.514938387708873,1.11851052522176,2.27433818208185,8850.83747867713,0.999764384599464
"eps_all[12,5]",-0.209397661304399,0.00886870917637283,0.949030382286577,-2.06964801914573,-0.852164063974885,-0.219279137390502,0.426068751711066,1.64647475921258,11450.8942760718,0.999691762403226
"eps_all[12,6]",0.0798613064648945,0.00869387018810335,0.934998829267118,-1.74761615674243,-0.54011371558279,0.0902294356943574,0.717586505802077,1.86495175284057,11566.3367272014,0.999776846728219
"eps_all[12,7]",-0.211067055812533,0.00953153044254345,0.933745669382349,-2.02086179376687,-0.831086328517754,-0.218845254739145,0.403268004167416,1.66378970508306,9596.92106299702,0.999687625187354
"eps_all[12,8]",0.163966213474325,0.00818236059748095,0.947519641456563,-1.71794365113476,-0.459360637624302,0.163860961296806,0.78414481282877,2.03469168307115,13409.704655812,0.999972088853384
"eps_all[12,9]",-0.279937801686251,0.00806143578226079,0.923991169439982,-2.10131106633998,-0.906052907096367,-0.293962006672425,0.337994887006691,1.55410995180075,13137.4429757352,0.999824870315
"eps_all[12,10]",-0.140983791946642,0.00818518530827374,0.91705672375964,-1.95882368531725,-0.741510526560409,-0.139815041753656,0.453669535311543,1.67369658237527,12552.6484670472,0.999984867757817
"eps_all[12,11]",0.030332620116916,0.0102528827668679,0.898229147500178,-1.71666993996409,-0.573541687364525,0.0367457802860527,0.629158595590704,1.81327963985405,7675.06927981093,0.999999524418234
"eps_all[12,12]",-0.0300401546218949,0.00789362276722052,0.951171727866163,-1.8997766886875,-0.673507079026965,-0.0231019550230693,0.590887786395111,1.85408478362818,14519.9503221985,0.99986016911603
"eps_all[12,13]",-0.0520182836988837,0.00877501375787322,0.954240969605233,-1.89816111004391,-0.704743216607249,-0.0437686178024385,0.587790196348682,1.81401458804634,11825.5270368184,0.999723271779422
"eps_all[12,14]",-0.15662509060016,0.00818332150388089,0.92877684270824,-1.95392233469309,-0.804236492453111,-0.164437918829579,0.471649144991616,1.66353169021648,12881.4137282125,0.999949885962349
"eps_all[12,15]",-0.0154479422557031,0.00785400071960209,0.940367871213118,-1.87275122196429,-0.637259672593729,-0.00764694438299953,0.614062468058705,1.82271226028797,14335.5279426323,1.00036287720246
"eps_all[12,16]",0.20565308071726,0.00811643212570628,0.97479603045481,-1.71227142314016,-0.451092311660718,0.208581201753791,0.861780037335209,2.12336146845395,14424.3808826159,0.999649146432081
"eps_all[12,17]",0.253931036152067,0.00805907494461232,0.974264868312288,-1.65328243197486,-0.404972072679826,0.26438826855036,0.908701199825934,2.14687462614369,14614.4910510831,0.99960298955784
"eps_all[12,18]",-0.0275195321216602,0.00800423212257016,0.999211690998645,-2.0069072227041,-0.691305453118405,-0.0238672603668474,0.638549978547095,1.93211760545061,15583.8824671265,0.999633962570061
"eps_all[12,19]",-0.00400200948704905,0.00959385206567615,0.983347902287364,-1.91831429371958,-0.668299291905908,-0.00217859403595946,0.660076852645959,1.93630535373868,10505.7813132899,0.999583447962696
"eps_all[13,1]",-0.0943908283635392,0.00928046450763127,0.911794789530769,-1.93299948099508,-0.697528887763962,-0.0994231698239529,0.499931522057942,1.74208117290679,9652.8328038556,0.999941940281847
"eps_all[13,2]",0.023383712485728,0.00975816364602148,0.908888395587938,-1.7599759538919,-0.573092440291044,0.0170545557458758,0.635635253439267,1.80298686298914,8675.30840869375,0.999955209439223
"eps_all[13,3]",0.0401587730905325,0.00867928236607454,0.863556380384283,-1.68796249867582,-0.530873068032132,0.0448673673638049,0.620919716990707,1.71635010228295,9899.51138208863,1.00002464033235
"eps_all[13,4]",0.413380573073377,0.00918726974482342,0.89607144858227,-1.39540753044508,-0.1727031575709,0.412416241634095,1.01045902444787,2.17283234538806,9512.88712848336,1.00041360019162
"eps_all[13,5]",-0.355510588982059,0.0100963167628112,0.945730652657516,-2.20915021427186,-0.992939902537253,-0.352083426643266,0.288514227603352,1.4702207470734,8774.22961702845,1.00043339097623
"eps_all[13,6]",0.0612805795351236,0.0100239157317067,0.982485153830669,-1.87794070647312,-0.604964326884936,0.0654711859925704,0.734699654066759,1.98318728399374,9606.76526378508,1.0007005316743
"eps_all[13,7]",0.0187271659684534,0.0102362367534738,0.981237901307012,-1.91458921879224,-0.64523693163405,0.0300289116258146,0.671026553065094,1.94668525660765,9188.9943739541,0.999791666576894
"eps_all[13,8]",-0.166325833467196,0.0101426976186556,0.949673309524344,-2.01182459360572,-0.817040735322129,-0.155110812559975,0.456710069611427,1.71890567413277,8766.80826470369,0.99976567642251
"eps_all[13,9]",-0.570905248822945,0.0116992517642909,0.98532455874197,-2.45557153098245,-1.25057477462425,-0.585416341667736,0.101057569875484,1.39342594336714,7093.20384964364,1.00011516240783
"eps_all[13,10]",0.375395427378961,0.0106909114044663,1.00092950102801,-1.57090484010823,-0.298725425605275,0.380033795628682,1.06402859775529,2.3266891077846,8765.5166338547,1.0000599684909
"eps_all[13,11]",-0.385693726142442,0.00983636858470799,0.942347512161636,-2.19033695561369,-1.0204609799892,-0.382557334975908,0.257050538255995,1.45347920389375,9178.09584204041,0.999645655372735
"eps_all[13,12]",-0.274780801359073,0.00971971653770807,1.00371121981523,-2.21309818835566,-0.954621570357385,-0.260262578154591,0.379117781829325,1.71317916105984,10663.759913899,1.00014575266653
"eps_all[13,13]",-0.395586660106311,0.010684399675521,1.02398931438353,-2.36785376600198,-1.08223120537796,-0.407075995686865,0.288066372697074,1.65539983960107,9185.24190318897,1.00036887867306
"eps_all[13,14]",0.526009906427683,0.0115050351624374,0.994659371141565,-1.44810097706159,-0.122101119805613,0.553092691162934,1.2102509371698,2.42486523356349,7474.34012265669,0.999873843443402
"eps_all[13,15]",0.527319622879952,0.011983532849555,1.00378837444242,-1.50549195031451,-0.141038633811082,0.53638179844908,1.22256159018305,2.42581726360084,7016.40390511646,1.00035741631165
"eps_all[13,16]",0.204646535426137,0.00898960381592884,0.963914795446526,-1.68928267470483,-0.438002869304116,0.216124772596472,0.865659477808035,2.11316194365392,11497.3086012587,0.999769409643808
"eps_all[13,17]",0.0679059895335927,0.0083758877992611,0.979601639564667,-1.81584646803501,-0.609251438995604,0.0685204764759199,0.735864750104892,1.97438455053228,13678.4631444034,1.00048165211597
"eps_all[13,18]",-0.0444097943335467,0.010453089940601,0.98805770465291,-1.96841201336131,-0.71949910580342,-0.0492549765304506,0.62272586331414,1.91479118947513,8934.60266876292,0.999811040166137
"eps_all[13,19]",0.171088148895925,0.00858329261571766,1.00205463356642,-1.77239010396922,-0.514294152880925,0.177562783255044,0.841243633249324,2.13284233646679,13629.3443500719,0.999878809833476
"eps_all[14,1]",-0.335444580812111,0.00863270323417255,0.871650981087674,-2.03665872895929,-0.925698522181632,-0.344602992636311,0.258062421839417,1.35468434030936,10195.1031396974,1.00005629233236
"eps_all[14,2]",-0.172007681231435,0.00870723381351074,0.886047863261496,-1.88609308537644,-0.763560116434697,-0.169223430594588,0.42663231531327,1.57814279757608,10355.0917659014,1.00001037136929
"eps_all[14,3]",-0.300665984126844,0.00955301542495547,0.874518991206959,-2.06235085415176,-0.880500061430772,-0.283265684173872,0.276047574370329,1.39276315740279,8380.26075903474,0.999889676688049
"eps_all[14,4]",0.898628845912608,0.0109775043680998,0.881660401399957,-0.914230249518284,0.295838831317466,0.931129722691712,1.48880054435128,2.61931811874048,6450.53051076006,1.00107611041223
"eps_all[14,5]",0.10682484054081,0.00849899903986603,0.886826365040627,-1.62375390221233,-0.496722644949193,0.112882948756564,0.697344363077478,1.83456205875931,10887.837533215,0.999898218655707
"eps_all[14,6]",0.257810210915287,0.00884168752672819,0.930395750726164,-1.58691762517507,-0.369498246216924,0.269755029702147,0.888948627311444,2.08039994980826,11072.9951960437,0.999952626524539
"eps_all[14,7]",0.368643285584901,0.00852761463757805,0.916178684332738,-1.44553584970382,-0.237955885342859,0.385628323316979,1.00008055658215,2.14913277319205,11542.642208882,0.99979396575365
"eps_all[14,8]",0.0862097583880858,0.0085802457086826,0.918857623773924,-1.70516707217283,-0.535787612698008,0.0946738790931354,0.701812040697508,1.86946153313863,11468.2459045865,0.999743593562534
"eps_all[14,9]",-0.233176593676402,0.0091434023631779,0.95338104522057,-2.09013247946426,-0.878185717379482,-0.235458517452969,0.407733951502194,1.64273446977991,10872.1982508401,1.00042542143078
"eps_all[14,10]",-0.141300918621705,0.00857682401226783,0.920686349514918,-1.98685705620782,-0.760231651364625,-0.139113529748623,0.468917802666804,1.6460472657788,11523.1286490477,1.00042161039301
"eps_all[14,11]",-0.422128698797816,0.0101225449354897,0.932752917030825,-2.26406590509383,-1.03833432527873,-0.418696240640978,0.193588373925772,1.41451346817153,8490.90154501412,1.00121664350831
"eps_all[14,12]",-0.0122143599727373,0.0082868093096814,0.95575122710413,-1.8828188221554,-0.647053225193678,0.00518429003035494,0.619892872254383,1.84960208484695,13301.9416375232,1.00013366278526
"eps_all[14,13]",-0.214498445196156,0.00860079818326792,0.947529904153469,-2.07178936663848,-0.862861895989799,-0.221816078988485,0.430067096328927,1.59387878025195,12136.9157223387,0.999896477998433
"eps_all[14,14]",-0.195219848562252,0.00864011503735761,0.969699448242267,-2.12745246056409,-0.837540917013726,-0.182175839791998,0.440495564614722,1.75023789770663,12596.0752730439,1.00018733974146
"eps_all[14,15]",0.143762831089263,0.00838546889985116,0.949996378730747,-1.72630869734881,-0.492268176911619,0.158342252557828,0.774799881033524,2.00512026509448,12834.8026272089,0.999759439913766
"eps_all[14,16]",0.237684907216847,0.00924107598646452,0.993721723154865,-1.66089285175212,-0.450912216460559,0.233581048426206,0.930167388389236,2.15482860926533,11563.371668238,0.999708675322241
"eps_all[14,17]",0.281350622890227,0.00847548953295412,0.99400153640284,-1.72048800040336,-0.376924893879455,0.295922857970903,0.929897740748997,2.21482692152491,13754.4911309215,1.0000332818712
"eps_all[14,18]",0.0210179457744755,0.00800887455139764,0.974458312278605,-1.9267454989842,-0.623939066405109,0.0145309532110285,0.652453581632069,1.95488085454752,14804.1523913703,0.999849641285978
"eps_all[14,19]",0.0153425936384768,0.00910831146290578,1.00397889822446,-1.92612897280125,-0.673054873416798,0.0110925317171192,0.706847665960883,1.96853529141756,12149.9201430498,1.00006680680301
"eps_all[15,1]",-0.464230915320459,0.0102803418252908,0.905937347917065,-2.23953649319504,-1.07520536621014,-0.472009522914986,0.148928013137827,1.30610030817917,7765.7108792985,0.999909777552695
"eps_all[15,2]",0.234439538720288,0.0104745934137583,0.967935883077704,-1.69074195053466,-0.414125551095728,0.271000657157879,0.880275689228995,2.08190299930748,8539.23237496641,0.999660619303119
"eps_all[15,3]",-1.04295177727227,0.0100218114591656,0.899749676329448,-2.73774230402405,-1.65716397208809,-1.06093596881087,-0.453038117798425,0.808615255655217,8060.29509505599,0.999979441220572
"eps_all[15,4]",0.618813706411464,0.0102383798567949,0.875167578116029,-1.17026151763232,0.0506164475313175,0.617111349349721,1.1915831223554,2.32975100568438,7306.67791436136,0.999711825533149
"eps_all[15,5]",-0.256998986075333,0.00993695206946233,0.947568899805643,-2.08654804752242,-0.889539809347363,-0.265269979152426,0.364202483232934,1.65645659825265,9093.16782426026,1.00014745144179
"eps_all[15,6]",0.17509293143899,0.0102160964304542,0.943170245024842,-1.66747231244407,-0.466717656647364,0.180186089618829,0.831541157752409,2.00805341764846,8523.34789522753,0.999924661674439
"eps_all[15,7]",0.0753684387091215,0.00941227430083567,0.944952552461868,-1.76143871915357,-0.570348799137849,0.0739803505216015,0.698741812855098,1.93527503444836,10079.3112008855,1.00006956277002
"eps_all[15,8]",0.379094471501096,0.0105037222492468,0.938254911248777,-1.47392883563686,-0.239880261279969,0.376068827111758,1.0067095599709,2.22516068336893,7979.12437049725,1.00022890535581
"eps_all[15,9]",-0.423180137429838,0.00993279303319837,0.959925431923892,-2.26871250860321,-1.06814004543376,-0.418685347778669,0.216468939258436,1.46918780623623,9339.68487411622,1.00015464365512
"eps_all[15,10]",-0.408977315107315,0.0103669342125733,0.957533446168132,-2.29956915838377,-1.04839921519805,-0.422264363994758,0.230016128479294,1.49577036214267,8531.14296784923,0.999810525894514
"eps_all[15,11]",0.0449094755409208,0.00911075762657094,0.912531787365458,-1.78852769762459,-0.567835190430837,0.0434862259007044,0.660983235385352,1.82924538798118,10031.9882984978,1.00013045645981
"eps_all[15,12]",0.0462788937878135,0.00967113854693583,0.980755002182161,-1.84547771174781,-0.618997201779191,0.0427446218481827,0.714264436609845,1.94086241782607,10284.0896479953,0.999809165262102
"eps_all[15,13]",-0.0294859440128983,0.00925540876753802,0.980337571660933,-1.9785807779975,-0.678285492095392,-0.0166299110624965,0.617944644195735,1.86718604668497,11219.1534028441,0.999820690645647
"eps_all[15,14]",-0.77279067348077,0.00962459830284712,0.998361936584834,-2.70405563403143,-1.44265034889714,-0.795609476333536,-0.0924288757113811,1.19808298373326,10759.9636545567,0.999829786983554
"eps_all[15,15]",-0.135469777918785,0.00848565279362066,0.923558339541206,-1.97375011060841,-0.761039420874669,-0.122327378250446,0.482343191115342,1.66529389786387,11845.6297163467,0.999853773867572
"eps_all[15,16]",0.386472047244286,0.00885994119158708,0.962301041829752,-1.50710091909236,-0.25145052305553,0.378815166500924,1.03457910179654,2.24970334349605,11796.6918076311,0.999648533687761
"eps_all[15,17]",0.0623924516681703,0.00812195138481088,0.980463952530294,-1.86934525212097,-0.601260190284111,0.0651340601736782,0.71782999939721,1.96141214878236,14572.7827674599,0.999638887533046
"eps_all[15,18]",0.112315700550977,0.00822672065174052,0.984763548833066,-1.83530973428157,-0.531267061552536,0.10448421157462,0.757151809776104,2.09702868669965,14328.8200431602,0.999893241587936
"eps_all[15,19]",0.0309467789446256,0.00894835820989568,0.991842849896622,-1.88916871342407,-0.645870429829038,0.0320152465374261,0.692665220700352,1.95760084953813,12285.6747006658,0.999635824609986
"eps_all[16,1]",-0.46374598928452,0.008603636986188,0.878039243655014,-2.2043216007145,-1.0462621034964,-0.460334165959301,0.123040517947483,1.24898360851501,10415.106091972,1.00003609036249
"eps_all[16,2]",-0.33909057357577,0.00901134740140457,0.927389281156977,-2.11795730335517,-0.994989069152567,-0.338307368141961,0.288459280380551,1.48001757835533,10591.1880337131,0.999987391584007
"eps_all[16,3]",-0.387436238566218,0.00883972945193205,0.89016994947838,-2.10476554086103,-0.969707108353809,-0.386658878343001,0.199081133469749,1.36306217797939,10140.6994650603,1.00032033893735
"eps_all[16,4]",0.359356519145589,0.00899703539787518,0.873034464037791,-1.41231768153729,-0.221134630092587,0.376457332479224,0.948515822532816,2.0599422074988,9415.9451135594,1.00000486235075
"eps_all[16,5]",0.381750195995956,0.00860142363653235,0.908304057954074,-1.44309674396486,-0.212159109585275,0.398053407143328,0.989875279100262,2.14246475112636,11151.2058484855,0.999688419994538
"eps_all[16,6]",0.0814586952001139,0.00894753470562732,0.911974013960289,-1.72984290287147,-0.526773373544676,0.0795805101004953,0.703051780563539,1.8756627008459,10388.6267758705,0.99973455931701
"eps_all[16,7]",0.309379305056716,0.0106320977773016,0.927960671938466,-1.51711950942869,-0.318607310997369,0.328434397473665,0.937201266596128,2.08777706148842,7617.65355819396,0.999649811129852
"eps_all[16,8]",0.127957482606309,0.00822944436753424,0.906092712377422,-1.64348997743516,-0.467346005833917,0.128801711334104,0.729314651253629,1.91795419112657,12122.8364890978,1.000045242544
"eps_all[16,9]",0.00952235483782524,0.0103980703601959,0.959089265577705,-1.85815094972651,-0.622757445770414,0.0113455927744287,0.656709716178249,1.9148595494643,8507.70763075622,0.999808202730659
"eps_all[16,10]",-0.562858213963943,0.0101050457368755,0.950768687815479,-2.43190954605458,-1.19472419419911,-0.557583554849903,0.0547670732364505,1.28805540243815,8852.64754550901,1.00026446049545
"eps_all[16,11]",-0.0891960435663319,0.00778676746853082,0.893438809609837,-1.85260765136622,-0.680809754269249,-0.0918352850072686,0.504647868713723,1.67927766953249,13164.8287957539,0.999775775156466
"eps_all[16,12]",0.0466337708962691,0.00952030114133381,0.951239760204806,-1.83571046634446,-0.579790078954717,0.0416440266232272,0.680227903367796,1.9104712169196,9983.40334302784,1.00085124200377
"eps_all[16,13]",0.0493909553810115,0.00941548186339711,0.957678597090034,-1.81037565591105,-0.598540861787296,0.0575436774316418,0.699780115888347,1.92004257641297,10345.5708891701,1.00042585388998
"eps_all[16,14]",-0.0468113563733078,0.00948516594790016,0.95197159234155,-1.9212544655503,-0.68096280394736,-0.0525154881868482,0.608088874897401,1.77063606239357,10072.9832252156,1.00014196737611
"eps_all[16,15]",-0.15194591083729,0.0118685461061143,0.968040544168208,-2.00724237922572,-0.790041858461249,-0.163945999764072,0.469903267939421,1.83730079041395,6652.60980796199,1.00072349471302
"eps_all[16,16]",0.174439146835751,0.0102172150079413,0.996260401443667,-1.77770342992697,-0.51367709122073,0.181494900566765,0.853217934699089,2.09458038243287,9507.81388997696,1.00027263773879
"eps_all[16,17]",0.00385442087621395,0.00915229896783752,0.968730435258453,-1.91302527931353,-0.641378153419194,0.0190984791236744,0.659072186080822,1.89360115539939,11203.2877925857,0.99984759394008
"eps_all[16,18]",0.107308700960659,0.0112023666596941,1.01545918236515,-1.83119740172553,-0.573316192295586,0.0868844814784754,0.796032652401941,2.13147173576807,8216.85031636688,0.999656209227567
"eps_all[16,19]",-0.100812759059882,0.0089481127843898,0.993402268178617,-2.0717529994228,-0.767050656849889,-0.0971380537370457,0.565947037844963,1.88072354234447,12325.0132737949,0.999693651954841
"eps_all[17,1]",-0.606602180018504,0.00848475858489147,0.877615993077113,-2.33566815348264,-1.18170236698843,-0.607947398881113,-0.0310273444757225,1.14706396779656,10698.6770466415,0.999652169065876
"eps_all[17,2]",0.169089507448134,0.00892454780778205,0.920319766261177,-1.66544971406954,-0.46517909923684,0.185850497133976,0.790223432259755,1.93319118101499,10634.2057498428,0.999669374825409
"eps_all[17,3]",0.405130396841781,0.00908579170308763,0.8891151191572,-1.39205892130512,-0.185819926128997,0.417830838467655,1.01214768062913,2.08089216945442,9576.13893617006,0.99996136906043
"eps_all[17,4]",-0.0261016549102557,0.00840155393394102,0.850413347628085,-1.69206426926322,-0.604012052994688,-0.0214294612302564,0.546192759364119,1.64968714891446,10245.6825732729,0.999722060475868
"eps_all[17,5]",0.321983066298523,0.00811371890346596,0.890603797786599,-1.47046720711168,-0.273502531530511,0.323544390472251,0.919530088141719,2.04654363669409,12048.394250118,1.0001853454483
"eps_all[17,6]",0.0765863066369319,0.00880698573442004,0.926057627670413,-1.69777528737502,-0.547746650076562,0.0655508641598211,0.696648498387541,1.8982531044218,11056.5959917251,0.999646134961389
"eps_all[17,7]",0.136003609839635,0.00827972119099078,0.919723453208372,-1.7067467823773,-0.471816785166028,0.142215986853717,0.751915310217897,1.93477148774277,12339.0890094985,1.00067575092016
"eps_all[17,8]",0.0104965922418937,0.00999481851524925,0.950140336970946,-1.86256942580655,-0.619691351657414,0.0201672625256016,0.658951371153554,1.86168993442899,9037.02921896855,0.999761742445723
"eps_all[17,9]",0.231484426685333,0.00919951393139812,0.981889201996765,-1.68410050032369,-0.421888463027164,0.236292315355649,0.883633524267359,2.16512499942341,11391.874850989,0.999740641377125
"eps_all[17,10]",0.0237478815175605,0.00891337032386239,0.961741836395213,-1.88045174327731,-0.627005154521711,0.0168077253324463,0.671952206406237,1.90886912879207,11642.1480028915,1.00042983136371
"eps_all[17,11]",-0.337209092224789,0.0103369050621271,0.912910355139034,-2.08382991272042,-0.969953200340139,-0.347416078906828,0.271195520217715,1.45895108142595,7799.65173818187,1.00006321663322
"eps_all[17,12]",-0.089889879239397,0.00840010733310195,0.942743238247744,-1.96001744229025,-0.719865326037147,-0.0794341142093699,0.512154417588167,1.81454794015649,12595.5513161503,0.999733461804295
"eps_all[17,13]",-0.062569150785767,0.00822666226039789,0.942894886264541,-1.94231342109009,-0.691174289172386,-0.0642697250265212,0.570735927154443,1.81844589265557,13136.4865254028,0.999593332750739
"eps_all[17,14]",-0.0539686119076886,0.00972386259927577,0.984871190120131,-1.96330815793176,-0.733071399094225,-0.0562711226308575,0.617818263146285,1.89783952592408,10258.4380444703,0.999612175694134
"eps_all[17,15]",0.307404229694192,0.0102993244037998,1.00062263346157,-1.67925444513414,-0.373842629626751,0.304658270689512,0.993866202602218,2.24685925459027,9438.93877516687,0.999780187906727
"eps_all[17,16]",0.0589847017997175,0.0115205760550723,0.962095570489936,-1.79685253422884,-0.603551704927754,0.0615812971002008,0.707279292436524,1.94552513563678,6974.09790084778,1.00030949583364
"eps_all[17,17]",-0.115958161684356,0.00962051265346056,0.980023546356741,-1.98001799120458,-0.798158098269815,-0.107496882718365,0.536896877182227,1.8303870174019,10377.1140610769,0.999634850955425
"eps_all[17,18]",0.0476316140615815,0.00848732833720682,0.997997847723151,-1.91110212648814,-0.638209981219117,0.0450918966890115,0.712557959483114,2.06282138571597,13826.6574184843,0.999692590749326
"eps_all[17,19]",0.0423833664728173,0.00823520321767233,0.972431403300297,-1.89084858853093,-0.60813959956186,0.0352869316688328,0.679222091682727,1.97931330446647,13943.4200062129,0.9998069010528
"eps_all[18,1]",-0.311651298952323,0.00874456304373745,0.89408075250878,-2.06654512488254,-0.922870665892344,-0.305883633984849,0.278292828095109,1.43181607081513,10453.8740893839,1.00003828700542
"eps_all[18,2]",-0.387491067013394,0.0101540220948033,0.941877022936092,-2.20156409085824,-1.02966359274938,-0.384472244421501,0.242021630967342,1.44711699569361,8604.23367864085,0.999899490379376
"eps_all[18,3]",0.575390878192813,0.00937561474391279,0.842904434139022,-1.12546550207426,0.0273177798144156,0.587101791832773,1.13944587281079,2.20231627614339,8082.71322521656,0.999797384475905
"eps_all[18,4]",-0.507172990863009,0.00961140541356273,0.886714033772781,-2.20978169672258,-1.09650056270447,-0.516847530629862,0.0762996425339271,1.27135071472293,8511.25047038764,1.00012873729744
"eps_all[18,5]",0.710900611182414,0.00926485028646768,0.919915514152953,-1.14136716702461,0.0860272486891202,0.73122517965183,1.3297265151389,2.48381756350748,9858.68691334692,0.99966458451322
"eps_all[18,6]",0.260667576657387,0.00980202734676935,0.954508079694009,-1.61779354848951,-0.374468186872285,0.251073237230861,0.903264544021512,2.12908445024315,9482.59927835222,0.999979127037312
"eps_all[18,7]",-0.0112926152034681,0.00902904321572384,0.918788962092503,-1.79394264366912,-0.636021095067171,-0.0178016386262786,0.609877496209503,1.80081442363359,10354.9516380044,1.0003510323829
"eps_all[18,8]",-0.184080667258402,0.00934317553700236,0.930399372598264,-2.02383700622957,-0.813578249560867,-0.183442509761961,0.431490141887962,1.65650250804024,9916.30328708434,0.999871093128748
"eps_all[18,9]",-0.198774822758689,0.00973942364488222,0.956796327762801,-2.03670106746455,-0.843951003426378,-0.209649128950203,0.446295295727738,1.67787178740402,9651.00377022227,0.999719204145667
"eps_all[18,10]",-0.0963575828815017,0.00843485245332224,0.935287277832838,-1.90335724426947,-0.746603055220409,-0.106481909802975,0.540275688463162,1.72517331952511,12295.1851676082,0.999938908354105
"eps_all[18,11]",0.0824320485752383,0.00898097046710318,0.924872923118659,-1.71919582616675,-0.534181162834166,0.0871275628430242,0.69876057765475,1.92527166199234,10605.1689995494,0.999977193835918
"eps_all[18,12]",-0.0259071413340092,0.00883351638909176,0.971331755650989,-1.95654189145522,-0.686909669428212,-0.0115317217878394,0.62030627386226,1.90599265673213,12091.1591150242,0.999723105143833
"eps_all[18,13]",0.0438908266408459,0.00881147471800068,0.986755021540519,-1.8995910694948,-0.635965627583002,0.0449904491584504,0.713232919653297,1.97750246920614,12540.6917027209,0.999848545887864
"eps_all[18,14]",0.579674550604022,0.0142295271045414,1.05738774052704,-1.46164180606905,-0.139204225725486,0.572006724680653,1.30100251287618,2.71684888741162,5521.88817233793,0.999776276557279
"eps_all[18,15]",-0.158859396279585,0.00868457241631347,0.945356463252082,-1.97875173621956,-0.80199963613379,-0.168427430271143,0.474764058091914,1.69419213775068,11849.3441640086,0.999679073028832
"eps_all[18,16]",0.0723370429860577,0.0107372765042457,0.959608835687657,-1.82279956944193,-0.568990822815518,0.0842566626255043,0.723062383727377,1.93366646445206,7987.30377621324,1.00074553714405
"eps_all[18,17]",0.0366119167248055,0.00805768113679298,0.957404366894811,-1.85570191401509,-0.608388934826554,0.0446960494940289,0.670841481130881,1.9263665691588,14117.9179519894,0.999692113760383
"eps_all[18,18]",-0.0194123422164919,0.00783714600374696,0.972714948013887,-1.88648411028925,-0.66672574357328,-0.0329300663908703,0.621820202641123,1.92788297215947,15404.7730501876,0.999968251120218
"eps_all[18,19]",0.0720928367031873,0.00905532473609519,0.978696825125168,-1.83546218711875,-0.579797831780769,0.0686546122008093,0.729318401764435,1.98248163040833,11681.2226082712,0.999930506575292
"eps_all[19,1]",-0.291898345511022,0.00822744789303856,0.885642001843221,-2.01837332254845,-0.87747741529048,-0.285090694535978,0.291851502938328,1.44003023363421,11587.4034612519,0.99997894357737
"eps_all[19,2]",0.175935654346868,0.00932725999584017,0.914360378786555,-1.59939725460639,-0.449679227992002,0.186031428161687,0.800686909949958,1.96527023605562,9610.07179282573,1.00024362336861
"eps_all[19,3]",0.408327681161104,0.00890011848007899,0.847379331945584,-1.25458541080031,-0.151672033561711,0.406799964418901,0.974877286773816,2.08956779989888,9064.92380573008,1.0001861712599
"eps_all[19,4]",0.0470812633459041,0.00977107742283007,0.904902539983237,-1.72268239206057,-0.571423770760223,0.0361882949537519,0.639693308460162,1.84085522485932,8576.67010253815,0.999799564704103
"eps_all[19,5]",0.236082008012831,0.00958199741913872,0.910551536030374,-1.50226811769018,-0.38995707442714,0.237078314303015,0.838278658906723,2.05771493588176,9030.19156706398,0.999620439199142
"eps_all[19,6]",-0.0716413859836373,0.00847121523074896,0.931975089745287,-1.88579685785706,-0.674417184152742,-0.071692248723814,0.52248027173717,1.77793036284264,12103.6728520872,0.999864977690665
"eps_all[19,7]",0.0115905826379612,0.00926794442787254,0.929936333237466,-1.79400027961453,-0.630894449846306,0.017479750767607,0.651988282400358,1.81053145687545,10067.9161614773,0.999810771566182
"eps_all[19,8]",0.0107034464330171,0.00922043509838849,0.95797155982516,-1.86215643711484,-0.629605086552633,0.00950962654165399,0.67088846992387,1.84594541774309,10794.4967888999,0.9996094760113
"eps_all[19,9]",0.0284664593022465,0.00904080610492425,0.983865540002234,-1.85141101100506,-0.643381663087519,0.020262393148216,0.708087289607508,1.98061039964594,11842.8761865365,0.999754375088567
"eps_all[19,10]",-0.372919433959777,0.00937489692923132,0.923285566579575,-2.18179609628395,-1.00574126861526,-0.381157613033692,0.237894581269773,1.49210278340278,9699.27090560739,0.999657414475708
"eps_all[19,11]",0.297142107827568,0.00875324004898339,0.948589895954319,-1.60988860305615,-0.323597762958012,0.318137253690875,0.942567291414071,2.12732548795007,11744.0883923483,0.999825863641512
"eps_all[19,12]",0.0252081311699122,0.00871651063658686,0.96443237240143,-1.87148371474134,-0.612560223197596,0.021131818259019,0.682695895195523,1.86827784795382,12242.1650466985,0.99965359641311
"eps_all[19,13]",0.129329160307625,0.0125810509855926,0.954605714160044,-1.74846280805354,-0.516703845151029,0.115270915679966,0.767328060099777,2.03382291720222,5757.23841600138,1.00160852549404
"eps_all[19,14]",-0.0579720723351534,0.00895612749473225,0.987356017934691,-2.03233142744248,-0.718564066559705,-0.0589242179733104,0.610375846226666,1.89521776738294,12153.6582552492,0.999962267798648
"eps_all[19,15]",-0.417448703820399,0.00956830921010144,0.941888596723351,-2.22540880556696,-1.06733208778895,-0.427986658112347,0.205600882658884,1.42659967184402,9690.10928139921,0.999922570231255
"eps_all[19,16]",0.125056198845817,0.00882060646792607,0.98912604126122,-1.8113103387969,-0.53299657486092,0.120641647030392,0.806291581748682,2.03379708326519,12574.9532453222,0.999615408860358
"eps_all[19,17]",0.0167364569814938,0.008294980094342,0.977142332586214,-1.90678803483562,-0.644409034132611,0.0168250445525977,0.669902071601799,1.97626683649831,13876.6604236069,0.999620363824646
"eps_all[19,18]",-0.106556677347855,0.00994743686454438,0.977832472273547,-2.0380600350521,-0.772412283850185,-0.117431281798334,0.531879110508786,1.83786942716099,9662.87870472223,0.999746138208227
"eps_all[19,19]",0.0937123572058356,0.00825199543612886,0.973898208373177,-1.80938439925262,-0.560759802597482,0.0964825369793133,0.751258094233227,1.9791830044295,13928.6548111625,0.999740252806149
"eps_all[20,1]",-0.51244425100826,0.0101790809963083,0.922266930136028,-2.34172828920671,-1.1354836974363,-0.508742918760503,0.10763757964091,1.29852581498105,8209.11108369995,0.999749668088473
"eps_all[20,2]",-0.329909035904242,0.0103508822143668,0.932342541937533,-2.13200518572176,-0.96284903448268,-0.322768233196604,0.290607845925859,1.48115014763954,8113.27635051946,1.00044166495101
"eps_all[20,3]",0.786454461107543,0.00851700040069717,0.81883068630062,-0.820362096858732,0.230476965176463,0.781233504800662,1.32762709459003,2.40633041929863,9243.04110203493,1.00029523692145
"eps_all[20,4]",0.840579376319213,0.0127196830562927,0.927555619438457,-1.05107513825522,0.230056702004334,0.877005424992334,1.46256994937297,2.64045029636125,5317.74296800225,1.00010828878516
"eps_all[20,5]",0.537397759597514,0.00993797654536252,0.902058402008286,-1.26828047397528,-0.0717539700402638,0.551554295135477,1.14431649581489,2.28596390057954,8238.9786439693,1.0002742089935
"eps_all[20,6]",-0.386735876336378,0.010323928532301,0.951224770993093,-2.22195486999047,-1.04636808155938,-0.391658866079656,0.254608367138998,1.4890591271767,8489.38683815013,0.999931078177412
"eps_all[20,7]",-0.234514658851448,0.00923501713682749,0.947415812398233,-2.08077397859433,-0.86630064431555,-0.236446299575838,0.395272805089852,1.62261090264551,10524.6059954729,0.999890227495648
"eps_all[20,8]",-0.426036253158199,0.00929193131672239,0.949276274513486,-2.28180880309354,-1.07618542348896,-0.424779471982707,0.21228260333153,1.44349218117126,10436.9420295083,0.999816318639804
"eps_all[20,9]",0.0205049853596295,0.0097306955378853,0.96423584515449,-1.9013368797795,-0.612358491960422,0.0289295826868159,0.651217823635132,1.91930083680173,9819.26036911464,0.999751636683892
"eps_all[20,10]",-0.382443467322896,0.00872788652568662,0.941964450240464,-2.14709649581354,-1.04228646195195,-0.398828753107283,0.251868780458995,1.49372458280114,11647.9860872449,0.99983526435385
"eps_all[20,11]",-0.285095940655447,0.0104027040643615,0.964730725614924,-2.14357776604012,-0.943612104000191,-0.292015378485456,0.360898916799352,1.62087410865272,8600.42144344167,1.00014479682183
"eps_all[20,12]",0.0258219032947525,0.00808583896374609,0.960405780214519,-1.86696026901616,-0.620447111631347,0.0193489711833122,0.676225209874084,1.86668367229461,14107.8019707957,0.999790778293019
"eps_all[20,13]",-0.00978437157609021,0.00967740937206363,0.958445475307245,-1.87296119007405,-0.660095051015686,-0.0100203429426756,0.625498101311846,1.88671683356609,9808.81621107648,0.999905193781027
"eps_all[20,14]",-0.0697057424630467,0.0094414495500351,1.00850243470853,-2.06197882384632,-0.746704195512154,-0.0646817184634514,0.624380819519528,1.89308289693112,11409.7610258235,0.999664360716964
"eps_all[20,15]",-0.3571137889849,0.00916624866722846,0.957559233692624,-2.23880626849055,-0.992376447066711,-0.35282129380152,0.273847794750353,1.52609742760944,10913.0972990654,0.999596801771621
"eps_all[20,16]",0.0450284032204023,0.00879942187631065,0.97759981093105,-1.85597573091431,-0.625204672220747,0.0597369286903853,0.717450242319314,1.96582048847523,12342.8069987554,0.999943830650336
"eps_all[20,17]",0.0505127372514748,0.00877382982860445,0.996900783236661,-1.9278337116486,-0.610998998600902,0.0515433706860567,0.726184523779779,2.01088115261317,12909.9767668284,0.999862710212288
"eps_all[20,18]",0.0776868849069623,0.00841334075728984,0.990914494551626,-1.86753676101967,-0.588170989486964,0.0737526660659331,0.757487122390926,1.99129052896632,13871.8825796449,0.999988466692276
"eps_all[20,19]",0.161257829919642,0.00873568175690962,1.00593788434052,-1.80676502235619,-0.525994543701176,0.1798068996145,0.846058477963118,2.13327066419528,13260.1586510486,1.00000518789402
"eps_all[21,1]",-0.0799944135254915,0.00911121208193882,0.921300810421866,-1.92444898080107,-0.674263826979273,-0.0799569428267254,0.541009714999434,1.70706849832123,10224.7004789365,0.999770766520486
"eps_all[21,2]",-0.535652022115152,0.0114085348500866,0.924269303233056,-2.36604194874323,-1.14786840943808,-0.534218741631696,0.0684409492727897,1.29589308316059,6563.52754607879,0.999778260424554
"eps_all[21,3]",0.966830532039981,0.00882504982603474,0.833362483991431,-0.655562692496729,0.408019245141013,0.973831580949097,1.51810625681583,2.59295493378506,8917.30372685316,0.999935401029256
"eps_all[21,4]",0.926698646540291,0.0120406675343119,0.902787939686565,-0.930850464907152,0.347284271281937,0.955515784307843,1.52908986376659,2.64475785121724,5621.73497325283,1.00020629302268
"eps_all[21,5]",-0.0676738903487864,0.00910213911701393,0.894844568416236,-1.85734258701341,-0.666445756922518,-0.0693905461001423,0.524309660069649,1.7106308187503,9665.14279360873,1.00007423897532
"eps_all[21,6]",-0.226008526579373,0.00887403118470194,0.931845159745336,-2.01619076875249,-0.872327574573097,-0.23472763240935,0.404714509590829,1.60325789949115,11026.7012004856,0.999823825590321
"eps_all[21,7]",-0.402528744033161,0.0095718698679893,0.952224136618164,-2.21922680101549,-1.04086778774339,-0.417764416406959,0.232483127009625,1.51442978329075,9896.57225837809,1.00026377669298
"eps_all[21,8]",-0.306058578475687,0.00814853892538846,0.937898950456092,-2.15926289511785,-0.944938920378509,-0.312585520900096,0.317580635206201,1.5623708191036,13248.0698951146,0.99995901440532
"eps_all[21,9]",-0.013677117096794,0.0100059253458768,1.01230723028371,-1.98157279801945,-0.697951750909316,-0.016161780281351,0.670257290138821,1.95679397884573,10235.5258849619,0.999849440965706
"eps_all[21,10]",0.13994632838952,0.00885919079493292,0.962579487013086,-1.74281044584508,-0.514235188122063,0.142592860395718,0.795953156170664,1.9966078829828,11805.5192863703,0.999699731885253
"eps_all[21,11]",0.486973950866515,0.00891188785386592,0.957400679480804,-1.42102526690743,-0.146860853229613,0.476181013921784,1.14186649171779,2.37195442207761,11541.1221408787,1.00026671920238
"eps_all[21,12]",-0.261791784959164,0.00978477824048358,0.996428610930217,-2.23315909101575,-0.943299000648276,-0.240028750732306,0.394790205938524,1.70440646118852,10370.2781123031,0.999953374935698
"eps_all[21,13]",-0.171346242451154,0.00915032493555282,0.963248154552653,-2.02211606001335,-0.831830659282105,-0.163038878840146,0.465828366732878,1.74307226963615,11081.6221589268,0.999890776444218
"eps_all[21,14]",0.00626551857565834,0.00876037936041236,0.998636543355871,-1.92592700455514,-0.663749812071367,0.00758795348258124,0.684262520379893,1.98745458312065,12994.7845044978,0.999844653144806
"eps_all[21,15]",0.198589396208338,0.00978385104177877,0.965929614829572,-1.70890036429845,-0.451483027167434,0.215748834543826,0.850601657877031,2.08672075271008,9747.0074720565,0.999764741195333
"eps_all[21,16]",-0.171499917132465,0.00932391717866206,0.992930350783613,-2.0852142554013,-0.848240568988532,-0.175162182713212,0.529635402715283,1.75122887928685,11340.7233837522,1.0002316762783
"eps_all[21,17]",-0.229767240200218,0.00825668016136976,0.986049746666943,-2.1525912183567,-0.882299443062162,-0.238099563516375,0.431686133455732,1.73248184952945,14262.2067666177,0.999919476059328
"eps_all[21,18]",0.0971971799698444,0.0114753165654911,0.996604380669049,-1.91375285505801,-0.560211501484185,0.104276955623647,0.762454164389096,2.06983035969744,7542.51588395539,0.999908589691209
"eps_all[21,19]",0.268588317372897,0.00907081829203885,1.00470021508432,-1.67726899375951,-0.405589590423578,0.267797021547706,0.941302713967472,2.2466172732481,12268.177647874,0.999768898721576
"eps_all[22,1]",-0.324244269075853,0.00867446975210193,0.897846951760332,-2.05159642170258,-0.943840306761126,-0.327286972333448,0.285407576868565,1.45932196029843,10713.1886151612,0.999878033276244
"eps_all[22,2]",-0.756111469664746,0.0093488299860967,0.922163630259268,-2.54412270009638,-1.39213952554109,-0.76171837298246,-0.140432117459111,1.08788905901672,9729.74494292484,0.999749572139278
"eps_all[22,3]",0.605523178770982,0.00799901918496487,0.847799992344133,-1.10595195888357,0.069528822966353,0.602116438995148,1.15277922381624,2.27748957525357,11233.4547386409,0.999753567383532
"eps_all[22,4]",0.132353197814092,0.00863306014484339,0.883481957174173,-1.60559835993858,-0.461178050046379,0.131100463975226,0.708154014918663,1.90029698528244,10472.8729757434,1.00018947886673
"eps_all[22,5]",-0.0638888342505568,0.00805478250930457,0.883921092169918,-1.78365537950762,-0.638006181126037,-0.0494789304628627,0.521425303834037,1.67273669681679,12042.5749429452,0.999737097744752
"eps_all[22,6]",-0.12647616515934,0.0104123392053611,0.941392288461818,-1.96931072272628,-0.758431159869462,-0.143181545156617,0.516808807330804,1.72633035862576,8174.18866457356,1.00021396374113
"eps_all[22,7]",-0.408822663508487,0.00960304237314551,0.970534521031385,-2.29378620588738,-1.0621885143028,-0.422750110186783,0.228439595584381,1.51005181203885,10214.1982882076,0.999568736821993
"eps_all[22,8]",0.0523971827373234,0.00924287373293915,0.931387587839396,-1.77416349847652,-0.580406547708374,0.0511582058454582,0.689290751406007,1.87410361564936,10154.2266194884,0.999783706975475
"eps_all[22,9]",-0.0291313685883316,0.0115047298307615,1.01260527109016,-2.06891468530678,-0.718580876618561,-0.0234491306262119,0.661483278347996,1.93014709744061,7746.89230602821,0.999933131615827
"eps_all[22,10]",0.465132880319205,0.00940003675771867,0.946766928021175,-1.38489656178062,-0.166816160622556,0.471955922814531,1.10922150184694,2.32815940574925,10144.4160902196,0.99977629619404
"eps_all[22,11]",0.0444255893461597,0.0104664948285564,0.983423024129719,-1.86906297660097,-0.618697307853844,0.0461721804446585,0.703648018892711,1.97027678118985,8828.32306374392,0.999837942734005
"eps_all[22,12]",0.0923795948678836,0.00986696819979554,0.992590398693736,-1.82827769979897,-0.584429649651143,0.0850958438942816,0.750048504792015,2.06873145035209,10119.8175545441,0.999661976073846
"eps_all[22,13]",0.0274206742734172,0.00892800363773898,0.988752685574862,-1.905570874971,-0.642903275630713,0.0310605865878226,0.702615824757844,1.97961028195614,12264.9740907424,0.999894007642624
"eps_all[22,14]",0.0780984985276969,0.00912654154109035,1.01527276902899,-1.91573935015922,-0.628372734423929,0.0891698389703565,0.762947149499836,2.04623700885359,12375.2222174715,0.999872120623895
"eps_all[22,15]",0.346874956305661,0.00973027562928534,0.972587521219142,-1.54214755092844,-0.294907215811143,0.3349605876907,1.00493627232307,2.24746393778028,9990.95725087377,1.00095423719194
"eps_all[22,16]",-0.149603728173475,0.0080763853701131,0.97984143127636,-2.07777512755441,-0.810065384466293,-0.15183534859737,0.503110734359931,1.7649520049684,14718.9737678414,1.00022682576324
"eps_all[22,17]",0.0353196678507156,0.00862642445350135,0.967434353607311,-1.85632147158124,-0.620512473349363,0.0399136675709117,0.691902215464829,1.92687218856747,12577.1246059751,0.999651094924479
"eps_all[22,18]",0.00074417718933657,0.0106705413658751,1.00466324828834,-1.92994257958628,-0.67770535077342,-0.00689464088251452,0.672698016544935,2.02513122931488,8864.78329836901,1.00018539126807
"eps_all[22,19]",0.222018903934545,0.00808521936054916,0.977639392798635,-1.69818240093663,-0.440939781308497,0.217009332262054,0.875950216455964,2.16565654256626,14620.8886866093,0.999746700929316
"eps_all[23,1]",0.201651229851301,0.0104414569396491,0.9211444824219,-1.60460853803446,-0.427728100445801,0.195712543727484,0.828793457225007,2.03964248045999,7782.75405706536,0.999777442854983
"eps_all[23,2]",-0.175268982467473,0.0109653178559321,0.939222980096988,-1.98702394008788,-0.812336675269794,-0.174931444636952,0.450024014246497,1.66886889727797,7336.60216157994,1.00111295284737
"eps_all[23,3]",0.0518514420164916,0.00820823943221682,0.851755435726208,-1.64684321952769,-0.510738837460938,0.0622592487711178,0.614350621726397,1.73799119358391,10767.8697901842,0.999656979529784
"eps_all[23,4]",-0.178832855257172,0.00963202127868516,0.920038466691729,-1.97027836798116,-0.804804665154662,-0.174774139014057,0.442916208702611,1.62798584280722,9123.82831272465,0.999838208537833
"eps_all[23,5]",-0.542988318544848,0.00865991543353993,0.923357395063154,-2.31218051442593,-1.15827566700665,-0.542180756818377,0.0543901734180264,1.35745755033115,11368.740707851,0.999756772340723
"eps_all[23,6]",-0.187478977422217,0.010256121866501,0.979192007416226,-2.09869493701176,-0.840434119688116,-0.183837060371942,0.453808608080167,1.75451751522833,9115.26658557495,0.99991988715873
"eps_all[23,7]",-0.00103512143043081,0.0103793584332483,1.00563515085788,-1.94514718043642,-0.688608292140815,-0.00670724647724073,0.659605482589463,2.00501038361116,9387.28213522898,0.999765824934889
"eps_all[23,8]",0.0118671281878229,0.00850674479808615,0.948137290730483,-1.87056737099133,-0.632510023141992,0.00614289391788132,0.645025329226612,1.89712935591973,12422.6899907339,1.00009012321147
"eps_all[23,9]",-0.0415948862888657,0.00953708908911576,0.997350842382449,-2.02643319514709,-0.703196277952129,-0.0449734124630313,0.621552671165757,1.95269777290579,10936.1444646958,0.99983568334763
"eps_all[23,10]",0.532319491891446,0.0114921043851025,0.9706266177628,-1.37166947808535,-0.114505080410095,0.530341449907569,1.17632646693748,2.39637916360122,7133.54277240708,1.00000886397238
"eps_all[23,11]",0.535710919256054,0.0103148780030946,0.99641214071897,-1.48710669518152,-0.127892570081652,0.548280889630514,1.20830639142306,2.45959994012584,9331.46495595655,1.00007686905739
"eps_all[23,12]",-0.129279981300768,0.0101197096597621,0.976292464394904,-1.99499890156882,-0.7977473881135,-0.136652811242902,0.537268330393648,1.71977059567602,9307.30121427095,0.999794120083206
"eps_all[23,13]",-0.180619086494291,0.00930074013132742,0.970490343221732,-2.04291874884122,-0.839072490596613,-0.177965701990768,0.466856928677949,1.71543823086731,10887.9825590745,0.99994102394525
"eps_all[23,14]",0.0875445843080024,0.00911834482553754,1.00291462979613,-1.91196593065902,-0.580825250036657,0.10293456603044,0.749277245122419,2.05907384628539,12097.5077656082,0.999806348014149
"eps_all[23,15]",0.524061717414536,0.00894180049695218,0.956435726799134,-1.38227435632533,-0.12332833928594,0.526536262374678,1.17709248317403,2.37666338309291,11440.9379157631,1.00006749542553
"eps_all[23,16]",-0.101641648056218,0.00903548356873086,0.944894571524751,-1.97122315133018,-0.733732008078758,-0.102465603747321,0.53268650310401,1.79076542406016,10936.1361149633,0.999666823036771
"eps_all[23,17]",0.0838644000589837,0.00872919742848961,0.982192476845557,-1.83175462561824,-0.576240014850244,0.0877982485023775,0.745768004607797,1.97553977446226,12660.3168381333,1.00021360865798
"eps_all[23,18]",-0.0690591901343469,0.00919039441900496,1.00758340665904,-2.04811996800125,-0.742278320891463,-0.0643079716498969,0.616574986492105,1.91870431754646,12019.7023497227,0.999587135931673
"eps_all[23,19]",0.0455479452234393,0.00787741088375262,0.999173559847944,-1.91322867679908,-0.63102833416126,0.0601060870305081,0.732279797160889,1.9655062582056,16088.4745896831,0.999579258142741
"eps_all[24,1]",0.529348741856189,0.0102745379507935,0.968137154948727,-1.39917901421565,-0.109949416551449,0.54739023024092,1.1662396261957,2.44211233011502,8878.69575103274,0.999720639401491
"eps_all[24,2]",-0.14329555447895,0.00958355037976098,0.94458330400444,-2.01088498074491,-0.776308968690045,-0.135215252750292,0.494238063568952,1.69285764613327,9714.66142953523,1.00100558488396
"eps_all[24,3]",-0.472140625315458,0.00876487936391448,0.843553574555728,-2.07733801675745,-1.0445784929975,-0.482670696338641,0.0723625082753643,1.22910949621119,9262.61161128022,0.999709501911384
"eps_all[24,4]",-0.229063036221661,0.0112417133628375,0.946520904549329,-2.12955583136087,-0.861373302043639,-0.218718470946545,0.402845988071336,1.59192031604825,7089.17022838672,1.00011588330549
"eps_all[24,5]",-0.31140871807289,0.00897449074262035,0.927513195076296,-2.12290424394282,-0.942545001178885,-0.313632754200529,0.296699188109606,1.55693731904885,10681.212753492,0.999774045587811
"eps_all[24,6]",0.240398246007404,0.00990418844996043,0.982920459838256,-1.74584726944528,-0.409094601940939,0.241633865592165,0.910885129685115,2.15702895568824,9849.15472184527,0.999940645537702
"eps_all[24,7]",0.466889548405569,0.0108212643129458,1.00802228109562,-1.51831119391376,-0.208284928713616,0.46206690245774,1.15136939711967,2.45127007761584,8677.2928282595,0.99997168026607
"eps_all[24,8]",0.0162428869601441,0.00913638107363026,0.981260780417331,-1.88520846787137,-0.637632764612587,0.0098352275210159,0.686295816338602,1.93394007335931,11535.0762901913,0.999740470109443
"eps_all[24,9]",-0.0194760349148101,0.0118490350673202,1.05249342397761,-2.04067696646849,-0.73725506793035,-0.0180907079759398,0.706307134165079,2.00785407129199,7889.92386608511,1.00071694117762
"eps_all[24,10]",0.0253506872772158,0.00950590541104826,0.989259491055789,-1.86455243082311,-0.645661502803967,0.0130253268229123,0.689908511907896,1.99087593480645,10830.1251244849,0.999870344175972
"eps_all[24,11]",0.909280622375136,0.0107164615185737,0.973355687641834,-1.0606727064603,0.261946430723407,0.914796282071368,1.57209534482488,2.7873415327548,8249.74119315294,0.999777026549829
"eps_all[24,12]",-0.0576085246468607,0.00804983347286943,0.966246173555233,-1.94194529265246,-0.713410744693676,-0.0469782800711931,0.597674654768767,1.8355223564711,14407.9363672485,0.999756330538407
"eps_all[24,13]",-0.194530683199897,0.0089494549497084,0.975926266909455,-2.10944387340829,-0.860146051072488,-0.183288975574838,0.463996827245734,1.7199790314134,11891.6150465556,0.999813673485842
"eps_all[24,14]",0.0602800535306587,0.00844706792061074,1.01320524569555,-1.92567966193906,-0.626802702076757,0.0632794197870404,0.754748183754024,2.01394360980296,14387.4188387204,0.999881325931531
"eps_all[24,15]",0.262299824101948,0.0109546295116664,0.950459656596009,-1.62153174948384,-0.363423991708622,0.279001387786808,0.896682763826917,2.12543238004923,7527.86784901919,1.00016291423322
"eps_all[24,16]",-0.128631285689955,0.00801327022272931,0.971465415538154,-2.05117684701141,-0.779789532093692,-0.133223808974616,0.526527097465239,1.73876527824275,14697.2171858644,0.9997352994294
"eps_all[24,17]",0.171819337923279,0.0106394863693864,1.01884260806195,-1.83391168505222,-0.516382637694462,0.175556463125034,0.85312639643689,2.19410544189628,9170.07468487475,0.999945703610045
"eps_all[24,18]",-0.0622162715673301,0.0106114019649791,1.00735297281577,-2.04080553584538,-0.740597757790077,-0.0704419622560928,0.619885730699583,1.94487454463201,9011.93006029355,1.00124734708177
"eps_all[24,19]",-0.142880470638143,0.0086332464339671,1.00843698322882,-2.13806464854469,-0.822812352950838,-0.141086382426967,0.542823105997533,1.81822628069602,13644.2369603093,0.999765013060992
"eps_all[25,1]",0.00666485909619767,0.0102561102653724,1.01327837887614,-2.00397029864551,-0.675727789120429,0.00439495622284796,0.691775859203361,1.96744698673575,9760.95226643494,0.999714303688979
"eps_all[25,2]",-0.165824749617014,0.00938720075288114,0.946586669983791,-2.03694774908331,-0.792959925041017,-0.150411337036883,0.468967716173937,1.70806945039281,10168.3048320828,0.999653174025635
"eps_all[25,3]",0.198841593821577,0.00864291371972257,0.897356341397422,-1.61036531670273,-0.399090404096138,0.212503495774987,0.808293314749279,1.93748074322881,10779.7705604929,0.999866963343642
"eps_all[25,4]",0.431119574634779,0.0101680822925483,0.931347375033153,-1.44467039149572,-0.175840029536308,0.44694309211164,1.07472106579632,2.21921604867882,8389.67784946041,0.999688537196012
"eps_all[25,5]",-0.665330543847232,0.0121808889788383,1.03694208761991,-2.62859128827995,-1.35506917139243,-0.682323130619891,0.0102900651519825,1.3986795183657,7246.87940590052,0.999923555794137
"eps_all[25,6]",-0.00151490677035461,0.00853345715361016,0.978105941979075,-1.89820884934718,-0.665273985901254,0.011234399949263,0.659258137832557,1.91678888924544,13137.7734942408,1.00027432485818
"eps_all[25,7]",-0.0148971726675316,0.00914623998074519,1.00639413399665,-1.96368750778139,-0.684072062224602,-0.0127581203364429,0.665772928901446,1.94525653572207,12107.4032935413,1.00025728082684
"eps_all[25,8]",0.390287429377227,0.00883883883466689,0.999484044825244,-1.62259545346618,-0.28637597807588,0.397106908078269,1.06894066596443,2.33705579387829,12786.7831796782,0.999780611699026
"eps_all[25,9]",-0.000905203567122904,0.008720703361791,1.00071525879005,-1.94029916226582,-0.685686296505408,-0.00290847890884356,0.682657240776337,1.97963080737098,13167.9453585564,0.999650691377412
"eps_all[25,10]",-0.239121501286539,0.0096331330341162,0.97139275371144,-2.12354392992438,-0.882356202284333,-0.246227885846849,0.416743817272101,1.6635732803955,10168.446382705,0.999858917969356
"eps_all[25,11]",0.432112403097648,0.00821551342060763,0.940340417602084,-1.42705331969663,-0.200847552031444,0.442142686845999,1.07235217142429,2.27092259549197,13100.8896254099,1.0000152938323
"eps_all[25,12]",-0.212512919099827,0.00881795543541985,0.985523579259599,-2.14412879050751,-0.882094952147198,-0.205351913412075,0.438680574977203,1.73551373690654,12491.0296638979,0.999858946798969
"eps_all[25,13]",-0.182960289345973,0.00872212438501839,0.988237324966367,-2.13389745664531,-0.854983967341354,-0.159397598005409,0.493133657908238,1.7254578297005,12837.4260268187,1.00010937170793
"eps_all[25,14]",-0.0303576974121508,0.00817355815572609,0.990149504837893,-1.95005740507469,-0.69185615698247,-0.0259958636106596,0.630761041846523,1.92178875725644,14675.038023767,0.999646933106396
"eps_all[25,15]",-0.168003094403263,0.00853859309389299,0.980369280859454,-2.08262507316296,-0.838325842397316,-0.171641429655023,0.504566192814749,1.73854661045555,13182.7723812921,0.99978084516192
"eps_all[25,16]",-0.00614069259048182,0.0094007667675836,1.01245989626594,-1.97960084511764,-0.686047446911318,-0.00150160980894913,0.666284989532174,1.96515723192649,11599.2284877113,0.99976908132326
"eps_all[25,17]",-0.00685359516416487,0.00934361158554226,1.01765124521526,-1.97231216826183,-0.699709937376095,-0.0114524990238815,0.693106225988356,2.01204259532188,11862.285809399,0.999599838070647
"eps_all[25,18]",-0.00553347358050108,0.00828666595793667,0.99105939088711,-1.91276290274611,-0.67572596491892,0.00414466955513178,0.650761953388399,1.96711154710909,14303.4136109326,0.999525266261809
"eps_all[25,19]",-0.00176317569714427,0.00830956304983639,1.00418914263167,-1.98989709238604,-0.668908451730595,0.00623481026647306,0.661249544473545,1.96474838147615,14604.0956260929,1.00026568225065
"eps_all[26,1]",-0.00932502237339204,0.0111648622161317,0.995668257414806,-1.94565921167194,-0.675508823499122,0.00193333038674071,0.656195419030142,1.91786859400525,7952.84627348446,1.00003188390504
"eps_all[26,2]",-0.00217805932648983,0.0112976237182817,0.992101185215751,-1.91964399211313,-0.678838441817926,-0.00422873491731761,0.663660676680747,1.95454555900145,7711.47979651658,1.00014609802911
"eps_all[26,3]",0.0181433796987377,0.0116766833814533,1.00062528314164,-1.9969393057372,-0.648643475361256,0.0313418528658788,0.693771837347675,1.97198999712929,7343.5141452026,1.00024176181239
"eps_all[26,4]",0.022453818102377,0.0111014534526022,1.00377799317417,-1.9125924095275,-0.657042977745718,0.0235335782089268,0.70625776982121,1.96455684282421,8175.52508336641,0.999649144721547
"eps_all[26,5]",-0.0220117722145831,0.0118967959412569,1.00347205664873,-2.01536149381458,-0.695942553345275,-0.0109904491610686,0.660131788916045,1.92560230634245,7114.60088056132,0.99992618409048
"eps_all[26,6]",0.00379913279484854,0.0110237304614504,0.991078683746383,-1.9525054540141,-0.666969323786438,-0.000114083514691403,0.671356974560045,1.95708457861256,8082.74912097293,0.999635059129731
"eps_all[26,7]",9.78138486199113e-05,0.0116341277762585,0.996368961516093,-1.95927964576836,-0.686083221779268,0.0129920695725266,0.668637765296127,1.95283032213335,7334.53730162173,0.999686408721457
"eps_all[26,8]",-0.00344389171599522,0.0114408763252025,0.995445393161561,-1.92399884832256,-0.680744493008541,-0.00209725020794264,0.658823020288287,1.97676692937304,7570.35595329223,1.00023579545028
"eps_all[26,9]",-0.00546645221462559,0.0111421383570901,1.00509438772752,-1.99039314007181,-0.689551205558911,-0.00546092442814555,0.678088913663545,1.96081066532913,8137.23019464078,1.00108989239881
"eps_all[26,10]",0.0106444346299408,0.0111403734332702,0.986372989812137,-1.91660788118168,-0.647521584840501,0.00737297528810044,0.681476419627077,1.92330280930387,7839.40036386565,0.999886364980181
"eps_all[26,11]",0.0119214318132651,0.0115123292184383,1.00460655642749,-1.99143230907343,-0.66114211791429,0.0133938016286271,0.689983149901529,1.95341982758494,7614.92473387698,0.99964854021607
"eps_all[26,12]",-0.0150520027997103,0.0110945669293992,0.996913608295338,-1.97713007823143,-0.689784451845251,-0.0174702019151463,0.660095644448569,1.93812115147451,8074.10401268938,0.999849859036744
"eps_all[26,13]",-0.0015427478808997,0.0115326946628117,0.994523020043601,-1.96106837575717,-0.678506450357692,0.00150674989033286,0.669136908071368,1.96739943686106,7436.49161250109,1.00002996997232
"eps_all[26,14]",0.00430521906015379,0.0109699265270582,1.00377172806106,-1.94190067760122,-0.679692448836019,0.0152516148984219,0.69330203516022,1.95093048650701,8372.64121073129,0.999794982684324
"eps_all[26,15]",0.0002021970896698,0.0112059985587776,0.989755599863478,-1.95185376294364,-0.669352463251099,0.00845602899324648,0.686616671178896,1.90912076839816,7801.08141948018,0.999992000356207
"eps_all[26,16]",0.0116459727451966,0.0112902895247568,1.01415592261389,-1.98869763516277,-0.6632909850848,0.0191009998764224,0.710171184342219,1.98448185527052,8068.62078293559,0.999725186676733
"eps_all[26,17]",-0.00674413943602672,0.0111605683142314,1.00350691203529,-1.96335523149052,-0.690543720378544,-0.010249322239701,0.657103603743372,1.98318652964944,8084.77831660424,1.00003733033475
"eps_all[26,18]",-0.00782380871716613,0.0110193576355292,0.987804185839114,-1.9838632427583,-0.658981342485523,-0.00573748924555795,0.655367533577075,1.93712115640455,8035.80089334114,1.00064058092956
"eps_all[26,19]",-0.00781412914627946,0.01098481162942,0.994066874543224,-1.91357549228684,-0.68598831806346,-0.011401141259266,0.660384668832716,1.94594336105999,8189.28482268296,0.999790137681949
"eps_all[27,1]",-0.00810992420853513,0.011386091550312,1.01125317048242,-1.96191772959795,-0.700972547875926,-0.0141915004496391,0.682987276531389,1.94444680882453,7888.06443477517,0.999607119645553
"eps_all[27,2]",0.0121647424960348,0.0111844238183801,0.998122994090422,-1.93129927724061,-0.665699278349811,0.00646309169999012,0.686303865583606,1.95326146094204,7964.17675277039,0.999940908068957
"eps_all[27,3]",0.0047002447539589,0.011174844991006,0.990559907319914,-1.91883828586302,-0.669480585102414,0.014219701684903,0.674924870642361,1.95490692254056,7857.39302116783,1.00045868084314
"eps_all[27,4]",0.0065445391107864,0.0110987999369923,1.00805477738392,-1.96956953782518,-0.665528100003818,-0.00371961761072534,0.686350214029099,2.01464631865721,8249.28329496113,0.999889724573091
"eps_all[27,5]",-0.00496959057393052,0.0111238890933133,0.990578132724499,-1.90935267550181,-0.685369603909653,0.000499195532798733,0.657867505289969,1.92470491159995,7929.83539920837,0.999933592568486
"eps_all[27,6]",-0.0175602789547094,0.0112784982902196,1.00406432336333,-1.9727988532844,-0.691900838025167,-0.0245048061401046,0.652613228591545,1.94201003881614,7925.3876848553,0.999862480072947
"eps_all[27,7]",0.00286248093562499,0.011890659200539,1.0006633105597,-1.93786727522901,-0.677683135041345,-0.00704891332444868,0.675166939417768,1.94816263543427,7082.13317902683,1.00025540943629
"eps_all[27,8]",-0.0179232732832205,0.0111414491035129,0.992769109180007,-1.94310190289548,-0.690227923054094,-0.0165669267220616,0.646813582461272,1.92562277264074,7939.86556573043,0.999869654592817
"eps_all[27,9]",0.0138025187024528,0.0114047179963214,1.00653589204841,-1.93286457479236,-0.659596363876367,0.00484882287454292,0.69494880649666,2.00800347097873,7789.13856956867,1.00010182170818
"eps_all[27,10]",-0.00888018103053992,0.0113730140794746,1.00185089065467,-1.92884872647469,-0.691786346651187,-0.00903670757071399,0.65995841021998,1.96104140670722,7759.88032752994,1.00015241947861
"eps_all[27,11]",0.0103707504075603,0.0114115010263203,1.00224451747668,-1.92672951381901,-0.669333608571801,0.00697733329783095,0.692679554322996,1.9862203726161,7713.68378044827,1.00007556651356
"eps_all[27,12]",0.0291680192819574,0.0112260624443705,1.0056202844229,-1.97472200382205,-0.653210981095229,0.0380806901848715,0.704146484168176,1.97587193246862,8024.41059429285,1.00023251522737
"eps_all[27,13]",0.0150752238328702,0.0111497238596377,0.984347062280548,-1.94579085554353,-0.639248654504143,0.0233446602683993,0.672121874906948,1.90821805057811,7794.14131957842,1.00048321813642
"eps_all[27,14]",-0.0128112599795237,0.0111213622680295,0.977803892236329,-1.93944294336455,-0.666415776259334,-0.00288719611206155,0.646716532373044,1.874422063105,7730.14335440705,1.00063339447621
"eps_all[27,15]",0.00964936793969365,0.0114956031345496,1.00141792137256,-2.00076724736689,-0.659667447123962,0.014844951778598,0.687529556187528,1.9582192708336,7588.69667703277,0.999663883055781
"eps_all[27,16]",-0.015314583875889,0.0112097199386186,0.998938120234873,-1.96536402811297,-0.684617802482253,-0.00897920072440692,0.652549765539298,1.92011042714679,7941.22768726254,0.999987144309325
"eps_all[27,17]",-0.00440386594938927,0.0111067545693907,0.993919161587278,-1.93503103572408,-0.673797558192703,-0.0128564574334611,0.663008217947988,1.95132912233276,8008.06844420058,1.00020371166429
"eps_all[27,18]",0.0206653730862405,0.0110147781322417,1.00163140928939,-1.9408026269106,-0.655164367347874,0.020141741960486,0.69462160650661,1.98993000993448,8269.21649163465,1.0002785824747
"eps_all[27,19]",-0.00345844482473268,0.0114305316754852,0.99934330390426,-1.93783572033226,-0.677549764730824,-0.0135253828036793,0.681112802020505,1.95624827704934,7643.57534129828,0.999676186724009
"lp__",3735335.23114866,1.21088249068989,36.0432733327577,3735268.17328929,3735309.90599795,3735334.05680811,3735358.90649663,3735407.97836505,886.021890463193,1.00428642748366
