"","mean","se_mean","sd","2.5%","25%","50%","75%","97.5%","n_eff","Rhat"
"eps[1,1]",1.60498305544439,0.0411087118271535,0.960829714543761,-0.437231087869939,1.01742042275101,1.65568340954367,2.26268211727412,3.35799542703513,546.292345108151,1.00942380296135
"eps[1,2]",0.223910816261197,0.0178576620462816,1.0062943057491,-1.70419718206866,-0.46672457317939,0.231354421396136,0.908075178234704,2.24171891461153,3175.41747798162,1.00043389575244
"eps[1,3]",0.295364773177078,0.0165502614308121,0.965989972695611,-1.59944571346981,-0.362606223435321,0.285004629095371,0.963961023735134,2.16834388597756,3406.71278138726,1.00107997135265
"eps[1,4]",0.41435999651193,0.0189195432095986,1.00234418957659,-1.53147555666626,-0.272462005426677,0.419518164298821,1.1064238833789,2.38792266196308,2806.80641897537,1.0000035630439
"eps[1,5]",0.783068628943696,0.0176207703874108,0.930949263543768,-1.09075544690059,0.175876591790955,0.78497501101864,1.37789394390235,2.60117418919693,2791.27252885294,0.999330170582148
"eps[1,6]",0.652060847444409,0.0185615092094049,0.944312822826679,-1.19437014745426,-0.00040623720285281,0.651814310547299,1.29933896337781,2.46520594688568,2588.24392707749,1.00071839553736
"eps[1,7]",0.0704262097098025,0.0176246293954516,0.990337670282494,-1.87184591530298,-0.581394097524498,0.0605484440082374,0.699391357634079,2.13012120861514,3157.37823453482,1.00054568235575
"eps[1,8]",0.491740500471997,0.0156736810182309,0.909223832093519,-1.29639220679461,-0.127466130371388,0.498607788062484,1.10310504399697,2.25966714654771,3365.11269803687,0.999727014582545
"eps[1,9]",0.0486402320708872,0.0161619879524903,0.995418722143525,-1.93387438086928,-0.636876985590946,0.0573745007511661,0.737085391625808,1.99582539249723,3793.34246022437,0.999724266428082
"eps[1,10]",-0.117859542737572,0.0164215485846659,0.978738718461161,-2.01657411548953,-0.77734490117479,-0.124261778036807,0.552774518165012,1.78919189499997,3552.26469245428,1.00033175902039
"eps[1,11]",0.169235233188495,0.0152275185825492,0.944828920572026,-1.72476724530036,-0.442759937936704,0.155665916588952,0.819503921500119,1.98550665557704,3849.88786634802,1.00041854698539
"eps[1,12]",0.123016344060212,0.0148030831626789,0.927803158147871,-1.74272298855825,-0.49643431781256,0.101588621246593,0.75640888860743,1.95411008043359,3928.32431384521,0.99986180249289
"eps[1,13]",0.142517504129996,0.0160035017469154,0.971921835079604,-1.81262465915974,-0.495776229269353,0.141296100925234,0.771499038895993,2.04480613279188,3688.35432191104,0.999501074389911
"eps[1,14]",0.0329986645384912,0.0142088885592434,0.966261580564967,-1.90105992145774,-0.598995518101572,0.0467414585803922,0.692353532174706,1.84959014453889,4624.54710759769,0.999382393940071
"eps[1,15]",0.280563783190007,0.0153567253044753,0.963221078522433,-1.59050502926168,-0.378447253204291,0.300421711813952,0.92482202340878,2.1608634679452,3934.18450909911,0.999777381037153
"eps[1,16]",0.18682745259907,0.0153333217946408,1.02353736719058,-1.79226528518757,-0.495008881012533,0.200174481086081,0.878121659522729,2.19027425928737,4455.89455052354,0.99948091844877
"eps[1,17]",0.336747581056254,0.013965326438973,0.973370589517182,-1.56783029101033,-0.301410789171343,0.339409536575626,0.963888950638315,2.25344828468789,4857.96359768131,1.00071879476688
"eps[1,18]",0.0688314808406545,0.0149183757283243,0.986870814565304,-1.87797977014549,-0.586651992090758,0.0582948046050563,0.731309323740282,2.01838035654266,4376.00217395666,0.999921820606898
"eps[2,1]",1.20785418831359,0.0202856432603486,0.820482876221099,-0.475993705320087,0.681543343535199,1.23748647336904,1.72958757635675,2.74368602344719,1635.91779146226,1.00373478282363
"eps[2,2]",0.177719931693157,0.016368615967763,0.963482338388329,-1.67926037144422,-0.48129353694002,0.165163400985593,0.83178809481251,2.10068621920823,3464.68373098509,1.0005338485897
"eps[2,3]",0.0813456383396222,0.0168079104972497,0.941705233005323,-1.75707476966635,-0.571461358346328,0.0738432595892875,0.717716696660234,1.95346073588952,3139.0809403915,1.00121974867717
"eps[2,4]",0.325958265134627,0.0154277211546358,0.952485117809341,-1.55528175623331,-0.279093201730584,0.314669089160578,0.963620316536672,2.20286726515059,3811.64842738724,0.999738571378614
"eps[2,5]",0.670894424438737,0.0146911578220433,0.902377052004908,-1.13018410234667,0.0792714975014591,0.683630028174254,1.26442883577837,2.43558064311112,3772.80219719339,1.00011671709674
"eps[2,6]",0.10822117771095,0.0192219114187206,0.901546282204454,-1.6553089287063,-0.500626171979297,0.103658930933156,0.721603627195005,1.89145282459431,2199.79854508773,1.00041043775953
"eps[2,7]",0.0596611862342253,0.0165529296190404,0.964523534424519,-1.80127567624639,-0.575705428811966,0.0457783292213651,0.715174408211746,1.98452049167762,3395.28254559475,1.00001528687467
"eps[2,8]",0.470490448868505,0.0150606792132209,0.891289554741586,-1.30413331021294,-0.132851021429242,0.477628330162764,1.0667262842652,2.23642604139918,3502.2610746089,0.999567354773935
"eps[2,9]",0.0196439265507602,0.0142772546748525,0.958980069771901,-1.86966777293255,-0.628556205227523,0.0184218423495819,0.667668188846681,1.88283157600962,4511.59129454403,0.999340190882826
"eps[2,10]",0.00491609248429174,0.0144840386426179,0.915691667864131,-1.76235136518056,-0.619016943302913,0.0204300487340619,0.619366072596931,1.76598859839215,3996.86219913688,1.00074986920365
"eps[2,11]",0.289065237626999,0.0138034983908047,0.914770838622506,-1.46190826980207,-0.326849353071522,0.278361782310822,0.896291165279032,2.06681209075577,4391.83772829858,0.99942568690797
"eps[2,12]",0.332102449067477,0.0150532991319331,0.939637764094854,-1.45501214795316,-0.303911796882499,0.331395192032311,0.973428368738998,2.11403189631815,3896.34623476427,1.00010763447291
"eps[2,13]",0.00395285826191689,0.0139710976977875,0.969393624975074,-1.91200100101095,-0.664465865283553,0.00214706646648091,0.662103094706479,1.85995688056439,4814.36773063641,0.999922730817421
"eps[2,14]",-0.0921061049223151,0.0141511438514327,0.935935021823741,-1.92965576790793,-0.740945632246827,-0.0768494710560362,0.546757440311275,1.6739072910733,4374.29738911262,1.0007311915639
"eps[2,15]",0.217494780089711,0.0129910336407958,0.933562148137334,-1.60133373943225,-0.388908628115409,0.20810583909477,0.830052416338494,2.06245955364826,5164.15245001083,0.999814971305644
"eps[2,16]",0.103755809886495,0.0129841765714035,0.950084627647141,-1.73574152463832,-0.545404824047642,0.0856403004423546,0.741600079370153,2.00309426239005,5354.2143896725,1.00061450073805
"eps[2,17]",0.030457920271285,0.0159812925766651,0.96940777833762,-1.93248659277393,-0.612361321264962,0.0242110394616007,0.678449203073617,1.92346765415848,3679.50328834331,0.999334262740087
"eps[2,18]",0.067812864927153,0.0133376921142383,0.960422594663551,-1.81432196962358,-0.592509051606477,0.0897199680786915,0.711752061208041,1.93162543125885,5185.1743169583,1.00013256285722
"eps[3,1]",-0.0843865493013326,0.0332090135355155,0.88057105851714,-1.72369457613047,-0.703422640952761,-0.120734487302594,0.486047900137252,1.76415490960879,703.099622336893,1.0084243952947
"eps[3,2]",-0.0124312437132335,0.01820357991298,1.03749069577277,-2.06596302122164,-0.690027301956454,-0.00331618663310727,0.691345446243199,2.01557704155799,3248.29012586607,1.00028834575132
"eps[3,3]",1.47635127019175,0.0227491539197793,0.919470230015517,-0.511872517856144,0.921170518519625,1.53092464435939,2.11121598850689,3.1772918031619,1633.59669743412,1.00037564442789
"eps[3,4]",-0.136807027618784,0.0206695848629302,1.00433751534545,-2.07328613359113,-0.829944011457655,-0.143500368798247,0.540979182272411,1.85386897076274,2360.99932204009,1.00067970402069
"eps[3,5]",0.00167066348820447,0.0166242102851572,0.887854230284241,-1.73907748367705,-0.57910146790595,-0.015872722393725,0.583984149612805,1.77733936357281,2852.33997806814,1.0028953281702
"eps[3,6]",0.0978467864582444,0.0162424915474314,0.878037433398525,-1.64281470684213,-0.497939355562804,0.109278574837429,0.674007677569716,1.82132047628351,2922.27285768595,1.0006547057445
"eps[3,7]",-0.00743230353121697,0.0182175512493902,1.01947004735219,-2.00961550978281,-0.690553721592497,-0.00454948990904818,0.694845441773898,1.95917315448999,3131.61915648989,1.00009886207815
"eps[3,8]",0.0915274740910313,0.0140083693121971,0.903345528706577,-1.68206747349645,-0.526456626663342,0.0895835085126977,0.699731214051102,1.83084905683901,4158.46100060558,1.00003055867597
"eps[3,9]",-0.111167182889808,0.0167859295013583,0.981363499101235,-2.08665357039998,-0.749112733456959,-0.101226032562903,0.522360239204745,1.84271415989045,3417.97602376759,1.001100554455
"eps[3,10]",0.579760436261271,0.0226362473555634,0.99698182265764,-1.36283690461978,-0.0843945761592031,0.592431718384764,1.26250908550631,2.47273842400027,1939.83869562154,1.00034388580465
"eps[3,11]",-0.00178454955587268,0.0156861427650555,0.955874579274075,-1.86927297621059,-0.655466839658706,-0.0204254575862235,0.641954625752212,1.89469798925619,3713.38088383407,0.999832327166998
"eps[3,12]",-0.211637365168641,0.014968068960571,0.950791680242453,-2.05070198279425,-0.866429067941186,-0.222517490264157,0.45252211892788,1.61588150478505,4034.95963941699,0.999990453313915
"eps[3,13]",-0.151754186179137,0.017324335075058,0.989685742545364,-2.07859973362062,-0.832243662840289,-0.146655846105798,0.510428582131322,1.78195488835051,3263.48392464619,0.999278440326615
"eps[3,14]",-0.29048822130158,0.0155028443514956,0.949055004276503,-2.1498889423672,-0.950297088137252,-0.287591946490463,0.350775768618418,1.55697542398281,3747.65836185142,1.00095837301053
"eps[3,15]",-0.287778696827263,0.0185333278397152,0.977609385688044,-2.1528222276695,-0.963917938179937,-0.293305438605453,0.368188726535003,1.67545447659003,2782.42783051546,0.999787174445415
"eps[3,16]",-0.0238521664848971,0.0139140248027771,0.969269617297562,-1.87004304599526,-0.702117645879334,-0.0406046126470405,0.647651328224978,1.87348122806963,4852.70233808653,0.999836032773747
"eps[3,17]",0.0643135851529086,0.016245043229454,0.972895949324307,-1.89606919376055,-0.575891827904159,0.0564257660387263,0.706633092735719,2.00926388783325,3586.66692298238,0.999706900250174
"eps[3,18]",-0.216192966128554,0.015873741554119,1.01899368355177,-2.27056753580922,-0.890227983740412,-0.219935683082599,0.458070648718162,1.85745724818445,4120.82691673583,0.999872275218899
"eps[4,1]",-0.257443465230971,0.0182138889674257,0.813932360327214,-1.8018003812437,-0.807653482395563,-0.273396727927371,0.28078554856618,1.36951607764538,1996.96871642334,1.00206853696679
"eps[4,2]",-0.158665276910486,0.0157904309171149,0.965696582675289,-2.12684329519689,-0.804423235751372,-0.158341757607915,0.496800239081776,1.75175769489681,3740.18793715886,1.00077197021106
"eps[4,3]",0.700065092123496,0.0122028067222746,0.795247864522568,-0.804652904861159,0.175719461973818,0.685363985513995,1.2210279658565,2.30089568519737,4247.03224076268,0.999409374236711
"eps[4,4]",-0.164986133601873,0.0175639764081122,0.957673708956749,-1.99997913333519,-0.8283619608724,-0.15795096095765,0.464425274375609,1.69919681455447,2972.9625575263,0.999532519729069
"eps[4,5]",-0.061483171442542,0.0142419278269142,0.881339542435674,-1.85839795503838,-0.63836690253876,-0.0383780574046882,0.526155761131386,1.67341098169952,3829.56063527687,1.00039528441832
"eps[4,6]",-0.677711288956492,0.0255843749847242,0.925094483749179,-2.44560286436169,-1.31356041974693,-0.692521344890347,-0.0667859933255356,1.20080201370128,1307.44238218851,1.00187946447256
"eps[4,7]",-0.0249781653185831,0.0151270036649205,0.970140006711237,-1.89565581647789,-0.688275482299411,-0.0282057178299419,0.620239690534432,1.85433313733318,4113.04067715895,0.999780701712289
"eps[4,8]",0.0562340114720941,0.0145779749492467,0.88145936813191,-1.62764060063524,-0.540805521421948,0.0440818229496911,0.654293575317801,1.80091374368533,3656.03375173607,1.0006901487384
"eps[4,9]",-0.0766064423168199,0.0149838043726236,0.960975516396385,-1.96260287021107,-0.709249102662217,-0.101236566071571,0.572517725506111,1.81771021444367,4113.20596782889,0.999810842300713
"eps[4,10]",0.0563639823792918,0.0135999745253308,0.926520532535968,-1.74205164328349,-0.569476646721622,0.0596198770879623,0.676275758220682,1.86442459261191,4641.2387174151,0.999430100408903
"eps[4,11]",-0.00207249329737802,0.0159674191850188,0.967239823201445,-1.87098196932252,-0.676456228668826,-0.0101830579384069,0.658719622535888,1.87725790358066,3669.43234190792,1.00029195861386
"eps[4,12]",-0.203528397487955,0.0151201058613941,0.934699384580898,-2.0559904750111,-0.822417467916909,-0.202870829089241,0.4214223705777,1.65432103067674,3821.50339572158,1.00054208632798
"eps[4,13]",-0.283096494226583,0.0151734648357843,0.965408328802125,-2.21711889969418,-0.921435860145607,-0.300880737925853,0.348798881538325,1.61690942522712,4048.11235151862,0.999368342482209
"eps[4,14]",-0.357129529014713,0.013143263854864,0.924979341343252,-2.17236573042141,-0.965621161605643,-0.340854522924983,0.246373702305119,1.43808949865917,4952.87780398619,0.99985311612639
"eps[4,15]",0.0448130270367753,0.0139882485222775,0.950424026464116,-1.83556339577632,-0.605787880941171,0.0513321614771511,0.682169042449237,1.88703574175438,4616.44997762882,1.00066724492422
"eps[4,16]",-0.0644667208721819,0.0144335871665967,0.951234521777838,-1.97846457455481,-0.709547316870666,-0.0581647348565766,0.560115382474017,1.8228760855916,4343.36820241846,1.00039557238555
"eps[4,17]",-0.0632330618561161,0.0141539659828681,0.983350986881853,-1.99157958628636,-0.752575228806775,-0.0467251498192328,0.625395418926987,1.89391298077299,4826.81685882143,1.00029983514647
"eps[4,18]",0.0720480418421989,0.0136305767230714,0.966779253790839,-1.78734911383388,-0.603261189802845,0.0747721158038037,0.72195671224905,1.95092132126975,5030.67407353086,1.0003715407105
"eps[5,1]",0.316013621620227,0.0126810800068481,0.803086587001203,-1.28181315093493,-0.2154185745417,0.328528513063867,0.852026739847353,1.91917990193168,4010.62687576063,1.00010652650711
"eps[5,2]",-0.0691566074801299,0.0172000860112214,0.964989982412828,-1.91998014126857,-0.735790834605507,-0.0812597220086334,0.596229141855784,1.77635590409991,3147.63504919977,1.00076313733916
"eps[5,3]",0.76494472295736,0.0113803110440936,0.752726187730042,-0.73073202720426,0.274788275877874,0.751748454887045,1.24964665579234,2.30817561277502,4374.87638976591,0.999937008565461
"eps[5,4]",0.219373638606427,0.0172920473456452,0.912232318996809,-1.65560416726095,-0.373996069463178,0.241883840695376,0.839718162044651,1.9440350958705,2783.03121320984,1.00170033439272
"eps[5,5]",-0.59074140356121,0.0222776625106575,0.889144880903429,-2.29919451174311,-1.17921853666451,-0.59150964151424,0.00205007300001636,1.16031945431005,1592.96349718584,1.00360897716634
"eps[5,6]",0.447636998257379,0.0241035362216919,0.888228901868142,-1.31654543161747,-0.155395587301526,0.478054364120202,1.06956214443724,2.12489107510779,1357.96406009876,1.00277477206805
"eps[5,7]",0.0600687967263821,0.0171430678818324,0.9703055755301,-1.87662422736669,-0.611653225243947,0.058593061772457,0.726121073827448,1.93212003279885,3203.61238657624,1.00027982134735
"eps[5,8]",0.231057426540394,0.013742456323533,0.899503350366938,-1.48335812801976,-0.373664832771672,0.231398999215655,0.823286942434764,2.01200080938728,4284.27006977591,1.00036216337786
"eps[5,9]",-0.0596642384876811,0.0160521847407874,0.997465425375717,-2.04047893739251,-0.72051410739815,-0.0588244863955029,0.640957129559136,1.8278947062977,3861.24539380705,1.00033732374123
"eps[5,10]",-0.170061786900553,0.0164940066441935,0.932605055631288,-2.00769110246115,-0.806965952943307,-0.167423843956752,0.475132303685391,1.62388298799282,3197.00415355032,1.00049241394015
"eps[5,11]",0.135625225302089,0.0157968849121769,0.978515672459918,-1.80584402697553,-0.521388749465666,0.137422932826022,0.808187286469121,2.05296662036227,3837.00763769649,0.999482099882742
"eps[5,12]",-0.21644316765632,0.0146548736662401,0.978989114213079,-2.13376051032411,-0.876406954646785,-0.222694231345547,0.44129153714883,1.7282243293226,4462.63705913207,0.999625587637074
"eps[5,13]",-0.32299172148383,0.0180551407368971,0.986549084251711,-2.25593983958255,-0.980709005852711,-0.332093860481549,0.356509912410757,1.59643936393863,2985.62761846654,1.00216996438606
"eps[5,14]",-0.232373645073773,0.0161172030460028,0.963199470738387,-2.06770149494493,-0.90375848574653,-0.234483810550126,0.420846064725743,1.6561350764148,3571.52024376672,0.99967770633343
"eps[5,15]",0.231529013217709,0.0171773847773138,0.952705147355443,-1.65470582614755,-0.406890683986437,0.228226827953709,0.867721359467368,2.08684570603213,3076.11760490196,1.00051306485292
"eps[5,16]",0.362219152974499,0.0155807387819907,1.00721117278159,-1.68456711929663,-0.312145891835542,0.352949525176678,1.06595399115811,2.30159753666633,4178.92884415338,0.999733905188139
"eps[5,17]",0.286464781332858,0.0136396522995314,0.977689592838827,-1.68476364254207,-0.368661033772302,0.300283296907349,0.957197412801098,2.19146031995589,5138.01521088716,1.00009927911167
"eps[5,18]",0.0596371681357437,0.0132494385388128,0.978996967467192,-1.85140063023413,-0.588554460932586,0.0723554488901127,0.713209712787781,1.98698472221208,5459.68697045528,0.999941570313231
"eps[6,1]",0.109263504629629,0.0121921946464856,0.770941025688354,-1.37256661589647,-0.41221407768928,0.0993936421488916,0.630042312491458,1.6259453374737,3998.32911703396,0.99977726126616
"eps[6,2]",-0.0765917384017578,0.014348322698884,0.847771077399447,-1.68761884932894,-0.65516738033747,-0.0816968562999651,0.489011032855952,1.64573377666092,3491.04077245801,1.00053567530562
"eps[6,3]",0.436076123756082,0.011133909543248,0.748998002664583,-1.06760128951291,-0.051016953192883,0.440776569131504,0.932133371180456,1.88128333366541,4525.49346385917,0.999575458169856
"eps[6,4]",-0.23592279610743,0.013330913199321,0.85382746951756,-1.85528444997109,-0.803020390601423,-0.260968988867812,0.320487340193986,1.51320378047223,4102.23413913124,1.00029788801347
"eps[6,5]",0.0201000477754692,0.0143671189306744,0.852312939619633,-1.68911597127938,-0.543738162284605,0.0288190183625657,0.586929332542897,1.67115772429731,3519.32026267354,1.00280044723633
"eps[6,6]",-0.00369742573314423,0.0155334396743704,0.840868412812351,-1.67025019631753,-0.560290893631886,0.00174849468550839,0.550809917356144,1.62001475299113,2930.35884823218,1.00104389423611
"eps[6,7]",0.412943265216677,0.0142061387162704,0.900417810969754,-1.46286046289038,-0.189366328586256,0.428346954840205,1.03454704649521,2.13773673684683,4017.31653342011,1.00025256540105
"eps[6,8]",-0.0951334693613468,0.0149558605705399,0.885322187743175,-1.77919605749755,-0.708989378958986,-0.110411823857532,0.498272764202613,1.69445080699284,3504.12735342594,1.00081815553624
"eps[6,9]",-0.17457171709044,0.0138130370792032,0.9665808121181,-2.01494464543298,-0.83249761939775,-0.174510558956689,0.46390013163391,1.73199709038208,4896.63783496051,1.00080441666177
"eps[6,10]",-0.277313662396516,0.0138523493208519,0.936727240915623,-2.08567302326033,-0.92729440447832,-0.277089889579839,0.367010691266244,1.57553440226153,4572.7707654039,1.00075249575241
"eps[6,11]",0.0244846480714848,0.0133118131059011,0.924024096360416,-1.78532265601391,-0.585499200208718,0.0483052758130808,0.650035605027591,1.85074471226218,4818.28151015287,0.999551881647714
"eps[6,12]",-0.201429509349741,0.0135047070973222,0.935008611579797,-2.07615248485423,-0.822273124458678,-0.18718306707484,0.410897553173339,1.62205249643669,4793.58997182928,0.999388589680219
"eps[6,13]",-0.217579103651164,0.0132725824233863,0.932443429592542,-2.04743472491726,-0.854291921467403,-0.200995495922097,0.406679846921552,1.54159588299862,4935.53372822231,1.00002175765221
"eps[6,14]",-0.438342126358973,0.014527867477203,0.937106236072045,-2.25283382534025,-1.0672089530205,-0.440292094191959,0.194800758376493,1.41107131553698,4160.77198625117,0.999476334124487
"eps[6,15]",-0.103401488162605,0.0120290901098151,0.897889573850328,-1.80190532561857,-0.702020517258543,-0.114656254628669,0.489618816268643,1.64936915599293,5571.60476166872,1.00011680535622
"eps[6,16]",0.0853379542211507,0.0133461913962814,0.955738494201417,-1.76554320109004,-0.572936747267779,0.0926965837207065,0.723275160001037,1.969192552202,5128.18234698232,0.999694028716806
"eps[6,17]",0.00798887719768723,0.0134831876298164,0.951303124031529,-1.84660359497389,-0.638499856239515,-0.00039183526674293,0.658096327800326,1.90676483243448,4977.9747528401,1.00054003831143
"eps[6,18]",-0.0628342956268779,0.0136462461677336,0.988529722729779,-1.98315406918352,-0.727159593257614,-0.0744847059159453,0.603414149323308,1.91082608224732,5247.50742045223,0.999789527411539
"eps[7,1]",0.0397790965723473,0.0132209995211357,0.795421138140283,-1.5255826354946,-0.48609710389412,0.0505586725076462,0.584302914070809,1.55757352527708,3619.64248608897,1.00002396787683
"eps[7,2]",0.572271850477045,0.0163998416348234,0.861125289033756,-1.22324085314504,-0.0103305358223675,0.6027052906142,1.1681102291183,2.19313805566241,2757.10546100426,1.00346985760671
"eps[7,3]",-0.00904002713584239,0.0122581356025583,0.769375592130484,-1.54678067299044,-0.513540206141776,-0.000272845544514495,0.494887857615031,1.49402105177286,3939.38082283796,0.999871819013737
"eps[7,4]",0.20241424092624,0.0190588373551337,0.866470173490773,-1.49834669228872,-0.353774433203294,0.224715957925491,0.796174731381714,1.84049627959071,2066.87602398437,0.999817173288406
"eps[7,5]",-0.15182613144388,0.0156465984743414,0.825158384471008,-1.82308637937391,-0.675222420179266,-0.148127445705042,0.393137270787736,1.46157794785457,2781.21625056174,1.00036262313026
"eps[7,6]",-0.166835179415683,0.0142474272925759,0.86113400039817,-1.84306613257337,-0.748399513116042,-0.182181763261603,0.429730998931848,1.54621521193484,3653.159002656,1.00030679189644
"eps[7,7]",-0.178503797345255,0.0150013114859911,0.904908516257278,-1.94053533392295,-0.780235705727008,-0.189731973503972,0.415111569432778,1.61546385899439,3638.73889726071,1.00015565825786
"eps[7,8]",0.225853019900738,0.0131786124435907,0.856004354623984,-1.47162808898196,-0.343911233789523,0.223339720332592,0.811029562038614,1.94720836207674,4219.0296270436,0.999546256101136
"eps[7,9]",-0.0167797009144455,0.0163531153558552,0.948980026219411,-1.87325125722486,-0.683502927300554,0.0017488379784187,0.622523183379055,1.86963187362354,3367.54294414255,1.00022072958772
"eps[7,10]",-0.213630167750155,0.0132628029776443,0.938481551827674,-2.09035494278273,-0.848306180579858,-0.211081074775219,0.421958164770939,1.60792930492957,5007.0374947653,1.00011709234319
"eps[7,11]",0.157063271581079,0.0142824942649221,0.971872128309128,-1.75401531118209,-0.505856860297842,0.147499590912728,0.837734679703441,2.08333602104771,4630.31074785899,0.999683360051698
"eps[7,12]",0.212209664861035,0.0151366038359083,0.927689539939178,-1.64246693740624,-0.397718312400831,0.221737726506421,0.799412696728786,2.08459400631664,3756.19759809683,1.00104830647283
"eps[7,13]",0.00392567995594312,0.0164936896625602,0.999543742268243,-1.95360397541642,-0.68983831067999,-0.0148835710401466,0.716167353093846,1.95398826645596,3672.55215021211,0.999406563348365
"eps[7,14]",-0.260350396717002,0.0147712424214132,0.976399279024854,-2.18726751995818,-0.905484111302046,-0.255428079720477,0.390032245006552,1.63544916980015,4369.39038526382,1.00011315319909
"eps[7,15]",-0.341554924255262,0.0138958234497545,0.946925262377238,-2.14182452022732,-0.993443806851227,-0.3468693411259,0.307301783081953,1.52498071160412,4643.68583950522,0.99983160097173
"eps[7,16]",0.408760010705715,0.013414753108296,0.98821671697842,-1.51815176245634,-0.262131667808251,0.416585680499856,1.08555394754779,2.27865483261958,5426.74012103392,1.00039669055067
"eps[7,17]",-0.101321171104767,0.0134157404887592,0.955787357547867,-1.96280854245263,-0.714756993908857,-0.0978479784501945,0.523852503318622,1.79996680066396,5075.66868638503,0.999528868334071
"eps[7,18]",-0.0227083856551628,0.0126192697601115,0.986963122374836,-1.94760405044286,-0.687049369880626,-0.0166085133797579,0.673913092073483,1.88582177878161,6116.92848077394,1.00121709483131
"eps[8,1]",-1.03546995484319,0.0353475635331626,0.904592805656846,-2.64387697167231,-1.67213066815858,-1.0781002256302,-0.453243799952221,0.872083146214632,654.918549603841,1.00527116383273
"eps[8,2]",0.173480135524449,0.0189105751974315,0.912949044159194,-1.64728196065908,-0.439398902880747,0.182622961511338,0.794667772121216,1.89392259599676,2330.68509498431,0.999539467914606
"eps[8,3]",-0.798226321567272,0.0165818325682985,0.829713203351953,-2.3763682530688,-1.34470054828376,-0.826009629358992,-0.267536985296566,0.903657078860772,2503.74993495855,1.00048374846874
"eps[8,4]",-0.54652811298678,0.0182097845623287,0.934489568575078,-2.39731511217759,-1.16496410198439,-0.566261410618211,0.0718060985584855,1.32805686338657,2633.53624702112,1.0002341276773
"eps[8,5]",-1.10795801518443,0.0193340371973544,0.903663008660827,-2.792369951552,-1.71839342146347,-1.1526050053041,-0.533949247561362,0.801622308536555,2184.57978242048,1.00210123277398
"eps[8,6]",-0.77860988683332,0.0200622022050559,0.913323403482118,-2.56774623326272,-1.39908123034231,-0.783267800336531,-0.177077518047694,1.04447350019252,2072.48772102075,1.0030557395019
"eps[8,7]",0.472899734666595,0.0156908381871728,0.933600160919482,-1.42927706086861,-0.127550089561061,0.490878035836523,1.10066522218318,2.24501507180175,3540.21427001304,1.00095878023084
"eps[8,8]",0.175654958120888,0.0153462440553712,0.902517859403743,-1.52652445772986,-0.430082229034303,0.18251550237209,0.765722420992419,1.9318736467538,3458.6563115324,1.00081576787497
"eps[8,9]",-0.186453808200972,0.017168508015692,1.03062490744376,-2.2287269033793,-0.882566305474085,-0.182156501118656,0.500522498999839,1.78730602726884,3603.59650321202,0.999922305143318
"eps[8,10]",-0.232616382811875,0.0175438519231845,0.958574993872829,-2.16912469915387,-0.873155519209669,-0.228141732377632,0.421797530346739,1.61708014066006,2985.39832474539,1.00041055890333
"eps[8,11]",-0.416670265884942,0.0157375601812205,0.981997196628322,-2.28885674254247,-1.09558407493138,-0.413554318431699,0.254564969609599,1.57695233781553,3893.54939057991,1.0008791525026
"eps[8,12]",-0.157478651023313,0.0156770627589463,0.947496413244347,-2.03872038308834,-0.80160304048944,-0.148467673147191,0.492287970156547,1.72041669993408,3652.79883285334,1.00041507823165
"eps[8,13]",-0.0988080772754466,0.016764623296288,0.963045397496562,-1.96247865253651,-0.748566108092518,-0.104485513925937,0.566294514074498,1.79508245307028,3299.93907389474,0.999790183659717
"eps[8,14]",-0.493705587884151,0.0159806133630828,0.988310573027968,-2.34958160694946,-1.17309846537639,-0.520219785686944,0.179445712155701,1.48157915495692,3824.72306180604,1.00000384633171
"eps[8,15]",-0.579515752284441,0.017938410540771,1.00236984694602,-2.48219225124774,-1.25934286318035,-0.588163092185558,0.100233793608203,1.42560169247721,3122.39662937084,1.00189312559989
"eps[8,16]",0.034087834815679,0.0135060221222988,0.928957914022752,-1.71381726271714,-0.606420625175506,0.0194310244096274,0.658505524329268,1.92072771995428,4730.82806352711,1.0003126127918
"eps[8,17]",-0.243260197822973,0.0138861499851737,0.97526036784699,-2.16136678101569,-0.907146652986326,-0.234660196400621,0.410305526783978,1.6267025805269,4932.61760101436,0.999493902812618
"eps[8,18]",-0.14439273171171,0.0139190018839084,0.965771104491303,-2.05022625041773,-0.795767267869713,-0.139934019972409,0.493924825616357,1.73528408241126,4814.28977780299,0.999504770188915
"eps[9,1]",0.25641294201583,0.0286148128650661,0.820057296085692,-1.44231911798568,-0.273243824680937,0.280810817954567,0.818586705828286,1.78478845337177,821.308984462267,1.00565242417955
"eps[9,2]",-0.189891161874367,0.0140437132880541,0.837514023933425,-1.84967795716127,-0.754010886266926,-0.186274716837935,0.380581955593093,1.48605754409482,3556.4791492408,1.00070556904658
"eps[9,3]",-0.738573147983142,0.0123755018038774,0.7887254168397,-2.2994467931001,-1.24405288860332,-0.722230923443051,-0.241257893559838,0.842866684428371,4061.87016121159,0.999834099117723
"eps[9,4]",-0.111939745426419,0.0232915654937133,0.907989992595709,-1.92300988571701,-0.719079328145427,-0.0871056409243196,0.519286201520584,1.60094386998496,1519.72414865977,1.00131382444868
"eps[9,5]",-0.0332514327350344,0.0203939279479621,0.869955079441015,-1.75313891471013,-0.619674308759837,-0.0183482171175604,0.556274827071528,1.63730323761057,1819.66689957795,1.00122431007825
"eps[9,6]",0.267591590083578,0.0273408919558344,0.933240080449389,-1.68355038744636,-0.347596738362192,0.302014282723598,0.920091167199817,2.009371143438,1165.09518523268,1.00332588746137
"eps[9,7]",0.265295695630476,0.0155081749666216,0.908643220173542,-1.57739335357738,-0.345292404368272,0.282982354953083,0.894569637331584,1.98094306261146,3432.93354635711,0.999726049424632
"eps[9,8]",-0.0702590861219066,0.0139096066675603,0.886831585690298,-1.83224396056438,-0.663556043234968,-0.0711141944416962,0.518362931014386,1.66707469475971,4064.92565295994,0.999342213345877
"eps[9,9]",-0.0472302286138288,0.0175569631923081,1.01561476379875,-2.06491263865953,-0.738419953852512,-0.0421122740689676,0.639961173742873,1.94499898396854,3346.25639142464,1.00081932954278
"eps[9,10]",-0.305064029243918,0.0144691066498045,0.938125149328977,-2.14987935527839,-0.942231048667917,-0.311131588586931,0.331234348115016,1.53085329330749,4203.76201764195,0.999733676250139
"eps[9,11]",0.264815077367494,0.0211485459591652,0.932709276490593,-1.57558068609414,-0.382909747855657,0.28405196881624,0.918981834279854,2.05074563352602,1945.0535635082,1.00166111043722
"eps[9,12]",0.02724464044721,0.0165715843383513,0.927472869089849,-1.75240283528072,-0.596036445989302,0.0445343495380567,0.669203419685253,1.84435507689489,3132.37944666973,1.00049898157143
"eps[9,13]",0.0569418208542464,0.01510283818842,0.99152678215904,-1.9542963108731,-0.608111899626639,0.0630397540864143,0.725554295441051,2.01027488022544,4310.14380251829,1.00013241091927
"eps[9,14]",-0.0419781352563875,0.0237802581095702,1.00691051248552,-1.96133823099959,-0.744655869701364,-0.056875174368313,0.647036546489392,1.92440883856155,1792.8692636755,1.00061637456697
"eps[9,15]",0.161047241313281,0.0152650011834699,0.972807005153253,-1.75067666701449,-0.489302637307794,0.153940433536393,0.805809125767957,2.06359373080321,4061.249715714,0.999866680533185
"eps[9,16]",0.389129899028861,0.0162861630441551,0.992980567944367,-1.5547119782521,-0.261013819860197,0.408414119881723,1.05774262285068,2.31759846236783,3717.43978698947,1.00096971330315
"eps[9,17]",-0.244257985479916,0.0140839640454222,0.98301206047798,-2.20337293380803,-0.894531876303479,-0.244267436394818,0.409984792358116,1.66813011678522,4871.55799329663,0.999367038290417
"eps[9,18]",-0.218236103341519,0.0132765322112814,0.976603342885342,-2.09178889786924,-0.870487093680468,-0.226070619008706,0.452708632926716,1.66216077431837,5410.87007807983,0.999505555902625
"eps[10,1]",-0.286363116181548,0.0176973348882396,0.850970188395678,-1.93124660377798,-0.851116833734965,-0.285288374642069,0.297463776220355,1.32638643506693,2312.13375234885,1.00067595798947
"eps[10,2]",-1.06920297905715,0.030576357183185,0.950520632530736,-2.84354182514372,-1.72621591271446,-1.09618377473587,-0.45429215662285,0.9404784843239,966.388182713235,1.0074180752588
"eps[10,3]",-0.693843127636782,0.0160403535526558,0.84620996351968,-2.3481133748161,-1.2617326978181,-0.693499856977974,-0.136902372307506,0.885880255108212,2783.0973385108,1.00020698294749
"eps[10,4]",-1.59377244378187,0.0440285100909468,1.07467083549309,-3.5383817544258,-2.36117344525722,-1.64508525424951,-0.873977020427417,0.651360166084162,595.775922176585,1.00281674838802
"eps[10,5]",-0.821198140982109,0.0175027477271193,0.879069161395956,-2.52944947309551,-1.42094076656043,-0.832953813026481,-0.249637577794202,0.941315590769935,2522.51422088724,1.0005737356507
"eps[10,6]",-0.466392112821921,0.0156916262226682,0.908101200597514,-2.16142925501369,-1.10740938046472,-0.458718335472159,0.146665044190112,1.38801040486245,3349.13451155738,0.999763750863206
"eps[10,7]",-0.64372391411304,0.0193146663816768,0.982461079576913,-2.51692115424421,-1.28699124134487,-0.664757102665826,-0.000714566756106669,1.32048000205185,2587.35658940623,1.00097698344554
"eps[10,8]",-0.323467441912079,0.0154153608847304,0.888955019104319,-2.08776955834903,-0.927716927552731,-0.323913163085962,0.263668008041917,1.38456138582934,3325.46345863771,1.00152695788294
"eps[10,9]",-0.379684766372742,0.0141114659719214,0.938047347378073,-2.16006051464683,-1.00465252697306,-0.421430721311052,0.249126323917646,1.49617943278191,4418.80924201381,0.999682851019775
"eps[10,10]",-0.318105783840543,0.0142792907181516,0.949469005197841,-2.16616678088323,-0.969883445562456,-0.31393825770523,0.334085073454557,1.50196199771303,4421.28298345131,1.00023191791426
"eps[10,11]",-0.580682587064527,0.0153251644369409,0.952075433819002,-2.43828764978954,-1.21233208188999,-0.598046417051072,0.040726558539767,1.33669623470844,3859.51232662665,0.999209894083437
"eps[10,12]",-0.50756818952565,0.0146601042625056,0.938102307710915,-2.35528485855018,-1.15172386534155,-0.492597705547393,0.119214868639579,1.34399763675897,4094.73961948116,1.00033130933941
"eps[10,13]",-0.0819067419891849,0.0151852784346085,0.985756939156688,-2.04955252117083,-0.7141660080452,-0.0792972444107075,0.562643078825258,1.82492254074728,4213.99646470129,0.999822181157951
"eps[10,14]",-0.37201846064551,0.0141790349108534,0.964723576461445,-2.20592592870832,-1.02997207679907,-0.367393503604478,0.275549841363662,1.51145008409963,4629.26924548434,0.999640061652978
"eps[10,15]",0.268169234499729,0.0153397999092929,0.956638741584997,-1.58108096024913,-0.373090805602118,0.261131334860192,0.934581227675527,2.07388082860449,3889.16653419752,1.00042711920929
"eps[10,16]",0.0647467729358013,0.0152045285605148,0.997355662586424,-1.83503583735927,-0.597774449222848,0.0412498527901007,0.743059137998171,1.99200148798223,4302.83010044119,0.999969239062533
"eps[10,17]",-0.218886496392028,0.0148540817570909,0.981627190980589,-2.113139170983,-0.876235484201915,-0.223534068533211,0.445103178888582,1.68954785563204,4367.18449799474,1.00054373370754
"eps[10,18]",-0.234813342473994,0.0140322356956615,0.984077340687908,-2.16020345970897,-0.892795899564065,-0.230975584519948,0.424520847818831,1.70411124704118,4918.18342844946,0.9996527794802
"eps[11,1]",-0.00581380783545817,0.0132933897442173,0.771275954792911,-1.5703033521,-0.502081526611732,0.00523457805572571,0.510240617782689,1.54922225355962,3366.26350218325,1.00055166631074
"eps[11,2]",-0.262206407366608,0.0117864095099937,0.795049712033082,-1.78614604507815,-0.785015109008896,-0.275448016761874,0.258757015700178,1.32757570781264,4550.14793486038,1.00008940554462
"eps[11,3]",-0.0841154599877144,0.0113464032971019,0.728958679789512,-1.55540130401935,-0.552080472787549,-0.0754372274600174,0.389443492477694,1.33436109319967,4127.52194389839,1.00190473520848
"eps[11,4]",0.164758690062828,0.0248784729052234,0.893730815751082,-1.62950079042222,-0.418974984798643,0.19195798507999,0.776497393337381,1.84022200292067,1290.52382730164,1.00492226659989
"eps[11,5]",0.0394346595479343,0.0128391501928128,0.839631070799404,-1.6582402871114,-0.525938982915987,0.0610038099022264,0.610107635384422,1.67110051522777,4276.65723875625,0.999411539081967
"eps[11,6]",-0.262001930951766,0.0164451963132685,0.845258716899526,-1.91640075896457,-0.823304586671374,-0.256403689644852,0.280286940551014,1.39302449991092,2641.80764121008,1.00070140468231
"eps[11,7]",0.160454101122371,0.0131055105922885,0.854660120920302,-1.57246901517648,-0.405361676429654,0.169403169200385,0.731938278926725,1.81927007325688,4252.83945424181,1.00084989754491
"eps[11,8]",-0.431567866608675,0.0137990616818312,0.875087836005224,-2.1061525468497,-1.0323213455061,-0.430756173357904,0.166723987535397,1.35059862802676,4021.64917123761,0.999990920108186
"eps[11,9]",-0.235001029003092,0.0126554645685426,0.859726372415738,-1.96300803344445,-0.803373847044507,-0.247421364708125,0.337119074111013,1.44003689516606,4614.92145284118,0.999331356831513
"eps[11,10]",-0.175231767654677,0.0134786258511428,0.893377297768991,-1.97598495256989,-0.790266578602088,-0.178223749116535,0.430215835315496,1.53772787564015,4393.17585615942,0.999773960565904
"eps[11,11]",-0.0761117937420696,0.0134359017493207,0.890124430616336,-1.7806008230674,-0.688827629839465,-0.0609436132561145,0.533941413310696,1.65593371129862,4389.02245911744,1.00094805610753
"eps[11,12]",-0.0436986413354428,0.016504761776303,0.9079427295276,-1.83845303960899,-0.655227150809965,-0.0372131290028754,0.58167534632178,1.70105378325355,3026.20531777,1.00211737428965
"eps[11,13]",-0.10325155757063,0.0129418015363155,0.947407426510284,-1.95289080974612,-0.746339845700726,-0.100637634553133,0.509042022124092,1.80727553784534,5359.00421090254,0.999094627068413
"eps[11,14]",-0.187771527972167,0.0140236491143895,0.947272797509038,-2.10864265102796,-0.793795224279349,-0.185001903491763,0.431894495576976,1.66530083967292,4562.76454843969,0.99973865307283
"eps[11,15]",0.246631708467802,0.0135288977664427,0.942044042839427,-1.57741847035501,-0.391708739858499,0.241364119135895,0.86965897397513,2.12323106072737,4848.61371076399,0.999520518685625
"eps[11,16]",0.281729598369572,0.0146196769110515,0.956094254024426,-1.62494599044057,-0.367670189139926,0.302146814537012,0.920404198607515,2.11920074865034,4276.86819501609,1.00064741937056
"eps[11,17]",-0.033835596840084,0.0127363128117679,0.957252181223474,-1.91611999152445,-0.666030584456042,-0.0330108563964379,0.617453883424731,1.81085678202807,5648.91831945578,0.999464714304388
"eps[11,18]",-0.0401035896864319,0.013533541147375,0.97753088759256,-1.94690275346917,-0.696644059545952,-0.0301846323099013,0.631402129483046,1.843325116987,5217.20716982916,0.999879641340969
"eps[12,1]",-0.281924705295809,0.0135129727783266,0.781818888681303,-1.76567599770526,-0.797599875768176,-0.299580968196049,0.233823194682019,1.3107919623426,3347.42236711205,1.00017910244921
"eps[12,2]",-0.0124434887822108,0.0128249212711204,0.83031769987631,-1.61182056828434,-0.569862340490429,-0.0143716082225655,0.534436811301059,1.64914650484376,4191.59367365249,0.99931785717507
"eps[12,3]",0.160723991182694,0.0118468347314948,0.771912342306167,-1.37364898477599,-0.342673116966407,0.166469327592904,0.690172505195059,1.66008669425205,4245.52409742758,1.00199594575564
"eps[12,4]",-0.128990579542092,0.0175963427332677,0.873401348980864,-1.79370914106142,-0.728945562394991,-0.144430270703759,0.452873318377074,1.63055379347132,2463.67202418102,1.00052129251632
"eps[12,5]",-0.0762942447970526,0.0151172098915472,0.853099475023177,-1.71973253532106,-0.655550978862636,-0.0770611896990661,0.483365778048652,1.619610632877,3184.60859898379,0.999959246460484
"eps[12,6]",-0.0596585183961754,0.0169652991071279,0.862914270929833,-1.73035122611171,-0.64267704639573,-0.0653641607632623,0.538305475335044,1.58858044396473,2587.09431185778,1.00172196074779
"eps[12,7]",-0.00447845772148284,0.0134945900724331,0.888033079094071,-1.70320451629075,-0.606307785479925,-0.027729621360972,0.605780014732897,1.69719734530352,4330.50848685026,1.00125447198984
"eps[12,8]",-0.595595539829833,0.0157063978747188,0.917546173797121,-2.33246386314456,-1.21000311739985,-0.605355824828325,0.00372929686715861,1.22748907710937,3412.73579340659,1.00046763531828
"eps[12,9]",0.321932494513936,0.0213833114400476,0.926403739698474,-1.54222602114598,-0.288680310449988,0.320741915290118,0.948479402273761,2.09734160158736,1876.94123873174,1.00309804017976
"eps[12,10]",-0.253098345324073,0.0148659189842355,0.94505581707399,-2.06081186009331,-0.895789524610513,-0.244367758170122,0.374217000472459,1.59198936764665,4041.39589469555,1.00013131149059
"eps[12,11]",-0.363694673658863,0.0179555792002805,0.934049018427132,-2.13745493654181,-1.00631079228067,-0.374496020377928,0.274426655866442,1.48073743382674,2706.07917409177,1.0016132380897
"eps[12,12]",-0.593245897547821,0.0190634096826176,0.930851283491702,-2.40810374570619,-1.19610867460397,-0.609342948263053,0.0222938657025127,1.26715698928991,2384.29199913132,1.00202916578324
"eps[12,13]",0.139708484312387,0.0186674737533071,0.979791577675307,-1.79811180300386,-0.533376307176997,0.140207319517251,0.824718992940861,2.0359097857526,2754.83952313711,1.00045470829138
"eps[12,14]",0.314014479436744,0.0235741575073809,1.01974960507038,-1.67243512141562,-0.386732048915045,0.327423216936417,1.02266454101116,2.28803906080145,1871.17639345383,0.999979626632435
"eps[12,15]",0.245448972754032,0.0144122697708059,0.960324990441106,-1.56803997433647,-0.414277159500178,0.23670746571073,0.890277463140294,2.14484690639885,4439.88473886203,0.999900461293654
"eps[12,16]",0.135179761457628,0.0135999543430129,0.945969817024693,-1.73175603588869,-0.492798837632849,0.131705042844974,0.76329329373956,2.03828771072783,4838.15367144129,0.999294395671805
"eps[12,17]",-0.0539832380469324,0.0140233432107006,0.966841686371251,-1.94393370391497,-0.715165896473417,-0.0457315743442875,0.606802491139664,1.82718882996065,4753.43552965682,0.99951811115329
"eps[12,18]",0.219261523102327,0.0149141102395877,1.00689351707706,-1.77058482829449,-0.43678098469863,0.204134680336915,0.875109516525304,2.13506006541486,4557.97975087108,0.9999633512879
"eps[13,1]",0.808489635206086,0.0286289024267667,0.871527049778676,-1.03396159964724,0.254104689360506,0.878436963902354,1.4066276594804,2.36918984705251,926.728128488651,1.00719548529812
"eps[13,2]",0.485557310117433,0.0200704537984221,0.885165819375414,-1.31244882446782,-0.117328914754086,0.50850615956728,1.0999449689295,2.14214100557484,1945.06843649827,1.00218450142716
"eps[13,3]",0.48421421810979,0.0163757144436447,0.822428996080301,-1.21194348603192,-0.04979656097091,0.510034993414435,1.04301415522459,2.02018672614108,2522.29752770428,1.00205847444276
"eps[13,4]",0.767965583330047,0.0264257121742404,0.946614475634362,-1.16090994862474,0.151971484349037,0.776427785767555,1.4120127115546,2.57790326925869,1283.19565989264,1.00138335496242
"eps[13,5]",1.00869552877426,0.0247401532543443,0.927178130154781,-0.954318165293845,0.4128931360918,1.04672296406811,1.64325515038456,2.74806088008685,1404.49949425458,1.00260727544775
"eps[13,6]",0.846903550513125,0.0245369598142471,0.924921464929211,-1.06806348455303,0.26022421095868,0.880701690618287,1.47755557969746,2.54809952064479,1420.91537464343,1.00355619302486
"eps[13,7]",0.43521194660511,0.0155406596415028,0.901988446032832,-1.34339941194432,-0.156545099506045,0.43448112486667,1.04318220956379,2.21610789973637,3368.7055419828,1.00063960594924
"eps[13,8]",0.152830177203032,0.0167776603028494,0.896289756489966,-1.58910446285786,-0.45218323916154,0.150854836874525,0.752676543630198,1.88956424870147,2853.86924972516,1.00106995843808
"eps[13,9]",0.135661526991926,0.0161261268258131,0.910846480809327,-1.6844670138875,-0.470440221886794,0.155295081627361,0.752080820328876,1.88766779813909,3190.29047571043,0.999765618281268
"eps[13,10]",-0.167923011348215,0.0155838583923957,0.933390177739184,-2.00860376687679,-0.797699557571992,-0.171726819507101,0.446231679188036,1.69977202536404,3587.37243219271,0.99929524025072
"eps[13,11]",0.315358562440297,0.0155096980581571,0.914582671748982,-1.46625492634884,-0.306766760311688,0.313388024397108,0.933817460273639,2.11515913365175,3477.27670607317,0.999772653666209
"eps[13,12]",-0.136303114240005,0.0143507481160265,0.927191213328993,-1.9184107494019,-0.757218639022283,-0.166597545217738,0.489766736224026,1.69031829760772,4174.3564516903,0.999757816721218
"eps[13,13]",-0.0786765717667898,0.0162112670034894,1.01288531719685,-1.99608569112862,-0.769839444871247,-0.0814730932248013,0.620827147455192,1.89084348465536,3903.79167622654,0.999824239747376
"eps[13,14]",0.116876239166176,0.0174248886237583,0.986128268248184,-1.81645882070214,-0.554649954952354,0.122312429282157,0.794556911656119,2.00234626068212,3202.77769364808,1.00012008342987
"eps[13,15]",0.609933589948172,0.0170681897454476,0.994099655516322,-1.37814534266677,-0.0354579407439592,0.614552971960102,1.26842543780247,2.58632344770789,3392.22712195649,1.0012988135658
"eps[13,16]",0.520972687830548,0.0149457248872509,0.983124693012044,-1.49475637339217,-0.135166829999205,0.538327493556167,1.18970722510321,2.41427886693517,4326.96359467579,1.00038594258059
"eps[13,17]",0.21076306861597,0.012623315109276,0.946053988561112,-1.63103159823628,-0.429042837777898,0.217918861757875,0.845110930474277,2.06529972943853,5616.74872298642,0.999263898326268
"eps[13,18]",0.132516100906193,0.0147865002185632,0.991327142826569,-1.79108393219554,-0.546937238359831,0.120708636299302,0.823533355513435,2.03926080663012,4494.72584155958,1.00063581539024
"eps[14,1]",-0.63213213671921,0.0145774745977653,0.798639388691031,-2.09853832781606,-1.17827566611276,-0.650574397908589,-0.123396681125528,0.981762298546476,3001.48975107376,1.0021526586845
"eps[14,2]",0.0301812748620154,0.0149173714242989,0.853888326482357,-1.66591750847082,-0.524621424733147,0.0467988963035453,0.604665458610878,1.68558824480072,3276.5556321444,1.00009237107027
"eps[14,3]",-1.20471177703713,0.0231533943267265,0.831200022074948,-2.73432469972251,-1.79032779540841,-1.24045720827643,-0.669811236023247,0.579283101923899,1288.78880667296,1.00509388925784
"eps[14,4]",-0.224446693808261,0.0190186263459147,0.892481845526701,-1.94275526990724,-0.832182792383011,-0.235083729709172,0.362710257274174,1.60732933018589,2202.11750498476,1.00075006225484
"eps[14,5]",0.0126589951880543,0.0142036211424514,0.832765116674021,-1.57511504944686,-0.546892342687587,0.0226572589427178,0.563851467697652,1.6794720207816,3437.53311365112,0.999903284178393
"eps[14,6]",-0.0705938837511337,0.0130722958877057,0.856878246214295,-1.73685272190348,-0.646109472256955,-0.0828231669297493,0.489140221911858,1.63587489279326,4296.69469839067,1.00001581636312
"eps[14,7]",0.226613806019598,0.0138329539100467,0.917291890354441,-1.51957509173346,-0.405048583705903,0.241475300643141,0.846197759930304,1.99633600303165,4397.29141736014,1.00084463264129
"eps[14,8]",-0.508821669028851,0.0186339350010476,0.90212817545179,-2.26531818575385,-1.10987876170368,-0.527762120556236,0.0666559373144573,1.2978469970679,2343.83665315433,1.00107246094229
"eps[14,9]",-0.455061724292412,0.0161521269295793,0.875588712439166,-2.11676879998497,-1.06185238991184,-0.45746633751089,0.13369479397525,1.24418809799151,2938.60268406977,1.00077713564615
"eps[14,10]",-0.12851736901967,0.0155086489392726,0.899736206651447,-1.9092308328522,-0.728798427220931,-0.123279021836125,0.480497797817858,1.61071484673941,3365.75472770644,0.99999932187561
"eps[14,11]",-0.0306675974520427,0.0131750902051945,0.883114566994944,-1.75382593544301,-0.629760916656499,-0.0244672827504542,0.560427932177362,1.72438358901189,4492.90155046696,1.00037231317911
"eps[14,12]",-0.134470365364043,0.0133644202276514,0.919680145235639,-1.92929032834558,-0.755254739321317,-0.137330566992459,0.501792431979742,1.63269926232402,4735.58215487726,1.00007478348338
"eps[14,13]",-0.342942426025421,0.0190730353834049,0.938805367914088,-2.19429675250584,-0.963621579376961,-0.356259124255055,0.272890311373121,1.52646778649318,2422.76616197756,1.00056428233213
"eps[14,14]",-0.103358476765266,0.0133263597051897,0.942027527414897,-1.98086892820896,-0.742031845561283,-0.108254870823107,0.540382784504141,1.72261124119069,4996.93987920425,1.00094091436483
"eps[14,15]",0.41933379963926,0.0143548987302551,0.929888124966639,-1.37105242053599,-0.223415504310502,0.430782301188551,1.050410805824,2.18358480805339,4196.24790311873,0.999985344722058
"eps[14,16]",0.111004782652231,0.0127980734502984,0.946093548838222,-1.74996629270648,-0.504251479745848,0.122147574388593,0.738501142340457,1.98237963872568,5464.85905717874,0.999728315159267
"eps[14,17]",0.106324680634477,0.0140832769699608,0.966940379428871,-1.80455902817072,-0.559291777927173,0.109177936708882,0.769583178299532,2.04076132832694,4714.02577262012,0.999661020236553
"eps[14,18]",0.0614777332704162,0.0151974054526172,0.986379071411378,-1.91063971760601,-0.573205154639302,0.047090373326825,0.730006315156025,2.05377304141949,4212.58616990581,0.999621222673625
"eps[15,1]",-0.744500288396564,0.0162084741976571,0.836477608478355,-2.35203853729816,-1.31018696027933,-0.767109461370378,-0.214734151285101,0.979350459168737,2663.32626392163,1.00221023073782
"eps[15,2]",-0.80576692583987,0.028404980591804,0.909297267587289,-2.53814824986903,-1.42848617288184,-0.815039994397523,-0.206676198998584,1.02575814080836,1024.76144719843,1.00384859159819
"eps[15,3]",-0.72608464280964,0.0201761468396184,0.814466732986041,-2.30539668061398,-1.27255233481785,-0.741040567008084,-0.199310306867849,0.906005342089994,1629.55956732638,1.00147256966266
"eps[15,4]",0.09824614781978,0.0162800961782378,0.876342590692377,-1.65886608396934,-0.484400014313826,0.094859800479533,0.696946182944007,1.76556522127134,2897.56979483365,0.999552795631667
"eps[15,5]",-0.208229718141643,0.0143966990696755,0.827278556926265,-1.78086521650919,-0.767761994028724,-0.20535403318009,0.323107249895719,1.43391894640794,3302.00465743292,1.00198592371384
"eps[15,6]",0.118806231296595,0.0144936724873362,0.858661202364525,-1.54774865975122,-0.465259704990303,0.113070157172708,0.717458611489586,1.75893310717771,3509.83575408613,0.999891067217979
"eps[15,7]",-0.00424118336349179,0.0151526010428004,0.901440870759365,-1.77641620394152,-0.605127075055872,0.00270080402490098,0.597394540084543,1.75884012485681,3539.15931002298,1.00019575341573
"eps[15,8]",0.0430150992472735,0.0171758320533063,0.923417859062321,-1.71697858758933,-0.594835169886734,0.0326111129181095,0.663784621636984,1.854474278208,2890.42010554869,1.00127034825182
"eps[15,9]",-0.871868176220468,0.0343504147815084,0.941789352506494,-2.68533366045336,-1.53386148342155,-0.879940791484247,-0.261149163458947,0.999487086337855,751.698322858931,1.00643796727397
"eps[15,10]",-0.147948930469037,0.0130416491773065,0.898208232621291,-1.92236313690885,-0.726451197705508,-0.145775616575567,0.439513627721479,1.61477079110286,4743.39220736384,1.00005978214329
"eps[15,11]",-0.070095017300879,0.014136361873356,0.889982641663978,-1.85710421156413,-0.667868074592392,-0.0658215298473901,0.542643018361898,1.6158184055182,3963.58124102897,1.00029083754733
"eps[15,12]",-0.0592193541572723,0.0147395834470494,0.894776659052622,-1.80242100804137,-0.670657480646993,-0.0703480082682987,0.556019735272371,1.7208752979922,3685.18142099282,0.999893823149224
"eps[15,13]",-0.0451054180366401,0.014706627860235,0.940571621314867,-1.92334745862375,-0.669015530275213,-0.0130251920488791,0.581817149064288,1.76083574096214,4090.3223594083,0.999918773249059
"eps[15,14]",-0.308113045107213,0.0172552344937328,0.951389951963073,-2.16719728903476,-0.948488812748486,-0.300616457822396,0.324389775257249,1.54120158181347,3040.0126407551,0.999800849186366
"eps[15,15]",0.0963991390696549,0.013861975126854,0.941835834515236,-1.71409461405596,-0.537085338896662,0.072799036299583,0.71536854521003,1.95120756962423,4616.36553522793,0.999386069700738
"eps[15,16]",0.0389718294881743,0.0138647359223711,0.95980324760762,-1.79067537933206,-0.622785929462914,0.0448547278514113,0.689344351520108,1.9217184311005,4792.26941968799,0.99958412668721
"eps[15,17]",0.0894623422241341,0.0140587358143718,0.987992234853365,-1.82190413942105,-0.579291084315008,0.0913214175822783,0.764628696836012,1.99104268265201,4938.72134232741,0.999602185613719
"eps[15,18]",-0.140920429126576,0.013009338544358,0.978935639845955,-2.03692893903218,-0.805134098913948,-0.138448101062056,0.504118464968324,1.8244277380123,5662.36484483805,0.999053788455603
"eps[16,1]",-0.0435927078060577,0.0139626934450783,0.790338740643285,-1.59841605683206,-0.569200250518517,-0.0433691691733958,0.49367478885366,1.51662253171884,3203.96774340247,0.999577399384476
"eps[16,2]",0.616266257847006,0.0240789359852427,0.885909743492799,-1.13107085188923,0.0248113143304085,0.636613986340222,1.21020942445217,2.29548707271245,1353.64371802826,1.00446014883443
"eps[16,3]",1.01516684608999,0.0167228508137599,0.818335730944964,-0.658509825568919,0.505569610286071,1.03975315532466,1.56706933072657,2.54407990313993,2394.65193679672,1.00055043825323
"eps[16,4]",0.499454478749151,0.0151694499464093,0.865739142175611,-1.24547820261101,-0.0720408414527075,0.493365752504934,1.09804127960373,2.18689904647335,3257.1251079376,1.00086530452601
"eps[16,5]",0.348019070906594,0.0132647398246983,0.842382576726623,-1.33476333159982,-0.196360549799017,0.338898735390657,0.90587424816309,2.0191613540726,4032.93552527821,0.999646472955457
"eps[16,6]",0.272606458272894,0.0160495745950665,0.856500869147364,-1.3683740785764,-0.328997995783686,0.266075250300415,0.845595689359915,1.95023563157519,2847.92511008817,1.00121066617314
"eps[16,7]",0.175610309446283,0.0142983486065234,0.892606732200021,-1.56579778510361,-0.413881281705598,0.153937790088079,0.759221265393759,1.97262295495137,3897.16284498415,1.00014329747918
"eps[16,8]",0.728006963347037,0.0231551401801289,0.939191490951778,-1.15499460184263,0.115361363669341,0.752840019010017,1.37580231988504,2.50129234623222,1645.18018224146,1.00101362045044
"eps[16,9]",0.319317428079798,0.0202256632094666,0.900207175755336,-1.44156080018183,-0.290510828911267,0.334513212154846,0.92735016272468,2.07985823442584,1980.97684142429,1.00188398687383
"eps[16,10]",-0.137620119867684,0.0152759014434015,0.951723075264613,-2.08701736343509,-0.779977569476669,-0.123063186910471,0.507040416343594,1.73492628766683,3881.57071855545,0.999688485055239
"eps[16,11]",-0.0601947805793959,0.0150000679236861,0.901228000297758,-1.81993031126716,-0.677873180461613,-0.0588836092693059,0.551913743012342,1.74212389197218,3609.79801235745,1.00029485656238
"eps[16,12]",-0.0253388956157506,0.0136558946010975,0.886731659526925,-1.74671027348308,-0.623598470502324,-0.0432179225982594,0.56913631232138,1.70951832176543,4216.42244923169,1.00055597946607
"eps[16,13]",0.0581374227914487,0.0148746818868563,0.967305753090679,-1.8207350744649,-0.614111535832502,0.0634016711912923,0.727610989221082,1.92394275625521,4228.94627990854,0.999407336327927
"eps[16,14]",0.333154442702248,0.0191427723676284,0.973751494557629,-1.56484867138574,-0.322997573306406,0.327607257616318,0.978289317298069,2.26031638955047,2587.53721325414,1.00033096545405
"eps[16,15]",0.162824524101625,0.0127439000211779,0.930440689572687,-1.65070566784146,-0.489711349492142,0.16943549598633,0.80323455464161,1.99444908576382,5330.55805545952,1.00092946715405
"eps[16,16]",0.018189904660796,0.013081223578988,0.924290464286,-1.70289006335675,-0.636773233672022,-0.00265904752138333,0.642044180025789,1.87510965718736,4992.52453757074,0.999239566818488
"eps[16,17]",0.100638506515892,0.0139773779576316,0.964817055038905,-1.77148900163345,-0.556692316702693,0.103479667564989,0.73865974882546,1.98136814416817,4764.73252438171,0.999662465562037
"eps[16,18]",0.112244580147249,0.0175230643434132,0.971059059477748,-1.75374094319407,-0.573612920910639,0.118299068649207,0.790068690315834,2.00628891455673,3070.93891176129,1.0006924882767
"eps[17,1]",0.419022977654012,0.0233011411610592,0.807174703569056,-1.33022460008178,-0.0680870734166258,0.446692709586687,0.982243417248,1.86237744322482,1199.99850222387,1.00187981671739
"eps[17,2]",0.0208171500778031,0.0152922909000046,0.864339208903184,-1.6959735375965,-0.547954404726439,0.0180093271037849,0.590625750358926,1.70585162078609,3194.65031089208,0.999724239366875
"eps[17,3]",0.992735973674033,0.0131614557176345,0.794189760293954,-0.589947807537101,0.485100704204668,1.00957791055326,1.53955991016265,2.5505366294742,3641.16796173027,1.00075453037256
"eps[17,4]",0.821602300962107,0.0164148234724938,0.898184391070661,-0.974867084654895,0.215849979226001,0.857072402290581,1.42033853432447,2.52070469463385,2994.04672558249,0.999686025747405
"eps[17,5]",0.735656505492489,0.0190530794737407,0.869475776751026,-1.00169256093471,0.156988780298245,0.756849229241136,1.31867661445376,2.4015406178914,2082.49811278426,1.00455539214233
"eps[17,6]",0.237595340071938,0.0147864498708699,0.861201821281144,-1.42468952077027,-0.337339424621496,0.217850371549501,0.798967019577628,1.96602239571107,3392.20467753267,0.999413679313462
"eps[17,7]",0.132187033876659,0.0143205350415055,0.892406650686519,-1.58024544419774,-0.472871025954424,0.151603882437834,0.714521594047641,1.87988681450305,3883.35512576199,0.999971475773006
"eps[17,8]",-0.207519583239543,0.0178074125133496,0.908818773950687,-2.01833519819351,-0.815104717800951,-0.22555678190487,0.394351383193528,1.6111296286758,2604.67139824784,1.00106074135271
"eps[17,9]",0.175813032902395,0.0146617267360845,0.892008969362719,-1.58390960905244,-0.408770108471585,0.167160535938037,0.792930806284869,1.85237084121179,3701.41858166706,1.00162369137146
"eps[17,10]",-0.00293540426670876,0.0128280668345414,0.893094624191154,-1.72787003464393,-0.615080844930589,0.00245944513057347,0.598264999757269,1.72986056280236,4846.99445126885,0.999979536883629
"eps[17,11]",0.136795600346419,0.0132318364781622,0.913297875871133,-1.66970230058596,-0.458085173463924,0.144774106936835,0.740681067680034,1.91482223224044,4764.14142180129,0.999389862372405
"eps[17,12]",0.169926086950218,0.0128678984067003,0.913095261075454,-1.65325495704881,-0.445720670725866,0.170486510173149,0.78453590434197,1.94264171001695,5035.20237875892,1.00071146296079
"eps[17,13]",0.46267436625391,0.0275140626160683,1.00715803997282,-1.49977896661996,-0.225472417117911,0.461024482893569,1.11703802688846,2.44142109788178,1339.94139903364,1.00299084271239
"eps[17,14]",0.0517922116233157,0.0137629566381696,0.93834910291049,-1.73225296786043,-0.59285436730131,0.0436072507011588,0.696912285859772,1.8847712650595,4648.42044975351,1.00005278781415
"eps[17,15]",0.266348074141637,0.0147955300078082,0.929847229180898,-1.51611420679381,-0.369746303964215,0.251307540969956,0.900459874109288,2.10472249336573,3949.68215910538,1.00081876813087
"eps[17,16]",0.235722740799928,0.0142315023886917,0.950702064361643,-1.66710072786796,-0.395115543685258,0.231073712493945,0.889174047545474,2.09666301264937,4462.5939654944,0.99927860017922
"eps[17,17]",0.0277044823283441,0.0145811906594926,0.957102714834496,-1.87202565455129,-0.614415962348694,0.0420006415867601,0.660639093264085,1.87086068870047,4308.54981727276,0.999590133512324
"eps[17,18]",0.172837575980017,0.0124792575220045,0.965790600220556,-1.76170457540897,-0.458210607872159,0.178582301367258,0.818849794942144,2.06176114346537,5989.47083633849,1.00032245501846
"eps[18,1]",-0.172136894249576,0.0132980435394093,0.778218863421429,-1.76650071044103,-0.673658998748875,-0.134299343245957,0.347143599546553,1.31146399776459,3424.74315253108,1.00090304859631
"eps[18,2]",0.23926700597852,0.0155502063165773,0.826018036780621,-1.38418860390604,-0.32241840115451,0.248645366425007,0.806134184491657,1.83769908887414,2821.67343949217,1.00042271162905
"eps[18,3]",0.368752796455953,0.0129348205836633,0.757776644598251,-1.02397231703373,-0.152114986939549,0.343645735809208,0.846030880325804,1.8945819374821,3432.11327754138,1.00152380234513
"eps[18,4]",0.171059438106822,0.0140695942854226,0.838844677106547,-1.43555069326438,-0.399947573993023,0.150274460291362,0.729733230750384,1.92511544078302,3554.67547415225,1.00004713910919
"eps[18,5]",-0.0673155130957805,0.0118910568591909,0.819209947111091,-1.63724391316413,-0.629688130847349,-0.0738634346849013,0.473818852042301,1.55935544606203,4746.23811316862,1.00014127010562
"eps[18,6]",0.0321212223566814,0.0153076379849927,0.844984297784436,-1.66736654126234,-0.52424163501477,0.0413524583320854,0.585033535330642,1.71953706358172,3047.05933572554,1.00002685408951
"eps[18,7]",0.0611885937284607,0.0133662224783826,0.864288941238493,-1.63706030843307,-0.547417799300627,0.0600197588172636,0.637191462173627,1.76212882669444,4181.19614283764,0.999889253742575
"eps[18,8]",-0.0453696520671189,0.0140764717144254,0.953302689257812,-1.92670874919694,-0.689273282548063,-0.0429116922438551,0.594023307130408,1.8230438957,4586.42200407412,1.00010161731006
"eps[18,9]",-0.31199225759502,0.0148646064048846,0.870801666590473,-2.01008875761744,-0.899241102516012,-0.331143626923213,0.272502199077458,1.40890383255311,3431.8766890319,1.00081713428694
"eps[18,10]",-0.0331040858366445,0.0142951538321416,0.889289212969922,-1.76526835307353,-0.63077515276154,-0.0192375847744062,0.552307923251854,1.69868196668741,3869.97698556418,1.00097868348942
"eps[18,11]",0.0353179394804984,0.015286054817127,0.902468429053074,-1.7566914492233,-0.574059905632745,0.0440338168603649,0.629042120237581,1.8031460835786,3485.56519729766,0.999600749625268
"eps[18,12]",0.097728970719272,0.0136701128549387,0.924960982113934,-1.69317685999881,-0.536633989224266,0.109272022884347,0.712192193887386,1.91797811564296,4578.28291542048,1.00017240659628
"eps[18,13]",-0.0299206130515143,0.0149171121738469,0.977997912836416,-1.92885595995012,-0.704981240951191,-0.0303111565765575,0.640623684450254,1.90661368225245,4298.39522191183,0.999495986006502
"eps[18,14]",-0.131126280088236,0.0133357357946081,0.936547331702884,-2.02395486480214,-0.747412148693816,-0.131657033416159,0.483101353191922,1.71996351428256,4932.0275770092,0.999847201192261
"eps[18,15]",0.216051094380305,0.0146704905158842,0.931875471228818,-1.62620095941881,-0.410984791326279,0.205956366005421,0.84003993077904,2.01675877741503,4034.84160985771,0.999879158782791
"eps[18,16]",0.127253742293212,0.0151052623340212,0.967000329820108,-1.79798942987299,-0.535661518406876,0.127460255341963,0.782262420886093,2.00683317170128,4098.23351133515,1.00046948145763
"eps[18,17]",-0.2107058193197,0.0146432203566619,0.983777092858483,-2.10057086479853,-0.874807383581811,-0.212394725895913,0.456860012717139,1.76764348096065,4513.57035077908,0.999883850801115
"eps[18,18]",0.133564159157617,0.0133424618645185,0.984607970277484,-1.81879829159319,-0.525972151656113,0.156117570503132,0.787226134262605,2.01520094612678,5445.71305333516,1.00014621604969
"eps[19,1]",-1.23963375265386,0.022969138851669,0.843560804449313,-2.80873406465365,-1.80474105324484,-1.26738016932996,-0.707910126002472,0.578413825005915,1348.78695929595,1.00427563198077
"eps[19,2]",-0.825249076341583,0.0183603991259872,0.889996096472427,-2.56616904188063,-1.41619461572558,-0.821776546824384,-0.250698474273986,0.992440853245902,2349.69757125264,1.00094885818638
"eps[19,3]",0.0995717392781339,0.0147452352299601,0.785872380236994,-1.42368334464081,-0.400328781955659,0.0791119882249471,0.61174342148514,1.68466305305052,2840.53824358689,1.00081772939375
"eps[19,4]",-0.222406949585091,0.0166887894683046,0.89349896714359,-1.97886292362666,-0.809431969690872,-0.229321369732198,0.360067414419296,1.56373719810772,2866.41084047292,0.999603219321014
"eps[19,5]",-0.969630354613088,0.0180205700862472,0.897929977556281,-2.71423029565239,-1.57062195022936,-1.00371068114918,-0.394298862338777,0.84066144299904,2482.83517661139,1.00296333370161
"eps[19,6]",-0.524274032972613,0.0176085722850561,0.906770096020465,-2.26521595555148,-1.14310607389538,-0.538440647376812,0.0951647235946637,1.23574171428337,2651.83250410502,0.999630975570132
"eps[19,7]",-0.565011395915207,0.0146283827369147,0.890393706426995,-2.23786315941862,-1.19863759780206,-0.576307913316114,0.0546740099042645,1.14432085457303,3704.85771735319,1.00022394181456
"eps[19,8]",-0.0556533110266722,0.0173234207119479,0.97797220813177,-1.96176678966871,-0.69378805331796,-0.0560185289373962,0.601629029528007,1.86799071214342,3187.02684138248,0.999757392119184
"eps[19,9]",-0.635221156817763,0.0191700400660528,0.920138930413054,-2.3701314121306,-1.26454550623676,-0.649589985313164,-0.0392047970030172,1.23192944752796,2303.8848579798,1.00152698205141
"eps[19,10]",-0.43822710527043,0.0182543611845399,0.922961102216188,-2.25459787033314,-1.04605927827546,-0.436097321149075,0.184868074266708,1.40727984933656,2556.42771895631,1.00395661308328
"eps[19,11]",-0.24604549689624,0.0134366173566786,0.915552242005431,-2.02426382475605,-0.853075850446447,-0.256675816887789,0.374978128566091,1.53555391426184,4642.86826821964,1.00036319384333
"eps[19,12]",-0.241532110085946,0.0146157505802496,0.915851934495916,-2.01604336961167,-0.862476229295072,-0.245418836408682,0.366598854648885,1.57449658063385,3926.52428587636,1.00004525680644
"eps[19,13]",-0.0320497428978601,0.0131127527205319,0.98401462619829,-1.97503968586248,-0.706630332705796,-0.0218891789251496,0.620591493187751,1.84735661626324,5631.38688041538,0.999186518370874
"eps[19,14]",-0.172637482211236,0.0124049198751263,0.923909126086392,-2.01810578202502,-0.780341525271813,-0.169120892862185,0.437030626024675,1.64127660478227,5547.15865026494,0.999729648673168
"eps[19,15]",-0.0912194902611269,0.012454052231437,0.929022901856355,-1.93917097820553,-0.693992177436469,-0.108783667679174,0.521204119381406,1.74595005320999,5564.56826651465,1.00002362936724
"eps[19,16]",0.0171138506794233,0.0136611609700161,0.959587989180388,-1.84146120206167,-0.653497821933709,0.0212282657476177,0.68161395525944,1.88952469136262,4933.94597143098,0.999614628523752
"eps[19,17]",0.0286014253835531,0.0140100907213992,0.949000675480409,-1.85138446858693,-0.611396166744983,0.0289792649661024,0.679361639329134,1.83932442401315,4588.29304917386,1.00001067418158
"eps[19,18]",0.0779369635591048,0.0132117533964745,0.959822300726822,-1.83496039144294,-0.555357107656454,0.0820004889619579,0.723958624569949,1.92472478437375,5277.89510764914,0.999530738780715
"eps[20,1]",-0.363151230084121,0.0141999350524814,0.805773814715646,-1.96554963300716,-0.901088697695682,-0.358818335548362,0.170344037876141,1.21446357448501,3219.9830378755,1.00012437382299
"eps[20,2]",-0.637832859488861,0.0158970051974064,0.83871963294918,-2.24469273496062,-1.19298313457899,-0.643553055371375,-0.0929070733322254,1.11521333987406,2783.57537580543,1.00002164750496
"eps[20,3]",0.481639364960903,0.0126665613170143,0.773473539899118,-1.02747095362966,-0.0378612935275739,0.481514396107003,0.994163161320101,1.99342975983033,3728.83754680108,1.00016424300544
"eps[20,4]",-0.387848370494317,0.0182326530975317,0.870033714269742,-2.00288476538547,-1.00360775135435,-0.410068709582887,0.191953723087882,1.41719956005026,2277.04926161256,1.00023180125537
"eps[20,5]",-0.551602580336866,0.0138543500547042,0.859814849497277,-2.16839320106198,-1.12046345225865,-0.554389734288875,-0.00593874212703392,1.18192052197197,3851.56799651165,0.999759431868272
"eps[20,6]",-0.59784310711859,0.0151320718479392,0.892322936945993,-2.28999484449494,-1.20032760165555,-0.617657657956825,-0.00717180287448186,1.16317295291513,3477.34134099607,0.999918091148109
"eps[20,7]",-0.348728166624401,0.014488066814165,0.903162084259613,-2.16229593133698,-0.930056375439472,-0.340845705488404,0.239359527317155,1.43952456804169,3886.06905782236,0.999740684664285
"eps[20,8]",-0.0339234261275168,0.016951263415435,0.995354541024974,-1.96157752243353,-0.70550642715619,-0.0348918872236115,0.639004163552756,1.90413216997071,3447.87457510727,1.00040437241639
"eps[20,9]",0.0107395149345252,0.0142013108462334,0.893727597238874,-1.80151948003706,-0.56309374560873,-0.00088560610124913,0.596379313318857,1.79067080008573,3960.53148415003,0.999415035224577
"eps[20,10]",0.0995275222445397,0.0163214567662682,0.952747102715496,-1.7563008426364,-0.534415880048305,0.0935293907665917,0.761370800491273,1.96748324785037,3407.5123270105,1.00119137211739
"eps[20,11]",-0.60268677679385,0.0188383666764427,0.951719283819989,-2.41945571629378,-1.25071399046249,-0.612120155476733,0.0362835597605164,1.33330038786602,2552.29721406753,1.0012663116062
"eps[20,12]",-0.270441883859104,0.0134342211285212,0.902494584851906,-2.05385761084585,-0.862825107213574,-0.273954929108602,0.329555498244041,1.5079253666886,4512.98847416376,0.999489374946604
"eps[20,13]",0.0172471606052724,0.014137632454252,1.01534659515125,-1.9518453421532,-0.646270381745627,0.019307508865329,0.687097148822075,1.97534161957722,5157.92781556012,0.999960701976345
"eps[20,14]",0.172587214070554,0.01425046235822,0.938572810182505,-1.6997422175693,-0.435044067193267,0.179494899777463,0.774802819616707,2.09952047303995,4337.88492640981,0.999486454379116
"eps[20,15]",-0.23403290998922,0.0148646226842278,0.962945521951136,-2.12181651267322,-0.86828559078522,-0.251858572844449,0.419517195945112,1.6916771547565,4196.58144609495,1.00042656643549
"eps[20,16]",-0.178458789488205,0.014551622206728,0.962457242737558,-2.03391010043233,-0.823430163079897,-0.19319408387666,0.468009670189383,1.78111015880651,4374.61732127252,1.00029081346579
"eps[20,17]",0.116350252895689,0.014525081693095,0.999374224516576,-1.83005297621114,-0.557861982778505,0.102368561500643,0.794553840825801,2.10073896898221,4733.90045024288,1.00024955181745
"eps[20,18]",0.269850530590531,0.0139149387057221,1.00282067558936,-1.63337047383506,-0.417912853447566,0.255584152045282,0.948006129150184,2.23354459113154,5193.78494956457,1.00000075903024
"eps[21,1]",-0.194113504240059,0.0120432800886756,0.783409241908065,-1.68735594958722,-0.732694710834332,-0.20207768389558,0.334581860883333,1.38548394647332,4231.43630279301,1.00058961111625
"eps[21,2]",-0.463407901283804,0.0158739995227553,0.852238333347513,-2.14486597414573,-1.03849277622846,-0.471799064801268,0.126831383422734,1.18165779704051,2882.36784046979,1.00187896531906
"eps[21,3]",0.702389192545741,0.0127692824202139,0.773666737943263,-0.855699847454567,0.196907662693784,0.710855148019186,1.21233143242093,2.244256530354,3670.91954829455,0.999440594942074
"eps[21,4]",0.198625388343105,0.0160589748512894,0.863947775289027,-1.55859887177847,-0.370708678320498,0.215555009177009,0.776471890209097,1.88781858165836,2894.2720143773,1.0000374112007
"eps[21,5]",0.0810279270827895,0.0163272049885477,0.887058803219912,-1.67295733870962,-0.499923206480176,0.0928542589272279,0.666213152092502,1.81542774078178,2951.76058773372,1.0007170827356
"eps[21,6]",-0.279913639651249,0.0141394425004597,0.876756114169135,-2.02566461929778,-0.850491859955871,-0.290396156983517,0.306350400121479,1.44176142819937,3844.97069455177,0.999682106729982
"eps[21,7]",0.182163646322812,0.0161473288917173,0.917423494379742,-1.63212533350577,-0.433564994191373,0.177144495098136,0.815196020677685,1.91894797913103,3228.03573155582,1.00050858038131
"eps[21,8]",0.0866598389011843,0.0220379615564613,1.00098867864505,-1.88908740058971,-0.5985130561324,0.0910485880789253,0.764185517241563,2.0368290024274,2063.07724440411,1.00039812084017
"eps[21,9]",0.556866872286428,0.0176270962355598,0.88178831975552,-1.18752741219953,-0.0360384633485634,0.545929476690814,1.17860888941365,2.26394448996821,2502.45993205878,1.00187634879358
"eps[21,10]",-0.158037547138682,0.0180915326984123,0.995371353845162,-2.04416904981127,-0.858179284566665,-0.160450607337996,0.527362578225379,1.83159226725255,3027.04970898398,1.00026320641685
"eps[21,11]",0.379053502315094,0.0250925168191954,0.963593470248959,-1.50890460675007,-0.276689168858779,0.38005418755242,1.02937495544652,2.25670023472471,1474.68495277921,1.00193503017301
"eps[21,12]",0.108425942651714,0.0143222614225447,0.909292596863168,-1.71049364594015,-0.501058110628761,0.11741633437357,0.714831309975188,1.87799313558827,4030.73380097816,0.999534176005724
"eps[21,13]",0.0231741326930528,0.0139558675540517,0.959891699067631,-1.86248973863849,-0.61633483191419,0.0319140752982913,0.668216238243775,1.89898128121091,4730.7586663309,0.999453994905988
"eps[21,14]",0.281411493139911,0.0159464786950978,0.969249233103563,-1.60963233502776,-0.396720005279048,0.285559590197259,0.946875081272845,2.12949203255243,3694.37807479063,0.999784172349717
"eps[21,15]",-0.0691815455798269,0.0142583436432635,0.96093931791465,-1.94089285382497,-0.719465558174083,-0.060944918558399,0.569485858637113,1.82842379067763,4542.06946336392,1.00064145359566
"eps[21,16]",0.166347434486913,0.0151326897923151,0.985807980430538,-1.78423539897917,-0.504801593369776,0.154021441642777,0.840322932185812,2.08142339293728,4243.77549000738,1.00086533455075
"eps[21,17]",0.0216771102613368,0.0150517417389579,0.976119433760421,-1.9198783254773,-0.646068308771033,0.0177771111717668,0.705908999870811,1.90182364413111,4205.64298286456,0.999850605069363
"eps[21,18]",0.317886949085487,0.0141725274815839,0.997442647612948,-1.70727427173648,-0.36203022615593,0.332497739426355,0.982596522329165,2.24356103279579,4953.14738759413,1.00031741466679
"eps[22,1]",0.464519614405691,0.012767320830702,0.792133020803198,-1.11624384573572,-0.0540144479956644,0.481875774238272,0.967185249119264,2.0540050486753,3849.43234719855,1.00010714244173
"eps[22,2]",0.163978774076929,0.0156323969117272,0.890002066672483,-1.59374891087713,-0.425512509689771,0.17614135148491,0.753883973376351,1.87268073382835,3241.38698102037,1.00039733474798
"eps[22,3]",0.297757629005069,0.0126593923846608,0.766389146013137,-1.19193664781544,-0.202012056139149,0.296883154478214,0.804541062797109,1.81413553537955,3664.99147099842,0.999409800181453
"eps[22,4]",-0.211958764349172,0.0145394863030442,0.853353040720328,-1.84862520624606,-0.787638731688664,-0.229039212630876,0.349804397879225,1.54989278300398,3444.76305996159,1.00137219677707
"eps[22,5]",-0.102189281629187,0.0148768256986307,0.856071023149695,-1.76480867302128,-0.684370266614107,-0.110397153421259,0.487126353669763,1.57956349990993,3311.30393032641,1.00249833847776
"eps[22,6]",0.12162982404456,0.0129681798777688,0.87436295613416,-1.58201911948457,-0.481690041714879,0.114821048836116,0.722302618844722,1.83068127755604,4545.95830090989,0.999995219717295
"eps[22,7]",0.204114799637678,0.013022688124058,0.896983161194525,-1.54829572727893,-0.389143021451545,0.224777084950649,0.805242968999894,1.95766949986148,4744.24709837713,1.00002651701466
"eps[22,8]",0.0154936004811426,0.017340637992814,1.01321133022835,-1.94358857583634,-0.668500337584228,0.00431883523818193,0.712207546464673,2.02130662395953,3414.05042654205,0.999639729417262
"eps[22,9]",0.615175878683933,0.0179519751191419,0.908076258718388,-1.21957381758003,0.0120084848837729,0.646825591486424,1.23215290545345,2.36528482070692,2558.70470329042,1.00152860770973
"eps[22,10]",0.688740618494251,0.0169540359381821,0.940153534480877,-1.15592569729468,0.0647241810659384,0.690998562901711,1.3287980048114,2.53991698305514,3075.0442337612,1.00054366653647
"eps[22,11]",0.00814309093497948,0.0124479715955114,0.864907351041319,-1.64565878614011,-0.59181447321066,0.00374290202038448,0.583095027459207,1.77168994106292,4827.71917192465,0.999652998015182
"eps[22,12]",-0.149499264489042,0.013153446631423,0.914410906671895,-1.93415509770235,-0.756847757734229,-0.15175789769608,0.451798851600986,1.64725974025034,4832.85383912711,0.999366209095957
"eps[22,13]",0.0334983915446495,0.0148302837121748,0.970358215124552,-1.85710066812319,-0.631112272870693,0.0303321252368669,0.678978519674865,1.95981165178423,4281.1974208648,0.999884323472546
"eps[22,14]",0.265813196986861,0.0139484218977993,0.932645847330097,-1.54313659623933,-0.369102113285241,0.251875422343049,0.896872823783633,2.12509720001561,4470.7807435319,1.0004809110588
"eps[22,15]",-0.00129637363632698,0.0142658121306623,0.938597678690108,-1.84340261021518,-0.641796351527296,-0.000872798362992664,0.642468341653702,1.86894383896715,4328.78434958709,1.00050216489257
"eps[22,16]",0.205695753134853,0.0132836057188466,0.982330782861064,-1.71008864449179,-0.441391276565066,0.208494215220138,0.844405896622527,2.17046682266804,5468.69313080969,0.999506997496591
"eps[22,17]",0.00674109762384602,0.013844217857567,0.988194942490333,-1.86626160986826,-0.671063154572417,-0.00742424946404992,0.657674080123688,1.95392479032856,5095.04945653311,0.999622256486774
"eps[22,18]",0.120182538339314,0.0145923998837696,0.984765385009084,-1.81235617605443,-0.53971348796324,0.104501172219042,0.80301477037544,2.02287034565274,4554.20005623268,0.999383216271475
"eps[23,1]",1.2925296214254,0.042465205912152,0.946311897236017,-0.730372486485449,0.724536884738741,1.35850891463163,1.93482646920623,2.96108560909286,496.59475897604,1.01366262396816
"eps[23,2]",0.237950340025935,0.017163366547522,0.914161373568627,-1.56365590207613,-0.383264703551061,0.240112865666177,0.842023612782749,2.00776460526218,2836.87877990194,1.00026928387963
"eps[23,3]",-0.0366924948253078,0.0143804262156562,0.822728316685567,-1.62130740186194,-0.586637855759858,-0.0405116112640284,0.489152200586716,1.61961687199731,3273.17611972796,1.00067100172522
"eps[23,4]",0.0668266679858659,0.0181462417810966,0.927423468273715,-1.78696396215748,-0.533293951855989,0.0953011628741009,0.691710538099321,1.81298340536832,2612.05776251474,1.00021977614784
"eps[23,5]",0.788500957114486,0.0197726612459951,0.916573160973581,-1.07869049168101,0.18346583031506,0.799661423073229,1.40298931525766,2.47853590487147,2148.83970697886,1.00029614373322
"eps[23,6]",1.01641293434607,0.0273642536028697,0.979533524220498,-0.933225249057801,0.384023239854783,1.02675639296014,1.67676693427173,2.87771646003005,1281.36068580381,1.00163955521662
"eps[23,7]",0.211825190852259,0.0129985137155034,0.893946177660991,-1.58921232457216,-0.391879486016776,0.224319493281228,0.82386212440612,1.9519195981769,4729.71911550062,0.99939434083897
"eps[23,8]",0.0155767916216449,0.0141455619338901,0.968719210979806,-1.88660895648168,-0.624166935413405,0.0247743516523797,0.66540263355645,1.91154019454775,4689.81180892789,0.999399790059158
"eps[23,9]",0.0885859333792581,0.0134368685084927,0.896626249976692,-1.63010979378655,-0.516544337310854,0.0914258596096817,0.703687862976135,1.87627793465335,4452.73412651097,0.999661388969688
"eps[23,10]",0.679589364453929,0.0164046729461961,0.945024679125041,-1.15319535157869,0.0584686855427462,0.674077526302985,1.32152293089489,2.55091172525602,3318.57125791102,1.0000136151036
"eps[23,11]",0.0945379579239231,0.012745522268032,0.892441113674367,-1.67670496118992,-0.508841491386986,0.120626592199064,0.715427209142944,1.78810815226903,4902.79649361914,0.999911128772484
"eps[23,12]",-0.111950419080905,0.0141236990398888,0.943242254362668,-1.92374421339896,-0.73507884001979,-0.139064989606848,0.520016358695728,1.74597399927395,4460.15124326277,1.00030944593321
"eps[23,13]",-0.00665836878303793,0.0141043251461887,0.986461585149253,-1.9792280706763,-0.673281608417506,0.00899462414453888,0.655173113702256,1.95804028241625,4891.65402504115,0.999271628290193
"eps[23,14]",0.100456496788825,0.0153548985832398,0.966270438220219,-1.78735267304557,-0.55642417748761,0.101113335590725,0.755311138410933,1.99592170266546,3960.07564139576,0.999370517756905
"eps[23,15]",-0.00381796342118457,0.0145432739293343,0.938094434312897,-1.8531230396146,-0.628199483530506,-0.0158405776113887,0.641131220205875,1.81847071408458,4160.72248593826,1.00014079358702
"eps[23,16]",0.273314076869964,0.0134407827864094,0.975390943132664,-1.69254242516025,-0.374038330967552,0.251923320029599,0.928188063066277,2.21538451808099,5266.33294267421,0.999531263089007
"eps[23,17]",-0.0106096407152696,0.0136349909754061,0.973053866688962,-1.88829243655003,-0.681196190712454,-0.0226222032791015,0.653552950497135,1.93298702014463,5092.8871834745,1.00101418337937
"eps[23,18]",-0.130694342518169,0.0129122690400499,0.964681328057326,-2.02320842269702,-0.782204505820015,-0.136903018893831,0.502006472812124,1.79592937936621,5581.650153698,1.00046165518356
"eps[24,1]",-0.256740821147712,0.0182957132580467,0.989887723518812,-2.23020010943812,-0.930885436384038,-0.26527752785152,0.421798920393534,1.69155817614488,2927.34012868023,1.0017855640631
"eps[24,2]",-0.431970507554753,0.0154442787180561,0.901322878410354,-2.16705464530375,-1.03728934951314,-0.435477043911785,0.178653044352783,1.35590547879002,3405.85009275965,1.00118789308586
"eps[24,3]",-0.0873662138426226,0.012724616239302,0.822286320086916,-1.762802073304,-0.644133176500852,-0.0892601358915791,0.451801547518416,1.55188607735499,4175.96397738301,1.00128885575904
"eps[24,4]",-0.847507288763526,0.0286587199264775,0.988559836636316,-2.68790649754879,-1.53330962156664,-0.887490312548685,-0.184532466950289,1.1876168467679,1189.85036262711,1.00193316367785
"eps[24,5]",-0.134569264312193,0.0153621440170081,1.02722646468819,-2.1482111415768,-0.7892028480362,-0.134230310355822,0.546736126472584,1.89536012574378,4471.24775371509,0.999680328622269
"eps[24,6]",-0.0657689883599661,0.014761906411556,0.995485223856614,-2.03225886383551,-0.749733778131348,-0.0642192154434807,0.617284435733804,1.87324874040793,4547.62600164751,0.999393081585744
"eps[24,7]",0.288877347862371,0.0145286222307144,0.94855649786242,-1.60693464246349,-0.341107346276323,0.289359487714907,0.911256055011207,2.15859369311138,4262.62908401803,0.999925134754141
"eps[24,8]",-0.0998473108061129,0.0154389902838951,0.999084355847189,-2.03211689630556,-0.767856281103528,-0.102636128510962,0.541365911564011,1.92522143175564,4187.61290462118,1.0001245513134
"eps[24,9]",-0.440333628807746,0.0208119657256571,0.928740273575472,-2.22641359518391,-1.07947918582738,-0.469508470283888,0.187720757101259,1.38193099939542,1991.41765515839,1.00271681200347
"eps[24,10]",0.281075384086553,0.0138985034611549,0.940334897144154,-1.55750848912456,-0.368898979643082,0.275513372972832,0.92908732436292,2.11000873606259,4577.50711730117,0.999782764998716
"eps[24,11]",-0.401730430775721,0.0176944674061479,0.938500848512958,-2.23738049771057,-1.03302654090661,-0.415040777638596,0.232238949413405,1.47918420805903,2813.15945156687,1.00254341031795
"eps[24,12]",-0.317163181063521,0.0126257026380573,0.950537926863498,-2.17154557448398,-0.973082733938312,-0.323471217263938,0.319087228398879,1.55198214078005,5667.97318620561,0.999976421805001
"eps[24,13]",-0.0219108269513695,0.0137979933269803,1.00864591763344,-2.01839322216716,-0.694341796398239,-0.014577686836446,0.660120305135224,1.95665352120593,5343.74356475175,1.00007087456455
"eps[24,14]",-0.0618928208820739,0.013732836625743,0.957040807835201,-1.93264935584452,-0.7030079968067,-0.0676575101733506,0.592271475987121,1.82479140672404,4856.69024772973,0.999758531407094
"eps[24,15]",0.0268154948467162,0.0141413998477322,0.988661881647203,-1.90136246282543,-0.649582092657069,0.0307506396448246,0.693601914314286,1.97056794429549,4887.77016206581,0.999255743136302
"eps[24,16]",-0.0156222551015896,0.0136980106184318,1.00734546850216,-1.9307938356865,-0.700568591443936,-0.017714420118729,0.665490628956418,1.97668764852823,5408.06468114261,0.999987048403348
"eps[24,17]",0.004001149518115,0.01361465162842,0.995958141029852,-1.91219937961319,-0.688417417470673,0.0181096724204878,0.688063963089602,1.86051030298552,5351.42084064548,0.999176229762257
"eps[24,18]",-0.0475215022489801,0.0149573777928897,1.00558643486917,-1.95147178467542,-0.733510594265844,-0.0532778025308709,0.63373938892138,1.94581410368172,4519.89021255783,0.999683441963025
"eps_slope[1]",-0.0277731565765529,0.0143094430379868,0.943541642075977,-1.83950027862914,-0.676109565359254,-0.0259422808315597,0.589933654705169,1.8450934053052,4347.87133435483,0.999819416453399
"eps_slope[2]",-0.14263665217288,0.0177606145955016,0.957469829083825,-1.99603146999731,-0.782332984119517,-0.171479366998016,0.476969124025355,1.78580499109626,2906.25833064655,1.00042342411231
"eps_slope[3]",0.245255159269529,0.0154003276453779,0.992264682517732,-1.75770221320065,-0.405729916980745,0.231674002140317,0.905218733871734,2.16513334798227,4151.40540526033,1.00030672769477
"eps_slope[4]",-0.0308530415350099,0.0138480992613085,0.963515451479497,-1.89930994151379,-0.697006042223007,-0.0216427953990675,0.613041247762593,1.86624469583167,4841.02172466332,0.999618207531862
"eps_slope[5]",-0.0381121898037311,0.0139535695085673,0.951512439816253,-1.88402284064901,-0.683332976625926,-0.0211297611379576,0.601294374925607,1.82106999991793,4650.05726021192,0.99970161575264
"eps_slope[6]",-0.0351059369425861,0.0137607588260109,0.956657730054706,-1.96602625448268,-0.689242686489965,-0.0212771904263771,0.603134707523882,1.87845831755395,4833.12918288046,0.999691920013754
"eps_slope[7]",0.154725118841874,0.0146923985536802,0.945141804903381,-1.70483256618656,-0.459957610611136,0.150509602141441,0.770580329574024,2.01711416190665,4138.17206438436,0.999712172792129
"eps_slope[8]",0.0661860923050032,0.0142906293588447,0.973774904127813,-1.81693151938238,-0.586706014794167,0.0715027173522916,0.703979116031711,2.01094579539485,4643.16850174068,0.999597265594985
"eps_slope[9]",-0.140352693699019,0.0140284142484704,0.943141670272905,-1.98151732110926,-0.757406424836396,-0.167220691510658,0.497970053876268,1.69081269288088,4519.98197938908,1.00004136225413
"eps_slope[10]",-0.069559383025229,0.0156768948562808,0.980513049184148,-2.07202131090575,-0.726544753981477,-0.0830195729901005,0.573265181914267,1.92295387551617,3911.89027375697,1.00057196392448
"eps_slope[11]",-0.106173467778989,0.0126292423553547,0.933401734235968,-1.95718970092538,-0.716349093106283,-0.102132764292271,0.499277188399,1.74873391404148,5462.38883844546,1.00016287439676
"eps_slope[12]",-0.313558571989686,0.0147611602303113,0.961349902889329,-2.18874847740147,-0.966765434814826,-0.310623351290192,0.34793343966718,1.54993307246017,4241.52454568993,0.99989211549764
"eps_slope[13]",-0.0837577735289526,0.0136928157022278,0.966535267311302,-1.95129715253371,-0.736911199321814,-0.078794198023542,0.585651953711751,1.80120865418088,4982.52957287552,0.999839377431271
"eps_slope[14]",-0.216124780719729,0.0144673107319112,0.958084343603379,-2.09073250148566,-0.853113609814034,-0.207733315493147,0.401448785065704,1.70978291290918,4385.62877467012,0.999335433289557
"eps_slope[15]",0.141108938854287,0.0137115103738696,0.933894895829921,-1.68649508037826,-0.484353592932782,0.153443303536641,0.758429315508991,2.0209365924351,4639.01108655783,1.00018047179747
"eps_slope[16]",0.51833575677662,0.0173551421384323,1.02627172743423,-1.54219187307051,-0.181582299462077,0.52163305423427,1.22000386334147,2.48197133279154,3496.78056560082,1.00029282087934
"eps_slope[17]",0.055786898320427,0.0131918485653198,0.937169922053279,-1.862376916438,-0.534916695725723,0.0671045398552118,0.672098371187056,1.90180342227005,5046.90777827766,0.999242302798236
"eps_slope[18]",0.146703266966546,0.014438995026479,0.947271015226919,-1.71723710659425,-0.492369378811026,0.152836596666583,0.767529536320065,2.02629478612145,4304.0228087298,1.00156319913079
"slope_mu",0.00895863873853492,0.000753842988668448,0.0239625736886373,-0.0344893653360427,-0.00682260957824246,0.00705523107283062,0.0231548607670042,0.061219539505381,1010.42741962245,1.00394723680453
"sigma_slope",0.015719217082147,0.000261423456862966,0.0114878205864013,0.000678713902148403,0.00641068738237652,0.013685850620131,0.0221792327520022,0.0432897481279899,1931.01737829104,1.00050690881138
"N_0[1]",165.640834611386,4.07087754781065,65.1196969981707,80.919009360232,118.139413437395,151.134412374833,199.50560553962,336.025264122054,255.88726018117,1.0219840158318
"N_0[2]",957.611226934012,16.6790126181757,715.398771917961,220.275868628912,512.018627306758,784.921425621268,1175.54016830943,2732.9609622644,1839.73684457516,1.0004312617283
"N_0[3]",42.6528292473791,0.882068194095069,33.7526802674715,5.21615186799368,19.7887345602365,34.3233903094747,56.9491126062887,125.421040234805,1464.23979541064,1.00145657917681
"N_0[4]",1329.51185666365,24.4778759344719,1076.15566737507,246.973294726074,693.383202213413,1074.36124965793,1641.4273158618,3965.57027489605,1932.87040225496,1.00134348417965
"N_0[5]",426.590471290662,6.73898142954999,143.654317673565,222.236693420051,322.739726927857,398.04454783701,505.135255250604,775.967389415012,454.41101286053,1.01108709449235
"N_0[6]",1568.79312141167,26.0968661260867,562.955733751738,769.787430586864,1165.65668519203,1471.12801909368,1876.29993583138,2937.19798512827,465.341492314235,1.0119158883955
"N_0[7]",445.770630706963,7.65372209438686,343.315945956172,86.3650518999037,232.590096028646,369.259798258303,557.856322955561,1264.99797348883,2012.06762453366,1.00159956133192
"N_0[8]",130.139904185628,2.07721208287891,43.0458913827817,67.2790797695121,98.9342779921442,122.802335951121,153.600716234106,231.45127004573,429.439245050915,1.01117480763868
"N_0[9]",645.162459970848,15.1658425747182,621.16470859528,108.56532274265,304.02102027891,482.897763155539,771.409647063008,2244.59130799055,1677.56926035758,1.00198141441774
"N_0[10]",327.869684332903,2.61044802728035,146.222016048402,126.588221872232,227.865394216518,300.687041211938,399.395599021145,698.611269364792,3137.58451446865,1.00022774491154
"N_0[11]",1628.04504234414,18.2164599188385,524.045379574733,874.599061503017,1260.67359317876,1537.65925027293,1889.94699017853,2902.81877197378,827.579696514786,1.00573949979494
"N_0[12]",1233.86546623775,12.3599600076302,367.323982479299,683.728181571186,980.438068457365,1182.77540778411,1421.79314115044,2139.66392006269,883.21093499899,1.00592290150331
"N_0[13]",59.8154343640015,0.624764214522811,31.1860721514229,20.5275904219892,38.7004065414717,52.8992213568024,72.4491755962613,140.620955893267,2491.66164415373,1.00127859895081
"N_0[14]",121.711665802078,1.13638957337403,60.2885563286377,44.5247200394185,80.6869256241051,109.137129654948,147.510250306483,276.035304926314,2814.59095761561,0.999353630815606
"N_0[15]",267.453982264871,2.70159116862419,77.207988570917,151.865131317481,211.074232109552,255.33190668955,309.881772274277,450.957450712244,816.742623463164,1.00677255982472
"N_0[16]",264.08327026115,4.13865466319807,96.0669093214103,128.294254985373,194.899318394206,246.569238997031,313.757143014294,494.946909337731,538.802073392148,1.00829261636441
"N_0[17]",6206.07188918558,100.402371218064,1994.05329574559,3291.22147569161,4731.4046142557,5886.60338528799,7301.42274854019,11059.6318938842,394.444208540232,1.01020587699011
"N_0[18]",660.78004508156,3.79405803968553,185.050613718379,378.19231822392,531.044237391381,635.602421055307,763.074186081268,1086.23995357504,2378.88319883888,0.999703470889185
"sigma_rn_mu",0.244763432363192,0.00859433370868411,0.0903750236977148,0.0647090932736722,0.183226020431469,0.24923697962818,0.310108517736106,0.409820092950071,110.578940032551,1.04171982628519
"sigma_wn_mu",0.323387946977791,0.00721329728703401,0.0764402899481304,0.164993511293311,0.273472197147911,0.324294122336403,0.376180201941889,0.466481753403028,112.299284318442,1.04044459095264
"sigma_rn_sigma",0.0381013525942334,0.00136892392364581,0.0337748246420273,0.00143057776757549,0.013827375983779,0.0291943697276698,0.0517331422465108,0.128335908228228,608.734027430653,1.00335558497363
"sigma_wn_sigma",0.0955122996324675,0.00260458492377431,0.0557176406223694,0.0193884080140848,0.0555966729792386,0.0854005991437146,0.123249735217523,0.236387582914372,457.623576428739,1.01443302794674
"eps_sigma_rn[1]",1.53615735909272,0.0999971964774928,6.12120150952429,0.0430724221779309,0.403015023029394,0.835454023801211,1.672527580873,6.11813410597273,3747.12089183025,0.999703606405343
"eps_sigma_rn[2]",1.4281215257069,0.050756337539623,2.63149996859785,0.0319456338147871,0.332774711511221,0.768987816668877,1.57562193532351,7.06810751883476,2687.98093830786,1.00048254790097
"eps_sigma_rn[3]",7.78957124450951,0.391566688412061,14.0269838991949,0.148239365629039,1.52442489522166,3.89405777499436,8.42843533794073,38.2475647567769,1283.26727897218,1.00172236324211
"eps_sigma_rn[4]",2.71010164817257,0.11709966132344,5.29657641143927,0.0582373127819125,0.500522715532799,1.24263672338765,2.86351515905596,14.0285506894671,2045.87552128605,1.00164563852294
"eps_sigma_rn[5]",1.71400414985698,0.070026013262782,3.91136890997503,0.0435538054206416,0.39949893725563,0.93474656561952,1.94897038160797,8.01045195955872,3119.88621631116,0.999699022355591
"eps_sigma_rn[6]",2.0360290606358,0.0908064236149628,3.90061660270866,0.0358059328880155,0.421822919886262,1.02136545291073,2.30292353693159,10.1749979338545,1845.15726298514,0.999595414248213
"eps_sigma_rn[7]",1.43979599109723,0.0489722667816336,2.6024053652625,0.0212376574696328,0.310401216429114,0.716853634424358,1.6099472042893,7.24254339030709,2823.9010695405,1.00026778980573
"eps_sigma_rn[8]",1.34134039067455,0.0370469691571968,2.09984380961306,0.0300952234873573,0.319799449146625,0.733311771554678,1.56654703012099,6.3940602648136,3212.68848738432,0.999368269067428
"eps_sigma_rn[9]",1.93897661290086,0.0617417986003582,3.34638621281726,0.0392305450223616,0.398192139792593,0.971145123434754,2.15274083581293,10.164923825254,2937.60616546077,1.00027236200439
"eps_sigma_rn[10]",3.00190554526046,0.219174032762719,7.37384425982205,0.0583563512752714,0.52299718591588,1.16575148418527,2.78864043890507,17.2720314444388,1131.90433788624,1.00322877303681
"eps_sigma_rn[11]",1.35151044237747,0.0459501101697579,2.31629250215197,0.0242824775257779,0.337778221172875,0.766338581649621,1.57796040050779,6.09016699644326,2541.05279706238,1.00048927708034
"eps_sigma_rn[12]",1.26605117497995,0.047543296414419,2.22805114549107,0.0353680367340288,0.323969058996579,0.715302103244518,1.4474503446191,5.66656564406256,2196.19921223546,1.00181665580158
"eps_sigma_rn[13]",2.99024865501614,0.466478851997902,8.45448805407558,0.03559859668983,0.395332555050237,0.94812986451327,2.28041671582018,19.9631850998005,328.481345097999,1.0114662235333
"eps_sigma_rn[14]",4.86371449446627,0.367893259454186,10.7952771198524,0.0555523624529587,0.6954271559379,1.77439802219903,4.79310015826096,26.6628535741186,861.041193416344,1.00521354578932
"eps_sigma_rn[15]",1.28052182674077,0.0344614349224588,2.00083482497896,0.0433784155441228,0.349668504443362,0.784741829768272,1.50400246033853,5.61160748356656,3370.97678639945,1.00038060930158
"eps_sigma_rn[16]",1.76356007754266,0.0483878998016909,2.67597131406153,0.0386714291456796,0.444208159987302,1.00843949185843,2.03089991575517,7.87696679414312,3058.3653297004,0.999762154809231
"eps_sigma_rn[17]",1.1341994542421,0.0377649331124892,2.03970230019236,0.0286495147806521,0.290736112594685,0.648287903135009,1.34522984954376,4.84773528489263,2917.13233774813,1.00012701496375
"eps_sigma_rn[18]",1.48418406722395,0.0517212467292885,3.02995744270361,0.0361192435611424,0.377828215983203,0.85768518925918,1.67829812368964,6.81250080487035,3431.9036569719,0.999402465091872
"eps_sigma_wn[1]",0.578538865826502,0.0168840187644063,0.748600369828822,0.016593409836605,0.175880107010688,0.399842260928663,0.756314594705616,2.13752009767544,1965.84115303641,1.00040773783261
"eps_sigma_wn[2]",1.33545112945565,0.027171592388431,1.14626255865442,0.0755106719353024,0.562444096753421,1.06818570900153,1.75807076776598,4.30587034555426,1779.66406777154,1.00021924807183
"eps_sigma_wn[3]",1.48574026804509,0.0405601497632697,1.60874505413948,0.047949417329296,0.478548627840769,1.05490873267777,1.94575217213925,5.62940421323467,1573.16889063122,0.999763068124671
"eps_sigma_wn[4]",3.5275254707793,0.092953760877666,3.1203762719644,0.394660994009836,1.79230779075192,2.84364312440252,4.36550567121232,10.5171198554539,1126.88604769919,1.00574787620451
"eps_sigma_wn[5]",0.79493311253759,0.0181763331273329,0.834002198219461,0.0324773280972061,0.279760306921237,0.5870221089657,1.0411948763521,2.69494210101246,2105.33806830616,1.00048821352086
"eps_sigma_wn[6]",1.40306802409626,0.0434371658485607,2.30123452038231,0.079177120235313,0.576945392811713,1.07766302611112,1.77783415491126,4.36030932422835,2806.71811910499,0.999917940619071
"eps_sigma_wn[7]",2.03533147735125,0.0449154146843588,1.76093522554962,0.186075800993729,0.981509013649995,1.63749596466453,2.61939040358666,6.06737438369044,1537.07810002435,1.00210809049312
"eps_sigma_wn[8]",0.883985253749006,0.0166327161537758,0.871864709998386,0.0313685061901222,0.321845413988113,0.653327980893627,1.16672667258093,3.15919023285681,2747.71602370787,1.00050331243633
"eps_sigma_wn[9]",1.05929853439131,0.0215404805388813,1.17891148348335,0.036617993876989,0.368594189118161,0.75294099078783,1.3496388043792,3.9093106535093,2995.3778982101,1.00167238550432
"eps_sigma_wn[10]",6.37268212529924,0.525669401448227,16.0881912545792,0.782535647503156,3.13732659354628,4.69138412331279,7.2581872499786,18.4654635814888,936.675249937656,1.00169111049585
"eps_sigma_wn[11]",0.990545753264405,0.0196910030729583,1.04370914437862,0.0449766573390218,0.392316958188261,0.760679656479909,1.26822297043526,3.30821715866012,2809.46287208741,1.00087380853046
"eps_sigma_wn[12]",0.75311631720979,0.0121756703130494,0.706089369181553,0.0305544836681506,0.272590620442831,0.567436918700821,1.0116125753187,2.64359031773206,3363.05202526225,1.00012339200887
"eps_sigma_wn[13]",9.07301165055077,0.562963012599056,12.2533116394024,1.10906898549317,4.49971469022581,6.72516981989496,10.2636446210508,28.0658416980962,473.747830372881,1.0043622975481
"eps_sigma_wn[14]",6.82402890311651,0.248855334864786,6.31531161455927,0.606386056422872,3.54217387512787,5.3550099871739,8.23020244397179,21.1214975012456,644.014519151333,1.00555592616925
"eps_sigma_wn[15]",0.536495811219814,0.0127267764438961,0.593418315412916,0.014595453563861,0.160271889980198,0.370236300651943,0.719617189399621,1.97140757024148,2174.12776272724,1.00198567950835
"eps_sigma_wn[16]",1.33914532812414,0.0313116180682582,1.49911937949499,0.0838178804611776,0.59323293625863,1.07100678937374,1.72147293144424,3.96536387032132,2292.2470105679,0.999704343008545
"eps_sigma_wn[17]",0.521659581123893,0.0139093334249286,0.730773623320239,0.0187024584176083,0.16460588350246,0.355831530235996,0.672948510686517,1.97450246590064,2760.27969817221,0.999757476612423
"eps_sigma_wn[18]",0.684207606407588,0.0124857387673595,0.68840354839445,0.0256254075800399,0.238436506566738,0.510591939041598,0.920941090822823,2.36372892353334,3039.88890401677,1.0001716172969
"L[1,1]",1,NA,0,1,1,1,1,1,NA,NA
"L[1,2]",0,NA,0,0,0,0,0,0,NA,NA
"L[1,3]",0,NA,0,0,0,0,0,0,NA,NA
"L[1,4]",0,NA,0,0,0,0,0,0,NA,NA
"L[1,5]",0,NA,0,0,0,0,0,0,NA,NA
"L[1,6]",0,NA,0,0,0,0,0,0,NA,NA
"L[1,7]",0,NA,0,0,0,0,0,0,NA,NA
"L[1,8]",0,NA,0,0,0,0,0,0,NA,NA
"L[1,9]",0,NA,0,0,0,0,0,0,NA,NA
"L[1,10]",0,NA,0,0,0,0,0,0,NA,NA
"L[1,11]",0,NA,0,0,0,0,0,0,NA,NA
"L[1,12]",0,NA,0,0,0,0,0,0,NA,NA
"L[1,13]",0,NA,0,0,0,0,0,0,NA,NA
"L[1,14]",0,NA,0,0,0,0,0,0,NA,NA
"L[1,15]",0,NA,0,0,0,0,0,0,NA,NA
"L[1,16]",0,NA,0,0,0,0,0,0,NA,NA
"L[1,17]",0,NA,0,0,0,0,0,0,NA,NA
"L[1,18]",0,NA,0,0,0,0,0,0,NA,NA
"L[2,1]",0.0718825307354727,0.00384354049415905,0.221089528635513,-0.365813189965765,-0.0795504843543756,0.071873463708427,0.223171167364886,0.507070104922972,3308.82215905826,1.00055429076448
"L[2,2]",0.971816391957403,0.000811401743681855,0.0392151377322533,0.855674773932262,0.96190973685542,0.986748087239127,0.997212677062535,0.999970253410281,2335.79979539743,1.00152894418346
"L[2,3]",0,NA,0,0,0,0,0,0,NA,NA
"L[2,4]",0,NA,0,0,0,0,0,0,NA,NA
"L[2,5]",0,NA,0,0,0,0,0,0,NA,NA
"L[2,6]",0,NA,0,0,0,0,0,0,NA,NA
"L[2,7]",0,NA,0,0,0,0,0,0,NA,NA
"L[2,8]",0,NA,0,0,0,0,0,0,NA,NA
"L[2,9]",0,NA,0,0,0,0,0,0,NA,NA
"L[2,10]",0,NA,0,0,0,0,0,0,NA,NA
"L[2,11]",0,NA,0,0,0,0,0,0,NA,NA
"L[2,12]",0,NA,0,0,0,0,0,0,NA,NA
"L[2,13]",0,NA,0,0,0,0,0,0,NA,NA
"L[2,14]",0,NA,0,0,0,0,0,0,NA,NA
"L[2,15]",0,NA,0,0,0,0,0,0,NA,NA
"L[2,16]",0,NA,0,0,0,0,0,0,NA,NA
"L[2,17]",0,NA,0,0,0,0,0,0,NA,NA
"L[2,18]",0,NA,0,0,0,0,0,0,NA,NA
"L[3,1]",0.0485848176410103,0.00365363248572553,0.203918508009842,-0.342083220987773,-0.0915662280334097,0.0453938779889065,0.190495379130249,0.440541651442256,3115.03958321418,0.999940273082273
"L[3,2]",0.00140142397070037,0.00460088104276006,0.218878339967745,-0.415440562060659,-0.155015520287065,0.00382875030741749,0.15373613980514,0.424908644480752,2263.20327716096,1.00030109234854
"L[3,3]",0.951808784012616,0.00102209580993145,0.0472232431769786,0.829237222857653,0.931157016344483,0.966496628402733,0.985687838833911,0.998600933576127,2134.65848653024,1.00080520027259
"L[3,4]",0,NA,0,0,0,0,0,0,NA,NA
"L[3,5]",0,NA,0,0,0,0,0,0,NA,NA
"L[3,6]",0,NA,0,0,0,0,0,0,NA,NA
"L[3,7]",0,NA,0,0,0,0,0,0,NA,NA
"L[3,8]",0,NA,0,0,0,0,0,0,NA,NA
"L[3,9]",0,NA,0,0,0,0,0,0,NA,NA
"L[3,10]",0,NA,0,0,0,0,0,0,NA,NA
"L[3,11]",0,NA,0,0,0,0,0,0,NA,NA
"L[3,12]",0,NA,0,0,0,0,0,0,NA,NA
"L[3,13]",0,NA,0,0,0,0,0,0,NA,NA
"L[3,14]",0,NA,0,0,0,0,0,0,NA,NA
"L[3,15]",0,NA,0,0,0,0,0,0,NA,NA
"L[3,16]",0,NA,0,0,0,0,0,0,NA,NA
"L[3,17]",0,NA,0,0,0,0,0,0,NA,NA
"L[3,18]",0,NA,0,0,0,0,0,0,NA,NA
"L[4,1]",0.0208608150993093,0.0038120427716266,0.218871783826105,-0.407503654899399,-0.136073939107184,0.021913249845015,0.178931618243917,0.425790991452764,3296.58308023737,1.00019656459982
"L[4,2]",0.0929143688544585,0.00391971805304307,0.21832702122038,-0.336674901253221,-0.0615527361869122,0.0969857527192055,0.244911321827444,0.508479425841359,3102.45378300566,1.00128831956182
"L[4,3]",0.129944549245824,0.00371555313028574,0.211692381845868,-0.295206993675752,-0.0110325198737971,0.139137618506343,0.276587719730176,0.532356863481536,3246.11205189177,1.0027638189
"L[4,4]",0.910682425461927,0.0013421402395541,0.0659898099289847,0.749044387973032,0.875862925753062,0.926169363348325,0.961128627572068,0.992747901363421,2417.45255908087,1.00207424441871
"L[4,5]",0,NA,0,0,0,0,0,0,NA,NA
"L[4,6]",0,NA,0,0,0,0,0,0,NA,NA
"L[4,7]",0,NA,0,0,0,0,0,0,NA,NA
"L[4,8]",0,NA,0,0,0,0,0,0,NA,NA
"L[4,9]",0,NA,0,0,0,0,0,0,NA,NA
"L[4,10]",0,NA,0,0,0,0,0,0,NA,NA
"L[4,11]",0,NA,0,0,0,0,0,0,NA,NA
"L[4,12]",0,NA,0,0,0,0,0,0,NA,NA
"L[4,13]",0,NA,0,0,0,0,0,0,NA,NA
"L[4,14]",0,NA,0,0,0,0,0,0,NA,NA
"L[4,15]",0,NA,0,0,0,0,0,0,NA,NA
"L[4,16]",0,NA,0,0,0,0,0,0,NA,NA
"L[4,17]",0,NA,0,0,0,0,0,0,NA,NA
"L[4,18]",0,NA,0,0,0,0,0,0,NA,NA
"L[5,1]",0.229463463688181,0.00683736549993348,0.214606496718722,-0.212532110438157,0.08421242377184,0.243141609321541,0.383193803495617,0.612256722693242,985.16310223581,1.00549472253453
"L[5,2]",0.0929514162253835,0.00434094668679731,0.219717427330066,-0.341122286114693,-0.0531510182503496,0.0978123236546559,0.239968671858754,0.515936512375974,2561.88780426475,1.00077360629523
"L[5,3]",0.0731949198364237,0.00386944803446863,0.194372074886052,-0.321853776802078,-0.0566347005852651,0.081866380055846,0.205720916249157,0.440597903829669,2523.30474414678,1.00212954227156
"L[5,4]",0.132464645532253,0.00517359408878032,0.217577299977351,-0.303036548077981,-0.0144530384433753,0.14480502748512,0.282028114320454,0.539730734933291,1768.65229805031,0.999472877059143
"L[5,5]",0.853785265064088,0.00220036899108102,0.0862991265614918,0.660037484823177,0.799386148246184,0.867921570881717,0.920557024689691,0.977982130172337,1538.23174032052,1.00438333325771
"L[5,6]",0,NA,0,0,0,0,0,0,NA,NA
"L[5,7]",0,NA,0,0,0,0,0,0,NA,NA
"L[5,8]",0,NA,0,0,0,0,0,0,NA,NA
"L[5,9]",0,NA,0,0,0,0,0,0,NA,NA
"L[5,10]",0,NA,0,0,0,0,0,0,NA,NA
"L[5,11]",0,NA,0,0,0,0,0,0,NA,NA
"L[5,12]",0,NA,0,0,0,0,0,0,NA,NA
"L[5,13]",0,NA,0,0,0,0,0,0,NA,NA
"L[5,14]",0,NA,0,0,0,0,0,0,NA,NA
"L[5,15]",0,NA,0,0,0,0,0,0,NA,NA
"L[5,16]",0,NA,0,0,0,0,0,0,NA,NA
"L[5,17]",0,NA,0,0,0,0,0,0,NA,NA
"L[5,18]",0,NA,0,0,0,0,0,0,NA,NA
"L[6,1]",0.228516002954728,0.00787148374966277,0.220998157342003,-0.233313940586735,0.0808223931906981,0.238403620280113,0.392270536889226,0.605564341295738,788.250216663822,1.00805180846123
"L[6,2]",0.0912973245749898,0.00400913019630168,0.215122813630483,-0.332350844043686,-0.0545892766439188,0.0947377294071262,0.242481521444933,0.493405240635981,2879.20520391987,1.00064807471325
"L[6,3]",0.0298006415278632,0.00370870557502397,0.19871668476128,-0.356806359121025,-0.108355789153122,0.0302931547808912,0.167649983394534,0.41158386595098,2870.9389141108,1.000591726707
"L[6,4]",0.108164891658377,0.00456324164190752,0.217626394246017,-0.32780200105165,-0.036531002805127,0.11254780591185,0.264663229369621,0.510395181829665,2274.44897834164,1.00044857335268
"L[6,5]",0.168798761441445,0.00463323650738675,0.222087512328905,-0.28256758437636,0.0191285026010437,0.181901132466908,0.327446464074022,0.577122716670971,2297.62601304571,1.00106270373391
"L[6,6]",0.811150883491238,0.00214003298658763,0.0957518044502297,0.592919317811392,0.751928576932717,0.823256590969415,0.881801228847409,0.961242359599938,2001.94895033381,1.00223795050225
"L[6,7]",0,NA,0,0,0,0,0,0,NA,NA
"L[6,8]",0,NA,0,0,0,0,0,0,NA,NA
"L[6,9]",0,NA,0,0,0,0,0,0,NA,NA
"L[6,10]",0,NA,0,0,0,0,0,0,NA,NA
"L[6,11]",0,NA,0,0,0,0,0,0,NA,NA
"L[6,12]",0,NA,0,0,0,0,0,0,NA,NA
"L[6,13]",0,NA,0,0,0,0,0,0,NA,NA
"L[6,14]",0,NA,0,0,0,0,0,0,NA,NA
"L[6,15]",0,NA,0,0,0,0,0,0,NA,NA
"L[6,16]",0,NA,0,0,0,0,0,0,NA,NA
"L[6,17]",0,NA,0,0,0,0,0,0,NA,NA
"L[6,18]",0,NA,0,0,0,0,0,0,NA,NA
"L[7,1]",0.0589741112884501,0.00382753738626151,0.223288926671545,-0.383313460507173,-0.0971134323480637,0.0689641465026632,0.215833344113934,0.472811873267007,3403.26282106931,1.00113591952064
"L[7,2]",0.0899423323608409,0.00448058597020045,0.234609407848997,-0.372980263624952,-0.0770802484961231,0.0936060953237463,0.262973479622715,0.514549338850284,2741.70811438491,1.00200327212672
"L[7,3]",-0.00231956431371585,0.00331440734435831,0.216286062733823,-0.402984835249386,-0.158719787363108,-0.000983607393249614,0.147119777807666,0.421870041183164,4258.38873564247,1.0000062997703
"L[7,4]",0.0650187256602344,0.00432866641113148,0.223322334081764,-0.378005319071816,-0.088554053327899,0.0712532098931073,0.221453150817738,0.488274828932497,2661.68146423538,0.999657986555067
"L[7,5]",0.0886869666227325,0.00373355317868109,0.227517891739756,-0.360639525710203,-0.0701128839597887,0.0918970317429725,0.250577507544103,0.51799689571144,3713.52563592389,1.00056898102177
"L[7,6]",0.0623095622218299,0.00379634793843146,0.229676072969049,-0.373653839383947,-0.105104442589185,0.0658741915721896,0.226217552155418,0.495666704634736,3660.15510572174,1.00006978164945
"L[7,7]",0.810884420167761,0.00217776357475755,0.0944956525180259,0.593138010709842,0.754649457301768,0.82426404854913,0.88097415242251,0.953660169152146,1882.79136359248,1.00048996674741
"L[7,8]",0,NA,0,0,0,0,0,0,NA,NA
"L[7,9]",0,NA,0,0,0,0,0,0,NA,NA
"L[7,10]",0,NA,0,0,0,0,0,0,NA,NA
"L[7,11]",0,NA,0,0,0,0,0,0,NA,NA
"L[7,12]",0,NA,0,0,0,0,0,0,NA,NA
"L[7,13]",0,NA,0,0,0,0,0,0,NA,NA
"L[7,14]",0,NA,0,0,0,0,0,0,NA,NA
"L[7,15]",0,NA,0,0,0,0,0,0,NA,NA
"L[7,16]",0,NA,0,0,0,0,0,0,NA,NA
"L[7,17]",0,NA,0,0,0,0,0,0,NA,NA
"L[7,18]",0,NA,0,0,0,0,0,0,NA,NA
"L[8,1]",0.105688730622258,0.00392119691637331,0.219568820034787,-0.339959455795695,-0.0386527949616165,0.113698402330086,0.254310251710414,0.529967555945837,3135.47997228935,1.00192136679651
"L[8,2]",0.0768445959807065,0.00366644334181739,0.222401025187702,-0.347986407806432,-0.0775295163246561,0.0777302618608534,0.234823201633873,0.498323636127854,3679.4559959534,1.00091213057527
"L[8,3]",0.116354100837082,0.00361026213414692,0.216921403004327,-0.307016512119739,-0.0364484619971861,0.122614134809774,0.271357108559598,0.512066943737907,3610.1673713135,0.999725966322824
"L[8,4]",0.0633596985010777,0.00370645662078913,0.225550712767819,-0.39132282017685,-0.0905476859688215,0.0713412863450877,0.22188145152825,0.485555987577146,3703.14369421779,1.00042366546681
"L[8,5]",0.0444310967545074,0.00386136631124519,0.224600220148675,-0.405220612281573,-0.114593159672286,0.0535853319868177,0.202109437724327,0.4751369347819,3383.28317304727,0.99919103811277
"L[8,6]",0.0494760545874965,0.00377610647686886,0.223607854248669,-0.389376560589104,-0.101621531816379,0.0500591480653967,0.206145465763965,0.470124159368287,3506.59528553892,1.00223684241746
"L[8,7]",0.0112589352467201,0.0039882730392399,0.224814182203103,-0.413511595195059,-0.147245946322924,0.00655699011159033,0.168248922575461,0.457150933619389,3177.44209140558,0.99992895557374
"L[8,8]",0.777341520707422,0.00216035125739141,0.100323375915308,0.551840328548148,0.715701740002732,0.789647604872171,0.851960611723264,0.937254432091353,2156.53015716034,0.999728782650532
"L[8,9]",0,NA,0,0,0,0,0,0,NA,NA
"L[8,10]",0,NA,0,0,0,0,0,0,NA,NA
"L[8,11]",0,NA,0,0,0,0,0,0,NA,NA
"L[8,12]",0,NA,0,0,0,0,0,0,NA,NA
"L[8,13]",0,NA,0,0,0,0,0,0,NA,NA
"L[8,14]",0,NA,0,0,0,0,0,0,NA,NA
"L[8,15]",0,NA,0,0,0,0,0,0,NA,NA
"L[8,16]",0,NA,0,0,0,0,0,0,NA,NA
"L[8,17]",0,NA,0,0,0,0,0,0,NA,NA
"L[8,18]",0,NA,0,0,0,0,0,0,NA,NA
"L[9,1]",0.140415988760484,0.00475356136067813,0.223063439263005,-0.319292522786317,-0.0121434436241279,0.146669599543167,0.304056927423775,0.553526713726328,2202.0064126834,1.00330202056827
"L[9,2]",0.106391042113575,0.00457131738591995,0.221625546122881,-0.331360650886886,-0.0466411191312324,0.114054104474216,0.264203974647836,0.518896971505246,2350.48176825789,1.0013732970418
"L[9,3]",0.116654980824964,0.00405390909585493,0.216922177986459,-0.315292684029643,-0.0284786351615872,0.126802390273118,0.265236175432855,0.52485018754995,2863.25416220702,1.00114207821524
"L[9,4]",0.052066075767558,0.00384720574539493,0.217936805014709,-0.37740733947975,-0.0974347844036854,0.0552045821717061,0.200921240413382,0.474826834271017,3209.00456049928,0.999395411790364
"L[9,5]",0.0768013924619646,0.00416131141746094,0.219106161624679,-0.354486373971327,-0.0719294099896725,0.081818110285074,0.231126767906719,0.486709714941408,2772.35439128617,1.00208507369577
"L[9,6]",0.0284818607035121,0.00390362509709766,0.224536334745728,-0.418262609334247,-0.127519772208353,0.03102037904502,0.182860230329207,0.46975831727237,3308.5450706593,1.0002169989106
"L[9,7]",0.0226337662394424,0.00344207639525491,0.218275328704855,-0.396487910822375,-0.124335858281632,0.0202144427851093,0.178984953092188,0.441754311353475,4021.3168319448,0.999628936249787
"L[9,8]",0.0261682124132687,0.00498740014140248,0.224350010018951,-0.420423212184575,-0.125870639226137,0.0265446714870151,0.183479610151309,0.455795304602553,2023.50256855203,1.00086847828014
"L[9,9]",0.737470544728989,0.00216613993304863,0.105582940636487,0.513115625978487,0.669862131959968,0.746647652606484,0.813342441071434,0.915563191672307,2375.82522845516,1.0004970546682
"L[9,10]",0,NA,0,0,0,0,0,0,NA,NA
"L[9,11]",0,NA,0,0,0,0,0,0,NA,NA
"L[9,12]",0,NA,0,0,0,0,0,0,NA,NA
"L[9,13]",0,NA,0,0,0,0,0,0,NA,NA
"L[9,14]",0,NA,0,0,0,0,0,0,NA,NA
"L[9,15]",0,NA,0,0,0,0,0,0,NA,NA
"L[9,16]",0,NA,0,0,0,0,0,0,NA,NA
"L[9,17]",0,NA,0,0,0,0,0,0,NA,NA
"L[9,18]",0,NA,0,0,0,0,0,0,NA,NA
"L[10,1]",0.12907546721549,0.00344046489128006,0.216031588309538,-0.290956768827465,-0.0176906026678609,0.135463777015398,0.284634749386298,0.530473832914759,3942.75922536342,1.00098137858554
"L[10,2]",0.0427323733401337,0.00337206471031498,0.218847803816793,-0.383135917067902,-0.107663805201258,0.0424521342274825,0.193307811423035,0.470286206840807,4212.04095273457,0.999416068444317
"L[10,3]",0.0931666271703736,0.00357823475667401,0.212801472761558,-0.337852823859997,-0.0511850640862092,0.101309335780186,0.240651830413037,0.497440790986412,3536.80893383422,1.00013080168434
"L[10,4]",-0.00026111405031592,0.00376884648682856,0.220477073421649,-0.408889000240363,-0.153969416807944,-0.00576947093957462,0.150278594324916,0.437685576385142,3422.23615260331,1.00094498241657
"L[10,5]",0.0853784571475589,0.00415471138852814,0.224148753325516,-0.377298405886239,-0.0632208662460761,0.0877764652724605,0.243844409263207,0.505441728435586,2910.65636087757,1.00000928898145
"L[10,6]",0.0677071076558205,0.00372669555910673,0.229543072386635,-0.391186643424009,-0.0981018280889391,0.0747920051183482,0.235612788862208,0.486707077900058,3793.85343278399,0.999549756089426
"L[10,7]",0.0199291126619332,0.00403372325740768,0.222324042593187,-0.413602390465486,-0.132645792301347,0.0236947478468823,0.174444970869725,0.455801247204068,3037.81039040767,1.00084048594727
"L[10,8]",0.0160343299636402,0.00380540044625776,0.226264643867401,-0.4293600611518,-0.141274055218001,0.0179463080038081,0.174041449631363,0.453167954147342,3535.35201658047,1.00005514026008
"L[10,9]",0.0570149443565744,0.00369432842366213,0.218578605785822,-0.371468464733772,-0.0905548804907284,0.0575905238722311,0.206324345950566,0.476180120666504,3500.6146037725,1.00110152802494
"L[10,10]",0.710787603879533,0.00248237724972918,0.110259083807376,0.472828327172876,0.637903369914116,0.719572084657485,0.792550660835103,0.896819815563953,1972.84603801793,1.00205479867121
"L[10,11]",0,NA,0,0,0,0,0,0,NA,NA
"L[10,12]",0,NA,0,0,0,0,0,0,NA,NA
"L[10,13]",0,NA,0,0,0,0,0,0,NA,NA
"L[10,14]",0,NA,0,0,0,0,0,0,NA,NA
"L[10,15]",0,NA,0,0,0,0,0,0,NA,NA
"L[10,16]",0,NA,0,0,0,0,0,0,NA,NA
"L[10,17]",0,NA,0,0,0,0,0,0,NA,NA
"L[10,18]",0,NA,0,0,0,0,0,0,NA,NA
"L[11,1]",0.156584098914042,0.00427815627518081,0.219053933472769,-0.29173121368832,0.00692846809696662,0.16286145106838,0.319352440674465,0.558198674193993,2621.73518583684,1.0041862882815
"L[11,2]",0.100624643607599,0.00429013168516636,0.216183825411688,-0.330654693331561,-0.0484924882654574,0.105479577505431,0.251197075097607,0.50971842158551,2539.24817480273,1.00006366730004
"L[11,3]",0.0666823055939852,0.00394559085787315,0.20785409045981,-0.351297685408352,-0.0745967610398981,0.0737882902620508,0.216176477349991,0.459851087490173,2775.19212177288,1.00093960084363
"L[11,4]",0.150867236224728,0.00699843604430346,0.223051366165575,-0.306569854335024,7.77778815907903e-05,0.159255944433396,0.309009667273738,0.556799653767145,1015.79899527513,1.00218486415593
"L[11,5]",0.145599610180364,0.00492014321665888,0.220143453850355,-0.31137802797233,-0.00329157806493125,0.159296002676001,0.298384216540851,0.547023256499879,2001.96307430218,1.00180667432779
"L[11,6]",0.0968595689568942,0.00388977835989493,0.223303111919211,-0.355335237777094,-0.0514470099917199,0.0996786225115971,0.251200740924158,0.52204598709833,3295.64055892567,1.00063827002899
"L[11,7]",0.0503670709455368,0.00416677257377,0.226305607811822,-0.406613906195359,-0.102539490300637,0.0555556952757992,0.210560083130326,0.480311620520553,2949.78958445219,1.00115268999449
"L[11,8]",0.0469190947359979,0.00358842510139565,0.213134456340001,-0.375885286489193,-0.101069954186958,0.0507442708979535,0.197457624039661,0.445655246371829,3527.76428515818,1.00041549004965
"L[11,9]",0.0523340532835459,0.00430453058113531,0.219752792399975,-0.367622666846223,-0.102889771908734,0.0522070680271741,0.207396655921327,0.473383644261367,2606.25682489389,1.00275533570762
"L[11,10]",0.0175913110327503,0.00376983503154616,0.213654295667623,-0.396935429601162,-0.130348177832282,0.0180983410326109,0.160884119936879,0.440198961026429,3212.0224080157,1.00081403924525
"L[11,11]",0.639712598269612,0.00275480091731727,0.118696398373877,0.393292820960745,0.559185791172322,0.644422897406677,0.727022561904914,0.854424206557267,1856.4986796979,1.00286409124848
"L[11,12]",0,NA,0,0,0,0,0,0,NA,NA
"L[11,13]",0,NA,0,0,0,0,0,0,NA,NA
"L[11,14]",0,NA,0,0,0,0,0,0,NA,NA
"L[11,15]",0,NA,0,0,0,0,0,0,NA,NA
"L[11,16]",0,NA,0,0,0,0,0,0,NA,NA
"L[11,17]",0,NA,0,0,0,0,0,0,NA,NA
"L[11,18]",0,NA,0,0,0,0,0,0,NA,NA
"L[12,1]",0.129895997997252,0.00481536804914303,0.215244598256869,-0.308297827844734,-0.0190156509156419,0.137229242284168,0.287894633539025,0.53048924505487,1998.04630545622,1.00267694390954
"L[12,2]",0.113135547741385,0.00445280779643658,0.222820788060592,-0.328911543264719,-0.0396883008423921,0.11168175093241,0.274760740457361,0.523442262953496,2504.05297808517,1.00140071628539
"L[12,3]",-0.0107495846258875,0.00374003186864736,0.211815473721845,-0.413285048806875,-0.16118173056148,-0.0143649997283618,0.135941904125136,0.401113239398409,3207.48593842614,0.999950892145929
"L[12,4]",0.153682797649024,0.00659569604118194,0.221817932645969,-0.292127677818512,0.00630495409651696,0.158707309513576,0.310647642514319,0.563560876159742,1131.02457185795,1.00215940101305
"L[12,5]",0.12548956987032,0.00429190325739553,0.221073057716192,-0.326906521901562,-0.0262440412580161,0.131935421071054,0.285546232712443,0.535754141818955,2653.21099310867,1.00152519222393
"L[12,6]",0.0492282783987334,0.0042569277983935,0.218962161299885,-0.379835492657941,-0.101226168928478,0.0535080977381,0.199082594470991,0.471212664900055,2645.73031794099,1.00049030428943
"L[12,7]",0.0123924319677924,0.00399384792953202,0.223997137508933,-0.421097945310801,-0.141404760371783,0.0113934990123057,0.170522519799016,0.437409926528956,3145.58835047638,1.00087271899739
"L[12,8]",0.069077964982157,0.00376811617260568,0.216516452857951,-0.368566245286789,-0.0793074428383976,0.0776632956057757,0.22070947263474,0.474286252262746,3301.66677521224,1.00132598081975
"L[12,9]",0.0390676021597199,0.00362630455093034,0.214075208188903,-0.375790408794722,-0.109411297006726,0.0428963990531151,0.184762794480851,0.450327748781149,3485.01137598912,1.00025891034796
"L[12,10]",0.00871111497331129,0.00366053226968523,0.212553243715561,-0.412120167402329,-0.141757565799297,0.010420025414949,0.153217391426042,0.41515946419922,3371.68500493655,1.00023697552488
"L[12,11]",0.101589641078287,0.00581735176440439,0.222080652855505,-0.332531214317873,-0.0535682912307363,0.108250641564217,0.254980922577631,0.526281522383887,1457.37327017844,1.00099193835125
"L[12,12]",0.610574165921534,0.00258289194270763,0.12108380158737,0.364458158494264,0.528011748032319,0.615006569836322,0.698631137951552,0.829019076535828,2197.65553131796,1.00110941830085
"L[12,13]",0,NA,0,0,0,0,0,0,NA,NA
"L[12,14]",0,NA,0,0,0,0,0,0,NA,NA
"L[12,15]",0,NA,0,0,0,0,0,0,NA,NA
"L[12,16]",0,NA,0,0,0,0,0,0,NA,NA
"L[12,17]",0,NA,0,0,0,0,0,0,NA,NA
"L[12,18]",0,NA,0,0,0,0,0,0,NA,NA
"L[13,1]",0.0635745965656531,0.00414713144768093,0.223016234253398,-0.381907449972548,-0.0906365576274037,0.066520094662778,0.221410817885314,0.490356808294794,2891.86060143023,1.00194824303883
"L[13,2]",0.0203555096890009,0.0039906065639617,0.231870914095263,-0.44141472664001,-0.136769788124047,0.0186865632573466,0.177156091748212,0.465221010110117,3376.0955003237,1.00061065278749
"L[13,3]",0.0194084384171269,0.00309132876132135,0.21857381097901,-0.417738592435834,-0.134610853415942,0.0214010660421722,0.173950489695533,0.428095933655414,4999.26156598284,1.00016771018154
"L[13,4]",0.0533113743325825,0.00349526802908877,0.232882417135866,-0.396300996365065,-0.110389504274617,0.0557189677804975,0.215211300179543,0.494849457633794,4439.27890442545,0.999451683614693
"L[13,5]",0.0663642193972825,0.00389927985986866,0.227220028443368,-0.374386088349561,-0.0901875771795989,0.0682912354748618,0.223605318490331,0.500968481208092,3395.66162472284,1.00173504069259
"L[13,6]",0.0313875973313902,0.00374869026849069,0.226856040252035,-0.410217120223616,-0.128811786651055,0.0348573329301864,0.18897316715619,0.470569399916741,3662.1959407887,1.00007904775752
"L[13,7]",-0.0118825263583002,0.0035294885424428,0.227273313577116,-0.441924981131218,-0.166689282160972,-0.0137538993476599,0.145915629261761,0.444597763869521,4146.42042301708,1.00042754614927
"L[13,8]",0.00397275898082684,0.00417539222926909,0.224638843732705,-0.442798814789449,-0.150865654141822,0.00514397277278698,0.156344555034928,0.444305205937638,2894.51065665979,0.999446891532029
"L[13,9]",0.0361983844486403,0.00349371532203485,0.228990919992142,-0.416667722158192,-0.118252674297112,0.0324155592503226,0.195388478118043,0.470891445554873,4295.97252138516,1.00043643514425
"L[13,10]",0.00703471315864122,0.00351787162016607,0.223426047660877,-0.431994937467065,-0.147414222401744,0.0104491764727658,0.163612662853639,0.432429192967344,4033.7375058504,0.999760607876644
"L[13,11]",0.0153978526352261,0.00334025528772357,0.231032958240652,-0.432127275749037,-0.146464931024832,0.0164927967316849,0.178752560680307,0.453582579257489,4783.9712135896,0.999296020847682
"L[13,12]",0.03581674612336,0.00339168706573296,0.223400592723888,-0.406445429690683,-0.117450248626517,0.0390678944690882,0.193275969194509,0.461827717956365,4338.47492442046,0.999481375795582
"L[13,13]",0.593316099273683,0.00308150350343216,0.125201748876256,0.343708591752048,0.507531293549694,0.597601557162122,0.6825345130164,0.824839575092941,1650.80379666484,1.00014101667275
"L[13,14]",0,NA,0,0,0,0,0,0,NA,NA
"L[13,15]",0,NA,0,0,0,0,0,0,NA,NA
"L[13,16]",0,NA,0,0,0,0,0,0,NA,NA
"L[13,17]",0,NA,0,0,0,0,0,0,NA,NA
"L[13,18]",0,NA,0,0,0,0,0,0,NA,NA
"L[14,1]",0.0998228795201713,0.00441178184759151,0.211897001882621,-0.31427403332646,-0.0444254061706816,0.102264576862983,0.247562254885659,0.505028093731232,2306.86173374613,1.00177855857261
"L[14,2]",0.0680653912874405,0.00506480535979851,0.222569400537339,-0.381180245910745,-0.0861545797629399,0.0741790495432487,0.223569931055524,0.478018337584866,1931.10279292744,1.00181368452316
"L[14,3]",0.0435163052929782,0.00388834281724229,0.203497060588055,-0.371854573051016,-0.0963337521702163,0.0429305823214011,0.189821256546536,0.424087325968105,2738.96943288595,1.00205891663745
"L[14,4]",0.0923290357797388,0.00408345185825849,0.224895420446267,-0.358033694202481,-0.0615827928247709,0.10367994195312,0.247563973530862,0.515026500905606,3033.23699500555,1.00062892728469
"L[14,5]",0.129352968991498,0.00405169817718914,0.215845087201544,-0.299930016189159,-0.0169635296015248,0.132321746793065,0.27739576655996,0.538457137716004,2837.98544901125,1.00198291109828
"L[14,6]",0.0932301550098905,0.00371719099222509,0.219501225078301,-0.354389810136348,-0.0559581970105577,0.0986206577226797,0.24668349192328,0.502983929266714,3486.93735280608,0.99989750413907
"L[14,7]",0.00182061043087,0.0044506642967218,0.228097604532414,-0.44956454867492,-0.156482382486232,0.00194585855687499,0.16624014803419,0.424733613460347,2626.58689660703,1.00162235275144
"L[14,8]",0.0105521429197742,0.004203301353262,0.22377120362654,-0.422018661198278,-0.146455245847655,0.007317936514807,0.1705067812993,0.434470681358684,2834.17942245429,1.00121040315757
"L[14,9]",0.124808765910652,0.00524587933174091,0.225948803719504,-0.334074875824234,-0.0314512496229557,0.13492284880466,0.288012009079596,0.544170624683797,1855.16908965797,1.00354631751709
"L[14,10]",0.0563363871216214,0.00361319827594275,0.215188056549044,-0.370492090718149,-0.0932774429737751,0.0584099334797001,0.209488703861595,0.467378390102178,3546.9309825428,1.00057686561691
"L[14,11]",0.0317805865445987,0.00364931252956853,0.221476688448549,-0.407973942428581,-0.122161001293558,0.0320414416982263,0.193274223679564,0.456576252090021,3683.27314073205,0.999843525721395
"L[14,12]",0.0276406745964708,0.00401901019641978,0.221095682716721,-0.410016864355507,-0.123148840663705,0.0289479940574374,0.179962430423726,0.45179947400672,3026.37198845263,1.00037617637332
"L[14,13]",0.0497682110348757,0.00418095288087963,0.224055261608741,-0.388207786297496,-0.10344039747909,0.0526970356361856,0.208089406366183,0.477673552012356,2871.83674559845,0.999975412697893
"L[14,14]",0.530324301565233,0.00271005368205225,0.128716146984335,0.266402169970221,0.44357013000089,0.533460527355533,0.618103856646127,0.771618761280288,2255.8502925046,1.00309216759812
"L[14,15]",0,NA,0,0,0,0,0,0,NA,NA
"L[14,16]",0,NA,0,0,0,0,0,0,NA,NA
"L[14,17]",0,NA,0,0,0,0,0,0,NA,NA
"L[14,18]",0,NA,0,0,0,0,0,0,NA,NA
"L[15,1]",0.140824921393848,0.00765478253731604,0.220793755840091,-0.311992824162004,-0.00829283235619257,0.152928980215053,0.295895452056199,0.53935609568257,831.970369852601,1.0058482827251
"L[15,2]",-0.0107715333365231,0.00361100849723132,0.225810572294081,-0.447957314931734,-0.1639277684229,-0.0141621976226635,0.150896927411694,0.430453551103148,3910.49308351646,1.00098271543994
"L[15,3]",-0.0243856791334906,0.00337704413264374,0.193901734970588,-0.394060616523165,-0.159646855465886,-0.0275799107551733,0.111675900619597,0.347615339926211,3296.7796261245,0.999851878663686
"L[15,4]",0.0656754180735195,0.00374770338507043,0.221000552540018,-0.365916854495748,-0.0894277282720947,0.0686994053576726,0.226662272284711,0.47908545122672,3477.41318929327,0.999566837222657
"L[15,5]",0.152245244571365,0.00437380612072825,0.220250610719533,-0.301968978376802,0.00351563813026376,0.164041688110167,0.30835101034311,0.554682546300618,2535.80110425944,1.00209565492768
"L[15,6]",0.122886008653709,0.0042363824707865,0.229285215810988,-0.34644070554187,-0.0316171219493333,0.125118477909272,0.289675465254427,0.541630313832903,2929.2860298916,1.00100719702529
"L[15,7]",0.0159600151472659,0.00402283088767471,0.22493236035079,-0.409477617820802,-0.142704746791084,0.0193787151409053,0.170721592021436,0.447335213270718,3126.3696722517,0.999700115207052
"L[15,8]",-0.0328052694785718,0.00419651348915105,0.217351171575223,-0.453820754149549,-0.178971187400032,-0.0348811369266075,0.119026263446024,0.386703930723521,2682.54319675883,1.00043303199608
"L[15,9]",-0.0169285027645831,0.00362839966843478,0.213366450824932,-0.431467905512326,-0.163483360388715,-0.0206773317051143,0.133951723729796,0.391358862187301,3457.97643297736,1.00017336568878
"L[15,10]",-0.0315658571606179,0.00437697861912665,0.221972010364399,-0.452808040160171,-0.18836659457234,-0.033656515099465,0.120813125478894,0.417101043616619,2571.86151918275,1.000698858858
"L[15,11]",0.0347477236756588,0.00419448354525176,0.220844043108402,-0.398811554258132,-0.119049148982081,0.0318684547534945,0.19000998764598,0.463229483200725,2772.13508059994,0.999807696611615
"L[15,12]",-0.0152639051481237,0.00391064901991926,0.21852892323145,-0.427442908145434,-0.164095172077275,-0.0194485878421669,0.134166758092808,0.410800527048657,3122.6274416452,1.00052065224678
"L[15,13]",0.00664007399796135,0.00477338737544797,0.228595622025315,-0.433793280743501,-0.153898203922721,0.00798683925579346,0.171309451912118,0.455240014104232,2293.41398821177,1.00023885570583
"L[15,14]",0.027084562659673,0.00402238618753226,0.216411333686463,-0.399658486833572,-0.121529913929146,0.0293096171508288,0.1774960506288,0.439339267086568,2894.62609933973,1.00045087556987
"L[15,15]",0.487979707482613,0.00313502629064839,0.136275484084126,0.222589926875946,0.39256771728157,0.487302483118138,0.584929702689102,0.742426484743214,1889.52695801772,1.00012379004061
"L[15,16]",0,NA,0,0,0,0,0,0,NA,NA
"L[15,17]",0,NA,0,0,0,0,0,0,NA,NA
"L[15,18]",0,NA,0,0,0,0,0,0,NA,NA
"L[16,1]",0.169274799876191,0.00756865066767783,0.227209894194263,-0.311906931081428,0.0216419823658226,0.181676418601195,0.329007369644234,0.577273755492493,901.192476422825,1.00487854902959
"L[16,2]",0.0417552297414511,0.00412302448904595,0.22420406662564,-0.394650671368432,-0.115145901589684,0.0417295119699695,0.195898915346416,0.465369523284856,2957.02599572659,1.00004139496251
"L[16,3]",0.0377371188964763,0.00410286095910735,0.20117034786053,-0.354273005465015,-0.103090630041782,0.0393912211610257,0.177909770988011,0.432241282712074,2404.10999912084,1.00198081208079
"L[16,4]",0.0892473539768636,0.00613368485030656,0.227194956535459,-0.364757291745733,-0.064341039794531,0.0966598281797348,0.249416053767333,0.511147072918229,1372.00109007016,1.00092877296207
"L[16,5]",0.0891793879148286,0.00467409769121854,0.219115219675097,-0.33448665279294,-0.0627609836079809,0.0928936331640079,0.243089184251501,0.51018110546652,2197.60441465902,1.00110530486604
"L[16,6]",0.123095780546275,0.00584461777603705,0.221166833599109,-0.313630181258462,-0.0254535157954846,0.125784537752626,0.283328098085369,0.536323875906983,1431.94972811745,1.00269080730516
"L[16,7]",0.0652545064747055,0.00390610484997497,0.225019162077515,-0.372149802379616,-0.0916362293753842,0.0663892671846658,0.217834164381752,0.505028099068808,3318.5717578183,1.00052220004699
"L[16,8]",0.00592560393148446,0.00383537409918148,0.216266324751991,-0.403211546169292,-0.142116533195107,0.00348508375280555,0.152939929811125,0.438752950144716,3179.52568443302,0.999894127921607
"L[16,9]",0.00335885445482594,0.00437012097242883,0.219386317287368,-0.426525151026066,-0.144888156909914,0.00436190920926413,0.150906914142974,0.433156285749757,2520.18346373003,0.999884818988285
"L[16,10]",-0.0370207834760095,0.0040374986918783,0.219815386363155,-0.448134667315578,-0.192346123971125,-0.0399398818747104,0.113478481403464,0.395071105186447,2964.09000860927,1.00036741062606
"L[16,11]",0.0609243742867883,0.00473435713263075,0.225569520985935,-0.380866052440028,-0.0988567062596471,0.0609245548107703,0.219237370291842,0.502498255970454,2270.06767002455,1.00025812378426
"L[16,12]",-0.00451155364949378,0.00449388135138082,0.22366800955055,-0.438644603208748,-0.158140921973066,-0.00481265863006146,0.14548790396135,0.433020851774023,2477.21979713158,1.00203413599458
"L[16,13]",-0.00548468998740988,0.00394227071002172,0.216243107735024,-0.428667176115834,-0.156763453042083,-0.00558981395948042,0.15032062215701,0.405826575102422,3008.78850845203,0.999976851696419
"L[16,14]",-0.0220205638495791,0.00404679255619112,0.213744262677929,-0.429159228515085,-0.169336661482784,-0.0207392595517781,0.119824600425797,0.386571534586512,2789.76131376398,1.00064777071345
"L[16,15]",0.077282710938724,0.00387098333879669,0.214681620996509,-0.355792426392794,-0.0656267399187858,0.0844624811936703,0.224926741441333,0.482775293536703,3075.72234352805,1.00043510845173
"L[16,16]",0.422558523818387,0.00302349835036678,0.136525172739519,0.171565735241765,0.328232262923493,0.417476658358767,0.516125263639837,0.69750828560514,2038.94728389551,1.00221228685926
"L[16,17]",0,NA,0,0,0,0,0,0,NA,NA
"L[16,18]",0,NA,0,0,0,0,0,0,NA,NA
"L[17,1]",0.14629744613572,0.00449949052752653,0.214945681057252,-0.290830029724859,0.00776262042076727,0.152545641556763,0.29938330281981,0.541672166721647,2282.07946285638,1.00200350586371
"L[17,2]",0.0270327828220101,0.00394772948277307,0.222224416484323,-0.40222434816852,-0.131044141660105,0.0293958406563903,0.178821744554336,0.455283468285355,3168.75585275514,1.00041598960418
"L[17,3]",0.134564865725817,0.0036390964782864,0.203163933069453,-0.26978395514618,-0.00585737104682418,0.1384568614306,0.273451102287054,0.528443791687624,3116.77954078919,0.999983870281331
"L[17,4]",0.118278319150989,0.00404681765597654,0.21769421608194,-0.324986819781381,-0.0219565753623999,0.121042174623094,0.26771335928697,0.528775464570872,2893.78664891872,1.0016935193025
"L[17,5]",0.112288218029918,0.00426842540721149,0.227821504110971,-0.339445120407441,-0.0425127817929864,0.11710781172551,0.270901705724094,0.555723926874332,2848.74802422525,0.999612437177418
"L[17,6]",0.116881191733809,0.00430789875942875,0.225073151599748,-0.343454791774139,-0.0372065499512899,0.127516902935421,0.275175149377622,0.525408997916899,2729.70935278454,1.0021944402276
"L[17,7]",0.0108143409181748,0.00363890857610642,0.221084618411272,-0.42092769577661,-0.139384513881146,0.0109896396069951,0.159344067252104,0.437949844894102,3691.26111426833,1.0002294043281
"L[17,8]",0.057355006439767,0.00425648324279829,0.216232995388608,-0.368631481371719,-0.0818409052578359,0.0570495665230912,0.208096476680382,0.477285191725141,2580.7270444439,1.00061951586345
"L[17,9]",0.0150380235936067,0.00390960992389386,0.223061899669593,-0.41257944747082,-0.14035664053519,0.0185033231986053,0.168291033004267,0.445603207562896,3255.24691611754,0.999188589093128
"L[17,10]",0.0205659458812208,0.00425479849981615,0.223745221748726,-0.414298590000494,-0.136862496202129,0.0204064738674569,0.178893869629644,0.451389903438402,2765.34641994074,1.00036012462972
"L[17,11]",0.0390267999103373,0.00425641945040903,0.218427738616223,-0.397178356039112,-0.110743609428077,0.0392158865611848,0.193280883443423,0.447170345298564,2633.46008908204,1.00004574428158
"L[17,12]",0.00948632433712956,0.00423242350199189,0.220020812490475,-0.411479474977432,-0.148207166813612,0.0103570376732694,0.16284224902898,0.435797521648794,2702.39789305941,1.00056897256358
"L[17,13]",-0.0022072357726532,0.00429151628243118,0.22119954407819,-0.437086485618314,-0.151466985275514,-0.0042704415396225,0.145689453038746,0.433329449868008,2656.726977286,1.00122086300906
"L[17,14]",0.0238739025710981,0.00416960001609822,0.218337825868942,-0.406441086177907,-0.126004470917979,0.0263530091795665,0.175048991120784,0.444254247619959,2742.01086593164,0.999536148980253
"L[17,15]",0.0466919506537741,0.00419957126415657,0.215394796623955,-0.376176326567107,-0.101486134379482,0.0490190745282712,0.202479839437961,0.453423732774756,2630.63445840735,1.00173596795751
"L[17,16]",0.0125100573520066,0.00378316924111728,0.21476232549678,-0.406211951648998,-0.135195437243594,0.0149977799136159,0.161073621398736,0.422839979157619,3222.58703776711,0.999442985772428
"L[17,17]",0.353272956934349,0.00308852914824329,0.137147358036699,0.107645295716539,0.252704468145682,0.347978820146424,0.446261838623326,0.634214114502504,1971.83914076062,1.00176254999468
"L[17,18]",0,NA,0,0,0,0,0,0,NA,NA
"L[18,1]",0.0291343732275165,0.00368583152009266,0.21077432578422,-0.392141556681831,-0.114810862805978,0.0291984190918029,0.179873415001885,0.42837931454819,3270.12578603032,0.999526883671485
"L[18,2]",0.0356268313993292,0.00445559685481908,0.219031155975008,-0.397745533637699,-0.114166272637547,0.0391561461012631,0.189756166219376,0.464347966458543,2416.57352403279,1.00071057889803
"L[18,3]",0.18595084306399,0.00345269250513251,0.201651051128006,-0.219227754345367,0.049362777651383,0.194810207183346,0.328159854410055,0.549729721546204,3411.02715030857,0.999830644025365
"L[18,4]",0.133225990280036,0.00452164908775389,0.222845496758425,-0.302756341121524,-0.0267578079856742,0.139518887255094,0.288033654183934,0.543502196803439,2428.92449550282,0.999783138742859
"L[18,5]",0.0717407866456604,0.00369499191876836,0.210163978093077,-0.332399527657185,-0.0791830064362148,0.0759955798476949,0.221129084198664,0.471855299733424,3235.11389524844,0.999576700823411
"L[18,6]",-0.00299152138284664,0.00493769197456488,0.220883157117063,-0.424553966820615,-0.15703531801073,-0.000153695421635245,0.149778188134508,0.426620947416388,2001.13880694308,1.00052621882326
"L[18,7]",0.0100734301508045,0.00398029648174278,0.226369935755492,-0.427040368686778,-0.144553864629997,0.0088602677648593,0.164734338914268,0.458189276418984,3234.49623341263,1.00016097208815
"L[18,8]",0.016442503381371,0.00416594554069019,0.225956981964758,-0.428997213202029,-0.140201630566793,0.0198557871460114,0.172479750386202,0.446075313469453,2941.87593763767,1.00067539184623
"L[18,9]",0.102916407385095,0.00632115277737546,0.223055693950345,-0.340784049096224,-0.0469025789679303,0.1084622015702,0.258427728055196,0.523703380268189,1245.18549759256,1.00313805921106
"L[18,10]",-0.012514714981137,0.00424472134453267,0.22341248835502,-0.440601788512638,-0.171623739897102,-0.0154584013014571,0.143872685332514,0.427952074331688,2770.23442068961,1.00114870129215
"L[18,11]",0.0206220313160447,0.0043186207129102,0.224449274019393,-0.410313470940237,-0.132986325725151,0.0208938396366026,0.179647800701127,0.460522677286556,2701.13495604276,1.00193594032309
"L[18,12]",0.00158126948460821,0.00408402108390763,0.218193232719426,-0.418431031905835,-0.151895351091357,0.00165709029359864,0.157267778351357,0.427242462695027,2854.34590823318,0.999940982401357
"L[18,13]",0.0231100530261769,0.0042001841980422,0.219612106106589,-0.406980203262845,-0.132005056352071,0.0300570960214796,0.175721247063403,0.44180903791692,2733.85754295211,1.00003623418673
"L[18,14]",0.0838109820974986,0.00456239181791923,0.220488382194218,-0.346479476767255,-0.0708274068872495,0.0854940374763035,0.236331098394917,0.504420845491251,2335.53436750732,1.00067012240982
"L[18,15]",0.0419334827448962,0.00417976326145116,0.220282322356568,-0.394856697185005,-0.109594777391931,0.0432729358890045,0.20094304035506,0.46271143368792,2777.51187335833,1.00076414985044
"L[18,16]",0.0173371464715144,0.00421861767982763,0.220890483752899,-0.411742214694286,-0.133911464459272,0.0174169038154603,0.174686074657113,0.443143939807363,2741.66050458906,1.00037683511268
"L[18,17]",0.0337033156153061,0.0046297235382926,0.224358295342364,-0.399796188098291,-0.122846092478834,0.0386614362188985,0.188163015677806,0.461644445989239,2348.41122202029,1.00060563574325
"L[18,18]",0.279710027965686,0.00305990186374251,0.141200564019405,0.0521593717826258,0.171998396873259,0.265550882144503,0.373974114411992,0.586812808548159,2129.40302504901,1.00028561715504
"N[1,1]",165.640834611386,4.07087754781065,65.1196969981707,80.919009360232,118.139413437395,151.134412374833,199.50560553962,336.025264122054,255.88726018117,1.0219840158318
"N[1,2]",957.611226934012,16.6790126181757,715.398771917961,220.275868628912,512.018627306758,784.921425621268,1175.54016830943,2732.9609622644,1839.73684457516,1.0004312617283
"N[1,3]",42.6528292473791,0.882068194095069,33.7526802674715,5.21615186799368,19.7887345602365,34.3233903094747,56.9491126062887,125.421040234805,1464.23979541064,1.00145657917681
"N[1,4]",1329.51185666365,24.4778759344719,1076.15566737507,246.973294726074,693.383202213413,1074.36124965793,1641.4273158618,3965.57027489605,1932.87040225496,1.00134348417965
"N[1,5]",426.590471290662,6.73898142954999,143.654317673565,222.236693420051,322.739726927857,398.04454783701,505.135255250604,775.967389415012,454.41101286053,1.01108709449235
"N[1,6]",1568.79312141167,26.0968661260867,562.955733751738,769.787430586864,1165.65668519203,1471.12801909368,1876.29993583138,2937.19798512827,465.341492314235,1.0119158883955
"N[1,7]",445.770630706963,7.65372209438686,343.315945956172,86.3650518999037,232.590096028646,369.259798258303,557.856322955561,1264.99797348883,2012.06762453366,1.00159956133192
"N[1,8]",130.139904185628,2.07721208287891,43.0458913827817,67.2790797695121,98.9342779921442,122.802335951121,153.600716234106,231.45127004573,429.439245050915,1.01117480763868
"N[1,9]",645.162459970848,15.1658425747182,621.16470859528,108.56532274265,304.02102027891,482.897763155539,771.409647063008,2244.59130799055,1677.56926035758,1.00198141441774
"N[1,10]",327.869684332903,2.61044802728035,146.222016048402,126.588221872232,227.865394216518,300.687041211938,399.395599021145,698.611269364792,3137.58451446865,1.00022774491154
"N[1,11]",1628.04504234414,18.2164599188385,524.045379574733,874.599061503017,1260.67359317876,1537.65925027293,1889.94699017853,2902.81877197378,827.579696514786,1.00573949979494
"N[1,12]",1233.86546623775,12.3599600076302,367.323982479299,683.728181571186,980.438068457365,1182.77540778411,1421.79314115044,2139.66392006269,883.21093499899,1.00592290150331
"N[1,13]",59.8154343640015,0.624764214522811,31.1860721514229,20.5275904219892,38.7004065414717,52.8992213568024,72.4491755962613,140.620955893267,2491.66164415373,1.00127859895081
"N[1,14]",121.711665802078,1.13638957337403,60.2885563286377,44.5247200394185,80.6869256241051,109.137129654948,147.510250306483,276.035304926314,2814.59095761561,0.999353630815606
"N[1,15]",267.453982264871,2.70159116862419,77.207988570917,151.865131317481,211.074232109552,255.33190668955,309.881772274277,450.957450712244,816.742623463164,1.00677255982472
"N[1,16]",264.08327026115,4.13865466319807,96.0669093214103,128.294254985373,194.899318394206,246.569238997031,313.757143014294,494.946909337731,538.802073392148,1.00829261636441
"N[1,17]",6206.07188918558,100.402371218064,1994.05329574559,3291.22147569161,4731.4046142557,5886.60338528799,7301.42274854019,11059.6318938842,394.444208540232,1.01020587699011
"N[1,18]",660.78004508156,3.79405803968553,185.050613718379,378.19231822392,531.044237391381,635.602421055307,763.074186081268,1086.23995357504,2378.88319883888,0.999703470889185
"N[2,1]",262.464184638144,0.917057826946268,61.0872565286508,161.346561747125,219.305495799452,256.800356321362,298.051351836198,393.17338495397,4437.18768007261,0.99988468768504
"N[2,2]",1029.95628009002,16.4885579240262,698.16198791564,286.342498144507,598.265798901929,868.385507150438,1256.78275093419,2803.4576350959,1792.86277695571,1.0011377292768
"N[2,3]",46.0247397268698,0.855290989618845,27.8020966343777,9.59378867418247,25.8611824857829,40.1704530425963,60.2585968163095,114.556864223208,1056.64062325226,1.00163138873793
"N[2,4]",1540.86841051087,23.5993463343626,1104.23596396908,376.846096241612,866.025774170065,1266.82773631819,1875.00397018009,4449.2238508686,2189.39351584493,1.00181639054297
"N[2,5]",626.360806228462,2.2726370067462,151.54369238831,384.213927510529,519.841751167644,609.428961677691,711.542818643531,969.320204052562,4446.47219437923,0.999273386567694
"N[2,6]",2374.30185865578,11.3194122294473,624.257272445707,1361.11825164178,1932.79037624103,2298.85869483935,2724.66122050399,3781.52519634336,3041.44150565201,0.999855374881106
"N[2,7]",486.776411521214,8.35237627523282,358.116108400367,115.545707836581,273.682801723793,412.033896589899,593.849650640823,1339.88307676609,1838.34750772088,1.00176308780435
"N[2,8]",169.405999314328,0.836967779091691,40.9542196436311,103.545066817054,141.669582961531,164.311841813749,192.649898406825,263.115760233191,2394.30698158979,1.00113560076769
"N[2,9]",760.238190258614,19.9377846057784,765.094948903088,143.005444876015,357.917945360856,571.896640222983,890.415726820541,2457.57866340081,1472.57312390948,1.00232041513078
"N[2,10]",343.390681519639,2.3526274997267,134.328053042708,150.004458134794,253.226765157731,319.911505031677,406.784379553172,673.68139264001,3260.07132564613,1.00041596763308
"N[2,11]",2089.13173610282,7.72702415683757,533.774706195378,1231.49214807293,1708.43068833509,2025.08461087758,2392.03788976728,3328.4730319693,4771.90116890133,0.999561827721768
"N[2,12]",1521.86946561204,5.78991430262991,371.679668589496,916.037491826614,1265.89802521822,1478.53882819646,1731.5187179863,2353.95867566821,4120.91198584939,1.0012188916324
"N[2,13]",71.7346941481202,0.875715560127648,33.7923991029182,27.713581184634,48.5353226350414,64.6050349817393,86.4473765603031,153.682330697088,1489.05904320681,1.00290616317368
"N[2,14]",157.280136691582,2.4540350672194,77.5289031865545,59.2950954156725,103.976961047285,140.950623850669,190.798869852686,349.148340813841,998.080915157316,1.00188798643439
"N[2,15]",358.227474366839,1.34689388163322,80.4746034372334,221.712411830176,302.092006445975,350.66768854033,404.594844941329,540.792640671908,3569.85790934686,1.00046685644524
"N[2,16]",364.423308581302,1.39041039269898,95.3367414126702,213.840591270995,298.467063181812,352.990989796814,415.809244368851,592.844321680753,4701.48004336155,1.00018781046599
"N[2,17]",9283.08238259477,38.0461246903938,2054.63852073303,5895.89900885603,7822.77951692883,9065.01493771744,10450.7644709796,14001.355171614,2916.41953336879,1.00195679271758
"N[2,18]",781.840909840674,3.1455875771432,182.876569779317,488.053248102198,651.932416067046,759.984303667412,888.119196894188,1186.12591778903,3379.96787173096,0.999707268861893
"N[3,1]",383.270262470154,5.5227929989264,104.221669931915,221.729234751456,307.206648132117,368.662609010316,445.216135706787,617.927986227653,356.121770455589,1.01494987680386
"N[3,2]",1101.80339797815,16.8784140260755,722.735944912954,321.020458902143,667.923750331229,941.246639650528,1330.50599829986,2891.34553683902,1833.56384842389,1.00308529216982
"N[3,3]",46.2520596146639,0.865639439289594,23.9395970927728,16.8763742039547,28.5141170945086,40.5276533012985,58.1335312127856,109.153310368827,764.820647158424,1.00293206652776
"N[3,4]",1749.77090298355,26.9106355346434,1221.25427449673,459.114873660688,1022.47731633387,1447.44466115935,2114.34220006016,4812.1125994772,2059.51180100564,1.00125327893619
"N[3,5]",872.766487387578,10.5581273300948,234.631977364327,498.349649998729,705.165426235272,845.188906635388,1008.17441534878,1405.63229755105,493.85631417669,1.01409509391236
"N[3,6]",2874.26248913263,20.8444410374952,797.505650259346,1633.93370552487,2299.84043541214,2772.577349801,3304.57096035931,4683.06938937954,1463.81782106997,1.00341620195275
"N[3,7]",517.539301946054,6.48180728507093,326.16550291627,141.813357619993,309.588105396244,444.499911715214,631.830908371585,1394.1106685235,2532.11731064148,1.00060317691575
"N[3,8]",213.9357140739,1.02501066000749,53.4068067602094,129.356231172601,176.80719793793,207.91071081823,242.682639875647,339.47140771352,2714.79136860098,1.00068839420732
"N[3,9]",867.831196565165,25.0470779305075,804.994006865183,168.426322956238,401.754521596377,634.545997730046,1026.79497383724,2986.35704783788,1032.93063988468,1.00371344055488
"N[3,10]",370.487001368151,3.13653048424645,148.358120624172,143.083266829984,269.990071777398,347.479738142411,442.836673454283,720.302225477696,2237.29689834324,1.0028203444076
"N[3,11]",2696.59227703861,24.7010006609398,780.854844905513,1498.76360579792,2129.63135376108,2600.07503195083,3126.55465995478,4553.69426234099,999.335979913785,1.00447990573726
"N[3,12]",2050.14373584171,28.3480640591296,623.94827707659,1097.62570149258,1596.0681264721,1968.37447676798,2410.40478280465,3486.66668089766,484.451571104815,1.01254395656629
"N[3,13]",80.9893724010138,1.82851958628036,42.2338420088917,30.1196660772876,52.5333947047935,70.6285452469588,98.0386614936811,188.265937848138,533.484675336095,1.00857610457549
"N[3,14]",179.82911652207,3.70696589112265,96.7733915077086,63.9183946448593,112.697262813506,157.972601081137,222.349594236462,413.299696389977,681.513939394076,1.00406896074188
"N[3,15]",453.614706419781,5.8877612002586,117.767178307617,261.949991279242,367.931655923485,440.081781532432,522.818792696133,724.630516094811,400.081218709989,1.00980677270357
"N[3,16]",459.924139477051,3.73256368594757,127.1935681074,264.523843025509,370.332031673329,439.996911654607,530.722378625161,759.005380630178,1161.22358543942,1.00151605228838
"N[3,17]",10629.5361446279,45.89841133861,2394.89433719409,6712.07759564469,8937.19840529934,10380.7573403131,12046.2879988479,16034.5574966642,2722.55966847852,1.00167064320806
"N[3,18]",901.417392404628,7.30374287198279,226.783602693995,553.310130085335,738.900602786886,875.011844276128,1026.03243653344,1425.61268168414,964.122791459862,1.0038166691606
"N[4,1]",363.140043682279,1.71451804045082,80.6280575039575,234.583638976204,304.818825347014,355.001373415733,410.212878831196,545.593153534524,2211.50678102628,1.00138951443742
"N[4,2]",1038.9493275421,10.2658092355884,504.091658965471,369.600549810944,706.822746815405,938.294913743057,1254.7809446814,2260.02765222715,2411.19671506661,1.00103102565763
"N[4,3]",87.9215356250539,0.423707530862655,27.1110516355886,46.4092066802814,69.3345834807714,84.1945612891184,102.302523460963,151.30782903309,4094.11806068947,0.999315250720753
"N[4,4]",1681.14444864854,17.5528061573215,893.310681471527,594.488438507059,1104.90073657772,1496.07908796236,2026.33142952804,3887.78860890808,2590.07261670652,1.00016891237411
"N[4,5]",885.578710197472,7.02092600754551,223.758054509084,513.451180761042,730.774934810914,861.638562682895,1010.5204934172,1390.44955921555,1015.70727364704,1.00470348513152
"N[4,6]",2956.81156068205,24.4404659786533,792.427282377294,1697.63155959022,2390.75460887092,2866.20589719237,3398.16612999327,4826.98241209467,1051.2351528679,1.00386014788775
"N[4,7]",494.67336845862,5.29753230691888,259.147558093428,168.684351746525,325.419554154809,446.407929178209,604.850987687284,1123.97321466124,2393.02377801988,1.0011966087964
"N[4,8]",227.095939341074,0.895321433146903,51.068598575045,144.646094667849,191.20853524341,221.53403267576,256.756964098575,344.554793299699,3253.49330796184,1.00125019300836
"N[4,9]",847.735450402998,21.8820623746141,766.977112370775,170.708978498509,421.298344892442,642.425216177915,1013.66844432881,2806.81611856846,1228.53718218835,1.00465939214336
"N[4,10]",526.912035504677,8.26761532261411,236.616395498183,236.312163849408,372.033620110516,475.461407485939,620.275504509261,1156.8441876404,819.085325904138,1.00143952847877
"N[4,11]",2755.84104752684,20.9989313610956,992.312494058996,1350.84811684933,2085.99024975326,2566.95178453199,3235.78801519215,5199.34240992092,2233.07099743831,1.00127933234681
"N[4,12]",1839.78984336966,16.0907154757688,625.839451018128,942.363883040391,1403.91662665363,1733.126242844,2155.52806289208,3369.70206582163,1512.7778660479,1.00446392054521
"N[4,13]",74.7337991082729,1.65044611745045,36.4052580683671,29.6165415152413,50.7030479872059,66.7357641017305,88.8817138216082,169.132702142228,486.547815807759,1.00696840716311
"N[4,14]",161.296994960373,3.40350701112993,87.7165467042028,62.5205271031582,103.057328797968,140.450167242614,194.984891048045,376.524548515459,664.216641295892,1.00345568860995
"N[4,15]",371.169051468151,1.55303196242746,80.7132699104837,237.891928740461,314.434725725015,364.07069783538,420.621911101648,541.312552123862,2701.02806296551,1.0002483001557
"N[4,16]",434.346607517192,1.69878440089221,106.019734087161,259.579931704127,361.712343625574,420.503824570437,496.434083830599,672.8370436893,3894.90520681138,1.00031528407177
"N[4,17]",11567.9999581623,48.4326600288002,2519.98169208758,7467.72986436909,9778.93573554456,11263.1985420955,13038.7072586439,17266.2025174929,2707.18619652888,1.00142529164147
"N[4,18]",772.957088084608,4.18447725922073,179.799861655753,475.200346525434,642.725798924264,753.408980493981,880.358312458267,1177.53540610791,1846.27454691202,1.00283502347604
"N[5,1]",334.824689332886,1.31545238365097,74.7573776798427,216.009177861062,283.276087302233,325.00515162477,375.290619474751,507.148583528544,3229.66779798985,1.00003548403238
"N[5,2]",958.301777879593,6.58010718616286,382.402997053364,396.97016514137,697.368345945122,895.083817416212,1149.49833603461,1873.21152108648,3377.35442489651,1.00000782025959
"N[5,3]",117.905340351806,0.540808746404874,34.3531724930984,63.2449390316821,94.2032184701456,113.466612705983,137.513922809934,197.65110039954,4035.02552732683,0.999885195177834
"N[5,4]",1537.11744634034,9.6088168656589,565.949984180216,723.618282196732,1148.35956654089,1436.44378065215,1815.63171649982,2887.91394249238,3469.09562883931,1.00027567253984
"N[5,5]",857.261168627622,5.42290880901935,212.56262833659,514.775387562588,704.527003997335,830.807175810111,977.027180377664,1353.78462523066,1536.41741110518,1.00468424182701
"N[5,6]",2251.34747858173,14.379558290566,574.553608887764,1296.88379707914,1856.03911742752,2187.88470237842,2582.41278187775,3470.57234074458,1596.50404220365,1.00130897617263
"N[5,7]",460.31678564471,3.82298841952359,196.406079619214,175.016521340272,321.510676513394,429.904354837975,563.204812858386,931.001062739631,2639.39195718469,1.0004262119299
"N[5,8]",227.485080276637,0.828430928039738,50.9212930823712,142.567427414778,191.08966707905,221.86563230716,257.262951468233,340.539845231397,3778.21126573823,1.000379962901
"N[5,9]",804.382632704356,18.8590153799244,688.313573657614,183.383780457598,415.047758175299,621.968648375223,967.716100186314,2559.30589727183,1332.09328365921,1.00506725993125
"N[5,10]",524.82811458369,7.34233305180127,219.694758601286,239.155259634842,376.872459072544,479.190430058882,620.131568082086,1085.69287604687,895.305455301042,1.00204743683121
"N[5,11]",2635.41603539512,18.8320709604454,992.224254255365,1225.58684532968,1960.6581437295,2454.03594135115,3093.89199277933,5077.95325133028,2776.02590071031,0.999480193058147
"N[5,12]",1626.42551672873,10.37201855123,569.91682915925,812.607320942392,1230.5651267516,1533.02612802281,1911.18599947043,3056.9596147939,3019.23135671017,1.00051610487497
"N[5,13]",62.7241404937911,0.513609536991919,25.4466523783937,26.8758262927408,44.9028241766294,58.3467023184215,75.1165134912514,124.733283880638,2454.68153304132,1.00063809608968
"N[5,14]",114.810300422696,0.857010375763859,45.8725074508665,52.2729114490697,83.7150848932454,106.354798667505,135.88339853199,227.569104614637,2865.05392101108,1.00077886079142
"N[5,15]",362.883715128599,1.21095725469599,75.8613445386824,231.739488117381,309.263564676252,356.534075109741,410.836406566368,526.935219658025,3924.49196927342,0.999874180039093
"N[5,16]",379.972909501809,3.93678028855096,102.757557536531,209.367562057628,308.591475225745,370.36326025595,441.367372389035,607.411680959868,681.310670418792,1.00445833601291
"N[5,17]",10743.4798276619,62.3518848758917,2392.79291533369,6795.499462517,9048.41440854732,10506.3765058528,12121.4106800502,16133.7377482702,1472.68904133187,1.00313640756582
"N[5,18]",855.059507746602,3.42516451348383,190.443538912112,543.207688215528,718.295736684624,836.812185061472,968.342041086877,1284.43195445693,3091.5025893121,0.999545548844239
"N[6,1]",371.752501489357,1.80995358416939,83.343994723368,235.328578643376,312.9475895919,363.383267799783,419.837995769163,563.814497019957,2120.38024767932,1.00095761233642
"N[6,2]",920.897264311387,4.51326098963234,266.749315870856,503.122999900734,730.40282630192,884.489757085483,1070.90600526,1543.64560803578,3493.21834230626,1.00069074847292
"N[6,3]",168.747551467752,1.21878334840398,52.5663061247026,86.7326681726058,131.49537906207,161.548200402137,198.398785445963,293.297440574628,1860.20966141337,1.00253708896005
"N[6,4]",1744.38323270042,12.0322930332304,580.843806376669,859.960738579812,1328.18092845634,1655.39058888639,2066.08447275807,3111.88200190701,2330.35414118307,1.0002003630033
"N[6,5]",747.389634188024,2.92346336104308,173.080046920045,463.094335595993,626.946535700156,728.07697800035,846.692257519326,1135.64634756398,3505.08615902084,1.00002423552593
"N[6,6]",2667.80384704295,14.1041986875355,651.276046338689,1632.45146101122,2204.11133598119,2596.17605224322,3052.66923117109,4157.2993202731,2132.2266934908,1.0021327176263
"N[6,7]",452.817235718364,2.59213186160545,142.305071071221,231.830128914311,350.128786329255,434.705344825698,532.252604442824,776.604113943558,3013.88427438357,1.00114210467736
"N[6,8]",259.710594252362,1.40679117202064,60.997862990459,162.747495471039,216.022733507974,252.661482705033,294.345611338457,405.342250967285,1880.05247651909,1.00214805823558
"N[6,9]",814.756556384073,18.8401160801775,653.579603910488,202.31452954996,437.69815060198,636.889153370702,972.543345023158,2585.83694115677,1203.45493742904,1.00595234333887
"N[6,10]",513.576660787415,5.33639200673682,211.279498942246,235.646437486924,369.354556941284,471.584866694997,609.136985736414,1044.27896802743,1567.54229094446,1.0004604254006
"N[6,11]",2898.50772778451,24.9785058239685,1140.35720425816,1385.94340930447,2124.44485943983,2677.75467016449,3416.31058983346,5732.90549099569,2084.24567608888,1.00210037016731
"N[6,12]",1545.89695043843,9.00303949123701,504.632305301305,794.974623269988,1200.23027517896,1465.76584426559,1807.81171823135,2737.33707515525,3141.75119351397,1.00073778179974
"N[6,13]",54.4198729390456,0.433488623716856,21.9501801577342,22.0988170112966,39.0412418093626,50.9486907931893,65.5716137031854,108.363073033864,2564.01622546614,1.00131531553827
"N[6,14]",110.816704279201,1.20120049804961,45.4194428589287,49.660298036266,79.0865635685397,101.561320929943,133.058380946002,225.865473219221,1429.72528562586,1.00337969108891
"N[6,15]",410.821158286279,2.91029245153965,89.7588329371352,261.604679522353,346.523791287548,401.330635242252,465.287687149313,609.529998011978,951.220340715758,1.00280871425472
"N[6,16]",502.346882198518,2.28633473276982,122.244376926906,308.293958242486,417.85797061509,485.50856039538,569.129707724252,797.483782346996,2858.76301411231,1.00156325996923
"N[6,17]",14129.5167252281,150.019376464438,3460.1735657837,8560.39491979822,11621.5852204386,13784.1316978464,16161.6302143134,21798.8583510616,531.987044320068,1.00893149125601
"N[6,18]",984.336615460003,6.33231114218649,227.242927935342,608.054863801886,823.285336493633,956.040405120962,1121.59439848618,1503.8779164959,1287.82324745888,1.00387365908713
"N[7,1]",387.341743436468,2.09498810839433,88.9120224859387,246.047507337505,323.033856084945,378.973027240457,439.998278031209,586.423429513834,1801.1830617785,1.0026406117274
"N[7,2]",896.019609984346,4.7021766076327,234.619346650351,517.155532484264,730.131494375351,869.521500108254,1030.73765916838,1425.52618269685,2489.60110959451,1.00204898790012
"N[7,3]",212.838152245723,2.10338701679501,76.4310411989491,97.7422906652467,158.289280001249,201.765686735424,254.081983687365,390.028363599487,1320.3867999795,1.00108064335799
"N[7,4]",1612.69558312165,8.71609947476209,522.997933157528,851.609039097408,1244.51174877108,1528.60787157103,1886.39124850902,2873.63440960473,3600.44009110405,0.999645047645813
"N[7,5]",776.989135681218,4.17278748892496,184.959845696803,476.532562468686,647.923181785718,752.052762197479,883.77611472088,1205.4325599356,1964.72772496081,1.00292538422608
"N[7,6]",2740.65263036677,17.2469238068771,696.398460767559,1645.36984737824,2249.79542008549,2648.71688364173,3135.43848453004,4338.79908860982,1630.39305075503,1.0020233952342
"N[7,7]",517.570860913475,2.35792759646883,145.345709829309,286.736615327108,415.731457878163,499.48671361285,601.74352540051,845.393679539411,3799.64921093871,1.00012008827229
"N[7,8]",254.112285630183,1.11808543046095,59.5721765295171,159.986504372727,212.160161263997,247.085704331897,286.850296243287,395.401669681047,2838.81413457289,0.999546298319895
"N[7,9]",767.233424312279,15.1134916791028,553.246349605094,215.460642957919,438.347254626338,616.363431830369,922.443186376395,2188.84473706322,1340.00831007387,1.00476537321449
"N[7,10]",474.07402028539,3.95903460431436,184.450399270986,220.673418887436,349.021415243065,433.664994792753,562.055084025453,936.83040878403,2170.60402401457,0.999609194687245
"N[7,11]",2912.491246738,26.5066163963091,1087.43978083794,1453.47117095359,2184.14234762272,2710.58751444738,3395.58237499943,5478.81729705853,1683.06871233893,1.0025599301925
"N[7,12]",1382.61135717926,6.36412106223665,349.034187116888,823.201305854795,1132.6024936998,1342.83892315653,1588.3298957539,2194.94078445916,3007.87005090046,1.00074586253317
"N[7,13]",49.9385107959963,0.534724264778094,20.3401593685815,18.3099760679661,36.42988135932,47.0605448910591,60.3483886113229,96.7229513060373,1446.93465608123,1.0029360163169
"N[7,14]",85.4122298891585,0.782050406249602,33.5352466305334,37.6276061051936,62.3248316009202,80.1130805649967,101.638022020618,167.044012073819,1838.79586040556,0.999892647524719
"N[7,15]",399.802698860861,2.59220006140819,89.4663979969807,255.266586664405,336.736469321236,388.881063461621,451.15558040907,606.559830642592,1191.19502801041,1.00271374529064
"N[7,16]",505.283239598914,2.22229525008455,124.153264460257,306.183045744042,418.075500006916,491.901951616646,572.117601808729,785.598519681761,3121.13655760962,0.999526074813122
"N[7,17]",14239.6006720961,124.56430980613,3392.08972087844,8708.4355156373,11803.2924875425,13907.9695380557,16232.0760873609,21796.8817563416,741.561902016918,1.00605884192437
"N[7,18]",932.234402157771,4.62250609440403,216.937860432751,591.768129080438,779.058560984503,907.046461350354,1059.04848073766,1433.02302255689,2202.49900215539,1.00204219399039
"N[8,1]",398.137889654001,3.1602453981965,94.0244890513058,242.485445911263,329.081545861083,390.426587049685,454.892501612042,608.50338883717,885.197846901096,1.00510980844156
"N[8,2]",1079.72479496487,6.06320242597881,284.66283395523,635.806954895878,886.085121582418,1042.93218843947,1235.13997503772,1732.38203820971,2204.23250078393,1.00148485449123
"N[8,3]",215.194135098856,2.20165133959422,75.9572702801874,100.334439772256,160.806541061453,203.912450340783,258.278474966643,394.447536814663,1190.25937272362,1.00131441285793
"N[8,4]",1860.35076329561,22.4487811606926,661.484877651916,938.742261564398,1387.84069150467,1757.6656649865,2178.00121613039,3505.42768219825,868.269024187334,1.00234659870542
"N[8,5]",794.222752399785,7.58130831167074,197.030735036693,474.183156479964,652.759303147578,768.632300127348,911.397194839538,1256.5907583543,675.428897962466,1.0113809361798
"N[8,6]",2742.72172187425,25.8101195833973,717.012017173473,1613.68413703686,2234.45254772048,2639.89391913312,3171.6687067184,4352.6392823501,771.743242867784,1.00714706685078
"N[8,7]",491.978310897431,2.12820037370243,134.134521722086,278.689576149659,401.363826299192,474.488925727691,565.938515569439,802.560978929577,3972.42859899674,0.999312667090325
"N[8,8]",281.720310501393,1.88682192316457,67.6526177253991,172.639986011976,233.495635891731,272.360668197089,320.175370957509,435.860826868801,1285.6045001045,1.00246004846942
"N[8,9]",780.584930980743,17.3681532784201,510.16015446428,250.182304876688,463.827080361738,646.046344844636,940.133174636225,2083.59108652539,862.791354189336,1.00687911198972
"N[8,10]",445.95943689807,3.56099397104834,166.86167111846,216.731541470036,331.432845228902,417.792039472626,527.403498712094,854.269520361188,2195.6883656109,1.00018113265624
"N[8,11]",3189.38012965964,41.7677758908329,968.944234932171,1701.45356176374,2497.69100768288,3053.09548771558,3719.10313214814,5508.33833608259,538.164277058188,1.00814052859997
"N[8,12]",1622.90867817759,17.6942046067226,398.750510550077,978.760499324557,1328.78304615916,1580.55021746806,1869.87010100162,2536.39241523487,507.855797309239,1.01086280798339
"N[8,13]",53.4299706391905,0.340074580241423,20.7426659170639,23.6010503939459,39.0230006279097,49.9421058796157,63.6814750281388,102.139455638296,3720.32434278619,1.0013648509944
"N[8,14]",85.7935046174814,0.813322288350604,34.2056103310202,39.0467104808246,62.3760012768418,79.4265559498731,101.65345779057,166.214404393787,1768.76175882207,1.00091909980194
"N[8,15]",343.059154136561,1.28187464316212,72.7971579901778,221.677748732615,291.328109763754,336.96227340672,384.199123219552,504.041494765848,3225.05953247938,0.999675277172762
"N[8,16]",635.998292281211,5.51781819284377,166.706093917839,372.291403301624,518.599284508415,614.167851604232,727.697228436308,1024.61409811818,912.784334249826,1.00455777331456
"N[8,17]",13732.3874257457,131.125791380603,3234.01712383293,8449.10305565625,11392.7197965333,13393.4827185423,15624.8002464371,21062.2864448924,608.28679077035,1.00959368321607
"N[8,18]",977.38038079847,8.50627902710481,239.670380339858,600.525987336834,807.039459910337,946.756439129514,1116.45153628695,1520.69757223093,793.870165593026,1.01043144525638
"N[9,1]",289.744128874198,2.25917568459008,66.5738966360778,176.265176267135,242.730677560525,283.375652696697,329.269807603916,436.150319156152,868.37626503402,1.00417027982995
"N[9,2]",1126.18189701294,10.2815424019251,307.171849080165,670.058055998973,910.163052338611,1075.09627302001,1293.12620178541,1846.34572073519,892.5782136817,1.00463907652893
"N[9,3]",146.757150276621,0.824889618628809,44.1161551060294,80.3817276668995,116.617151811224,140.412578846434,169.757786702837,250.134549019038,2860.24762722595,1.00048863579478
"N[9,4]",1500.62779036438,9.375972200956,491.849196538805,795.178877622205,1163.30081728286,1416.69875225428,1747.02621076469,2650.2071496623,2751.89152361712,1.00022151223888
"N[9,5]",508.359088116193,3.97811543414601,120.275427145498,309.753231564798,422.948236978583,497.998424978095,578.223769348048,783.115131411512,914.11124991526,1.00459213995615
"N[9,6]",1796.59310873277,16.5189052004297,474.926964481383,1014.80280835142,1462.84090631031,1744.30792100736,2077.28043780085,2854.71364066707,826.5918786135,1.00488628758865
"N[9,7]",539.325161414174,2.24511747376499,144.453211740371,309.064509307839,438.211071388832,520.271365482606,621.175236149197,868.483700497976,4139.77049185411,1.00011356076506
"N[9,8]",274.542202240531,1.8643409295592,68.1127781844561,169.235556027376,226.68628354185,265.034575822298,312.069610482772,428.71486366978,1334.77025829196,1.00373377013667
"N[9,9]",608.8034788259,7.20368913772007,284.399107007795,253.206850109167,420.996349579752,547.209039705267,726.854972380252,1311.76218178286,1558.64255741872,1.0039562519871
"N[9,10]",370.850545349721,2.44406346158538,135.967214224515,175.345672197227,276.412980538668,347.932086469,436.460381731748,695.433128014533,3094.87734748513,1.00018471186064
"N[9,11]",2269.90823663848,11.4175477931363,561.446412531339,1380.2674176751,1883.40906421858,2202.06600503155,2582.95423612762,3566.41221789962,2418.08156408718,1.00046071022573
"N[9,12]",1322.17537855998,4.96754001726588,300.206614820067,833.842579734916,1111.49831677386,1283.14450816883,1498.02636921884,2010.28599207959,3652.22702693282,0.99964490531665
"N[9,13]",46.7434690360942,0.476285673553614,18.4256980378168,19.1660500813792,34.1970558959913,43.9880340092545,56.026976571417,92.0124408192134,1496.62454188159,1.00186860962262
"N[9,14]",53.6347834900106,0.881930642233036,23.0555264531262,17.0061790980917,37.801274640078,50.9936282760313,66.1768570999577,104.765877679717,683.409831750807,1.00400332316808
"N[9,15]",225.353361303406,4.53550943030202,66.9335131864874,121.750397793036,175.367521302567,217.635557870778,265.0938704596,373.570515961834,217.788574796954,1.02408721625119
"N[9,16]",495.455584348109,4.2839666469348,129.112944810164,279.448072504878,403.081128502811,484.044691265569,571.396329251869,790.979190758946,908.337849921999,1.00354870673434
"N[9,17]",9930.35065663801,36.612847287852,2125.9092958865,6385.30452905973,8415.05624279523,9734.52013822909,11110.0734220185,14927.0471540203,3371.49448480093,0.999727236262337
"N[9,18]",768.732974165508,2.95937704917077,173.961563059405,494.728860839801,647.491467735547,748.926103973474,866.633194898921,1164.27839899296,3455.46103090997,1.00143776547362
"N[10,1]",319.185939895881,1.26007208380007,69.5512352928901,203.441577194695,269.988265715912,312.569488496167,360.742507244466,478.356297323192,3046.62439659326,1.00138678906274
"N[10,2]",1075.52152666395,9.94629036307473,284.166667929193,636.822317162346,875.212572018766,1039.43958693572,1235.62269486262,1748.68502881273,816.251519558387,1.00458804178884
"N[10,3]",108.943182165557,0.540101570156893,32.2206576216175,59.0764382383139,86.7370019503119,104.598712085757,126.226187914665,185.350296287304,3558.91749883578,0.999837417618551
"N[10,4]",1475.07040549109,21.0730675746421,551.376158107112,773.826028755678,1103.63707818312,1358.37203654078,1697.08580456988,2886.59749505108,684.605598503965,1.00410460185587
"N[10,5]",520.450226347408,1.82694982419361,112.629171255262,332.523418774128,442.045759817161,508.590630580957,586.321235399553,779.396573504978,3800.56826055074,0.999641958691356
"N[10,6]",2065.19406296861,10.4142017467888,505.133039697617,1254.4462415049,1712.46758750793,2010.65040566028,2343.3285249714,3196.34110068369,2352.6622179564,1.00089614214565
"N[10,7]",607.652789651277,5.60535893510371,178.518581108648,341.464415538142,485.213316409633,582.584420104857,694.10911350709,1040.05374573126,1014.28498767391,1.00239360113708
"N[10,8]",271.362736208842,2.08127167956171,67.4418977562734,165.177244359325,223.508424886046,262.651857912901,309.550974829801,423.086099760561,1050.03074517319,1.00597791562335
"N[10,9]",578.171198586314,5.60254653848855,172.331878336742,308.316468414347,454.728544335552,557.713351709655,675.217134033974,965.015121345339,946.150662428085,1.0057667513095
"N[10,10]",332.45822391529,1.90917639459348,118.718340002494,163.093875171383,252.431011134773,314.161943633246,389.383595251825,620.900975001885,3866.72706916146,1.00081897707225
"N[10,11]",2645.5989531032,34.1994509876291,714.6838137976,1565.55601676768,2135.84854914977,2532.69230817121,3060.7035848774,4302.51603594352,436.706467775363,1.00944347606845
"N[10,12]",1447.9792164509,17.8029388167334,369.990071842268,887.295933391079,1175.89402062357,1398.36132915405,1658.76553083165,2300.06915991307,431.91346400333,1.01127624800779
"N[10,13]",51.3526127163299,0.530094035737815,20.3607225624129,22.9472339098059,37.6856495447114,47.7041139539812,60.7192870367369,99.7088670354957,1475.30065992402,1.00306054725982
"N[10,14]",61.141849987301,0.733602081094181,24.5750585464057,26.8113540248307,44.5167219267971,56.9221991794954,71.8580058737843,122.27799068083,1122.19418241361,1.00030013027443
"N[10,15]",260.070150700148,2.38680033023967,61.1328413951819,160.354809988499,217.168652220595,252.960680512909,296.008196740477,399.925696478628,656.019856964412,1.00986136989313
"N[10,16]",657.405522053671,5.08197251216494,167.277357786653,394.089525381901,539.936873350572,634.970653499046,750.96419459516,1047.70742070112,1083.45205257104,1.00315937966194
"N[10,17]",9045.91526594776,31.4421995895068,1872.2894671714,5841.63438643964,7769.79698072708,8822.25795016879,10182.2423726829,13118.4761118659,3545.84827028656,0.999352819188029
"N[10,18]",660.327601473291,2.48636754184374,145.204658654895,423.480615971056,559.414830152696,646.19135549837,741.950092385803,982.3302041061,3410.59730909556,1.00055191668069
"N[11,1]",296.664665234856,1.08876419102559,64.2954842031893,190.894596675179,252.046712917032,288.643418034037,333.501151660327,439.634073303489,3487.3319222745,1.00049386658513
"N[11,2]",773.851897959542,5.37455844142083,200.485739625296,445.732832871293,633.305504694242,749.922959368365,885.805240498604,1255.12722238448,1391.49418205324,1.00441650670412
"N[11,3]",83.297994476907,0.547039514313574,25.2665111327279,44.9549795177291,65.8461725205176,79.6795345304056,96.5168477442852,141.483286681769,2133.30602198024,1.00185726359488
"N[11,4]",783.752726893065,15.824216180449,320.702626031034,275.196487892689,557.722151066884,747.496258327727,963.418187771201,1512.92953192921,410.733964879015,1.00835370660487
"N[11,5]",359.492284198101,4.69342892054727,95.3568270349918,208.038765141304,291.915288338242,346.003753256428,415.949109259303,575.289978125459,412.784226131075,1.01110859400428
"N[11,6]",1505.80174973205,13.42541814387,394.843918091635,871.43416105016,1221.68653215807,1462.14261955439,1729.20098086288,2428.62500998787,864.958485678507,1.00339660833284
"N[11,7]",431.102107346467,3.03243902031962,119.334045094685,232.740353084375,347.579884615189,417.338782181623,499.820403783509,701.8683314268,1548.61895900923,1.0017366179003
"N[11,8]",221.021637423653,0.826688789123929,50.7561937117079,139.426858118171,184.526928449964,215.21573509048,249.98765721251,337.591515495082,3769.58895402748,1.00205977136514
"N[11,9]",430.776462325488,1.89633360159387,105.663296932416,261.531915860697,356.873979368613,418.629066823342,491.740072125272,669.265561993385,3104.69422673436,1.0007908751729
"N[11,10]",274.746749885726,1.67118657441199,98.0606782466127,129.6218270088,208.550147904873,259.072706031894,321.917520720478,503.917598095728,3443.02288537172,1.00015152688476
"N[11,11]",1679.62677958444,13.2217302766832,406.077070681793,1010.16091233033,1394.33456062528,1636.91150735624,1914.04754276256,2602.14902017007,943.279396489107,1.003372280806
"N[11,12]",956.594834091905,6.89009025133946,222.218554644269,581.90215897941,800.413135065466,935.900258034923,1088.4144475435,1432.14031952326,1040.1855485424,1.00370238695477
"N[11,13]",44.3277437092891,0.277722323518386,16.9156593324256,19.9249842241204,32.8428004757964,41.6801205919048,52.8205352053464,85.2797041464415,3709.84940342751,1.00017469571246
"N[11,14]",38.4596717825936,0.840589942833453,17.5002010348028,13.417264664438,25.5110305608906,35.6425713017208,48.1115358814938,80.6202693933639,433.428730838446,1.00712618648001
"N[11,15]",262.090540966698,1.97336008365119,61.3392403574838,163.360486313074,218.926396105175,255.207509106317,297.655688744597,398.306402928789,966.193492431704,1.00354334203704
"N[11,16]",540.418660196121,4.63130355704469,139.956457658781,317.665553735593,440.57898812366,525.191226191536,623.951874712191,876.034497156579,913.228356968148,1.00344298743198
"N[11,17]",6879.89770237716,56.2727132033018,1633.75374070898,4278.57198345505,5705.11490245603,6683.29744963746,7890.28075504551,10540.0415905894,842.902766766292,1.00465174286794
"N[11,18]",467.139770226265,6.48608817465079,129.297061406851,267.940400469251,374.303640328083,447.488539891795,545.611118315572,768.649453295722,397.385130458678,1.01212914295063
"N[12,1]",300.101584312442,1.06475369106236,64.963692651172,191.631912424128,253.325814491958,292.453195494743,339.160601810524,444.97753224497,3722.57192343826,1.00060401563201
"N[12,2]",723.16414651952,4.76917269707209,180.265590280028,432.186137798538,594.055581236721,701.875944889539,827.02405605122,1145.23963958225,1428.69515511073,1.00437371933365
"N[12,3]",82.7087646929132,0.454747045574521,24.8223969610582,45.1884239404459,65.3311208581137,78.9453586089313,96.0470973060037,142.396181279007,2979.52930180438,1.00306713531621
"N[12,4]",842.611036943033,9.66962081354799,293.211216356269,408.761273182501,638.259584990859,800.414944228451,992.366809005215,1536.47929645321,919.479966505577,1.00196530891927
"N[12,5]",369.813515650047,3.12896512608441,88.8633303096126,228.833130840662,306.953228379728,360.22241185908,420.7184804928,578.229687804174,806.573083419301,1.00814615180479
"N[12,6]",1417.99828623654,12.86436943591,371.745829135362,841.346158069763,1153.07548880848,1374.82427721079,1625.88273655527,2256.94560667882,835.05523323301,1.00461096732531
"N[12,7]",459.223330143349,1.83466918817294,118.579419828613,260.045011206612,376.44942880478,445.242984287552,531.226705305798,739.753129265774,4177.3715776446,0.999932709906554
"N[12,8]",196.04789502767,0.6908957156214,45.0297729196682,121.161792098001,165.577302125771,191.20854569203,221.167975949155,301.036208736937,4247.90225154098,1.00031653516362
"N[12,9]",399.807209809546,2.35195127085616,96.5478456432575,238.550722797717,330.40950266942,390.628440484897,453.971976427988,614.839927494041,1685.11108629243,1.00386061907712
"N[12,10]",262.077423194568,1.44413824764325,89.5157038412932,129.001802329459,199.768279470083,248.785605295451,309.19095199431,472.552702300993,3842.20843327586,0.999718836662331
"N[12,11]",1680.65915991388,6.93684515827099,384.999066585066,1036.47367086921,1416.90715332627,1637.47638581414,1897.68449132855,2586.70394335288,3080.31657145986,1.0003770081066
"N[12,12]",995.90438233951,5.07583829395203,225.344134478554,622.171417831321,837.495095293997,972.717606414546,1127.17507650924,1504.25558313264,1970.95614323423,1.00248507703891
"N[12,13]",42.4461004209748,0.431615221153991,16.9141325835051,17.68652302442,30.6757895934193,39.8660240983436,50.9803770817217,85.1999374372842,1535.69848997926,1.00183769979762
"N[12,14]",34.9077634209013,0.841001714918586,16.6821751269008,9.20539120337736,23.1769996930819,32.7557583015089,44.4722919134238,73.4429847999821,393.469967385013,1.00879041301089
"N[12,15]",282.142899117236,1.84579821011036,63.385348896343,178.07347304169,238.372233399594,275.34545949048,318.593684429815,426.443666541484,1179.25935279407,1.00638703043146
"N[12,16]",629.033250392033,2.79191089886934,152.053843501042,383.02478078767,523.348599224199,614.305927135624,713.81392925473,968.908083411015,2966.14034822639,0.999470916303632
"N[12,17]",6898.97282714296,47.0527418609171,1551.87364166739,4346.22333646461,5757.73736736745,6745.9778626984,7873.15592537722,10376.848196735,1087.78443952005,1.00438679442651
"N[12,18]",455.652260215658,6.23302550277154,125.525608532099,263.19028794457,364.004905749902,435.897853721604,528.672374424548,746.36855414373,405.570971658934,1.01462309728942
"N[13,1]",276.814754325839,0.963299882829912,59.6812899694024,179.757544155183,234.62821506564,270.016638657135,311.360601089235,412.565174900855,3838.42790711668,1.00001382015201
"N[13,2]",724.071217513223,4.20964785134724,179.36584199576,428.09767611488,598.861891199608,707.941408954767,822.808146757313,1129.7908067658,1815.46527443718,1.00347658354407
"N[13,3]",90.43644660634,0.428743984566594,25.9135335502608,49.7843541244511,72.55305691887,87.2318349784175,104.531174739343,146.90627444294,3653.06327416106,0.999637781731951
"N[13,4]",812.467620781192,11.8971768718532,286.938743788776,381.440349744121,606.274232490466,770.873852851526,969.823110795644,1463.58074107482,581.688595222115,1.00519280692973
"N[13,5]",353.066661228633,4.29821831584871,92.8088528592212,206.873860024274,286.315139557823,342.969973980291,407.542495564646,565.114775078043,466.231774895128,1.00984072208922
"N[13,6]",1341.99745183534,17.8706019082937,386.913865863071,738.676537242685,1060.41738654263,1299.98399587315,1562.62876703566,2236.75101353653,468.759655945412,1.00967001568418
"N[13,7]",453.675984392341,2.58195512423834,123.55130026843,252.372966421962,363.971079702435,441.423543414335,527.90990414515,720.522113052683,2289.79847189097,1.00157985436152
"N[13,8]",163.846770893907,1.28166798376492,40.91045833652,97.0685072386439,135.15863290177,159.58493783775,187.684245556405,257.04515400713,1018.86728769557,1.00485489606483
"N[13,9]",447.246715879427,1.63708416747641,104.931565369988,277.419343091114,373.209587524427,436.536357572088,508.995785562959,690.14990644811,4108.37697569949,1.00041506370438
"N[13,10]",240.981482428555,1.55224812478675,83.2312983400257,114.810715479243,182.464123281691,229.533320313876,285.874643770886,434.226780339568,2875.08739697809,1.00014497139505
"N[13,11]",1450.95758522813,17.8282199742826,372.897004304266,830.100737801375,1180.34210106446,1419.06491687353,1685.51390720288,2265.80472817247,437.483643965129,1.01140452129302
"N[13,12]",767.825959564453,8.67143377476051,190.064336215299,458.06075413191,628.605395739149,750.066540710566,886.858655265647,1182.85715407536,480.418190533139,1.01194908515296
"N[13,13]",46.4680434974597,0.618663646239626,19.3130172300639,20.0156613524219,33.6521471746673,42.6358746943917,55.208323787365,94.9277691639448,974.520685807381,1.00391859694719
"N[13,14]",42.4035075192353,0.384321920949178,16.1167834945951,18.4917777005556,31.0761651737003,39.7832129994983,51.2149541255238,80.2666009712186,1758.59741632996,1.00181019061055
"N[13,15]",293.301289805291,2.93366206198819,69.1578301636745,183.369321924286,242.987398405268,285.556523655401,335.181612361203,448.545735745112,555.728344650834,1.00891947467403
"N[13,16]",614.674781173956,6.80929069132619,160.92893876471,353.678797108533,501.071864543324,597.543384562156,714.679449009943,971.680639471424,558.55320117092,1.00708515203736
"N[13,17]",6573.7071893101,68.8148208709526,1560.32001185097,4044.57945805463,5446.67915661211,6420.79157522313,7547.91585481195,9997.14667587268,514.118686950805,1.008917128455
"N[13,18]",561.049685525849,3.03106115683302,124.662030263065,351.223689805513,473.19386349827,548.565655900328,637.386203149753,840.172013699191,1691.5272284806,1.00341819425539
"N[14,1]",364.489292466478,4.78139962003685,90.6834743789042,220.595944426071,299.029483063321,353.446765996373,418.685849683072,574.504792807043,359.704786266875,1.01399074918545
"N[14,2]",863.762899062571,4.28486840334962,208.051139139084,526.027725966353,722.213849020291,838.239684113291,977.403204896471,1338.92647552314,2357.57338021373,1.00027125673444
"N[14,3]",120.382726032218,1.17149707262474,40.5388340656494,62.4690408163451,91.7013116255234,113.094687174101,140.824421827981,220.225002461574,1197.45745533921,1.00448166719129
"N[14,4]",1122.34132200612,7.05658970219952,339.734791598611,594.366508202371,885.578103331213,1081.22729162277,1299.87617787162,1914.74166997802,2317.87662442211,1.00102012798043
"N[14,5]",549.607176076985,4.68584005786367,129.114771017953,334.290714162384,457.325907535482,533.861424515716,629.144181535231,837.799568274305,759.236253256353,1.00796063083496
"N[14,6]",2160.91150984704,19.8224773539808,573.128301310711,1286.68281413646,1759.79409395462,2077.17112950165,2481.43291722983,3521.58595317916,835.964525797099,1.00511082283988
"N[14,7]",580.065042981529,2.81082414286675,153.523553469352,344.271983751736,475.011189051152,559.709105186943,660.030216530354,941.559243942222,2983.20211210454,0.999753063318608
"N[14,8]",201.111255006911,0.907143070802439,45.556689261602,127.525793434324,168.824357093647,196.355531005517,227.112409756149,307.874265822734,2522.04444126388,1.00178218737849
"N[14,9]",566.933393155566,8.14657054930608,162.224431332618,326.537160960477,447.031230226048,540.592724276863,661.699149820319,943.226870657179,396.536231716558,1.01059644971498
"N[14,10]",264.803975297567,1.52318260903043,89.3266053844424,130.021898001415,203.101734145701,252.10839369784,308.873563613764,476.913423711148,3439.20224205501,1.00231763372683
"N[14,11]",2050.37506742913,15.2501403254829,482.39401315829,1289.97883304292,1706.94754114409,1995.01111952384,2317.37088902469,3136.68160496996,1000.58995521232,1.00380061210158
"N[14,12]",927.122967933201,3.54851952296032,197.835441673078,599.183299928888,786.810282676454,908.396000777823,1038.0430482858,1374.4179920579,3108.23463808181,1.00114225419508
"N[14,13]",51.0804465920935,1.21341439863219,23.8521035463441,21.5478600049666,35.7839383292609,45.7464974179669,59.6139497749659,114.493527795693,386.398190474333,1.01135478664344
"N[14,14]",59.7970398706724,1.13598501778914,28.2908990696445,25.9911695156686,41.3466153865631,53.2822020942941,70.028423355193,136.838861879192,620.223605638871,1.00401057462803
"N[14,15]",431.086244673332,2.40074733006267,94.4190382532926,274.572538315636,365.836907284676,422.050737700415,482.599234492938,648.992909148689,1546.77176482804,1.00127641082739
"N[14,16]",1033.8800570209,12.9080870382535,296.899951362642,599.73271029745,823.384471812876,979.935379907852,1189.93939699985,1753.42574060141,529.049712345622,1.00750264373805
"N[14,17]",9160.40332534264,38.0602420506833,1900.92949652644,5999.51913224744,7811.57628328128,8989.65759614041,10289.3650781112,13306.4407746188,2494.53112665298,1.00153450003321
"N[14,18]",723.914723103457,5.21531125056997,161.947908259156,453.440487652277,609.29631965967,705.844938482614,821.879577959849,1088.34424557103,964.251274038943,1.00505328794704
"N[15,1]",301.134125603529,1.38335295335162,66.4142950066984,192.481398582181,254.763817457605,293.144445924854,339.181146998291,456.84647239855,2304.92676311715,1.00243680566786
"N[15,2]",870.027921261855,4.70343087046641,219.909813404869,531.814988043645,717.282457478642,844.812725211449,986.850103773853,1388.84311575023,2186.04797890686,1.00030596768689
"N[15,3]",68.1964165753197,0.590870478282569,22.1657505034968,34.6455320662832,52.5802743386778,64.515228197702,79.915978036086,119.188809799394,1407.27929298727,1.00122837092184
"N[15,4]",960.169320371348,8.27872121662904,306.354387247628,480.296717487779,747.645358676281,918.314481391484,1134.00992111973,1666.01103402951,1369.37278405435,1.00217833029743
"N[15,5]",499.93763210661,2.25185695339191,110.614066924733,318.592427811605,421.468044155991,488.415534198199,565.369934697198,753.762513942567,2412.89888352413,1.00023693627894
"N[15,6]",1918.89342676222,6.69968855209766,450.793331021985,1204.92929248843,1610.04397891744,1858.05730728511,2169.08772636522,2942.09147062048,4527.36737309648,1.00019139687612
"N[15,7]",615.304171807432,2.88105679130875,159.481387155674,366.25420936752,503.653954643045,594.854755253882,699.251510238438,997.532447103671,3064.1947955096,1.00195614223067
"N[15,8]",159.632235791845,1.28285205837268,38.5246532074039,96.1192792509736,132.259249393373,155.591086934778,182.177384915467,246.436867119351,901.829266722358,1.00524059404507
"N[15,9]",445.322124407418,1.87455180038971,107.836434322195,275.477085333785,373.039946072014,431.983184097971,503.464334462836,698.138640473038,3309.30005440673,1.00149895812012
"N[15,10]",241.252732724675,1.31896689841573,80.3552898201715,120.279529898168,186.564835648851,228.543503694856,280.860274629331,433.984117775187,3711.59987047874,0.999342315280342
"N[15,11]",1862.33253657028,7.59453893596826,413.917775455595,1194.45709502429,1576.03644565047,1812.69120052961,2094.00216320361,2787.91306037671,2970.47108080507,1.0001161244073
"N[15,12]",843.031969822036,3.19384585286692,177.54847512496,542.581014538954,721.416144755391,827.667546859068,946.305467197503,1263.21701758892,3090.33805720753,0.999779402284702
"N[15,13]",39.5010048015673,0.557179434521865,17.0243786007768,13.1707240895006,27.6043413736438,36.9194276624769,48.7295190413226,79.6274318021143,933.581809974398,1.00186351733408
"N[15,14]",46.7701671049402,0.283741576097641,16.9606786883409,21.2577946682958,35.0468724275888,44.2882688733173,55.6685188656555,85.692447218119,3573.06157004815,0.99947415243658
"N[15,15]",487.362953200151,3.60988754357104,108.287099863984,310.089668390749,410.23001099596,475.121827132704,550.017454506933,735.039435558766,899.841667796624,1.00493461056216
"N[15,16]",984.794306071491,5.98934509015471,243.219826846792,601.587689603394,811.761546204757,956.355350768247,1116.72005030175,1538.53862065468,1649.07070425975,1.00219248003176
"N[15,17]",8808.1888915153,30.3013761921249,1813.15714738224,5732.69841533177,7537.57848483109,8652.44695022686,9881.09155641746,12892.9944923926,3580.52067746076,0.999835840176002
"N[15,18]",668.129389221876,3.40092468618187,149.86081248289,418.446810065042,564.625621432436,650.544366211994,752.656086469955,1006.65944967443,1941.70002665579,1.00184132228687
"N[16,1]",242.768986026022,0.980275901241041,53.8605131658996,154.628671758195,205.122258879949,236.132219993759,274.05793499203,364.888464462163,3018.86937262865,1.00020918208544
"N[16,2]",666.166982360125,5.50060732476709,178.959888374096,369.811967784737,543.38565715174,650.868383562244,772.004184932398,1053.24039106149,1058.49817794035,1.00647421850446
"N[16,3]",50.7296045445859,0.970061736502719,23.6285883331239,20.4044535479984,33.4033334807004,45.4022824322049,62.5767977793489,107.79823046334,593.303353294934,1.00377153182945
"N[16,4]",928.245199296844,10.0697112573815,307.768223719731,461.326127141223,707.529362697041,888.641519511675,1100.23017962098,1644.03430981587,934.14333780088,1.00535849538566
"N[16,5]",426.03599278528,2.66361916156657,102.493595582452,259.111746598099,353.527170503624,416.233078915216,484.074144254521,658.479620726743,1480.6390421914,1.00475935750762
"N[16,6]",1805.06438709025,7.11633587975103,443.403408352324,1077.74939517064,1498.45559606659,1754.40954674401,2048.14390133949,2828.2490868459,3882.26501622759,1.00051988539296
"N[16,7]",586.017755313988,2.399770969927,155.416533325155,336.523803395107,480.57365146846,566.629186298067,673.804408387399,935.582350996492,4194.25512872918,1.00026342028476
"N[16,8]",152.484091481237,1.51515447013383,40.8045554599453,86.7109103655713,123.644972578594,148.119231982524,175.473590445168,244.548751032255,725.276287682686,1.00646951528976
"N[16,9]",297.562163492169,5.61988304006175,94.2717088762995,149.885452554811,228.303996975525,286.93279793181,356.001465673535,508.819089830343,281.389705483538,1.0152876915485
"N[16,10]",210.542535135975,1.34386570761742,74.7914446166762,97.7566721385998,157.600724949056,199.490315820098,249.29080083282,384.842279613311,3097.36295553035,0.999466056967618
"N[16,11]",1647.80810516027,7.44493293797557,379.887801497094,994.787015247569,1387.40490827698,1619.17718580903,1867.60496859343,2465.98702052737,2603.68904786904,1.00257001529157
"N[16,12]",764.835964185866,4.44350158148292,175.316238888765,469.695255605345,639.946348080844,749.496528078588,871.333126298655,1145.91259591301,1556.65944805053,1.0030829123185
"N[16,13]",37.9309943510587,0.466234672657508,17.9907843645697,13.5373776907942,25.5759966406461,34.8592652603282,47.1093773670538,79.5776251727843,1488.9875309367,1.00242373688854
"N[16,14]",33.2906634216737,0.809620900834585,16.596375278527,6.82871437383992,21.7964529060563,31.6471421078376,42.5034261655688,70.5217418121055,420.206794800228,1.00654369091513
"N[16,15]",471.268376404894,1.93310478177179,102.928117296642,303.045008372033,399.131082506522,458.812007029877,532.931480052636,710.330999323221,2835.02744641881,1.00032814070224
"N[16,16]",918.119279871316,3.71090023127701,228.003403222472,554.254442503276,756.922815347971,892.215698282981,1048.85453603407,1435.59843169833,3775.06211656059,1.00060096124364
"N[16,17]",8425.76522152221,34.1525218225683,1854.0807222587,5366.29335396473,7122.0684810686,8235.28185726643,9546.94228085399,12603.0767981523,2947.21434056657,1.00032131313518
"N[16,18]",512.72184927827,7.0309442362194,137.684885424098,287.815109370145,413.441292470566,498.321243234417,596.832427266619,826.74222262006,383.482215769172,1.01076339527201
"N[17,1]",241.474491761739,1.20630684003321,51.8893573692603,157.477350031433,205.970878372673,235.521388797637,271.590483008561,358.677657477534,1850.2951205647,1.00100581394058
"N[17,2]",813.742687706794,3.7249452806704,194.972425879128,497.752460251764,677.774599042338,789.768524106082,921.34634820273,1253.61669638088,2739.72262277112,1.00128656039361
"N[17,3]",77.5447066168683,0.562129245631761,24.0407581897313,40.7409016626814,60.159761503966,74.2016940983128,90.8647232897734,132.222667589585,1829.04318226098,1.00002424207109
"N[17,4]",1162.36518594432,5.96300051896374,334.190842600037,640.924646982451,928.42319728057,1122.70947637455,1351.44663318977,1916.59851197988,3140.93823527685,1.00069424968993
"N[17,5]",500.894951774028,1.85830145305094,108.993812572484,320.93239958636,423.193518064753,488.939028115916,568.072776061712,745.000229577126,3440.102285257,0.999425385436826
"N[17,6]",2095.35438057061,7.75716338144934,494.284088048986,1282.44168378826,1747.59541002411,2035.0974818911,2385.65147910427,3219.24895423868,4060.19958540093,0.999977567794765
"N[17,7]",652.624529854021,2.7307594082976,164.758974411342,392.186046968134,537.428124118395,630.867831132468,745.09512218741,1043.64888505599,3640.25060397624,1.00165108629202
"N[17,8]",212.103932467431,1.3561777901564,52.9682239146131,129.06901058938,174.011845202277,206.143017539608,242.181311603695,331.623878524732,1525.44855577016,1.00223178415578
"N[17,9]",375.152555440367,1.520538127266,85.8443924583787,231.920843079363,315.653310716251,367.758355522833,424.473443215163,567.278649011862,3187.34617035872,1.00124773249077
"N[17,10]",216.019602159238,1.43578221580957,72.0840255880969,103.025293555391,166.357540945112,205.43081140253,253.98541705826,389.226987855766,2520.58254795867,1.00036313937647
"N[17,11]",1825.14864047649,7.02892173810069,403.308024886537,1137.58632009238,1547.45729957034,1784.64634705062,2059.28894968537,2745.44541874599,3292.27657156688,1.00047441210319
"N[17,12]",826.667644213047,2.98823688047743,173.132781521408,539.471990526643,708.339762108315,811.187991116373,927.770153593573,1220.37592162778,3356.82398677193,1.00068137354089
"N[17,13]",40.2608971018841,0.590613360546008,19.3215718306548,10.512330674557,27.3386252931511,37.0702588377918,49.7057889839809,88.123223629544,1070.23308718095,1.00085475701771
"N[17,14]",47.5509583117335,0.468903748078847,18.8652258141215,21.9265973686805,35.0212481010934,44.3185114078452,55.8652108258128,93.3254375606152,1618.66362644992,0.999928323695896
"N[17,15]",504.591169622231,2.00930534667171,106.245029344969,328.756747175633,429.91046723595,493.464991547133,568.423615545238,741.159906860312,2795.9239986541,1.00009884123598
"N[17,16]",989.370426249729,4.19239963305076,236.540181596468,609.419849098065,817.223743619149,963.810707958762,1125.27064501899,1510.94504152461,3183.35082485973,1.00018779620669
"N[17,17]",9928.49197289497,41.5893613306501,2035.94069002774,6573.28696269809,8516.75666523317,9694.82691739024,11102.6364340252,14450.3267699606,2396.43548706284,1.00038259427637
"N[17,18]",640.023064869141,3.16363450795839,139.064709356777,408.114157434924,541.230696432731,626.704797100664,722.954878823603,954.088071912659,1932.2408385801,1.00298001675988
"N[18,1]",279.892586185323,1.49437080020789,60.8996034020684,179.54841038359,237.539438944709,272.794512863922,314.82161944538,419.614652589379,1660.78029340113,1.00218044837569
"N[18,2]",827.973713016494,3.69635615823816,199.664985017059,510.978791583446,690.123857051123,805.085293471547,936.533639126831,1285.76451834195,2917.80456059098,1.00090754915269
"N[18,3]",121.723785620507,0.625718820629099,35.4212570252718,67.0107907383788,96.7377160680577,117.495797520221,141.768716760893,203.444492399513,3204.56808034748,1.00100320580829
"N[18,4]",1650.33140548728,18.1027265003801,545.026742092085,873.456809508658,1271.85162962267,1557.76860162161,1916.68061230359,3000.53769031197,906.457910574632,1.00222715487491
"N[18,5]",707.367761381343,9.20528729844676,183.632699623545,419.876553243392,571.539478838837,683.358579815985,819.142555983971,1120.95240195885,397.947098875001,1.01170899630204
"N[18,6]",2594.26416090025,25.0961481794624,688.589538209755,1488.50902889203,2108.55597871788,2515.83641581244,2981.01456399463,4196.77817477649,752.846958774372,1.00541365536876
"N[18,7]",728.575909979943,4.57777350792214,193.090340452859,420.545153009318,594.139093060758,700.959293495196,840.998744401776,1171.18346664176,1779.14970743683,1.00199740643042
"N[18,8]",216.524779162989,1.05279130411672,57.6796644861306,125.644069542602,176.05719101247,209.206591621598,248.848127970278,344.260301361447,3001.65567990778,1.00030788594743
"N[18,9]",456.654286794679,3.38150353545322,114.538826174789,271.375471463897,377.534673868762,442.382549707202,521.811437271106,710.64603298771,1147.32317060415,1.00463476791512
"N[18,10]",242.549193557643,1.3711096285203,82.9380957888075,120.622263914172,184.693044371281,230.032874107225,287.260463186189,437.378673162928,3659.01136714331,1.00097146151998
"N[18,11]",2252.1646994899,17.2770760093584,539.727705554947,1402.96766904548,1863.62282553634,2183.59219442021,2562.64084265838,3533.01032168819,975.90813064623,1.00401042835905
"N[18,12]",991.399066308868,6.12722314461617,225.549307927735,634.676869537626,836.478308243188,960.81725951516,1117.72133895429,1503.88398962435,1355.05088352066,1.00249209760513
"N[18,13]",63.7549316012121,4.06198897393568,52.4993851641501,19.1553550413482,36.3632836480484,49.8867909056918,70.4972760570806,224.675654720151,167.044028154872,1.02432848788906
"N[18,14]",59.537437079576,0.954630726051748,26.7062431976985,26.5724733617476,42.0223023415932,53.6593558071652,69.6763206497198,130.340614175656,782.62691937413,1.00184738573439
"N[18,15]",616.17805236802,4.95853958043052,139.484192216735,385.636093875804,518.405657449096,603.189635495402,698.879174052217,925.199230754797,791.302276001216,1.0081075528496
"N[18,16]",1287.30644658742,11.0184724382767,331.102789572663,758.425880624594,1048.53884454085,1247.10169366476,1477.86403628936,2058.43818702442,902.989915488809,1.00514828019855
"N[18,17]",11730.5792519403,83.5721772942662,2570.65182937902,7497.96091369401,9900.94845166219,11439.9175349411,13237.0110399303,17523.5763824842,946.156735100074,1.00451296724306
"N[18,18]",829.531022118891,3.6757112300945,179.07304049387,533.345001026671,704.842089302824,811.405123142931,931.86069702372,1230.87764624752,2373.4366527462,1.00074788584277
"N[19,1]",270.733047757272,1.81207557322132,61.5200137541887,169.350544237693,228.798388113923,263.336035518884,305.106312263537,413.081987240655,1152.60430022461,1.00417371145676
"N[19,2]",910.87456620991,8.85986190731642,255.042025121297,535.336792421927,731.217072164145,867.441332043749,1048.06621476914,1520.76650371313,828.647053787032,1.00666692319721
"N[19,3]",141.562111739867,0.633718886339412,42.6166613930466,76.6493006165757,112.366523848379,135.094896061353,162.535577825199,242.896742930419,4522.36433159601,0.999309202721699
"N[19,4]",1783.94674186838,23.3130342507749,593.107766136447,944.014645682667,1363.67547928817,1680.1813711329,2091.16297290782,3170.55704030172,647.246361846143,1.00475858969628
"N[19,5]",714.808693982216,10.2624240682294,195.071147248294,408.039632736207,572.459433772961,691.709751272365,828.507552913616,1162.55717924487,361.315142277072,1.01414171738978
"N[19,6]",2695.87633235669,31.5584876593968,767.587509852422,1472.80623594731,2138.00401271083,2582.58076976427,3160.36043351774,4430.8611619596,591.593553491795,1.00619535432825
"N[19,7]",770.860600446815,7.39580388829112,219.85097836031,430.613594817828,616.307819743897,743.136330641093,891.675871032904,1283.25126573112,883.661699899284,1.00341898439498
"N[19,8]",226.144432285068,1.75718396772503,85.2260929155147,104.37489585695,165.628597363521,211.576740461512,269.55366305882,425.934497127397,2352.39741808811,1.00112408262821
"N[19,9]",422.357323073813,2.03645802602414,101.979832285179,264.234897471147,352.144281493716,409.886432272041,476.007694961085,658.364050462801,2507.71201341541,1.00071041957373
"N[19,10]",248.275514266984,1.87709085364675,90.4183389278193,117.569329766932,185.22726840371,233.632504666233,292.013588657791,466.437165085942,2320.29103283016,1.0009863701019
"N[19,11]",2334.9560386154,23.6671873179514,604.908025403035,1399.20431850403,1896.46086646726,2260.13163676621,2682.78799434904,3703.97747295231,653.258992263903,1.00390502737238
"N[19,12]",1059.46475706997,12.0515269818775,272.62461419407,642.363291447378,862.790691262792,1023.11087854237,1215.49768368856,1693.26309343314,511.736003523496,1.0103603563721
"N[19,13]",72.1770683131857,6.32601921318834,180.482127541664,16.3504778648289,34.1438862082048,48.3834125955362,70.7353035105995,236.923652500141,813.968110420748,1.0050504055302
"N[19,14]",52.7077404451846,0.381415894131648,21.1772093542768,24.1361015392286,38.1690385613804,48.6464477075638,63.0754449972148,102.547365069906,3082.76121592046,0.999702030425985
"N[19,15]",672.469634234351,8.01290228299861,165.887055938185,397.322034992518,552.079884335215,660.029790654373,778.538741353662,1031.20084269714,428.593229409349,1.0123980172923
"N[19,16]",1410.36199674991,16.057589808151,389.209967117697,820.157519468203,1127.15869731141,1353.05562413897,1639.64836912636,2320.25212638314,587.499075480791,1.00628421068094
"N[19,17]",10586.6254860361,42.0414368420886,2249.43548073347,6966.88541896655,9011.93527402475,10347.647415174,11862.2043769927,15633.7499152249,2862.80641230277,1.00111665517004
"N[19,18]",877.244140499197,3.67760466196593,194.077210301183,554.942939950505,739.502009580438,853.227999234441,988.513658076686,1325.68236321544,2784.96024036475,1.00181283451871
"N[20,1]",187.767419164626,1.40037512671949,43.651068937179,117.963499161942,156.222276229075,183.120013454218,214.342433313504,281.98765159547,971.630166432246,1.00623249886416
"N[20,2]",689.658062753946,2.76257137918047,166.950949023182,405.981103436953,575.570238990952,673.054141038332,785.025195917122,1055.40139994021,3652.16817747987,0.999742484730596
"N[20,3]",142.291843908665,0.696237787846582,41.0272831309909,79.6006378276332,113.541170676678,136.399101733989,164.219834673351,240.995794070435,3472.40470266013,0.99996760362289
"N[20,4]",1598.5003483489,13.28874908221,513.9214911908,869.119241982161,1247.52155259652,1513.42905985908,1852.68148979302,2811.94728743533,1495.63409351245,1.00153382786055
"N[20,5]",465.700822547696,1.79387740485825,104.348098445026,291.458987090179,392.209161805611,453.041510479965,525.627662858402,706.48096173704,3383.63539389001,1.00046025461997
"N[20,6]",1865.71679258889,7.19023836426073,441.119319862881,1142.16689526157,1561.4445892352,1816.40182925693,2108.35791200094,2876.19986598966,3763.79171883584,0.999978011733508
"N[20,7]",581.128490235298,2.49441680038982,150.401102932884,342.39648376557,476.665812424999,563.4627062718,663.371596091912,939.642940505565,3635.49872199527,0.999486609882113
"N[20,8]",212.204363438544,2.16490877034278,107.899396167908,78.6735796635548,143.457224815692,194.125390337047,255.877762112628,450.148498477362,2484.04139543669,0.999974189871523
"N[20,9]",292.697710277774,3.44861064703374,80.3734078920704,167.086891400343,234.666062311792,282.928987748219,338.694665174912,469.919447883908,543.170827481956,1.01082991203557
"N[20,10]",177.938478568934,2.27818545110699,68.2737012158708,69.9454016330249,128.523122277552,169.588852361948,216.668754077123,332.302659413876,898.10837513802,1.00325544114939
"N[20,11]",1774.22230880037,6.61528220762826,408.361184189294,1119.99033684536,1489.43941729248,1728.16197290399,1999.08134423055,2709.97650802263,3810.58941961127,0.999388578209341
"N[20,12]",808.005579353235,2.847130176906,177.27850310138,515.967270610263,685.663843463512,787.98960504961,907.163121231357,1205.24370795872,3877.01519400822,1.00010724330565
"N[20,13]",99.8195088472056,21.6988799432608,1304.8963224433,12.4048793955808,29.5273552779814,43.0197989452166,64.6899216606451,199.799890946137,3616.40766004381,1.00088721237578
"N[20,14]",35.6411885859316,0.668821185805709,15.9026860780022,11.2502160643966,24.6740646112759,33.384526579589,44.1633200678517,72.2224396992372,565.354598420949,1.00497472774684
"N[20,15]",558.535480831876,3.05665806484532,121.201919995216,360.156620729687,473.672444721105,545.936954866932,633.551519349573,824.626928575965,1572.26331658791,1.00256524857383
"N[20,16]",1200.05003514519,5.62983229295266,298.746109852889,720.247337345975,993.855710158654,1157.2119744751,1374.19940933739,1870.54693867939,2815.87649018335,1.00069206691469
"N[20,17]",9462.10030883274,40.571697318684,1985.4763355027,6199.09390210505,8081.94703589612,9217.33383699056,10566.797105218,14098.296108735,2394.87624771701,1.0015287176708
"N[20,18]",806.173513467318,5.17344103108841,181.808837112792,506.71989606589,677.771050287373,787.280703657563,915.645835231561,1216.35830955284,1235.01141460672,1.0032844378461
"N[21,1]",171.301255231849,1.55222692659556,41.6193653110359,103.655281019798,141.053751520386,165.863127224652,195.0900680053,265.691148000691,718.919858559832,1.00865873821587
"N[21,2]",573.813400448286,3.13266415205352,146.474993059016,335.470281594615,471.428993449048,559.337114969923,660.849254735595,895.378463370611,2186.24735714163,1.00127629698939
"N[21,3]",174.835104920372,0.823370479588608,51.0246509653271,92.7520981349102,139.709578225797,169.447566594861,203.163159730413,291.998326480856,3840.33845373239,1.00022859264805
"N[21,4]",1387.44987162418,6.74045313496655,419.667251588351,739.755024177903,1098.93981790016,1325.41508055212,1619.03897419888,2330.26378494701,3876.4302542601,0.999509302940009
"N[21,5]",379.786627005641,3.26699290572145,94.767363286315,229.859378538651,311.903918103655,367.936613209952,432.412134911792,598.533647492569,841.436238459103,1.0059024209014
"N[21,6]",1439.87363947999,11.8693125270168,377.95328345261,824.397913992821,1174.7318125144,1388.44125158175,1665.52023396381,2283.10091729546,1013.97002064097,1.00610143340289
"N[21,7]",494.557492358108,3.35797288333323,141.41550069958,271.929273866802,393.951807271788,479.588644184783,577.591340109089,804.324601623622,1773.53458365864,1.0021862741618
"N[21,8]",210.258474942448,2.3036011711653,124.807080494614,64.0529047708005,132.196253599103,186.101306454053,255.365370319096,521.611581383688,2935.37686569372,0.999346151108517
"N[21,9]",276.563349859422,3.63670758912683,80.4533638007424,150.071807209226,217.468179186061,266.55509948426,322.823158813539,462.67862297048,489.408658074134,1.01443654485243
"N[21,10]",181.258266890573,1.60109174047994,67.7222557638112,80.2358078511451,132.680145296786,172.032716923384,218.935297147416,342.579549234915,1789.08262062341,1.00082596238135
"N[21,11]",1300.89877844085,18.0536802060905,362.383558899508,714.419767028018,1032.44784020129,1266.10580985844,1520.2652466503,2101.93375678546,402.907619906714,1.01297107020697
"N[21,12]",638.415838615513,5.90647934416822,154.595971169309,387.759403083001,524.998297787159,621.583329902554,735.411072446203,982.08439476533,685.076333406969,1.0095771279599
"N[21,13]",85.561318998413,16.0264761823213,929.262960077756,9.70665160453478,26.7097245000265,41.78314212813,65.7666100716348,207.050336007483,3362.02678102545,1.00005159213108
"N[21,14]",34.3655162253005,0.603308157728147,15.2139740752289,12.0708460322375,23.5265367168968,31.7818907430511,42.3003665585694,69.8171842271322,635.926536931349,1.00490727860754
"N[21,15]",456.746226596073,1.85476430375696,99.4675061532202,293.570320549777,386.119498241204,447.915674439856,515.304697373246,679.358380700683,2875.97430056034,1.00010603994964
"N[21,16]",940.997203690159,9.37872630450946,260.393200283935,513.071770676931,760.177105887719,912.857255873463,1090.97851507152,1519.31388176879,770.852977017942,1.00814821521202
"N[21,17]",9384.83690317927,34.4552495044207,2020.63240228439,6005.62572681356,7952.57037967153,9174.95963391668,10626.6631275558,13789.4285941387,3439.25064606774,1.00125478829752
"N[21,18]",912.18548101054,3.83759245946348,205.742449179676,582.072253858218,768.238232975623,886.422504859607,1025.41162678115,1395.75634128358,2874.2868410348,1.00175965861083
"N[22,1]",163.178805176507,1.98033818835394,43.079093885738,96.9786330470234,132.266050432861,156.558497205844,187.751585269523,264.389966089109,473.210524465026,1.01330002926428
"N[22,2]",507.031437787737,4.21609583877296,146.650194143283,272.239877956328,400.321219404746,494.129913861642,593.5577220623,835.017556156019,1209.88567696444,1.00277104192447
"N[22,3]",239.675619090284,1.50061029587686,73.4583564235203,122.941634366017,187.726020777182,231.384646243739,277.579772465787,411.964676987503,2396.32970022155,1.00123418708624
"N[22,4]",1538.70734249361,10.8597304795575,498.329098997513,805.515077662415,1201.10812135543,1455.74198410846,1780.18052322437,2742.24862850456,2105.68983979398,1.00316882510357
"N[22,5]",393.240569797443,2.57962015592393,97.0148945233043,235.935730596326,324.166601936853,381.8279304022,448.988893832731,615.052521296488,1414.37740047836,1.00340773202963
"N[22,6]",1320.47638970233,15.8696144113367,388.451481169623,698.794489714758,1045.51062454844,1273.37533028316,1541.64966482703,2219.77121012751,599.157243538494,1.00720834204102
"N[22,7]",522.71480417639,2.60505461680986,143.140286327333,292.482124370033,424.091519256319,508.226851638634,600.415595975212,855.759188385671,3019.18758628656,1.00123232022536
"N[22,8]",228.373522254712,2.78195823519888,149.323255956244,63.3581188368392,132.088517619509,192.812770563034,281.637737911457,595.605563553631,2881.06920598059,0.999785519626233
"N[22,9]",338.103578221948,1.61205872286706,82.0040099014033,205.818131097094,281.061507952102,326.325106253479,386.228482459525,523.70005598801,2587.66745040868,1.00270945928802
"N[22,10]",169.646511255528,2.77158696420257,76.17351876207,43.350005577017,117.427135894462,160.086195488019,210.59472098016,345.240588113203,755.35483890468,1.00414659569567
"N[22,11]",1549.05030850789,6.60834697722266,362.695712213916,946.5886580371,1296.75087906124,1512.03858900701,1760.84228790244,2372.24371024654,3012.30655531099,1.00016877895834
"N[22,12]",702.05433647651,3.20254340439522,169.091430036363,421.591443219711,584.927330909698,684.261659114052,800.64099311617,1079.78350917696,2787.74563918014,1.00258589474438
"N[22,13]",117.912964247324,24.1644293937237,1247.75912556692,8.88098782929739,26.8093964196101,43.2111838637361,70.5896635070426,258.659399520649,2666.2963662382,1.0003467444569
"N[22,14]",40.9950753432568,0.340476630636864,17.3374986379344,17.237144099893,29.0678599564742,37.8099826057896,49.1079534958822,83.026117344356,2592.9746019411,1.00034074814665
"N[22,15]",448.54952804028,1.92116073130256,102.719967031168,285.266737841626,376.685988092162,437.547936028135,507.873592437866,677.059166797177,2858.79056816301,1.00107648268539
"N[22,16]",1054.15536296664,5.18812469393784,268.746727304708,618.239746093773,865.833318884536,1023.90010409926,1203.92985737842,1677.70139399053,2683.27730479283,1.00153111212581
"N[22,17]",9835.78515718674,39.7786194483466,2319.31763445711,6039.91189890772,8222.82425073016,9566.7335525141,11167.2858517605,15007.9208134515,3399.54697923205,1.00004271682567
"N[22,18]",1274.68560752006,13.559564903001,327.889522816894,766.531573628625,1038.67537373448,1229.8368094654,1467.03224661951,2025.04393277189,584.74103355534,1.00656722003188
"N[23,1]",187.910835979102,1.3710799224486,45.4153646810103,115.430550765013,154.744448280467,182.450104888238,214.690839797642,291.097803222615,1097.18552468058,1.00584109246957
"N[23,2]",549.129838351914,3.86706528869766,177.150076282986,278.590661869568,428.166420594646,525.423749133771,646.260107844111,949.79446176015,2098.55172657152,1.00160802575953
"N[23,3]",275.874986217741,1.94375672847607,86.2964263556883,139.633072197632,214.974585671313,265.791583039426,322.062848857513,479.656429512105,1971.06888989728,1.00090170453242
"N[23,4]",1463.31544800739,7.88874252476518,467.155404081825,776.152892708436,1133.63660461038,1391.41299824469,1698.70879550935,2601.09643748028,3506.76926075072,1.00059688142006
"N[23,5]",394.414698778708,3.13683668118642,101.466019341531,232.929003184771,321.162398452227,381.885752174292,453.191226777236,634.83612465836,1046.30290175281,1.00465654801742
"N[23,6]",1409.64463156948,16.4594150608185,430.660664824372,740.210650255985,1100.43014680521,1358.88788643206,1658.93874610103,2419.08312821239,684.607446784275,1.0057871221612
"N[23,7]",567.364191664059,2.52023194517897,154.990186970047,320.790065610578,457.973659616834,545.939031097081,654.708737959374,930.21327151972,3782.05099236741,1.00053187270621
"N[23,8]",243.537461206188,3.42474752365442,175.850551333006,63.7298291192718,136.466262735749,200.127698817787,293.531340589822,674.915892490019,2636.51561550888,1.00034804383418
"N[23,9]",438.624494670491,3.16974184248149,113.409563190924,266.888452906616,358.829396395161,423.458481198521,501.646439942715,702.567967732564,1280.12261425841,1.00140137487684
"N[23,10]",233.930940328163,1.59920290459712,92.2100186342631,102.280489424901,171.203439679776,218.892825366234,279.717317855067,453.229224730244,3324.67409686186,0.999811815553413
"N[23,11]",1608.21058950717,6.60465505404892,378.715735657314,992.614718476167,1341.95522357514,1571.87977013995,1827.8664386612,2491.58068488873,3287.95920337338,1.00063820204176
"N[23,12]",695.285011303277,3.70639357272563,203.40956678464,369.437226210129,556.989363230874,669.549013199866,803.678814953371,1158.09314424594,3011.89398772323,1.00206129279945
"N[23,13]",269.481314060045,101.29775468969,6222.20937515479,8.61504179239179,27.1563971890842,44.9728042145015,73.4115962772245,298.563328260682,3773.02431056745,0.999728651340083
"N[23,14]",52.9576928074641,0.497142361261581,23.4688934847917,22.2311369390675,36.9903424259369,48.3170728968225,63.4369466497033,109.981481852285,2228.55669086462,1.00126446470614
"N[23,15]",461.793489355269,1.86009867673386,104.963510459156,287.725295906324,389.21590635862,450.176330625137,521.014599923585,704.355549911223,3184.23217628537,1.0006143982572
"N[23,16]",1189.50505011389,5.58299222247291,313.380217466886,699.397311932847,964.527935245181,1152.94785426795,1367.68916135614,1908.49964895907,3150.71491976347,0.999789187658442
"N[23,17]",10488.1604087628,54.1912110217623,3095.81841010643,5650.16592031694,8359.90941340773,10099.3957409651,12163.2532025023,17670.5301754484,3263.57234514932,0.999665619361161
"N[23,18]",1469.24139448717,22.6216134693678,408.358437806228,835.681464622529,1181.91237045024,1413.13748905426,1699.9472253123,2434.19063722602,325.863646168624,1.01292292712636
"N[24,1]",288.098339150836,3.83083214623477,84.4635389758538,155.934631658323,226.018657254632,279.472417906378,336.714566471183,476.948948089071,486.129864624563,1.01049373848466
"N[24,2]",607.093205744325,2.88070740990794,168.9306226116,342.356337739248,485.932753734429,589.494762426599,701.867151059828,989.774327802366,3438.89143870277,0.999767009403347
"N[24,3]",281.016747927986,1.77627956401691,89.9771257689598,138.744415828815,217.173826075867,269.47145218623,331.060646436216,499.567085669571,2565.91102786602,1.00206246876727
"N[24,4]",1570.77453970398,13.0938677941337,535.04843351882,794.33542475371,1189.12863876338,1480.53535876709,1853.16714063889,2859.18600744871,1669.74553390772,1.0015829715407
"N[24,5]",575.999609043487,4.84971386856383,163.29164007749,312.016187653806,463.321180219318,556.526739148549,669.152726209202,957.3905423998,1133.69353446121,1.00406312832918
"N[24,6]",2434.11664302742,31.5596090192714,825.624524430051,1208.85226665645,1846.51629638069,2296.12424090018,2887.21023017528,4411.9085998226,684.387298809012,1.00747575353575
"N[24,7]",671.457529018073,3.86982127707755,199.492770713091,365.694968902868,534.784112102437,642.484582550612,774.267453663437,1127.37188149879,2657.49531853404,1.0004463232142
"N[24,8]",270.886153160455,4.35866995518708,210.998648761264,67.9471401778406,148.878171605814,219.06112326234,325.423144472266,785.867823783589,2343.42672518297,1.00111126813015
"N[24,9]",504.592414059268,5.48453540777308,140.94615014572,286.776269853214,403.182084644021,486.836282359245,586.04977882275,828.432348205764,660.429929646848,1.00714611648303
"N[24,10]",370.489454039039,7.48774420194124,182.493277732215,151.360173389111,249.104610768523,328.532889194199,441.795584835066,850.733665800704,594.007247785759,1.00476025090132
"N[24,11]",2018.78613146519,16.6895648894357,524.023130555781,1182.80627985752,1640.32745305533,1949.35801747963,2330.1893729001,3210.20252370582,985.850102182261,1.00644756718201
"N[24,12]",762.754232453104,3.60095884266372,192.937579631309,453.904529406939,629.948143129511,738.647897099892,874.061315086735,1197.39500126666,2870.76297858907,1.00118375395738
"N[24,13]",507.531613752747,214.508252243176,13158.8755845725,9.94246027482063,28.7202023059447,48.3625794670393,79.8534143611957,354.797485958155,3763.13286940702,0.99982253758217
"N[24,14]",72.7592404761109,1.72575028142079,39.7193000978168,25.7276347557028,45.4679799145756,62.9077593315217,87.513801996144,181.422096079933,529.721095375677,1.004568842057
"N[24,15]",554.83898446151,2.9097671312189,144.740262997096,322.976299637139,453.268422182806,536.255740195263,637.888275821995,896.949944936104,2474.35635907968,1.00144902850946
"N[24,16]",1718.05274746131,22.0453729925285,587.145110423334,873.573195480136,1290.27942780353,1606.41705418016,2039.82680366878,3149.66883253132,709.342522055035,1.00558194965943
"N[24,17]",12298.5646232425,69.6146609688852,3484.50275257629,6859.31651966454,9960.09730836657,11828.8458559073,14117.1158478019,20473.572713471,2505.41803323087,1.00155492448651
"N[24,18]",1326.85011689515,8.56755270255368,325.307271293513,792.853844462135,1095.03508332784,1292.51994403805,1524.6388011508,2054.87812694646,1441.69692543339,1.00401868775215
"N[25,1]",277.439359213899,2.61081612015789,119.471520108825,119.676118863702,197.574176992491,250.724279964193,328.670369177038,590.234775912911,2093.99773693214,1.00184215130241
"N[25,2]",532.911115217382,2.72575121204024,163.823494499155,285.616978313155,417.548409396101,507.889919822967,623.033769811867,902.594855603272,3612.26783003721,1.0012171094884
"N[25,3]",277.209425379615,1.61481358173687,100.781073501029,128.913218728238,207.283602299952,261.495259015073,325.989161653306,509.219141228558,3895.05122131236,1.00001040731165
"N[25,4]",1142.64247326853,13.718315959541,474.933973275666,458.48525648046,806.160744957727,1071.26277778312,1380.6130794189,2282.8604000442,1198.57405164582,1.00261056568823
"N[25,5]",533.738703103211,3.98776302150964,236.777794144886,222.754277568746,376.135822221488,488.995290440053,641.847210089985,1096.63599267737,3525.5206021266,0.999742536373841
"N[25,6]",2289.9873325392,23.6766674557834,1173.78063028439,912.334030648022,1543.44504498594,2041.51020692118,2710.28001709573,5125.18419348799,2457.72183669061,1.00127558731636
"N[25,7]",725.195639244417,4.73016997985092,248.876886592114,360.639375567445,551.492988331049,690.759204695576,850.867237704777,1322.05587384678,2768.31582503646,1.00089127998446
"N[25,8]",263.216663583215,5.02993149685293,251.004989660697,57.0958631545424,134.668566022002,203.739064838657,309.889130202787,833.66794068866,2490.23635319272,1.00076347732882
"N[25,9]",399.552207224099,1.94331297265891,117.118916107075,224.595041878393,319.214493693029,381.566905553301,461.503213270462,678.120041807004,3632.19025866537,0.999972589009745
"N[25,10]",420.743640298516,9.21262253453818,248.484310526848,147.86438317777,257.287108249331,355.600967581549,506.289620950356,1094.6476884459,727.497306772487,1.00366989336653
"N[25,11]",1576.55752197155,8.63423934319692,452.27838217497,888.265844574188,1259.3364363327,1518.3044939816,1823.44665241125,2664.06587499188,2743.86976097506,1.00075053056987
"N[25,12]",598.850386450796,5.90364347059135,173.935380042269,331.983124395974,471.783459871716,578.72225158781,694.133375850841,1003.74178858534,868.031762673853,1.00612948653924
"N[25,13]",2436.95969612886,2095.44171785516,132160.168169853,7.21543433892056,26.224912068013,45.6865708523735,78.029361303061,391.436068076901,3977.86457162899,0.999992948183851
"N[25,14]",57.5645388799102,0.468660716873283,28.2084114252838,21.1678447580843,38.4355742143736,51.6676862661232,70.6722792935687,124.25949551726,3622.76491856729,0.999737495154418
"N[25,15]",551.493580581219,4.5608927801905,228.645329949897,233.893946581013,395.732267009416,511.002728238326,661.879939437546,1116.35898233705,2513.18781447981,1.00058667606587
"N[25,16]",1602.43602346481,13.1272428749617,744.211919338715,645.056088636563,1097.08213742282,1436.06771471089,1928.38858909421,3475.77942817982,3214.00243850689,1.00023206626641
"N[25,17]",11804.3659330737,86.513113824054,4793.75100192179,5050.57778755631,8611.70338504683,10930.9884121445,14053.9748182171,23850.6636124911,3070.34414468379,1.00022824739712
"N[25,18]",1163.64127832158,5.82610216646203,321.92019087624,675.374048390339,938.496353924998,1125.03315435133,1342.88105945523,1899.75344745171,3053.09445734051,1.0001887103672
"sigma_rn[1]",0.287932519340065,0.00868352464326498,0.0939842556907214,0.0980060687420296,0.2246508275461,0.291006233466663,0.352256755572514,0.465263278690844,117.143482416935,1.03817283366168
"sigma_rn[2]",0.285813311042561,0.00851065879524833,0.0989542332988263,0.0893643768162728,0.219246100486705,0.288501953826227,0.350927914994016,0.478780136912651,135.189324405875,1.03269308380002
"sigma_rn[3]",0.435930323696846,0.00705464243355395,0.156419918842626,0.184458783812023,0.32566908928683,0.412974082543267,0.530967188201638,0.789436868728647,491.625158926594,1.00686851764122
"sigma_rn[4]",0.331094546420192,0.00986180504903063,0.148010876468282,0.0978741489210619,0.241223498666638,0.311242535353108,0.389647199205149,0.725481300841312,225.254997342704,1.02068941409492
"sigma_rn[5]",0.294460423553556,0.00814722701175697,0.0936556084067902,0.100605782907641,0.234154697205679,0.297896278397458,0.356742743799702,0.474591720619099,132.144150656776,1.03499320408818
"sigma_rn[6]",0.305496335636899,0.00791819605846256,0.112710798224406,0.0946286224008694,0.231853613698577,0.302788300207762,0.370299270495602,0.549441623258668,202.618244928434,1.02324747866773
"sigma_rn[7]",0.286536697511822,0.00842158627786501,0.101760226698269,0.0919090200250757,0.219876472818475,0.288032952356583,0.349922062631912,0.492112291662623,146.005201182918,1.03090439654525
"sigma_rn[8]",0.283828158335461,0.00820047174659607,0.0960682695373584,0.0977094511432859,0.221622992223981,0.284411671907041,0.346341546815294,0.469194572035946,137.240490786982,1.03244443091078
"sigma_rn[9]",0.302895792375037,0.00851550791219851,0.113470248040941,0.0943938619723017,0.227680746144511,0.299659873916814,0.369563951508845,0.548370094944391,177.559083554568,1.02739531595382
"sigma_rn[10]",0.340435033603173,0.0100929395146154,0.166918878175755,0.106414495016745,0.243448272986646,0.315703892909512,0.38715827105252,0.839121706048575,273.511488666989,1.01118954600029
"sigma_rn[11]",0.283641099351577,0.00861354954400016,0.0981873868280249,0.0877222741507218,0.218387430815493,0.286029131584739,0.34898787885419,0.476522915011788,129.941265333115,1.03293860815809
"sigma_rn[12]",0.280706616058111,0.00890867029315874,0.0952765032500511,0.0929092812116092,0.215913164014824,0.283686511049342,0.345713184765365,0.468235490442655,114.378881972563,1.03682841739441
"sigma_rn[13]",0.342237358693246,0.0210598403438438,0.229215033386303,0.0950436840357537,0.228921790949349,0.299012371994188,0.373795863269077,1.13917870792882,118.46117804148,1.02749384019019
"sigma_rn[14]",0.400821910236048,0.0160247286183861,0.242163740760159,0.107218752356642,0.257879631274403,0.338657960586297,0.446440373135917,1.09201448812311,228.368850832524,1.01195926266359
"sigma_rn[15]",0.282680063436795,0.00847291057019378,0.09067412982793,0.0994466499598436,0.222030610734627,0.286996585295948,0.345510770549682,0.454561797412704,114.525328951127,1.03549098673926
"sigma_rn[16]",0.299731885629458,0.00798051932904361,0.106885453357966,0.106527258545354,0.229662187533582,0.296966868224807,0.363045655276509,0.528105682581318,179.380363479723,1.02315571071243
"sigma_rn[17]",0.276552302184503,0.00830650343092542,0.0892486124531473,0.0943483568116356,0.217255364303271,0.279770004477389,0.337562539684569,0.446356084593329,115.442692710336,1.03525560043462
"sigma_rn[18]",0.287538533278208,0.00799784200364862,0.0927240859699096,0.107378685607119,0.225733790701891,0.288114718805766,0.349751426224201,0.463627900763027,134.412444969634,1.03337271713457
"sigma_wn[1]",0.368874548315298,0.00709310300780415,0.0815336429393982,0.210265432489341,0.313373237274008,0.366756617569583,0.42623801173505,0.523570234540076,132.129916516376,1.03105284774495
"sigma_wn[2]",0.439490656730729,0.00397531449153815,0.0852215138893707,0.296800542431789,0.380391628397359,0.432454886107122,0.487209003589648,0.633314721106615,459.574058211621,1.01346082974961
"sigma_wn[3]",0.450816555601641,0.00559843161095292,0.120326469907524,0.260143492375609,0.369236667333054,0.434587184526138,0.514332576791688,0.735998064642742,461.944283088637,1.006343621465
"sigma_wn[4]",0.593702553501682,0.00630268413973295,0.14140638867894,0.33923688830781,0.498516541785152,0.585989093794633,0.673055748554388,0.8967913445169,503.369591640001,1.00561889222529
"sigma_wn[5]",0.390646599368149,0.00662218034844988,0.0811256719232799,0.250984271077686,0.33377631587555,0.3845276492619,0.441430750098801,0.560143975273561,150.077160943669,1.02821441468722
"sigma_wn[6]",0.439005603963111,0.00541194713532179,0.0972920239092122,0.274417781587514,0.373944120990771,0.429765196849145,0.494723257986675,0.661226278304406,323.182163785161,1.0105866255804
"sigma_wn[7]",0.494391425552966,0.00259145594561805,0.0976138952150942,0.338366119187681,0.427686711417862,0.482795236037589,0.546097542206984,0.717990370088726,1418.84719548811,1.00129655066416
"sigma_wn[8]",0.399286991799876,0.00502253862173929,0.0798844246634479,0.261419870068615,0.343590210174929,0.393455782213686,0.447628746448598,0.571450782633633,252.975028416394,1.02017733689194
"sigma_wn[9]",0.411446424037179,0.00707973685960387,0.0997674483524398,0.239491693086139,0.342662245318619,0.405723366546034,0.471832403720711,0.626569671410029,198.583653986852,1.02365023701781
"sigma_wn[10]",0.751447355695932,0.0064072854795608,0.157375630524596,0.431242250042453,0.652347913556066,0.749791144505407,0.84643541254669,1.07441460824008,603.290959053479,1.00602311590719
"sigma_wn[11]",0.407584721702118,0.00593109906062882,0.0851238878921816,0.253477769666771,0.349863685885868,0.403562207564812,0.458068711959137,0.593377453080622,205.983553898143,1.01748841869822
"sigma_wn[12]",0.387355809884548,0.00627761891058801,0.0791119297186954,0.235225035631311,0.333091487675326,0.385914258009719,0.439616305137909,0.546193965991319,158.815929380745,1.02807775638188
"sigma_wn[13]",0.924627421260125,0.0115395334343918,0.213270191206501,0.421089417154452,0.804765437097202,0.920671300664264,1.04822815289041,1.34496064026399,341.573222500356,1.01241607885617
"sigma_wn[14]",0.812183002437846,0.0105721149037233,0.200753968151459,0.372802716414881,0.698827372443745,0.813587033930883,0.936793562763067,1.2078625953753,360.582402076797,1.00784387037962
"sigma_wn[15]",0.365750043198309,0.00698726508370406,0.0804664626036606,0.205662051427884,0.312612946519161,0.365402819013197,0.420947139568451,0.524075218074409,132.621940938957,1.03504334769673
"sigma_wn[16]",0.434855860904085,0.00520843114212898,0.089274024971659,0.264404640672793,0.37596273325666,0.433618981157934,0.490515724091439,0.620392974799441,293.789572550938,1.01386828281681
"sigma_wn[17]",0.364957943759067,0.00658499109814117,0.0771825844053785,0.219177559140087,0.31237749574257,0.364536683220858,0.415464433163484,0.515053781123155,137.381498337395,1.03413923606054
"sigma_wn[18]",0.381257480494504,0.00614270174544077,0.0789203826517746,0.225914142899211,0.327513381628121,0.379700541650047,0.431552963426359,0.537160628852387,165.066714314953,1.02741338533401
"slope[1]",0.00812023318298425,0.0007847309054537,0.0286417576615166,-0.0473276498850599,-0.0100140984826401,0.00640236173161137,0.0254564694984917,0.0679010769452197,1332.16438184642,1.00257553169338
"slope[2]",0.00550994076465663,0.000886647199539203,0.0286426977090288,-0.0496389850956123,-0.0130991986237208,0.00449488733221278,0.0230124401439506,0.0660571029825641,1043.58095718428,1.00593044594643
"slope[3]",0.0143885791753835,0.000817457759155591,0.0299417073510682,-0.0370060026886854,-0.00480308649083409,0.011729992133406,0.0318655559900225,0.0782717892479274,1341.5982456398,1.00130845427742
"slope[4]",0.00835234285686035,0.000805543191534466,0.0292406569342046,-0.0480651794287894,-0.00952554597408515,0.0073594953582579,0.0249516400479394,0.0697106639967299,1317.63944741301,1.00210286570255
"slope[5]",0.00806090440629397,0.000832643456696626,0.0293787477121017,-0.047435065486496,-0.0107160245844257,0.00656575890213146,0.0254133944315366,0.0708624566928384,1244.93997547098,1.00268628754651
"slope[6]",0.00837628683962877,0.000784188394791747,0.0290232910963909,-0.0474548809608855,-0.0104705027437657,0.00712468890613555,0.0258580958315865,0.0680234522209605,1369.78527619161,1.00360972909595
"slope[7]",0.0121782023851657,0.000767920085313727,0.0280509199741419,-0.0393201931711468,-0.00637490975143778,0.0101320848589751,0.0294746002348535,0.0713222161461929,1334.32666368609,1.00277228353043
"slope[8]",0.0105790129215514,0.00077867497865788,0.0290275376947573,-0.0437050088288507,-0.00723364355159431,0.00873321272724156,0.0275294628577543,0.0739654917555833,1389.65807747619,1.0029873433221
"slope[9]",0.00599987147843019,0.000784147680673908,0.0290659248507191,-0.0499364841086041,-0.0122362693190535,0.00523623924221254,0.0233180947490344,0.0676713738530527,1373.9551877302,1.00269356633354
"slope[10]",0.0075512973629485,0.000790983050731684,0.0286274032079461,-0.0473036041851888,-0.0105213485466952,0.00718467272699581,0.0248272928105962,0.0661775332736518,1309.87409987009,1.0048943475732
"slope[11]",0.00685832503109373,0.000820254655446682,0.0288340712340311,-0.0468233061307581,-0.0108156287371357,0.00574657293750536,0.0238633428978759,0.0664899256990076,1235.70420962263,1.00402782732409
"slope[12]",0.00267815678201481,0.000836687112296594,0.0293368051981083,-0.0540974053294838,-0.0156008297658646,0.00225527710887275,0.0202629182460527,0.0630184692326051,1229.41773892248,1.00370661778816
"slope[13]",0.00686246536856846,0.000873847313131135,0.0292660250721197,-0.0496144194820262,-0.0115034226168384,0.00560305851923461,0.0244711928706912,0.0673422792349,1121.64744188031,1.00427675926696
"slope[14]",0.00421475558445981,0.00084601306562609,0.0303063290989748,-0.0542306943046714,-0.0144463542998871,0.00359769873413025,0.0224508933637529,0.0643144366754057,1283.25371277991,1.00341317052398
"slope[15]",0.0118145929927554,0.000722327923456954,0.0280794143578212,-0.0400309783411954,-0.0062686605786612,0.0106737680855317,0.0285233048678302,0.0730042870394464,1511.14898344821,1.00067751781598
"slope[16]",0.0199985821662721,0.000778480034945765,0.0303316773255705,-0.0344503243789183,-0.000114136835503526,0.0174808885903854,0.0384612447491396,0.0856202687624543,1518.0913174197,1.00003948212542
"slope[17]",0.00986214194037142,0.000773712046327591,0.0287239013733705,-0.0432609255573401,-0.00852412607434007,0.00840539528403264,0.0269117271824585,0.0728402230670126,1378.25042916798,1.00080540577095
"slope[18]",0.0122218141736716,0.000730196730582466,0.0280797822492797,-0.0375544202882967,-0.00593607506782629,0.0102141080265646,0.0282177132232135,0.0727698359818614,1478.79407930809,1.00309056120504
"Omega[1,1]",1,NA,0,1,1,1,1,1,NA,NA
"Omega[1,2]",0.0718825307354727,0.00384354049415905,0.221089528635513,-0.365813189965765,-0.0795504843543756,0.071873463708427,0.223171167364886,0.507070104922972,3308.82215905826,1.00055429076448
"Omega[1,3]",0.0485848176410103,0.00365363248572553,0.203918508009842,-0.342083220987773,-0.0915662280334097,0.0453938779889065,0.190495379130249,0.440541651442256,3115.03958321418,0.999940273082273
"Omega[1,4]",0.0208608150993093,0.0038120427716266,0.218871783826105,-0.407503654899399,-0.136073939107184,0.021913249845015,0.178931618243917,0.425790991452764,3296.58308023737,1.00019656459982
"Omega[1,5]",0.229463463688181,0.00683736549993348,0.214606496718722,-0.212532110438157,0.08421242377184,0.243141609321541,0.383193803495617,0.612256722693242,985.16310223581,1.00549472253453
"Omega[1,6]",0.228516002954728,0.00787148374966277,0.220998157342003,-0.233313940586735,0.0808223931906981,0.238403620280113,0.392270536889226,0.605564341295738,788.250216663822,1.00805180846123
"Omega[1,7]",0.0589741112884501,0.00382753738626151,0.223288926671545,-0.383313460507173,-0.0971134323480637,0.0689641465026632,0.215833344113934,0.472811873267007,3403.26282106931,1.00113591952064
"Omega[1,8]",0.105688730622258,0.00392119691637331,0.219568820034787,-0.339959455795695,-0.0386527949616165,0.113698402330086,0.254310251710414,0.529967555945837,3135.47997228935,1.00192136679651
"Omega[1,9]",0.140415988760484,0.00475356136067813,0.223063439263005,-0.319292522786317,-0.0121434436241279,0.146669599543167,0.304056927423775,0.553526713726328,2202.0064126834,1.00330202056827
"Omega[1,10]",0.12907546721549,0.00344046489128006,0.216031588309538,-0.290956768827465,-0.0176906026678609,0.135463777015398,0.284634749386298,0.530473832914759,3942.75922536342,1.00098137858554
"Omega[1,11]",0.156584098914042,0.00427815627518081,0.219053933472769,-0.29173121368832,0.00692846809696662,0.16286145106838,0.319352440674465,0.558198674193993,2621.73518583684,1.0041862882815
"Omega[1,12]",0.129895997997252,0.00481536804914303,0.215244598256869,-0.308297827844734,-0.0190156509156419,0.137229242284168,0.287894633539025,0.53048924505487,1998.04630545622,1.00267694390954
"Omega[1,13]",0.0635745965656531,0.00414713144768093,0.223016234253398,-0.381907449972548,-0.0906365576274037,0.066520094662778,0.221410817885314,0.490356808294794,2891.86060143023,1.00194824303883
"Omega[1,14]",0.0998228795201713,0.00441178184759151,0.211897001882621,-0.31427403332646,-0.0444254061706816,0.102264576862983,0.247562254885659,0.505028093731232,2306.86173374613,1.00177855857261
"Omega[1,15]",0.140824921393848,0.00765478253731604,0.220793755840091,-0.311992824162004,-0.00829283235619257,0.152928980215053,0.295895452056199,0.53935609568257,831.970369852601,1.0058482827251
"Omega[1,16]",0.169274799876191,0.00756865066767783,0.227209894194263,-0.311906931081428,0.0216419823658226,0.181676418601195,0.329007369644234,0.577273755492493,901.192476422825,1.00487854902959
"Omega[1,17]",0.14629744613572,0.00449949052752653,0.214945681057252,-0.290830029724859,0.00776262042076727,0.152545641556763,0.29938330281981,0.541672166721647,2282.07946285638,1.00200350586371
"Omega[1,18]",0.0291343732275165,0.00368583152009266,0.21077432578422,-0.392141556681831,-0.114810862805978,0.0291984190918029,0.179873415001885,0.42837931454819,3270.12578603032,0.999526883671485
"Omega[2,1]",0.0718825307354727,0.00384354049415905,0.221089528635513,-0.365813189965765,-0.0795504843543756,0.071873463708427,0.223171167364886,0.507070104922972,3308.82215905826,1.00055429076448
"Omega[2,2]",1,1.55567873760082e-18,9.50965108062505e-17,1,1,1,1,1,3736.70947299381,0.998999499499374
"Omega[2,3]",0.00419538349999688,0.00452325069473728,0.218115091548916,-0.410657184814902,-0.151444663640387,0.00426575413612949,0.155603605121302,0.433995026520555,2325.2524703021,1.00004642420349
"Omega[2,4]",0.0950451805513825,0.00406980947286118,0.217009180092701,-0.339359163804101,-0.0552685749331271,0.098357634945121,0.24447501204655,0.502387175262232,2843.20422344124,1.00120692154883
"Omega[2,5]",0.110659752517317,0.00440885091129735,0.221536275797286,-0.325968424545185,-0.0403714910102167,0.114542783980423,0.263756799328968,0.530821971449252,2524.86914475043,1.00101636515804
"Omega[2,6]",0.108316331672218,0.00407951437547881,0.217234238512005,-0.312138384748978,-0.0391485676728213,0.115371347139517,0.260682450685482,0.513440713597093,2835.56505885694,1.00059538653784
"Omega[2,7]",0.0950438450897607,0.004788958865963,0.232156365023221,-0.365002718928322,-0.065881209168395,0.0984149585965103,0.262985400057811,0.510098266809375,2350.06014286319,1.00222214711446
"Omega[2,8]",0.0860747098137305,0.003822032872881,0.222606002495662,-0.349543722863849,-0.0673677513334696,0.0878576112084063,0.242999046430866,0.505612452505305,3392.22699119237,1.00148189547669
"Omega[2,9]",0.118035451281415,0.00468695757037592,0.222954572212266,-0.333537535134841,-0.0340710322346569,0.127480223861357,0.275386380874426,0.530403814238645,2262.82371716483,1.00163310825831
"Omega[2,10]",0.0528620673630493,0.00334502690345422,0.217229391076447,-0.373480068995104,-0.0943357531356105,0.0522406014904856,0.202808107319146,0.46783275209512,4217.33343981189,0.999753610425648
"Omega[2,11]",0.113223642561435,0.00431884369200729,0.21702463174057,-0.324225139911854,-0.0403420560732649,0.122269327842343,0.262213241449747,0.522158426549942,2525.12617249711,0.999834914079123
"Omega[2,12]",0.123564353180627,0.00442283563423541,0.223316916226864,-0.317224805124056,-0.029099707592466,0.124160150247144,0.284818961754738,0.536877242973456,2549.42150078529,1.00152427302504
"Omega[2,13]",0.0256406926776545,0.00388894936015557,0.230996898929931,-0.437342124695201,-0.131017265160609,0.0276437145707649,0.181687468212496,0.472722876366749,3528.15554261871,1.0008713214015
"Omega[2,14]",0.0766223406124383,0.00519008724449717,0.22103648577999,-0.375453357986383,-0.0763719098651105,0.0841206470067007,0.233544945701616,0.47922053366575,1813.75497935844,1.001914880665
"Omega[2,15]",0.00145239252251148,0.00354461549383684,0.225090503330824,-0.43947268379001,-0.149594706081649,-0.000965275975137316,0.159609474232849,0.437928706566163,4032.51583659054,1.00055941674524
"Omega[2,16]",0.0553119771655432,0.00414821650172609,0.22523486047187,-0.386519796060403,-0.101294992540004,0.0543495347196895,0.214450439515654,0.477672397356275,2948.14193318889,1.0000667258083
"Omega[2,17]",0.0381948295098962,0.00392783847968195,0.223080027989796,-0.398716716162717,-0.12233438137669,0.0398886497910301,0.194439174182072,0.460527338436863,3225.62695561162,1.00068098873934
"Omega[2,18]",0.0397358091450771,0.00444915227108278,0.217599332419053,-0.38930328005111,-0.11115644541387,0.0364261015042854,0.195328096883987,0.45575289600795,2391.99671035353,1.00021876206461
"Omega[3,1]",0.0485848176410103,0.00365363248572553,0.203918508009842,-0.342083220987773,-0.0915662280334097,0.0453938779889065,0.190495379130249,0.440541651442256,3115.03958321418,0.999940273082273
"Omega[3,2]",0.00419538349999688,0.00452325069473728,0.218115091548916,-0.410657184814902,-0.151444663640387,0.00426575413612949,0.155603605121302,0.433995026520555,2325.2524703021,1.00004642420349
"Omega[3,3]",1,1.46870832197692e-18,9.0802210448496e-17,1,1,1,1,1,3822.27324512722,0.998999499499374
"Omega[3,4]",0.130460489966879,0.00363333455818823,0.210171772676386,-0.289841569549744,-0.0120290989447953,0.137140497437784,0.277369482613995,0.532285984161879,3346.09290656415,1.00204314742771
"Omega[3,5]",0.0853812445211903,0.00373859108079165,0.1971678398116,-0.311156562637649,-0.049042404339488,0.0893970209731879,0.223720012548085,0.457590710699848,2781.3537298033,1.00142884124331
"Omega[3,6]",0.0404888409794378,0.00358052176609176,0.199425556871945,-0.359733693612584,-0.0940647427069149,0.0431154259397726,0.178642676922116,0.424430983432933,3102.19426450012,1.00044746550261
"Omega[3,7]",-6.31682515361246e-05,0.00337468264789923,0.217456600382719,-0.409755485923255,-0.15565233848718,-0.000198287491699018,0.154765640956767,0.42926039480786,4152.21001408471,0.999792595846638
"Omega[3,8]",0.121311236397333,0.00373822411202634,0.214121666986708,-0.301720888553906,-0.0272109133049003,0.125753361482457,0.275752889422803,0.518796243241424,3280.88163682425,1.00009123734199
"Omega[3,9]",0.123466873536008,0.00412404588825812,0.219343826948819,-0.30977423270653,-0.0241196621497134,0.131937872842015,0.272229924475113,0.531673128239239,2828.81049660034,1.00117885646763
"Omega[3,10]",0.100132558186974,0.00353830399595637,0.21177879836073,-0.322722700298534,-0.0435165826760677,0.108166696797632,0.245105652442093,0.498705196863339,3582.40492875242,0.999673084716089
"Omega[3,11]",0.0733456464165292,0.00377168172963643,0.207956121612526,-0.349707664914809,-0.0659724774458883,0.0798753793450949,0.220583763968673,0.461769341976152,3039.99831179624,1.00038737404478
"Omega[3,12]",-0.00917999273420673,0.00372343098342933,0.211862459131546,-0.405269292321722,-0.15878902675294,-0.00830065934738188,0.138083332331655,0.403285797179403,3237.58665508104,1.00012556387437
"Omega[3,13]",0.0225441765710379,0.00313219584305183,0.216710770681179,-0.401753016324645,-0.128449854538347,0.0267906641233144,0.172331691260869,0.427354029111889,4786.99722274398,0.999884632835027
"Omega[3,14]",0.0473485267830917,0.00388396014725975,0.20078852879952,-0.356787383663555,-0.0856437120977518,0.0524146651431825,0.18749962000202,0.419837249206334,2672.5649297855,1.00126038968813
"Omega[3,15]",-0.0189412000213944,0.00344418741807143,0.196404196184058,-0.396890094978245,-0.155803915677215,-0.019311874190473,0.117797605258847,0.366863208150565,3251.8310438205,0.999467245187514
"Omega[3,16]",0.0480026373422277,0.00384779587869501,0.201494143578645,-0.346492075976039,-0.0928536158158964,0.0499474865021181,0.187351177941851,0.437749929770857,2742.21060168363,1.00178300206221
"Omega[3,17]",0.143240100589441,0.00357482382295237,0.203660509811886,-0.251383561229904,0.00375240956998415,0.14693635431407,0.286351570938584,0.537852112440299,3245.67003694536,1.00005867034759
"Omega[3,18]",0.186532941918981,0.00342000151959958,0.200737825475582,-0.227029458707457,0.0497404550083719,0.19725611657162,0.32864394006081,0.550832023106426,3445.13173008339,0.999626758574859
"Omega[4,1]",0.0208608150993093,0.0038120427716266,0.218871783826105,-0.407503654899399,-0.136073939107184,0.021913249845015,0.178931618243917,0.425790991452764,3296.58308023737,1.00019656459982
"Omega[4,2]",0.0950451805513825,0.00406980947286118,0.217009180092701,-0.339359163804101,-0.0552685749331271,0.098357634945121,0.24447501204655,0.502387175262232,2843.20422344124,1.00120692154883
"Omega[4,3]",0.130460489966879,0.00363333455818823,0.210171772676386,-0.289841569549744,-0.0120290989447953,0.137140497437784,0.277369482613995,0.532285984161879,3346.09290656415,1.00204314742771
"Omega[4,4]",1,1.52285457969461e-18,9.55975751798554e-17,1,1,1,1,1,3940.73186629675,0.998999499499374
"Omega[4,5]",0.156562541989566,0.00510897052086237,0.216596291538641,-0.291059014598431,0.0174638622217284,0.165862107249556,0.304601728015078,0.559681413634217,1797.36069227404,1.00036896954601
"Omega[4,6]",0.125958105320919,0.00449273288290969,0.217152869863134,-0.307390207132427,-0.0224090222949385,0.13049401351897,0.281795800794959,0.518023950016906,2336.19962661109,0.99960948086461
"Omega[4,7]",0.0741218633392888,0.00449178086575389,0.223650890469055,-0.372892429716601,-0.0771354499479433,0.0774661422565942,0.227736508341382,0.499644837304877,2479.15763431576,1.00005332235446
"Omega[4,8]",0.0850559471887346,0.00441537398493949,0.226581924965973,-0.372835479280552,-0.0690844377425871,0.09171680224253,0.242790929981996,0.515421148079304,2633.39214154829,1.00158564923424
"Omega[4,9]",0.0844649067652244,0.0040733629879984,0.218306895456417,-0.357310977617751,-0.0634350105259729,0.0872411133252522,0.235011167459944,0.491219021563733,2872.29261308051,0.999765432793968
"Omega[4,10]",0.0191149198911228,0.00365874978585765,0.216953832871392,-0.392231516590085,-0.135697361894457,0.014782141348239,0.16855153272743,0.443678269012036,3516.16489908554,1.0003002354115
"Omega[4,11]",0.173182333207281,0.00771306008979212,0.22311194656503,-0.285887151158186,0.0273881875819618,0.178796081456535,0.333342359788064,0.574089175543871,836.743256407203,1.00355553724483
"Omega[4,12]",0.166171445304448,0.0067225526498095,0.221652891377854,-0.291087162062149,0.0232886624845127,0.171090158096801,0.326636619735734,0.571637145439418,1087.12223203552,1.00323634367446
"Omega[4,13]",0.06097524169528,0.00387453246666209,0.22923513447042,-0.382255787525787,-0.0960264978333617,0.0658701805902346,0.220759859986685,0.503342913762221,3500.44900423543,0.999441568257247
"Omega[4,14]",0.108643736057759,0.0042863777570428,0.22344272626302,-0.34416557140099,-0.040850283763763,0.119006047266842,0.26464558161445,0.518160862700548,2717.38740426096,1.00038676990699
"Omega[4,15]",0.0624505049808998,0.00381768940949574,0.219833909693003,-0.3663502761802,-0.0911940731821981,0.0686866161267497,0.221280712212682,0.473669857695058,3315.79888521046,0.999989654938588
"Omega[4,16]",0.103838131628458,0.006521064768155,0.225574513425947,-0.352155520601514,-0.0489797630885137,0.114174083862585,0.263957841699601,0.512316176556992,1196.58355824709,1.00186680838287
"Omega[4,17]",0.139212113776193,0.0044240199339081,0.215391933156513,-0.298878187326128,-0.00421239381759882,0.145130630751752,0.282161478334061,0.536739357360243,2370.41680760982,1.00230576796567
"Omega[4,18]",0.158921238036106,0.00444864127505783,0.218282070396491,-0.28031510404507,0.0101075459385861,0.168231942342696,0.311998360849872,0.564878603461122,2407.58348092507,0.999875082819239
"Omega[5,1]",0.229463463688181,0.00683736549993348,0.214606496718722,-0.212532110438157,0.08421242377184,0.243141609321541,0.383193803495617,0.612256722693242,985.16310223581,1.00549472253453
"Omega[5,2]",0.110659752517317,0.00440885091129735,0.221536275797286,-0.325968424545185,-0.0403714910102167,0.114542783980423,0.263756799328968,0.530821971449252,2524.86914475043,1.00101636515804
"Omega[5,3]",0.0853812445211903,0.00373859108079165,0.1971678398116,-0.311156562637649,-0.049042404339488,0.0893970209731879,0.223720012548085,0.457590710699848,2781.3537298033,1.00142884124331
"Omega[5,4]",0.156562541989566,0.00510897052086237,0.216596291538641,-0.291059014598431,0.0174638622217284,0.165862107249556,0.304601728015078,0.559681413634217,1797.36069227404,1.00036896954601
"Omega[5,5]",1,1.70419988819919e-18,8.05299437025966e-17,1,1,1,1,1,2232.92289134151,0.998999499499374
"Omega[5,6]",0.254037841170196,0.00629561843258076,0.217367201548437,-0.207756872832408,0.108885965413892,0.279126810768012,0.411142237517249,0.617923796953157,1192.09600303542,1.00544170800984
"Omega[5,7]",0.121189533020343,0.00410639579012615,0.223064635435975,-0.325629681726606,-0.0283443846899465,0.126946227536153,0.278627509880622,0.538609117445225,2950.80040070232,1.00116819645175
"Omega[5,8]",0.100347654691658,0.00387540496941865,0.217907698247913,-0.338854235380165,-0.048762239684404,0.107496171596573,0.253125839165765,0.515480200317294,3161.62941084408,1.00010557547375
"Omega[5,9]",0.140363250767294,0.00524741642187838,0.220307937216438,-0.312379884398354,-0.00818972482792236,0.15123821684545,0.296521032702337,0.544539935265979,1762.66275529345,1.00458123552517
"Omega[5,10]",0.124867466633807,0.00393848678511366,0.214656415905213,-0.317218510873853,-0.0156784370824027,0.13339140955202,0.27469395494395,0.520328775606628,2970.49593373102,1.00003021237615
"Omega[5,11]",0.221987565027627,0.00775569267612071,0.2185671465197,-0.241496055043617,0.0837713557854367,0.232919755108544,0.381822599953227,0.610975039293142,794.197620781191,1.00681584892741
"Omega[5,12]",0.191143040506817,0.00585101569198709,0.222002803193066,-0.274192271800883,0.0408396540059499,0.207385380387626,0.351117817347748,0.58896622717662,1439.64161065841,1.00598410102621
"Omega[5,13]",0.096326369514695,0.00434838464991397,0.224454284334326,-0.346749518576521,-0.0534158573271352,0.102349976631752,0.254023487256295,0.525287789040713,2664.40285961891,1.00438328371517
"Omega[5,14]",0.172272571453146,0.00441313626073109,0.20983345853189,-0.259599095760245,0.0327564538891497,0.17456579944384,0.321481545824868,0.558703144065075,2260.76178637,1.00389009477647
"Omega[5,15]",0.19100791016093,0.00572068470846643,0.217321989088272,-0.261147710456522,0.0425419418576281,0.202955569921604,0.349677957378115,0.573821237606968,1443.14948106312,1.00336530031404
"Omega[5,16]",0.155307489196372,0.006075915124998,0.222228825303176,-0.299919203923312,0.00979599849603306,0.156365193982743,0.312763573538965,0.581796355277409,1337.75746812093,1.00554990688466
"Omega[5,17]",0.177225333319398,0.00439859217203267,0.213061920160984,-0.253103079593283,0.0341530606975135,0.185012787495502,0.323423923435697,0.574616921720211,2346.30399097564,0.999576808683935
"Omega[5,18]",0.116038579783952,0.00364165135523749,0.203909887741876,-0.278579163373025,-0.0210942398866352,0.117285921374321,0.26588745808215,0.497765733381072,3135.30533359604,0.999923612414012
"Omega[6,1]",0.228516002954728,0.00787148374966277,0.220998157342003,-0.233313940586735,0.0808223931906981,0.238403620280113,0.392270536889226,0.605564341295738,788.250216663822,1.00805180846123
"Omega[6,2]",0.108316331672218,0.00407951437547881,0.217234238512005,-0.312138384748978,-0.0391485676728213,0.115371347139517,0.260682450685482,0.513440713597093,2835.56505885694,1.00059538653784
"Omega[6,3]",0.0404888409794378,0.00358052176609176,0.199425556871945,-0.359733693612584,-0.0940647427069149,0.0431154259397726,0.178642676922116,0.424430983432933,3102.19426450012,1.00044746550261
"Omega[6,4]",0.125958105320919,0.00449273288290969,0.217152869863134,-0.307390207132427,-0.0224090222949385,0.13049401351897,0.281795800794959,0.518023950016906,2336.19962661109,0.99960948086461
"Omega[6,5]",0.254037841170196,0.00629561843258076,0.217367201548437,-0.207756872832408,0.108885965413892,0.279126810768012,0.411142237517249,0.617923796953157,1192.09600303542,1.00544170800984
"Omega[6,6]",1,1.84828840184736e-18,8.54149039210154e-17,1,1,1,1,1,2135.63896902216,0.998999499499374
"Omega[6,7]",0.112060590527992,0.00421092142402624,0.22403336173113,-0.344476342598865,-0.0406595966032509,0.1206271591268,0.267616401432965,0.535568847976179,2830.5518609828,1.00043452508304
"Omega[6,8]",0.105566447254998,0.0041815690024201,0.216173914039266,-0.334014406719021,-0.0397044310605622,0.111893684425054,0.256088607776813,0.514319180472881,2672.56352244901,1.00419952379843
"Omega[6,9]",0.105220637853436,0.00423750151691614,0.220911473137407,-0.357267590126131,-0.046936291549802,0.114883921571066,0.263533394797219,0.506752563416591,2717.79571840105,1.00303135269799
"Omega[6,10]",0.124095755665048,0.0036684486349068,0.22409000539026,-0.336232556405163,-0.0233292362171352,0.131087750769115,0.284318668794331,0.536420809024057,3731.47115733593,1.00025544980591
"Omega[6,11]",0.197426613841671,0.00676043738294622,0.222853102724493,-0.26108303655706,0.0511897535587096,0.207711072335657,0.359166449477407,0.596154409113151,1086.64523736835,1.00331220873365
"Omega[6,12]",0.138372478490563,0.00481265583774365,0.215112076128819,-0.291309337877007,-0.00352644484804385,0.139482677181793,0.293895289083556,0.541474756711193,1997.83663446925,1.00153205125231
"Omega[6,13]",0.0713707259082479,0.00432184148659979,0.222216346282277,-0.37504225235511,-0.0791353311745072,0.0809133475804677,0.227087866583538,0.489751300086367,2643.71318473805,1.00140695455743
"Omega[6,14]",0.161887920178953,0.00469644867881141,0.212679926944286,-0.273292523538023,0.0172049083964128,0.17200578110364,0.316153279985609,0.540422898193514,2050.75530259277,1.00205828425296
"Omega[6,15]",0.195519300265111,0.00602578732383739,0.220157391445565,-0.273932085308029,0.0531007722413404,0.208481359682891,0.352046914390172,0.583303855507929,1334.86990742275,1.00563908831828
"Omega[6,16]",0.207755400252969,0.00936744379284942,0.232979651837592,-0.27285909515514,0.0517984358634686,0.222970227954189,0.38135543488362,0.61176177162044,618.577034306679,1.00592055178228
"Omega[6,17]",0.196626108162507,0.00582014666431777,0.220283052312027,-0.268568937505447,0.0524340348219202,0.210850434274078,0.353388623637375,0.587962975561287,1432.49895437113,1.00335580238734
"Omega[6,18]",0.043923210424443,0.00408310971374141,0.208864207096082,-0.361454844254794,-0.10121487442262,0.0466374625543185,0.187635376079674,0.445710206244097,2616.65185685862,1.00048709402506
"Omega[7,1]",0.0589741112884501,0.00382753738626151,0.223288926671545,-0.383313460507173,-0.0971134323480637,0.0689641465026632,0.215833344113934,0.472811873267007,3403.26282106931,1.00113591952064
"Omega[7,2]",0.0950438450897607,0.004788958865963,0.232156365023221,-0.365002718928322,-0.065881209168395,0.0984149585965103,0.262985400057811,0.510098266809375,2350.06014286319,1.00222214711446
"Omega[7,3]",-6.31682515361246e-05,0.00337468264789923,0.217456600382719,-0.409755485923255,-0.15565233848718,-0.000198287491699018,0.154765640956767,0.42926039480786,4152.21001408471,0.999792595846638
"Omega[7,4]",0.0741218633392888,0.00449178086575389,0.223650890469055,-0.372892429716601,-0.0771354499479433,0.0774661422565942,0.227736508341382,0.499644837304877,2479.15763431576,1.00005332235446
"Omega[7,5]",0.121189533020343,0.00410639579012615,0.223064635435975,-0.325629681726606,-0.0283443846899465,0.126946227536153,0.278627509880622,0.538609117445225,2950.80040070232,1.00116819645175
"Omega[7,6]",0.112060590527992,0.00421092142402624,0.22403336173113,-0.344476342598865,-0.0406595966032509,0.1206271591268,0.267616401432965,0.535568847976179,2830.5518609828,1.00043452508304
"Omega[7,7]",1,1.62025241843254e-18,8.09879375966489e-17,1,1,1,1,1,2498.47680741726,0.998999499499374
"Omega[7,8]",0.0383242555743529,0.00418085183746051,0.22309561946494,-0.400137093295558,-0.111741823607131,0.0359684328074515,0.190077908854168,0.472052410959917,2847.42655876388,1.00002861730764
"Omega[7,9]",0.0641250705645191,0.00390653110284431,0.218685403252236,-0.373182779049269,-0.0807679115126951,0.0713183843168547,0.215776001937557,0.473526564497962,3133.69712300337,1.0008409392384
"Omega[7,10]",0.0493808268376129,0.00470887130001376,0.224069201384762,-0.399032733417877,-0.10373067498868,0.055725887984541,0.203557970313048,0.466974399973161,2264.28292253849,1.00074720104853
"Omega[7,11]",0.110380260567771,0.00493624218176926,0.233641456635568,-0.356477366897038,-0.0457171578419632,0.122090546664435,0.278109791372384,0.54089970448838,2240.30368161699,1.00273659446713
"Omega[7,12]",0.0678181633515016,0.00434586144248862,0.229012620234906,-0.385560094481121,-0.0947688133368409,0.0693876587833924,0.235941291946299,0.498970108036283,2776.94373227578,1.00191847617421
"Omega[7,13]",0.0095239632948117,0.00405735087648582,0.228281108419624,-0.433703445913276,-0.152349362115681,0.00512092092873657,0.166065701596262,0.449757989093462,3165.591066544,1.00030261165147
"Omega[7,14]",0.0458721689712752,0.00444659155020885,0.228456592538466,-0.396803447739564,-0.114096838738058,0.0480569161876843,0.209633199242555,0.470959601201784,2639.68991477867,1.00096551124763
"Omega[7,15]",0.0523356429565206,0.00381848952104715,0.222022192378754,-0.373199020716531,-0.102815240088554,0.0497895253466529,0.20977012727584,0.48041187039834,3380.7228377153,1.00002296900161
"Omega[7,16]",0.107214731112686,0.00404724872100877,0.224353882866485,-0.331871341611185,-0.052374248629583,0.106994253455921,0.263628045513956,0.53659620582855,3072.8926697612,1.00146742720607
"Omega[7,17]",0.0542005051832841,0.00401855387673452,0.222706736424436,-0.383868682153251,-0.0997917721222136,0.0574136100306494,0.207559343915998,0.479677142307268,3071.33449129154,1.00031863357609
"Omega[7,18]",0.0311246052439441,0.00403764060636925,0.224080831810754,-0.414660417097794,-0.122438646563368,0.0299602110190712,0.184206940213806,0.4611103062758,3080.02397497922,0.999644455910897
"Omega[8,1]",0.105688730622258,0.00392119691637331,0.219568820034787,-0.339959455795695,-0.0386527949616165,0.113698402330086,0.254310251710414,0.529967555945837,3135.47997228935,1.00192136679651
"Omega[8,2]",0.0860747098137305,0.003822032872881,0.222606002495662,-0.349543722863849,-0.0673677513334696,0.0878576112084063,0.242999046430866,0.505612452505305,3392.22699119237,1.00148189547669
"Omega[8,3]",0.121311236397333,0.00373822411202634,0.214121666986708,-0.301720888553906,-0.0272109133049003,0.125753361482457,0.275752889422803,0.518796243241424,3280.88163682425,1.00009123734199
"Omega[8,4]",0.0850559471887346,0.00441537398493949,0.226581924965973,-0.372835479280552,-0.0690844377425871,0.09171680224253,0.242790929981996,0.515421148079304,2633.39214154829,1.00158564923424
"Omega[8,5]",0.100347654691658,0.00387540496941865,0.217907698247913,-0.338854235380165,-0.048762239684404,0.107496171596573,0.253125839165765,0.515480200317294,3161.62941084408,1.00010557547375
"Omega[8,6]",0.105566447254998,0.0041815690024201,0.216173914039266,-0.334014406719021,-0.0397044310605622,0.111893684425054,0.256088607776813,0.514319180472881,2672.56352244901,1.00419952379843
"Omega[8,7]",0.0383242555743529,0.00418085183746051,0.22309561946494,-0.400137093295558,-0.111741823607131,0.0359684328074515,0.190077908854168,0.472052410959917,2847.42655876388,1.00002861730764
"Omega[8,8]",1,1.66245670356543e-18,9.36430742937859e-17,1,1,1,1,1,3172.85802437446,0.998999499499374
"Omega[8,9]",0.0803277632310833,0.00493251327672849,0.221005657015835,-0.358798011817208,-0.0709294398131986,0.0891080281596568,0.233115173976712,0.489056325519665,2007.56795519366,1.00211812744377
"Omega[8,10]",0.0491905872998116,0.00426648832380913,0.224739334208928,-0.38556258747805,-0.106893502299211,0.048586861883582,0.205692187185843,0.47907729374787,2774.70653492467,1.00177210209615
"Omega[8,11]",0.113952272345436,0.00399203498567073,0.219636221620412,-0.324148158843433,-0.03731732138081,0.119462886568925,0.265981097184788,0.529020290641146,3027.04760172353,0.999729852004433
"Omega[8,12]",0.117559911035818,0.0043009368179397,0.220173197565452,-0.318260089240891,-0.0380933505258472,0.122550737215611,0.279917476046712,0.522737442338158,2620.61229374955,1.00229641340132
"Omega[8,13]",0.0286087503106088,0.0045767661450052,0.229726964843868,-0.421944028731425,-0.12964267021731,0.0278478365141443,0.187160301542042,0.461323809993078,2519.45441489543,0.999756249955018
"Omega[8,14]",0.0574515774536388,0.00490275273492228,0.220131782670295,-0.378943620200343,-0.0965426622453295,0.0644285195582047,0.214999208411152,0.464535043871561,2015.97675382064,1.00115877080091
"Omega[8,15]",0.00676710241621332,0.00406184023846991,0.216540408271959,-0.416884378843866,-0.145808145525833,0.00864661189414512,0.160407108707194,0.417052825523191,2842.05335824328,0.99991630242984
"Omega[8,16]",0.0667229205012383,0.00433574070599899,0.217205633207632,-0.357195990260945,-0.0809563294068376,0.0707329433061563,0.21822261558619,0.477110062690364,2509.66390924029,1.00070995453382
"Omega[8,17]",0.125689766656695,0.00466542962289996,0.217642340021291,-0.304805444965097,-0.0270730569435136,0.130715722214622,0.277103445507968,0.541001171877701,2176.22346217165,1.00108402175997
"Omega[8,18]",0.0623829411120087,0.00436970906142042,0.221833331291645,-0.36886988526703,-0.0910014716842867,0.065637976310051,0.216140400268763,0.490548354330673,2577.20258119035,0.999799018330678
"Omega[9,1]",0.140415988760484,0.00475356136067813,0.223063439263005,-0.319292522786317,-0.0121434436241279,0.146669599543167,0.304056927423775,0.553526713726328,2202.0064126834,1.00330202056827
"Omega[9,2]",0.118035451281415,0.00468695757037592,0.222954572212266,-0.333537535134841,-0.0340710322346569,0.127480223861357,0.275386380874426,0.530403814238645,2262.82371716483,1.00163310825831
"Omega[9,3]",0.123466873536008,0.00412404588825812,0.219343826948819,-0.30977423270653,-0.0241196621497134,0.131937872842015,0.272229924475113,0.531673128239239,2828.81049660034,1.00117885646763
"Omega[9,4]",0.0844649067652244,0.0040733629879984,0.218306895456417,-0.357310977617751,-0.0634350105259729,0.0872411133252522,0.235011167459944,0.491219021563733,2872.29261308051,0.999765432793968
"Omega[9,5]",0.140363250767294,0.00524741642187838,0.220307937216438,-0.312379884398354,-0.00818972482792236,0.15123821684545,0.296521032702337,0.544539935265979,1762.66275529345,1.00458123552517
"Omega[9,6]",0.105220637853436,0.00423750151691614,0.220911473137407,-0.357267590126131,-0.046936291549802,0.114883921571066,0.263533394797219,0.506752563416591,2717.79571840105,1.00303135269799
"Omega[9,7]",0.0641250705645191,0.00390653110284431,0.218685403252236,-0.373182779049269,-0.0807679115126951,0.0713183843168547,0.215776001937557,0.473526564497962,3133.69712300337,1.0008409392384
"Omega[9,8]",0.0803277632310833,0.00493251327672849,0.221005657015835,-0.358798011817208,-0.0709294398131986,0.0891080281596568,0.233115173976712,0.489056325519665,2007.56795519366,1.00211812744377
"Omega[9,9]",1,1.43259829269481e-18,8.33511283912171e-17,1,1,1,1,1,3385.12031163456,0.998999499499374
"Omega[9,10]",0.0999345825805846,0.00399008038198937,0.220385612661342,-0.33786394881028,-0.0524199077668773,0.101176745252215,0.256820481233215,0.520193719860956,3050.72589779828,1.00117306095155
"Omega[9,11]",0.135339487584964,0.00557611560406588,0.221352420851326,-0.311602792191643,-0.0106069296379699,0.144869352038904,0.292446409892179,0.549405556819941,1575.81421627144,1.00362125984523
"Omega[9,12]",0.109042146568069,0.00432942299883781,0.21671476124171,-0.328933769245731,-0.0343971199815019,0.114517677340388,0.263551451903284,0.523632273277081,2505.63004300951,1.00193608432878
"Omega[9,13]",0.0680172469953845,0.00421896521984861,0.228446236328602,-0.381460632210392,-0.0907259886917466,0.0734750810227951,0.233335700718164,0.496632954238252,2931.94706112438,1.00489548465253
"Omega[9,14]",0.183514003901858,0.00779494809897046,0.230928157339124,-0.290306905042606,0.027536250800124,0.194820509529887,0.348990148338599,0.601156340561394,877.662059461795,1.00597569362609
"Omega[9,15]",0.0257617072879527,0.00394196263842845,0.21734620673118,-0.416554315196208,-0.117288015734099,0.031094435371125,0.176320333754732,0.431753110888186,3040.0387715897,1.00070958690333
"Omega[9,16]",0.0782666269765186,0.00488500459587708,0.221515272373651,-0.361735901974432,-0.0724182780992508,0.0810465931694112,0.238702260449637,0.489483634918051,2056.25700487906,1.00174883684984
"Omega[9,17]",0.0788566244471203,0.00447164356664851,0.230811903197697,-0.37673332958108,-0.0826318645659814,0.0849037641456348,0.240810550213019,0.506258437772123,2664.29338535962,0.999987829972459
"Omega[9,18]",0.162120126199794,0.00741397182507939,0.223867415339082,-0.302523109131226,0.0150179597316507,0.172294959732514,0.318095400541001,0.576311377799994,911.758682589648,1.0050050673483
"Omega[10,1]",0.12907546721549,0.00344046489128006,0.216031588309538,-0.290956768827465,-0.0176906026678609,0.135463777015398,0.284634749386298,0.530473832914759,3942.75922536342,1.00098137858554
"Omega[10,2]",0.0528620673630493,0.00334502690345422,0.217229391076447,-0.373480068995104,-0.0943357531356105,0.0522406014904856,0.202808107319146,0.46783275209512,4217.33343981189,0.999753610425648
"Omega[10,3]",0.100132558186974,0.00353830399595637,0.21177879836073,-0.322722700298534,-0.0435165826760677,0.108166696797632,0.245105652442093,0.498705196863339,3582.40492875242,0.999673084716089
"Omega[10,4]",0.0191149198911228,0.00365874978585765,0.216953832871392,-0.392231516590085,-0.135697361894457,0.014782141348239,0.16855153272743,0.443678269012036,3516.16489908554,1.0003002354115
"Omega[10,5]",0.124867466633807,0.00393848678511366,0.214656415905213,-0.317218510873853,-0.0156784370824027,0.13339140955202,0.27469395494395,0.520328775606628,2970.49593373102,1.00003021237615
"Omega[10,6]",0.124095755665048,0.0036684486349068,0.22409000539026,-0.336232556405163,-0.0233292362171352,0.131087750769115,0.284318668794331,0.536420809024057,3731.47115733593,1.00025544980591
"Omega[10,7]",0.0493808268376129,0.00470887130001376,0.224069201384762,-0.399032733417877,-0.10373067498868,0.055725887984541,0.203557970313048,0.466974399973161,2264.28292253849,1.00074720104853
"Omega[10,8]",0.0491905872998116,0.00426648832380913,0.224739334208928,-0.38556258747805,-0.106893502299211,0.048586861883582,0.205692187185843,0.47907729374787,2774.70653492467,1.00177210209615
"Omega[10,9]",0.0999345825805846,0.00399008038198937,0.220385612661342,-0.33786394881028,-0.0524199077668773,0.101176745252215,0.256820481233215,0.520193719860956,3050.72589779828,1.00117306095155
"Omega[10,10]",1,1.47593968533768e-18,8.89329817811612e-17,1,1,1,1,1,3630.68429770857,0.998999499499374
"Omega[10,11]",0.0726015653319017,0.00418297608645751,0.217867590448433,-0.355491587539838,-0.0753627115717906,0.0735663280959735,0.226237572321917,0.481226322359506,2712.77951292402,1.00117737869128
"Omega[10,12]",0.0383215628714529,0.00391806450901987,0.213719019479372,-0.384299098929397,-0.1115204353954,0.0399798513439207,0.185482839052624,0.460711093759375,2975.38508538506,1.00148124141671
"Omega[10,13]",0.0259347272960209,0.00408899441533152,0.226910851004352,-0.421848212413107,-0.131501526662588,0.0257033055378889,0.185213815150034,0.464166981810038,3079.48075518291,0.999542420421688
"Omega[10,14]",0.107918554054261,0.00390063021235272,0.214866029854996,-0.323166438412273,-0.0387180290029822,0.112220075440924,0.262164653146827,0.506850594859704,3034.35198874928,1.00143326229057
"Omega[10,15]",0.00913502894819231,0.00415203645298669,0.218345238163148,-0.406668892769039,-0.140782377330552,0.00703208923597495,0.159667724230289,0.436623744064408,2765.44569305603,1.00095614150195
"Omega[10,16]",0.0173132894358447,0.00429232726983024,0.215791765080491,-0.40002468192344,-0.133601967807465,0.0190283222674166,0.166705318479712,0.419172853319713,2527.4587702452,1.00223909229498
"Omega[10,17]",0.0814187078307572,0.00431438217831228,0.220868513914304,-0.351960438855777,-0.0649128300253062,0.0845289289853211,0.232645802045554,0.499779384209591,2620.77894813565,1.00071733634459
"Omega[10,18]",0.0167447239399272,0.00451631584785938,0.217329481927755,-0.410290407546867,-0.129189396606898,0.0150028612655728,0.164684423395493,0.441592315228643,2315.62738086974,1.00027801546544
"Omega[11,1]",0.156584098914042,0.00427815627518081,0.219053933472769,-0.29173121368832,0.00692846809696662,0.16286145106838,0.319352440674465,0.558198674193993,2621.73518583684,1.0041862882815
"Omega[11,2]",0.113223642561435,0.00431884369200729,0.21702463174057,-0.324225139911854,-0.0403420560732649,0.122269327842343,0.262213241449747,0.522158426549942,2525.12617249711,0.999834914079123
"Omega[11,3]",0.0733456464165292,0.00377168172963643,0.207956121612526,-0.349707664914809,-0.0659724774458883,0.0798753793450949,0.220583763968673,0.461769341976152,3039.99831179624,1.00038737404478
"Omega[11,4]",0.173182333207281,0.00771306008979212,0.22311194656503,-0.285887151158186,0.0273881875819618,0.178796081456535,0.333342359788064,0.574089175543871,836.743256407203,1.00355553724483
"Omega[11,5]",0.221987565027627,0.00775569267612071,0.2185671465197,-0.241496055043617,0.0837713557854367,0.232919755108544,0.381822599953227,0.610975039293142,794.197620781191,1.00681584892741
"Omega[11,6]",0.197426613841671,0.00676043738294622,0.222853102724493,-0.26108303655706,0.0511897535587096,0.207711072335657,0.359166449477407,0.596154409113151,1086.64523736835,1.00331220873365
"Omega[11,7]",0.110380260567771,0.00493624218176926,0.233641456635568,-0.356477366897038,-0.0457171578419632,0.122090546664435,0.278109791372384,0.54089970448838,2240.30368161699,1.00273659446713
"Omega[11,8]",0.113952272345436,0.00399203498567073,0.219636221620412,-0.324148158843433,-0.03731732138081,0.119462886568925,0.265981097184788,0.529020290641146,3027.04760172353,0.999729852004433
"Omega[11,9]",0.135339487584964,0.00557611560406588,0.221352420851326,-0.311602792191643,-0.0106069296379699,0.144869352038904,0.292446409892179,0.549405556819941,1575.81421627144,1.00362125984523
"Omega[11,10]",0.0726015653319017,0.00418297608645751,0.217867590448433,-0.355491587539838,-0.0753627115717906,0.0735663280959735,0.226237572321917,0.481226322359506,2712.77951292402,1.00117737869128
"Omega[11,11]",1,1.46223490777271e-18,9.07512790373008e-17,1,1,1,1,1,3851.86638883919,0.998999499499374
"Omega[11,12]",0.219779683094079,0.00946113057833546,0.230057339586805,-0.271250560122061,0.069308164931751,0.228888733942672,0.387710125262475,0.632606587621259,591.270366697173,1.00358290901589
"Omega[11,13]",0.0602573784609485,0.00399722471267645,0.226183593707184,-0.386912586477345,-0.0945051871951307,0.0659645904343077,0.219613723116409,0.491498776522744,3201.88015624909,1.00110906854399
"Omega[11,14]",0.12577945995689,0.00526571502792779,0.220328517196474,-0.311490263098582,-0.0296379358371582,0.133365044508494,0.284768353662632,0.527633452313282,1750.76041743481,1.00227280660081
"Omega[11,15]",0.117935398740878,0.00522510992121322,0.217388683022613,-0.3227936308331,-0.0266504974685363,0.121570898573219,0.272757602524709,0.529331607954963,1730.94393225304,1.00041391750235
"Omega[11,16]",0.182851131021251,0.00912092526582206,0.232670121068832,-0.286502713791346,0.0281510421373633,0.190096420123119,0.349583709055977,0.61117569043995,650.733907830329,1.00756765078347
"Omega[11,17]",0.146428503401494,0.00438857476681944,0.218240140840327,-0.293633949159474,0.0045072257349919,0.153161254998505,0.303825343667234,0.547910850590613,2472.9894469792,0.999642260752715
"Omega[11,18]",0.0942873365135982,0.00451470179964349,0.215821112601633,-0.335163993882606,-0.0534369484185767,0.0974577074613859,0.245957781105872,0.503740856410707,2285.22893369208,1.00203694714866
"Omega[12,1]",0.129895997997252,0.00481536804914303,0.215244598256869,-0.308297827844734,-0.0190156509156419,0.137229242284168,0.287894633539025,0.53048924505487,1998.04630545622,1.00267694390954
"Omega[12,2]",0.123564353180627,0.00442283563423541,0.223316916226864,-0.317224805124056,-0.029099707592466,0.124160150247144,0.284818961754738,0.536877242973456,2549.42150078529,1.00152427302504
"Omega[12,3]",-0.00917999273420673,0.00372343098342933,0.211862459131546,-0.405269292321722,-0.15878902675294,-0.00830065934738188,0.138083332331655,0.403285797179403,3237.58665508104,1.00012556387437
"Omega[12,4]",0.166171445304448,0.0067225526498095,0.221652891377854,-0.291087162062149,0.0232886624845127,0.171090158096801,0.326636619735734,0.571637145439418,1087.12223203552,1.00323634367446
"Omega[12,5]",0.191143040506817,0.00585101569198709,0.222002803193066,-0.274192271800883,0.0408396540059499,0.207385380387626,0.351117817347748,0.58896622717662,1439.64161065841,1.00598410102621
"Omega[12,6]",0.138372478490563,0.00481265583774365,0.215112076128819,-0.291309337877007,-0.00352644484804385,0.139482677181793,0.293895289083556,0.541474756711193,1997.83663446925,1.00153205125231
"Omega[12,7]",0.0678181633515016,0.00434586144248862,0.229012620234906,-0.385560094481121,-0.0947688133368409,0.0693876587833924,0.235941291946299,0.498970108036283,2776.94373227578,1.00191847617421
"Omega[12,8]",0.117559911035818,0.0043009368179397,0.220173197565452,-0.318260089240891,-0.0380933505258472,0.122550737215611,0.279917476046712,0.522737442338158,2620.61229374955,1.00229641340132
"Omega[12,9]",0.109042146568069,0.00432942299883781,0.21671476124171,-0.328933769245731,-0.0343971199815019,0.114517677340388,0.263551451903284,0.523632273277081,2505.63004300951,1.00193608432878
"Omega[12,10]",0.0383215628714529,0.00391806450901987,0.213719019479372,-0.384299098929397,-0.1115204353954,0.0399798513439207,0.185482839052624,0.460711093759375,2975.38508538506,1.00148124141671
"Omega[12,11]",0.219779683094079,0.00946113057833546,0.230057339586805,-0.271250560122061,0.069308164931751,0.228888733942672,0.387710125262475,0.632606587621259,591.270366697173,1.00358290901589
"Omega[12,12]",1,1.55892654339083e-18,9.12761998532522e-17,1,1,1,1,1,3428.18142744891,0.998999499499374
"Omega[12,13]",0.0787819024370762,0.00438082357970064,0.221331399520702,-0.370229638891742,-0.069494029101175,0.0872808228531122,0.235105026718257,0.48856140299124,2552.55161226469,1.00118219963129
"Omega[12,14]",0.114440799839616,0.00417267298347756,0.218998684958965,-0.316336966781086,-0.03490879623776,0.118136908070418,0.269353309566101,0.521875489191589,2754.5731764713,1.00162536530378
"Omega[12,15]",0.0644196000586954,0.00495663499565354,0.214618790241381,-0.360343315344222,-0.0858400689451576,0.0688193128636688,0.221047159651814,0.465875404429387,1874.82876155501,1.00143573574679
"Omega[12,16]",0.103432422921452,0.00950956836947431,0.234742385967418,-0.372366534989797,-0.0556044408248072,0.115342432886457,0.270672929157036,0.523897769984305,609.342427987437,1.01169337551246
"Omega[12,17]",0.0877058264359561,0.00428932848224748,0.217878283839736,-0.343648115469112,-0.061266817264031,0.0907512931174999,0.238997315151844,0.510376536333068,2580.17568929132,0.99926029997742
"Omega[12,18]",0.0731366831578087,0.00405687254128967,0.213606509533818,-0.348890666311267,-0.074269781069585,0.077879692322227,0.225186384159434,0.481200312449675,2772.33839906591,1.00012317802536
"Omega[13,1]",0.0635745965656531,0.00414713144768093,0.223016234253398,-0.381907449972548,-0.0906365576274037,0.066520094662778,0.221410817885314,0.490356808294794,2891.86060143023,1.00194824303883
"Omega[13,2]",0.0256406926776545,0.00388894936015557,0.230996898929931,-0.437342124695201,-0.131017265160609,0.0276437145707649,0.181687468212496,0.472722876366749,3528.15554261871,1.0008713214015
"Omega[13,3]",0.0225441765710379,0.00313219584305183,0.216710770681179,-0.401753016324645,-0.128449854538347,0.0267906641233144,0.172331691260869,0.427354029111889,4786.99722274398,0.999884632835027
"Omega[13,4]",0.06097524169528,0.00387453246666209,0.22923513447042,-0.382255787525787,-0.0960264978333617,0.0658701805902346,0.220759859986685,0.503342913762221,3500.44900423543,0.999441568257247
"Omega[13,5]",0.096326369514695,0.00434838464991397,0.224454284334326,-0.346749518576521,-0.0534158573271352,0.102349976631752,0.254023487256295,0.525287789040713,2664.40285961891,1.00438328371517
"Omega[13,6]",0.0713707259082479,0.00432184148659979,0.222216346282277,-0.37504225235511,-0.0791353311745072,0.0809133475804677,0.227087866583538,0.489751300086367,2643.71318473805,1.00140695455743
"Omega[13,7]",0.0095239632948117,0.00405735087648582,0.228281108419624,-0.433703445913276,-0.152349362115681,0.00512092092873657,0.166065701596262,0.449757989093462,3165.591066544,1.00030261165147
"Omega[13,8]",0.0286087503106088,0.0045767661450052,0.229726964843868,-0.421944028731425,-0.12964267021731,0.0278478365141443,0.187160301542042,0.461323809993078,2519.45441489543,0.999756249955018
"Omega[13,9]",0.0680172469953845,0.00421896521984861,0.228446236328602,-0.381460632210392,-0.0907259886917466,0.0734750810227951,0.233335700718164,0.496632954238252,2931.94706112438,1.00489548465253
"Omega[13,10]",0.0259347272960209,0.00408899441533152,0.226910851004352,-0.421848212413107,-0.131501526662588,0.0257033055378889,0.185213815150034,0.464166981810038,3079.48075518291,0.999542420421688
"Omega[13,11]",0.0602573784609485,0.00399722471267645,0.226183593707184,-0.386912586477345,-0.0945051871951307,0.0659645904343077,0.219613723116409,0.491498776522744,3201.88015624909,1.00110906854399
"Omega[13,12]",0.0787819024370762,0.00438082357970064,0.221331399520702,-0.370229638891742,-0.069494029101175,0.0872808228531122,0.235105026718257,0.48856140299124,2552.55161226469,1.00118219963129
"Omega[13,13]",1,1.87441047605144e-18,9.40863770268243e-17,1,1,1,1,1,2519.5564052034,0.998999499499374
"Omega[13,14]",0.0999058329563574,0.00467744614999892,0.223032591842401,-0.345935563572228,-0.0550557799498667,0.104528698739667,0.254228378837793,0.530520674872098,2273.62622535305,1.00181730320113
"Omega[13,15]",0.037927864539267,0.00442947558735299,0.229416309582904,-0.421154851102133,-0.121016483813512,0.0464562562359858,0.202057700642127,0.461730028221394,2682.52608549766,1.00041019865273
"Omega[13,16]",0.037979953568064,0.00494329025111357,0.223450104653571,-0.39373969700733,-0.119166943524361,0.041156084286899,0.199742176262148,0.457309463351555,2043.28478992646,1.0003031165398
"Omega[13,17]",0.0321984798370532,0.00432073754159781,0.225613082501195,-0.401917398099902,-0.124330834001641,0.0328704933558481,0.189016583423005,0.472950360019292,2726.54572741068,1.00003940095672
"Omega[13,18]",0.0522729523775848,0.00429374927204712,0.223359842479768,-0.392499000432695,-0.0980536848062792,0.0547086898888421,0.203824588129194,0.490480512131975,2706.05629906399,0.999830487928452
"Omega[14,1]",0.0998228795201713,0.00441178184759151,0.211897001882621,-0.31427403332646,-0.0444254061706816,0.102264576862983,0.247562254885659,0.505028093731232,2306.86173374613,1.00177855857261
"Omega[14,2]",0.0766223406124383,0.00519008724449717,0.22103648577999,-0.375453357986383,-0.0763719098651105,0.0841206470067007,0.233544945701616,0.47922053366575,1813.75497935844,1.001914880665
"Omega[14,3]",0.0473485267830917,0.00388396014725975,0.20078852879952,-0.356787383663555,-0.0856437120977518,0.0524146651431825,0.18749962000202,0.419837249206334,2672.5649297855,1.00126038968813
"Omega[14,4]",0.108643736057759,0.0042863777570428,0.22344272626302,-0.34416557140099,-0.040850283763763,0.119006047266842,0.26464558161445,0.518160862700548,2717.38740426096,1.00038676990699
"Omega[14,5]",0.172272571453146,0.00441313626073109,0.20983345853189,-0.259599095760245,0.0327564538891497,0.17456579944384,0.321481545824868,0.558703144065075,2260.76178637,1.00389009477647
"Omega[14,6]",0.161887920178953,0.00469644867881141,0.212679926944286,-0.273292523538023,0.0172049083964128,0.17200578110364,0.316153279985609,0.540422898193514,2050.75530259277,1.00205828425296
"Omega[14,7]",0.0458721689712752,0.00444659155020885,0.228456592538466,-0.396803447739564,-0.114096838738058,0.0480569161876843,0.209633199242555,0.470959601201784,2639.68991477867,1.00096551124763
"Omega[14,8]",0.0574515774536388,0.00490275273492228,0.220131782670295,-0.378943620200343,-0.0965426622453295,0.0644285195582047,0.214999208411152,0.464535043871561,2015.97675382064,1.00115877080091
"Omega[14,9]",0.183514003901858,0.00779494809897046,0.230928157339124,-0.290306905042606,0.027536250800124,0.194820509529887,0.348990148338599,0.601156340561394,877.662059461795,1.00597569362609
"Omega[14,10]",0.107918554054261,0.00390063021235272,0.214866029854996,-0.323166438412273,-0.0387180290029822,0.112220075440924,0.262164653146827,0.506850594859704,3034.35198874928,1.00143326229057
"Omega[14,11]",0.12577945995689,0.00526571502792779,0.220328517196474,-0.311490263098582,-0.0296379358371582,0.133365044508494,0.284768353662632,0.527633452313282,1750.76041743481,1.00227280660081
"Omega[14,12]",0.114440799839616,0.00417267298347756,0.218998684958965,-0.316336966781086,-0.03490879623776,0.118136908070418,0.269353309566101,0.521875489191589,2754.5731764713,1.00162536530378
"Omega[14,13]",0.0999058329563574,0.00467744614999892,0.223032591842401,-0.345935563572228,-0.0550557799498667,0.104528698739667,0.254228378837793,0.530520674872098,2273.62622535305,1.00181730320113
"Omega[14,14]",1,1.6399997449723e-18,9.65759501495174e-17,1,1,1,1,1,3467.77106188305,0.998999499499374
"Omega[14,15]",0.095931873802989,0.00426740392717022,0.211201184203029,-0.322142876643739,-0.0504024402082975,0.102071897225,0.244474680714239,0.495765227159539,2449.43090321729,1.00196782590488
"Omega[14,16]",0.0636651506388239,0.00624960886919919,0.219380841561138,-0.377321498178886,-0.0886813871855793,0.07084379731704,0.214393711413294,0.46698537886276,1232.2298366361,1.00210125077523
"Omega[14,17]",0.108496762838842,0.00430228471825292,0.213786095253732,-0.313879448882661,-0.0349477813657886,0.113291423558624,0.254908645196188,0.519862870069415,2469.22470972749,1.00261538242629
"Omega[14,18]",0.16550841689505,0.00675697583253258,0.218654778970967,-0.278709532364944,0.0224596411703063,0.172229498732737,0.318657355792666,0.571852560751435,1047.16041476831,1.00166459259308
"Omega[15,1]",0.140824921393848,0.00765478253731604,0.220793755840091,-0.311992824162004,-0.00829283235619257,0.152928980215053,0.295895452056199,0.53935609568257,831.970369852601,1.0058482827251
"Omega[15,2]",0.00145239252251148,0.00354461549383684,0.225090503330824,-0.43947268379001,-0.149594706081649,-0.000965275975137316,0.159609474232849,0.437928706566163,4032.51583659054,1.00055941674524
"Omega[15,3]",-0.0189412000213944,0.00344418741807143,0.196404196184058,-0.396890094978245,-0.155803915677215,-0.019311874190473,0.117797605258847,0.366863208150565,3251.8310438205,0.999467245187514
"Omega[15,4]",0.0624505049808998,0.00381768940949574,0.219833909693003,-0.3663502761802,-0.0911940731821981,0.0686866161267497,0.221280712212682,0.473669857695058,3315.79888521046,0.999989654938588
"Omega[15,5]",0.19100791016093,0.00572068470846643,0.217321989088272,-0.261147710456522,0.0425419418576281,0.202955569921604,0.349677957378115,0.573821237606968,1443.14948106312,1.00336530031404
"Omega[15,6]",0.195519300265111,0.00602578732383739,0.220157391445565,-0.273932085308029,0.0531007722413404,0.208481359682891,0.352046914390172,0.583303855507929,1334.86990742275,1.00563908831828
"Omega[15,7]",0.0523356429565206,0.00381848952104715,0.222022192378754,-0.373199020716531,-0.102815240088554,0.0497895253466529,0.20977012727584,0.48041187039834,3380.7228377153,1.00002296900161
"Omega[15,8]",0.00676710241621332,0.00406184023846991,0.216540408271959,-0.416884378843866,-0.145808145525833,0.00864661189414512,0.160407108707194,0.417052825523191,2842.05335824328,0.99991630242984
"Omega[15,9]",0.0257617072879527,0.00394196263842845,0.21734620673118,-0.416554315196208,-0.117288015734099,0.031094435371125,0.176320333754732,0.431753110888186,3040.0387715897,1.00070958690333
"Omega[15,10]",0.00913502894819231,0.00415203645298669,0.218345238163148,-0.406668892769039,-0.140782377330552,0.00703208923597495,0.159667724230289,0.436623744064408,2765.44569305603,1.00095614150195
"Omega[15,11]",0.117935398740878,0.00522510992121322,0.217388683022613,-0.3227936308331,-0.0266504974685363,0.121570898573219,0.272757602524709,0.529331607954963,1730.94393225304,1.00041391750235
"Omega[15,12]",0.0644196000586954,0.00495663499565354,0.214618790241381,-0.360343315344222,-0.0858400689451576,0.0688193128636688,0.221047159651814,0.465875404429387,1874.82876155501,1.00143573574679
"Omega[15,13]",0.037927864539267,0.00442947558735299,0.229416309582904,-0.421154851102133,-0.121016483813512,0.0464562562359858,0.202057700642127,0.461730028221394,2682.52608549766,1.00041019865273
"Omega[15,14]",0.095931873802989,0.00426740392717022,0.211201184203029,-0.322142876643739,-0.0504024402082975,0.102071897225,0.244474680714239,0.495765227159539,2449.43090321729,1.00196782590488
"Omega[15,15]",1,1.87967924960404e-18,1.05601189220861e-16,1,1,1,1,1,3156.24075778666,0.998999499499374
"Omega[15,16]",0.182204878977942,0.00509179223022194,0.210991959267041,-0.259308975051862,0.0431680061100343,0.193794172222158,0.32896285936428,0.563151839898045,1717.07973203921,1.00158359585438
"Omega[15,17]",0.13247840402544,0.00501356616531968,0.219147172773113,-0.310305189034657,-0.0144401026127681,0.13686524031731,0.288865930946331,0.53650079603236,1910.63725959454,1.00103356573525
"Omega[15,18]",0.0856906018005833,0.00377896383351031,0.21086939389001,-0.339054588914771,-0.0572830665527092,0.0874052656847613,0.236224046078351,0.477448600351292,3113.73485661383,1.00008304304067
"Omega[16,1]",0.169274799876191,0.00756865066767783,0.227209894194263,-0.311906931081428,0.0216419823658226,0.181676418601195,0.329007369644234,0.577273755492493,901.192476422825,1.00487854902959
"Omega[16,2]",0.0553119771655432,0.00414821650172609,0.22523486047187,-0.386519796060403,-0.101294992540004,0.0543495347196895,0.214450439515654,0.477672397356275,2948.14193318889,1.0000667258083
"Omega[16,3]",0.0480026373422277,0.00384779587869501,0.201494143578645,-0.346492075976039,-0.0928536158158964,0.0499474865021181,0.187351177941851,0.437749929770857,2742.21060168363,1.00178300206221
"Omega[16,4]",0.103838131628458,0.006521064768155,0.225574513425947,-0.352155520601514,-0.0489797630885137,0.114174083862585,0.263957841699601,0.512316176556992,1196.58355824709,1.00186680838287
"Omega[16,5]",0.155307489196372,0.006075915124998,0.222228825303176,-0.299919203923312,0.00979599849603306,0.156365193982743,0.312763573538965,0.581796355277409,1337.75746812093,1.00554990688466
"Omega[16,6]",0.207755400252969,0.00936744379284942,0.232979651837592,-0.27285909515514,0.0517984358634686,0.222970227954189,0.38135543488362,0.61176177162044,618.577034306679,1.00592055178228
"Omega[16,7]",0.107214731112686,0.00404724872100877,0.224353882866485,-0.331871341611185,-0.052374248629583,0.106994253455921,0.263628045513956,0.53659620582855,3072.8926697612,1.00146742720607
"Omega[16,8]",0.0667229205012383,0.00433574070599899,0.217205633207632,-0.357195990260945,-0.0809563294068376,0.0707329433061563,0.21822261558619,0.477110062690364,2509.66390924029,1.00070995453382
"Omega[16,9]",0.0782666269765186,0.00488500459587708,0.221515272373651,-0.361735901974432,-0.0724182780992508,0.0810465931694112,0.238702260449637,0.489483634918051,2056.25700487906,1.00174883684984
"Omega[16,10]",0.0173132894358447,0.00429232726983024,0.215791765080491,-0.40002468192344,-0.133601967807465,0.0190283222674166,0.166705318479712,0.419172853319713,2527.4587702452,1.00223909229498
"Omega[16,11]",0.182851131021251,0.00912092526582206,0.232670121068832,-0.286502713791346,0.0281510421373633,0.190096420123119,0.349583709055977,0.61117569043995,650.733907830329,1.00756765078347
"Omega[16,12]",0.103432422921452,0.00950956836947431,0.234742385967418,-0.372366534989797,-0.0556044408248072,0.115342432886457,0.270672929157036,0.523897769984305,609.342427987437,1.01169337551246
"Omega[16,13]",0.037979953568064,0.00494329025111357,0.223450104653571,-0.39373969700733,-0.119166943524361,0.041156084286899,0.199742176262148,0.457309463351555,2043.28478992646,1.0003031165398
"Omega[16,14]",0.0636651506388239,0.00624960886919919,0.219380841561138,-0.377321498178886,-0.0886813871855793,0.07084379731704,0.214393711413294,0.46698537886276,1232.2298366361,1.00210125077523
"Omega[16,15]",0.182204878977942,0.00509179223022194,0.210991959267041,-0.259308975051862,0.0431680061100343,0.193794172222158,0.32896285936428,0.563151839898045,1717.07973203921,1.00158359585438
"Omega[16,16]",1,2.43762595894658e-18,1.07438624299021e-16,1,1,1,1,1,1942.61503292211,0.998999499499374
"Omega[16,17]",0.129108341225911,0.00455354182176873,0.215385809947136,-0.301835477758173,-0.0163131954551124,0.133891739269695,0.279861077479831,0.529006128207482,2237.358179568,1.00117799648023
"Omega[16,18]",0.0672969112298699,0.00431035586471119,0.213763558941946,-0.3554356001028,-0.0803603896906424,0.0718832047087709,0.217487865276563,0.470076371319262,2459.46750239028,1.00328941056317
"Omega[17,1]",0.14629744613572,0.00449949052752653,0.214945681057252,-0.290830029724859,0.00776262042076727,0.152545641556763,0.29938330281981,0.541672166721647,2282.07946285638,1.00200350586371
"Omega[17,2]",0.0381948295098962,0.00392783847968195,0.223080027989796,-0.398716716162717,-0.12233438137669,0.0398886497910301,0.194439174182072,0.460527338436863,3225.62695561162,1.00068098873934
"Omega[17,3]",0.143240100589441,0.00357482382295237,0.203660509811886,-0.251383561229904,0.00375240956998415,0.14693635431407,0.286351570938584,0.537852112440299,3245.67003694536,1.00005867034759
"Omega[17,4]",0.139212113776193,0.0044240199339081,0.215391933156513,-0.298878187326128,-0.00421239381759882,0.145130630751752,0.282161478334061,0.536739357360243,2370.41680760982,1.00230576796567
"Omega[17,5]",0.177225333319398,0.00439859217203267,0.213061920160984,-0.253103079593283,0.0341530606975135,0.185012787495502,0.323423923435697,0.574616921720211,2346.30399097564,0.999576808683935
"Omega[17,6]",0.196626108162507,0.00582014666431777,0.220283052312027,-0.268568937505447,0.0524340348219202,0.210850434274078,0.353388623637375,0.587962975561287,1432.49895437113,1.00335580238734
"Omega[17,7]",0.0542005051832841,0.00401855387673452,0.222706736424436,-0.383868682153251,-0.0997917721222136,0.0574136100306494,0.207559343915998,0.479677142307268,3071.33449129154,1.00031863357609
"Omega[17,8]",0.125689766656695,0.00466542962289996,0.217642340021291,-0.304805444965097,-0.0270730569435136,0.130715722214622,0.277103445507968,0.541001171877701,2176.22346217165,1.00108402175997
"Omega[17,9]",0.0788566244471203,0.00447164356664851,0.230811903197697,-0.37673332958108,-0.0826318645659814,0.0849037641456348,0.240810550213019,0.506258437772123,2664.29338535962,0.999987829972459
"Omega[17,10]",0.0814187078307572,0.00431438217831228,0.220868513914304,-0.351960438855777,-0.0649128300253062,0.0845289289853211,0.232645802045554,0.499779384209591,2620.77894813565,1.00071733634459
"Omega[17,11]",0.146428503401494,0.00438857476681944,0.218240140840327,-0.293633949159474,0.0045072257349919,0.153161254998505,0.303825343667234,0.547910850590613,2472.9894469792,0.999642260752715
"Omega[17,12]",0.0877058264359561,0.00428932848224748,0.217878283839736,-0.343648115469112,-0.061266817264031,0.0907512931174999,0.238997315151844,0.510376536333068,2580.17568929132,0.99926029997742
"Omega[17,13]",0.0321984798370532,0.00432073754159781,0.225613082501195,-0.401917398099902,-0.124330834001641,0.0328704933558481,0.189016583423005,0.472950360019292,2726.54572741068,1.00003940095672
"Omega[17,14]",0.108496762838842,0.00430228471825292,0.213786095253732,-0.313879448882661,-0.0349477813657886,0.113291423558624,0.254908645196188,0.519862870069415,2469.22470972749,1.00261538242629
"Omega[17,15]",0.13247840402544,0.00501356616531968,0.219147172773113,-0.310305189034657,-0.0144401026127681,0.13686524031731,0.288865930946331,0.53650079603236,1910.63725959454,1.00103356573525
"Omega[17,16]",0.129108341225911,0.00455354182176873,0.215385809947136,-0.301835477758173,-0.0163131954551124,0.133891739269695,0.279861077479831,0.529006128207482,2237.358179568,1.00117799648023
"Omega[17,17]",1,2.04314959406614e-18,1.16429260823292e-16,1,1,1,1,1,3247.31148925516,0.998999499499374
"Omega[17,18]",0.140720243608743,0.00443026020059593,0.212735323285925,-0.281697572937975,-0.00881750628316786,0.143821403544456,0.295432901763006,0.535500276866925,2305.79528504054,1.0019705600969
"Omega[18,1]",0.0291343732275165,0.00368583152009266,0.21077432578422,-0.392141556681831,-0.114810862805978,0.0291984190918029,0.179873415001885,0.42837931454819,3270.12578603032,0.999526883671485
"Omega[18,2]",0.0397358091450771,0.00444915227108278,0.217599332419053,-0.38930328005111,-0.11115644541387,0.0364261015042854,0.195328096883987,0.45575289600795,2391.99671035353,1.00021876206461
"Omega[18,3]",0.186532941918981,0.00342000151959958,0.200737825475582,-0.227029458707457,0.0497404550083719,0.19725611657162,0.32864394006081,0.550832023106426,3445.13173008339,0.999626758574859
"Omega[18,4]",0.158921238036106,0.00444864127505783,0.218282070396491,-0.28031510404507,0.0101075459385861,0.168231942342696,0.311998360849872,0.564878603461122,2407.58348092507,0.999875082819239
"Omega[18,5]",0.116038579783952,0.00364165135523749,0.203909887741876,-0.278579163373025,-0.0210942398866352,0.117285921374321,0.26588745808215,0.497765733381072,3135.30533359604,0.999923612414012
"Omega[18,6]",0.043923210424443,0.00408310971374141,0.208864207096082,-0.361454844254794,-0.10121487442262,0.0466374625543185,0.187635376079674,0.445710206244097,2616.65185685862,1.00048709402506
"Omega[18,7]",0.0311246052439441,0.00403764060636925,0.224080831810754,-0.414660417097794,-0.122438646563368,0.0299602110190712,0.184206940213806,0.4611103062758,3080.02397497922,0.999644455910897
"Omega[18,8]",0.0623829411120087,0.00436970906142042,0.221833331291645,-0.36886988526703,-0.0910014716842867,0.065637976310051,0.216140400268763,0.490548354330673,2577.20258119035,0.999799018330678
"Omega[18,9]",0.162120126199794,0.00741397182507939,0.223867415339082,-0.302523109131226,0.0150179597316507,0.172294959732514,0.318095400541001,0.576311377799994,911.758682589648,1.0050050673483
"Omega[18,10]",0.0167447239399272,0.00451631584785938,0.217329481927755,-0.410290407546867,-0.129189396606898,0.0150028612655728,0.164684423395493,0.441592315228643,2315.62738086974,1.00027801546544
"Omega[18,11]",0.0942873365135982,0.00451470179964349,0.215821112601633,-0.335163993882606,-0.0534369484185767,0.0974577074613859,0.245957781105872,0.503740856410707,2285.22893369208,1.00203694714866
"Omega[18,12]",0.0731366831578087,0.00405687254128967,0.213606509533818,-0.348890666311267,-0.074269781069585,0.077879692322227,0.225186384159434,0.481200312449675,2772.33839906591,1.00012317802536
"Omega[18,13]",0.0522729523775848,0.00429374927204712,0.223359842479768,-0.392499000432695,-0.0980536848062792,0.0547086898888421,0.203824588129194,0.490480512131975,2706.05629906399,0.999830487928452
"Omega[18,14]",0.16550841689505,0.00675697583253258,0.218654778970967,-0.278709532364944,0.0224596411703063,0.172229498732737,0.318657355792666,0.571852560751435,1047.16041476831,1.00166459259308
"Omega[18,15]",0.0856906018005833,0.00377896383351031,0.21086939389001,-0.339054588914771,-0.0572830665527092,0.0874052656847613,0.236224046078351,0.477448600351292,3113.73485661383,1.00008304304067
"Omega[18,16]",0.0672969112298699,0.00431035586471119,0.213763558941946,-0.3554356001028,-0.0803603896906424,0.0718832047087709,0.217487865276563,0.470076371319262,2459.46750239028,1.00328941056317
"Omega[18,17]",0.140720243608743,0.00443026020059593,0.212735323285925,-0.281697572937975,-0.00881750628316786,0.143821403544456,0.295432901763006,0.535500276866925,2305.79528504054,1.0019705600969
"Omega[18,18]",1,2.08526223389636e-18,1.14641834162414e-16,1,1,1,1,1,3022.49016163086,0.998999499499374
"Sigma[1,1]",0.0917359677511762,0.00511662259202339,0.0552241915515551,0.00960518951431565,0.0504679998031316,0.0846846280030608,0.124084822356739,0.216469926360667,116.49089055242,1.03231089589155
"Sigma[1,2]",0.00651534068071406,0.000449888409121513,0.0225842882262345,-0.0382843900497233,-0.00491864631249751,0.00404129764809933,0.0176093605245874,0.0564857924515987,2520.01547146328,1.00118831521169
"Sigma[1,3]",0.00655464631431713,0.000618204030586925,0.0292355502046,-0.0501129613816823,-0.00920996833890692,0.00417112208558555,0.021365549273725,0.0718397746656167,2236.44837998006,0.999542573641346
"Sigma[1,4]",0.00312641089074098,0.000537552096244806,0.0258970951434357,-0.0482868436724556,-0.00983130036021313,0.00128184904049897,0.0152164876148383,0.0629003213404406,2320.92435095373,1.00169369329729
"Sigma[1,5]",0.0238922794885909,0.00161765883317648,0.026510767680724,-0.012383604593859,0.00415996674988617,0.0181338214750871,0.0380652930708199,0.0885511843238528,268.578188799665,1.01853161819485
"Sigma[1,6]",0.0253675379679247,0.00204073475430753,0.0284433755349854,-0.0136029480704817,0.00426857071542563,0.0190444122011008,0.0404323273865838,0.0943354201748808,194.262578590421,1.01908493669138
"Sigma[1,7]",0.00592783028408252,0.000443828750660072,0.0231266418055339,-0.0402854571558625,-0.00536477216626196,0.00390551267268346,0.0171854119393015,0.0564936107335664,2715.15285528374,1.00137744337548
"Sigma[1,8]",0.0102258881217739,0.000598233640407172,0.0228173891320691,-0.0319230954510175,-0.00206746120865939,0.00691271826011385,0.0213783590381104,0.0639458105791655,1454.75626429385,1.0061298719214
"Sigma[1,9]",0.0148599355485273,0.000955166965126896,0.0261250168414314,-0.0288723701214969,-0.000488333237014797,0.0104042217704389,0.0270458114852659,0.0755358344208924,748.091242318238,1.00488539477951
"Sigma[1,10]",0.0141054472179864,0.00069035240803401,0.0272692542664533,-0.0330969125268097,-0.00109844246601635,0.010011264926462,0.0261678373051901,0.079291373344876,1560.2882383564,1.00414979297727
"Sigma[1,11]",0.0154949040371244,0.00104887398850023,0.0234448406853841,-0.0214228381953706,0.000424386000137758,0.0111311050457174,0.0276187255868617,0.0695915133311439,499.629348667307,1.01292674999691
"Sigma[1,12]",0.0127189862151765,0.000909110771969929,0.02233968129755,-0.0257144443797746,-0.00101085067292363,0.00858845996707974,0.0242458196814402,0.0665858094334176,603.837859179467,1.01001823415665
"Sigma[1,13]",0.00952324162681029,0.00118388663281019,0.0313805344982658,-0.0387543476735105,-0.00545628800759872,0.00399669104019076,0.0201084107076141,0.0843300900252114,702.5875328516,1.00631855591456
"Sigma[1,14]",0.0152753101692754,0.00134052769904994,0.0338493191680261,-0.0367038438683296,-0.00268295353808061,0.00814184283422835,0.0284822224928868,0.102365822926467,637.599975146904,1.00659086301236
"Sigma[1,15]",0.0158336406738086,0.00153367817751658,0.024619843184796,-0.0226274071581549,-0.000320279130462393,0.0106028146272394,0.0279588687128632,0.0753520548734312,257.692683775112,1.01361194096531
"Sigma[1,16]",0.0194274213439264,0.00166710818441337,0.0277054958912221,-0.0202533875787544,0.000848467567603335,0.0129005211292398,0.03356803583696,0.0880515362216587,276.187671436036,1.01218886977787
"Sigma[1,17]",0.0144769811344909,0.00102837846407906,0.0225716325893829,-0.0223390763089369,0.000353645234020284,0.00985992216913845,0.0258641361149816,0.0686771644210072,481.74808654529,1.00977680813437
"Sigma[1,18]",0.00311938474404535,0.00042462113507574,0.0211181366442724,-0.0389045273391099,-0.00717184089117059,0.00153015808714144,0.0141621717218543,0.0486031396672633,2473.47757562226,0.999583500799493
"Sigma[2,1]",0.00651534068071406,0.000449888409121513,0.0225842882262345,-0.0382843900497233,-0.00491864631249751,0.00404129764809933,0.0176093605245874,0.0564857924515987,2520.01547146328,1.00118831521169
"Sigma[2,2]",0.0914787410717984,0.00496775442634695,0.0603216641209403,0.00798599266491065,0.0480688538213136,0.083233377394945,0.123150402654604,0.229230490932234,147.443757565247,1.02696871560419
"Sigma[2,3]",0.0009572869999896,0.000725580023707665,0.0312312740540536,-0.0618805218055602,-0.015370152413599,0.000305404935662559,0.0165194486469784,0.0670857605146996,1852.71563984331,0.99984754665991
"Sigma[2,4]",0.0111325979268439,0.000727028332303584,0.0269657265724138,-0.0360772821402671,-0.00290902743219904,0.00654872106828688,0.0229013099013054,0.0767299864961983,1375.69317210712,1.00330096498212
"Sigma[2,5]",0.0107560460032582,0.000570056302968588,0.0229853752026892,-0.0313876105745878,-0.0019993701204639,0.00775275823473847,0.0222647818767795,0.0642805604219478,1625.80214010337,1.00384785816688
"Sigma[2,6]",0.0113931720175227,0.000671022520749258,0.0250534899367809,-0.0324648874284,-0.00200602724797644,0.00751497820795194,0.0229762685505042,0.0677932256572304,1393.99838465967,1.00264886139378
"Sigma[2,7]",0.010338240765504,0.000687602337935629,0.0249278828718786,-0.0339892578409981,-0.00328901943267798,0.00570542526607554,0.0222572956999396,0.0728429353462726,1314.30482248172,1.00386224080835
"Sigma[2,8]",0.00861579421857222,0.00054719918283541,0.0232593412198606,-0.0350373736063178,-0.00335713329961435,0.00531080463165558,0.0191814666047793,0.0625804551716842,1806.77444618373,1.00292385227109
"Sigma[2,9]",0.0136466774016618,0.00102357385387471,0.0263937435473354,-0.0281211942947465,-0.00164391189520937,0.00830141590271775,0.0262153404563109,0.0793168943683833,664.911152919961,1.00618073215093
"Sigma[2,10]",0.00641055138663911,0.000492937891498586,0.0267332486516123,-0.0439147812026847,-0.00684866455010353,0.00356949694587146,0.0179837927391777,0.0659835715675338,2941.16283524138,1.00020721761718
"Sigma[2,11]",0.010836400982818,0.000642421414346981,0.0231299791233396,-0.0296735166351405,-0.00192826095327872,0.00695610004070509,0.0221108197203252,0.065530276800905,1296.31475160079,1.00250359761189
"Sigma[2,12]",0.0117680342725235,0.000769554290315842,0.0233887722372118,-0.0297473182245179,-0.00137809858499637,0.00750782646948109,0.0231962008221817,0.0664596064503181,923.711439110019,1.00764894025487
"Sigma[2,13]",0.00247008364996549,0.000563182126160729,0.0306739738907167,-0.0575919166323499,-0.00954737737310632,0.00133546122371332,0.0146216289683266,0.0635563263913655,2966.48639598823,1.00158513845472
"Sigma[2,14]",0.012816077872014,0.00126280438712124,0.0362771397385504,-0.0417655222743589,-0.00499491324102986,0.00596796940328817,0.0253615332464196,0.0983288619553795,825.265921596637,1.00531377344384
"Sigma[2,15]",-0.000107873475801488,0.000412972204231319,0.0221790617110915,-0.0475865112478008,-0.0107787124384989,-3.8559366637508e-05,0.0112721651626828,0.0440193454976718,2884.32832653957,1.00023857732685
"Sigma[2,16]",0.00638400281327686,0.000501666962012015,0.0239037075125837,-0.0368610985871517,-0.00617216929252967,0.00357112192799044,0.0174463205802036,0.0602636024588473,2270.38511300184,1.00127157074989
"Sigma[2,17]",0.00336821466005903,0.000397663478586023,0.0222694609519917,-0.0415082442320055,-0.00699504279902925,0.00212775875307704,0.0141737044144316,0.0522664399708309,3136.08622659378,0.999768089598765
"Sigma[2,18]",0.00524552415642884,0.000526060366804285,0.0226192175750747,-0.0368927794636261,-0.00634888759455761,0.00214796462589584,0.0155767243053657,0.0553787797937801,1848.77470004845,1.00077233926355
"Sigma[3,1]",0.00655464631431713,0.000618204030586925,0.0292355502046,-0.0501129613816823,-0.00920996833890692,0.00417112208558555,0.021365549273725,0.0718397746656167,2236.44837998006,0.999542573641346
"Sigma[3,2]",0.0009572869999896,0.000725580023707665,0.0312312740540536,-0.0618805218055602,-0.015370152413599,0.000305404935662559,0.0165194486469784,0.0670857605146996,1852.71563984331,0.99984754665991
"Sigma[3,3]",0.214496321331418,0.00644228521634805,0.156479327343234,0.0340254165958851,0.106060357374639,0.170547598081807,0.281926182358391,0.623210579753913,589.975591874323,1.00610917098831
"Sigma[3,4]",0.0201281921831016,0.00107952185410212,0.0392311703214215,-0.0483118026852353,-0.000886079407565822,0.0143147793973247,0.0381096714159392,0.109265950020146,1320.68623214141,1.00447369640003
"Sigma[3,5]",0.0122092651510966,0.000726567932157456,0.0298669702095201,-0.0422347259657167,-0.00424844179879629,0.00900204266372006,0.0265815512393654,0.0819031581957556,1689.77891123651,1.00349778561037
"Sigma[3,6]",0.00611324119193837,0.000665518837454965,0.0306543354226441,-0.0531297897537348,-0.0096000782691488,0.00396666895385434,0.0216281914107053,0.071729631525125,2121.59803779978,1.00049594214498
"Sigma[3,7]",0.000146112004301885,0.000531912324615843,0.0314189989652208,-0.0632503160216112,-0.0164563028492364,-1.68392805530378e-05,0.0159419095287073,0.065031527781525,3489.02901818004,0.99963408437117
"Sigma[3,8]",0.0158579817220014,0.00075341265016211,0.0307610751965585,-0.0388717313233991,-0.00259329675744759,0.0124637769340732,0.0311772651011089,0.0876055235229737,1667.00616833183,1.00218001920695
"Sigma[3,9]",0.0195704310676696,0.00113143466079995,0.03646556581955,-0.0385009244121558,-0.00185582899455195,0.0136133537416219,0.0358566675899736,0.107831438494469,1038.74023836962,1.00463512369546
"Sigma[3,10]",0.0162364082028712,0.000948469811627531,0.038544906936386,-0.0520994793244716,-0.00460483335449387,0.0116972512537157,0.0332832060922864,0.10089727673974,1651.53194256457,1.00080244374431
"Sigma[3,11]",0.00986775287048825,0.000609016595957798,0.0297044243323362,-0.0468860914173996,-0.00610323046427692,0.00702783491120841,0.024360456820385,0.0771221855610178,2378.9429401917,1.00133781198695
"Sigma[3,12]",-0.00202189820860053,0.000567216418287762,0.0302579214417355,-0.0649477573087599,-0.0170063994321872,-0.000673842805078017,0.0137087595272359,0.0564171035507312,2845.64418510676,1.00052326460031
"Sigma[3,13]",0.00590545586563311,0.00106289563824904,0.0412614460349559,-0.0635471075945633,-0.0139289985480357,0.00258492285655451,0.020901209066215,0.0964732784714566,1506.98051972729,1.00251144155803
"Sigma[3,14]",0.0127696101063726,0.00147906712341451,0.0460675756137693,-0.0617337012119827,-0.00988131128399459,0.00613581281378177,0.0280874333886883,0.132558744424376,970.096521399569,1.0033731637924
"Sigma[3,15]",-0.00278174054127913,0.000496721071736843,0.0272885854030888,-0.0615367091501788,-0.0172028796764279,-0.00166159268570676,0.0118537239515262,0.05136412781131,3018.12260746571,0.999541445278135
"Sigma[3,16]",0.00627955997909812,0.000637442632259913,0.0306313126046238,-0.0538325088930275,-0.00967644347332763,0.00475769100646017,0.0218773824152279,0.0713665861405856,2309.13329513273,1.00435030894663
"Sigma[3,17]",0.0181854505180879,0.000798838738764527,0.0289811758732686,-0.0316959971664859,0.000271346029199421,0.0144244722994116,0.0326674384742013,0.0862442149592728,1316.17540258902,1.00288739466207
"Sigma[3,18]",0.0236455594467363,0.000834743907511387,0.0298959141255917,-0.0280598109952856,0.00495037319060455,0.0201377817339694,0.0389894011899618,0.0934597789370861,1282.67656105699,1.00377839062658
"Sigma[4,1]",0.00312641089074098,0.000537552096244806,0.0258970951434357,-0.0482868436724556,-0.00983130036021313,0.00128184904049897,0.0152164876148383,0.0629003213404407,2320.92435095373,1.00169369329729
"Sigma[4,2]",0.0111325979268439,0.000727028332303584,0.0269657265724138,-0.0360772821402671,-0.00290902743219904,0.00654872106828688,0.0229013099013054,0.0767299864961983,1375.69317210712,1.00330096498212
"Sigma[4,3]",0.0201281921831016,0.00107952185410212,0.0392311703214215,-0.0483118026852353,-0.000886079407565822,0.0143147793973247,0.0381096714159392,0.109265950020146,1320.68623214141,1.00447369640003
"Sigma[4,4]",0.131525341417213,0.00761331899265114,0.132454182441001,0.00957935826980232,0.0581887771553788,0.0968719166668063,0.151824943530635,0.526323119096324,302.67970296464,1.0136136431436
"Sigma[4,5]",0.0183259309340606,0.00123267481120894,0.0290894801588306,-0.028221584828924,0.000850624495863427,0.0124197391230391,0.0308547398933191,0.0928544398305983,556.896998786639,1.00714903301918
"Sigma[4,6]",0.0157920013771251,0.00101247322005193,0.0296870968804888,-0.0309641428608243,-0.00118010192468034,0.0100326460499839,0.0288568018618776,0.0903939822455037,859.742447931835,1.00255033554517
"Sigma[4,7]",0.00961258099974417,0.000950837633008929,0.0281805239099836,-0.0384195638469056,-0.00484579319284982,0.0052303320682273,0.0209569548868046,0.0770570803790833,878.38599207434,1.00157477738428
"Sigma[4,8]",0.00982833650409667,0.000811116055703147,0.0273053255253381,-0.0415501879878707,-0.0041535339641515,0.00611293848275562,0.0224943999673667,0.07484462232954,1133.25780941637,1.00524606878153
"Sigma[4,9]",0.0113575467221221,0.000759537026899289,0.0294436848490462,-0.037861470835799,-0.00372886524756026,0.00651352775575248,0.0244146327158925,0.0791409517526591,1502.74890670432,1.00216970164386
"Sigma[4,10]",0.00182306399753902,0.000574195323114218,0.0314832364918345,-0.0608233541676216,-0.0116945761335649,0.000943903834797234,0.0160795740178582,0.0663870924882333,3006.3493206962,1.00075000156073
"Sigma[4,11]",0.0220638462600649,0.00184368081671282,0.0328833948703307,-0.0212857338151705,0.00132647092390597,0.0136452559153718,0.0354171563349474,0.106527179976481,318.113295923605,1.01120530444392
"Sigma[4,12]",0.0206835560505578,0.00189121651775531,0.0319261950367487,-0.0224246841534982,0.000950632877346524,0.0127046635485851,0.0332299825264006,0.102919450882188,284.978318888646,1.01400539701283
"Sigma[4,13]",0.0097949216142696,0.000959573119496576,0.041170279758636,-0.0517625732680349,-0.00708219276434188,0.00422046501384819,0.0214905859301191,0.0975060859939353,1840.82069884237,1.00106037907714
"Sigma[4,14]",0.018730908905782,0.00160303180673489,0.0468163592195776,-0.0479202070136664,-0.00252952746809006,0.0102699379874391,0.0321276861805013,0.131334156982539,852.925295202908,1.00358159686077
"Sigma[4,15]",0.0062572610004164,0.000515329863654004,0.0255787967207947,-0.0439118307154175,-0.00624090570345776,0.00421711952136864,0.0177465024775476,0.0634037283867886,2463.71007464421,0.999709867805765
"Sigma[4,16]",0.0152353628519526,0.00162845135121606,0.0335759451006762,-0.031804342738323,-0.00267136717573401,0.00812043284571531,0.027570925321308,0.100369149727774,425.1154750727,1.00679637795321
"Sigma[4,17]",0.0157009242842787,0.00105230762230256,0.0275757692033154,-0.0270269720117473,-0.000167235905422954,0.0101538536559837,0.0269727268438155,0.0841192397481215,686.704413685291,1.0077075483608
"Sigma[4,18]",0.0177229564545494,0.0011389873895754,0.0286137599686537,-0.0270374240045498,0.000520752403543263,0.012757817594206,0.0306120525216593,0.0838744349922394,631.120123196494,1.00672143057966
"Sigma[5,1]",0.0238922794885909,0.00161765883317648,0.026510767680724,-0.012383604593859,0.00415996674988617,0.0181338214750871,0.0380652930708199,0.0885511843238528,268.578188799665,1.01853161819485
"Sigma[5,2]",0.0107560460032582,0.000570056302968588,0.0229853752026892,-0.0313876105745878,-0.0019993701204639,0.00775275823473847,0.0222647818767795,0.0642805604219478,1625.80214010337,1.00384785816688
"Sigma[5,3]",0.0122092651510966,0.000726567932157455,0.0298669702095201,-0.0422347259657167,-0.00424844179879629,0.00900204266372006,0.0265815512393654,0.0819031581957556,1689.77891123652,1.00349778561037
"Sigma[5,4]",0.0183259309340606,0.00123267481120894,0.0290894801588306,-0.028221584828924,0.000850624495863427,0.0124197391230391,0.0308547398933191,0.0928544398305983,556.896998786639,1.00714903301918
"Sigma[5,5]",0.0954761211821391,0.00489357902851523,0.0564138428138685,0.0101215239561909,0.0548284222988194,0.0887421927097267,0.127265385601441,0.225237302595768,132.897911372333,1.03056059359093
"Sigma[5,6]",0.0272763796567923,0.00169904080757177,0.0281661079259964,-0.0138170566071418,0.00594290567077699,0.0222531348392437,0.0432965584806769,0.0927698489441049,274.818559186088,1.0140507644981
"Sigma[5,7]",0.0126036129726918,0.000778668138961428,0.0243918650940113,-0.0294183428893492,-0.00136520503357819,0.00873219115995764,0.0246155193360287,0.0702884780464401,981.262515510339,1.00554087245544
"Sigma[5,8]",0.00935361246626117,0.000524432353448366,0.0230212577553683,-0.0351424319649541,-0.00253358559683053,0.00695700454506273,0.0209952743216533,0.0599743358491143,1926.98858436651,1.00260829547205
"Sigma[5,9]",0.0154321794672634,0.000997161813534885,0.0252100210177269,-0.025707596201617,-0.000365245278806548,0.0109913491681225,0.0284909478387002,0.0735628880473726,639.168167907522,1.01131828523563
"Sigma[5,10]",0.0140201459812731,0.000739897913509378,0.0266270658214663,-0.0312113700645974,-0.000899371577761983,0.00989720023334796,0.0264249498493114,0.0772095201316565,1295.09915031405,1.00138251880246
"Sigma[5,11]",0.0226853355042259,0.00160524466467276,0.0257879541886766,-0.0144996410290666,0.00410000012239923,0.0175474827445068,0.0364955753737954,0.0845009687363183,258.078193336186,1.01587669608608
"Sigma[5,12]",0.019530276341924,0.00151365746426491,0.0252642984294373,-0.0187032793490477,0.00187920824324049,0.0143333391720211,0.0327806889224306,0.0812254335703038,278.585989738094,1.01704683372747
"Sigma[5,13]",0.0127958742039529,0.00144896178776096,0.0334966413691937,-0.0370410602559594,-0.00332817324671586,0.00648104477684331,0.0239557039887009,0.0899669486580648,534.427333679713,1.00765597802843
"Sigma[5,14]",0.0232808163042555,0.00126963431130905,0.034485223832584,-0.0270924793881702,0.00176736897125796,0.0160103198758604,0.037904069980937,0.107409889116453,737.749285147358,1.00620634219097
"Sigma[5,15]",0.0192226684556577,0.00125255122991409,0.0243340386991459,-0.0182523469336232,0.00219265703799728,0.0144934277341963,0.0324128245263192,0.0781188051348048,377.430848398125,1.01329539634225
"Sigma[5,16]",0.0177945673434944,0.00131293287575018,0.0257696394230558,-0.019577804757439,0.00044797271464095,0.0118204770846974,0.0307032925243573,0.081652829001376,385.240233375361,1.012930680279
"Sigma[5,17]",0.0162000068378192,0.000706974211563658,0.0219187321006876,-0.0198248800296477,0.0016262579330268,0.0127136856891197,0.0278717647841402,0.0691987706237966,961.222023207766,1.00307508163234
"Sigma[5,18]",0.0108727028958776,0.000530345140949794,0.020616847850937,-0.0259736228373086,-0.00114699025022431,0.00817469174026395,0.0216383315517032,0.0572955651727377,1511.21878530702,1.00199737368114
"Sigma[6,1]",0.0253675379679247,0.00204073475430753,0.0284433755349854,-0.0136029480704817,0.00426857071542563,0.0190444122011008,0.0404323273865838,0.0943354201748808,194.262578590421,1.01908493669138
"Sigma[6,2]",0.0113931720175227,0.000671022520749258,0.0250534899367809,-0.0324648874284,-0.00200602724797644,0.00751497820795194,0.0229762685505042,0.0677932256572304,1393.99838465967,1.00264886139378
"Sigma[6,3]",0.00611324119193837,0.000665518837454965,0.0306543354226441,-0.0531297897537348,-0.0096000782691488,0.00396666895385434,0.0216281914107052,0.071729631525125,2121.59803779978,1.00049594214498
"Sigma[6,4]",0.0157920013771251,0.00101247322005193,0.0296870968804888,-0.0309641428608243,-0.00118010192468034,0.0100326460499839,0.0288568018618776,0.0903939822455037,859.742447931835,1.00255033554517
"Sigma[6,5]",0.0272763796567923,0.00169904080757177,0.0281661079259964,-0.0138170566071418,0.00594290567077699,0.0222531348392437,0.0432965584806769,0.0927698489441049,274.818559186088,1.0140507644981
"Sigma[6,6]",0.106028559192947,0.00466860537881639,0.0784211577911637,0.00895457622529515,0.0537561079200675,0.0916807550120984,0.137121550390915,0.301886124631964,282.157869573112,1.01463543313053
"Sigma[6,7]",0.0117313284213476,0.000670492774476424,0.0256004987699357,-0.0341190283722657,-0.00209348549368457,0.00816532541576886,0.0242042962889819,0.0715013182345132,1457.83592839682,1.00362632978708
"Sigma[6,8]",0.0111368234775425,0.000736264709672629,0.0238635958423536,-0.031188878664161,-0.00204959090097979,0.00716620057905282,0.0229565876555369,0.0671717923681404,1050.51873286941,1.00721109975642
"Sigma[6,9]",0.011974186058735,0.000705909916127769,0.0255825744015114,-0.0336647695330566,-0.00259280960179915,0.00797631519366156,0.0247002329271241,0.0727564078820906,1313.37857225378,1.00467234880692
"Sigma[6,10]",0.0154256809382306,0.000834732797600295,0.0305559308379823,-0.03425286044668,-0.00141410109880094,0.00998363270659762,0.0285165087080233,0.0912800922251177,1339.97310370901,1.00244730202129
"Sigma[6,11]",0.0217658642920816,0.00152817198295933,0.0277948348648354,-0.0175100323154518,0.00249584682341032,0.0155475706247019,0.0350758882862186,0.0919142516569459,330.813885242507,1.01144807637799
"Sigma[6,12]",0.0143402992732031,0.000876654498832697,0.0242907743803223,-0.0254273744509411,-0.00020330617508014,0.00969825082345542,0.0262949117839607,0.0711648883910521,767.760542356715,1.00624433014135
"Sigma[6,13]",0.0104029344632626,0.00105784980172843,0.0351390936567864,-0.0411886031535514,-0.00467591322394252,0.00519044584855652,0.0217298674474648,0.0862586052553147,1103.40028829157,1.00395990057714
"Sigma[6,14]",0.0243949359964215,0.00163294246009752,0.0395281037389221,-0.0281777906604264,0.000862664188022876,0.0152390774285584,0.0393446681664496,0.129700065232159,585.963005262745,1.00653587877431
"Sigma[6,15]",0.0205413488560734,0.00113542976030541,0.0256801309163348,-0.018792159030163,0.00273864298519017,0.0154193706027674,0.0345743069411516,0.0807439715804609,511.533311390838,1.01204079871364
"Sigma[6,16]",0.0260795418169318,0.00183364334539104,0.0328399206666229,-0.0163429735266862,0.00245451709660811,0.0180798402436817,0.0425800104527166,0.10598310117019,320.755760925725,1.01109647167068
"Sigma[6,17]",0.0205075761130094,0.00133300545316663,0.0263655046275741,-0.0180085305419844,0.00242453305556223,0.0147766153479139,0.0329879430287691,0.0865653393594216,391.208537398585,1.01105955064926
"Sigma[6,18]",0.00315060704598425,0.000503411577801318,0.0225528167523502,-0.0460714790882395,-0.00693509519830725,0.00250026778570339,0.0144265510903046,0.0497483411176004,2007.03609621776,1.00009650604914
"Sigma[7,1]",0.00592783028408252,0.000443828750660071,0.0231266418055339,-0.0402854571558625,-0.00536477216626196,0.00390551267268346,0.0171854119393015,0.0564936107335664,2715.15285528374,1.00137744337548
"Sigma[7,2]",0.010338240765504,0.000687602337935629,0.0249278828718786,-0.0339892578409981,-0.00328901943267798,0.00570542526607554,0.0222572956999396,0.0728429353462726,1314.30482248172,1.00386224080835
"Sigma[7,3]",0.000146112004301885,0.000531912324615843,0.0314189989652208,-0.0632503160216112,-0.0164563028492364,-1.68392805530378e-05,0.0159419095287073,0.065031527781525,3489.02901818004,0.99963408437117
"Sigma[7,4]",0.00961258099974417,0.000950837633008929,0.0281805239099836,-0.0384195638469056,-0.00484579319284982,0.0052303320682273,0.0209569548868046,0.0770570803790833,878.38599207434,1.00157477738428
"Sigma[7,5]",0.0126036129726918,0.00077866813896143,0.0243918650940113,-0.0294183428893492,-0.00136520503357819,0.00873219115995764,0.0246155193360287,0.0702884780464401,981.262515510335,1.00554087245544
"Sigma[7,6]",0.0117313284213476,0.000670492774476424,0.0256004987699357,-0.0341190283722657,-0.00209348549368457,0.00816532541576886,0.0242042962889819,0.0715013182345132,1457.83592839682,1.00362632978708
"Sigma[7,7]",0.0924558339727302,0.0048963796234711,0.0647439346248502,0.00844728739610275,0.0483456695795267,0.08296298170337,0.122445450033831,0.242174507819969,174.842905084841,1.02272296955108
"Sigma[7,8]",0.0037860638181426,0.000440797211954419,0.0230677923084648,-0.0435207075948955,-0.00682730337683573,0.00179765387305994,0.0148223435948402,0.0547021181030343,2738.63646988563,0.999829367735006
"Sigma[7,9]",0.00710689434539049,0.000466893763437651,0.0239347004813083,-0.0385754750931147,-0.0049420870495899,0.00438464072376159,0.0186721176517721,0.062856185887267,2627.96664355817,1.0008974497321
"Sigma[7,10]",0.00633052386951567,0.000656813386695129,0.0283700891929115,-0.0442119705104404,-0.00722731471681385,0.00343328783876122,0.0185169017544631,0.0710638820840518,1865.68109571607,1.00059760768743
"Sigma[7,11]",0.0119884310942147,0.000937579628045285,0.0253221062919298,-0.030726740806655,-0.00217750090067217,0.0075951314586924,0.0240505616858022,0.070534359330001,729.429511649451,1.00823556033645
"Sigma[7,12]",0.00757389562969053,0.000581947268764003,0.0237013385443943,-0.0353802029028766,-0.00516056825384356,0.00371714227126624,0.019064139785512,0.0624155707722827,1658.74061562574,1.00346523603955
"Sigma[7,13]",0.00102655795766376,0.000620513032336827,0.0302230820021648,-0.0563923114855098,-0.0110292554442649,0.000276869571562985,0.013212817767528,0.0608423227081393,2372.33318832865,1.00095466073825
"Sigma[7,14]",0.00740283813671238,0.000862469289107345,0.0338336965791577,-0.0531573300705524,-0.00864074913288217,0.0031079896610595,0.0213656083623252,0.0832654385008289,1538.90432860433,1.00281050879493
"Sigma[7,15]",0.00466433119827522,0.000405854130020568,0.0225704057831623,-0.0411921270677897,-0.00611871068987342,0.00275450846768897,0.0154910821182606,0.054173829693482,3092.70712409296,1.00010241339133
"Sigma[7,16]",0.0109502303596331,0.000627343020015964,0.0249493959523731,-0.0329718938230751,-0.00278933968301332,0.00689395251704023,0.0229520322048117,0.0699846930595946,1581.64834148559,1.00389631773945
"Sigma[7,17]",0.00511136137941771,0.000468484080908089,0.0226636534524649,-0.0414179884198893,-0.00527699034996475,0.00302542453565039,0.0154387469123708,0.055169105685944,2340.29263205353,1.00067292479787
"Sigma[7,18]",0.00336117165956878,0.000414963063288735,0.0226141580380578,-0.0431908149222894,-0.00770882048229837,0.00164464884258597,0.0139487689503268,0.0531116652962027,2969.90093986566,0.999405907832507
"Sigma[8,1]",0.0102258881217739,0.000598233640407172,0.0228173891320691,-0.0319230954510175,-0.00206746120865939,0.00691271826011384,0.0213783590381104,0.0639458105791655,1454.75626429385,1.0061298719214
"Sigma[8,2]",0.00861579421857222,0.00054719918283541,0.0232593412198606,-0.0350373736063178,-0.00335713329961435,0.00531080463165558,0.0191814666047793,0.0625804551716842,1806.77444618373,1.00292385227109
"Sigma[8,3]",0.0158579817220014,0.00075341265016211,0.0307610751965585,-0.0388717313233991,-0.00259329675744759,0.0124637769340732,0.0311772651011089,0.0876055235229737,1667.00616833183,1.00218001920695
"Sigma[8,4]",0.00982833650409667,0.000811116055703147,0.0273053255253381,-0.0415501879878707,-0.0041535339641515,0.00611293848275563,0.0224943999673667,0.07484462232954,1133.25780941637,1.00524606878153
"Sigma[8,5]",0.00935361246626117,0.000524432353448366,0.0230212577553683,-0.0351424319649541,-0.00253358559683053,0.00695700454506273,0.0209952743216533,0.0599743358491143,1926.98858436651,1.00260829547205
"Sigma[8,6]",0.0111368234775425,0.000736264709672629,0.0238635958423536,-0.031188878664161,-0.00204959090097979,0.00716620057905282,0.0229565876555369,0.0671717923681404,1050.51873286941,1.00721109975642
"Sigma[8,7]",0.0037860638181426,0.000440797211954419,0.0230677923084648,-0.0435207075948955,-0.00682730337683573,0.00179765387305994,0.0148223435948402,0.0547021181030343,2738.63646988563,0.999829367735006
"Sigma[8,8]",0.089785228597899,0.0048123168353504,0.0589922327904249,0.00954713790934564,0.049116750744441,0.080889999619224,0.119952467300035,0.220143551764341,150.27309886924,1.02480178268879
"Sigma[8,9]",0.00871032952101402,0.000643659498096826,0.0237041369690146,-0.0346421985606998,-0.00395092141988072,0.00537373959755309,0.0200921899077071,0.0639368449593042,1356.23807125371,1.0039047967194
"Sigma[8,10]",0.00403806639262149,0.00058541141064519,0.0278379889619952,-0.052691953172688,-0.00723724950097475,0.0028220839698408,0.0169557143590976,0.0603088801297875,2261.27483683652,1.00222396154951
"Sigma[8,11]",0.0107809789498829,0.000583215884216137,0.0227023496794155,-0.0304408192267892,-0.00193761574261271,0.00714516025345916,0.02223124730034,0.0617861386246133,1515.24524566696,1.00236224280242
"Sigma[8,12]",0.0116067502335146,0.000696623543503548,0.0229173224633947,-0.0272716002449907,-0.0016375248793672,0.00739791183492711,0.0229664644707437,0.065938001861675,1082.2596207626,1.00462362217314
"Sigma[8,13]",0.00358178308961683,0.000733326814439758,0.0315818301675753,-0.0563359242823426,-0.00913033130014318,0.00170351027888548,0.0154463787158901,0.0688655028786167,1854.72470409748,0.999406702893649
"Sigma[8,14]",0.00898819261862714,0.000947168456639676,0.0337217085368427,-0.0496843817424229,-0.00723978400579489,0.00444837220550333,0.0220064336169339,0.0884466315783315,1267.54879858972,1.00392700973143
"Sigma[8,15]",0.000852211060555307,0.000391667994150631,0.0210271044789799,-0.0427000403287435,-0.0095589945247467,0.000433357857715065,0.0114846528487923,0.0461380148505462,2882.19113165634,0.99967063613072
"Sigma[8,16]",0.00760432815568516,0.000611094650397038,0.0233188121155904,-0.0353082273410305,-0.00502101827890695,0.00426046130770304,0.0184177170583326,0.0630011894254514,1456.1156941093,1.00259590140149
"Sigma[8,17]",0.0118538507890324,0.000769120596772552,0.0227144647958281,-0.0248334240879489,-0.00131879441309517,0.00764502411371355,0.0222391256405006,0.0656739549264978,872.200101948511,1.00302909027666
"Sigma[8,18]",0.00585405534180844,0.000528590163168083,0.0226209707336853,-0.0377476481967879,-0.0056603841708577,0.00385464201843404,0.0169708688777772,0.0551428270704785,1831.4046901199,1.00138970907966
"Sigma[9,1]",0.0148599355485273,0.000955166965126897,0.0261250168414314,-0.0288723701214969,-0.000488333237014797,0.0104042217704389,0.0270458114852659,0.0755358344208924,748.091242318237,1.00488539477951
"Sigma[9,2]",0.0136466774016618,0.00102357385387471,0.0263937435473354,-0.0281211942947465,-0.00164391189520937,0.00830141590271775,0.0262153404563109,0.0793168943683833,664.911152919961,1.00618073215093
"Sigma[9,3]",0.0195704310676696,0.00113143466079995,0.03646556581955,-0.0385009244121558,-0.00185582899455195,0.0136133537416219,0.0358566675899736,0.107831438494469,1038.74023836962,1.00463512369546
"Sigma[9,4]",0.0113575467221221,0.000759537026899289,0.0294436848490462,-0.037861470835799,-0.00372886524756026,0.00651352775575248,0.0244146327158925,0.0791409517526591,1502.74890670432,1.00216970164386
"Sigma[9,5]",0.0154321794672634,0.000997161813534885,0.0252100210177269,-0.025707596201617,-0.000365245278806548,0.0109913491681225,0.0284909478387002,0.0735628880473726,639.168167907522,1.01131828523563
"Sigma[9,6]",0.011974186058735,0.000705909916127769,0.0255825744015114,-0.0336647695330566,-0.00259280960179915,0.00797631519366156,0.0247002329271241,0.0727564078820906,1313.37857225378,1.00467234880692
"Sigma[9,7]",0.00710689434539049,0.000466893763437652,0.0239347004813083,-0.0385754750931147,-0.0049420870495899,0.00438464072376159,0.0186721176517721,0.062856185887267,2627.96664355817,1.0008974497321
"Sigma[9,8]",0.00871032952101402,0.000643659498096826,0.0237041369690146,-0.0346421985606998,-0.00395092141988072,0.00537373959755309,0.0200921899077071,0.0639368449593042,1356.23807125371,1.0039047967194
"Sigma[9,9]",0.104618139354676,0.00494061457721722,0.0794630387885684,0.00891020234886942,0.0518385246530815,0.0897960401469554,0.136577514308946,0.300709762412392,258.683296927631,1.01807801616287
"Sigma[9,10]",0.0117841277491909,0.000708000733819396,0.0290615959675986,-0.0403074716353159,-0.00313789497589341,0.00770685824031219,0.0249960359707716,0.0801450879912101,1684.88981740919,1.00236084909293
"Sigma[9,11]",0.0146800365292014,0.00093268384422187,0.024937467941439,-0.0262161294617478,-0.000487717744735384,0.00964113141604739,0.0274920512750632,0.075274580423453,714.884369056858,1.00657139164327
"Sigma[9,12]",0.0114410867879844,0.000622697129008307,0.0235225880694832,-0.030346926097996,-0.00160825115142847,0.00758533584036479,0.0230681486072908,0.0645676456605485,1426.97537839513,1.00338849725763
"Sigma[9,13]",0.00928072678841284,0.000796645538140991,0.0335789873881482,-0.0456775985028028,-0.00575767142176899,0.00468900268029765,0.0213689691620356,0.0805552640747061,1776.66249498761,1.00498255840225
"Sigma[9,14]",0.0315163583120633,0.00264319914966427,0.0507738084322208,-0.0259423817272388,0.0014291638934179,0.0166999138571078,0.0457303300245378,0.169553166981724,368.994343218452,1.01088649674496
"Sigma[9,15]",0.00379563818762497,0.000441818567292104,0.0228421758050882,-0.0420767021345165,-0.00757738341038253,0.00187484950691003,0.0145992784790666,0.0542773355409458,2672.9264802286,1.00247273311728
"Sigma[9,16]",0.0095842253370606,0.000666279928826189,0.0256829601667751,-0.0345754153699637,-0.00439864460884301,0.00531540971652988,0.0221589281062401,0.0688480694225675,1485.85590667623,1.00496604416947
"Sigma[9,17]",0.00817050596167427,0.000612044325487937,0.0243769651129303,-0.0364001780110902,-0.00451246232562447,0.00503513986754366,0.0199501521278479,0.063909117218254,1586.32993620449,1.00085156691454
"Sigma[9,18]",0.0187692819647318,0.00151571697768552,0.0274827635354658,-0.0228098190314799,0.00048335525522111,0.0124731237654855,0.0318880659500548,0.085715969577336,328.764239311579,1.01454866326042
"Sigma[10,1]",0.0141054472179864,0.00069035240803401,0.0272692542664533,-0.0330969125268097,-0.00109844246601635,0.010011264926462,0.0261678373051901,0.079291373344876,1560.2882383564,1.00414979297727
"Sigma[10,2]",0.00641055138663911,0.000492937891498586,0.0267332486516123,-0.0439147812026847,-0.00684866455010353,0.00356949694587146,0.0179837927391777,0.0659835715675338,2941.16283524138,1.00020721761718
"Sigma[10,3]",0.0162364082028712,0.00094846981162753,0.038544906936386,-0.0520994793244716,-0.00460483335449387,0.0116972512537157,0.0332832060922864,0.10089727673974,1651.53194256457,1.00080244374431
"Sigma[10,4]",0.00182306399753902,0.000574195323114218,0.0314832364918345,-0.0608233541676216,-0.0116945761335649,0.000943903834797234,0.0160795740178582,0.0663870924882333,3006.3493206962,1.00075000156073
"Sigma[10,5]",0.0140201459812731,0.000739897913509378,0.0266270658214663,-0.0312113700645974,-0.000899371577761983,0.00989720023334796,0.0264249498493114,0.0772095201316565,1295.09915031405,1.00138251880246
"Sigma[10,6]",0.0154256809382306,0.000834732797600295,0.0305559308379823,-0.03425286044668,-0.00141410109880094,0.00998363270659762,0.0285165087080234,0.0912800922251177,1339.97310370901,1.00244730202129
"Sigma[10,7]",0.00633052386951567,0.000656813386695129,0.0283700891929115,-0.0442119705104404,-0.00722731471681385,0.00343328783876122,0.0185169017544631,0.0710638820840518,1865.68109571607,1.00059760768743
"Sigma[10,8]",0.00403806639262149,0.00058541141064519,0.0278379889619952,-0.052691953172688,-0.00723724950097475,0.0028220839698408,0.0169557143590976,0.0603088801297875,2261.27483683652,1.00222396154951
"Sigma[10,9]",0.0117841277491909,0.000708000733819396,0.0290615959675986,-0.0403074716353159,-0.00313789497589341,0.00770685824031219,0.0249960359707716,0.0801450879912101,1684.88981740919,1.00236084909293
"Sigma[10,10]",0.143750958517874,0.00959135699110839,0.178361701296098,0.0113240508986415,0.0592670813516351,0.0996689480939234,0.149891527487817,0.70412524733766,345.814421626189,1.00975628633014
"Sigma[10,11]",0.00701439258976605,0.000567012048877881,0.0270949023428341,-0.0453652832685055,-0.00542374471724781,0.00455380057699604,0.0205004601258654,0.064134312179495,2283.44525923882,1.00217007409488
"Sigma[10,12]",0.00320394572090346,0.000494593786004846,0.0261175776952702,-0.0515686048560534,-0.00782119055538609,0.00231832655271067,0.0151478783006975,0.0602276755092266,2788.48607034921,1.0017583023598
"Sigma[10,13]",0.00215061981304367,0.000721024996573678,0.0394969112292214,-0.0731085223898986,-0.0104504577839777,0.00169086557865841,0.0164788617800798,0.0773692238518491,3000.7210543337,1.0001496761486
"Sigma[10,14]",0.0163948232650014,0.00088106762207134,0.0446002268564771,-0.0528707580935292,-0.00288443327061101,0.00978384954546717,0.0306466955804122,0.119306947135911,2562.45148571934,1.00322480596604
"Sigma[10,15]",0.000481154316026762,0.000493824814134089,0.02542506101369,-0.0534288559017969,-0.0108276846407447,0.00039267863578159,0.0128817815881349,0.0527536707326955,2650.8074939536,1.00017858504048
"Sigma[10,16]",0.00272020366202616,0.000512824056299443,0.0276162566551793,-0.0511708244897778,-0.0102824161109377,0.00130331194208019,0.0154856492501107,0.0598167192409618,2899.96556791978,1.00158272361321
"Sigma[10,17]",0.00764407231223648,0.000584194487407938,0.0267028155646104,-0.0430484059049797,-0.00428662288422201,0.00527204259981403,0.0197160657610066,0.0633830648661039,2089.29229719109,1.0015988859921
"Sigma[10,18]",-0.000271248039234812,0.000625529670913841,0.0271605855998774,-0.0604722260412886,-0.0108377940287033,0.000940520375334148,0.0130527601260044,0.0497117598686306,1885.30851800461,1.00047860425107
"Sigma[11,1]",0.0154949040371244,0.00104887398850023,0.0234448406853841,-0.0214228381953706,0.000424386000137758,0.0111311050457174,0.0276187255868618,0.0695915133311439,499.629348667307,1.01292674999691
"Sigma[11,2]",0.010836400982818,0.000642421414346981,0.0231299791233396,-0.0296735166351405,-0.00192826095327872,0.00695610004070509,0.0221108197203252,0.065530276800905,1296.31475160079,1.00250359761189
"Sigma[11,3]",0.00986775287048825,0.000609016595957798,0.0297044243323362,-0.0468860914173996,-0.00610323046427692,0.00702783491120841,0.024360456820385,0.0771221855610178,2378.9429401917,1.00133781198695
"Sigma[11,4]",0.0220638462600649,0.00184368081671282,0.0328833948703307,-0.0212857338151705,0.00132647092390597,0.0136452559153718,0.0354171563349474,0.106527179976481,318.113295923605,1.01120530444392
"Sigma[11,5]",0.0226853355042259,0.00160524466467276,0.0257879541886766,-0.0144996410290666,0.00410000012239923,0.0175474827445068,0.0364955753737954,0.0845009687363183,258.078193336186,1.01587669608608
"Sigma[11,6]",0.0217658642920816,0.00152817198295933,0.0277948348648354,-0.0175100323154518,0.00249584682341032,0.0155475706247019,0.0350758882862186,0.0919142516569459,330.813885242507,1.01144807637799
"Sigma[11,7]",0.0119884310942147,0.000937579628045285,0.0253221062919298,-0.030726740806655,-0.00217750090067217,0.0075951314586924,0.0240505616858022,0.070534359330001,729.429511649451,1.00823556033645
"Sigma[11,8]",0.0107809789498829,0.000583215884216137,0.0227023496794155,-0.0304408192267892,-0.00193761574261271,0.00714516025345916,0.02223124730034,0.0617861386246132,1515.24524566696,1.00236224280242
"Sigma[11,9]",0.0146800365292014,0.00093268384422187,0.024937467941439,-0.0262161294617478,-0.000487717744735384,0.00964113141604739,0.0274920512750632,0.075274580423453,714.884369056858,1.00657139164327
"Sigma[11,10]",0.00701439258976605,0.00056701204887788,0.0270949023428341,-0.0453652832685055,-0.00542374471724781,0.00455380057699604,0.0205004601258654,0.064134312179495,2283.44525923882,1.00217007409488
"Sigma[11,11]",0.0900906259827544,0.00502456109747508,0.0589158586690471,0.00769519760063902,0.0476930779536835,0.081812664253547,0.121792539868912,0.227074138973661,137.489065574459,1.02764885425637
"Sigma[11,12]",0.0234995731459778,0.00217270847373958,0.029203808801463,-0.0138791743003643,0.00297465532082502,0.0161574693029096,0.0370396853432788,0.0982634688406639,180.665853285655,1.0143415259244
"Sigma[11,13]",0.00848126540636247,0.000976624572395977,0.0319677141728733,-0.0411875853249105,-0.00601219884029197,0.00385615185990675,0.0189232538745351,0.0809823438778898,1071.44004146861,1.00593566733803
"Sigma[11,14]",0.0187670168436561,0.00135949420705616,0.0354389647673445,-0.0298506885715985,-0.00159001766318728,0.0105114482586305,0.0325688148758729,0.108388013033991,679.527960184233,1.00656056315412
"Sigma[11,15]",0.0124117984809031,0.00105660105320901,0.0227335525309282,-0.0248322036703268,-0.0011857581141254,0.00780284123491484,0.0238027234627811,0.0674280868417593,462.927026465641,1.00418708369402
"Sigma[11,16]",0.0220972233642845,0.00206924252177633,0.0318385587217393,-0.0183940494071551,0.0010536745987559,0.0135872597301434,0.0356785729128865,0.105392675846475,236.746741794354,1.01571067914552
"Sigma[11,17]",0.0129338955449919,0.00063935086389148,0.0220976400999551,-0.0269809607464694,0.000178585140286832,0.009474997680675,0.0244503751588158,0.065875928117053,1194.57460878063,1.00295219231925
"Sigma[11,18]",0.00984583654558545,0.000642056396644741,0.0220863778139868,-0.0294017357913489,-0.00262670295428779,0.00622957733690678,0.0206496143957821,0.0620699270533736,1183.32118524709,1.00457191086414
"Sigma[12,1]",0.0127189862151765,0.000909110771969929,0.02233968129755,-0.0257144443797746,-0.00101085067292363,0.00858845996707974,0.0242458196814402,0.0665858094334176,603.837859179467,1.01001823415665
"Sigma[12,2]",0.0117680342725235,0.000769554290315842,0.0233887722372118,-0.0297473182245179,-0.00137809858499637,0.00750782646948109,0.0231962008221817,0.0664596064503181,923.711439110019,1.00764894025487
"Sigma[12,3]",-0.00202189820860053,0.000567216418287762,0.0302579214417355,-0.0649477573087599,-0.0170063994321872,-0.000673842805078017,0.0137087595272359,0.0564171035507312,2845.64418510676,1.00052326460031
"Sigma[12,4]",0.0206835560505578,0.00189121651775531,0.0319261950367487,-0.0224246841534982,0.000950632877346524,0.0127046635485851,0.0332299825264006,0.102919450882188,284.978318888646,1.01400539701283
"Sigma[12,5]",0.019530276341924,0.00151365746426491,0.0252642984294373,-0.0187032793490477,0.00187920824324049,0.0143333391720211,0.0327806889224306,0.0812254335703038,278.585989738094,1.01704683372747
"Sigma[12,6]",0.0143402992732031,0.000876654498832697,0.0242907743803223,-0.0254273744509411,-0.00020330617508014,0.00969825082345542,0.0262949117839607,0.0711648883910521,767.760542356715,1.00624433014135
"Sigma[12,7]",0.00757389562969053,0.000581947268764003,0.0237013385443943,-0.0353802029028766,-0.00516056825384356,0.00371714227126624,0.019064139785512,0.0624155707722827,1658.74061562574,1.00346523603955
"Sigma[12,8]",0.0116067502335146,0.000696623543503548,0.0229173224633947,-0.0272716002449907,-0.0016375248793672,0.00739791183492711,0.0229664644707437,0.065938001861675,1082.2596207626,1.00462362217314
"Sigma[12,9]",0.0114410867879844,0.000622697129008307,0.0235225880694832,-0.030346926097996,-0.00160825115142847,0.00758533584036479,0.0230681486072908,0.0645676456605485,1426.97537839513,1.00338849725763
"Sigma[12,10]",0.00320394572090346,0.000494593786004846,0.0261175776952702,-0.0515686048560534,-0.00782119055538609,0.00231832655271067,0.0151478783006975,0.0602276755092266,2788.48607034921,1.0017583023598
"Sigma[12,11]",0.0234995731459778,0.00217270847373958,0.029203808801463,-0.0138791743003643,0.00297465532082502,0.0161574693029096,0.0370396853432788,0.0982634688406639,180.665853285655,1.0143415259244
"Sigma[12,12]",0.087871546967335,0.00532228043016732,0.0557225556322872,0.00863214078258126,0.046618494740189,0.0804780367113447,0.11951760619136,0.219244685923156,109.614131074747,1.03186273110904
"Sigma[12,13]",0.0101002985040138,0.000995669652624029,0.0299706578637955,-0.0381287306521528,-0.00386728014921317,0.00519164774138646,0.0208562717125357,0.0802286986862179,906.07054263032,1.0031263006351
"Sigma[12,14]",0.0147784142578417,0.00093297765923769,0.0335924016549088,-0.0400879122965184,-0.00243153318508661,0.00868391227797924,0.0285387010401096,0.0964845871305982,1296.4017839593,1.00203247721445
"Sigma[12,15]",0.00723588239940873,0.0007214302229688,0.0219780849840238,-0.033815403847222,-0.0045811622755886,0.00378796673960828,0.0173563702012287,0.0576636769309799,928.092006310083,1.00394534016938
"Sigma[12,16]",0.0140813248643864,0.00181548529661756,0.0275776239685963,-0.0260485076138906,-0.0025024017550015,0.00775162242339038,0.0260457724165039,0.0853063996876497,230.742832281102,1.01618957035777
"Sigma[12,17]",0.00772822303193997,0.000451697032388558,0.0212546793707792,-0.0334157319940894,-0.00303852812685311,0.00496668681462489,0.0181399332114264,0.0560707772829095,2214.18875771807,1.00018988359211
"Sigma[12,18]",0.00730748987034677,0.0004886308125782,0.0216092463510744,-0.0344933775236591,-0.00415091906537817,0.00448282214315013,0.0175226387489645,0.0561190194051797,1955.76892695677,1.00079883905622
"Sigma[13,1]",0.00952324162681029,0.00118388663281019,0.0313805344982658,-0.0387543476735105,-0.00545628800759872,0.00399669104019076,0.0201084107076141,0.0843300900252114,702.587532851599,1.00631855591456
"Sigma[13,2]",0.00247008364996549,0.000563182126160729,0.0306739738907167,-0.0575919166323499,-0.00954737737310632,0.00133546122371332,0.0146216289683266,0.0635563263913655,2966.48639598823,1.00158513845472
"Sigma[13,3]",0.00590545586563311,0.00106289563824904,0.0412614460349559,-0.0635471075945633,-0.0139289985480357,0.00258492285655451,0.020901209066215,0.0964732784714566,1506.98051972729,1.00251144155803
"Sigma[13,4]",0.0097949216142696,0.000959573119496576,0.041170279758636,-0.0517625732680349,-0.00708219276434188,0.00422046501384819,0.0214905859301191,0.0975060859939353,1840.82069884237,1.00106037907714
"Sigma[13,5]",0.0127958742039529,0.00144896178776096,0.0334966413691937,-0.0370410602559594,-0.00332817324671586,0.00648104477684331,0.0239557039887009,0.0899669486580648,534.427333679713,1.00765597802843
"Sigma[13,6]",0.0104029344632626,0.00105784980172843,0.0351390936567864,-0.0411886031535514,-0.00467591322394252,0.00519044584855652,0.0217298674474648,0.0862586052553147,1103.40028829157,1.00395990057714
"Sigma[13,7]",0.00102655795766376,0.000620513032336827,0.0302230820021648,-0.0563923114855098,-0.0110292554442649,0.000276869571562985,0.013212817767528,0.0608423227081393,2372.33318832865,1.00095466073825
"Sigma[13,8]",0.00358178308961683,0.000733326814439758,0.0315818301675753,-0.0563359242823426,-0.00913033130014318,0.00170351027888548,0.0154463787158901,0.0688655028786167,1854.72470409748,0.999406702893649
"Sigma[13,9]",0.00928072678841284,0.000796645538140989,0.0335789873881482,-0.0456775985028028,-0.00575767142176899,0.00468900268029765,0.0213689691620356,0.0805552640747061,1776.66249498762,1.00498255840225
"Sigma[13,10]",0.00215061981304367,0.000721024996573678,0.0394969112292214,-0.0731085223898986,-0.0104504577839777,0.00169086557865841,0.0164788617800798,0.0773692238518491,3000.7210543337,1.0001496761486
"Sigma[13,11]",0.00848126540636247,0.000976624572395977,0.0319677141728733,-0.0411875853249105,-0.00601219884029197,0.00385615185990675,0.0189232538745351,0.0809823438778898,1071.44004146861,1.00593566733803
"Sigma[13,12]",0.0101002985040138,0.000995669652624029,0.0299706578637955,-0.0381287306521528,-0.00386728014921317,0.00519164774138646,0.0208562717125357,0.0802286986862179,906.07054263032,1.0031263006351
"Sigma[13,13]",0.169652806332731,0.0278348686619812,0.339317080291626,0.00903330456978614,0.0524051867192118,0.0894083987540884,0.139723347412434,1.29772871725036,148.604886345023,1.02249374772025
"Sigma[13,14]",0.0177943655399629,0.00219839377687551,0.0508021929552646,-0.0521364365946421,-0.00342799529375461,0.00826613263279131,0.0303840900122896,0.13459921489492,534.015604021031,1.00824911459406
"Sigma[13,15]",0.00479681959634822,0.00055482990602528,0.0290490037720298,-0.0462297880008444,-0.00800976186803206,0.00286422188225092,0.0165956535207862,0.0669142677293046,2741.21286794303,1.00177493533206
"Sigma[13,16]",0.00781815981040957,0.00127721931183049,0.0360062989658472,-0.0432087428470118,-0.00801176266891268,0.00245530581625045,0.0175079229735425,0.0915639565379213,794.741722468776,1.00470809197729
"Sigma[13,17]",0.00240466296791512,0.000560535255309297,0.0284630901446869,-0.0554481671610009,-0.00894357677672837,0.00165882940376724,0.0145845568254787,0.0566290470909154,2578.44712706553,1.00022298068755
"Sigma[13,18]",0.0060217312547916,0.000570215074068888,0.0295254446621942,-0.0469535322441393,-0.00710818307407168,0.00308173893188422,0.0171697456238971,0.0725455868483071,2681.11539153097,1.00083862358218
"Sigma[14,1]",0.0152753101692754,0.00134052769904994,0.0338493191680261,-0.0367038438683296,-0.00268295353808061,0.00814184283422835,0.0284822224928868,0.102365822926467,637.599975146905,1.00659086301236
"Sigma[14,2]",0.012816077872014,0.00126280438712124,0.0362771397385504,-0.0417655222743589,-0.00499491324102986,0.00596796940328817,0.0253615332464196,0.0983288619553795,825.265921596638,1.00531377344384
"Sigma[14,3]",0.0127696101063726,0.00147906712341451,0.0460675756137693,-0.0617337012119827,-0.00988131128399459,0.00613581281378177,0.0280874333886883,0.132558744424376,970.096521399569,1.0033731637924
"Sigma[14,4]",0.018730908905782,0.00160303180673489,0.0468163592195776,-0.0479202070136664,-0.00252952746809006,0.0102699379874391,0.0321276861805013,0.131334156982539,852.925295202908,1.00358159686077
"Sigma[14,5]",0.0232808163042555,0.00126963431130905,0.034485223832584,-0.0270924793881702,0.00176736897125796,0.0160103198758604,0.037904069980937,0.107409889116453,737.749285147358,1.00620634219097
"Sigma[14,6]",0.0243949359964215,0.00163294246009752,0.0395281037389221,-0.0281777906604264,0.000862664188022876,0.0152390774285584,0.0393446681664496,0.129700065232159,585.963005262745,1.00653587877431
"Sigma[14,7]",0.00740283813671238,0.000862469289107345,0.0338336965791577,-0.0531573300705524,-0.00864074913288217,0.0031079896610595,0.0213656083623252,0.0832654385008289,1538.90432860433,1.00281050879493
"Sigma[14,8]",0.00898819261862714,0.000947168456639676,0.0337217085368427,-0.0496843817424229,-0.00723978400579489,0.00444837220550333,0.0220064336169339,0.0884466315783315,1267.54879858972,1.00392700973143
"Sigma[14,9]",0.0315163583120633,0.00264319914966427,0.0507738084322208,-0.0259423817272388,0.00142916389341791,0.0166999138571078,0.0457303300245378,0.169553166981724,368.994343218452,1.01088649674496
"Sigma[14,10]",0.0163948232650014,0.00088106762207134,0.0446002268564771,-0.0528707580935292,-0.00288443327061101,0.00978384954546717,0.0306466955804122,0.119306947135911,2562.45148571934,1.00322480596604
"Sigma[14,11]",0.0187670168436561,0.00135949420705616,0.0354389647673445,-0.0298506885715985,-0.00159001766318728,0.0105114482586305,0.0325688148758729,0.108388013033991,679.527960184233,1.00656056315412
"Sigma[14,12]",0.0147784142578417,0.00093297765923769,0.0335924016549088,-0.0400879122965184,-0.00243153318508661,0.00868391227797924,0.0285387010401096,0.0964845871305982,1296.4017839593,1.00203247721445
"Sigma[14,13]",0.0177943655399629,0.00219839377687551,0.0508021929552646,-0.0521364365946421,-0.00342799529375461,0.00826613263279131,0.0303840900122896,0.13459921489492,534.015604021031,1.00824911459406
"Sigma[14,14]",0.219286820244893,0.0188674165918998,0.312308989932744,0.0114958690834028,0.0665019051331314,0.114689214288479,0.199309007490485,1.19249570621898,273.995918773159,1.00734229201924
"Sigma[14,15]",0.01322357389569,0.000740635786832275,0.0311037011870045,-0.0366299444044592,-0.00309224361997879,0.00799904644278873,0.0264036314538269,0.0889300879194908,1763.65955727015,1.00207098207787
"Sigma[14,16]",0.0132521178146275,0.00139237007533197,0.0378092426706425,-0.0421348005503575,-0.00595410605307564,0.00538605251683745,0.0261979298411577,0.107451340967053,737.371919810824,1.00365450077193
"Sigma[14,17]",0.0138024414727122,0.000761828817292217,0.0310350162528801,-0.0393695751092072,-0.00204760189989247,0.00890585717356812,0.0262923597013671,0.0879789455358428,1659.54548996248,1.00440220143411
"Sigma[14,18]",0.02438881748882,0.0019057838580083,0.03973101020639,-0.0258188136370064,0.00120156672864874,0.015147369722294,0.0364073144220056,0.127200826440378,434.622221158563,1.0096659759127
"Sigma[15,1]",0.0158336406738086,0.00153367817751658,0.024619843184796,-0.0226274071581549,-0.000320279130462393,0.0106028146272394,0.0279588687128632,0.0753520548734312,257.692683775112,1.01361194096531
"Sigma[15,2]",-0.000107873475801488,0.000412972204231319,0.0221790617110915,-0.0475865112478008,-0.0107787124384989,-3.8559366637508e-05,0.0112721651626828,0.0440193454976718,2884.32832653957,1.00023857732685
"Sigma[15,3]",-0.00278174054127913,0.000496721071736843,0.0272885854030888,-0.0615367091501788,-0.0172028796764279,-0.00166159268570676,0.0118537239515262,0.05136412781131,3018.12260746571,0.999541445278135
"Sigma[15,4]",0.0062572610004164,0.000515329863654004,0.0255787967207947,-0.0439118307154175,-0.00624090570345776,0.00421711952136863,0.0177465024775476,0.0634037283867886,2463.71007464421,0.999709867805765
"Sigma[15,5]",0.0192226684556577,0.00125255122991409,0.0243340386991459,-0.0182523469336232,0.00219265703799728,0.0144934277341963,0.0324128245263192,0.0781188051348048,377.430848398125,1.01329539634225
"Sigma[15,6]",0.0205413488560734,0.00113542976030541,0.0256801309163348,-0.018792159030163,0.00273864298519017,0.0154193706027675,0.0345743069411516,0.0807439715804609,511.533311390839,1.01204079871364
"Sigma[15,7]",0.00466433119827522,0.000405854130020568,0.0225704057831623,-0.0411921270677897,-0.00611871068987342,0.00275450846768897,0.0154910821182606,0.054173829693482,3092.70712409296,1.00010241339133
"Sigma[15,8]",0.000852211060555307,0.000391667994150631,0.0210271044789799,-0.0427000403287435,-0.0095589945247467,0.000433357857715065,0.0114846528487923,0.0461380148505463,2882.19113165634,0.99967063613072
"Sigma[15,9]",0.00379563818762497,0.000441818567292104,0.0228421758050882,-0.0420767021345165,-0.00757738341038253,0.00187484950691003,0.0145992784790666,0.0542773355409459,2672.9264802286,1.00247273311728
"Sigma[15,10]",0.000481154316026762,0.000493824814134089,0.02542506101369,-0.0534288559017969,-0.0108276846407447,0.00039267863578159,0.0128817815881349,0.0527536707326955,2650.8074939536,1.00017858504048
"Sigma[15,11]",0.0124117984809031,0.00105660105320901,0.0227335525309282,-0.0248322036703268,-0.0011857581141254,0.00780284123491484,0.0238027234627811,0.0674280868417593,462.927026465641,1.00418708369402
"Sigma[15,12]",0.00723588239940873,0.0007214302229688,0.0219780849840238,-0.033815403847222,-0.0045811622755886,0.00378796673960828,0.0173563702012287,0.0576636769309799,928.092006310082,1.00394534016938
"Sigma[15,13]",0.00479681959634822,0.00055482990602528,0.0290490037720298,-0.0462297880008444,-0.00800976186803206,0.00286422188225092,0.0165956535207862,0.0669142677293046,2741.21286794303,1.00177493533206
"Sigma[15,14]",0.01322357389569,0.000740635786832275,0.0311037011870045,-0.0366299444044592,-0.00309224361997879,0.00799904644278873,0.0264036314538269,0.0889300879194908,1763.65955727015,1.00207098207787
"Sigma[15,15]",0.0881277606352277,0.00492413491228261,0.0520619438698316,0.00988963622173686,0.0492975921250897,0.0823670444026514,0.119377692591684,0.206626428502664,111.784315710196,1.03077812567465
"Sigma[15,16]",0.0188457815482402,0.00131458579548359,0.0250774891716812,-0.0206484674349805,0.00211445479513466,0.0136741851902621,0.0309388952665891,0.0818551193537284,363.906851634526,1.01111258765747
"Sigma[15,17]",0.0124236478014564,0.000697097310795231,0.0220221249865236,-0.0253562793549099,-0.000790989503497509,0.00844276764370918,0.0231725990539886,0.0663550245999372,998.002505481913,1.00584355702152
"Sigma[15,18]",0.00838322450138665,0.000668683826232755,0.0220374477192744,-0.0325543684727652,-0.00323854985642903,0.00525458579104199,0.0185725393411868,0.058827466276688,1086.12785626106,1.00435630894171
"Sigma[16,1]",0.0194274213439264,0.00166710818441337,0.0277054958912221,-0.0202533875787544,0.000848467567603335,0.0129005211292398,0.03356803583696,0.0880515362216587,276.187671436036,1.01218886977787
"Sigma[16,2]",0.00638400281327686,0.000501666962012015,0.0239037075125837,-0.0368610985871517,-0.00617216929252967,0.00357112192799044,0.0174463205802036,0.0602636024588473,2270.38511300184,1.00127157074989
"Sigma[16,3]",0.00627955997909812,0.000637442632259913,0.0306313126046238,-0.0538325088930275,-0.00967644347332763,0.00475769100646017,0.0218773824152279,0.0713665861405856,2309.13329513273,1.00435030894663
"Sigma[16,4]",0.0152353628519526,0.00162845135121606,0.0335759451006762,-0.031804342738323,-0.00267136717573401,0.00812043284571531,0.027570925321308,0.100369149727774,425.115475072701,1.00679637795321
"Sigma[16,5]",0.0177945673434944,0.00131293287575018,0.0257696394230558,-0.019577804757439,0.00044797271464095,0.0118204770846974,0.0307032925243573,0.081652829001376,385.240233375361,1.012930680279
"Sigma[16,6]",0.0260795418169318,0.00183364334539104,0.0328399206666229,-0.0163429735266862,0.00245451709660811,0.0180798402436817,0.0425800104527166,0.10598310117019,320.755760925725,1.01109647167068
"Sigma[16,7]",0.0109502303596331,0.000627343020015964,0.0249493959523731,-0.0329718938230751,-0.00278933968301332,0.00689395251704023,0.0229520322048117,0.0699846930595946,1581.64834148559,1.00389631773945
"Sigma[16,8]",0.00760432815568516,0.000611094650397038,0.0233188121155904,-0.0353082273410305,-0.00502101827890695,0.00426046130770304,0.0184177170583326,0.0630011894254514,1456.1156941093,1.00259590140149
"Sigma[16,9]",0.0095842253370606,0.000666279928826189,0.0256829601667751,-0.0345754153699637,-0.00439864460884301,0.00531540971652988,0.0221589281062401,0.0688480694225675,1485.85590667623,1.00496604416947
"Sigma[16,10]",0.00272020366202616,0.000512824056299443,0.0276162566551793,-0.0511708244897778,-0.0102824161109377,0.00130331194208019,0.0154856492501107,0.0598167192409618,2899.96556791978,1.00158272361321
"Sigma[16,11]",0.0220972233642845,0.00206924252177633,0.0318385587217393,-0.0183940494071551,0.0010536745987559,0.0135872597301434,0.0356785729128865,0.105392675846475,236.746741794354,1.01571067914552
"Sigma[16,12]",0.0140813248643864,0.00181548529661756,0.0275776239685963,-0.0260485076138906,-0.0025024017550015,0.00775162242339038,0.0260457724165039,0.0853063996876498,230.742832281102,1.01618957035777
"Sigma[16,13]",0.00781815981040957,0.00127721931183049,0.0360062989658472,-0.0432087428470118,-0.00801176266891268,0.00245530581625045,0.0175079229735425,0.0915639565379213,794.741722468776,1.00470809197729
"Sigma[16,14]",0.0132521178146275,0.00139237007533197,0.0378092426706425,-0.0421348005503575,-0.00595410605307564,0.00538605251683745,0.0261979298411577,0.107451340967053,737.371919810824,1.00365450077193
"Sigma[16,15]",0.0188457815482402,0.00131458579548359,0.0250774891716812,-0.0206484674349805,0.00211445479513466,0.0136741851902621,0.0309388952665891,0.0818551193537284,363.906851634528,1.01111258765747
"Sigma[16,16]",0.101260847277494,0.00513136467239986,0.0734229808117253,0.0113480881845829,0.0527447225374189,0.0881893218216089,0.131802148252005,0.278895613625125,204.737909259993,1.01631510594267
"Sigma[16,17]",0.0135075393250063,0.00091024307972673,0.0246165967388594,-0.0264077367570619,-0.000700580355993749,0.00881940235391162,0.0240655328102371,0.0740063445819068,731.376919342022,1.00605813648346
"Sigma[16,18]",0.0072401573664706,0.00053994107316302,0.0226890311201771,-0.0350348821669561,-0.00491607587171071,0.00433215892056173,0.018267320284543,0.0588930890633688,1765.79047902743,1.00454566752293
"Sigma[17,1]",0.0144769811344909,0.00102837846407906,0.0225716325893829,-0.0223390763089369,0.000353645234020284,0.00985992216913845,0.0258641361149816,0.0686771644210072,481.74808654529,1.00977680813437
"Sigma[17,2]",0.00336821466005903,0.000397663478586023,0.0222694609519917,-0.0415082442320055,-0.00699504279902925,0.00212775875307704,0.0141737044144316,0.0522664399708309,3136.08622659378,0.999768089598765
"Sigma[17,3]",0.0181854505180879,0.000798838738764527,0.0289811758732686,-0.0316959971664859,0.000271346029199421,0.0144244722994116,0.0326674384742013,0.0862442149592728,1316.17540258902,1.00288739466207
"Sigma[17,4]",0.0157009242842787,0.00105230762230256,0.0275757692033154,-0.0270269720117473,-0.000167235905422954,0.0101538536559837,0.0269727268438155,0.0841192397481215,686.704413685291,1.0077075483608
"Sigma[17,5]",0.0162000068378192,0.000706974211563658,0.0219187321006876,-0.0198248800296477,0.0016262579330268,0.0127136856891197,0.0278717647841402,0.0691987706237966,961.222023207766,1.00307508163234
"Sigma[17,6]",0.0205075761130094,0.00133300545316663,0.0263655046275741,-0.0180085305419844,0.00242453305556223,0.0147766153479139,0.0329879430287691,0.0865653393594216,391.208537398585,1.01105955064926
"Sigma[17,7]",0.00511136137941771,0.000468484080908089,0.0226636534524649,-0.0414179884198893,-0.00527699034996475,0.00302542453565039,0.0154387469123708,0.055169105685944,2340.29263205353,1.00067292479787
"Sigma[17,8]",0.0118538507890324,0.000769120596772552,0.0227144647958281,-0.0248334240879489,-0.00131879441309517,0.00764502411371355,0.0222391256405006,0.0656739549264978,872.200101948511,1.00302909027666
"Sigma[17,9]",0.00817050596167427,0.000612044325487937,0.0243769651129303,-0.0364001780110902,-0.00451246232562447,0.00503513986754366,0.0199501521278479,0.063909117218254,1586.32993620449,1.00085156691454
"Sigma[17,10]",0.00764407231223648,0.000584194487407938,0.0267028155646104,-0.0430484059049797,-0.00428662288422201,0.00527204259981403,0.0197160657610066,0.0633830648661039,2089.29229719109,1.0015988859921
"Sigma[17,11]",0.0129338955449919,0.00063935086389148,0.0220976400999551,-0.0269809607464694,0.000178585140286832,0.009474997680675,0.0244503751588158,0.065875928117053,1194.57460878063,1.00295219231925
"Sigma[17,12]",0.00772822303193997,0.000451697032388558,0.0212546793707792,-0.0334157319940894,-0.00303852812685311,0.0049666868146249,0.0181399332114264,0.0560707772829095,2214.18875771807,1.00018988359211
"Sigma[17,13]",0.00240466296791512,0.000560535255309296,0.0284630901446869,-0.0554481671610008,-0.00894357677672837,0.00165882940376724,0.0145845568254787,0.0566290470909154,2578.44712706553,1.00022298068755
"Sigma[17,14]",0.0138024414727122,0.000761828817292217,0.0310350162528801,-0.0393695751092072,-0.00204760189989247,0.00890585717356812,0.0262923597013671,0.0879789455358428,1659.54548996248,1.00440220143411
"Sigma[17,15]",0.0124236478014564,0.000697097310795231,0.0220221249865236,-0.0253562793549099,-0.000790989503497509,0.00844276764370918,0.0231725990539886,0.0663550245999373,998.002505481913,1.00584355702152
"Sigma[17,16]",0.0135075393250063,0.00091024307972673,0.0246165967388594,-0.0264077367570619,-0.000700580355993749,0.00881940235391162,0.0240655328102371,0.0740063445819068,731.376919342022,1.00605813648346
"Sigma[17,17]",0.0844444993396546,0.00476886572024749,0.0501374676707799,0.00890161610195047,0.0471998933570439,0.0782712554052805,0.113948469360433,0.199233759517197,110.533673083037,1.03178549727628
"Sigma[17,18]",0.0123598842179874,0.000573623362070871,0.021409331700819,-0.0268491499223109,-0.00039724938097622,0.00920117614875887,0.0231963898772947,0.0620741758972747,1393.0046318684,1.00640231941588
"Sigma[18,1]",0.00311938474404535,0.00042462113507574,0.0211181366442724,-0.0389045273391099,-0.0071718408911706,0.00153015808714144,0.0141621717218543,0.0486031396672633,2473.47757562226,0.999583500799493
"Sigma[18,2]",0.00524552415642884,0.000526060366804285,0.0226192175750747,-0.0368927794636261,-0.00634888759455761,0.00214796462589584,0.0155767243053657,0.0553787797937801,1848.77470004845,1.00077233926355
"Sigma[18,3]",0.0236455594467363,0.000834743907511387,0.0298959141255917,-0.0280598109952856,0.00495037319060455,0.0201377817339694,0.0389894011899618,0.0934597789370861,1282.67656105699,1.00377839062658
"Sigma[18,4]",0.0177229564545494,0.0011389873895754,0.0286137599686537,-0.0270374240045498,0.000520752403543263,0.012757817594206,0.0306120525216593,0.0838744349922394,631.120123196493,1.00672143057966
"Sigma[18,5]",0.0108727028958776,0.000530345140949794,0.020616847850937,-0.0259736228373086,-0.00114699025022431,0.00817469174026395,0.0216383315517032,0.0572955651727377,1511.21878530702,1.00199737368114
"Sigma[18,6]",0.00315060704598425,0.000503411577801318,0.0225528167523502,-0.0460714790882395,-0.00693509519830725,0.00250026778570339,0.0144265510903046,0.0497483411176004,2007.03609621776,1.00009650604914
"Sigma[18,7]",0.00336117165956878,0.000414963063288735,0.0226141580380578,-0.0431908149222894,-0.00770882048229837,0.00164464884258597,0.0139487689503268,0.0531116652962027,2969.90093986566,0.999405907832507
"Sigma[18,8]",0.00585405534180844,0.000528590163168083,0.0226209707336853,-0.0377476481967879,-0.0056603841708577,0.00385464201843404,0.0169708688777772,0.0551428270704785,1831.4046901199,1.00138970907966
"Sigma[18,9]",0.0187692819647318,0.00151571697768552,0.0274827635354658,-0.0228098190314799,0.00048335525522111,0.0124731237654855,0.0318880659500548,0.085715969577336,328.764239311579,1.01454866326042
"Sigma[18,10]",-0.000271248039234812,0.000625529670913841,0.0271605855998774,-0.0604722260412886,-0.0108377940287033,0.000940520375334148,0.0130527601260044,0.0497117598686306,1885.30851800461,1.00047860425107
"Sigma[18,11]",0.00984583654558545,0.000642056396644741,0.0220863778139868,-0.0294017357913489,-0.00262670295428779,0.00622957733690678,0.0206496143957821,0.0620699270533736,1183.32118524709,1.00457191086414
"Sigma[18,12]",0.00730748987034677,0.0004886308125782,0.0216092463510744,-0.0344933775236591,-0.00415091906537817,0.00448282214315013,0.0175226387489645,0.0561190194051797,1955.76892695678,1.00079883905622
"Sigma[18,13]",0.0060217312547916,0.000570215074068888,0.0295254446621942,-0.0469535322441393,-0.00710818307407168,0.00308173893188422,0.0171697456238971,0.0725455868483071,2681.11539153097,1.00083862358218
"Sigma[18,14]",0.02438881748882,0.0019057838580083,0.03973101020639,-0.0258188136370064,0.00120156672864874,0.015147369722294,0.0364073144220056,0.127200826440378,434.622221158563,1.0096659759127
"Sigma[18,15]",0.00838322450138665,0.000668683826232755,0.0220374477192744,-0.0325543684727652,-0.00323854985642903,0.00525458579104199,0.0185725393411868,0.058827466276688,1086.12785626106,1.00435630894171
"Sigma[18,16]",0.0072401573664706,0.00053994107316302,0.0226890311201771,-0.0350348821669561,-0.00491607587171071,0.00433215892056173,0.018267320284543,0.0588930890633688,1765.79047902743,1.00454566752293
"Sigma[18,17]",0.0123598842179874,0.000573623362070871,0.021409331700819,-0.0268491499223109,-0.00039724938097622,0.00920117614875887,0.0231963898772947,0.0620741758972747,1393.0046318684,1.00640231941588
"Sigma[18,18]",0.0912740147997086,0.00470040467768611,0.0565082678906388,0.0115301822982178,0.0509557489089065,0.083010104733556,0.122326060200148,0.214950842491787,144.528498606733,1.02753273823763
"N_sim[1]",0,NA,0,0,0,0,0,0,NA,NA
"N_sim[2]",0,NA,0,0,0,0,0,0,NA,NA
"N_sim[3]",0,NA,0,0,0,0,0,0,NA,NA
"N_sim[4]",0,NA,0,0,0,0,0,0,NA,NA
"N_sim[5]",0,NA,0,0,0,0,0,0,NA,NA
"N_sim[6]",0,NA,0,0,0,0,0,0,NA,NA
"N_sim[7]",0,NA,0,0,0,0,0,0,NA,NA
"N_sim[8]",0,NA,0,0,0,0,0,0,NA,NA
"N_sim[9]",0,NA,0,0,0,0,0,0,NA,NA
"N_sim[10]",0,NA,0,0,0,0,0,0,NA,NA
"N_sim[11]",0,NA,0,0,0,0,0,0,NA,NA
"N_sim[12]",0,NA,0,0,0,0,0,0,NA,NA
"N_sim[13]",0,NA,0,0,0,0,0,0,NA,NA
"N_sim[14]",0,NA,0,0,0,0,0,0,NA,NA
"N_sim[15]",0,NA,0,0,0,0,0,0,NA,NA
"N_sim[16]",0,NA,0,0,0,0,0,0,NA,NA
"N_sim[17]",0,NA,0,0,0,0,0,0,NA,NA
"N_sim[18]",0,NA,0,0,0,0,0,0,NA,NA
"N_sim[19]",0,NA,0,0,0,0,0,0,NA,NA
"N_sim[20]",0,NA,0,0,0,0,0,0,NA,NA
"N_sim[21]",0,NA,0,0,0,0,0,0,NA,NA
"N_sim[22]",0,NA,0,0,0,0,0,0,NA,NA
"N_sim[23]",0,NA,0,0,0,0,0,0,NA,NA
"N_sim[24]",0,NA,0,0,0,0,0,0,NA,NA
"N_sim[25]",0,NA,0,0,0,0,0,0,NA,NA
"N_sim[26]",0,NA,0,0,0,0,0,0,NA,NA
"N_sim[27]",0,NA,0,0,0,0,0,0,NA,NA
"N_sim[28]",0,NA,0,0,0,0,0,0,NA,NA
"N_sim[29]",0,NA,0,0,0,0,0,0,NA,NA
"N_sim[30]",0,NA,0,0,0,0,0,0,NA,NA
"N_sim[31]",0,NA,0,0,0,0,0,0,NA,NA
"N_sim[32]",0,NA,0,0,0,0,0,0,NA,NA
"N_sim[33]",0,NA,0,0,0,0,0,0,NA,NA
"N_sim[34]",0,NA,0,0,0,0,0,0,NA,NA
"N_sim[35]",0,NA,0,0,0,0,0,0,NA,NA
"N_sim[36]",0,NA,0,0,0,0,0,0,NA,NA
"N_sim[37]",0,NA,0,0,0,0,0,0,NA,NA
"N_sim[38]",0,NA,0,0,0,0,0,0,NA,NA
"N_sim[39]",0,NA,0,0,0,0,0,0,NA,NA
"N_sim[40]",0,NA,0,0,0,0,0,0,NA,NA
"N_sim[41]",0,NA,0,0,0,0,0,0,NA,NA
"N_sim[42]",0,NA,0,0,0,0,0,0,NA,NA
"N_sim[43]",0,NA,0,0,0,0,0,0,NA,NA
"N_sim[44]",0,NA,0,0,0,0,0,0,NA,NA
"N_sim[45]",0,NA,0,0,0,0,0,0,NA,NA
"N_sim[46]",0,NA,0,0,0,0,0,0,NA,NA
"N_sim[47]",0,NA,0,0,0,0,0,0,NA,NA
"N_sim[48]",0,NA,0,0,0,0,0,0,NA,NA
"N_sim[49]",0,NA,0,0,0,0,0,0,NA,NA
"N_sim[50]",0,NA,0,0,0,0,0,0,NA,NA
"N_sim[51]",0,NA,0,0,0,0,0,0,NA,NA
"N_sim[52]",0,NA,0,0,0,0,0,0,NA,NA
"N_sim[53]",0,NA,0,0,0,0,0,0,NA,NA
"N_sim[54]",0,NA,0,0,0,0,0,0,NA,NA
"N_sim[55]",0,NA,0,0,0,0,0,0,NA,NA
"N_sim[56]",0,NA,0,0,0,0,0,0,NA,NA
"N_sim[57]",0,NA,0,0,0,0,0,0,NA,NA
"N_sim[58]",0,NA,0,0,0,0,0,0,NA,NA
"N_sim[59]",0,NA,0,0,0,0,0,0,NA,NA
"N_sim[60]",0,NA,0,0,0,0,0,0,NA,NA
"N_sim[61]",0,NA,0,0,0,0,0,0,NA,NA
"N_sim[62]",0,NA,0,0,0,0,0,0,NA,NA
"N_sim[63]",0,NA,0,0,0,0,0,0,NA,NA
"N_sim[64]",0,NA,0,0,0,0,0,0,NA,NA
"N_sim[65]",0,NA,0,0,0,0,0,0,NA,NA
"N_sim[66]",0,NA,0,0,0,0,0,0,NA,NA
"N_sim[67]",0,NA,0,0,0,0,0,0,NA,NA
"N_sim[68]",0,NA,0,0,0,0,0,0,NA,NA
"N_sim[69]",0,NA,0,0,0,0,0,0,NA,NA
"N_sim[70]",0,NA,0,0,0,0,0,0,NA,NA
"N_sim[71]",0,NA,0,0,0,0,0,0,NA,NA
"N_sim[72]",0,NA,0,0,0,0,0,0,NA,NA
"N_sim[73]",0,NA,0,0,0,0,0,0,NA,NA
"N_sim[74]",0,NA,0,0,0,0,0,0,NA,NA
"N_sim[75]",0,NA,0,0,0,0,0,0,NA,NA
"N_sim[76]",0,NA,0,0,0,0,0,0,NA,NA
"N_sim[77]",0,NA,0,0,0,0,0,0,NA,NA
"N_sim[78]",0,NA,0,0,0,0,0,0,NA,NA
"N_sim[79]",0,NA,0,0,0,0,0,0,NA,NA
"N_sim[80]",0,NA,0,0,0,0,0,0,NA,NA
"N_sim[81]",0,NA,0,0,0,0,0,0,NA,NA
"N_sim[82]",0,NA,0,0,0,0,0,0,NA,NA
"N_sim[83]",0,NA,0,0,0,0,0,0,NA,NA
"N_sim[84]",0,NA,0,0,0,0,0,0,NA,NA
"N_sim[85]",0,NA,0,0,0,0,0,0,NA,NA
"N_sim[86]",0,NA,0,0,0,0,0,0,NA,NA
"N_sim[87]",0,NA,0,0,0,0,0,0,NA,NA
"N_sim[88]",0,NA,0,0,0,0,0,0,NA,NA
"N_sim[89]",0,NA,0,0,0,0,0,0,NA,NA
"N_sim[90]",0,NA,0,0,0,0,0,0,NA,NA
"N_sim[91]",0,NA,0,0,0,0,0,0,NA,NA
"N_sim[92]",0,NA,0,0,0,0,0,0,NA,NA
"N_sim[93]",0,NA,0,0,0,0,0,0,NA,NA
"N_sim[94]",0,NA,0,0,0,0,0,0,NA,NA
"N_sim[95]",0,NA,0,0,0,0,0,0,NA,NA
"N_sim[96]",0,NA,0,0,0,0,0,0,NA,NA
"N_sim[97]",0,NA,0,0,0,0,0,0,NA,NA
"N_sim[98]",0,NA,0,0,0,0,0,0,NA,NA
"N_sim[99]",0,NA,0,0,0,0,0,0,NA,NA
"N_sim[100]",0,NA,0,0,0,0,0,0,NA,NA
"N_sim[101]",0,NA,0,0,0,0,0,0,NA,NA
"N_sim[102]",0,NA,0,0,0,0,0,0,NA,NA
"N_sim[103]",0,NA,0,0,0,0,0,0,NA,NA
"N_sim[104]",0,NA,0,0,0,0,0,0,NA,NA
"N_sim[105]",0,NA,0,0,0,0,0,0,NA,NA
"N_sim[106]",0,NA,0,0,0,0,0,0,NA,NA
"N_sim[107]",0,NA,0,0,0,0,0,0,NA,NA
"N_sim[108]",0,NA,0,0,0,0,0,0,NA,NA
"N_sim[109]",0,NA,0,0,0,0,0,0,NA,NA
"N_sim[110]",0,NA,0,0,0,0,0,0,NA,NA
"N_sim[111]",0,NA,0,0,0,0,0,0,NA,NA
"N_sim[112]",0,NA,0,0,0,0,0,0,NA,NA
"N_sim[113]",0,NA,0,0,0,0,0,0,NA,NA
"N_sim[114]",0,NA,0,0,0,0,0,0,NA,NA
"N_sim[115]",0,NA,0,0,0,0,0,0,NA,NA
"N_sim[116]",0,NA,0,0,0,0,0,0,NA,NA
"N_sim[117]",0,NA,0,0,0,0,0,0,NA,NA
"N_sim[118]",0,NA,0,0,0,0,0,0,NA,NA
"N_sim[119]",0,NA,0,0,0,0,0,0,NA,NA
"N_sim[120]",0,NA,0,0,0,0,0,0,NA,NA
"N_sim[121]",0,NA,0,0,0,0,0,0,NA,NA
"N_sim[122]",0,NA,0,0,0,0,0,0,NA,NA
"N_sim[123]",0,NA,0,0,0,0,0,0,NA,NA
"N_sim[124]",0,NA,0,0,0,0,0,0,NA,NA
"N_sim[125]",0,NA,0,0,0,0,0,0,NA,NA
"N_sim[126]",0,NA,0,0,0,0,0,0,NA,NA
"N_sim[127]",0,NA,0,0,0,0,0,0,NA,NA
"N_sim[128]",0,NA,0,0,0,0,0,0,NA,NA
"N_sim[129]",0,NA,0,0,0,0,0,0,NA,NA
"N_sim[130]",0,NA,0,0,0,0,0,0,NA,NA
"N_sim[131]",0,NA,0,0,0,0,0,0,NA,NA
"N_sim[132]",0,NA,0,0,0,0,0,0,NA,NA
"N_sim[133]",0,NA,0,0,0,0,0,0,NA,NA
"N_sim[134]",0,NA,0,0,0,0,0,0,NA,NA
"N_sim[135]",0,NA,0,0,0,0,0,0,NA,NA
"N_sim[136]",0,NA,0,0,0,0,0,0,NA,NA
"N_sim[137]",0,NA,0,0,0,0,0,0,NA,NA
"N_sim[138]",0,NA,0,0,0,0,0,0,NA,NA
"N_sim[139]",0,NA,0,0,0,0,0,0,NA,NA
"N_sim[140]",0,NA,0,0,0,0,0,0,NA,NA
"N_sim[141]",0,NA,0,0,0,0,0,0,NA,NA
"N_sim[142]",0,NA,0,0,0,0,0,0,NA,NA
"N_sim[143]",0,NA,0,0,0,0,0,0,NA,NA
"N_sim[144]",0,NA,0,0,0,0,0,0,NA,NA
"N_sim[145]",0,NA,0,0,0,0,0,0,NA,NA
"N_sim[146]",0,NA,0,0,0,0,0,0,NA,NA
"N_sim[147]",0,NA,0,0,0,0,0,0,NA,NA
"N_sim[148]",0,NA,0,0,0,0,0,0,NA,NA
"N_sim[149]",0,NA,0,0,0,0,0,0,NA,NA
"N_sim[150]",0,NA,0,0,0,0,0,0,NA,NA
"N_sim[151]",0,NA,0,0,0,0,0,0,NA,NA
"N_sim[152]",0,NA,0,0,0,0,0,0,NA,NA
"N_sim[153]",0,NA,0,0,0,0,0,0,NA,NA
"N_sim[154]",0,NA,0,0,0,0,0,0,NA,NA
"N_sim[155]",0,NA,0,0,0,0,0,0,NA,NA
"N_sim[156]",0,NA,0,0,0,0,0,0,NA,NA
"N_sim[157]",0,NA,0,0,0,0,0,0,NA,NA
"N_sim[158]",0,NA,0,0,0,0,0,0,NA,NA
"N_sim[159]",0,NA,0,0,0,0,0,0,NA,NA
"N_sim[160]",0,NA,0,0,0,0,0,0,NA,NA
"N_sim[161]",0,NA,0,0,0,0,0,0,NA,NA
"N_sim[162]",0,NA,0,0,0,0,0,0,NA,NA
"N_sim[163]",0,NA,0,0,0,0,0,0,NA,NA
"N_sim[164]",0,NA,0,0,0,0,0,0,NA,NA
"N_sim[165]",0,NA,0,0,0,0,0,0,NA,NA
"N_sim[166]",0,NA,0,0,0,0,0,0,NA,NA
"N_sim[167]",0,NA,0,0,0,0,0,0,NA,NA
"N_sim[168]",0,NA,0,0,0,0,0,0,NA,NA
"N_sim[169]",0,NA,0,0,0,0,0,0,NA,NA
"N_sim[170]",0,NA,0,0,0,0,0,0,NA,NA
"N_sim[171]",0,NA,0,0,0,0,0,0,NA,NA
"N_sim[172]",0,NA,0,0,0,0,0,0,NA,NA
"N_sim[173]",0,NA,0,0,0,0,0,0,NA,NA
"N_sim[174]",0,NA,0,0,0,0,0,0,NA,NA
"N_sim[175]",0,NA,0,0,0,0,0,0,NA,NA
"N_sim[176]",0,NA,0,0,0,0,0,0,NA,NA
"N_sim[177]",0,NA,0,0,0,0,0,0,NA,NA
"N_sim[178]",0,NA,0,0,0,0,0,0,NA,NA
"N_sim[179]",0,NA,0,0,0,0,0,0,NA,NA
"N_sim[180]",0,NA,0,0,0,0,0,0,NA,NA
"N_sim[181]",0,NA,0,0,0,0,0,0,NA,NA
"N_sim[182]",0,NA,0,0,0,0,0,0,NA,NA
"N_sim[183]",0,NA,0,0,0,0,0,0,NA,NA
"N_sim[184]",0,NA,0,0,0,0,0,0,NA,NA
"N_sim[185]",0,NA,0,0,0,0,0,0,NA,NA
"N_sim[186]",0,NA,0,0,0,0,0,0,NA,NA
"N_sim[187]",0,NA,0,0,0,0,0,0,NA,NA
"N_sim[188]",0,NA,0,0,0,0,0,0,NA,NA
"N_sim[189]",0,NA,0,0,0,0,0,0,NA,NA
"N_sim[190]",0,NA,0,0,0,0,0,0,NA,NA
"N_sim[191]",0,NA,0,0,0,0,0,0,NA,NA
"N_sim[192]",0,NA,0,0,0,0,0,0,NA,NA
"N_sim[193]",0,NA,0,0,0,0,0,0,NA,NA
"N_sim[194]",0,NA,0,0,0,0,0,0,NA,NA
"N_sim[195]",0,NA,0,0,0,0,0,0,NA,NA
"N_sim[196]",0,NA,0,0,0,0,0,0,NA,NA
"N_sim[197]",0,NA,0,0,0,0,0,0,NA,NA
"N_sim[198]",0,NA,0,0,0,0,0,0,NA,NA
"N_sim[199]",0,NA,0,0,0,0,0,0,NA,NA
"N_sim[200]",0,NA,0,0,0,0,0,0,NA,NA
"N_sim[201]",0,NA,0,0,0,0,0,0,NA,NA
"N_sim[202]",0,NA,0,0,0,0,0,0,NA,NA
"N_sim[203]",0,NA,0,0,0,0,0,0,NA,NA
"N_sim[204]",0,NA,0,0,0,0,0,0,NA,NA
"N_sim[205]",0,NA,0,0,0,0,0,0,NA,NA
"N_sim[206]",0,NA,0,0,0,0,0,0,NA,NA
"N_sim[207]",0,NA,0,0,0,0,0,0,NA,NA
"N_sim[208]",0,NA,0,0,0,0,0,0,NA,NA
"N_sim[209]",0,NA,0,0,0,0,0,0,NA,NA
"N_sim[210]",0,NA,0,0,0,0,0,0,NA,NA
"N_sim[211]",0,NA,0,0,0,0,0,0,NA,NA
"N_sim[212]",0,NA,0,0,0,0,0,0,NA,NA
"N_sim[213]",0,NA,0,0,0,0,0,0,NA,NA
"N_sim[214]",0,NA,0,0,0,0,0,0,NA,NA
"N_sim[215]",0,NA,0,0,0,0,0,0,NA,NA
"N_sim[216]",0,NA,0,0,0,0,0,0,NA,NA
"N_sim[217]",0,NA,0,0,0,0,0,0,NA,NA
"N_sim[218]",0,NA,0,0,0,0,0,0,NA,NA
"N_sim[219]",0,NA,0,0,0,0,0,0,NA,NA
"N_sim[220]",0,NA,0,0,0,0,0,0,NA,NA
"N_sim[221]",0,NA,0,0,0,0,0,0,NA,NA
"N_sim[222]",0,NA,0,0,0,0,0,0,NA,NA
"N_sim[223]",0,NA,0,0,0,0,0,0,NA,NA
"N_sim[224]",0,NA,0,0,0,0,0,0,NA,NA
"N_sim[225]",0,NA,0,0,0,0,0,0,NA,NA
"N_sim[226]",0,NA,0,0,0,0,0,0,NA,NA
"N_sim[227]",0,NA,0,0,0,0,0,0,NA,NA
"N_sim[228]",0,NA,0,0,0,0,0,0,NA,NA
"N_sim[229]",0,NA,0,0,0,0,0,0,NA,NA
"N_sim[230]",0,NA,0,0,0,0,0,0,NA,NA
"N_sim[231]",0,NA,0,0,0,0,0,0,NA,NA
"N_sim[232]",0,NA,0,0,0,0,0,0,NA,NA
"N_sim[233]",0,NA,0,0,0,0,0,0,NA,NA
"N_sim[234]",0,NA,0,0,0,0,0,0,NA,NA
"N_sim[235]",0,NA,0,0,0,0,0,0,NA,NA
"N_sim[236]",0,NA,0,0,0,0,0,0,NA,NA
"N_sim[237]",0,NA,0,0,0,0,0,0,NA,NA
"N_sim[238]",0,NA,0,0,0,0,0,0,NA,NA
"N_sim[239]",0,NA,0,0,0,0,0,0,NA,NA
"N_sim[240]",0,NA,0,0,0,0,0,0,NA,NA
"N_sim[241]",0,NA,0,0,0,0,0,0,NA,NA
"N_sim[242]",0,NA,0,0,0,0,0,0,NA,NA
"N_sim[243]",0,NA,0,0,0,0,0,0,NA,NA
"N_sim[244]",0,NA,0,0,0,0,0,0,NA,NA
"N_sim[245]",0,NA,0,0,0,0,0,0,NA,NA
"N_sim[246]",0,NA,0,0,0,0,0,0,NA,NA
"N_sim[247]",0,NA,0,0,0,0,0,0,NA,NA
"N_sim[248]",0,NA,0,0,0,0,0,0,NA,NA
"N_sim[249]",0,NA,0,0,0,0,0,0,NA,NA
"N_sim[250]",0,NA,0,0,0,0,0,0,NA,NA
"N_sim[251]",0,NA,0,0,0,0,0,0,NA,NA
"N_sim[252]",0,NA,0,0,0,0,0,0,NA,NA
"N_sim[253]",0,NA,0,0,0,0,0,0,NA,NA
"N_sim[254]",0,NA,0,0,0,0,0,0,NA,NA
"N_sim[255]",0,NA,0,0,0,0,0,0,NA,NA
"N_sim[256]",0,NA,0,0,0,0,0,0,NA,NA
"N_sim[257]",0,NA,0,0,0,0,0,0,NA,NA
"N_sim[258]",0,NA,0,0,0,0,0,0,NA,NA
"N_sim[259]",0,NA,0,0,0,0,0,0,NA,NA
"N_sim[260]",0,NA,0,0,0,0,0,0,NA,NA
"N_sim[261]",0,NA,0,0,0,0,0,0,NA,NA
"N_sim[262]",0,NA,0,0,0,0,0,0,NA,NA
"N_sim[263]",0,NA,0,0,0,0,0,0,NA,NA
"N_sim[264]",0,NA,0,0,0,0,0,0,NA,NA
"N_sim[265]",0,NA,0,0,0,0,0,0,NA,NA
"N_sim[266]",0,NA,0,0,0,0,0,0,NA,NA
"N_sim[267]",0,NA,0,0,0,0,0,0,NA,NA
"N_sim[268]",0,NA,0,0,0,0,0,0,NA,NA
"N_sim[269]",0,NA,0,0,0,0,0,0,NA,NA
"N_sim[270]",0,NA,0,0,0,0,0,0,NA,NA
"N_sim[271]",0,NA,0,0,0,0,0,0,NA,NA
"N_sim[272]",0,NA,0,0,0,0,0,0,NA,NA
"N_sim[273]",0,NA,0,0,0,0,0,0,NA,NA
"N_sim[274]",0,NA,0,0,0,0,0,0,NA,NA
"N_sim[275]",0,NA,0,0,0,0,0,0,NA,NA
"N_sim[276]",0,NA,0,0,0,0,0,0,NA,NA
"N_sim[277]",0,NA,0,0,0,0,0,0,NA,NA
"N_sim[278]",0,NA,0,0,0,0,0,0,NA,NA
"N_sim[279]",0,NA,0,0,0,0,0,0,NA,NA
"N_sim[280]",0,NA,0,0,0,0,0,0,NA,NA
"N_sim[281]",0,NA,0,0,0,0,0,0,NA,NA
"N_sim[282]",0,NA,0,0,0,0,0,0,NA,NA
"N_sim[283]",0,NA,0,0,0,0,0,0,NA,NA
"N_sim[284]",0,NA,0,0,0,0,0,0,NA,NA
"N_sim[285]",0,NA,0,0,0,0,0,0,NA,NA
"N_sim[286]",0,NA,0,0,0,0,0,0,NA,NA
"N_sim[287]",0,NA,0,0,0,0,0,0,NA,NA
"N_sim[288]",0,NA,0,0,0,0,0,0,NA,NA
"N_sim[289]",0,NA,0,0,0,0,0,0,NA,NA
"N_sim[290]",0,NA,0,0,0,0,0,0,NA,NA
"N_sim[291]",0,NA,0,0,0,0,0,0,NA,NA
"N_sim[292]",0,NA,0,0,0,0,0,0,NA,NA
"N_sim[293]",0,NA,0,0,0,0,0,0,NA,NA
"N_sim[294]",0,NA,0,0,0,0,0,0,NA,NA
"N_sim[295]",0,NA,0,0,0,0,0,0,NA,NA
"N_sim[296]",0,NA,0,0,0,0,0,0,NA,NA
"N_sim[297]",0,NA,0,0,0,0,0,0,NA,NA
"N_sim[298]",0,NA,0,0,0,0,0,0,NA,NA
"N_sim[299]",0,NA,0,0,0,0,0,0,NA,NA
"N_sim[300]",0,NA,0,0,0,0,0,0,NA,NA
"N_sim[301]",0,NA,0,0,0,0,0,0,NA,NA
"N_sim[302]",0,NA,0,0,0,0,0,0,NA,NA
"N_sim[303]",0,NA,0,0,0,0,0,0,NA,NA
"N_sim[304]",0,NA,0,0,0,0,0,0,NA,NA
"N_sim[305]",0,NA,0,0,0,0,0,0,NA,NA
"N_sim[306]",0,NA,0,0,0,0,0,0,NA,NA
"N_sim[307]",0,NA,0,0,0,0,0,0,NA,NA
"N_sim[308]",0,NA,0,0,0,0,0,0,NA,NA
"N_sim[309]",0,NA,0,0,0,0,0,0,NA,NA
"N_sim[310]",0,NA,0,0,0,0,0,0,NA,NA
"N_sim[311]",0,NA,0,0,0,0,0,0,NA,NA
"N_sim[312]",0,NA,0,0,0,0,0,0,NA,NA
"N_sim[313]",0,NA,0,0,0,0,0,0,NA,NA
"N_sim[314]",0,NA,0,0,0,0,0,0,NA,NA
"N_sim[315]",0,NA,0,0,0,0,0,0,NA,NA
"N_sim[316]",0,NA,0,0,0,0,0,0,NA,NA
"N_sim[317]",0,NA,0,0,0,0,0,0,NA,NA
"N_sim[318]",0,NA,0,0,0,0,0,0,NA,NA
"N_sim[319]",0,NA,0,0,0,0,0,0,NA,NA
"N_sim[320]",0,NA,0,0,0,0,0,0,NA,NA
"N_sim[321]",0,NA,0,0,0,0,0,0,NA,NA
"N_sim[322]",0,NA,0,0,0,0,0,0,NA,NA
"N_sim[323]",0,NA,0,0,0,0,0,0,NA,NA
"N_sim[324]",0,NA,0,0,0,0,0,0,NA,NA
"N_sim[325]",0,NA,0,0,0,0,0,0,NA,NA
"N_sim[326]",0,NA,0,0,0,0,0,0,NA,NA
"N_sim[327]",0,NA,0,0,0,0,0,0,NA,NA
"N_sim[328]",0,NA,0,0,0,0,0,0,NA,NA
"N_sim[329]",0,NA,0,0,0,0,0,0,NA,NA
"N_sim[330]",0,NA,0,0,0,0,0,0,NA,NA
"N_sim[331]",0,NA,0,0,0,0,0,0,NA,NA
"N_sim[332]",0,NA,0,0,0,0,0,0,NA,NA
"N_sim[333]",0,NA,0,0,0,0,0,0,NA,NA
"N_sim[334]",0,NA,0,0,0,0,0,0,NA,NA
"N_sim[335]",0,NA,0,0,0,0,0,0,NA,NA
"N_sim[336]",0,NA,0,0,0,0,0,0,NA,NA
"N_sim[337]",0,NA,0,0,0,0,0,0,NA,NA
"N_sim[338]",0,NA,0,0,0,0,0,0,NA,NA
"N_sim[339]",0,NA,0,0,0,0,0,0,NA,NA
"N_sim[340]",0,NA,0,0,0,0,0,0,NA,NA
"N_sim[341]",0,NA,0,0,0,0,0,0,NA,NA
"N_sim[342]",0,NA,0,0,0,0,0,0,NA,NA
"N_sim[343]",0,NA,0,0,0,0,0,0,NA,NA
"N_sim[344]",0,NA,0,0,0,0,0,0,NA,NA
"N_sim[345]",0,NA,0,0,0,0,0,0,NA,NA
"N_sim[346]",0,NA,0,0,0,0,0,0,NA,NA
"N_sim[347]",0,NA,0,0,0,0,0,0,NA,NA
"N_sim[348]",0,NA,0,0,0,0,0,0,NA,NA
"N_sim[349]",0,NA,0,0,0,0,0,0,NA,NA
"N_sim[350]",0,NA,0,0,0,0,0,0,NA,NA
"N_sim[351]",0,NA,0,0,0,0,0,0,NA,NA
"N_sim[352]",0,NA,0,0,0,0,0,0,NA,NA
"N_sim[353]",0,NA,0,0,0,0,0,0,NA,NA
"N_sim[354]",0,NA,0,0,0,0,0,0,NA,NA
"N_sim[355]",0,NA,0,0,0,0,0,0,NA,NA
"N_sim[356]",0,NA,0,0,0,0,0,0,NA,NA
"N_sim[357]",0,NA,0,0,0,0,0,0,NA,NA
"N_sim[358]",0,NA,0,0,0,0,0,0,NA,NA
"N_sim[359]",0,NA,0,0,0,0,0,0,NA,NA
"N_sim[360]",0,NA,0,0,0,0,0,0,NA,NA
"N_sim[361]",0,NA,0,0,0,0,0,0,NA,NA
"N_sim[362]",0,NA,0,0,0,0,0,0,NA,NA
"N_sim[363]",0,NA,0,0,0,0,0,0,NA,NA
"N_sim[364]",0,NA,0,0,0,0,0,0,NA,NA
"N_sim[365]",0,NA,0,0,0,0,0,0,NA,NA
"N_sim[366]",0,NA,0,0,0,0,0,0,NA,NA
"N_sim[367]",0,NA,0,0,0,0,0,0,NA,NA
"N_sim[368]",0,NA,0,0,0,0,0,0,NA,NA
"N_sim[369]",0,NA,0,0,0,0,0,0,NA,NA
"N_sim[370]",0,NA,0,0,0,0,0,0,NA,NA
"N_sim[371]",0,NA,0,0,0,0,0,0,NA,NA
"N_sim[372]",0,NA,0,0,0,0,0,0,NA,NA
"N_sim[373]",0,NA,0,0,0,0,0,0,NA,NA
"N_sim[374]",0,NA,0,0,0,0,0,0,NA,NA
"N_sim[375]",0,NA,0,0,0,0,0,0,NA,NA
"N_sim[376]",0,NA,0,0,0,0,0,0,NA,NA
"N_sim[377]",0,NA,0,0,0,0,0,0,NA,NA
"N_sim[378]",0,NA,0,0,0,0,0,0,NA,NA
"N_sim[379]",0,NA,0,0,0,0,0,0,NA,NA
"N_sim[380]",0,NA,0,0,0,0,0,0,NA,NA
"N_sim[381]",0,NA,0,0,0,0,0,0,NA,NA
"N_sim[382]",0,NA,0,0,0,0,0,0,NA,NA
"N_sim[383]",0,NA,0,0,0,0,0,0,NA,NA
"N_sim[384]",0,NA,0,0,0,0,0,0,NA,NA
"N_sim[385]",0,NA,0,0,0,0,0,0,NA,NA
"N_sim[386]",0,NA,0,0,0,0,0,0,NA,NA
"N_sim[387]",0,NA,0,0,0,0,0,0,NA,NA
"N_sim[388]",0,NA,0,0,0,0,0,0,NA,NA
"N_sim[389]",0,NA,0,0,0,0,0,0,NA,NA
"N_sim[390]",0,NA,0,0,0,0,0,0,NA,NA
"N_sim[391]",0,NA,0,0,0,0,0,0,NA,NA
"N_sim[392]",0,NA,0,0,0,0,0,0,NA,NA
"N_sim[393]",0,NA,0,0,0,0,0,0,NA,NA
"N_sim[394]",0,NA,0,0,0,0,0,0,NA,NA
"N_sim[395]",0,NA,0,0,0,0,0,0,NA,NA
"N_all[1,1]",165.640834611386,4.07087754781065,65.1196969981707,80.919009360232,118.139413437395,151.134412374833,199.50560553962,336.025264122054,255.88726018117,1.0219840158318
"N_all[1,2]",957.611226934012,16.6790126181757,715.398771917961,220.275868628912,512.018627306758,784.921425621268,1175.54016830943,2732.9609622644,1839.73684457516,1.0004312617283
"N_all[1,3]",42.6528292473791,0.882068194095069,33.7526802674715,5.21615186799368,19.7887345602365,34.3233903094747,56.9491126062887,125.421040234805,1464.23979541064,1.00145657917681
"N_all[1,4]",1329.51185666365,24.4778759344719,1076.15566737507,246.973294726074,693.383202213413,1074.36124965793,1641.4273158618,3965.57027489605,1932.87040225496,1.00134348417965
"N_all[1,5]",426.590471290662,6.73898142954999,143.654317673565,222.236693420051,322.739726927857,398.04454783701,505.135255250604,775.967389415012,454.41101286053,1.01108709449235
"N_all[1,6]",1568.79312141167,26.0968661260867,562.955733751738,769.787430586864,1165.65668519203,1471.12801909368,1876.29993583138,2937.19798512827,465.341492314235,1.0119158883955
"N_all[1,7]",445.770630706963,7.65372209438686,343.315945956172,86.3650518999037,232.590096028646,369.259798258303,557.856322955561,1264.99797348883,2012.06762453366,1.00159956133192
"N_all[1,8]",130.139904185628,2.07721208287891,43.0458913827817,67.2790797695121,98.9342779921442,122.802335951121,153.600716234106,231.45127004573,429.439245050915,1.01117480763868
"N_all[1,9]",645.162459970848,15.1658425747182,621.16470859528,108.56532274265,304.02102027891,482.897763155539,771.409647063008,2244.59130799055,1677.56926035758,1.00198141441774
"N_all[1,10]",327.869684332903,2.61044802728035,146.222016048402,126.588221872232,227.865394216518,300.687041211938,399.395599021145,698.611269364792,3137.58451446865,1.00022774491154
"N_all[1,11]",1628.04504234414,18.2164599188385,524.045379574733,874.599061503017,1260.67359317876,1537.65925027293,1889.94699017853,2902.81877197378,827.579696514786,1.00573949979494
"N_all[1,12]",1233.86546623775,12.3599600076302,367.323982479299,683.728181571186,980.438068457365,1182.77540778411,1421.79314115044,2139.66392006269,883.21093499899,1.00592290150331
"N_all[1,13]",59.8154343640015,0.624764214522811,31.1860721514229,20.5275904219892,38.7004065414717,52.8992213568024,72.4491755962613,140.620955893267,2491.66164415373,1.00127859895081
"N_all[1,14]",121.711665802078,1.13638957337403,60.2885563286377,44.5247200394185,80.6869256241051,109.137129654948,147.510250306483,276.035304926314,2814.59095761561,0.999353630815606
"N_all[1,15]",267.453982264871,2.70159116862419,77.207988570917,151.865131317481,211.074232109552,255.33190668955,309.881772274277,450.957450712244,816.742623463164,1.00677255982472
"N_all[1,16]",264.08327026115,4.13865466319807,96.0669093214103,128.294254985373,194.899318394206,246.569238997031,313.757143014294,494.946909337731,538.802073392148,1.00829261636441
"N_all[1,17]",6206.07188918558,100.402371218064,1994.05329574559,3291.22147569161,4731.4046142557,5886.60338528799,7301.42274854019,11059.6318938842,394.444208540232,1.01020587699011
"N_all[1,18]",660.78004508156,3.79405803968553,185.050613718379,378.19231822392,531.044237391381,635.602421055307,763.074186081268,1086.23995357504,2378.88319883888,0.999703470889185
"N_all[2,1]",262.464184638144,0.917057826946268,61.0872565286508,161.346561747125,219.305495799452,256.800356321362,298.051351836198,393.17338495397,4437.18768007261,0.99988468768504
"N_all[2,2]",1029.95628009002,16.4885579240262,698.16198791564,286.342498144507,598.265798901929,868.385507150438,1256.78275093419,2803.4576350959,1792.86277695571,1.0011377292768
"N_all[2,3]",46.0247397268698,0.855290989618845,27.8020966343777,9.59378867418247,25.8611824857829,40.1704530425963,60.2585968163095,114.556864223208,1056.64062325226,1.00163138873793
"N_all[2,4]",1540.86841051087,23.5993463343626,1104.23596396908,376.846096241612,866.025774170065,1266.82773631819,1875.00397018009,4449.2238508686,2189.39351584493,1.00181639054297
"N_all[2,5]",626.360806228462,2.2726370067462,151.54369238831,384.213927510529,519.841751167644,609.428961677691,711.542818643531,969.320204052562,4446.47219437923,0.999273386567694
"N_all[2,6]",2374.30185865578,11.3194122294473,624.257272445707,1361.11825164178,1932.79037624103,2298.85869483935,2724.66122050399,3781.52519634336,3041.44150565201,0.999855374881106
"N_all[2,7]",486.776411521214,8.35237627523282,358.116108400367,115.545707836581,273.682801723793,412.033896589899,593.849650640823,1339.88307676609,1838.34750772088,1.00176308780435
"N_all[2,8]",169.405999314328,0.836967779091691,40.9542196436311,103.545066817054,141.669582961531,164.311841813749,192.649898406825,263.115760233191,2394.30698158979,1.00113560076769
"N_all[2,9]",760.238190258614,19.9377846057784,765.094948903088,143.005444876015,357.917945360856,571.896640222983,890.415726820541,2457.57866340081,1472.57312390948,1.00232041513078
"N_all[2,10]",343.390681519639,2.3526274997267,134.328053042708,150.004458134794,253.226765157731,319.911505031677,406.784379553172,673.68139264001,3260.07132564613,1.00041596763308
"N_all[2,11]",2089.13173610282,7.72702415683757,533.774706195378,1231.49214807293,1708.43068833509,2025.08461087758,2392.03788976728,3328.4730319693,4771.90116890133,0.999561827721768
"N_all[2,12]",1521.86946561204,5.78991430262991,371.679668589496,916.037491826614,1265.89802521822,1478.53882819646,1731.5187179863,2353.95867566821,4120.91198584939,1.0012188916324
"N_all[2,13]",71.7346941481202,0.875715560127648,33.7923991029182,27.713581184634,48.5353226350414,64.6050349817393,86.4473765603031,153.682330697088,1489.05904320681,1.00290616317368
"N_all[2,14]",157.280136691582,2.4540350672194,77.5289031865545,59.2950954156725,103.976961047285,140.950623850669,190.798869852686,349.148340813841,998.080915157316,1.00188798643439
"N_all[2,15]",358.227474366839,1.34689388163322,80.4746034372334,221.712411830176,302.092006445975,350.66768854033,404.594844941329,540.792640671908,3569.85790934686,1.00046685644524
"N_all[2,16]",364.423308581302,1.39041039269898,95.3367414126702,213.840591270995,298.467063181812,352.990989796814,415.809244368851,592.844321680753,4701.48004336155,1.00018781046599
"N_all[2,17]",9283.08238259477,38.0461246903938,2054.63852073303,5895.89900885603,7822.77951692883,9065.01493771744,10450.7644709796,14001.355171614,2916.41953336879,1.00195679271758
"N_all[2,18]",781.840909840674,3.1455875771432,182.876569779317,488.053248102198,651.932416067046,759.984303667412,888.119196894188,1186.12591778903,3379.96787173096,0.999707268861893
"N_all[3,1]",383.270262470154,5.5227929989264,104.221669931915,221.729234751456,307.206648132117,368.662609010316,445.216135706787,617.927986227653,356.121770455589,1.01494987680386
"N_all[3,2]",1101.80339797815,16.8784140260755,722.735944912954,321.020458902143,667.923750331229,941.246639650528,1330.50599829986,2891.34553683902,1833.56384842389,1.00308529216982
"N_all[3,3]",46.2520596146639,0.865639439289594,23.9395970927728,16.8763742039547,28.5141170945086,40.5276533012985,58.1335312127856,109.153310368827,764.820647158424,1.00293206652776
"N_all[3,4]",1749.77090298355,26.9106355346434,1221.25427449673,459.114873660688,1022.47731633387,1447.44466115935,2114.34220006016,4812.1125994772,2059.51180100564,1.00125327893619
"N_all[3,5]",872.766487387578,10.5581273300948,234.631977364327,498.349649998729,705.165426235272,845.188906635388,1008.17441534878,1405.63229755105,493.85631417669,1.01409509391236
"N_all[3,6]",2874.26248913263,20.8444410374952,797.505650259346,1633.93370552487,2299.84043541214,2772.577349801,3304.57096035931,4683.06938937954,1463.81782106997,1.00341620195275
"N_all[3,7]",517.539301946054,6.48180728507093,326.16550291627,141.813357619993,309.588105396244,444.499911715214,631.830908371585,1394.1106685235,2532.11731064148,1.00060317691575
"N_all[3,8]",213.9357140739,1.02501066000749,53.4068067602094,129.356231172601,176.80719793793,207.91071081823,242.682639875647,339.47140771352,2714.79136860098,1.00068839420732
"N_all[3,9]",867.831196565165,25.0470779305075,804.994006865183,168.426322956238,401.754521596377,634.545997730046,1026.79497383724,2986.35704783788,1032.93063988468,1.00371344055488
"N_all[3,10]",370.487001368151,3.13653048424645,148.358120624172,143.083266829984,269.990071777398,347.479738142411,442.836673454283,720.302225477696,2237.29689834324,1.0028203444076
"N_all[3,11]",2696.59227703861,24.7010006609398,780.854844905513,1498.76360579792,2129.63135376108,2600.07503195083,3126.55465995478,4553.69426234099,999.335979913785,1.00447990573726
"N_all[3,12]",2050.14373584171,28.3480640591296,623.94827707659,1097.62570149258,1596.0681264721,1968.37447676798,2410.40478280465,3486.66668089766,484.451571104815,1.01254395656629
"N_all[3,13]",80.9893724010138,1.82851958628036,42.2338420088917,30.1196660772876,52.5333947047935,70.6285452469588,98.0386614936811,188.265937848138,533.484675336095,1.00857610457549
"N_all[3,14]",179.82911652207,3.70696589112265,96.7733915077086,63.9183946448593,112.697262813506,157.972601081137,222.349594236462,413.299696389977,681.513939394076,1.00406896074188
"N_all[3,15]",453.614706419781,5.8877612002586,117.767178307617,261.949991279242,367.931655923485,440.081781532432,522.818792696133,724.630516094811,400.081218709989,1.00980677270357
"N_all[3,16]",459.924139477051,3.73256368594757,127.1935681074,264.523843025509,370.332031673329,439.996911654607,530.722378625161,759.005380630178,1161.22358543942,1.00151605228838
"N_all[3,17]",10629.5361446279,45.89841133861,2394.89433719409,6712.07759564469,8937.19840529934,10380.7573403131,12046.2879988479,16034.5574966642,2722.55966847852,1.00167064320806
"N_all[3,18]",901.417392404628,7.30374287198279,226.783602693995,553.310130085335,738.900602786886,875.011844276128,1026.03243653344,1425.61268168414,964.122791459862,1.0038166691606
"N_all[4,1]",363.140043682279,1.71451804045082,80.6280575039575,234.583638976204,304.818825347014,355.001373415733,410.212878831196,545.593153534524,2211.50678102628,1.00138951443742
"N_all[4,2]",1038.9493275421,10.2658092355884,504.091658965471,369.600549810944,706.822746815405,938.294913743057,1254.7809446814,2260.02765222715,2411.19671506661,1.00103102565763
"N_all[4,3]",87.9215356250539,0.423707530862655,27.1110516355886,46.4092066802814,69.3345834807714,84.1945612891184,102.302523460963,151.30782903309,4094.11806068947,0.999315250720753
"N_all[4,4]",1681.14444864854,17.5528061573215,893.310681471527,594.488438507059,1104.90073657772,1496.07908796236,2026.33142952804,3887.78860890808,2590.07261670652,1.00016891237411
"N_all[4,5]",885.578710197472,7.02092600754551,223.758054509084,513.451180761042,730.774934810914,861.638562682895,1010.5204934172,1390.44955921555,1015.70727364704,1.00470348513152
"N_all[4,6]",2956.81156068205,24.4404659786533,792.427282377294,1697.63155959022,2390.75460887092,2866.20589719237,3398.16612999327,4826.98241209467,1051.2351528679,1.00386014788775
"N_all[4,7]",494.67336845862,5.29753230691888,259.147558093428,168.684351746525,325.419554154809,446.407929178209,604.850987687284,1123.97321466124,2393.02377801988,1.0011966087964
"N_all[4,8]",227.095939341074,0.895321433146903,51.068598575045,144.646094667849,191.20853524341,221.53403267576,256.756964098575,344.554793299699,3253.49330796184,1.00125019300836
"N_all[4,9]",847.735450402998,21.8820623746141,766.977112370775,170.708978498509,421.298344892442,642.425216177915,1013.66844432881,2806.81611856846,1228.53718218835,1.00465939214336
"N_all[4,10]",526.912035504677,8.26761532261411,236.616395498183,236.312163849408,372.033620110516,475.461407485939,620.275504509261,1156.8441876404,819.085325904138,1.00143952847877
"N_all[4,11]",2755.84104752684,20.9989313610956,992.312494058996,1350.84811684933,2085.99024975326,2566.95178453199,3235.78801519215,5199.34240992092,2233.07099743831,1.00127933234681
"N_all[4,12]",1839.78984336966,16.0907154757688,625.839451018128,942.363883040391,1403.91662665363,1733.126242844,2155.52806289208,3369.70206582163,1512.7778660479,1.00446392054521
"N_all[4,13]",74.7337991082729,1.65044611745045,36.4052580683671,29.6165415152413,50.7030479872059,66.7357641017305,88.8817138216082,169.132702142228,486.547815807759,1.00696840716311
"N_all[4,14]",161.296994960373,3.40350701112993,87.7165467042028,62.5205271031582,103.057328797968,140.450167242614,194.984891048045,376.524548515459,664.216641295892,1.00345568860995
"N_all[4,15]",371.169051468151,1.55303196242746,80.7132699104837,237.891928740461,314.434725725015,364.07069783538,420.621911101648,541.312552123862,2701.02806296551,1.0002483001557
"N_all[4,16]",434.346607517192,1.69878440089221,106.019734087161,259.579931704127,361.712343625574,420.503824570437,496.434083830599,672.8370436893,3894.90520681138,1.00031528407177
"N_all[4,17]",11567.9999581623,48.4326600288002,2519.98169208758,7467.72986436909,9778.93573554456,11263.1985420955,13038.7072586439,17266.2025174929,2707.18619652888,1.00142529164147
"N_all[4,18]",772.957088084608,4.18447725922073,179.799861655753,475.200346525434,642.725798924264,753.408980493981,880.358312458267,1177.53540610791,1846.27454691202,1.00283502347604
"N_all[5,1]",334.824689332886,1.31545238365097,74.7573776798427,216.009177861062,283.276087302233,325.00515162477,375.290619474751,507.148583528544,3229.66779798985,1.00003548403238
"N_all[5,2]",958.301777879593,6.58010718616286,382.402997053364,396.97016514137,697.368345945122,895.083817416212,1149.49833603461,1873.21152108648,3377.35442489651,1.00000782025959
"N_all[5,3]",117.905340351806,0.540808746404874,34.3531724930984,63.2449390316821,94.2032184701456,113.466612705983,137.513922809934,197.65110039954,4035.02552732683,0.999885195177834
"N_all[5,4]",1537.11744634034,9.6088168656589,565.949984180216,723.618282196732,1148.35956654089,1436.44378065215,1815.63171649982,2887.91394249238,3469.09562883931,1.00027567253984
"N_all[5,5]",857.261168627622,5.42290880901935,212.56262833659,514.775387562588,704.527003997335,830.807175810111,977.027180377664,1353.78462523066,1536.41741110518,1.00468424182701
"N_all[5,6]",2251.34747858173,14.379558290566,574.553608887764,1296.88379707914,1856.03911742752,2187.88470237842,2582.41278187775,3470.57234074458,1596.50404220365,1.00130897617263
"N_all[5,7]",460.31678564471,3.82298841952359,196.406079619214,175.016521340272,321.510676513394,429.904354837975,563.204812858386,931.001062739631,2639.39195718469,1.0004262119299
"N_all[5,8]",227.485080276637,0.828430928039738,50.9212930823712,142.567427414778,191.08966707905,221.86563230716,257.262951468233,340.539845231397,3778.21126573823,1.000379962901
"N_all[5,9]",804.382632704356,18.8590153799244,688.313573657614,183.383780457598,415.047758175299,621.968648375223,967.716100186314,2559.30589727183,1332.09328365921,1.00506725993125
"N_all[5,10]",524.82811458369,7.34233305180127,219.694758601286,239.155259634842,376.872459072544,479.190430058882,620.131568082086,1085.69287604687,895.305455301042,1.00204743683121
"N_all[5,11]",2635.41603539512,18.8320709604454,992.224254255365,1225.58684532968,1960.6581437295,2454.03594135115,3093.89199277933,5077.95325133028,2776.02590071031,0.999480193058147
"N_all[5,12]",1626.42551672873,10.37201855123,569.91682915925,812.607320942392,1230.5651267516,1533.02612802281,1911.18599947043,3056.9596147939,3019.23135671017,1.00051610487497
"N_all[5,13]",62.7241404937911,0.513609536991919,25.4466523783937,26.8758262927408,44.9028241766294,58.3467023184215,75.1165134912514,124.733283880638,2454.68153304132,1.00063809608968
"N_all[5,14]",114.810300422696,0.857010375763859,45.8725074508665,52.2729114490697,83.7150848932454,106.354798667505,135.88339853199,227.569104614637,2865.05392101108,1.00077886079142
"N_all[5,15]",362.883715128599,1.21095725469599,75.8613445386824,231.739488117381,309.263564676252,356.534075109741,410.836406566368,526.935219658025,3924.49196927342,0.999874180039093
"N_all[5,16]",379.972909501809,3.93678028855096,102.757557536531,209.367562057628,308.591475225745,370.36326025595,441.367372389035,607.411680959868,681.310670418792,1.00445833601291
"N_all[5,17]",10743.4798276619,62.3518848758917,2392.79291533369,6795.499462517,9048.41440854732,10506.3765058528,12121.4106800502,16133.7377482702,1472.68904133187,1.00313640756582
"N_all[5,18]",855.059507746602,3.42516451348383,190.443538912112,543.207688215528,718.295736684624,836.812185061472,968.342041086877,1284.43195445693,3091.5025893121,0.999545548844239
"N_all[6,1]",371.752501489357,1.80995358416939,83.343994723368,235.328578643376,312.9475895919,363.383267799783,419.837995769163,563.814497019957,2120.38024767932,1.00095761233642
"N_all[6,2]",920.897264311387,4.51326098963234,266.749315870856,503.122999900734,730.40282630192,884.489757085483,1070.90600526,1543.64560803578,3493.21834230626,1.00069074847292
"N_all[6,3]",168.747551467752,1.21878334840398,52.5663061247026,86.7326681726058,131.49537906207,161.548200402137,198.398785445963,293.297440574628,1860.20966141337,1.00253708896005
"N_all[6,4]",1744.38323270042,12.0322930332304,580.843806376669,859.960738579812,1328.18092845634,1655.39058888639,2066.08447275807,3111.88200190701,2330.35414118307,1.0002003630033
"N_all[6,5]",747.389634188024,2.92346336104308,173.080046920045,463.094335595993,626.946535700156,728.07697800035,846.692257519326,1135.64634756398,3505.08615902084,1.00002423552593
"N_all[6,6]",2667.80384704295,14.1041986875355,651.276046338689,1632.45146101122,2204.11133598119,2596.17605224322,3052.66923117109,4157.2993202731,2132.2266934908,1.0021327176263
"N_all[6,7]",452.817235718364,2.59213186160545,142.305071071221,231.830128914311,350.128786329255,434.705344825698,532.252604442824,776.604113943558,3013.88427438357,1.00114210467736
"N_all[6,8]",259.710594252362,1.40679117202064,60.997862990459,162.747495471039,216.022733507974,252.661482705033,294.345611338457,405.342250967285,1880.05247651909,1.00214805823558
"N_all[6,9]",814.756556384073,18.8401160801775,653.579603910488,202.31452954996,437.69815060198,636.889153370702,972.543345023158,2585.83694115677,1203.45493742904,1.00595234333887
"N_all[6,10]",513.576660787415,5.33639200673682,211.279498942246,235.646437486924,369.354556941284,471.584866694997,609.136985736414,1044.27896802743,1567.54229094446,1.0004604254006
"N_all[6,11]",2898.50772778451,24.9785058239685,1140.35720425816,1385.94340930447,2124.44485943983,2677.75467016449,3416.31058983346,5732.90549099569,2084.24567608888,1.00210037016731
"N_all[6,12]",1545.89695043843,9.00303949123701,504.632305301305,794.974623269988,1200.23027517896,1465.76584426559,1807.81171823135,2737.33707515525,3141.75119351397,1.00073778179974
"N_all[6,13]",54.4198729390456,0.433488623716856,21.9501801577342,22.0988170112966,39.0412418093626,50.9486907931893,65.5716137031854,108.363073033864,2564.01622546614,1.00131531553827
"N_all[6,14]",110.816704279201,1.20120049804961,45.4194428589287,49.660298036266,79.0865635685397,101.561320929943,133.058380946002,225.865473219221,1429.72528562586,1.00337969108891
"N_all[6,15]",410.821158286279,2.91029245153965,89.7588329371352,261.604679522353,346.523791287548,401.330635242252,465.287687149313,609.529998011978,951.220340715758,1.00280871425472
"N_all[6,16]",502.346882198518,2.28633473276982,122.244376926906,308.293958242486,417.85797061509,485.50856039538,569.129707724252,797.483782346996,2858.76301411231,1.00156325996923
"N_all[6,17]",14129.5167252281,150.019376464438,3460.1735657837,8560.39491979822,11621.5852204386,13784.1316978464,16161.6302143134,21798.8583510616,531.987044320068,1.00893149125601
"N_all[6,18]",984.336615460003,6.33231114218649,227.242927935342,608.054863801886,823.285336493633,956.040405120962,1121.59439848618,1503.8779164959,1287.82324745888,1.00387365908713
"N_all[7,1]",387.341743436468,2.09498810839433,88.9120224859387,246.047507337505,323.033856084945,378.973027240457,439.998278031209,586.423429513834,1801.1830617785,1.0026406117274
"N_all[7,2]",896.019609984346,4.7021766076327,234.619346650351,517.155532484264,730.131494375351,869.521500108254,1030.73765916838,1425.52618269685,2489.60110959451,1.00204898790012
"N_all[7,3]",212.838152245723,2.10338701679501,76.4310411989491,97.7422906652467,158.289280001249,201.765686735424,254.081983687365,390.028363599487,1320.3867999795,1.00108064335799
"N_all[7,4]",1612.69558312165,8.71609947476209,522.997933157528,851.609039097408,1244.51174877108,1528.60787157103,1886.39124850902,2873.63440960473,3600.44009110405,0.999645047645813
"N_all[7,5]",776.989135681218,4.17278748892496,184.959845696803,476.532562468686,647.923181785718,752.052762197479,883.77611472088,1205.4325599356,1964.72772496081,1.00292538422608
"N_all[7,6]",2740.65263036677,17.2469238068771,696.398460767559,1645.36984737824,2249.79542008549,2648.71688364173,3135.43848453004,4338.79908860982,1630.39305075503,1.0020233952342
"N_all[7,7]",517.570860913475,2.35792759646883,145.345709829309,286.736615327108,415.731457878163,499.48671361285,601.74352540051,845.393679539411,3799.64921093871,1.00012008827229
"N_all[7,8]",254.112285630183,1.11808543046095,59.5721765295171,159.986504372727,212.160161263997,247.085704331897,286.850296243287,395.401669681047,2838.81413457289,0.999546298319895
"N_all[7,9]",767.233424312279,15.1134916791028,553.246349605094,215.460642957919,438.347254626338,616.363431830369,922.443186376395,2188.84473706322,1340.00831007387,1.00476537321449
"N_all[7,10]",474.07402028539,3.95903460431436,184.450399270986,220.673418887436,349.021415243065,433.664994792753,562.055084025453,936.83040878403,2170.60402401457,0.999609194687245
"N_all[7,11]",2912.491246738,26.5066163963091,1087.43978083794,1453.47117095359,2184.14234762272,2710.58751444738,3395.58237499943,5478.81729705853,1683.06871233893,1.0025599301925
"N_all[7,12]",1382.61135717926,6.36412106223665,349.034187116888,823.201305854795,1132.6024936998,1342.83892315653,1588.3298957539,2194.94078445916,3007.87005090046,1.00074586253317
"N_all[7,13]",49.9385107959963,0.534724264778094,20.3401593685815,18.3099760679661,36.42988135932,47.0605448910591,60.3483886113229,96.7229513060373,1446.93465608123,1.0029360163169
"N_all[7,14]",85.4122298891585,0.782050406249602,33.5352466305334,37.6276061051936,62.3248316009202,80.1130805649967,101.638022020618,167.044012073819,1838.79586040556,0.999892647524719
"N_all[7,15]",399.802698860861,2.59220006140819,89.4663979969807,255.266586664405,336.736469321236,388.881063461621,451.15558040907,606.559830642592,1191.19502801041,1.00271374529064
"N_all[7,16]",505.283239598914,2.22229525008455,124.153264460257,306.183045744042,418.075500006916,491.901951616646,572.117601808729,785.598519681761,3121.13655760962,0.999526074813122
"N_all[7,17]",14239.6006720961,124.56430980613,3392.08972087844,8708.4355156373,11803.2924875425,13907.9695380557,16232.0760873609,21796.8817563416,741.561902016918,1.00605884192437
"N_all[7,18]",932.234402157771,4.62250609440403,216.937860432751,591.768129080438,779.058560984503,907.046461350354,1059.04848073766,1433.02302255689,2202.49900215539,1.00204219399039
"N_all[8,1]",398.137889654001,3.1602453981965,94.0244890513058,242.485445911263,329.081545861083,390.426587049685,454.892501612042,608.50338883717,885.197846901096,1.00510980844156
"N_all[8,2]",1079.72479496487,6.06320242597881,284.66283395523,635.806954895878,886.085121582418,1042.93218843947,1235.13997503772,1732.38203820971,2204.23250078393,1.00148485449123
"N_all[8,3]",215.194135098856,2.20165133959422,75.9572702801874,100.334439772256,160.806541061453,203.912450340783,258.278474966643,394.447536814663,1190.25937272362,1.00131441285793
"N_all[8,4]",1860.35076329561,22.4487811606926,661.484877651916,938.742261564398,1387.84069150467,1757.6656649865,2178.00121613039,3505.42768219825,868.269024187334,1.00234659870542
"N_all[8,5]",794.222752399785,7.58130831167074,197.030735036693,474.183156479964,652.759303147578,768.632300127348,911.397194839538,1256.5907583543,675.428897962466,1.0113809361798
"N_all[8,6]",2742.72172187425,25.8101195833973,717.012017173473,1613.68413703686,2234.45254772048,2639.89391913312,3171.6687067184,4352.6392823501,771.743242867784,1.00714706685078
"N_all[8,7]",491.978310897431,2.12820037370243,134.134521722086,278.689576149659,401.363826299192,474.488925727691,565.938515569439,802.560978929577,3972.42859899674,0.999312667090325
"N_all[8,8]",281.720310501393,1.88682192316457,67.6526177253991,172.639986011976,233.495635891731,272.360668197089,320.175370957509,435.860826868801,1285.6045001045,1.00246004846942
"N_all[8,9]",780.584930980743,17.3681532784201,510.16015446428,250.182304876688,463.827080361738,646.046344844636,940.133174636225,2083.59108652539,862.791354189336,1.00687911198972
"N_all[8,10]",445.95943689807,3.56099397104834,166.86167111846,216.731541470036,331.432845228902,417.792039472626,527.403498712094,854.269520361188,2195.6883656109,1.00018113265624
"N_all[8,11]",3189.38012965964,41.7677758908329,968.944234932171,1701.45356176374,2497.69100768288,3053.09548771558,3719.10313214814,5508.33833608259,538.164277058188,1.00814052859997
"N_all[8,12]",1622.90867817759,17.6942046067226,398.750510550077,978.760499324557,1328.78304615916,1580.55021746806,1869.87010100162,2536.39241523487,507.855797309239,1.01086280798339
"N_all[8,13]",53.4299706391905,0.340074580241423,20.7426659170639,23.6010503939459,39.0230006279097,49.9421058796157,63.6814750281388,102.139455638296,3720.32434278619,1.0013648509944
"N_all[8,14]",85.7935046174814,0.813322288350604,34.2056103310202,39.0467104808246,62.3760012768418,79.4265559498731,101.65345779057,166.214404393787,1768.76175882207,1.00091909980194
"N_all[8,15]",343.059154136561,1.28187464316212,72.7971579901778,221.677748732615,291.328109763754,336.96227340672,384.199123219552,504.041494765848,3225.05953247938,0.999675277172762
"N_all[8,16]",635.998292281211,5.51781819284377,166.706093917839,372.291403301624,518.599284508415,614.167851604232,727.697228436308,1024.61409811818,912.784334249826,1.00455777331456
"N_all[8,17]",13732.3874257457,131.125791380603,3234.01712383293,8449.10305565625,11392.7197965333,13393.4827185423,15624.8002464371,21062.2864448924,608.28679077035,1.00959368321607
"N_all[8,18]",977.38038079847,8.50627902710481,239.670380339858,600.525987336834,807.039459910337,946.756439129514,1116.45153628695,1520.69757223093,793.870165593026,1.01043144525638
"N_all[9,1]",289.744128874198,2.25917568459008,66.5738966360778,176.265176267135,242.730677560525,283.375652696697,329.269807603916,436.150319156152,868.37626503402,1.00417027982995
"N_all[9,2]",1126.18189701294,10.2815424019251,307.171849080165,670.058055998973,910.163052338611,1075.09627302001,1293.12620178541,1846.34572073519,892.5782136817,1.00463907652893
"N_all[9,3]",146.757150276621,0.824889618628809,44.1161551060294,80.3817276668995,116.617151811224,140.412578846434,169.757786702837,250.134549019038,2860.24762722595,1.00048863579478
"N_all[9,4]",1500.62779036438,9.375972200956,491.849196538805,795.178877622205,1163.30081728286,1416.69875225428,1747.02621076469,2650.2071496623,2751.89152361712,1.00022151223888
"N_all[9,5]",508.359088116193,3.97811543414601,120.275427145498,309.753231564798,422.948236978583,497.998424978095,578.223769348048,783.115131411512,914.11124991526,1.00459213995615
"N_all[9,6]",1796.59310873277,16.5189052004297,474.926964481383,1014.80280835142,1462.84090631031,1744.30792100736,2077.28043780085,2854.71364066707,826.5918786135,1.00488628758865
"N_all[9,7]",539.325161414174,2.24511747376499,144.453211740371,309.064509307839,438.211071388832,520.271365482606,621.175236149197,868.483700497976,4139.77049185411,1.00011356076506
"N_all[9,8]",274.542202240531,1.8643409295592,68.1127781844561,169.235556027376,226.68628354185,265.034575822298,312.069610482772,428.71486366978,1334.77025829196,1.00373377013667
"N_all[9,9]",608.8034788259,7.20368913772007,284.399107007795,253.206850109167,420.996349579752,547.209039705267,726.854972380252,1311.76218178286,1558.64255741872,1.0039562519871
"N_all[9,10]",370.850545349721,2.44406346158538,135.967214224515,175.345672197227,276.412980538668,347.932086469,436.460381731748,695.433128014533,3094.87734748513,1.00018471186064
"N_all[9,11]",2269.90823663848,11.4175477931363,561.446412531339,1380.2674176751,1883.40906421858,2202.06600503155,2582.95423612762,3566.41221789962,2418.08156408718,1.00046071022573
"N_all[9,12]",1322.17537855998,4.96754001726588,300.206614820067,833.842579734916,1111.49831677386,1283.14450816883,1498.02636921884,2010.28599207959,3652.22702693282,0.99964490531665
"N_all[9,13]",46.7434690360942,0.476285673553614,18.4256980378168,19.1660500813792,34.1970558959913,43.9880340092545,56.026976571417,92.0124408192134,1496.62454188159,1.00186860962262
"N_all[9,14]",53.6347834900106,0.881930642233036,23.0555264531262,17.0061790980917,37.801274640078,50.9936282760313,66.1768570999577,104.765877679717,683.409831750807,1.00400332316808
"N_all[9,15]",225.353361303406,4.53550943030202,66.9335131864874,121.750397793036,175.367521302567,217.635557870778,265.0938704596,373.570515961834,217.788574796954,1.02408721625119
"N_all[9,16]",495.455584348109,4.2839666469348,129.112944810164,279.448072504878,403.081128502811,484.044691265569,571.396329251869,790.979190758946,908.337849921999,1.00354870673434
"N_all[9,17]",9930.35065663801,36.612847287852,2125.9092958865,6385.30452905973,8415.05624279523,9734.52013822909,11110.0734220185,14927.0471540203,3371.49448480093,0.999727236262337
"N_all[9,18]",768.732974165508,2.95937704917077,173.961563059405,494.728860839801,647.491467735547,748.926103973474,866.633194898921,1164.27839899296,3455.46103090997,1.00143776547362
"N_all[10,1]",319.185939895881,1.26007208380007,69.5512352928901,203.441577194695,269.988265715912,312.569488496167,360.742507244466,478.356297323192,3046.62439659326,1.00138678906274
"N_all[10,2]",1075.52152666395,9.94629036307473,284.166667929193,636.822317162346,875.212572018766,1039.43958693572,1235.62269486262,1748.68502881273,816.251519558387,1.00458804178884
"N_all[10,3]",108.943182165557,0.540101570156893,32.2206576216175,59.0764382383139,86.7370019503119,104.598712085757,126.226187914665,185.350296287304,3558.91749883578,0.999837417618551
"N_all[10,4]",1475.07040549109,21.0730675746421,551.376158107112,773.826028755678,1103.63707818312,1358.37203654078,1697.08580456988,2886.59749505108,684.605598503965,1.00410460185587
"N_all[10,5]",520.450226347408,1.82694982419361,112.629171255262,332.523418774128,442.045759817161,508.590630580957,586.321235399553,779.396573504978,3800.56826055074,0.999641958691356
"N_all[10,6]",2065.19406296861,10.4142017467888,505.133039697617,1254.4462415049,1712.46758750793,2010.65040566028,2343.3285249714,3196.34110068369,2352.6622179564,1.00089614214565
"N_all[10,7]",607.652789651277,5.60535893510371,178.518581108648,341.464415538142,485.213316409633,582.584420104857,694.10911350709,1040.05374573126,1014.28498767391,1.00239360113708
"N_all[10,8]",271.362736208842,2.08127167956171,67.4418977562734,165.177244359325,223.508424886046,262.651857912901,309.550974829801,423.086099760561,1050.03074517319,1.00597791562335
"N_all[10,9]",578.171198586314,5.60254653848855,172.331878336742,308.316468414347,454.728544335552,557.713351709655,675.217134033974,965.015121345339,946.150662428085,1.0057667513095
"N_all[10,10]",332.45822391529,1.90917639459348,118.718340002494,163.093875171383,252.431011134773,314.161943633246,389.383595251825,620.900975001885,3866.72706916146,1.00081897707225
"N_all[10,11]",2645.5989531032,34.1994509876291,714.6838137976,1565.55601676768,2135.84854914977,2532.69230817121,3060.7035848774,4302.51603594352,436.706467775363,1.00944347606845
"N_all[10,12]",1447.9792164509,17.8029388167334,369.990071842268,887.295933391079,1175.89402062357,1398.36132915405,1658.76553083165,2300.06915991307,431.91346400333,1.01127624800779
"N_all[10,13]",51.3526127163299,0.530094035737815,20.3607225624129,22.9472339098059,37.6856495447114,47.7041139539812,60.7192870367369,99.7088670354957,1475.30065992402,1.00306054725982
"N_all[10,14]",61.141849987301,0.733602081094181,24.5750585464057,26.8113540248307,44.5167219267971,56.9221991794954,71.8580058737843,122.27799068083,1122.19418241361,1.00030013027443
"N_all[10,15]",260.070150700148,2.38680033023967,61.1328413951819,160.354809988499,217.168652220595,252.960680512909,296.008196740477,399.925696478628,656.019856964412,1.00986136989313
"N_all[10,16]",657.405522053671,5.08197251216494,167.277357786653,394.089525381901,539.936873350572,634.970653499046,750.96419459516,1047.70742070112,1083.45205257104,1.00315937966194
"N_all[10,17]",9045.91526594776,31.4421995895068,1872.2894671714,5841.63438643964,7769.79698072708,8822.25795016879,10182.2423726829,13118.4761118659,3545.84827028656,0.999352819188029
"N_all[10,18]",660.327601473291,2.48636754184374,145.204658654895,423.480615971056,559.414830152696,646.19135549837,741.950092385803,982.3302041061,3410.59730909556,1.00055191668069
"N_all[11,1]",296.664665234856,1.08876419102559,64.2954842031893,190.894596675179,252.046712917032,288.643418034037,333.501151660327,439.634073303489,3487.3319222745,1.00049386658513
"N_all[11,2]",773.851897959542,5.37455844142083,200.485739625296,445.732832871293,633.305504694242,749.922959368365,885.805240498604,1255.12722238448,1391.49418205324,1.00441650670412
"N_all[11,3]",83.297994476907,0.547039514313574,25.2665111327279,44.9549795177291,65.8461725205176,79.6795345304056,96.5168477442852,141.483286681769,2133.30602198024,1.00185726359488
"N_all[11,4]",783.752726893065,15.824216180449,320.702626031034,275.196487892689,557.722151066884,747.496258327727,963.418187771201,1512.92953192921,410.733964879015,1.00835370660487
"N_all[11,5]",359.492284198101,4.69342892054727,95.3568270349918,208.038765141304,291.915288338242,346.003753256428,415.949109259303,575.289978125459,412.784226131075,1.01110859400428
"N_all[11,6]",1505.80174973205,13.42541814387,394.843918091635,871.43416105016,1221.68653215807,1462.14261955439,1729.20098086288,2428.62500998787,864.958485678507,1.00339660833284
"N_all[11,7]",431.102107346467,3.03243902031962,119.334045094685,232.740353084375,347.579884615189,417.338782181623,499.820403783509,701.8683314268,1548.61895900923,1.0017366179003
"N_all[11,8]",221.021637423653,0.826688789123929,50.7561937117079,139.426858118171,184.526928449964,215.21573509048,249.98765721251,337.591515495082,3769.58895402748,1.00205977136514
"N_all[11,9]",430.776462325488,1.89633360159387,105.663296932416,261.531915860697,356.873979368613,418.629066823342,491.740072125272,669.265561993385,3104.69422673436,1.0007908751729
"N_all[11,10]",274.746749885726,1.67118657441199,98.0606782466127,129.6218270088,208.550147904873,259.072706031894,321.917520720478,503.917598095728,3443.02288537172,1.00015152688476
"N_all[11,11]",1679.62677958444,13.2217302766832,406.077070681793,1010.16091233033,1394.33456062528,1636.91150735624,1914.04754276256,2602.14902017007,943.279396489107,1.003372280806
"N_all[11,12]",956.594834091905,6.89009025133946,222.218554644269,581.90215897941,800.413135065466,935.900258034923,1088.4144475435,1432.14031952326,1040.1855485424,1.00370238695477
"N_all[11,13]",44.3277437092891,0.277722323518386,16.9156593324256,19.9249842241204,32.8428004757964,41.6801205919048,52.8205352053464,85.2797041464415,3709.84940342751,1.00017469571246
"N_all[11,14]",38.4596717825936,0.840589942833453,17.5002010348028,13.417264664438,25.5110305608906,35.6425713017208,48.1115358814938,80.6202693933639,433.428730838446,1.00712618648001
"N_all[11,15]",262.090540966698,1.97336008365119,61.3392403574838,163.360486313074,218.926396105175,255.207509106317,297.655688744597,398.306402928789,966.193492431704,1.00354334203704
"N_all[11,16]",540.418660196121,4.63130355704469,139.956457658781,317.665553735593,440.57898812366,525.191226191536,623.951874712191,876.034497156579,913.228356968148,1.00344298743198
"N_all[11,17]",6879.89770237716,56.2727132033018,1633.75374070898,4278.57198345505,5705.11490245603,6683.29744963746,7890.28075504551,10540.0415905894,842.902766766292,1.00465174286794
"N_all[11,18]",467.139770226265,6.48608817465079,129.297061406851,267.940400469251,374.303640328083,447.488539891795,545.611118315572,768.649453295722,397.385130458678,1.01212914295063
"N_all[12,1]",300.101584312442,1.06475369106236,64.963692651172,191.631912424128,253.325814491958,292.453195494743,339.160601810524,444.97753224497,3722.57192343826,1.00060401563201
"N_all[12,2]",723.16414651952,4.76917269707209,180.265590280028,432.186137798538,594.055581236721,701.875944889539,827.02405605122,1145.23963958225,1428.69515511073,1.00437371933365
"N_all[12,3]",82.7087646929132,0.454747045574521,24.8223969610582,45.1884239404459,65.3311208581137,78.9453586089313,96.0470973060037,142.396181279007,2979.52930180438,1.00306713531621
"N_all[12,4]",842.611036943033,9.66962081354799,293.211216356269,408.761273182501,638.259584990859,800.414944228451,992.366809005215,1536.47929645321,919.479966505577,1.00196530891927
"N_all[12,5]",369.813515650047,3.12896512608441,88.8633303096126,228.833130840662,306.953228379728,360.22241185908,420.7184804928,578.229687804174,806.573083419301,1.00814615180479
"N_all[12,6]",1417.99828623654,12.86436943591,371.745829135362,841.346158069763,1153.07548880848,1374.82427721079,1625.88273655527,2256.94560667882,835.05523323301,1.00461096732531
"N_all[12,7]",459.223330143349,1.83466918817294,118.579419828613,260.045011206612,376.44942880478,445.242984287552,531.226705305798,739.753129265774,4177.3715776446,0.999932709906554
"N_all[12,8]",196.04789502767,0.6908957156214,45.0297729196682,121.161792098001,165.577302125771,191.20854569203,221.167975949155,301.036208736937,4247.90225154098,1.00031653516362
"N_all[12,9]",399.807209809546,2.35195127085616,96.5478456432575,238.550722797717,330.40950266942,390.628440484897,453.971976427988,614.839927494041,1685.11108629243,1.00386061907712
"N_all[12,10]",262.077423194568,1.44413824764325,89.5157038412932,129.001802329459,199.768279470083,248.785605295451,309.19095199431,472.552702300993,3842.20843327586,0.999718836662331
"N_all[12,11]",1680.65915991388,6.93684515827099,384.999066585066,1036.47367086921,1416.90715332627,1637.47638581414,1897.68449132855,2586.70394335288,3080.31657145986,1.0003770081066
"N_all[12,12]",995.90438233951,5.07583829395203,225.344134478554,622.171417831321,837.495095293997,972.717606414546,1127.17507650924,1504.25558313264,1970.95614323423,1.00248507703891
"N_all[12,13]",42.4461004209748,0.431615221153991,16.9141325835051,17.68652302442,30.6757895934193,39.8660240983436,50.9803770817217,85.1999374372842,1535.69848997926,1.00183769979762
"N_all[12,14]",34.9077634209013,0.841001714918586,16.6821751269008,9.20539120337736,23.1769996930819,32.7557583015089,44.4722919134238,73.4429847999821,393.469967385013,1.00879041301089
"N_all[12,15]",282.142899117236,1.84579821011036,63.385348896343,178.07347304169,238.372233399594,275.34545949048,318.593684429815,426.443666541484,1179.25935279407,1.00638703043146
"N_all[12,16]",629.033250392033,2.79191089886934,152.053843501042,383.02478078767,523.348599224199,614.305927135624,713.81392925473,968.908083411015,2966.14034822639,0.999470916303632
"N_all[12,17]",6898.97282714296,47.0527418609171,1551.87364166739,4346.22333646461,5757.73736736745,6745.9778626984,7873.15592537722,10376.848196735,1087.78443952005,1.00438679442651
"N_all[12,18]",455.652260215658,6.23302550277154,125.525608532099,263.19028794457,364.004905749902,435.897853721604,528.672374424548,746.36855414373,405.570971658934,1.01462309728942
"N_all[13,1]",276.814754325839,0.963299882829912,59.6812899694024,179.757544155183,234.62821506564,270.016638657135,311.360601089235,412.565174900855,3838.42790711668,1.00001382015201
"N_all[13,2]",724.071217513223,4.20964785134724,179.36584199576,428.09767611488,598.861891199608,707.941408954767,822.808146757313,1129.7908067658,1815.46527443718,1.00347658354407
"N_all[13,3]",90.43644660634,0.428743984566594,25.9135335502608,49.7843541244511,72.55305691887,87.2318349784175,104.531174739343,146.90627444294,3653.06327416106,0.999637781731951
"N_all[13,4]",812.467620781192,11.8971768718532,286.938743788776,381.440349744121,606.274232490466,770.873852851526,969.823110795644,1463.58074107482,581.688595222115,1.00519280692973
"N_all[13,5]",353.066661228633,4.29821831584871,92.8088528592212,206.873860024274,286.315139557823,342.969973980291,407.542495564646,565.114775078043,466.231774895128,1.00984072208922
"N_all[13,6]",1341.99745183534,17.8706019082937,386.913865863071,738.676537242685,1060.41738654263,1299.98399587315,1562.62876703566,2236.75101353653,468.759655945412,1.00967001568418
"N_all[13,7]",453.675984392341,2.58195512423834,123.55130026843,252.372966421962,363.971079702435,441.423543414335,527.90990414515,720.522113052683,2289.79847189097,1.00157985436152
"N_all[13,8]",163.846770893907,1.28166798376492,40.91045833652,97.0685072386439,135.15863290177,159.58493783775,187.684245556405,257.04515400713,1018.86728769557,1.00485489606483
"N_all[13,9]",447.246715879427,1.63708416747641,104.931565369988,277.419343091114,373.209587524427,436.536357572088,508.995785562959,690.14990644811,4108.37697569949,1.00041506370438
"N_all[13,10]",240.981482428555,1.55224812478675,83.2312983400257,114.810715479243,182.464123281691,229.533320313876,285.874643770886,434.226780339568,2875.08739697809,1.00014497139505
"N_all[13,11]",1450.95758522813,17.8282199742826,372.897004304266,830.100737801375,1180.34210106446,1419.06491687353,1685.51390720288,2265.80472817247,437.483643965129,1.01140452129302
"N_all[13,12]",767.825959564453,8.67143377476051,190.064336215299,458.06075413191,628.605395739149,750.066540710566,886.858655265647,1182.85715407536,480.418190533139,1.01194908515296
"N_all[13,13]",46.4680434974597,0.618663646239626,19.3130172300639,20.0156613524219,33.6521471746673,42.6358746943917,55.208323787365,94.9277691639448,974.520685807381,1.00391859694719
"N_all[13,14]",42.4035075192353,0.384321920949178,16.1167834945951,18.4917777005556,31.0761651737003,39.7832129994983,51.2149541255238,80.2666009712186,1758.59741632996,1.00181019061055
"N_all[13,15]",293.301289805291,2.93366206198819,69.1578301636745,183.369321924286,242.987398405268,285.556523655401,335.181612361203,448.545735745112,555.728344650834,1.00891947467403
"N_all[13,16]",614.674781173956,6.80929069132619,160.92893876471,353.678797108533,501.071864543324,597.543384562156,714.679449009943,971.680639471424,558.55320117092,1.00708515203736
"N_all[13,17]",6573.7071893101,68.8148208709526,1560.32001185097,4044.57945805463,5446.67915661211,6420.79157522313,7547.91585481195,9997.14667587268,514.118686950805,1.008917128455
"N_all[13,18]",561.049685525849,3.03106115683302,124.662030263065,351.223689805513,473.19386349827,548.565655900328,637.386203149753,840.172013699191,1691.5272284806,1.00341819425539
"N_all[14,1]",364.489292466478,4.78139962003685,90.6834743789042,220.595944426071,299.029483063321,353.446765996373,418.685849683072,574.504792807043,359.704786266875,1.01399074918545
"N_all[14,2]",863.762899062571,4.28486840334962,208.051139139084,526.027725966353,722.213849020291,838.239684113291,977.403204896471,1338.92647552314,2357.57338021373,1.00027125673444
"N_all[14,3]",120.382726032218,1.17149707262474,40.5388340656494,62.4690408163451,91.7013116255234,113.094687174101,140.824421827981,220.225002461574,1197.45745533921,1.00448166719129
"N_all[14,4]",1122.34132200612,7.05658970219952,339.734791598611,594.366508202371,885.578103331213,1081.22729162277,1299.87617787162,1914.74166997802,2317.87662442211,1.00102012798043
"N_all[14,5]",549.607176076985,4.68584005786367,129.114771017953,334.290714162384,457.325907535482,533.861424515716,629.144181535231,837.799568274305,759.236253256353,1.00796063083496
"N_all[14,6]",2160.91150984704,19.8224773539808,573.128301310711,1286.68281413646,1759.79409395462,2077.17112950165,2481.43291722983,3521.58595317916,835.964525797099,1.00511082283988
"N_all[14,7]",580.065042981529,2.81082414286675,153.523553469352,344.271983751736,475.011189051152,559.709105186943,660.030216530354,941.559243942222,2983.20211210454,0.999753063318608
"N_all[14,8]",201.111255006911,0.907143070802439,45.556689261602,127.525793434324,168.824357093647,196.355531005517,227.112409756149,307.874265822734,2522.04444126388,1.00178218737849
"N_all[14,9]",566.933393155566,8.14657054930608,162.224431332618,326.537160960477,447.031230226048,540.592724276863,661.699149820319,943.226870657179,396.536231716558,1.01059644971498
"N_all[14,10]",264.803975297567,1.52318260903043,89.3266053844424,130.021898001415,203.101734145701,252.10839369784,308.873563613764,476.913423711148,3439.20224205501,1.00231763372683
"N_all[14,11]",2050.37506742913,15.2501403254829,482.39401315829,1289.97883304292,1706.94754114409,1995.01111952384,2317.37088902469,3136.68160496996,1000.58995521232,1.00380061210158
"N_all[14,12]",927.122967933201,3.54851952296032,197.835441673078,599.183299928888,786.810282676454,908.396000777823,1038.0430482858,1374.4179920579,3108.23463808181,1.00114225419508
"N_all[14,13]",51.0804465920935,1.21341439863219,23.8521035463441,21.5478600049666,35.7839383292609,45.7464974179669,59.6139497749659,114.493527795693,386.398190474333,1.01135478664344
"N_all[14,14]",59.7970398706724,1.13598501778914,28.2908990696445,25.9911695156686,41.3466153865631,53.2822020942941,70.028423355193,136.838861879192,620.223605638871,1.00401057462803
"N_all[14,15]",431.086244673332,2.40074733006267,94.4190382532926,274.572538315636,365.836907284676,422.050737700415,482.599234492938,648.992909148689,1546.77176482804,1.00127641082739
"N_all[14,16]",1033.8800570209,12.9080870382535,296.899951362642,599.73271029745,823.384471812876,979.935379907852,1189.93939699985,1753.42574060141,529.049712345622,1.00750264373805
"N_all[14,17]",9160.40332534264,38.0602420506833,1900.92949652644,5999.51913224744,7811.57628328128,8989.65759614041,10289.3650781112,13306.4407746188,2494.53112665298,1.00153450003321
"N_all[14,18]",723.914723103457,5.21531125056997,161.947908259156,453.440487652277,609.29631965967,705.844938482614,821.879577959849,1088.34424557103,964.251274038943,1.00505328794704
"N_all[15,1]",301.134125603529,1.38335295335162,66.4142950066984,192.481398582181,254.763817457605,293.144445924854,339.181146998291,456.84647239855,2304.92676311715,1.00243680566786
"N_all[15,2]",870.027921261855,4.70343087046641,219.909813404869,531.814988043645,717.282457478642,844.812725211449,986.850103773853,1388.84311575023,2186.04797890686,1.00030596768689
"N_all[15,3]",68.1964165753197,0.590870478282569,22.1657505034968,34.6455320662832,52.5802743386778,64.515228197702,79.915978036086,119.188809799394,1407.27929298727,1.00122837092184
"N_all[15,4]",960.169320371348,8.27872121662904,306.354387247628,480.296717487779,747.645358676281,918.314481391484,1134.00992111973,1666.01103402951,1369.37278405435,1.00217833029743
"N_all[15,5]",499.93763210661,2.25185695339191,110.614066924733,318.592427811605,421.468044155991,488.415534198199,565.369934697198,753.762513942567,2412.89888352413,1.00023693627894
"N_all[15,6]",1918.89342676222,6.69968855209766,450.793331021985,1204.92929248843,1610.04397891744,1858.05730728511,2169.08772636522,2942.09147062048,4527.36737309648,1.00019139687612
"N_all[15,7]",615.304171807432,2.88105679130875,159.481387155674,366.25420936752,503.653954643045,594.854755253882,699.251510238438,997.532447103671,3064.1947955096,1.00195614223067
"N_all[15,8]",159.632235791845,1.28285205837268,38.5246532074039,96.1192792509736,132.259249393373,155.591086934778,182.177384915467,246.436867119351,901.829266722358,1.00524059404507
"N_all[15,9]",445.322124407418,1.87455180038971,107.836434322195,275.477085333785,373.039946072014,431.983184097971,503.464334462836,698.138640473038,3309.30005440673,1.00149895812012
"N_all[15,10]",241.252732724675,1.31896689841573,80.3552898201715,120.279529898168,186.564835648851,228.543503694856,280.860274629331,433.984117775187,3711.59987047874,0.999342315280342
"N_all[15,11]",1862.33253657028,7.59453893596826,413.917775455595,1194.45709502429,1576.03644565047,1812.69120052961,2094.00216320361,2787.91306037671,2970.47108080507,1.0001161244073
"N_all[15,12]",843.031969822036,3.19384585286692,177.54847512496,542.581014538954,721.416144755391,827.667546859068,946.305467197503,1263.21701758892,3090.33805720753,0.999779402284702
"N_all[15,13]",39.5010048015673,0.557179434521865,17.0243786007768,13.1707240895006,27.6043413736438,36.9194276624769,48.7295190413226,79.6274318021143,933.581809974398,1.00186351733408
"N_all[15,14]",46.7701671049402,0.283741576097641,16.9606786883409,21.2577946682958,35.0468724275888,44.2882688733173,55.6685188656555,85.692447218119,3573.06157004815,0.99947415243658
"N_all[15,15]",487.362953200151,3.60988754357104,108.287099863984,310.089668390749,410.23001099596,475.121827132704,550.017454506933,735.039435558766,899.841667796624,1.00493461056216
"N_all[15,16]",984.794306071491,5.98934509015471,243.219826846792,601.587689603394,811.761546204757,956.355350768247,1116.72005030175,1538.53862065468,1649.07070425975,1.00219248003176
"N_all[15,17]",8808.1888915153,30.3013761921249,1813.15714738224,5732.69841533177,7537.57848483109,8652.44695022686,9881.09155641746,12892.9944923926,3580.52067746076,0.999835840176002
"N_all[15,18]",668.129389221876,3.40092468618187,149.86081248289,418.446810065042,564.625621432436,650.544366211994,752.656086469955,1006.65944967443,1941.70002665579,1.00184132228687
"N_all[16,1]",242.768986026022,0.980275901241041,53.8605131658996,154.628671758195,205.122258879949,236.132219993759,274.05793499203,364.888464462163,3018.86937262865,1.00020918208544
"N_all[16,2]",666.166982360125,5.50060732476709,178.959888374096,369.811967784737,543.38565715174,650.868383562244,772.004184932398,1053.24039106149,1058.49817794035,1.00647421850446
"N_all[16,3]",50.7296045445859,0.970061736502719,23.6285883331239,20.4044535479984,33.4033334807004,45.4022824322049,62.5767977793489,107.79823046334,593.303353294934,1.00377153182945
"N_all[16,4]",928.245199296844,10.0697112573815,307.768223719731,461.326127141223,707.529362697041,888.641519511675,1100.23017962098,1644.03430981587,934.14333780088,1.00535849538566
"N_all[16,5]",426.03599278528,2.66361916156657,102.493595582452,259.111746598099,353.527170503624,416.233078915216,484.074144254521,658.479620726743,1480.6390421914,1.00475935750762
"N_all[16,6]",1805.06438709025,7.11633587975103,443.403408352324,1077.74939517064,1498.45559606659,1754.40954674401,2048.14390133949,2828.2490868459,3882.26501622759,1.00051988539296
"N_all[16,7]",586.017755313988,2.399770969927,155.416533325155,336.523803395107,480.57365146846,566.629186298067,673.804408387399,935.582350996492,4194.25512872918,1.00026342028476
"N_all[16,8]",152.484091481237,1.51515447013383,40.8045554599453,86.7109103655713,123.644972578594,148.119231982524,175.473590445168,244.548751032255,725.276287682686,1.00646951528976
"N_all[16,9]",297.562163492169,5.61988304006175,94.2717088762995,149.885452554811,228.303996975525,286.93279793181,356.001465673535,508.819089830343,281.389705483538,1.0152876915485
"N_all[16,10]",210.542535135975,1.34386570761742,74.7914446166762,97.7566721385998,157.600724949056,199.490315820098,249.29080083282,384.842279613311,3097.36295553035,0.999466056967618
"N_all[16,11]",1647.80810516027,7.44493293797557,379.887801497094,994.787015247569,1387.40490827698,1619.17718580903,1867.60496859343,2465.98702052737,2603.68904786904,1.00257001529157
"N_all[16,12]",764.835964185866,4.44350158148292,175.316238888765,469.695255605345,639.946348080844,749.496528078588,871.333126298655,1145.91259591301,1556.65944805053,1.0030829123185
"N_all[16,13]",37.9309943510587,0.466234672657508,17.9907843645697,13.5373776907942,25.5759966406461,34.8592652603282,47.1093773670538,79.5776251727843,1488.9875309367,1.00242373688854
"N_all[16,14]",33.2906634216737,0.809620900834585,16.596375278527,6.82871437383992,21.7964529060563,31.6471421078376,42.5034261655688,70.5217418121055,420.206794800228,1.00654369091513
"N_all[16,15]",471.268376404894,1.93310478177179,102.928117296642,303.045008372033,399.131082506522,458.812007029877,532.931480052636,710.330999323221,2835.02744641881,1.00032814070224
"N_all[16,16]",918.119279871316,3.71090023127701,228.003403222472,554.254442503276,756.922815347971,892.215698282981,1048.85453603407,1435.59843169833,3775.06211656059,1.00060096124364
"N_all[16,17]",8425.76522152221,34.1525218225683,1854.0807222587,5366.29335396473,7122.0684810686,8235.28185726643,9546.94228085399,12603.0767981523,2947.21434056657,1.00032131313518
"N_all[16,18]",512.72184927827,7.0309442362194,137.684885424098,287.815109370145,413.441292470566,498.321243234417,596.832427266619,826.74222262006,383.482215769172,1.01076339527201
"N_all[17,1]",241.474491761739,1.20630684003321,51.8893573692603,157.477350031433,205.970878372673,235.521388797637,271.590483008561,358.677657477534,1850.2951205647,1.00100581394058
"N_all[17,2]",813.742687706794,3.7249452806704,194.972425879128,497.752460251764,677.774599042338,789.768524106082,921.34634820273,1253.61669638088,2739.72262277112,1.00128656039361
"N_all[17,3]",77.5447066168683,0.562129245631761,24.0407581897313,40.7409016626814,60.159761503966,74.2016940983128,90.8647232897734,132.222667589585,1829.04318226098,1.00002424207109
"N_all[17,4]",1162.36518594432,5.96300051896374,334.190842600037,640.924646982451,928.42319728057,1122.70947637455,1351.44663318977,1916.59851197988,3140.93823527685,1.00069424968993
"N_all[17,5]",500.894951774028,1.85830145305094,108.993812572484,320.93239958636,423.193518064753,488.939028115916,568.072776061712,745.000229577126,3440.102285257,0.999425385436826
"N_all[17,6]",2095.35438057061,7.75716338144934,494.284088048986,1282.44168378826,1747.59541002411,2035.0974818911,2385.65147910427,3219.24895423868,4060.19958540093,0.999977567794765
"N_all[17,7]",652.624529854021,2.7307594082976,164.758974411342,392.186046968134,537.428124118395,630.867831132468,745.09512218741,1043.64888505599,3640.25060397624,1.00165108629202
"N_all[17,8]",212.103932467431,1.3561777901564,52.9682239146131,129.06901058938,174.011845202277,206.143017539608,242.181311603695,331.623878524732,1525.44855577016,1.00223178415578
"N_all[17,9]",375.152555440367,1.520538127266,85.8443924583787,231.920843079363,315.653310716251,367.758355522833,424.473443215163,567.278649011862,3187.34617035872,1.00124773249077
"N_all[17,10]",216.019602159238,1.43578221580957,72.0840255880969,103.025293555391,166.357540945112,205.43081140253,253.98541705826,389.226987855766,2520.58254795867,1.00036313937647
"N_all[17,11]",1825.14864047649,7.02892173810069,403.308024886537,1137.58632009238,1547.45729957034,1784.64634705062,2059.28894968537,2745.44541874599,3292.27657156688,1.00047441210319
"N_all[17,12]",826.667644213047,2.98823688047743,173.132781521408,539.471990526643,708.339762108315,811.187991116373,927.770153593573,1220.37592162778,3356.82398677193,1.00068137354089
"N_all[17,13]",40.2608971018841,0.590613360546008,19.3215718306548,10.512330674557,27.3386252931511,37.0702588377918,49.7057889839809,88.123223629544,1070.23308718095,1.00085475701771
"N_all[17,14]",47.5509583117335,0.468903748078847,18.8652258141215,21.9265973686805,35.0212481010934,44.3185114078452,55.8652108258128,93.3254375606152,1618.66362644992,0.999928323695896
"N_all[17,15]",504.591169622231,2.00930534667171,106.245029344969,328.756747175633,429.91046723595,493.464991547133,568.423615545238,741.159906860312,2795.9239986541,1.00009884123598
"N_all[17,16]",989.370426249729,4.19239963305076,236.540181596468,609.419849098065,817.223743619149,963.810707958762,1125.27064501899,1510.94504152461,3183.35082485973,1.00018779620669
"N_all[17,17]",9928.49197289497,41.5893613306501,2035.94069002774,6573.28696269809,8516.75666523317,9694.82691739024,11102.6364340252,14450.3267699606,2396.43548706284,1.00038259427637
"N_all[17,18]",640.023064869141,3.16363450795839,139.064709356777,408.114157434924,541.230696432731,626.704797100664,722.954878823603,954.088071912659,1932.2408385801,1.00298001675988
"N_all[18,1]",279.892586185323,1.49437080020789,60.8996034020684,179.54841038359,237.539438944709,272.794512863922,314.82161944538,419.614652589379,1660.78029340113,1.00218044837569
"N_all[18,2]",827.973713016494,3.69635615823816,199.664985017059,510.978791583446,690.123857051123,805.085293471547,936.533639126831,1285.76451834195,2917.80456059098,1.00090754915269
"N_all[18,3]",121.723785620507,0.625718820629099,35.4212570252718,67.0107907383788,96.7377160680577,117.495797520221,141.768716760893,203.444492399513,3204.56808034748,1.00100320580829
"N_all[18,4]",1650.33140548728,18.1027265003801,545.026742092085,873.456809508658,1271.85162962267,1557.76860162161,1916.68061230359,3000.53769031197,906.457910574632,1.00222715487491
"N_all[18,5]",707.367761381343,9.20528729844676,183.632699623545,419.876553243392,571.539478838837,683.358579815985,819.142555983971,1120.95240195885,397.947098875001,1.01170899630204
"N_all[18,6]",2594.26416090025,25.0961481794624,688.589538209755,1488.50902889203,2108.55597871788,2515.83641581244,2981.01456399463,4196.77817477649,752.846958774372,1.00541365536876
"N_all[18,7]",728.575909979943,4.57777350792214,193.090340452859,420.545153009318,594.139093060758,700.959293495196,840.998744401776,1171.18346664176,1779.14970743683,1.00199740643042
"N_all[18,8]",216.524779162989,1.05279130411672,57.6796644861306,125.644069542602,176.05719101247,209.206591621598,248.848127970278,344.260301361447,3001.65567990778,1.00030788594743
"N_all[18,9]",456.654286794679,3.38150353545322,114.538826174789,271.375471463897,377.534673868762,442.382549707202,521.811437271106,710.64603298771,1147.32317060415,1.00463476791512
"N_all[18,10]",242.549193557643,1.3711096285203,82.9380957888075,120.622263914172,184.693044371281,230.032874107225,287.260463186189,437.378673162928,3659.01136714331,1.00097146151998
"N_all[18,11]",2252.1646994899,17.2770760093584,539.727705554947,1402.96766904548,1863.62282553634,2183.59219442021,2562.64084265838,3533.01032168819,975.90813064623,1.00401042835905
"N_all[18,12]",991.399066308868,6.12722314461617,225.549307927735,634.676869537626,836.478308243188,960.81725951516,1117.72133895429,1503.88398962435,1355.05088352066,1.00249209760513
"N_all[18,13]",63.7549316012121,4.06198897393568,52.4993851641501,19.1553550413482,36.3632836480484,49.8867909056918,70.4972760570806,224.675654720151,167.044028154872,1.02432848788906
"N_all[18,14]",59.537437079576,0.954630726051748,26.7062431976985,26.5724733617476,42.0223023415932,53.6593558071652,69.6763206497198,130.340614175656,782.62691937413,1.00184738573439
"N_all[18,15]",616.17805236802,4.95853958043052,139.484192216735,385.636093875804,518.405657449096,603.189635495402,698.879174052217,925.199230754797,791.302276001216,1.0081075528496
"N_all[18,16]",1287.30644658742,11.0184724382767,331.102789572663,758.425880624594,1048.53884454085,1247.10169366476,1477.86403628936,2058.43818702442,902.989915488809,1.00514828019855
"N_all[18,17]",11730.5792519403,83.5721772942662,2570.65182937902,7497.96091369401,9900.94845166219,11439.9175349411,13237.0110399303,17523.5763824842,946.156735100074,1.00451296724306
"N_all[18,18]",829.531022118891,3.6757112300945,179.07304049387,533.345001026671,704.842089302824,811.405123142931,931.86069702372,1230.87764624752,2373.4366527462,1.00074788584277
"N_all[19,1]",270.733047757272,1.81207557322132,61.5200137541887,169.350544237693,228.798388113923,263.336035518884,305.106312263537,413.081987240655,1152.60430022461,1.00417371145676
"N_all[19,2]",910.87456620991,8.85986190731642,255.042025121297,535.336792421927,731.217072164145,867.441332043749,1048.06621476914,1520.76650371313,828.647053787032,1.00666692319721
"N_all[19,3]",141.562111739867,0.633718886339412,42.6166613930466,76.6493006165757,112.366523848379,135.094896061353,162.535577825199,242.896742930419,4522.36433159601,0.999309202721699
"N_all[19,4]",1783.94674186838,23.3130342507749,593.107766136447,944.014645682667,1363.67547928817,1680.1813711329,2091.16297290782,3170.55704030172,647.246361846143,1.00475858969628
"N_all[19,5]",714.808693982216,10.2624240682294,195.071147248294,408.039632736207,572.459433772961,691.709751272365,828.507552913616,1162.55717924487,361.315142277072,1.01414171738978
"N_all[19,6]",2695.87633235669,31.5584876593968,767.587509852422,1472.80623594731,2138.00401271083,2582.58076976427,3160.36043351774,4430.8611619596,591.593553491795,1.00619535432825
"N_all[19,7]",770.860600446815,7.39580388829112,219.85097836031,430.613594817828,616.307819743897,743.136330641093,891.675871032904,1283.25126573112,883.661699899284,1.00341898439498
"N_all[19,8]",226.144432285068,1.75718396772503,85.2260929155147,104.37489585695,165.628597363521,211.576740461512,269.55366305882,425.934497127397,2352.39741808811,1.00112408262821
"N_all[19,9]",422.357323073813,2.03645802602414,101.979832285179,264.234897471147,352.144281493716,409.886432272041,476.007694961085,658.364050462801,2507.71201341541,1.00071041957373
"N_all[19,10]",248.275514266984,1.87709085364675,90.4183389278193,117.569329766932,185.22726840371,233.632504666233,292.013588657791,466.437165085942,2320.29103283016,1.0009863701019
"N_all[19,11]",2334.9560386154,23.6671873179514,604.908025403035,1399.20431850403,1896.46086646726,2260.13163676621,2682.78799434904,3703.97747295231,653.258992263903,1.00390502737238
"N_all[19,12]",1059.46475706997,12.0515269818775,272.62461419407,642.363291447378,862.790691262792,1023.11087854237,1215.49768368856,1693.26309343314,511.736003523496,1.0103603563721
"N_all[19,13]",72.1770683131857,6.32601921318834,180.482127541664,16.3504778648289,34.1438862082048,48.3834125955362,70.7353035105995,236.923652500141,813.968110420748,1.0050504055302
"N_all[19,14]",52.7077404451846,0.381415894131648,21.1772093542768,24.1361015392286,38.1690385613804,48.6464477075638,63.0754449972148,102.547365069906,3082.76121592046,0.999702030425985
"N_all[19,15]",672.469634234351,8.01290228299861,165.887055938185,397.322034992518,552.079884335215,660.029790654373,778.538741353662,1031.20084269714,428.593229409349,1.0123980172923
"N_all[19,16]",1410.36199674991,16.057589808151,389.209967117697,820.157519468203,1127.15869731141,1353.05562413897,1639.64836912636,2320.25212638314,587.499075480791,1.00628421068094
"N_all[19,17]",10586.6254860361,42.0414368420886,2249.43548073347,6966.88541896655,9011.93527402475,10347.647415174,11862.2043769927,15633.7499152249,2862.80641230277,1.00111665517004
"N_all[19,18]",877.244140499197,3.67760466196593,194.077210301183,554.942939950505,739.502009580438,853.227999234441,988.513658076686,1325.68236321544,2784.96024036475,1.00181283451871
"N_all[20,1]",187.767419164626,1.40037512671949,43.651068937179,117.963499161942,156.222276229075,183.120013454218,214.342433313504,281.98765159547,971.630166432246,1.00623249886416
"N_all[20,2]",689.658062753946,2.76257137918047,166.950949023182,405.981103436953,575.570238990952,673.054141038332,785.025195917122,1055.40139994021,3652.16817747987,0.999742484730596
"N_all[20,3]",142.291843908665,0.696237787846582,41.0272831309909,79.6006378276332,113.541170676678,136.399101733989,164.219834673351,240.995794070435,3472.40470266013,0.99996760362289
"N_all[20,4]",1598.5003483489,13.28874908221,513.9214911908,869.119241982161,1247.52155259652,1513.42905985908,1852.68148979302,2811.94728743533,1495.63409351245,1.00153382786055
"N_all[20,5]",465.700822547696,1.79387740485825,104.348098445026,291.458987090179,392.209161805611,453.041510479965,525.627662858402,706.48096173704,3383.63539389001,1.00046025461997
"N_all[20,6]",1865.71679258889,7.19023836426073,441.119319862881,1142.16689526157,1561.4445892352,1816.40182925693,2108.35791200094,2876.19986598966,3763.79171883584,0.999978011733508
"N_all[20,7]",581.128490235298,2.49441680038982,150.401102932884,342.39648376557,476.665812424999,563.4627062718,663.371596091912,939.642940505565,3635.49872199527,0.999486609882113
"N_all[20,8]",212.204363438544,2.16490877034278,107.899396167908,78.6735796635548,143.457224815692,194.125390337047,255.877762112628,450.148498477362,2484.04139543669,0.999974189871523
"N_all[20,9]",292.697710277774,3.44861064703374,80.3734078920704,167.086891400343,234.666062311792,282.928987748219,338.694665174912,469.919447883908,543.170827481956,1.01082991203557
"N_all[20,10]",177.938478568934,2.27818545110699,68.2737012158708,69.9454016330249,128.523122277552,169.588852361948,216.668754077123,332.302659413876,898.10837513802,1.00325544114939
"N_all[20,11]",1774.22230880037,6.61528220762826,408.361184189294,1119.99033684536,1489.43941729248,1728.16197290399,1999.08134423055,2709.97650802263,3810.58941961127,0.999388578209341
"N_all[20,12]",808.005579353235,2.847130176906,177.27850310138,515.967270610263,685.663843463512,787.98960504961,907.163121231357,1205.24370795872,3877.01519400822,1.00010724330565
"N_all[20,13]",99.8195088472056,21.6988799432608,1304.8963224433,12.4048793955808,29.5273552779814,43.0197989452166,64.6899216606451,199.799890946137,3616.40766004381,1.00088721237578
"N_all[20,14]",35.6411885859316,0.668821185805709,15.9026860780022,11.2502160643966,24.6740646112759,33.384526579589,44.1633200678517,72.2224396992372,565.354598420949,1.00497472774684
"N_all[20,15]",558.535480831876,3.05665806484532,121.201919995216,360.156620729687,473.672444721105,545.936954866932,633.551519349573,824.626928575965,1572.26331658791,1.00256524857383
"N_all[20,16]",1200.05003514519,5.62983229295266,298.746109852889,720.247337345975,993.855710158654,1157.2119744751,1374.19940933739,1870.54693867939,2815.87649018335,1.00069206691469
"N_all[20,17]",9462.10030883274,40.571697318684,1985.4763355027,6199.09390210505,8081.94703589612,9217.33383699056,10566.797105218,14098.296108735,2394.87624771701,1.0015287176708
"N_all[20,18]",806.173513467318,5.17344103108841,181.808837112792,506.71989606589,677.771050287373,787.280703657563,915.645835231561,1216.35830955284,1235.01141460672,1.0032844378461
"N_all[21,1]",171.301255231849,1.55222692659556,41.6193653110359,103.655281019798,141.053751520386,165.863127224652,195.0900680053,265.691148000691,718.919858559832,1.00865873821587
"N_all[21,2]",573.813400448286,3.13266415205352,146.474993059016,335.470281594615,471.428993449048,559.337114969923,660.849254735595,895.378463370611,2186.24735714163,1.00127629698939
"N_all[21,3]",174.835104920372,0.823370479588608,51.0246509653271,92.7520981349102,139.709578225797,169.447566594861,203.163159730413,291.998326480856,3840.33845373239,1.00022859264805
"N_all[21,4]",1387.44987162418,6.74045313496655,419.667251588351,739.755024177903,1098.93981790016,1325.41508055212,1619.03897419888,2330.26378494701,3876.4302542601,0.999509302940009
"N_all[21,5]",379.786627005641,3.26699290572145,94.767363286315,229.859378538651,311.903918103655,367.936613209952,432.412134911792,598.533647492569,841.436238459103,1.0059024209014
"N_all[21,6]",1439.87363947999,11.8693125270168,377.95328345261,824.397913992821,1174.7318125144,1388.44125158175,1665.52023396381,2283.10091729546,1013.97002064097,1.00610143340289
"N_all[21,7]",494.557492358108,3.35797288333323,141.41550069958,271.929273866802,393.951807271788,479.588644184783,577.591340109089,804.324601623622,1773.53458365864,1.0021862741618
"N_all[21,8]",210.258474942448,2.3036011711653,124.807080494614,64.0529047708005,132.196253599103,186.101306454053,255.365370319096,521.611581383688,2935.37686569372,0.999346151108517
"N_all[21,9]",276.563349859422,3.63670758912683,80.4533638007424,150.071807209226,217.468179186061,266.55509948426,322.823158813539,462.67862297048,489.408658074134,1.01443654485243
"N_all[21,10]",181.258266890573,1.60109174047994,67.7222557638112,80.2358078511451,132.680145296786,172.032716923384,218.935297147416,342.579549234915,1789.08262062341,1.00082596238135
"N_all[21,11]",1300.89877844085,18.0536802060905,362.383558899508,714.419767028018,1032.44784020129,1266.10580985844,1520.2652466503,2101.93375678546,402.907619906714,1.01297107020697
"N_all[21,12]",638.415838615513,5.90647934416822,154.595971169309,387.759403083001,524.998297787159,621.583329902554,735.411072446203,982.08439476533,685.076333406969,1.0095771279599
"N_all[21,13]",85.561318998413,16.0264761823213,929.262960077756,9.70665160453478,26.7097245000265,41.78314212813,65.7666100716348,207.050336007483,3362.02678102545,1.00005159213108
"N_all[21,14]",34.3655162253005,0.603308157728147,15.2139740752289,12.0708460322375,23.5265367168968,31.7818907430511,42.3003665585694,69.8171842271322,635.926536931349,1.00490727860754
"N_all[21,15]",456.746226596073,1.85476430375696,99.4675061532202,293.570320549777,386.119498241204,447.915674439856,515.304697373246,679.358380700683,2875.97430056034,1.00010603994964
"N_all[21,16]",940.997203690159,9.37872630450946,260.393200283935,513.071770676931,760.177105887719,912.857255873463,1090.97851507152,1519.31388176879,770.852977017942,1.00814821521202
"N_all[21,17]",9384.83690317927,34.4552495044207,2020.63240228439,6005.62572681356,7952.57037967153,9174.95963391668,10626.6631275558,13789.4285941387,3439.25064606774,1.00125478829752
"N_all[21,18]",912.18548101054,3.83759245946348,205.742449179676,582.072253858218,768.238232975623,886.422504859607,1025.41162678115,1395.75634128358,2874.2868410348,1.00175965861083
"N_all[22,1]",163.178805176507,1.98033818835394,43.079093885738,96.9786330470234,132.266050432861,156.558497205844,187.751585269523,264.389966089109,473.210524465026,1.01330002926428
"N_all[22,2]",507.031437787737,4.21609583877296,146.650194143283,272.239877956328,400.321219404746,494.129913861642,593.5577220623,835.017556156019,1209.88567696444,1.00277104192447
"N_all[22,3]",239.675619090284,1.50061029587686,73.4583564235203,122.941634366017,187.726020777182,231.384646243739,277.579772465787,411.964676987503,2396.32970022155,1.00123418708624
"N_all[22,4]",1538.70734249361,10.8597304795575,498.329098997513,805.515077662415,1201.10812135543,1455.74198410846,1780.18052322437,2742.24862850456,2105.68983979398,1.00316882510357
"N_all[22,5]",393.240569797443,2.57962015592393,97.0148945233043,235.935730596326,324.166601936853,381.8279304022,448.988893832731,615.052521296488,1414.37740047836,1.00340773202963
"N_all[22,6]",1320.47638970233,15.8696144113367,388.451481169623,698.794489714758,1045.51062454844,1273.37533028316,1541.64966482703,2219.77121012751,599.157243538494,1.00720834204102
"N_all[22,7]",522.71480417639,2.60505461680986,143.140286327333,292.482124370033,424.091519256319,508.226851638634,600.415595975212,855.759188385671,3019.18758628656,1.00123232022536
"N_all[22,8]",228.373522254712,2.78195823519888,149.323255956244,63.3581188368392,132.088517619509,192.812770563034,281.637737911457,595.605563553631,2881.06920598059,0.999785519626233
"N_all[22,9]",338.103578221948,1.61205872286706,82.0040099014033,205.818131097094,281.061507952102,326.325106253479,386.228482459525,523.70005598801,2587.66745040868,1.00270945928802
"N_all[22,10]",169.646511255528,2.77158696420257,76.17351876207,43.350005577017,117.427135894462,160.086195488019,210.59472098016,345.240588113203,755.35483890468,1.00414659569567
"N_all[22,11]",1549.05030850789,6.60834697722266,362.695712213916,946.5886580371,1296.75087906124,1512.03858900701,1760.84228790244,2372.24371024654,3012.30655531099,1.00016877895834
"N_all[22,12]",702.05433647651,3.20254340439522,169.091430036363,421.591443219711,584.927330909698,684.261659114052,800.64099311617,1079.78350917696,2787.74563918014,1.00258589474438
"N_all[22,13]",117.912964247324,24.1644293937237,1247.75912556692,8.88098782929739,26.8093964196101,43.2111838637361,70.5896635070426,258.659399520649,2666.2963662382,1.0003467444569
"N_all[22,14]",40.9950753432568,0.340476630636864,17.3374986379344,17.237144099893,29.0678599564742,37.8099826057896,49.1079534958822,83.026117344356,2592.9746019411,1.00034074814665
"N_all[22,15]",448.54952804028,1.92116073130256,102.719967031168,285.266737841626,376.685988092162,437.547936028135,507.873592437866,677.059166797177,2858.79056816301,1.00107648268539
"N_all[22,16]",1054.15536296664,5.18812469393784,268.746727304708,618.239746093773,865.833318884536,1023.90010409926,1203.92985737842,1677.70139399053,2683.27730479283,1.00153111212581
"N_all[22,17]",9835.78515718674,39.7786194483466,2319.31763445711,6039.91189890772,8222.82425073016,9566.7335525141,11167.2858517605,15007.9208134515,3399.54697923205,1.00004271682567
"N_all[22,18]",1274.68560752006,13.559564903001,327.889522816894,766.531573628625,1038.67537373448,1229.8368094654,1467.03224661951,2025.04393277189,584.74103355534,1.00656722003188
"N_all[23,1]",187.910835979102,1.3710799224486,45.4153646810103,115.430550765013,154.744448280467,182.450104888238,214.690839797642,291.097803222615,1097.18552468058,1.00584109246957
"N_all[23,2]",549.129838351914,3.86706528869766,177.150076282986,278.590661869568,428.166420594646,525.423749133771,646.260107844111,949.79446176015,2098.55172657152,1.00160802575953
"N_all[23,3]",275.874986217741,1.94375672847607,86.2964263556883,139.633072197632,214.974585671313,265.791583039426,322.062848857513,479.656429512105,1971.06888989728,1.00090170453242
"N_all[23,4]",1463.31544800739,7.88874252476518,467.155404081825,776.152892708436,1133.63660461038,1391.41299824469,1698.70879550935,2601.09643748028,3506.76926075072,1.00059688142006
"N_all[23,5]",394.414698778708,3.13683668118642,101.466019341531,232.929003184771,321.162398452227,381.885752174292,453.191226777236,634.83612465836,1046.30290175281,1.00465654801742
"N_all[23,6]",1409.64463156948,16.4594150608185,430.660664824372,740.210650255985,1100.43014680521,1358.88788643206,1658.93874610103,2419.08312821239,684.607446784275,1.0057871221612
"N_all[23,7]",567.364191664059,2.52023194517897,154.990186970047,320.790065610578,457.973659616834,545.939031097081,654.708737959374,930.21327151972,3782.05099236741,1.00053187270621
"N_all[23,8]",243.537461206188,3.42474752365442,175.850551333006,63.7298291192718,136.466262735749,200.127698817787,293.531340589822,674.915892490019,2636.51561550888,1.00034804383418
"N_all[23,9]",438.624494670491,3.16974184248149,113.409563190924,266.888452906616,358.829396395161,423.458481198521,501.646439942715,702.567967732564,1280.12261425841,1.00140137487684
"N_all[23,10]",233.930940328163,1.59920290459712,92.2100186342631,102.280489424901,171.203439679776,218.892825366234,279.717317855067,453.229224730244,3324.67409686186,0.999811815553413
"N_all[23,11]",1608.21058950717,6.60465505404892,378.715735657314,992.614718476167,1341.95522357514,1571.87977013995,1827.8664386612,2491.58068488873,3287.95920337338,1.00063820204176
"N_all[23,12]",695.285011303277,3.70639357272563,203.40956678464,369.437226210129,556.989363230874,669.549013199866,803.678814953371,1158.09314424594,3011.89398772323,1.00206129279945
"N_all[23,13]",269.481314060045,101.29775468969,6222.20937515479,8.61504179239179,27.1563971890842,44.9728042145015,73.4115962772245,298.563328260682,3773.02431056745,0.999728651340083
"N_all[23,14]",52.9576928074641,0.497142361261581,23.4688934847917,22.2311369390675,36.9903424259369,48.3170728968225,63.4369466497033,109.981481852285,2228.55669086462,1.00126446470614
"N_all[23,15]",461.793489355269,1.86009867673386,104.963510459156,287.725295906324,389.21590635862,450.176330625137,521.014599923585,704.355549911223,3184.23217628537,1.0006143982572
"N_all[23,16]",1189.50505011389,5.58299222247291,313.380217466886,699.397311932847,964.527935245181,1152.94785426795,1367.68916135614,1908.49964895907,3150.71491976347,0.999789187658442
"N_all[23,17]",10488.1604087628,54.1912110217623,3095.81841010643,5650.16592031694,8359.90941340773,10099.3957409651,12163.2532025023,17670.5301754484,3263.57234514932,0.999665619361161
"N_all[23,18]",1469.24139448717,22.6216134693678,408.358437806228,835.681464622529,1181.91237045024,1413.13748905426,1699.9472253123,2434.19063722602,325.863646168624,1.01292292712636
"N_all[24,1]",288.098339150836,3.83083214623477,84.4635389758538,155.934631658323,226.018657254632,279.472417906378,336.714566471183,476.948948089071,486.129864624563,1.01049373848466
"N_all[24,2]",607.093205744325,2.88070740990794,168.9306226116,342.356337739248,485.932753734429,589.494762426599,701.867151059828,989.774327802366,3438.89143870277,0.999767009403347
"N_all[24,3]",281.016747927986,1.77627956401691,89.9771257689598,138.744415828815,217.173826075867,269.47145218623,331.060646436216,499.567085669571,2565.91102786602,1.00206246876727
"N_all[24,4]",1570.77453970398,13.0938677941337,535.04843351882,794.33542475371,1189.12863876338,1480.53535876709,1853.16714063889,2859.18600744871,1669.74553390772,1.0015829715407
"N_all[24,5]",575.999609043487,4.84971386856383,163.29164007749,312.016187653806,463.321180219318,556.526739148549,669.152726209202,957.3905423998,1133.69353446121,1.00406312832918
"N_all[24,6]",2434.11664302742,31.5596090192714,825.624524430051,1208.85226665645,1846.51629638069,2296.12424090018,2887.21023017528,4411.9085998226,684.387298809012,1.00747575353575
"N_all[24,7]",671.457529018073,3.86982127707755,199.492770713091,365.694968902868,534.784112102437,642.484582550612,774.267453663437,1127.37188149879,2657.49531853404,1.0004463232142
"N_all[24,8]",270.886153160455,4.35866995518708,210.998648761264,67.9471401778406,148.878171605814,219.06112326234,325.423144472266,785.867823783589,2343.42672518297,1.00111126813015
"N_all[24,9]",504.592414059268,5.48453540777308,140.94615014572,286.776269853214,403.182084644021,486.836282359245,586.04977882275,828.432348205764,660.429929646848,1.00714611648303
"N_all[24,10]",370.489454039039,7.48774420194124,182.493277732215,151.360173389111,249.104610768523,328.532889194199,441.795584835066,850.733665800704,594.007247785759,1.00476025090132
"N_all[24,11]",2018.78613146519,16.6895648894357,524.023130555781,1182.80627985752,1640.32745305533,1949.35801747963,2330.1893729001,3210.20252370582,985.850102182261,1.00644756718201
"N_all[24,12]",762.754232453104,3.60095884266372,192.937579631309,453.904529406939,629.948143129511,738.647897099892,874.061315086735,1197.39500126666,2870.76297858907,1.00118375395738
"N_all[24,13]",507.531613752747,214.508252243176,13158.8755845725,9.94246027482063,28.7202023059447,48.3625794670393,79.8534143611957,354.797485958155,3763.13286940702,0.99982253758217
"N_all[24,14]",72.7592404761109,1.72575028142079,39.7193000978168,25.7276347557028,45.4679799145756,62.9077593315217,87.513801996144,181.422096079933,529.721095375677,1.004568842057
"N_all[24,15]",554.83898446151,2.9097671312189,144.740262997096,322.976299637139,453.268422182806,536.255740195263,637.888275821995,896.949944936104,2474.35635907968,1.00144902850946
"N_all[24,16]",1718.05274746131,22.0453729925285,587.145110423334,873.573195480136,1290.27942780353,1606.41705418016,2039.82680366878,3149.66883253132,709.342522055035,1.00558194965943
"N_all[24,17]",12298.5646232425,69.6146609688852,3484.50275257629,6859.31651966454,9960.09730836657,11828.8458559073,14117.1158478019,20473.572713471,2505.41803323087,1.00155492448651
"N_all[24,18]",1326.85011689515,8.56755270255368,325.307271293513,792.853844462135,1095.03508332784,1292.51994403805,1524.6388011508,2054.87812694646,1441.69692543339,1.00401868775215
"N_all[25,1]",277.439359213899,2.61081612015789,119.471520108825,119.676118863702,197.574176992491,250.724279964193,328.670369177038,590.234775912911,2093.99773693214,1.00184215130241
"N_all[25,2]",532.911115217382,2.72575121204024,163.823494499155,285.616978313155,417.548409396101,507.889919822967,623.033769811867,902.594855603272,3612.26783003721,1.0012171094884
"N_all[25,3]",277.209425379615,1.61481358173687,100.781073501029,128.913218728238,207.283602299952,261.495259015073,325.989161653306,509.219141228558,3895.05122131236,1.00001040731165
"N_all[25,4]",1142.64247326853,13.718315959541,474.933973275666,458.48525648046,806.160744957727,1071.26277778312,1380.6130794189,2282.8604000442,1198.57405164582,1.00261056568823
"N_all[25,5]",533.738703103211,3.98776302150964,236.777794144886,222.754277568746,376.135822221488,488.995290440053,641.847210089985,1096.63599267737,3525.5206021266,0.999742536373841
"N_all[25,6]",2289.9873325392,23.6766674557834,1173.78063028439,912.334030648022,1543.44504498594,2041.51020692118,2710.28001709573,5125.18419348799,2457.72183669061,1.00127558731636
"N_all[25,7]",725.195639244417,4.73016997985092,248.876886592114,360.639375567445,551.492988331049,690.759204695576,850.867237704777,1322.05587384678,2768.31582503646,1.00089127998446
"N_all[25,8]",263.216663583215,5.02993149685293,251.004989660697,57.0958631545424,134.668566022002,203.739064838657,309.889130202787,833.66794068866,2490.23635319272,1.00076347732882
"N_all[25,9]",399.552207224099,1.94331297265891,117.118916107075,224.595041878393,319.214493693029,381.566905553301,461.503213270462,678.120041807004,3632.19025866537,0.999972589009745
"N_all[25,10]",420.743640298516,9.21262253453818,248.484310526848,147.86438317777,257.287108249331,355.600967581549,506.289620950356,1094.6476884459,727.497306772487,1.00366989336653
"N_all[25,11]",1576.55752197155,8.63423934319692,452.27838217497,888.265844574188,1259.3364363327,1518.3044939816,1823.44665241125,2664.06587499188,2743.86976097506,1.00075053056987
"N_all[25,12]",598.850386450796,5.90364347059135,173.935380042269,331.983124395974,471.783459871716,578.72225158781,694.133375850841,1003.74178858534,868.031762673853,1.00612948653924
"N_all[25,13]",2436.95969612886,2095.44171785516,132160.168169853,7.21543433892056,26.224912068013,45.6865708523735,78.029361303061,391.436068076901,3977.86457162899,0.999992948183851
"N_all[25,14]",57.5645388799102,0.468660716873283,28.2084114252838,21.1678447580843,38.4355742143736,51.6676862661232,70.6722792935687,124.25949551726,3622.76491856729,0.999737495154418
"N_all[25,15]",551.493580581219,4.5608927801905,228.645329949897,233.893946581013,395.732267009416,511.002728238326,661.879939437546,1116.35898233705,2513.18781447981,1.00058667606587
"N_all[25,16]",1602.43602346481,13.1272428749617,744.211919338715,645.056088636563,1097.08213742282,1436.06771471089,1928.38858909421,3475.77942817982,3214.00243850689,1.00023206626641
"N_all[25,17]",11804.3659330737,86.513113824054,4793.75100192179,5050.57778755631,8611.70338504683,10930.9884121445,14053.9748182171,23850.6636124911,3070.34414468379,1.00022824739712
"N_all[25,18]",1163.64127832158,5.82610216646203,321.92019087624,675.374048390339,938.496353924998,1125.03315435133,1342.88105945523,1899.75344745171,3053.09445734051,1.0001887103672
"N_all[26,1]",454.904450677703,10.150315040088,635.428647649949,30.0579229876434,124.486286795147,260.624836400266,530.407228091339,2012.4152163784,3918.99344970702,1.00021356529722
"N_all[26,2]",874.849248980019,22.0744216139823,1206.88846971027,66.9416843454872,254.736894220013,494.782934505097,1030.23836995183,3890.1690382955,2989.20438046145,1.00019314368876
"N_all[26,3]",457.527777186428,9.81716941670766,601.995837872934,32.8373034976555,128.935008436131,260.50297681082,554.928060790772,2103.88774432585,3760.22996273964,0.999644304459121
"N_all[26,4]",1988.65935290219,53.6416794907981,3075.16208112161,127.293543137518,543.895096749726,1064.24318511962,2240.84688100463,8927.90348509446,3286.48222643702,0.999335427378124
"N_all[26,5]",846.504286038815,16.9853137352845,1108.0716370854,61.5379758188786,244.108366575825,491.054315265866,1016.03791684179,3964.89807960065,4255.87173765873,0.99944558704013
"N_all[26,6]",3770.11254452467,88.4691217810901,5354.29175050092,252.367696036958,995.599983108926,2134.03697004972,4449.12944658686,17695.6376763518,3662.86262956251,0.999521081082926
"N_all[26,7]",1229.69583460862,28.2936564690262,1800.862005817,98.2187157201247,344.270887760644,716.528555375682,1453.5685834188,5133.21678762968,4051.19099526577,1.00035404145152
"N_all[26,8]",426.567187872314,12.4859198426817,716.185129494938,19.608512605831,95.8470861310885,212.892329723154,468.849177854046,2109.80269853823,3290.10314682575,1.00123854556211
"N_all[26,9]",674.276633666533,13.8373675156241,877.831204582269,49.6453922184221,190.529651788022,400.177768407538,820.936735796728,3002.64121425907,4024.52915592258,0.999591134009634
"N_all[26,10]",701.928445842139,21.1969226061593,1091.0896462634,40.7278959951998,168.904907715218,353.679682368363,766.567558929228,3657.51434733769,2649.56904332258,1.00101411179584
"N_all[26,11]",2664.45470487303,59.4173361640751,3730.99810932053,212.170140906077,776.093475518226,1555.97843373945,3086.97762564998,11729.1718584311,3942.9720925866,1.00108525099916
"N_all[26,12]",996.311458745211,21.8169383633751,1387.56481276472,74.0655951693641,291.133728546784,586.636496140296,1137.30268549002,4271.21292549836,4045.00391916146,1.00058560469812
"N_all[26,13]",19394.198459685,19075.3761397043,1207647.8796633,2.98863332174903,18.8285997823259,46.4960290276299,111.883222461227,795.858291106564,4008.06195062261,1.00000162841167
"N_all[26,14]",98.8950128600712,2.32951816854424,145.658289785734,6.20372445754657,25.0216120594872,53.790915496344,113.289841298712,469.729910688935,3909.65296001688,0.9998612058596
"N_all[26,15]",903.355379069755,20.6562632719349,1257.48827630256,60.2655611936893,255.39784743867,516.710161088127,1077.17621405575,3910.44915618546,3705.99107538422,0.999817607990814
"N_all[26,16]",2776.81816962874,67.424957952004,4340.93643157416,174.987199344119,708.783443755028,1506.6751461041,3099.78573391862,13116.0879860493,4145.00905500837,1.00039987343616
"N_all[26,17]",19749.7404852989,463.964689448863,28564.140346434,1335.28180042794,5389.1597242168,11277.5920990385,23425.8402668663,87193.1569911143,3790.2901584725,1.00010409043343
"N_all[26,18]",1960.30336309796,41.7106539018417,2571.92431716446,142.31374989392,545.735600933546,1137.21404642736,2315.68530431767,9088.0572412098,3802.08982178916,1.00003242901985
"N_all[27,1]",809.629210274923,41.2863016002727,2617.36560046242,14.6771710356432,98.807681612759,259.872083822642,721.773540585117,4604.75769128621,4018.98901291727,0.999603212409066
"N_all[27,2]",1384.85068514539,53.1925008583147,3183.52574555132,33.1444605442669,191.272183459587,505.622259833285,1347.11726489644,8016.19240355111,3581.92026697612,0.999693536713078
"N_all[27,3]",774.720104364106,31.9351771496022,1999.52676083346,15.531850465266,98.5043799237166,265.518099015375,714.839672185316,4816.06274079138,3920.26822637005,0.999565814148002
"N_all[27,4]",3282.35344228276,134.764988634479,8380.07109308637,57.0258334808008,403.658378604982,1094.76970166536,2898.87035045205,19879.3677354113,3866.70685218867,1.00035351115592
"N_all[27,5]",1442.12594932797,48.495111750428,3090.62514792574,28.2883543383497,189.903044834585,513.093069801625,1332.55717804857,9328.66774805175,4061.59615483846,0.999967642201085
"N_all[27,6]",6129.51031950337,223.543638809856,13886.1936083907,117.300837716696,788.19858333301,2088.15729727625,5912.66527504698,35590.7791735778,3858.70697573253,1.00064723828952
"N_all[27,7]",2034.81045482759,78.6569089575973,4804.19975362052,43.5505888239355,265.550552306339,721.782967911612,1910.02130291338,11876.8581299018,3730.51131893028,1.00005036563142
"N_all[27,8]",728.491952864957,38.3855088295662,2373.43909958064,11.0381521756981,74.0624145746902,211.615249353338,591.25104701655,4406.32947402219,3823.1521445631,1.00026609424283
"N_all[27,9]",1064.75732323459,35.1211799487216,2222.14590248927,26.8879437871749,146.893572822735,393.314240656593,1043.33594936737,6619.79307936202,4003.19683557369,0.999748328413762
"N_all[27,10]",1171.97711726808,57.8763640545251,3316.68835404786,18.7716961693657,121.142846131867,348.355961499646,1001.63006412066,7362.00829843042,3284.02800594375,1.00127442438054
"N_all[27,11]",4429.52168966384,183.939239191543,11715.3713838204,96.0823040984791,576.195265232453,1559.08404402019,4087.81498152884,25934.440613001,4056.61086401315,0.999797410331031
"N_all[27,12]",1626.54718591636,65.426849027804,4134.05138326709,33.6721892907445,216.446414896967,577.084084447989,1498.68281053687,9926.53813935412,3992.4522479168,0.999759732816021
"N_all[27,13]",9609.96666880312,9032.45815879485,571850.934379715,1.75213444445919,14.918545622802,45.8107313965822,154.692516866069,1600.13416922443,4008.2403274391,1.00000195538115
"N_all[27,14]",160.559994745609,7.96308416804634,502.744959299888,2.77112056106722,19.2824148676002,55.2935082246746,145.121249442193,962.20090460956,3985.9590946767,1.00007476561626
"N_all[27,15]",1457.71329464906,49.667342269334,3175.39575371763,29.5099039667185,185.47170636677,532.237987319829,1392.73122576753,8607.6217561398,4087.4633996536,0.999559747839527
"N_all[27,16]",4726.65756910276,213.183893761869,13773.525258463,82.4211602393949,580.830581470914,1514.78524356674,4245.03883294145,29151.3177674196,4174.27867358591,1.00007486572256
"N_all[27,17]",32487.0481871594,1284.5587303357,82093.6872433038,657.44175867008,4210.04403448437,11181.4485202392,29553.0104994961,207873.718449643,4084.24320075771,0.999917562382061
"N_all[27,18]",3207.98850962508,125.931390069156,8050.28427440181,66.8994069495482,424.714385463483,1154.70759533465,2971.97361674522,19266.3652094799,4086.52762088669,0.999632659072513
"eps_all[1,1]",0,NA,0,0,0,0,0,0,NA,NA
"eps_all[1,2]",0,NA,0,0,0,0,0,0,NA,NA
"eps_all[1,3]",0,NA,0,0,0,0,0,0,NA,NA
"eps_all[1,4]",0,NA,0,0,0,0,0,0,NA,NA
"eps_all[1,5]",0,NA,0,0,0,0,0,0,NA,NA
"eps_all[1,6]",0,NA,0,0,0,0,0,0,NA,NA
"eps_all[1,7]",0,NA,0,0,0,0,0,0,NA,NA
"eps_all[1,8]",0,NA,0,0,0,0,0,0,NA,NA
"eps_all[1,9]",0,NA,0,0,0,0,0,0,NA,NA
"eps_all[1,10]",0,NA,0,0,0,0,0,0,NA,NA
"eps_all[1,11]",0,NA,0,0,0,0,0,0,NA,NA
"eps_all[1,12]",0,NA,0,0,0,0,0,0,NA,NA
"eps_all[1,13]",0,NA,0,0,0,0,0,0,NA,NA
"eps_all[1,14]",0,NA,0,0,0,0,0,0,NA,NA
"eps_all[1,15]",0,NA,0,0,0,0,0,0,NA,NA
"eps_all[1,16]",0,NA,0,0,0,0,0,0,NA,NA
"eps_all[1,17]",0,NA,0,0,0,0,0,0,NA,NA
"eps_all[1,18]",0,NA,0,0,0,0,0,0,NA,NA
"eps_all[2,1]",1.60498305544439,0.0411087118271535,0.960829714543761,-0.437231087869939,1.01742042275101,1.65568340954367,2.26268211727412,3.35799542703513,546.292345108151,1.00942380296135
"eps_all[2,2]",0.223910816261197,0.0178576620462816,1.0062943057491,-1.70419718206866,-0.46672457317939,0.231354421396136,0.908075178234704,2.24171891461153,3175.41747798162,1.00043389575244
"eps_all[2,3]",0.295364773177078,0.0165502614308121,0.965989972695611,-1.59944571346981,-0.362606223435321,0.285004629095371,0.963961023735134,2.16834388597756,3406.71278138726,1.00107997135265
"eps_all[2,4]",0.41435999651193,0.0189195432095986,1.00234418957659,-1.53147555666626,-0.272462005426677,0.419518164298821,1.1064238833789,2.38792266196308,2806.80641897537,1.0000035630439
"eps_all[2,5]",0.783068628943696,0.0176207703874108,0.930949263543768,-1.09075544690059,0.175876591790955,0.78497501101864,1.37789394390235,2.60117418919693,2791.27252885294,0.999330170582148
"eps_all[2,6]",0.652060847444409,0.0185615092094049,0.944312822826679,-1.19437014745426,-0.00040623720285281,0.651814310547299,1.29933896337781,2.46520594688568,2588.24392707749,1.00071839553736
"eps_all[2,7]",0.0704262097098025,0.0176246293954516,0.990337670282494,-1.87184591530298,-0.581394097524498,0.0605484440082374,0.699391357634079,2.13012120861514,3157.37823453482,1.00054568235575
"eps_all[2,8]",0.491740500471997,0.0156736810182309,0.909223832093519,-1.29639220679461,-0.127466130371388,0.498607788062484,1.10310504399697,2.25966714654771,3365.11269803687,0.999727014582545
"eps_all[2,9]",0.0486402320708872,0.0161619879524903,0.995418722143525,-1.93387438086928,-0.636876985590946,0.0573745007511661,0.737085391625808,1.99582539249723,3793.34246022437,0.999724266428082
"eps_all[2,10]",-0.117859542737572,0.0164215485846659,0.978738718461161,-2.01657411548953,-0.77734490117479,-0.124261778036807,0.552774518165012,1.78919189499997,3552.26469245428,1.00033175902039
"eps_all[2,11]",0.169235233188495,0.0152275185825492,0.944828920572026,-1.72476724530036,-0.442759937936704,0.155665916588952,0.819503921500119,1.98550665557704,3849.88786634802,1.00041854698539
"eps_all[2,12]",0.123016344060212,0.0148030831626789,0.927803158147871,-1.74272298855825,-0.49643431781256,0.101588621246593,0.75640888860743,1.95411008043359,3928.32431384521,0.99986180249289
"eps_all[2,13]",0.142517504129996,0.0160035017469154,0.971921835079604,-1.81262465915974,-0.495776229269353,0.141296100925234,0.771499038895993,2.04480613279188,3688.35432191104,0.999501074389911
"eps_all[2,14]",0.0329986645384912,0.0142088885592434,0.966261580564967,-1.90105992145774,-0.598995518101572,0.0467414585803922,0.692353532174706,1.84959014453889,4624.54710759769,0.999382393940071
"eps_all[2,15]",0.280563783190007,0.0153567253044753,0.963221078522433,-1.59050502926168,-0.378447253204291,0.300421711813952,0.92482202340878,2.1608634679452,3934.18450909911,0.999777381037153
"eps_all[2,16]",0.18682745259907,0.0153333217946408,1.02353736719058,-1.79226528518757,-0.495008881012533,0.200174481086081,0.878121659522729,2.19027425928737,4455.89455052354,0.99948091844877
"eps_all[2,17]",0.336747581056254,0.013965326438973,0.973370589517182,-1.56783029101033,-0.301410789171343,0.339409536575626,0.963888950638315,2.25344828468789,4857.96359768131,1.00071879476688
"eps_all[2,18]",0.0688314808406545,0.0149183757283243,0.986870814565304,-1.87797977014549,-0.586651992090758,0.0582948046050563,0.731309323740282,2.01838035654266,4376.00217395666,0.999921820606898
"eps_all[3,1]",1.20785418831359,0.0202856432603486,0.820482876221099,-0.475993705320087,0.681543343535199,1.23748647336904,1.72958757635675,2.74368602344719,1635.91779146226,1.00373478282363
"eps_all[3,2]",0.177719931693157,0.016368615967763,0.963482338388329,-1.67926037144422,-0.48129353694002,0.165163400985593,0.83178809481251,2.10068621920823,3464.68373098509,1.0005338485897
"eps_all[3,3]",0.0813456383396222,0.0168079104972497,0.941705233005323,-1.75707476966635,-0.571461358346328,0.0738432595892875,0.717716696660234,1.95346073588952,3139.0809403915,1.00121974867717
"eps_all[3,4]",0.325958265134627,0.0154277211546358,0.952485117809341,-1.55528175623331,-0.279093201730584,0.314669089160578,0.963620316536672,2.20286726515059,3811.64842738724,0.999738571378614
"eps_all[3,5]",0.670894424438737,0.0146911578220433,0.902377052004908,-1.13018410234667,0.0792714975014591,0.683630028174254,1.26442883577837,2.43558064311112,3772.80219719339,1.00011671709674
"eps_all[3,6]",0.10822117771095,0.0192219114187206,0.901546282204454,-1.6553089287063,-0.500626171979297,0.103658930933156,0.721603627195005,1.89145282459431,2199.79854508773,1.00041043775953
"eps_all[3,7]",0.0596611862342253,0.0165529296190404,0.964523534424519,-1.80127567624639,-0.575705428811966,0.0457783292213651,0.715174408211746,1.98452049167762,3395.28254559475,1.00001528687467
"eps_all[3,8]",0.470490448868505,0.0150606792132209,0.891289554741586,-1.30413331021294,-0.132851021429242,0.477628330162764,1.0667262842652,2.23642604139918,3502.2610746089,0.999567354773935
"eps_all[3,9]",0.0196439265507602,0.0142772546748525,0.958980069771901,-1.86966777293255,-0.628556205227523,0.0184218423495819,0.667668188846681,1.88283157600962,4511.59129454403,0.999340190882826
"eps_all[3,10]",0.00491609248429174,0.0144840386426179,0.915691667864131,-1.76235136518056,-0.619016943302913,0.0204300487340619,0.619366072596931,1.76598859839215,3996.86219913688,1.00074986920365
"eps_all[3,11]",0.289065237626999,0.0138034983908047,0.914770838622506,-1.46190826980207,-0.326849353071522,0.278361782310822,0.896291165279032,2.06681209075577,4391.83772829858,0.99942568690797
"eps_all[3,12]",0.332102449067477,0.0150532991319331,0.939637764094854,-1.45501214795316,-0.303911796882499,0.331395192032311,0.973428368738998,2.11403189631815,3896.34623476427,1.00010763447291
"eps_all[3,13]",0.00395285826191689,0.0139710976977875,0.969393624975074,-1.91200100101095,-0.664465865283553,0.00214706646648091,0.662103094706479,1.85995688056439,4814.36773063641,0.999922730817421
"eps_all[3,14]",-0.0921061049223151,0.0141511438514327,0.935935021823741,-1.92965576790793,-0.740945632246827,-0.0768494710560362,0.546757440311275,1.6739072910733,4374.29738911262,1.0007311915639
"eps_all[3,15]",0.217494780089711,0.0129910336407958,0.933562148137334,-1.60133373943225,-0.388908628115409,0.20810583909477,0.830052416338494,2.06245955364826,5164.15245001083,0.999814971305644
"eps_all[3,16]",0.103755809886495,0.0129841765714035,0.950084627647141,-1.73574152463832,-0.545404824047642,0.0856403004423546,0.741600079370153,2.00309426239005,5354.2143896725,1.00061450073805
"eps_all[3,17]",0.030457920271285,0.0159812925766651,0.96940777833762,-1.93248659277393,-0.612361321264962,0.0242110394616007,0.678449203073617,1.92346765415848,3679.50328834331,0.999334262740087
"eps_all[3,18]",0.067812864927153,0.0133376921142383,0.960422594663551,-1.81432196962358,-0.592509051606477,0.0897199680786915,0.711752061208041,1.93162543125885,5185.1743169583,1.00013256285722
"eps_all[4,1]",-0.0843865493013326,0.0332090135355155,0.88057105851714,-1.72369457613047,-0.703422640952761,-0.120734487302594,0.486047900137252,1.76415490960879,703.099622336893,1.0084243952947
"eps_all[4,2]",-0.0124312437132335,0.01820357991298,1.03749069577277,-2.06596302122164,-0.690027301956454,-0.00331618663310727,0.691345446243199,2.01557704155799,3248.29012586607,1.00028834575132
"eps_all[4,3]",1.47635127019175,0.0227491539197793,0.919470230015517,-0.511872517856144,0.921170518519625,1.53092464435939,2.11121598850689,3.1772918031619,1633.59669743412,1.00037564442789
"eps_all[4,4]",-0.136807027618784,0.0206695848629302,1.00433751534545,-2.07328613359113,-0.829944011457655,-0.143500368798247,0.540979182272411,1.85386897076274,2360.99932204009,1.00067970402069
"eps_all[4,5]",0.00167066348820447,0.0166242102851572,0.887854230284241,-1.73907748367705,-0.57910146790595,-0.015872722393725,0.583984149612805,1.77733936357281,2852.33997806814,1.0028953281702
"eps_all[4,6]",0.0978467864582444,0.0162424915474314,0.878037433398525,-1.64281470684213,-0.497939355562804,0.109278574837429,0.674007677569716,1.82132047628351,2922.27285768595,1.0006547057445
"eps_all[4,7]",-0.00743230353121697,0.0182175512493902,1.01947004735219,-2.00961550978281,-0.690553721592497,-0.00454948990904818,0.694845441773898,1.95917315448999,3131.61915648989,1.00009886207815
"eps_all[4,8]",0.0915274740910313,0.0140083693121971,0.903345528706577,-1.68206747349645,-0.526456626663342,0.0895835085126977,0.699731214051102,1.83084905683901,4158.46100060558,1.00003055867597
"eps_all[4,9]",-0.111167182889808,0.0167859295013583,0.981363499101235,-2.08665357039998,-0.749112733456959,-0.101226032562903,0.522360239204745,1.84271415989045,3417.97602376759,1.001100554455
"eps_all[4,10]",0.579760436261271,0.0226362473555634,0.99698182265764,-1.36283690461978,-0.0843945761592031,0.592431718384764,1.26250908550631,2.47273842400027,1939.83869562154,1.00034388580465
"eps_all[4,11]",-0.00178454955587268,0.0156861427650555,0.955874579274075,-1.86927297621059,-0.655466839658706,-0.0204254575862235,0.641954625752212,1.89469798925619,3713.38088383407,0.999832327166998
"eps_all[4,12]",-0.211637365168641,0.014968068960571,0.950791680242453,-2.05070198279425,-0.866429067941186,-0.222517490264157,0.45252211892788,1.61588150478505,4034.95963941699,0.999990453313915
"eps_all[4,13]",-0.151754186179137,0.017324335075058,0.989685742545364,-2.07859973362062,-0.832243662840289,-0.146655846105798,0.510428582131322,1.78195488835051,3263.48392464619,0.999278440326615
"eps_all[4,14]",-0.29048822130158,0.0155028443514956,0.949055004276503,-2.1498889423672,-0.950297088137252,-0.287591946490463,0.350775768618418,1.55697542398281,3747.65836185142,1.00095837301053
"eps_all[4,15]",-0.287778696827263,0.0185333278397152,0.977609385688044,-2.1528222276695,-0.963917938179937,-0.293305438605453,0.368188726535003,1.67545447659003,2782.42783051546,0.999787174445415
"eps_all[4,16]",-0.0238521664848971,0.0139140248027771,0.969269617297562,-1.87004304599526,-0.702117645879334,-0.0406046126470405,0.647651328224978,1.87348122806963,4852.70233808653,0.999836032773747
"eps_all[4,17]",0.0643135851529086,0.016245043229454,0.972895949324307,-1.89606919376055,-0.575891827904159,0.0564257660387263,0.706633092735719,2.00926388783325,3586.66692298238,0.999706900250174
"eps_all[4,18]",-0.216192966128554,0.015873741554119,1.01899368355177,-2.27056753580922,-0.890227983740412,-0.219935683082599,0.458070648718162,1.85745724818445,4120.82691673583,0.999872275218899
"eps_all[5,1]",-0.257443465230971,0.0182138889674257,0.813932360327214,-1.8018003812437,-0.807653482395563,-0.273396727927371,0.28078554856618,1.36951607764538,1996.96871642334,1.00206853696679
"eps_all[5,2]",-0.158665276910486,0.0157904309171149,0.965696582675289,-2.12684329519689,-0.804423235751372,-0.158341757607915,0.496800239081776,1.75175769489681,3740.18793715886,1.00077197021106
"eps_all[5,3]",0.700065092123496,0.0122028067222746,0.795247864522568,-0.804652904861159,0.175719461973818,0.685363985513995,1.2210279658565,2.30089568519737,4247.03224076268,0.999409374236711
"eps_all[5,4]",-0.164986133601873,0.0175639764081122,0.957673708956749,-1.99997913333519,-0.8283619608724,-0.15795096095765,0.464425274375609,1.69919681455447,2972.9625575263,0.999532519729069
"eps_all[5,5]",-0.061483171442542,0.0142419278269142,0.881339542435674,-1.85839795503838,-0.63836690253876,-0.0383780574046882,0.526155761131386,1.67341098169952,3829.56063527687,1.00039528441832
"eps_all[5,6]",-0.677711288956492,0.0255843749847242,0.925094483749179,-2.44560286436169,-1.31356041974693,-0.692521344890347,-0.0667859933255356,1.20080201370128,1307.44238218851,1.00187946447256
"eps_all[5,7]",-0.0249781653185831,0.0151270036649205,0.970140006711237,-1.89565581647789,-0.688275482299411,-0.0282057178299419,0.620239690534432,1.85433313733318,4113.04067715895,0.999780701712289
"eps_all[5,8]",0.0562340114720941,0.0145779749492467,0.88145936813191,-1.62764060063524,-0.540805521421948,0.0440818229496911,0.654293575317801,1.80091374368533,3656.03375173607,1.0006901487384
"eps_all[5,9]",-0.0766064423168199,0.0149838043726236,0.960975516396385,-1.96260287021107,-0.709249102662217,-0.101236566071571,0.572517725506111,1.81771021444367,4113.20596782889,0.999810842300713
"eps_all[5,10]",0.0563639823792918,0.0135999745253308,0.926520532535968,-1.74205164328349,-0.569476646721622,0.0596198770879623,0.676275758220682,1.86442459261191,4641.2387174151,0.999430100408903
"eps_all[5,11]",-0.00207249329737802,0.0159674191850188,0.967239823201445,-1.87098196932252,-0.676456228668826,-0.0101830579384069,0.658719622535888,1.87725790358066,3669.43234190792,1.00029195861386
"eps_all[5,12]",-0.203528397487955,0.0151201058613941,0.934699384580898,-2.0559904750111,-0.822417467916909,-0.202870829089241,0.4214223705777,1.65432103067674,3821.50339572158,1.00054208632798
"eps_all[5,13]",-0.283096494226583,0.0151734648357843,0.965408328802125,-2.21711889969418,-0.921435860145607,-0.300880737925853,0.348798881538325,1.61690942522712,4048.11235151862,0.999368342482209
"eps_all[5,14]",-0.357129529014713,0.013143263854864,0.924979341343252,-2.17236573042141,-0.965621161605643,-0.340854522924983,0.246373702305119,1.43808949865917,4952.87780398619,0.99985311612639
"eps_all[5,15]",0.0448130270367753,0.0139882485222775,0.950424026464116,-1.83556339577632,-0.605787880941171,0.0513321614771511,0.682169042449237,1.88703574175438,4616.44997762882,1.00066724492422
"eps_all[5,16]",-0.0644667208721819,0.0144335871665967,0.951234521777838,-1.97846457455481,-0.709547316870666,-0.0581647348565766,0.560115382474017,1.8228760855916,4343.36820241846,1.00039557238555
"eps_all[5,17]",-0.0632330618561161,0.0141539659828681,0.983350986881853,-1.99157958628636,-0.752575228806775,-0.0467251498192328,0.625395418926987,1.89391298077299,4826.81685882143,1.00029983514647
"eps_all[5,18]",0.0720480418421989,0.0136305767230714,0.966779253790839,-1.78734911383388,-0.603261189802845,0.0747721158038037,0.72195671224905,1.95092132126975,5030.67407353086,1.0003715407105
"eps_all[6,1]",0.316013621620227,0.0126810800068481,0.803086587001203,-1.28181315093493,-0.2154185745417,0.328528513063867,0.852026739847353,1.91917990193168,4010.62687576063,1.00010652650711
"eps_all[6,2]",-0.0691566074801299,0.0172000860112214,0.964989982412828,-1.91998014126857,-0.735790834605507,-0.0812597220086334,0.596229141855784,1.77635590409991,3147.63504919977,1.00076313733916
"eps_all[6,3]",0.76494472295736,0.0113803110440936,0.752726187730042,-0.73073202720426,0.274788275877874,0.751748454887045,1.24964665579234,2.30817561277502,4374.87638976591,0.999937008565461
"eps_all[6,4]",0.219373638606427,0.0172920473456452,0.912232318996809,-1.65560416726095,-0.373996069463178,0.241883840695376,0.839718162044651,1.9440350958705,2783.03121320984,1.00170033439272
"eps_all[6,5]",-0.59074140356121,0.0222776625106575,0.889144880903429,-2.29919451174311,-1.17921853666451,-0.59150964151424,0.00205007300001636,1.16031945431005,1592.96349718584,1.00360897716634
"eps_all[6,6]",0.447636998257379,0.0241035362216919,0.888228901868142,-1.31654543161747,-0.155395587301526,0.478054364120202,1.06956214443724,2.12489107510779,1357.96406009876,1.00277477206805
"eps_all[6,7]",0.0600687967263821,0.0171430678818324,0.9703055755301,-1.87662422736669,-0.611653225243947,0.058593061772457,0.726121073827448,1.93212003279885,3203.61238657624,1.00027982134735
"eps_all[6,8]",0.231057426540394,0.013742456323533,0.899503350366938,-1.48335812801976,-0.373664832771672,0.231398999215655,0.823286942434764,2.01200080938728,4284.27006977591,1.00036216337786
"eps_all[6,9]",-0.0596642384876811,0.0160521847407874,0.997465425375717,-2.04047893739251,-0.72051410739815,-0.0588244863955029,0.640957129559136,1.8278947062977,3861.24539380705,1.00033732374123
"eps_all[6,10]",-0.170061786900553,0.0164940066441935,0.932605055631288,-2.00769110246115,-0.806965952943307,-0.167423843956752,0.475132303685391,1.62388298799282,3197.00415355032,1.00049241394015
"eps_all[6,11]",0.135625225302089,0.0157968849121769,0.978515672459918,-1.80584402697553,-0.521388749465666,0.137422932826022,0.808187286469121,2.05296662036227,3837.00763769649,0.999482099882742
"eps_all[6,12]",-0.21644316765632,0.0146548736662401,0.978989114213079,-2.13376051032411,-0.876406954646785,-0.222694231345547,0.44129153714883,1.7282243293226,4462.63705913207,0.999625587637074
"eps_all[6,13]",-0.32299172148383,0.0180551407368971,0.986549084251711,-2.25593983958255,-0.980709005852711,-0.332093860481549,0.356509912410757,1.59643936393863,2985.62761846654,1.00216996438606
"eps_all[6,14]",-0.232373645073773,0.0161172030460028,0.963199470738387,-2.06770149494493,-0.90375848574653,-0.234483810550126,0.420846064725743,1.6561350764148,3571.52024376672,0.99967770633343
"eps_all[6,15]",0.231529013217709,0.0171773847773138,0.952705147355443,-1.65470582614755,-0.406890683986437,0.228226827953709,0.867721359467368,2.08684570603213,3076.11760490196,1.00051306485292
"eps_all[6,16]",0.362219152974499,0.0155807387819907,1.00721117278159,-1.68456711929663,-0.312145891835542,0.352949525176678,1.06595399115811,2.30159753666633,4178.92884415338,0.999733905188139
"eps_all[6,17]",0.286464781332858,0.0136396522995314,0.977689592838827,-1.68476364254207,-0.368661033772302,0.300283296907349,0.957197412801098,2.19146031995589,5138.01521088716,1.00009927911167
"eps_all[6,18]",0.0596371681357437,0.0132494385388128,0.978996967467192,-1.85140063023413,-0.588554460932586,0.0723554488901127,0.713209712787781,1.98698472221208,5459.68697045528,0.999941570313231
"eps_all[7,1]",0.109263504629629,0.0121921946464856,0.770941025688354,-1.37256661589647,-0.41221407768928,0.0993936421488916,0.630042312491458,1.6259453374737,3998.32911703396,0.99977726126616
"eps_all[7,2]",-0.0765917384017578,0.014348322698884,0.847771077399447,-1.68761884932894,-0.65516738033747,-0.0816968562999651,0.489011032855952,1.64573377666092,3491.04077245801,1.00053567530562
"eps_all[7,3]",0.436076123756082,0.011133909543248,0.748998002664583,-1.06760128951291,-0.051016953192883,0.440776569131504,0.932133371180456,1.88128333366541,4525.49346385917,0.999575458169856
"eps_all[7,4]",-0.23592279610743,0.013330913199321,0.85382746951756,-1.85528444997109,-0.803020390601423,-0.260968988867812,0.320487340193986,1.51320378047223,4102.23413913124,1.00029788801347
"eps_all[7,5]",0.0201000477754692,0.0143671189306744,0.852312939619633,-1.68911597127938,-0.543738162284605,0.0288190183625657,0.586929332542897,1.67115772429731,3519.32026267354,1.00280044723633
"eps_all[7,6]",-0.00369742573314423,0.0155334396743704,0.840868412812351,-1.67025019631753,-0.560290893631886,0.00174849468550839,0.550809917356144,1.62001475299113,2930.35884823218,1.00104389423611
"eps_all[7,7]",0.412943265216677,0.0142061387162704,0.900417810969754,-1.46286046289038,-0.189366328586256,0.428346954840205,1.03454704649521,2.13773673684683,4017.31653342011,1.00025256540105
"eps_all[7,8]",-0.0951334693613468,0.0149558605705399,0.885322187743175,-1.77919605749755,-0.708989378958986,-0.110411823857532,0.498272764202613,1.69445080699284,3504.12735342594,1.00081815553624
"eps_all[7,9]",-0.17457171709044,0.0138130370792032,0.9665808121181,-2.01494464543298,-0.83249761939775,-0.174510558956689,0.46390013163391,1.73199709038208,4896.63783496051,1.00080441666177
"eps_all[7,10]",-0.277313662396516,0.0138523493208519,0.936727240915623,-2.08567302326033,-0.92729440447832,-0.277089889579839,0.367010691266244,1.57553440226153,4572.7707654039,1.00075249575241
"eps_all[7,11]",0.0244846480714848,0.0133118131059011,0.924024096360416,-1.78532265601391,-0.585499200208718,0.0483052758130808,0.650035605027591,1.85074471226218,4818.28151015287,0.999551881647714
"eps_all[7,12]",-0.201429509349741,0.0135047070973222,0.935008611579797,-2.07615248485423,-0.822273124458678,-0.18718306707484,0.410897553173339,1.62205249643669,4793.58997182928,0.999388589680219
"eps_all[7,13]",-0.217579103651164,0.0132725824233863,0.932443429592542,-2.04743472491726,-0.854291921467403,-0.200995495922097,0.406679846921552,1.54159588299862,4935.53372822231,1.00002175765221
"eps_all[7,14]",-0.438342126358973,0.014527867477203,0.937106236072045,-2.25283382534025,-1.0672089530205,-0.440292094191959,0.194800758376493,1.41107131553698,4160.77198625117,0.999476334124487
"eps_all[7,15]",-0.103401488162605,0.0120290901098151,0.897889573850328,-1.80190532561857,-0.702020517258543,-0.114656254628669,0.489618816268643,1.64936915599293,5571.60476166872,1.00011680535622
"eps_all[7,16]",0.0853379542211507,0.0133461913962814,0.955738494201417,-1.76554320109004,-0.572936747267779,0.0926965837207065,0.723275160001037,1.969192552202,5128.18234698232,0.999694028716806
"eps_all[7,17]",0.00798887719768723,0.0134831876298164,0.951303124031529,-1.84660359497389,-0.638499856239515,-0.00039183526674293,0.658096327800326,1.90676483243448,4977.9747528401,1.00054003831143
"eps_all[7,18]",-0.0628342956268779,0.0136462461677336,0.988529722729779,-1.98315406918352,-0.727159593257614,-0.0744847059159453,0.603414149323308,1.91082608224732,5247.50742045223,0.999789527411539
"eps_all[8,1]",0.0397790965723473,0.0132209995211357,0.795421138140283,-1.5255826354946,-0.48609710389412,0.0505586725076462,0.584302914070809,1.55757352527708,3619.64248608897,1.00002396787683
"eps_all[8,2]",0.572271850477045,0.0163998416348234,0.861125289033756,-1.22324085314504,-0.0103305358223675,0.6027052906142,1.1681102291183,2.19313805566241,2757.10546100426,1.00346985760671
"eps_all[8,3]",-0.00904002713584239,0.0122581356025583,0.769375592130484,-1.54678067299044,-0.513540206141776,-0.000272845544514495,0.494887857615031,1.49402105177286,3939.38082283796,0.999871819013737
"eps_all[8,4]",0.20241424092624,0.0190588373551337,0.866470173490773,-1.49834669228872,-0.353774433203294,0.224715957925491,0.796174731381714,1.84049627959071,2066.87602398437,0.999817173288406
"eps_all[8,5]",-0.15182613144388,0.0156465984743414,0.825158384471008,-1.82308637937391,-0.675222420179266,-0.148127445705042,0.393137270787736,1.46157794785457,2781.21625056174,1.00036262313026
"eps_all[8,6]",-0.166835179415683,0.0142474272925759,0.86113400039817,-1.84306613257337,-0.748399513116042,-0.182181763261603,0.429730998931848,1.54621521193484,3653.159002656,1.00030679189644
"eps_all[8,7]",-0.178503797345255,0.0150013114859911,0.904908516257278,-1.94053533392295,-0.780235705727008,-0.189731973503972,0.415111569432778,1.61546385899439,3638.73889726071,1.00015565825786
"eps_all[8,8]",0.225853019900738,0.0131786124435907,0.856004354623984,-1.47162808898196,-0.343911233789523,0.223339720332592,0.811029562038614,1.94720836207674,4219.0296270436,0.999546256101136
"eps_all[8,9]",-0.0167797009144455,0.0163531153558552,0.948980026219411,-1.87325125722486,-0.683502927300554,0.0017488379784187,0.622523183379055,1.86963187362354,3367.54294414255,1.00022072958772
"eps_all[8,10]",-0.213630167750155,0.0132628029776443,0.938481551827674,-2.09035494278273,-0.848306180579858,-0.211081074775219,0.421958164770939,1.60792930492957,5007.0374947653,1.00011709234319
"eps_all[8,11]",0.157063271581079,0.0142824942649221,0.971872128309128,-1.75401531118209,-0.505856860297842,0.147499590912728,0.837734679703441,2.08333602104771,4630.31074785899,0.999683360051698
"eps_all[8,12]",0.212209664861035,0.0151366038359083,0.927689539939178,-1.64246693740624,-0.397718312400831,0.221737726506421,0.799412696728786,2.08459400631664,3756.19759809683,1.00104830647283
"eps_all[8,13]",0.00392567995594312,0.0164936896625602,0.999543742268243,-1.95360397541642,-0.68983831067999,-0.0148835710401466,0.716167353093846,1.95398826645596,3672.55215021211,0.999406563348365
"eps_all[8,14]",-0.260350396717002,0.0147712424214132,0.976399279024854,-2.18726751995818,-0.905484111302046,-0.255428079720477,0.390032245006552,1.63544916980015,4369.39038526382,1.00011315319909
"eps_all[8,15]",-0.341554924255262,0.0138958234497545,0.946925262377238,-2.14182452022732,-0.993443806851227,-0.3468693411259,0.307301783081953,1.52498071160412,4643.68583950522,0.99983160097173
"eps_all[8,16]",0.408760010705715,0.013414753108296,0.98821671697842,-1.51815176245634,-0.262131667808251,0.416585680499856,1.08555394754779,2.27865483261958,5426.74012103392,1.00039669055067
"eps_all[8,17]",-0.101321171104767,0.0134157404887592,0.955787357547867,-1.96280854245263,-0.714756993908857,-0.0978479784501945,0.523852503318622,1.79996680066396,5075.66868638503,0.999528868334071
"eps_all[8,18]",-0.0227083856551628,0.0126192697601115,0.986963122374836,-1.94760405044286,-0.687049369880626,-0.0166085133797579,0.673913092073483,1.88582177878161,6116.92848077394,1.00121709483131
"eps_all[9,1]",-1.03546995484319,0.0353475635331626,0.904592805656846,-2.64387697167231,-1.67213066815858,-1.0781002256302,-0.453243799952221,0.872083146214632,654.918549603841,1.00527116383273
"eps_all[9,2]",0.173480135524449,0.0189105751974315,0.912949044159194,-1.64728196065908,-0.439398902880747,0.182622961511338,0.794667772121216,1.89392259599676,2330.68509498431,0.999539467914606
"eps_all[9,3]",-0.798226321567272,0.0165818325682985,0.829713203351953,-2.3763682530688,-1.34470054828376,-0.826009629358992,-0.267536985296566,0.903657078860772,2503.74993495855,1.00048374846874
"eps_all[9,4]",-0.54652811298678,0.0182097845623287,0.934489568575078,-2.39731511217759,-1.16496410198439,-0.566261410618211,0.0718060985584855,1.32805686338657,2633.53624702112,1.0002341276773
"eps_all[9,5]",-1.10795801518443,0.0193340371973544,0.903663008660827,-2.792369951552,-1.71839342146347,-1.1526050053041,-0.533949247561362,0.801622308536555,2184.57978242048,1.00210123277398
"eps_all[9,6]",-0.77860988683332,0.0200622022050559,0.913323403482118,-2.56774623326272,-1.39908123034231,-0.783267800336531,-0.177077518047694,1.04447350019252,2072.48772102075,1.0030557395019
"eps_all[9,7]",0.472899734666595,0.0156908381871728,0.933600160919482,-1.42927706086861,-0.127550089561061,0.490878035836523,1.10066522218318,2.24501507180175,3540.21427001304,1.00095878023084
"eps_all[9,8]",0.175654958120888,0.0153462440553712,0.902517859403743,-1.52652445772986,-0.430082229034303,0.18251550237209,0.765722420992419,1.9318736467538,3458.6563115324,1.00081576787497
"eps_all[9,9]",-0.186453808200972,0.017168508015692,1.03062490744376,-2.2287269033793,-0.882566305474085,-0.182156501118656,0.500522498999839,1.78730602726884,3603.59650321202,0.999922305143318
"eps_all[9,10]",-0.232616382811875,0.0175438519231845,0.958574993872829,-2.16912469915387,-0.873155519209669,-0.228141732377632,0.421797530346739,1.61708014066006,2985.39832474539,1.00041055890333
"eps_all[9,11]",-0.416670265884942,0.0157375601812205,0.981997196628322,-2.28885674254247,-1.09558407493138,-0.413554318431699,0.254564969609599,1.57695233781553,3893.54939057991,1.0008791525026
"eps_all[9,12]",-0.157478651023313,0.0156770627589463,0.947496413244347,-2.03872038308834,-0.80160304048944,-0.148467673147191,0.492287970156547,1.72041669993408,3652.79883285334,1.00041507823165
"eps_all[9,13]",-0.0988080772754466,0.016764623296288,0.963045397496562,-1.96247865253651,-0.748566108092518,-0.104485513925937,0.566294514074498,1.79508245307028,3299.93907389474,0.999790183659717
"eps_all[9,14]",-0.493705587884151,0.0159806133630828,0.988310573027968,-2.34958160694946,-1.17309846537639,-0.520219785686944,0.179445712155701,1.48157915495692,3824.72306180604,1.00000384633171
"eps_all[9,15]",-0.579515752284441,0.017938410540771,1.00236984694602,-2.48219225124774,-1.25934286318035,-0.588163092185558,0.100233793608203,1.42560169247721,3122.39662937084,1.00189312559989
"eps_all[9,16]",0.034087834815679,0.0135060221222988,0.928957914022752,-1.71381726271714,-0.606420625175506,0.0194310244096274,0.658505524329268,1.92072771995428,4730.82806352711,1.0003126127918
"eps_all[9,17]",-0.243260197822973,0.0138861499851737,0.97526036784699,-2.16136678101569,-0.907146652986326,-0.234660196400621,0.410305526783978,1.6267025805269,4932.61760101436,0.999493902812618
"eps_all[9,18]",-0.14439273171171,0.0139190018839084,0.965771104491303,-2.05022625041773,-0.795767267869713,-0.139934019972409,0.493924825616357,1.73528408241126,4814.28977780299,0.999504770188915
"eps_all[10,1]",0.25641294201583,0.0286148128650661,0.820057296085692,-1.44231911798568,-0.273243824680937,0.280810817954567,0.818586705828286,1.78478845337177,821.308984462267,1.00565242417955
"eps_all[10,2]",-0.189891161874367,0.0140437132880541,0.837514023933425,-1.84967795716127,-0.754010886266926,-0.186274716837935,0.380581955593093,1.48605754409482,3556.4791492408,1.00070556904658
"eps_all[10,3]",-0.738573147983142,0.0123755018038774,0.7887254168397,-2.2994467931001,-1.24405288860332,-0.722230923443051,-0.241257893559838,0.842866684428371,4061.87016121159,0.999834099117723
"eps_all[10,4]",-0.111939745426419,0.0232915654937133,0.907989992595709,-1.92300988571701,-0.719079328145427,-0.0871056409243196,0.519286201520584,1.60094386998496,1519.72414865977,1.00131382444868
"eps_all[10,5]",-0.0332514327350344,0.0203939279479621,0.869955079441015,-1.75313891471013,-0.619674308759837,-0.0183482171175604,0.556274827071528,1.63730323761057,1819.66689957795,1.00122431007825
"eps_all[10,6]",0.267591590083578,0.0273408919558344,0.933240080449389,-1.68355038744636,-0.347596738362192,0.302014282723598,0.920091167199817,2.009371143438,1165.09518523268,1.00332588746137
"eps_all[10,7]",0.265295695630476,0.0155081749666216,0.908643220173542,-1.57739335357738,-0.345292404368272,0.282982354953083,0.894569637331584,1.98094306261146,3432.93354635711,0.999726049424632
"eps_all[10,8]",-0.0702590861219066,0.0139096066675603,0.886831585690298,-1.83224396056438,-0.663556043234968,-0.0711141944416962,0.518362931014386,1.66707469475971,4064.92565295994,0.999342213345877
"eps_all[10,9]",-0.0472302286138288,0.0175569631923081,1.01561476379875,-2.06491263865953,-0.738419953852512,-0.0421122740689676,0.639961173742873,1.94499898396854,3346.25639142464,1.00081932954278
"eps_all[10,10]",-0.305064029243918,0.0144691066498045,0.938125149328977,-2.14987935527839,-0.942231048667917,-0.311131588586931,0.331234348115016,1.53085329330749,4203.76201764195,0.999733676250139
"eps_all[10,11]",0.264815077367494,0.0211485459591652,0.932709276490593,-1.57558068609414,-0.382909747855657,0.28405196881624,0.918981834279854,2.05074563352602,1945.0535635082,1.00166111043722
"eps_all[10,12]",0.02724464044721,0.0165715843383513,0.927472869089849,-1.75240283528072,-0.596036445989302,0.0445343495380567,0.669203419685253,1.84435507689489,3132.37944666973,1.00049898157143
"eps_all[10,13]",0.0569418208542464,0.01510283818842,0.99152678215904,-1.9542963108731,-0.608111899626639,0.0630397540864143,0.725554295441051,2.01027488022544,4310.14380251829,1.00013241091927
"eps_all[10,14]",-0.0419781352563875,0.0237802581095702,1.00691051248552,-1.96133823099959,-0.744655869701364,-0.056875174368313,0.647036546489392,1.92440883856155,1792.8692636755,1.00061637456697
"eps_all[10,15]",0.161047241313281,0.0152650011834699,0.972807005153253,-1.75067666701449,-0.489302637307794,0.153940433536393,0.805809125767957,2.06359373080321,4061.249715714,0.999866680533185
"eps_all[10,16]",0.389129899028861,0.0162861630441551,0.992980567944367,-1.5547119782521,-0.261013819860197,0.408414119881723,1.05774262285068,2.31759846236783,3717.43978698947,1.00096971330315
"eps_all[10,17]",-0.244257985479916,0.0140839640454222,0.98301206047798,-2.20337293380803,-0.894531876303479,-0.244267436394818,0.409984792358116,1.66813011678522,4871.55799329663,0.999367038290417
"eps_all[10,18]",-0.218236103341519,0.0132765322112814,0.976603342885342,-2.09178889786924,-0.870487093680468,-0.226070619008706,0.452708632926716,1.66216077431837,5410.87007807983,0.999505555902625
"eps_all[11,1]",-0.286363116181548,0.0176973348882396,0.850970188395678,-1.93124660377798,-0.851116833734965,-0.285288374642069,0.297463776220355,1.32638643506693,2312.13375234885,1.00067595798947
"eps_all[11,2]",-1.06920297905715,0.030576357183185,0.950520632530736,-2.84354182514372,-1.72621591271446,-1.09618377473587,-0.45429215662285,0.9404784843239,966.388182713235,1.0074180752588
"eps_all[11,3]",-0.693843127636782,0.0160403535526558,0.84620996351968,-2.3481133748161,-1.2617326978181,-0.693499856977974,-0.136902372307506,0.885880255108212,2783.0973385108,1.00020698294749
"eps_all[11,4]",-1.59377244378187,0.0440285100909468,1.07467083549309,-3.5383817544258,-2.36117344525722,-1.64508525424951,-0.873977020427417,0.651360166084162,595.775922176585,1.00281674838802
"eps_all[11,5]",-0.821198140982109,0.0175027477271193,0.879069161395956,-2.52944947309551,-1.42094076656043,-0.832953813026481,-0.249637577794202,0.941315590769935,2522.51422088724,1.0005737356507
"eps_all[11,6]",-0.466392112821921,0.0156916262226682,0.908101200597514,-2.16142925501369,-1.10740938046472,-0.458718335472159,0.146665044190112,1.38801040486245,3349.13451155738,0.999763750863206
"eps_all[11,7]",-0.64372391411304,0.0193146663816768,0.982461079576913,-2.51692115424421,-1.28699124134487,-0.664757102665826,-0.000714566756106669,1.32048000205185,2587.35658940623,1.00097698344554
"eps_all[11,8]",-0.323467441912079,0.0154153608847304,0.888955019104319,-2.08776955834903,-0.927716927552731,-0.323913163085962,0.263668008041917,1.38456138582934,3325.46345863771,1.00152695788294
"eps_all[11,9]",-0.379684766372742,0.0141114659719214,0.938047347378073,-2.16006051464683,-1.00465252697306,-0.421430721311052,0.249126323917646,1.49617943278191,4418.80924201381,0.999682851019775
"eps_all[11,10]",-0.318105783840543,0.0142792907181516,0.949469005197841,-2.16616678088323,-0.969883445562456,-0.31393825770523,0.334085073454557,1.50196199771303,4421.28298345131,1.00023191791426
"eps_all[11,11]",-0.580682587064527,0.0153251644369409,0.952075433819002,-2.43828764978954,-1.21233208188999,-0.598046417051072,0.040726558539767,1.33669623470844,3859.51232662665,0.999209894083437
"eps_all[11,12]",-0.50756818952565,0.0146601042625056,0.938102307710915,-2.35528485855018,-1.15172386534155,-0.492597705547393,0.119214868639579,1.34399763675897,4094.73961948116,1.00033130933941
"eps_all[11,13]",-0.0819067419891849,0.0151852784346085,0.985756939156688,-2.04955252117083,-0.7141660080452,-0.0792972444107075,0.562643078825258,1.82492254074728,4213.99646470129,0.999822181157951
"eps_all[11,14]",-0.37201846064551,0.0141790349108534,0.964723576461445,-2.20592592870832,-1.02997207679907,-0.367393503604478,0.275549841363662,1.51145008409963,4629.26924548434,0.999640061652978
"eps_all[11,15]",0.268169234499729,0.0153397999092929,0.956638741584997,-1.58108096024913,-0.373090805602118,0.261131334860192,0.934581227675527,2.07388082860449,3889.16653419752,1.00042711920929
"eps_all[11,16]",0.0647467729358013,0.0152045285605148,0.997355662586424,-1.83503583735927,-0.597774449222848,0.0412498527901007,0.743059137998171,1.99200148798223,4302.83010044119,0.999969239062533
"eps_all[11,17]",-0.218886496392028,0.0148540817570909,0.981627190980589,-2.113139170983,-0.876235484201915,-0.223534068533211,0.445103178888582,1.68954785563204,4367.18449799474,1.00054373370754
"eps_all[11,18]",-0.234813342473994,0.0140322356956615,0.984077340687908,-2.16020345970897,-0.892795899564065,-0.230975584519948,0.424520847818831,1.70411124704118,4918.18342844946,0.9996527794802
"eps_all[12,1]",-0.00581380783545817,0.0132933897442173,0.771275954792911,-1.5703033521,-0.502081526611732,0.00523457805572571,0.510240617782689,1.54922225355962,3366.26350218325,1.00055166631074
"eps_all[12,2]",-0.262206407366608,0.0117864095099937,0.795049712033082,-1.78614604507815,-0.785015109008896,-0.275448016761874,0.258757015700178,1.32757570781264,4550.14793486038,1.00008940554462
"eps_all[12,3]",-0.0841154599877144,0.0113464032971019,0.728958679789512,-1.55540130401935,-0.552080472787549,-0.0754372274600174,0.389443492477694,1.33436109319967,4127.52194389839,1.00190473520848
"eps_all[12,4]",0.164758690062828,0.0248784729052234,0.893730815751082,-1.62950079042222,-0.418974984798643,0.19195798507999,0.776497393337381,1.84022200292067,1290.52382730164,1.00492226659989
"eps_all[12,5]",0.0394346595479343,0.0128391501928128,0.839631070799404,-1.6582402871114,-0.525938982915987,0.0610038099022264,0.610107635384422,1.67110051522777,4276.65723875625,0.999411539081967
"eps_all[12,6]",-0.262001930951766,0.0164451963132685,0.845258716899526,-1.91640075896457,-0.823304586671374,-0.256403689644852,0.280286940551014,1.39302449991092,2641.80764121008,1.00070140468231
"eps_all[12,7]",0.160454101122371,0.0131055105922885,0.854660120920302,-1.57246901517648,-0.405361676429654,0.169403169200385,0.731938278926725,1.81927007325688,4252.83945424181,1.00084989754491
"eps_all[12,8]",-0.431567866608675,0.0137990616818312,0.875087836005224,-2.1061525468497,-1.0323213455061,-0.430756173357904,0.166723987535397,1.35059862802676,4021.64917123761,0.999990920108186
"eps_all[12,9]",-0.235001029003092,0.0126554645685426,0.859726372415738,-1.96300803344445,-0.803373847044507,-0.247421364708125,0.337119074111013,1.44003689516606,4614.92145284118,0.999331356831513
"eps_all[12,10]",-0.175231767654677,0.0134786258511428,0.893377297768991,-1.97598495256989,-0.790266578602088,-0.178223749116535,0.430215835315496,1.53772787564015,4393.17585615942,0.999773960565904
"eps_all[12,11]",-0.0761117937420696,0.0134359017493207,0.890124430616336,-1.7806008230674,-0.688827629839465,-0.0609436132561145,0.533941413310696,1.65593371129862,4389.02245911744,1.00094805610753
"eps_all[12,12]",-0.0436986413354428,0.016504761776303,0.9079427295276,-1.83845303960899,-0.655227150809965,-0.0372131290028754,0.58167534632178,1.70105378325355,3026.20531777,1.00211737428965
"eps_all[12,13]",-0.10325155757063,0.0129418015363155,0.947407426510284,-1.95289080974612,-0.746339845700726,-0.100637634553133,0.509042022124092,1.80727553784534,5359.00421090254,0.999094627068413
"eps_all[12,14]",-0.187771527972167,0.0140236491143895,0.947272797509038,-2.10864265102796,-0.793795224279349,-0.185001903491763,0.431894495576976,1.66530083967292,4562.76454843969,0.99973865307283
"eps_all[12,15]",0.246631708467802,0.0135288977664427,0.942044042839427,-1.57741847035501,-0.391708739858499,0.241364119135895,0.86965897397513,2.12323106072737,4848.61371076399,0.999520518685625
"eps_all[12,16]",0.281729598369572,0.0146196769110515,0.956094254024426,-1.62494599044057,-0.367670189139926,0.302146814537012,0.920404198607515,2.11920074865034,4276.86819501609,1.00064741937056
"eps_all[12,17]",-0.033835596840084,0.0127363128117679,0.957252181223474,-1.91611999152445,-0.666030584456042,-0.0330108563964379,0.617453883424731,1.81085678202807,5648.91831945578,0.999464714304388
"eps_all[12,18]",-0.0401035896864319,0.013533541147375,0.97753088759256,-1.94690275346917,-0.696644059545952,-0.0301846323099013,0.631402129483046,1.843325116987,5217.20716982916,0.999879641340969
"eps_all[13,1]",-0.281924705295809,0.0135129727783266,0.781818888681303,-1.76567599770526,-0.797599875768176,-0.299580968196049,0.233823194682019,1.3107919623426,3347.42236711205,1.00017910244921
"eps_all[13,2]",-0.0124434887822108,0.0128249212711204,0.83031769987631,-1.61182056828434,-0.569862340490429,-0.0143716082225655,0.534436811301059,1.64914650484376,4191.59367365249,0.99931785717507
"eps_all[13,3]",0.160723991182694,0.0118468347314948,0.771912342306167,-1.37364898477599,-0.342673116966407,0.166469327592904,0.690172505195059,1.66008669425205,4245.52409742758,1.00199594575564
"eps_all[13,4]",-0.128990579542092,0.0175963427332677,0.873401348980864,-1.79370914106142,-0.728945562394991,-0.144430270703759,0.452873318377074,1.63055379347132,2463.67202418102,1.00052129251632
"eps_all[13,5]",-0.0762942447970526,0.0151172098915472,0.853099475023177,-1.71973253532106,-0.655550978862636,-0.0770611896990661,0.483365778048652,1.619610632877,3184.60859898379,0.999959246460484
"eps_all[13,6]",-0.0596585183961754,0.0169652991071279,0.862914270929833,-1.73035122611171,-0.64267704639573,-0.0653641607632623,0.538305475335044,1.58858044396473,2587.09431185778,1.00172196074779
"eps_all[13,7]",-0.00447845772148284,0.0134945900724331,0.888033079094071,-1.70320451629075,-0.606307785479925,-0.027729621360972,0.605780014732897,1.69719734530352,4330.50848685026,1.00125447198984
"eps_all[13,8]",-0.595595539829833,0.0157063978747188,0.917546173797121,-2.33246386314456,-1.21000311739985,-0.605355824828325,0.00372929686715861,1.22748907710937,3412.73579340659,1.00046763531828
"eps_all[13,9]",0.321932494513936,0.0213833114400476,0.926403739698474,-1.54222602114598,-0.288680310449988,0.320741915290118,0.948479402273761,2.09734160158736,1876.94123873174,1.00309804017976
"eps_all[13,10]",-0.253098345324073,0.0148659189842355,0.94505581707399,-2.06081186009331,-0.895789524610513,-0.244367758170122,0.374217000472459,1.59198936764665,4041.39589469555,1.00013131149059
"eps_all[13,11]",-0.363694673658863,0.0179555792002805,0.934049018427132,-2.13745493654181,-1.00631079228067,-0.374496020377928,0.274426655866442,1.48073743382674,2706.07917409177,1.0016132380897
"eps_all[13,12]",-0.593245897547821,0.0190634096826176,0.930851283491702,-2.40810374570619,-1.19610867460397,-0.609342948263053,0.0222938657025127,1.26715698928991,2384.29199913132,1.00202916578324
"eps_all[13,13]",0.139708484312387,0.0186674737533071,0.979791577675307,-1.79811180300386,-0.533376307176997,0.140207319517251,0.824718992940861,2.0359097857526,2754.83952313711,1.00045470829138
"eps_all[13,14]",0.314014479436744,0.0235741575073809,1.01974960507038,-1.67243512141562,-0.386732048915045,0.327423216936417,1.02266454101116,2.28803906080145,1871.17639345383,0.999979626632435
"eps_all[13,15]",0.245448972754032,0.0144122697708059,0.960324990441106,-1.56803997433647,-0.414277159500178,0.23670746571073,0.890277463140294,2.14484690639885,4439.88473886203,0.999900461293654
"eps_all[13,16]",0.135179761457628,0.0135999543430129,0.945969817024693,-1.73175603588869,-0.492798837632849,0.131705042844974,0.76329329373956,2.03828771072783,4838.15367144129,0.999294395671805
"eps_all[13,17]",-0.0539832380469324,0.0140233432107006,0.966841686371251,-1.94393370391497,-0.715165896473417,-0.0457315743442875,0.606802491139664,1.82718882996065,4753.43552965682,0.99951811115329
"eps_all[13,18]",0.219261523102327,0.0149141102395877,1.00689351707706,-1.77058482829449,-0.43678098469863,0.204134680336915,0.875109516525304,2.13506006541486,4557.97975087108,0.9999633512879
"eps_all[14,1]",0.808489635206086,0.0286289024267667,0.871527049778676,-1.03396159964724,0.254104689360506,0.878436963902354,1.4066276594804,2.36918984705251,926.728128488651,1.00719548529812
"eps_all[14,2]",0.485557310117433,0.0200704537984221,0.885165819375414,-1.31244882446782,-0.117328914754086,0.50850615956728,1.0999449689295,2.14214100557484,1945.06843649827,1.00218450142716
"eps_all[14,3]",0.48421421810979,0.0163757144436447,0.822428996080301,-1.21194348603192,-0.04979656097091,0.510034993414435,1.04301415522459,2.02018672614108,2522.29752770428,1.00205847444276
"eps_all[14,4]",0.767965583330047,0.0264257121742404,0.946614475634362,-1.16090994862474,0.151971484349037,0.776427785767555,1.4120127115546,2.57790326925869,1283.19565989264,1.00138335496242
"eps_all[14,5]",1.00869552877426,0.0247401532543443,0.927178130154781,-0.954318165293845,0.4128931360918,1.04672296406811,1.64325515038456,2.74806088008685,1404.49949425458,1.00260727544775
"eps_all[14,6]",0.846903550513125,0.0245369598142471,0.924921464929211,-1.06806348455303,0.26022421095868,0.880701690618287,1.47755557969746,2.54809952064479,1420.91537464343,1.00355619302486
"eps_all[14,7]",0.43521194660511,0.0155406596415028,0.901988446032832,-1.34339941194432,-0.156545099506045,0.43448112486667,1.04318220956379,2.21610789973637,3368.7055419828,1.00063960594924
"eps_all[14,8]",0.152830177203032,0.0167776603028494,0.896289756489966,-1.58910446285786,-0.45218323916154,0.150854836874525,0.752676543630198,1.88956424870147,2853.86924972516,1.00106995843808
"eps_all[14,9]",0.135661526991926,0.0161261268258131,0.910846480809327,-1.6844670138875,-0.470440221886794,0.155295081627361,0.752080820328876,1.88766779813909,3190.29047571043,0.999765618281268
"eps_all[14,10]",-0.167923011348215,0.0155838583923957,0.933390177739184,-2.00860376687679,-0.797699557571992,-0.171726819507101,0.446231679188036,1.69977202536404,3587.37243219271,0.99929524025072
"eps_all[14,11]",0.315358562440297,0.0155096980581571,0.914582671748982,-1.46625492634884,-0.306766760311688,0.313388024397108,0.933817460273639,2.11515913365175,3477.27670607317,0.999772653666209
"eps_all[14,12]",-0.136303114240005,0.0143507481160265,0.927191213328993,-1.9184107494019,-0.757218639022283,-0.166597545217738,0.489766736224026,1.69031829760772,4174.3564516903,0.999757816721218
"eps_all[14,13]",-0.0786765717667898,0.0162112670034894,1.01288531719685,-1.99608569112862,-0.769839444871247,-0.0814730932248013,0.620827147455192,1.89084348465536,3903.79167622654,0.999824239747376
"eps_all[14,14]",0.116876239166176,0.0174248886237583,0.986128268248184,-1.81645882070214,-0.554649954952354,0.122312429282157,0.794556911656119,2.00234626068212,3202.77769364808,1.00012008342987
"eps_all[14,15]",0.609933589948172,0.0170681897454476,0.994099655516322,-1.37814534266677,-0.0354579407439592,0.614552971960102,1.26842543780247,2.58632344770789,3392.22712195649,1.0012988135658
"eps_all[14,16]",0.520972687830548,0.0149457248872509,0.983124693012044,-1.49475637339217,-0.135166829999205,0.538327493556167,1.18970722510321,2.41427886693517,4326.96359467579,1.00038594258059
"eps_all[14,17]",0.21076306861597,0.012623315109276,0.946053988561112,-1.63103159823628,-0.429042837777898,0.217918861757875,0.845110930474277,2.06529972943853,5616.74872298642,0.999263898326268
"eps_all[14,18]",0.132516100906193,0.0147865002185632,0.991327142826569,-1.79108393219554,-0.546937238359831,0.120708636299302,0.823533355513435,2.03926080663012,4494.72584155958,1.00063581539024
"eps_all[15,1]",-0.63213213671921,0.0145774745977653,0.798639388691031,-2.09853832781606,-1.17827566611276,-0.650574397908589,-0.123396681125528,0.981762298546476,3001.48975107376,1.0021526586845
"eps_all[15,2]",0.0301812748620154,0.0149173714242989,0.853888326482357,-1.66591750847082,-0.524621424733147,0.0467988963035453,0.604665458610878,1.68558824480072,3276.5556321444,1.00009237107027
"eps_all[15,3]",-1.20471177703713,0.0231533943267265,0.831200022074948,-2.73432469972251,-1.79032779540841,-1.24045720827643,-0.669811236023247,0.579283101923899,1288.78880667296,1.00509388925784
"eps_all[15,4]",-0.224446693808261,0.0190186263459147,0.892481845526701,-1.94275526990724,-0.832182792383011,-0.235083729709172,0.362710257274174,1.60732933018589,2202.11750498476,1.00075006225484
"eps_all[15,5]",0.0126589951880543,0.0142036211424514,0.832765116674021,-1.57511504944686,-0.546892342687587,0.0226572589427178,0.563851467697652,1.6794720207816,3437.53311365112,0.999903284178393
"eps_all[15,6]",-0.0705938837511337,0.0130722958877057,0.856878246214295,-1.73685272190348,-0.646109472256955,-0.0828231669297493,0.489140221911858,1.63587489279326,4296.69469839067,1.00001581636312
"eps_all[15,7]",0.226613806019598,0.0138329539100467,0.917291890354441,-1.51957509173346,-0.405048583705903,0.241475300643141,0.846197759930304,1.99633600303165,4397.29141736014,1.00084463264129
"eps_all[15,8]",-0.508821669028851,0.0186339350010476,0.90212817545179,-2.26531818575385,-1.10987876170368,-0.527762120556236,0.0666559373144573,1.2978469970679,2343.83665315433,1.00107246094229
"eps_all[15,9]",-0.455061724292412,0.0161521269295793,0.875588712439166,-2.11676879998497,-1.06185238991184,-0.45746633751089,0.13369479397525,1.24418809799151,2938.60268406977,1.00077713564615
"eps_all[15,10]",-0.12851736901967,0.0155086489392726,0.899736206651447,-1.9092308328522,-0.728798427220931,-0.123279021836125,0.480497797817858,1.61071484673941,3365.75472770644,0.99999932187561
"eps_all[15,11]",-0.0306675974520427,0.0131750902051945,0.883114566994944,-1.75382593544301,-0.629760916656499,-0.0244672827504542,0.560427932177362,1.72438358901189,4492.90155046696,1.00037231317911
"eps_all[15,12]",-0.134470365364043,0.0133644202276514,0.919680145235639,-1.92929032834558,-0.755254739321317,-0.137330566992459,0.501792431979742,1.63269926232402,4735.58215487726,1.00007478348338
"eps_all[15,13]",-0.342942426025421,0.0190730353834049,0.938805367914088,-2.19429675250584,-0.963621579376961,-0.356259124255055,0.272890311373121,1.52646778649318,2422.76616197756,1.00056428233213
"eps_all[15,14]",-0.103358476765266,0.0133263597051897,0.942027527414897,-1.98086892820896,-0.742031845561283,-0.108254870823107,0.540382784504141,1.72261124119069,4996.93987920425,1.00094091436483
"eps_all[15,15]",0.41933379963926,0.0143548987302551,0.929888124966639,-1.37105242053599,-0.223415504310502,0.430782301188551,1.050410805824,2.18358480805339,4196.24790311873,0.999985344722058
"eps_all[15,16]",0.111004782652231,0.0127980734502984,0.946093548838222,-1.74996629270648,-0.504251479745848,0.122147574388593,0.738501142340457,1.98237963872568,5464.85905717874,0.999728315159267
"eps_all[15,17]",0.106324680634477,0.0140832769699608,0.966940379428871,-1.80455902817072,-0.559291777927173,0.109177936708882,0.769583178299532,2.04076132832694,4714.02577262012,0.999661020236553
"eps_all[15,18]",0.0614777332704162,0.0151974054526172,0.986379071411378,-1.91063971760601,-0.573205154639302,0.047090373326825,0.730006315156025,2.05377304141949,4212.58616990581,0.999621222673625
"eps_all[16,1]",-0.744500288396564,0.0162084741976571,0.836477608478355,-2.35203853729816,-1.31018696027933,-0.767109461370378,-0.214734151285101,0.979350459168737,2663.32626392163,1.00221023073782
"eps_all[16,2]",-0.80576692583987,0.028404980591804,0.909297267587289,-2.53814824986903,-1.42848617288184,-0.815039994397523,-0.206676198998584,1.02575814080836,1024.76144719843,1.00384859159819
"eps_all[16,3]",-0.72608464280964,0.0201761468396184,0.814466732986041,-2.30539668061398,-1.27255233481785,-0.741040567008084,-0.199310306867849,0.906005342089994,1629.55956732638,1.00147256966266
"eps_all[16,4]",0.09824614781978,0.0162800961782378,0.876342590692377,-1.65886608396934,-0.484400014313826,0.094859800479533,0.696946182944007,1.76556522127134,2897.56979483365,0.999552795631667
"eps_all[16,5]",-0.208229718141643,0.0143966990696755,0.827278556926265,-1.78086521650919,-0.767761994028724,-0.20535403318009,0.323107249895719,1.43391894640794,3302.00465743292,1.00198592371384
"eps_all[16,6]",0.118806231296595,0.0144936724873362,0.858661202364525,-1.54774865975122,-0.465259704990303,0.113070157172708,0.717458611489586,1.75893310717771,3509.83575408613,0.999891067217979
"eps_all[16,7]",-0.00424118336349179,0.0151526010428004,0.901440870759365,-1.77641620394152,-0.605127075055872,0.00270080402490098,0.597394540084543,1.75884012485681,3539.15931002298,1.00019575341573
"eps_all[16,8]",0.0430150992472735,0.0171758320533063,0.923417859062321,-1.71697858758933,-0.594835169886734,0.0326111129181095,0.663784621636984,1.854474278208,2890.42010554869,1.00127034825182
"eps_all[16,9]",-0.871868176220468,0.0343504147815084,0.941789352506494,-2.68533366045336,-1.53386148342155,-0.879940791484247,-0.261149163458947,0.999487086337855,751.698322858931,1.00643796727397
"eps_all[16,10]",-0.147948930469037,0.0130416491773065,0.898208232621291,-1.92236313690885,-0.726451197705508,-0.145775616575567,0.439513627721479,1.61477079110286,4743.39220736384,1.00005978214329
"eps_all[16,11]",-0.070095017300879,0.014136361873356,0.889982641663978,-1.85710421156413,-0.667868074592392,-0.0658215298473901,0.542643018361898,1.6158184055182,3963.58124102897,1.00029083754733
"eps_all[16,12]",-0.0592193541572723,0.0147395834470494,0.894776659052622,-1.80242100804137,-0.670657480646993,-0.0703480082682987,0.556019735272371,1.7208752979922,3685.18142099282,0.999893823149224
"eps_all[16,13]",-0.0451054180366401,0.014706627860235,0.940571621314867,-1.92334745862375,-0.669015530275213,-0.0130251920488791,0.581817149064288,1.76083574096214,4090.3223594083,0.999918773249059
"eps_all[16,14]",-0.308113045107213,0.0172552344937328,0.951389951963073,-2.16719728903476,-0.948488812748486,-0.300616457822396,0.324389775257249,1.54120158181347,3040.0126407551,0.999800849186366
"eps_all[16,15]",0.0963991390696549,0.013861975126854,0.941835834515236,-1.71409461405596,-0.537085338896662,0.072799036299583,0.71536854521003,1.95120756962423,4616.36553522793,0.999386069700738
"eps_all[16,16]",0.0389718294881743,0.0138647359223711,0.95980324760762,-1.79067537933206,-0.622785929462914,0.0448547278514113,0.689344351520108,1.9217184311005,4792.26941968799,0.99958412668721
"eps_all[16,17]",0.0894623422241341,0.0140587358143718,0.987992234853365,-1.82190413942105,-0.579291084315008,0.0913214175822783,0.764628696836012,1.99104268265201,4938.72134232741,0.999602185613719
"eps_all[16,18]",-0.140920429126576,0.013009338544358,0.978935639845955,-2.03692893903218,-0.805134098913948,-0.138448101062056,0.504118464968324,1.8244277380123,5662.36484483805,0.999053788455603
"eps_all[17,1]",-0.0435927078060577,0.0139626934450783,0.790338740643285,-1.59841605683206,-0.569200250518517,-0.0433691691733958,0.49367478885366,1.51662253171884,3203.96774340247,0.999577399384476
"eps_all[17,2]",0.616266257847006,0.0240789359852427,0.885909743492799,-1.13107085188923,0.0248113143304085,0.636613986340222,1.21020942445217,2.29548707271245,1353.64371802826,1.00446014883443
"eps_all[17,3]",1.01516684608999,0.0167228508137599,0.818335730944964,-0.658509825568919,0.505569610286071,1.03975315532466,1.56706933072657,2.54407990313993,2394.65193679672,1.00055043825323
"eps_all[17,4]",0.499454478749151,0.0151694499464093,0.865739142175611,-1.24547820261101,-0.0720408414527075,0.493365752504934,1.09804127960373,2.18689904647335,3257.1251079376,1.00086530452601
"eps_all[17,5]",0.348019070906594,0.0132647398246983,0.842382576726623,-1.33476333159982,-0.196360549799017,0.338898735390657,0.90587424816309,2.0191613540726,4032.93552527821,0.999646472955457
"eps_all[17,6]",0.272606458272894,0.0160495745950665,0.856500869147364,-1.3683740785764,-0.328997995783686,0.266075250300415,0.845595689359915,1.95023563157519,2847.92511008817,1.00121066617314
"eps_all[17,7]",0.175610309446283,0.0142983486065234,0.892606732200021,-1.56579778510361,-0.413881281705598,0.153937790088079,0.759221265393759,1.97262295495137,3897.16284498415,1.00014329747918
"eps_all[17,8]",0.728006963347037,0.0231551401801289,0.939191490951778,-1.15499460184263,0.115361363669341,0.752840019010017,1.37580231988504,2.50129234623222,1645.18018224146,1.00101362045044
"eps_all[17,9]",0.319317428079798,0.0202256632094666,0.900207175755336,-1.44156080018183,-0.290510828911267,0.334513212154846,0.92735016272468,2.07985823442584,1980.97684142429,1.00188398687383
"eps_all[17,10]",-0.137620119867684,0.0152759014434015,0.951723075264613,-2.08701736343509,-0.779977569476669,-0.123063186910471,0.507040416343594,1.73492628766683,3881.57071855545,0.999688485055239
"eps_all[17,11]",-0.0601947805793959,0.0150000679236861,0.901228000297758,-1.81993031126716,-0.677873180461613,-0.0588836092693059,0.551913743012342,1.74212389197218,3609.79801235745,1.00029485656238
"eps_all[17,12]",-0.0253388956157506,0.0136558946010975,0.886731659526925,-1.74671027348308,-0.623598470502324,-0.0432179225982594,0.56913631232138,1.70951832176543,4216.42244923169,1.00055597946607
"eps_all[17,13]",0.0581374227914487,0.0148746818868563,0.967305753090679,-1.8207350744649,-0.614111535832502,0.0634016711912923,0.727610989221082,1.92394275625521,4228.94627990854,0.999407336327927
"eps_all[17,14]",0.333154442702248,0.0191427723676284,0.973751494557629,-1.56484867138574,-0.322997573306406,0.327607257616318,0.978289317298069,2.26031638955047,2587.53721325414,1.00033096545405
"eps_all[17,15]",0.162824524101625,0.0127439000211779,0.930440689572687,-1.65070566784146,-0.489711349492142,0.16943549598633,0.80323455464161,1.99444908576382,5330.55805545952,1.00092946715405
"eps_all[17,16]",0.018189904660796,0.013081223578988,0.924290464286,-1.70289006335675,-0.636773233672022,-0.00265904752138333,0.642044180025789,1.87510965718736,4992.52453757074,0.999239566818488
"eps_all[17,17]",0.100638506515892,0.0139773779576316,0.964817055038905,-1.77148900163345,-0.556692316702693,0.103479667564989,0.73865974882546,1.98136814416817,4764.73252438171,0.999662465562037
"eps_all[17,18]",0.112244580147249,0.0175230643434132,0.971059059477748,-1.75374094319407,-0.573612920910639,0.118299068649207,0.790068690315834,2.00628891455673,3070.93891176129,1.0006924882767
"eps_all[18,1]",0.419022977654012,0.0233011411610592,0.807174703569056,-1.33022460008178,-0.0680870734166258,0.446692709586687,0.982243417248,1.86237744322482,1199.99850222387,1.00187981671739
"eps_all[18,2]",0.0208171500778031,0.0152922909000046,0.864339208903184,-1.6959735375965,-0.547954404726439,0.0180093271037849,0.590625750358926,1.70585162078609,3194.65031089208,0.999724239366875
"eps_all[18,3]",0.992735973674033,0.0131614557176345,0.794189760293954,-0.589947807537101,0.485100704204668,1.00957791055326,1.53955991016265,2.5505366294742,3641.16796173027,1.00075453037256
"eps_all[18,4]",0.821602300962107,0.0164148234724938,0.898184391070661,-0.974867084654895,0.215849979226001,0.857072402290581,1.42033853432447,2.52070469463385,2994.04672558249,0.999686025747405
"eps_all[18,5]",0.735656505492489,0.0190530794737407,0.869475776751026,-1.00169256093471,0.156988780298245,0.756849229241136,1.31867661445376,2.4015406178914,2082.49811278426,1.00455539214233
"eps_all[18,6]",0.237595340071938,0.0147864498708699,0.861201821281144,-1.42468952077027,-0.337339424621496,0.217850371549501,0.798967019577628,1.96602239571107,3392.20467753267,0.999413679313462
"eps_all[18,7]",0.132187033876659,0.0143205350415055,0.892406650686519,-1.58024544419774,-0.472871025954424,0.151603882437834,0.714521594047641,1.87988681450305,3883.35512576199,0.999971475773006
"eps_all[18,8]",-0.207519583239543,0.0178074125133496,0.908818773950687,-2.01833519819351,-0.815104717800951,-0.22555678190487,0.394351383193528,1.6111296286758,2604.67139824784,1.00106074135271
"eps_all[18,9]",0.175813032902395,0.0146617267360845,0.892008969362719,-1.58390960905244,-0.408770108471585,0.167160535938037,0.792930806284869,1.85237084121179,3701.41858166706,1.00162369137146
"eps_all[18,10]",-0.00293540426670876,0.0128280668345414,0.893094624191154,-1.72787003464393,-0.615080844930589,0.00245944513057347,0.598264999757269,1.72986056280236,4846.99445126885,0.999979536883629
"eps_all[18,11]",0.136795600346419,0.0132318364781622,0.913297875871133,-1.66970230058596,-0.458085173463924,0.144774106936835,0.740681067680034,1.91482223224044,4764.14142180129,0.999389862372405
"eps_all[18,12]",0.169926086950218,0.0128678984067003,0.913095261075454,-1.65325495704881,-0.445720670725866,0.170486510173149,0.78453590434197,1.94264171001695,5035.20237875892,1.00071146296079
"eps_all[18,13]",0.46267436625391,0.0275140626160683,1.00715803997282,-1.49977896661996,-0.225472417117911,0.461024482893569,1.11703802688846,2.44142109788178,1339.94139903364,1.00299084271239
"eps_all[18,14]",0.0517922116233157,0.0137629566381696,0.93834910291049,-1.73225296786043,-0.59285436730131,0.0436072507011588,0.696912285859772,1.8847712650595,4648.42044975351,1.00005278781415
"eps_all[18,15]",0.266348074141637,0.0147955300078082,0.929847229180898,-1.51611420679381,-0.369746303964215,0.251307540969956,0.900459874109288,2.10472249336573,3949.68215910538,1.00081876813087
"eps_all[18,16]",0.235722740799928,0.0142315023886917,0.950702064361643,-1.66710072786796,-0.395115543685258,0.231073712493945,0.889174047545474,2.09666301264937,4462.5939654944,0.99927860017922
"eps_all[18,17]",0.0277044823283441,0.0145811906594926,0.957102714834496,-1.87202565455129,-0.614415962348694,0.0420006415867601,0.660639093264085,1.87086068870047,4308.54981727276,0.999590133512324
"eps_all[18,18]",0.172837575980017,0.0124792575220045,0.965790600220556,-1.76170457540897,-0.458210607872159,0.178582301367258,0.818849794942144,2.06176114346537,5989.47083633849,1.00032245501846
"eps_all[19,1]",-0.172136894249576,0.0132980435394093,0.778218863421429,-1.76650071044103,-0.673658998748875,-0.134299343245957,0.347143599546553,1.31146399776459,3424.74315253108,1.00090304859631
"eps_all[19,2]",0.23926700597852,0.0155502063165773,0.826018036780621,-1.38418860390604,-0.32241840115451,0.248645366425007,0.806134184491657,1.83769908887414,2821.67343949217,1.00042271162905
"eps_all[19,3]",0.368752796455953,0.0129348205836633,0.757776644598251,-1.02397231703373,-0.152114986939549,0.343645735809208,0.846030880325804,1.8945819374821,3432.11327754138,1.00152380234513
"eps_all[19,4]",0.171059438106822,0.0140695942854226,0.838844677106547,-1.43555069326438,-0.399947573993023,0.150274460291362,0.729733230750384,1.92511544078302,3554.67547415225,1.00004713910919
"eps_all[19,5]",-0.0673155130957805,0.0118910568591909,0.819209947111091,-1.63724391316413,-0.629688130847349,-0.0738634346849013,0.473818852042301,1.55935544606203,4746.23811316862,1.00014127010562
"eps_all[19,6]",0.0321212223566814,0.0153076379849927,0.844984297784436,-1.66736654126234,-0.52424163501477,0.0413524583320854,0.585033535330642,1.71953706358172,3047.05933572554,1.00002685408951
"eps_all[19,7]",0.0611885937284607,0.0133662224783826,0.864288941238493,-1.63706030843307,-0.547417799300627,0.0600197588172636,0.637191462173627,1.76212882669444,4181.19614283764,0.999889253742575
"eps_all[19,8]",-0.0453696520671189,0.0140764717144254,0.953302689257812,-1.92670874919694,-0.689273282548063,-0.0429116922438551,0.594023307130408,1.8230438957,4586.42200407412,1.00010161731006
"eps_all[19,9]",-0.31199225759502,0.0148646064048846,0.870801666590473,-2.01008875761744,-0.899241102516012,-0.331143626923213,0.272502199077458,1.40890383255311,3431.8766890319,1.00081713428694
"eps_all[19,10]",-0.0331040858366445,0.0142951538321416,0.889289212969922,-1.76526835307353,-0.63077515276154,-0.0192375847744062,0.552307923251854,1.69868196668741,3869.97698556418,1.00097868348942
"eps_all[19,11]",0.0353179394804984,0.015286054817127,0.902468429053074,-1.7566914492233,-0.574059905632745,0.0440338168603649,0.629042120237581,1.8031460835786,3485.56519729766,0.999600749625268
"eps_all[19,12]",0.097728970719272,0.0136701128549387,0.924960982113934,-1.69317685999881,-0.536633989224266,0.109272022884347,0.712192193887386,1.91797811564296,4578.28291542048,1.00017240659628
"eps_all[19,13]",-0.0299206130515143,0.0149171121738469,0.977997912836416,-1.92885595995012,-0.704981240951191,-0.0303111565765575,0.640623684450254,1.90661368225245,4298.39522191183,0.999495986006502
"eps_all[19,14]",-0.131126280088236,0.0133357357946081,0.936547331702884,-2.02395486480214,-0.747412148693816,-0.131657033416159,0.483101353191922,1.71996351428256,4932.0275770092,0.999847201192261
"eps_all[19,15]",0.216051094380305,0.0146704905158842,0.931875471228818,-1.62620095941881,-0.410984791326279,0.205956366005421,0.84003993077904,2.01675877741503,4034.84160985771,0.999879158782791
"eps_all[19,16]",0.127253742293212,0.0151052623340212,0.967000329820108,-1.79798942987299,-0.535661518406876,0.127460255341963,0.782262420886093,2.00683317170128,4098.23351133515,1.00046948145763
"eps_all[19,17]",-0.2107058193197,0.0146432203566619,0.983777092858483,-2.10057086479853,-0.874807383581811,-0.212394725895913,0.456860012717139,1.76764348096065,4513.57035077908,0.999883850801115
"eps_all[19,18]",0.133564159157617,0.0133424618645185,0.984607970277484,-1.81879829159319,-0.525972151656113,0.156117570503132,0.787226134262605,2.01520094612678,5445.71305333516,1.00014621604969
"eps_all[20,1]",-1.23963375265386,0.022969138851669,0.843560804449313,-2.80873406465365,-1.80474105324484,-1.26738016932996,-0.707910126002472,0.578413825005915,1348.78695929595,1.00427563198077
"eps_all[20,2]",-0.825249076341583,0.0183603991259872,0.889996096472427,-2.56616904188063,-1.41619461572558,-0.821776546824384,-0.250698474273986,0.992440853245902,2349.69757125264,1.00094885818638
"eps_all[20,3]",0.0995717392781339,0.0147452352299601,0.785872380236994,-1.42368334464081,-0.400328781955659,0.0791119882249471,0.61174342148514,1.68466305305052,2840.53824358689,1.00081772939375
"eps_all[20,4]",-0.222406949585091,0.0166887894683046,0.89349896714359,-1.97886292362666,-0.809431969690872,-0.229321369732198,0.360067414419296,1.56373719810772,2866.41084047292,0.999603219321014
"eps_all[20,5]",-0.969630354613088,0.0180205700862472,0.897929977556281,-2.71423029565239,-1.57062195022936,-1.00371068114918,-0.394298862338777,0.84066144299904,2482.83517661139,1.00296333370161
"eps_all[20,6]",-0.524274032972613,0.0176085722850561,0.906770096020465,-2.26521595555148,-1.14310607389538,-0.538440647376812,0.0951647235946637,1.23574171428337,2651.83250410502,0.999630975570132
"eps_all[20,7]",-0.565011395915207,0.0146283827369147,0.890393706426995,-2.23786315941862,-1.19863759780206,-0.576307913316114,0.0546740099042645,1.14432085457303,3704.85771735319,1.00022394181456
"eps_all[20,8]",-0.0556533110266722,0.0173234207119479,0.97797220813177,-1.96176678966871,-0.69378805331796,-0.0560185289373962,0.601629029528007,1.86799071214342,3187.02684138248,0.999757392119184
"eps_all[20,9]",-0.635221156817763,0.0191700400660528,0.920138930413054,-2.3701314121306,-1.26454550623676,-0.649589985313164,-0.0392047970030172,1.23192944752796,2303.8848579798,1.00152698205141
"eps_all[20,10]",-0.43822710527043,0.0182543611845399,0.922961102216188,-2.25459787033314,-1.04605927827546,-0.436097321149075,0.184868074266708,1.40727984933656,2556.42771895631,1.00395661308328
"eps_all[20,11]",-0.24604549689624,0.0134366173566786,0.915552242005431,-2.02426382475605,-0.853075850446447,-0.256675816887789,0.374978128566091,1.53555391426184,4642.86826821964,1.00036319384333
"eps_all[20,12]",-0.241532110085946,0.0146157505802496,0.915851934495916,-2.01604336961167,-0.862476229295072,-0.245418836408682,0.366598854648885,1.57449658063385,3926.52428587636,1.00004525680644
"eps_all[20,13]",-0.0320497428978601,0.0131127527205319,0.98401462619829,-1.97503968586248,-0.706630332705796,-0.0218891789251496,0.620591493187751,1.84735661626324,5631.38688041538,0.999186518370874
"eps_all[20,14]",-0.172637482211236,0.0124049198751263,0.923909126086392,-2.01810578202502,-0.780341525271813,-0.169120892862185,0.437030626024675,1.64127660478227,5547.15865026494,0.999729648673168
"eps_all[20,15]",-0.0912194902611269,0.012454052231437,0.929022901856355,-1.93917097820553,-0.693992177436469,-0.108783667679174,0.521204119381406,1.74595005320999,5564.56826651465,1.00002362936724
"eps_all[20,16]",0.0171138506794233,0.0136611609700161,0.959587989180388,-1.84146120206167,-0.653497821933709,0.0212282657476177,0.68161395525944,1.88952469136262,4933.94597143098,0.999614628523752
"eps_all[20,17]",0.0286014253835531,0.0140100907213992,0.949000675480409,-1.85138446858693,-0.611396166744983,0.0289792649661024,0.679361639329134,1.83932442401315,4588.29304917386,1.00001067418158
"eps_all[20,18]",0.0779369635591048,0.0132117533964745,0.959822300726822,-1.83496039144294,-0.555357107656454,0.0820004889619579,0.723958624569949,1.92472478437375,5277.89510764914,0.999530738780715
"eps_all[21,1]",-0.363151230084121,0.0141999350524814,0.805773814715646,-1.96554963300716,-0.901088697695682,-0.358818335548362,0.170344037876141,1.21446357448501,3219.9830378755,1.00012437382299
"eps_all[21,2]",-0.637832859488861,0.0158970051974064,0.83871963294918,-2.24469273496062,-1.19298313457899,-0.643553055371375,-0.0929070733322254,1.11521333987406,2783.57537580543,1.00002164750496
"eps_all[21,3]",0.481639364960903,0.0126665613170143,0.773473539899118,-1.02747095362966,-0.0378612935275739,0.481514396107003,0.994163161320101,1.99342975983033,3728.83754680108,1.00016424300544
"eps_all[21,4]",-0.387848370494317,0.0182326530975317,0.870033714269742,-2.00288476538547,-1.00360775135435,-0.410068709582887,0.191953723087882,1.41719956005026,2277.04926161256,1.00023180125537
"eps_all[21,5]",-0.551602580336866,0.0138543500547042,0.859814849497277,-2.16839320106198,-1.12046345225865,-0.554389734288875,-0.00593874212703392,1.18192052197197,3851.56799651165,0.999759431868272
"eps_all[21,6]",-0.59784310711859,0.0151320718479392,0.892322936945993,-2.28999484449494,-1.20032760165555,-0.617657657956825,-0.00717180287448186,1.16317295291513,3477.34134099607,0.999918091148109
"eps_all[21,7]",-0.348728166624401,0.014488066814165,0.903162084259613,-2.16229593133698,-0.930056375439472,-0.340845705488404,0.239359527317155,1.43952456804169,3886.06905782236,0.999740684664285
"eps_all[21,8]",-0.0339234261275168,0.016951263415435,0.995354541024974,-1.96157752243353,-0.70550642715619,-0.0348918872236115,0.639004163552756,1.90413216997071,3447.87457510727,1.00040437241639
"eps_all[21,9]",0.0107395149345252,0.0142013108462334,0.893727597238874,-1.80151948003706,-0.56309374560873,-0.00088560610124913,0.596379313318857,1.79067080008573,3960.53148415003,0.999415035224577
"eps_all[21,10]",0.0995275222445397,0.0163214567662682,0.952747102715496,-1.7563008426364,-0.534415880048305,0.0935293907665917,0.761370800491273,1.96748324785037,3407.5123270105,1.00119137211739
"eps_all[21,11]",-0.60268677679385,0.0188383666764427,0.951719283819989,-2.41945571629378,-1.25071399046249,-0.612120155476733,0.0362835597605164,1.33330038786602,2552.29721406753,1.0012663116062
"eps_all[21,12]",-0.270441883859104,0.0134342211285212,0.902494584851906,-2.05385761084585,-0.862825107213574,-0.273954929108602,0.329555498244041,1.5079253666886,4512.98847416376,0.999489374946604
"eps_all[21,13]",0.0172471606052724,0.014137632454252,1.01534659515125,-1.9518453421532,-0.646270381745627,0.019307508865329,0.687097148822075,1.97534161957722,5157.92781556012,0.999960701976345
"eps_all[21,14]",0.172587214070554,0.01425046235822,0.938572810182505,-1.6997422175693,-0.435044067193267,0.179494899777463,0.774802819616707,2.09952047303995,4337.88492640981,0.999486454379116
"eps_all[21,15]",-0.23403290998922,0.0148646226842278,0.962945521951136,-2.12181651267322,-0.86828559078522,-0.251858572844449,0.419517195945112,1.6916771547565,4196.58144609495,1.00042656643549
"eps_all[21,16]",-0.178458789488205,0.014551622206728,0.962457242737558,-2.03391010043233,-0.823430163079897,-0.19319408387666,0.468009670189383,1.78111015880651,4374.61732127252,1.00029081346579
"eps_all[21,17]",0.116350252895689,0.014525081693095,0.999374224516576,-1.83005297621114,-0.557861982778505,0.102368561500643,0.794553840825801,2.10073896898221,4733.90045024288,1.00024955181745
"eps_all[21,18]",0.269850530590531,0.0139149387057221,1.00282067558936,-1.63337047383506,-0.417912853447566,0.255584152045282,0.948006129150184,2.23354459113154,5193.78494956457,1.00000075903024
"eps_all[22,1]",-0.194113504240059,0.0120432800886756,0.783409241908065,-1.68735594958722,-0.732694710834332,-0.20207768389558,0.334581860883333,1.38548394647332,4231.43630279301,1.00058961111625
"eps_all[22,2]",-0.463407901283804,0.0158739995227553,0.852238333347513,-2.14486597414573,-1.03849277622846,-0.471799064801268,0.126831383422734,1.18165779704051,2882.36784046979,1.00187896531906
"eps_all[22,3]",0.702389192545741,0.0127692824202139,0.773666737943263,-0.855699847454567,0.196907662693784,0.710855148019186,1.21233143242093,2.244256530354,3670.91954829455,0.999440594942074
"eps_all[22,4]",0.198625388343105,0.0160589748512894,0.863947775289027,-1.55859887177847,-0.370708678320498,0.215555009177009,0.776471890209097,1.88781858165836,2894.2720143773,1.0000374112007
"eps_all[22,5]",0.0810279270827895,0.0163272049885477,0.887058803219912,-1.67295733870962,-0.499923206480176,0.0928542589272279,0.666213152092502,1.81542774078178,2951.76058773372,1.0007170827356
"eps_all[22,6]",-0.279913639651249,0.0141394425004597,0.876756114169135,-2.02566461929778,-0.850491859955871,-0.290396156983517,0.306350400121479,1.44176142819937,3844.97069455177,0.999682106729982
"eps_all[22,7]",0.182163646322812,0.0161473288917173,0.917423494379742,-1.63212533350577,-0.433564994191373,0.177144495098136,0.815196020677685,1.91894797913103,3228.03573155582,1.00050858038131
"eps_all[22,8]",0.0866598389011843,0.0220379615564613,1.00098867864505,-1.88908740058971,-0.5985130561324,0.0910485880789253,0.764185517241563,2.0368290024274,2063.07724440411,1.00039812084017
"eps_all[22,9]",0.556866872286428,0.0176270962355598,0.88178831975552,-1.18752741219953,-0.0360384633485634,0.545929476690814,1.17860888941365,2.26394448996821,2502.45993205878,1.00187634879358
"eps_all[22,10]",-0.158037547138682,0.0180915326984123,0.995371353845162,-2.04416904981127,-0.858179284566665,-0.160450607337996,0.527362578225379,1.83159226725255,3027.04970898398,1.00026320641685
"eps_all[22,11]",0.379053502315094,0.0250925168191954,0.963593470248959,-1.50890460675007,-0.276689168858779,0.38005418755242,1.02937495544652,2.25670023472471,1474.68495277921,1.00193503017301
"eps_all[22,12]",0.108425942651714,0.0143222614225447,0.909292596863168,-1.71049364594015,-0.501058110628761,0.11741633437357,0.714831309975188,1.87799313558827,4030.73380097816,0.999534176005724
"eps_all[22,13]",0.0231741326930528,0.0139558675540517,0.959891699067631,-1.86248973863849,-0.61633483191419,0.0319140752982913,0.668216238243775,1.89898128121091,4730.7586663309,0.999453994905988
"eps_all[22,14]",0.281411493139911,0.0159464786950978,0.969249233103563,-1.60963233502776,-0.396720005279048,0.285559590197259,0.946875081272845,2.12949203255243,3694.37807479063,0.999784172349717
"eps_all[22,15]",-0.0691815455798269,0.0142583436432635,0.96093931791465,-1.94089285382497,-0.719465558174083,-0.060944918558399,0.569485858637113,1.82842379067763,4542.06946336392,1.00064145359566
"eps_all[22,16]",0.166347434486913,0.0151326897923151,0.985807980430538,-1.78423539897917,-0.504801593369776,0.154021441642777,0.840322932185812,2.08142339293728,4243.77549000738,1.00086533455075
"eps_all[22,17]",0.0216771102613368,0.0150517417389579,0.976119433760421,-1.9198783254773,-0.646068308771033,0.0177771111717668,0.705908999870811,1.90182364413111,4205.64298286456,0.999850605069363
"eps_all[22,18]",0.317886949085487,0.0141725274815839,0.997442647612948,-1.70727427173648,-0.36203022615593,0.332497739426355,0.982596522329165,2.24356103279579,4953.14738759413,1.00031741466679
"eps_all[23,1]",0.464519614405691,0.012767320830702,0.792133020803198,-1.11624384573572,-0.0540144479956644,0.481875774238272,0.967185249119264,2.0540050486753,3849.43234719855,1.00010714244173
"eps_all[23,2]",0.163978774076929,0.0156323969117272,0.890002066672483,-1.59374891087713,-0.425512509689771,0.17614135148491,0.753883973376351,1.87268073382835,3241.38698102037,1.00039733474798
"eps_all[23,3]",0.297757629005069,0.0126593923846608,0.766389146013137,-1.19193664781544,-0.202012056139149,0.296883154478214,0.804541062797109,1.81413553537955,3664.99147099842,0.999409800181453
"eps_all[23,4]",-0.211958764349172,0.0145394863030442,0.853353040720328,-1.84862520624606,-0.787638731688664,-0.229039212630876,0.349804397879225,1.54989278300398,3444.76305996159,1.00137219677707
"eps_all[23,5]",-0.102189281629187,0.0148768256986307,0.856071023149695,-1.76480867302128,-0.684370266614107,-0.110397153421259,0.487126353669763,1.57956349990993,3311.30393032641,1.00249833847776
"eps_all[23,6]",0.12162982404456,0.0129681798777688,0.87436295613416,-1.58201911948457,-0.481690041714879,0.114821048836116,0.722302618844722,1.83068127755604,4545.95830090989,0.999995219717295
"eps_all[23,7]",0.204114799637678,0.013022688124058,0.896983161194525,-1.54829572727893,-0.389143021451545,0.224777084950649,0.805242968999894,1.95766949986148,4744.24709837713,1.00002651701466
"eps_all[23,8]",0.0154936004811426,0.017340637992814,1.01321133022835,-1.94358857583634,-0.668500337584228,0.00431883523818193,0.712207546464673,2.02130662395953,3414.05042654205,0.999639729417262
"eps_all[23,9]",0.615175878683933,0.0179519751191419,0.908076258718388,-1.21957381758003,0.0120084848837729,0.646825591486424,1.23215290545345,2.36528482070692,2558.70470329042,1.00152860770973
"eps_all[23,10]",0.688740618494251,0.0169540359381821,0.940153534480877,-1.15592569729468,0.0647241810659384,0.690998562901711,1.3287980048114,2.53991698305514,3075.0442337612,1.00054366653647
"eps_all[23,11]",0.00814309093497948,0.0124479715955114,0.864907351041319,-1.64565878614011,-0.59181447321066,0.00374290202038448,0.583095027459207,1.77168994106292,4827.71917192465,0.999652998015182
"eps_all[23,12]",-0.149499264489042,0.013153446631423,0.914410906671895,-1.93415509770235,-0.756847757734229,-0.15175789769608,0.451798851600986,1.64725974025034,4832.85383912711,0.999366209095957
"eps_all[23,13]",0.0334983915446495,0.0148302837121748,0.970358215124552,-1.85710066812319,-0.631112272870693,0.0303321252368669,0.678978519674865,1.95981165178423,4281.1974208648,0.999884323472546
"eps_all[23,14]",0.265813196986861,0.0139484218977993,0.932645847330097,-1.54313659623933,-0.369102113285241,0.251875422343049,0.896872823783633,2.12509720001561,4470.7807435319,1.0004809110588
"eps_all[23,15]",-0.00129637363632698,0.0142658121306623,0.938597678690108,-1.84340261021518,-0.641796351527296,-0.000872798362992664,0.642468341653702,1.86894383896715,4328.78434958709,1.00050216489257
"eps_all[23,16]",0.205695753134853,0.0132836057188466,0.982330782861064,-1.71008864449179,-0.441391276565066,0.208494215220138,0.844405896622527,2.17046682266804,5468.69313080969,0.999506997496591
"eps_all[23,17]",0.00674109762384602,0.013844217857567,0.988194942490333,-1.86626160986826,-0.671063154572417,-0.00742424946404992,0.657674080123688,1.95392479032856,5095.04945653311,0.999622256486774
"eps_all[23,18]",0.120182538339314,0.0145923998837696,0.984765385009084,-1.81235617605443,-0.53971348796324,0.104501172219042,0.80301477037544,2.02287034565274,4554.20005623268,0.999383216271475
"eps_all[24,1]",1.2925296214254,0.042465205912152,0.946311897236017,-0.730372486485449,0.724536884738741,1.35850891463163,1.93482646920623,2.96108560909286,496.59475897604,1.01366262396816
"eps_all[24,2]",0.237950340025935,0.017163366547522,0.914161373568627,-1.56365590207613,-0.383264703551061,0.240112865666177,0.842023612782749,2.00776460526218,2836.87877990194,1.00026928387963
"eps_all[24,3]",-0.0366924948253078,0.0143804262156562,0.822728316685567,-1.62130740186194,-0.586637855759858,-0.0405116112640284,0.489152200586716,1.61961687199731,3273.17611972796,1.00067100172522
"eps_all[24,4]",0.0668266679858659,0.0181462417810966,0.927423468273715,-1.78696396215748,-0.533293951855989,0.0953011628741009,0.691710538099321,1.81298340536832,2612.05776251474,1.00021977614784
"eps_all[24,5]",0.788500957114486,0.0197726612459951,0.916573160973581,-1.07869049168101,0.18346583031506,0.799661423073229,1.40298931525766,2.47853590487147,2148.83970697886,1.00029614373322
"eps_all[24,6]",1.01641293434607,0.0273642536028697,0.979533524220498,-0.933225249057801,0.384023239854783,1.02675639296014,1.67676693427173,2.87771646003005,1281.36068580381,1.00163955521662
"eps_all[24,7]",0.211825190852259,0.0129985137155034,0.893946177660991,-1.58921232457216,-0.391879486016776,0.224319493281228,0.82386212440612,1.9519195981769,4729.71911550062,0.99939434083897
"eps_all[24,8]",0.0155767916216449,0.0141455619338901,0.968719210979806,-1.88660895648168,-0.624166935413405,0.0247743516523797,0.66540263355645,1.91154019454775,4689.81180892789,0.999399790059158
"eps_all[24,9]",0.0885859333792581,0.0134368685084927,0.896626249976692,-1.63010979378655,-0.516544337310854,0.0914258596096817,0.703687862976135,1.87627793465335,4452.73412651097,0.999661388969688
"eps_all[24,10]",0.679589364453929,0.0164046729461961,0.945024679125041,-1.15319535157869,0.0584686855427462,0.674077526302985,1.32152293089489,2.55091172525602,3318.57125791102,1.0000136151036
"eps_all[24,11]",0.0945379579239231,0.012745522268032,0.892441113674367,-1.67670496118992,-0.508841491386986,0.120626592199064,0.715427209142944,1.78810815226903,4902.79649361914,0.999911128772484
"eps_all[24,12]",-0.111950419080905,0.0141236990398888,0.943242254362668,-1.92374421339896,-0.73507884001979,-0.139064989606848,0.520016358695728,1.74597399927395,4460.15124326277,1.00030944593321
"eps_all[24,13]",-0.00665836878303793,0.0141043251461887,0.986461585149253,-1.9792280706763,-0.673281608417506,0.00899462414453888,0.655173113702256,1.95804028241625,4891.65402504115,0.999271628290193
"eps_all[24,14]",0.100456496788825,0.0153548985832398,0.966270438220219,-1.78735267304557,-0.55642417748761,0.101113335590725,0.755311138410933,1.99592170266546,3960.07564139576,0.999370517756905
"eps_all[24,15]",-0.00381796342118457,0.0145432739293343,0.938094434312897,-1.8531230396146,-0.628199483530506,-0.0158405776113887,0.641131220205875,1.81847071408458,4160.72248593826,1.00014079358702
"eps_all[24,16]",0.273314076869964,0.0134407827864094,0.975390943132664,-1.69254242516025,-0.374038330967552,0.251923320029599,0.928188063066277,2.21538451808099,5266.33294267421,0.999531263089007
"eps_all[24,17]",-0.0106096407152696,0.0136349909754061,0.973053866688962,-1.88829243655003,-0.681196190712454,-0.0226222032791015,0.653552950497135,1.93298702014463,5092.8871834745,1.00101418337937
"eps_all[24,18]",-0.130694342518169,0.0129122690400499,0.964681328057326,-2.02320842269702,-0.782204505820015,-0.136903018893831,0.502006472812124,1.79592937936621,5581.650153698,1.00046165518356
"eps_all[25,1]",-0.256740821147712,0.0182957132580467,0.989887723518812,-2.23020010943812,-0.930885436384038,-0.26527752785152,0.421798920393534,1.69155817614488,2927.34012868023,1.0017855640631
"eps_all[25,2]",-0.431970507554753,0.0154442787180561,0.901322878410354,-2.16705464530375,-1.03728934951314,-0.435477043911785,0.178653044352783,1.35590547879002,3405.85009275965,1.00118789308586
"eps_all[25,3]",-0.0873662138426226,0.012724616239302,0.822286320086916,-1.762802073304,-0.644133176500852,-0.0892601358915791,0.451801547518416,1.55188607735499,4175.96397738301,1.00128885575904
"eps_all[25,4]",-0.847507288763526,0.0286587199264775,0.988559836636316,-2.68790649754879,-1.53330962156664,-0.887490312548685,-0.184532466950289,1.1876168467679,1189.85036262711,1.00193316367785
"eps_all[25,5]",-0.134569264312193,0.0153621440170081,1.02722646468819,-2.1482111415768,-0.7892028480362,-0.134230310355822,0.546736126472584,1.89536012574378,4471.24775371509,0.999680328622269
"eps_all[25,6]",-0.0657689883599661,0.014761906411556,0.995485223856614,-2.03225886383551,-0.749733778131348,-0.0642192154434807,0.617284435733804,1.87324874040793,4547.62600164751,0.999393081585744
"eps_all[25,7]",0.288877347862371,0.0145286222307144,0.94855649786242,-1.60693464246349,-0.341107346276323,0.289359487714907,0.911256055011207,2.15859369311138,4262.62908401803,0.999925134754141
"eps_all[25,8]",-0.0998473108061129,0.0154389902838951,0.999084355847189,-2.03211689630556,-0.767856281103528,-0.102636128510962,0.541365911564011,1.92522143175564,4187.61290462118,1.0001245513134
"eps_all[25,9]",-0.440333628807746,0.0208119657256571,0.928740273575472,-2.22641359518391,-1.07947918582738,-0.469508470283888,0.187720757101259,1.38193099939542,1991.41765515839,1.00271681200347
"eps_all[25,10]",0.281075384086553,0.0138985034611549,0.940334897144154,-1.55750848912456,-0.368898979643082,0.275513372972832,0.92908732436292,2.11000873606259,4577.50711730117,0.999782764998716
"eps_all[25,11]",-0.401730430775721,0.0176944674061479,0.938500848512958,-2.23738049771057,-1.03302654090661,-0.415040777638596,0.232238949413405,1.47918420805903,2813.15945156687,1.00254341031795
"eps_all[25,12]",-0.317163181063521,0.0126257026380573,0.950537926863498,-2.17154557448398,-0.973082733938312,-0.323471217263938,0.319087228398879,1.55198214078005,5667.97318620561,0.999976421805001
"eps_all[25,13]",-0.0219108269513695,0.0137979933269803,1.00864591763344,-2.01839322216716,-0.694341796398239,-0.014577686836446,0.660120305135224,1.95665352120593,5343.74356475175,1.00007087456455
"eps_all[25,14]",-0.0618928208820739,0.013732836625743,0.957040807835201,-1.93264935584452,-0.7030079968067,-0.0676575101733506,0.592271475987121,1.82479140672404,4856.69024772973,0.999758531407094
"eps_all[25,15]",0.0268154948467162,0.0141413998477322,0.988661881647203,-1.90136246282543,-0.649582092657069,0.0307506396448246,0.693601914314286,1.97056794429549,4887.77016206581,0.999255743136302
"eps_all[25,16]",-0.0156222551015896,0.0136980106184318,1.00734546850216,-1.9307938356865,-0.700568591443936,-0.017714420118729,0.665490628956418,1.97668764852823,5408.06468114261,0.999987048403348
"eps_all[25,17]",0.004001149518115,0.01361465162842,0.995958141029852,-1.91219937961319,-0.688417417470673,0.0181096724204878,0.688063963089602,1.86051030298552,5351.42084064548,0.999176229762257
"eps_all[25,18]",-0.0475215022489801,0.0149573777928897,1.00558643486917,-1.95147178467542,-0.733510594265844,-0.0532778025308709,0.63373938892138,1.94581410368172,4519.89021255783,0.999683441963025
"eps_all[26,1]",0.00217704104150268,0.0157065362353295,1.00388902938133,-1.9514133228046,-0.678791431926127,0.0110185117503267,0.664888504889089,1.96294594190404,4085.17415177838,1.00054579725716
"eps_all[26,2]",-0.00240399955931017,0.0157489047523788,0.979512788245108,-1.90334132870701,-0.659714118534189,-0.00743577355316829,0.666551569574822,1.90650619215142,3868.29430086997,0.999792683256412
"eps_all[26,3]",0.00155395160304968,0.0160112299297234,0.996747338737378,-1.97835369833314,-0.664861757627025,0.0190157808257187,0.651375559954202,1.93099719938731,3875.43789022853,0.999969471609463
"eps_all[26,4]",0.0290678184184661,0.0152157804377381,0.996214450022828,-1.90029853679749,-0.65526797829401,0.0331320855043222,0.696086041719213,1.96641359334346,4286.64193363309,0.999520717747862
"eps_all[26,5]",-0.00992298609218188,0.01554351606644,0.975537068867771,-1.91075930638262,-0.65559617583008,0.00456875648078703,0.626519243524754,1.87752572226877,3939.02756735928,0.999489658841001
"eps_all[26,6]",0.0168758708698053,0.0154537800095746,1.00369671152323,-1.94648457864455,-0.647268897347807,0.0239766150753639,0.65998412791416,1.98634962906772,4218.28143188255,0.999318637392033
"eps_all[26,7]",0.0100024300931121,0.0157246831656611,0.989694932474448,-1.92156887891934,-0.658703430296031,0.00536286827986045,0.684631589263024,1.93927356349207,3961.31050607451,0.999741678290623
"eps_all[26,8]",0.0239933342831618,0.0153118970148328,1.00081270185132,-1.96376435433953,-0.633050308601267,0.0162866197489162,0.711788925650291,1.95094092928869,4272.1610706257,1.00043470024999
"eps_all[26,9]",0.0220380882232207,0.01685283970701,1.01343719664224,-2.02611949330417,-0.660882918274979,0.0509468044405185,0.7086713828674,1.98686644215561,3616.15885585299,0.999523066023749
"eps_all[26,10]",-0.0260730377725733,0.0166623913636343,1.02655010329018,-1.99426322583921,-0.711338854270511,-0.0382307979526217,0.669017137478865,2.01082848506382,3795.64546682369,0.999662481207672
"eps_all[26,11]",0.0277580348796011,0.0162643697834221,1.01747627201405,-2.01756887366614,-0.640738793156301,0.0217644195207125,0.702587463664417,1.99685943779937,3913.57896076393,1.00061193796383
"eps_all[26,12]",-0.0173181287732099,0.0154903375124545,0.999538050363907,-1.9719500712796,-0.708489608885146,-0.0185003432300932,0.642858262249036,1.91006542656236,4163.67575778978,0.999664463820554
"eps_all[26,13]",0.0036354680865153,0.0163376711751957,1.00868386867957,-1.92557706621236,-0.690501467633002,0.00976628135687333,0.69507445997563,1.96314287461119,3811.79774842827,0.999886486074479
"eps_all[26,14]",0.000445338278873295,0.0157793319303383,0.986660800005381,-1.90510284676852,-0.664404662038348,0.00699249775507092,0.662872471354397,1.97298979820117,3909.83584726544,1.00036548650471
"eps_all[26,15]",0.00299825679461967,0.0170766461020814,0.997782061849167,-1.91434072866154,-0.676539702917735,0.00371567137610757,0.691724569255303,1.94420002152563,3414.021309262,0.999973817554573
"eps_all[26,16]",0.0155423502277607,0.0154146342397206,1.01013821471033,-1.93796378202279,-0.670918946169948,0.00694332367284712,0.711891054074343,1.98978974756508,4294.32742140151,1.00045567913334
"eps_all[26,17]",0.0284445472287142,0.0163183331926431,0.988845547094528,-1.95060640940671,-0.640272765611666,0.0458767766003465,0.693476732027007,1.98639803837748,3672.02248193417,1.00015638495695
"eps_all[26,18]",-0.0202423225047715,0.0157088871209651,0.97711039749264,-1.94500266221551,-0.673145256415648,-0.00766184660053269,0.617655223335395,1.89903248838597,3868.97952418644,1.00147415060412
"eps_all[27,1]",0.0184331859754915,0.016274157064255,0.997277598766253,-1.95198670230364,-0.648507350035751,0.027410346081985,0.67620251437503,2.0209167596937,3755.21771902793,0.999614681763336
"eps_all[27,2]",-0.00904868923243939,0.015596777232934,0.99778369610442,-1.93424501866236,-0.679392698110406,-0.0127753222714947,0.668821593380051,1.9496496801885,4092.6355093929,1.00001269853955
"eps_all[27,3]",-0.0117050988210811,0.0156156083793054,1.00469265639808,-1.93830139796702,-0.687641065524417,-0.0360794522526775,0.660337143045343,1.96368018823609,4139.50715899728,1.00025204858214
"eps_all[27,4]",-0.0065782195353935,0.0155965110828819,0.99984104447957,-1.98818436925379,-0.684711157888214,-0.0177153506692087,0.678070284383989,1.9200156452092,4109.67052578932,0.999320324060158
"eps_all[27,5]",0.0155169624962642,0.0161527246573458,0.997611527200265,-1.97071131426629,-0.662409283834143,0.0271978535352315,0.695607778548185,1.92076933059248,3814.44482437387,0.999420683680543
"eps_all[27,6]",-0.0237075950081198,0.0156901484668232,0.98810115375174,-1.95178885346151,-0.694323503476412,-0.0222180205783721,0.662899308771926,1.89489820390346,3965.96344232847,1.0001983964106
"eps_all[27,7]",0.0123067521501088,0.0164181810804019,1.01079405461676,-1.90309470717746,-0.696528239481617,0.0022451797605863,0.685531163141108,1.99327389422622,3790.31474491348,1.00029029909774
"eps_all[27,8]",-0.00358724436656575,0.0161582983998276,1.01180713790142,-1.93709349353743,-0.687224539046706,-0.0261779217635009,0.68723882341855,1.9542487338254,3921.06669548173,0.999659179457185
"eps_all[27,9]",-0.0102485879500591,0.0157954105960728,0.986841138270057,-1.91775173175593,-0.684366946142614,-0.00230792508570547,0.669548886421029,1.91987720026807,3903.30647183889,0.999416176166038
"eps_all[27,10]",-0.0324469508255426,0.0157592464595994,1.01502063688627,-2.05261440466781,-0.715823755444644,-0.0109527742716955,0.643748453681893,1.95993130470364,4148.38303315858,1.0007159698844
"eps_all[27,11]",-0.00789688597736597,0.0167960309278533,0.99586627554575,-1.94339875181148,-0.678136534670964,-0.0232212817669966,0.642043384772063,1.96023293129629,3515.51309208759,1.00020439197909
"eps_all[27,12]",-0.00529607767750024,0.0160829749414244,1.00927101076676,-1.99080927546768,-0.680666982723367,-0.00575964218598088,0.665205997996219,1.94425705396413,3938.06452608726,1.00055283589328
"eps_all[27,13]",-0.0158650314924219,0.0163610241189408,1.01274603008137,-1.94629032497419,-0.701666277894254,-0.0200538684934777,0.660593385834233,1.91225994127596,3831.59968740824,0.999863520281681
"eps_all[27,14]",0.0285896069513902,0.0161403207545571,1.0149686977077,-1.94890853872435,-0.689007106416582,0.0241782460476485,0.710261112703422,2.03333161627508,3954.40343553722,1.00005583455134
"eps_all[27,15]",-0.0123034892331372,0.0159367837927774,1.00075038782912,-1.96328743172195,-0.703204473218443,-0.0163586545651308,0.674932694726735,1.91180409628126,3943.21241557123,0.999711241172478
"eps_all[27,16]",-0.0120464010578798,0.0159693507218542,0.990759990116182,-1.94997401127396,-0.663709539165255,-0.0110512290469271,0.679197063653127,1.8849122674103,3849.12843156587,1.0001349315476
"eps_all[27,17]",-0.0119538009846816,0.0158086299916632,0.985587568612547,-1.93200640968133,-0.676402199853068,-0.0334468242637408,0.654699241170773,1.96023579996596,3886.8874444944,0.999456828166731
"eps_all[27,18]",0.00691434429085245,0.0155175054037554,0.999893819995676,-1.99882871409968,-0.66171377855316,0.00861321422577107,0.680154649439786,1.91991620306973,4152.06322195261,0.999975879162661
"lp__",-635.952364747555,5.48587925514058,50.9658474209187,-724.822989803002,-671.641609033487,-639.362695336598,-604.066600982316,-524.648275804186,86.3109725872933,1.03803520145454
