"","mean","se_mean","sd","2.5%","25%","50%","75%","97.5%","n_eff","Rhat"
"eps[1,1]",1.76690065356161,0.0267141285375238,0.823607265681401,0.0218227516197068,1.26870369463079,1.80724552501382,2.31349545447149,3.28820161950832,950.513557738959,1.00175939992778
"eps[1,2]",0.217041422482315,0.0189743282040456,0.988813656384099,-1.77443036284758,-0.456097574784298,0.214051040253628,0.878621973933519,2.18110468656145,2715.78943640148,1.00104624600086
"eps[1,3]",0.255972880773473,0.0162807784805855,0.954522299352443,-1.62187828343512,-0.39511528828077,0.250451998708252,0.914717498506655,2.07556248433598,3437.33470556788,1.00066260253674
"eps[1,4]",0.208379324103423,0.0197271484899702,1.0160664689416,-1.82524800246058,-0.468185456014385,0.217431004366815,0.899965531555363,2.16490790386706,2652.86782095,0.999853907810248
"eps[1,5]",0.449099181466021,0.0178987772585816,0.968623103638351,-1.53175408971707,-0.202774004963526,0.462178975000704,1.11635384415302,2.27536405469926,2928.61930127917,0.999753127012605
"eps[1,6]",0.747959872684371,0.0173826861175515,0.901687195111624,-0.992208963185854,0.133882425884434,0.73991074252024,1.34244934856161,2.48199579670105,2690.77899239241,1.00018732951842
"eps[1,7]",0.677681600142655,0.0158095386215595,0.917847544665124,-1.1174539440161,0.0822266253620248,0.693010630636309,1.29981564916429,2.39068215738282,3370.56501914954,1.00087023621128
"eps[1,8]",0.0501214343192068,0.0166090996741865,0.97898535636811,-1.88173566944983,-0.611021875630785,0.0638277556739152,0.712040627894204,1.93358704956687,3474.24313958959,0.999957511690774
"eps[1,9]",0.472879526442046,0.0141591058136109,0.893268076186282,-1.2984585560768,-0.127301961016576,0.49641768862335,1.07784670156584,2.17454557194592,3980.08156272754,0.999784121727809
"eps[1,10]",0.05250547168768,0.0151234808572159,0.971933026728925,-1.83559814727405,-0.582982746806914,0.057109580737134,0.719578941960629,1.97522671990313,4130.18169827956,0.999762787877461
"eps[1,11]",-0.170519613659844,0.0167751751691068,0.96094987365637,-2.00251697939743,-0.820804466119416,-0.166824279447363,0.445202943505322,1.68788725595304,3281.46170492686,0.999857849453368
"eps[1,12]",0.127383646574514,0.0155461452912072,0.927685825813019,-1.7108790359368,-0.509805984426925,0.120254794645999,0.762778746089314,1.95218967161384,3560.87228632381,0.999732192053958
"eps[1,13]",0.140070467501033,0.0147201133528381,0.945822552066921,-1.69298657331784,-0.493937153553934,0.127480267780299,0.759010915938129,2.07173526434286,4128.54498900981,0.999234043409876
"eps[1,14]",0.14305347135121,0.0156776802182443,0.981572275594664,-1.80957227698033,-0.517379047838438,0.139631805380273,0.803718489308344,2.10630929595585,3919.95393083613,0.999499097010684
"eps[1,15]",0.0497415236420615,0.0156007883339192,1.00983047206535,-1.93332318377034,-0.653600267867902,0.0663516643043492,0.747153542667559,1.99521715214676,4189.90189350864,1.00014243084098
"eps[1,16]",0.233196301581483,0.0158280854854682,0.975056686200074,-1.74779682214901,-0.381447784228491,0.258684993861717,0.874834659780708,2.10836783289617,3794.92288391885,1.00017903504803
"eps[1,17]",0.184636133836593,0.0143666680834713,0.986587064411434,-1.71964471389817,-0.480792011398978,0.193068230379461,0.864692933327298,2.09436688471561,4715.83625904297,0.999398864682019
"eps[1,18]",0.392054979034257,0.0128386975476807,0.971107179389765,-1.53764695047336,-0.260393656997436,0.390035548412118,1.04920494711077,2.29717699672051,5721.26934492605,0.999334448706452
"eps[1,19]",0.0424523277019461,0.0133173164639058,1.0013596595422,-1.89507314767031,-0.637357687896581,0.0173461489742861,0.738790096973813,1.96890712065571,5653.8820334174,0.999751849552397
"eps[2,1]",1.22789314400053,0.0143665940749719,0.783115674616558,-0.33750876759758,0.698648711999355,1.24077487990902,1.76636523478249,2.68043288602904,2971.28418554369,1.00126386552229
"eps[2,2]",0.167603472702896,0.0147671503566273,0.950268639425992,-1.74137546207725,-0.439447920767335,0.158835425588275,0.817129805657092,2.00760003540279,4140.94441006817,0.999522378054776
"eps[2,3]",0.0390833557610616,0.0159914571924195,0.940978598719502,-1.79506296050774,-0.601560744768818,0.0333665053169727,0.670646535784869,1.89916288172994,3462.44921780347,0.999274677545371
"eps[2,4]",0.0156136089240921,0.0149128386135097,0.938779426953865,-1.78656364892269,-0.612483674646142,-0.000172258200139746,0.649820263293037,1.88694860307101,3962.83957380055,1.00005316208169
"eps[2,5]",0.308638666848276,0.0155187329663872,0.931377865366185,-1.56364706764851,-0.292027345684484,0.310464732545645,0.940228503675623,2.12936869670161,3601.96347470073,1.00021372513824
"eps[2,6]",0.664299378624926,0.0134917540618896,0.848627484775213,-1.00870156494846,0.0993205108129464,0.669526213304487,1.2481985337117,2.34405864218893,3956.37414178754,0.999668779447116
"eps[2,7]",0.00681507450621239,0.0176338103362344,0.877607996638304,-1.62494978195346,-0.570114780600919,-0.0036687167281571,0.584989242017907,1.73402316653021,2476.9019379078,0.999976795201776
"eps[2,8]",0.0615621457388609,0.0145944608551133,0.919794538258688,-1.76359750234807,-0.554109965004768,0.0691787708383963,0.679489443422056,1.85836964239562,3971.9661690192,0.999708990868078
"eps[2,9]",0.418789388565271,0.0127535267662335,0.866852088345356,-1.28894715083631,-0.17144943904663,0.432344857185903,1.01950336591723,2.08848351350466,4619.86626253793,0.999368719528163
"eps[2,10]",0.0609031002033957,0.0141209261805954,0.914453186608964,-1.73421045231513,-0.542310005722932,0.0502854366521937,0.659765722836229,1.90610617464429,4193.69256758581,0.999859164628647
"eps[2,11]",-0.0326503487536095,0.0142670097444578,0.929974288418975,-1.82784205342349,-0.671390129340005,-0.0516322865365357,0.593106958419534,1.79440575601899,4248.89469160052,0.999929487310586
"eps[2,12]",0.317429944025473,0.0124085993692988,0.903692882919401,-1.44800195239607,-0.307986089260103,0.31957190845791,0.935995231879144,2.05913088282872,5303.91063553378,0.999900587980798
"eps[2,13]",0.370511952040468,0.0127840382153976,0.889238838693885,-1.40147425537006,-0.224894477067431,0.372784239694214,0.956402581950804,2.13101620660948,4838.38836630179,0.999867086187237
"eps[2,14]",0.00472879289400499,0.0130980964864442,0.952185389482538,-1.8305945023306,-0.636574044658147,-0.000819480946259924,0.641599251580761,1.84321132329527,5284.77687476932,0.999818571965121
"eps[2,15]",-0.121840420145056,0.0115942253641854,0.933860531143624,-1.98600801817911,-0.749205163347001,-0.131161641319399,0.507084751902171,1.69107393524695,6487.54772682717,0.999623744720416
"eps[2,16]",0.196147390758651,0.0126067683070622,0.895757602600041,-1.54573906711411,-0.387296270726459,0.20814009992371,0.821188742310077,1.87722301643417,5048.62906531805,1.00098411018022
"eps[2,17]",0.0662234403627951,0.0135794128990859,0.967227508400358,-1.81786538766759,-0.582399185382088,0.0433985371954265,0.72819864008466,1.95166581620682,5073.3554567978,1.00127992516113
"eps[2,18]",-0.000896593697332148,0.0136895879746493,0.960793156570467,-1.86048636675479,-0.655347934012846,-0.00633906715198049,0.651411306484108,1.88273117566005,4925.82578747919,0.999364216268743
"eps[2,19]",0.0574445397765571,0.0134738361264466,1.00702928187429,-1.8992885664106,-0.591950155693243,0.0552061375590396,0.746932532392929,2.03399433591552,5586.00957564082,0.999629045820765
"eps[3,1]",-0.301245924626607,0.0255378704048854,0.82950000985942,-1.82429824530945,-0.883786145972649,-0.333252609948412,0.251633161988237,1.39948092050433,1055.0266584376,1.00116031594799
"eps[3,2]",-0.0657413857869312,0.0179743986179538,1.03889498778232,-2.0955741596852,-0.758148308895757,-0.0861234412648107,0.64048162001097,2.01190050520356,3340.67759487266,1.0011504288156
"eps[3,3]",1.56254881402017,0.0211379478560469,0.868962837995318,-0.270391898420639,1.01348168930868,1.60282678693992,2.16985126844253,3.13886463839909,1689.9613147914,1.00092892867382
"eps[3,4]",-0.118099212791356,0.0152793614680129,0.978527202453129,-2.05192823350191,-0.767853934529808,-0.119405188882854,0.53630907882349,1.8179503433847,4101.43087195103,0.999253718890612
"eps[3,5]",-0.227497644139371,0.0178161672478,0.982867743751891,-2.1221621435104,-0.899314846873468,-0.247399385041332,0.447371305254041,1.67389327228398,3043.41798623283,1.00035913028473
"eps[3,6]",-0.028717736446629,0.014033405501128,0.853343202559064,-1.71642851609966,-0.580216038924041,-0.0327198690106847,0.553579767784,1.65654956770984,3697.61183139432,0.99957932700845
"eps[3,7]",0.120969271096435,0.0154887564410672,0.914573064032086,-1.67871513061409,-0.495862158874339,0.12681728501141,0.763463549210999,1.82829519912662,3486.61273128445,0.999606206569377
"eps[3,8]",-0.0053419995067418,0.0175411930578383,1.01038789250057,-2.00734313349461,-0.651721209910313,-0.0121531473205194,0.6601195386674,1.98935416314222,3317.8596437378,1.00181593554759
"eps[3,9]",0.020791124457734,0.0145719549604726,0.903068701526496,-1.72307430163813,-0.57678810839949,0.0262191437434255,0.652460094648502,1.78707270195981,3840.66069689826,0.999881338982948
"eps[3,10]",-0.16971229598651,0.0164137855380108,0.999920539831008,-2.11027424375817,-0.838880277314574,-0.178144813273829,0.495362257135471,1.80711909718413,3711.19239658973,1.00029781445509
"eps[3,11]",0.629928023207698,0.0179422081271797,0.978951650984345,-1.28919586903879,-0.0385936937381842,0.630353119280516,1.31440464232022,2.50946660737232,2976.94428066822,1.00000656494813
"eps[3,12]",-0.0744593582299843,0.0139956266815359,0.967203289112785,-1.94677312768991,-0.731826463637368,-0.0882596005368122,0.595505294888431,1.78954194806237,4775.85167396258,0.999750115119983
"eps[3,13]",-0.259533652742298,0.0137907535167164,0.96793358488409,-2.1191100975638,-0.922539633085742,-0.259994327464813,0.409088296742401,1.65218693569988,4926.23499902403,1.00003855022425
"eps[3,14]",-0.156443333432315,0.0134193695154778,0.984536217704027,-2.05842399284223,-0.819314519720145,-0.170077906723063,0.538530590012681,1.76909734406696,5382.68754273289,0.99968042673053
"eps[3,15]",-0.307419348710903,0.0144454149739072,0.970013612342237,-2.1667404619813,-0.979126957138125,-0.323182497109843,0.36453699437401,1.59247713388658,4509.15965900896,1.00077634146029
"eps[3,16]",-0.366192894522429,0.0145247413965087,0.961965231327542,-2.23254053280842,-1.00614349043693,-0.381068161628228,0.262704703330521,1.53184731625307,4386.33637436039,1.00000096785798
"eps[3,17]",-0.0316372458442494,0.0127617313143467,0.947876026842458,-1.90217983838158,-0.658087879788031,-0.0491441286188361,0.598895794754683,1.80901106828138,5516.75739017519,0.999847532659712
"eps[3,18]",0.0469373024373991,0.0137835665666408,1.004938173358,-1.90364871783697,-0.650507696701869,0.0550885368334477,0.735891414696206,2.02665562361961,5315.63890253269,0.999427472245276
"eps[3,19]",-0.277738179009809,0.012653653951294,0.991881066480528,-2.20604176858836,-0.947192707896023,-0.292314943311685,0.395788315176401,1.66090166934377,6144.51054649024,0.999891570636375
"eps[4,1]",-0.382648840520598,0.0144426179827872,0.733901651073206,-1.80863477745296,-0.87622414838429,-0.401934401580113,0.0979732576751802,1.14219851155829,2582.16435361797,1.00046230568255
"eps[4,2]",-0.214874866736987,0.0161291271592394,0.970007857963088,-2.08940093109496,-0.864912864161544,-0.20508467513877,0.432847097043276,1.68745953689567,3616.83563776977,0.999680913458842
"eps[4,3]",0.654934127143627,0.012974590803796,0.765555341323734,-0.846079515077957,0.14764301822581,0.639707990937576,1.14796384337546,2.18422045259678,3481.49553231105,0.999747824829918
"eps[4,4]",-0.00969229893446315,0.0150936345848391,0.966258111036709,-1.86178640037187,-0.656086668635649,-0.0200741708479056,0.605303795081006,1.93461325351312,4098.25183428279,1.00032760477409
"eps[4,5]",-0.258148569368554,0.0180048319382593,0.979372092183132,-2.14814800266894,-0.923577209554893,-0.246999842667421,0.404530677992377,1.68473587983361,2958.81154708686,1.00059304379996
"eps[4,6]",-0.105436396440596,0.0148839327350704,0.841818848898594,-1.82461084024851,-0.661960451141143,-0.100987767553294,0.439164860403984,1.54409673712209,3198.90906075063,1.00060512861007
"eps[4,7]",-0.835955301171253,0.0235433917295926,0.929190896345071,-2.57658326137735,-1.47163114696063,-0.883394516537798,-0.207721656612236,1.06543699230937,1557.65701354008,1.00059476333757
"eps[4,8]",-0.022567147647536,0.014270620669033,0.966102335998896,-1.88078657548672,-0.680198356137533,-0.0378275659490875,0.616643459717301,1.89232990772128,4583.11273415487,0.999877424587627
"eps[4,9]",0.00700989311218716,0.012677964264243,0.837745590211571,-1.65524081498399,-0.546779531241945,0.0144283606017561,0.569875117137224,1.61242012923863,4366.41745378242,1.00073658815638
"eps[4,10]",-0.109212166412034,0.0135485643789253,0.931984879232927,-1.93176401408038,-0.727268799047201,-0.119845364032398,0.495515109841441,1.75502425732978,4731.85223319066,1.00022844490042
"eps[4,11]",0.0482018310070681,0.0130229480329447,0.929695357352243,-1.74502804415262,-0.582389209160112,0.047396747012478,0.67702556699486,1.86239400777735,5096.39063913205,0.999597537405819
"eps[4,12]",-0.0254203864610015,0.0134025514323251,0.959167754973164,-1.87566613395232,-0.662648559881134,-0.0299900722086676,0.620254974595976,1.87248963019365,5121.70046350028,0.999740764612456
"eps[4,13]",-0.241833780702972,0.013565648344378,0.955992039908597,-2.15084971918101,-0.885169936876333,-0.23474255166043,0.408064983033891,1.61241353092551,4966.23701470945,0.999475240216173
"eps[4,14]",-0.317560408523623,0.0144862447338581,0.955507591592183,-2.13405185605799,-0.964581179342167,-0.3068276286582,0.336984981765875,1.51119977786042,4350.67505596229,0.999712048596425
"eps[4,15]",-0.396078178154432,0.013044654501312,0.955520962001096,-2.27103018516313,-1.04253187627456,-0.407227863398903,0.229147979434188,1.53442100695753,5365.56272214228,0.999931093435273
"eps[4,16]",0.106104699662977,0.0138403165351573,0.942949762700646,-1.7359244005844,-0.530260802779034,0.0937907075056702,0.761850763381164,1.93511700731558,4641.78547882108,1.00025285381262
"eps[4,17]",-0.149967087328103,0.013500292135737,0.964590528814257,-2.06657968067903,-0.806883295664089,-0.146025184951332,0.504674594453432,1.74041133725518,5105.04593114343,0.999725421173989
"eps[4,18]",-0.0545002449304854,0.0131588287554028,0.964461275558084,-1.93874688577818,-0.709620153881632,-0.0398491796491015,0.597670600772363,1.81649967597847,5371.98905588032,0.99955264292439
"eps[4,19]",0.0751116718358448,0.0117832020228923,0.984456798972383,-1.88228909963635,-0.57286135448373,0.0784760690854351,0.732664336918511,1.99845690240793,6980.18089857892,0.999848249781357
"eps[5,1]",0.313787018798825,0.0141540960088003,0.740743284641664,-1.13983843170268,-0.169280706640835,0.317798731832779,0.799168749201359,1.77795321825999,2738.86844007857,1.00069847355599
"eps[5,2]",-0.0676467790842438,0.0163026918305599,0.969458424711482,-2.03555958460999,-0.702867088809641,-0.0828091002845673,0.582145088751515,1.84583803289933,3536.2237757702,0.99978075864097
"eps[5,3]",0.730997140912347,0.0128648650125625,0.775314121927721,-0.80133317308159,0.226813234075841,0.73755140411237,1.21840280453988,2.25361205326058,3631.99232139258,1.00051569290497
"eps[5,4]",0.24227889766399,0.0163659810193842,0.974068317914739,-1.72373487980439,-0.38544687694142,0.261324522103603,0.892876546166562,2.13971920459911,3542.37675609648,1.00004674704929
"eps[5,5]",0.23029681134119,0.0150502274472705,0.904681659618057,-1.57300231529709,-0.387235838922001,0.249582492603719,0.847549471056391,1.98187232653772,3613.31185192669,1.00029091116191
"eps[5,6]",-0.736756824285579,0.0208260321016265,0.891832703402765,-2.405586382007,-1.34795957873815,-0.751095512270318,-0.151268189925123,1.07417278435537,1833.807399089,1.00107228291815
"eps[5,7]",0.536253989337073,0.0219485591608529,0.884087790914954,-1.20937782807014,-0.0481007616486193,0.550320128779673,1.14325446689677,2.22362225637805,1622.47776838214,1.00231383812704
"eps[5,8]",-0.010039184993119,0.0152978309722753,0.999141589703937,-1.9096052193646,-0.695944861987024,-0.0179236109846702,0.680377975344915,1.94197809432861,4265.73977080073,1.00056472651151
"eps[5,9]",0.18860938408024,0.0137299485150074,0.8523553980171,-1.48277414291868,-0.374013779407599,0.174683864468829,0.760452026731408,1.90700953750199,3853.92815620106,1.00034692427053
"eps[5,10]",0.00118155300622778,0.0154309318712699,0.998721824445209,-1.91951511941338,-0.647124183556665,0.0187765923740586,0.650239723081151,1.96982650355472,4188.94610775126,1.00046900133405
"eps[5,11]",-0.178831011119549,0.0151749907698234,0.960120221729662,-2.081302535544,-0.81559099472475,-0.190906732369394,0.440365654901505,1.72193839337244,4003.08085658695,0.999957321111549
"eps[5,12]",0.161301446592134,0.0145403852927431,0.961546984408545,-1.67223790163907,-0.515466104340427,0.164244783602393,0.835407484217276,2.0431944826161,4373.09781024064,0.999608680925299
"eps[5,13]",-0.211819519134299,0.0136272584395884,0.94982821780825,-2.07546854820531,-0.842199044171643,-0.221894332799821,0.422212414577915,1.65861823405314,4858.17495193482,0.999718129767883
"eps[5,14]",-0.347168396921494,0.0147977212059331,0.967591854985615,-2.20691390055223,-0.998464379086726,-0.352860761568195,0.298582454961518,1.54736429531149,4275.57694096543,0.999548874491851
"eps[5,15]",-0.2189134350263,0.0148167040292161,0.936325772802806,-2.06083733780934,-0.836318714998157,-0.227045128170927,0.409778873253497,1.59277119495295,3993.4729214862,0.99941911417567
"eps[5,16]",0.194784071410181,0.0136901037310714,0.97134872128171,-1.71380991307407,-0.458856058415051,0.18453595336072,0.859326601014347,2.05776447409911,5034.27421738909,0.999533258277527
"eps[5,17]",0.375165150244564,0.0141290033338745,0.963413219647053,-1.52424883314454,-0.244739987340073,0.382757588849247,1.02566226936067,2.21379552491487,4649.4560556157,0.999787871230256
"eps[5,18]",0.319607706859382,0.0127804394597669,0.994908686201037,-1.63682192954943,-0.332923111011706,0.31248435364914,0.987881275445281,2.28292126896318,6060.03134084787,0.999734198633539
"eps[5,19]",0.072487597253982,0.0135220218048377,0.956329190592938,-1.8008596247733,-0.584385293421406,0.0817582847308442,0.735167523022892,1.89990718706095,5001.86033082949,0.999658144633178
"eps[6,1]",0.0440065639761381,0.0118069281960846,0.740177075921566,-1.44037143069056,-0.416405886799148,0.0354044416870538,0.529832527781324,1.4862323293701,3930.04403581965,0.9999875911
"eps[6,2]",-0.163790747456868,0.0127474189297268,0.816743165610387,-1.75617056044097,-0.711405229565365,-0.175078454841652,0.382669303879116,1.46581049508747,4105.12608692324,0.99929570973597
"eps[6,3]",0.415978179691306,0.0107456824101707,0.730134361849642,-1.07899146361751,-0.0501893572989421,0.430150756208421,0.90126292116349,1.82821716064919,4616.76292911765,1.00117086430356
"eps[6,4]",0.0450545761809725,0.0150308328805178,0.941096834210694,-1.75491723022498,-0.605682061502235,0.047911960331823,0.684451989784142,1.90810517275329,3920.14862392591,1.00158140220208
"eps[6,5]",-0.322823039513646,0.0136607363188027,0.83145171272679,-1.89819780425878,-0.902916845493964,-0.330647668164726,0.231012295170954,1.33569552095299,3704.4679974167,1.0005012917826
"eps[6,6]",0.072357541036757,0.0139357019967149,0.805408394188018,-1.56316295656864,-0.440668857292272,0.0846182125339641,0.624271604306762,1.57298741722311,3340.21638278398,1.00146859308529
"eps[6,7]",-0.0178929539919568,0.0129419238864807,0.829643580125226,-1.58336976972085,-0.599922393481975,-0.0158072126319454,0.526810550578654,1.65560438648185,4109.4663740704,0.99928798942171
"eps[6,8]",0.403205688573582,0.0129990553082574,0.900307823500176,-1.36196540908045,-0.206053579955793,0.410502743266693,1.00740356137024,2.17928491058527,4796.87570156921,0.999183809785238
"eps[6,9]",-0.174658282949343,0.0137008848614029,0.864529034951462,-1.89268200175381,-0.742847058932847,-0.193431911272265,0.39430592180584,1.57510767107178,3981.63947733707,0.999822836971418
"eps[6,10]",-0.213536434660501,0.0144655713308906,0.981252120635549,-2.14470705431074,-0.853466479502854,-0.212732443754877,0.42767761344111,1.72892514561873,4601.40048898986,0.999596905886594
"eps[6,11]",-0.298608601826325,0.0134043877369916,0.903867012642354,-2.07455874437241,-0.906682734714053,-0.285726796370766,0.293429156961599,1.48547968340473,4546.89693278119,1.00030676067613
"eps[6,12]",-0.0346924039593513,0.0122222038020163,0.920012823594359,-1.78414929791107,-0.667707822691883,-0.0348025556753667,0.617632032188759,1.7440588697736,5666.15850395411,1.0002725626299
"eps[6,13]",-0.240998960996063,0.0135635886749027,0.977023996627718,-2.2209751403146,-0.900438194607236,-0.241926025464176,0.437061668447925,1.69108014832581,5188.7319905134,0.99936599597018
"eps[6,14]",-0.237367406211217,0.0129320397959563,0.938531790789329,-2.1065093858365,-0.87021086006835,-0.22794151604083,0.38954397395977,1.60088517576453,5267.00719021306,0.999539727102961
"eps[6,15]",-0.448701060405798,0.0129733358380463,0.934618125646733,-2.24465649159682,-1.09353064082227,-0.442954239101777,0.189728194953996,1.36698603878175,5189.97274528168,0.999311116717863
"eps[6,16]",-0.128543918905873,0.0121458845013269,0.913044036687987,-1.8901536322235,-0.75596500874082,-0.109605963797158,0.477089225325248,1.68571189731769,5650.99801464593,0.999663912448516
"eps[6,17]",0.0333216226731423,0.0132933564746687,0.969370590569314,-1.86403714677236,-0.610421735770276,0.0313241250195471,0.688080891984963,1.91918556169389,5317.53524877048,1.00023445090797
"eps[6,18]",-0.0386926824637408,0.0125319768467889,0.97109829386367,-1.93073491066796,-0.713542195312751,-0.024245176499274,0.631194111506435,1.82642677156,6004.64331202822,1.00036238101436
"eps[6,19]",-0.086793979038866,0.0124652439080447,0.980857388061449,-2.05630951642838,-0.729133962828008,-0.0845853819468678,0.568560394069075,1.84427607825853,6191.70382020488,0.99946733225359
"eps[7,1]",0.0322249892662885,0.0119986684900083,0.73382447898358,-1.49417832566535,-0.42610329943609,0.0625347109752261,0.522789422107989,1.4268693606452,3740.40200352411,0.99964786279898
"eps[7,2]",0.619249732211284,0.0131719329011583,0.796269288862955,-1.02912524828095,0.0993845756978859,0.642478757448038,1.17356977940233,2.10405927301519,3654.44064273647,1.00011667466682
"eps[7,3]",-0.0597427702722941,0.0120248449765883,0.756948902175395,-1.54648438409179,-0.554276818955168,-0.0682846082410812,0.436321972385015,1.38669261956708,3962.54451884806,1.000038857675
"eps[7,4]",-0.092977234759945,0.014480563613319,0.959531090290458,-1.99471592683978,-0.759341763811704,-0.0919369516412775,0.558175677409398,1.7737609814515,4390.83553787376,0.999511894566894
"eps[7,5]",0.263561614002621,0.0179341520012506,0.867088312773638,-1.45300755945328,-0.327469002019591,0.295938000437175,0.866825418636756,1.88580433809908,2337.57187036563,1.00090257202576
"eps[7,6]",-0.11494847212611,0.0131854832206268,0.810010843462459,-1.7187537411904,-0.670386821532963,-0.105085841786582,0.425514878077052,1.45647683498815,3773.89284407109,0.99976935782644
"eps[7,7]",-0.187479648538207,0.0134256317813184,0.849273090667509,-1.85596395801784,-0.745445063865038,-0.179860397547054,0.391497261342057,1.4963334274131,4001.52250370555,0.999753103868956
"eps[7,8]",-0.261094818990514,0.014214513927226,0.923939107751113,-2.01522427690695,-0.913045772906705,-0.260143040851308,0.374238852494169,1.50447202521975,4224.96069678368,0.999637482964769
"eps[7,9]",0.213625142040053,0.0132453156242059,0.874286561352871,-1.54342419791319,-0.359973927654293,0.227217597049096,0.790582956025774,1.89051567097805,4356.9540786149,1.00006230431433
"eps[7,10]",0.0117417708260869,0.0146441206909873,0.994966941403785,-1.96898608783603,-0.63287005061093,0.0124304190912742,0.667497090239831,1.9815011816554,4616.26469734482,0.999925375049997
"eps[7,11]",-0.214650150232377,0.0140855334514299,0.939176701869062,-2.06926822646032,-0.844825382101302,-0.209472828838568,0.404751141807178,1.61498580439961,4445.78055805397,0.999423435107317
"eps[7,12]",0.168475683757166,0.0163057226787624,0.956494875128603,-1.74695346073417,-0.442984777797734,0.159597568800403,0.814446837229249,2.01055027876504,3441.00411022017,1.00036896145137
"eps[7,13]",0.252452457427715,0.0151500872054312,0.919209028090464,-1.52726685950927,-0.375256791400458,0.260790544591893,0.88418289198184,2.06881735697972,3681.27530055164,0.999351907014113
"eps[7,14]",0.025483496511265,0.015099092117566,0.983684099097698,-1.93281137760265,-0.620130933623291,0.0511968803828718,0.687636413603534,1.94961077034493,4244.33478663464,0.99969588943648
"eps[7,15]",-0.216849449914039,0.0151049116440626,0.955380488416659,-2.08848441266105,-0.862281616866531,-0.211027330276672,0.456229631810751,1.64663044457229,4000.51917689843,0.999497073049368
"eps[7,16]",-0.441144406007015,0.0137531757072335,0.934529055540513,-2.26586635176468,-1.06358089844045,-0.439503091156943,0.170871663148439,1.37575990566146,4617.21007143259,0.999735084306285
"eps[7,17]",0.388816852224201,0.0126491205387082,0.945816950159865,-1.51589320802462,-0.253718305408059,0.399863564462081,1.0391096848285,2.20532240094852,5591.05189496772,0.999607622279058
"eps[7,18]",-0.124622378504582,0.0131065790885055,0.950726380446085,-1.99545161066226,-0.776130249818182,-0.123772945636794,0.517964745295567,1.73651110594049,5261.77634861113,1.00030054493409
"eps[7,19]",-0.00400428136867012,0.0122399874581534,0.965584337684494,-1.92002027117661,-0.653522153790137,0.0025538597552127,0.648697382639522,1.82572672907847,6223.26765263675,0.999233686675233
"eps[8,1]",-1.22316851472351,0.023328219941772,0.812018811279958,-2.68470209888065,-1.77633691518035,-1.259524031811,-0.723853113714302,0.542074428611903,1211.62709871833,1.00142852854521
"eps[8,2]",0.210918069058696,0.0159386813551387,0.846691340184527,-1.47651114488316,-0.341692920307451,0.226179930081539,0.79097387426308,1.83966302903116,2821.92494848646,0.999761980754757
"eps[8,3]",-0.889707420283148,0.015402128517587,0.814175725311025,-2.468662315045,-1.43400646432356,-0.907020292721859,-0.368295494500694,0.741920759052846,2794.31147157889,1.0004390289906
"eps[8,4]",-0.278096663978672,0.019621220135242,1.03880524846464,-2.30987511501234,-0.976124996932554,-0.284893435709321,0.407353073772489,1.82409732075248,2802.9558030907,0.999175605894087
"eps[8,5]",-0.592416876506867,0.0181480411768841,0.905492059983171,-2.352181725365,-1.22281769426666,-0.596113060226923,0.0120453260560647,1.2442933821513,2489.48653105072,1.00201960733917
"eps[8,6]",-1.17907500464058,0.018800086078722,0.875181822544894,-2.80335102579544,-1.79178082468648,-1.21950071706499,-0.603376761916557,0.610732248206674,2167.08977077012,1.00050315890455
"eps[8,7]",-0.83765390703089,0.0160971708859962,0.90286711738174,-2.56871713757148,-1.44863880609835,-0.850316823549001,-0.252085051192591,0.999027321149395,3145.92643961241,0.999999653744789
"eps[8,8]",0.453588907783777,0.0157466497982412,0.952867992296119,-1.38643985033185,-0.172989087572515,0.443118935955278,1.09760477711269,2.29663222539215,3661.75378980718,1.00039028277963
"eps[8,9]",0.206343197506665,0.0167385194972914,0.882893247619843,-1.48387699574579,-0.39389491203449,0.181538195029089,0.778409324084042,2.00727508112509,2782.16130254697,1.0016917498244
"eps[8,10]",-0.286408719161353,0.0184408388305912,0.996824404944184,-2.19717004524831,-0.967169881151478,-0.292915180777179,0.384118044211963,1.67253641122815,2921.97152844346,1.00051315429899
"eps[8,11]",-0.229288318355387,0.0165217976617422,0.979774548838624,-2.16178247050599,-0.890673659885029,-0.218159583091817,0.458169994478689,1.68407260771513,3516.71933551385,0.999861288315444
"eps[8,12]",-0.480165487432542,0.0152695595656873,0.967269338962296,-2.34853022682953,-1.14282932494396,-0.475814318901152,0.156602048612374,1.45322748421323,4012.74740005093,0.999649383398574
"eps[8,13]",-0.167590737494882,0.0150819586377237,0.95984893181195,-2.08349641619236,-0.824104400330757,-0.163802548638415,0.489912078252155,1.70515100461082,4050.3288089437,1.00099472286185
"eps[8,14]",-0.0791710757754654,0.0152093891383048,0.986734106908244,-2.06536654545669,-0.732958775842832,-0.0899937239004828,0.579281943351655,1.88638675858041,4208.97878591479,1.00011525066883
"eps[8,15]",-0.509296524453162,0.0163330711748559,0.979945421687706,-2.43085990305899,-1.15894758198107,-0.489766370947791,0.150763803397461,1.40048951315928,3599.71458129434,1.0004859655018
"eps[8,16]",-0.648452428627775,0.0142681762873386,0.933954782206411,-2.40348564730323,-1.29635646473636,-0.668739147720458,-0.0190242945398053,1.21803093264933,4284.64423662681,0.999444191394654
"eps[8,17]",0.0158178711320121,0.013195523064187,0.989367374047793,-1.94097684923783,-0.654557276884853,0.0347947746759069,0.685269279719228,1.93493842476208,5621.62600061839,0.999519705969218
"eps[8,18]",-0.25371396470999,0.0123910424746563,0.992362590343739,-2.16898257566892,-0.951461236321913,-0.256006572227759,0.416343821410039,1.69738422141541,6413.94271479049,0.999436095282524
"eps[8,19]",-0.172887338161612,0.0133404887202954,0.997375623470775,-2.11443448281979,-0.838032037098824,-0.173525227684208,0.494594439336634,1.75603567191703,5589.51362569777,0.999721068975068
"eps[9,1]",0.305536036074362,0.0170220493215336,0.760761772886185,-1.27581042042858,-0.179985580717627,0.343896887608042,0.824093572379522,1.7225982892763,1997.43968694766,1.00091708898435
"eps[9,2]",-0.199871729813396,0.0125019623605686,0.797781953236611,-1.76771307701805,-0.724988132437952,-0.20099931032114,0.321825251528063,1.36132375908176,4072.04005733194,0.999220894202114
"eps[9,3]",-0.821411226987483,0.0119502785864791,0.762536658940688,-2.31663204729846,-1.3287004198918,-0.815974173033985,-0.320519960118063,0.685063956109747,4071.60271212787,0.999291820725688
"eps[9,4]",-0.0239047941276372,0.0143409325498765,0.947728287676455,-1.88695704102663,-0.657789423248776,-0.0336267574706362,0.616484617778561,1.88292683957216,4367.29874468494,1.00011456308409
"eps[9,5]",-0.0557894732267165,0.0213545386368514,0.897256573668185,-1.85056130011037,-0.651195979543288,-0.0389614106251127,0.574116482958802,1.62117916480318,1765.43979456117,1.00211275023153
"eps[9,6]",0.0594606374673463,0.0200937095412076,0.846657131541328,-1.65350833676399,-0.488301295991409,0.075914281079588,0.62220572844011,1.71400299998262,1775.39462789754,1.00020752755153
"eps[9,7]",0.417158027222239,0.0215599929947938,0.877596886365087,-1.40263078389081,-0.145289191786098,0.441679392395931,1.00111939399104,2.07788281498973,1656.88709990924,1.00135954031514
"eps[9,8]",0.263357553068679,0.0142193497233934,0.886405265456987,-1.55748943513734,-0.318743925604589,0.273037181135047,0.856248788238339,1.95339292257969,3886.02135493642,1.00156531471918
"eps[9,9]",-0.0742726260974929,0.0132398492958235,0.879755306042844,-1.78153614493572,-0.670546722941877,-0.0700245956164729,0.538093655817567,1.65963258614385,4415.27447158598,0.999695989262498
"eps[9,10]",-0.0139190354850706,0.0168012142571185,0.99326367283921,-1.8850296633826,-0.710461428573157,-0.0182460035487585,0.666977172109274,1.93730155411515,3495.00469740411,1.00138635192101
"eps[9,11]",-0.323001489693007,0.0139374471955698,0.923029190510271,-2.13698634717528,-0.9296177792455,-0.300520963544779,0.288834350529815,1.51193703005312,4385.95732133665,0.999394459347049
"eps[9,12]",0.329696558325084,0.0240543632510646,0.947161437640264,-1.55162343964643,-0.28966731707928,0.341798048244547,0.967211594337301,2.20194301071863,1550.45899857099,1.00090269310187
"eps[9,13]",0.0489695457115079,0.0142839918538257,0.911385546649065,-1.70574871308995,-0.574351506301817,0.0515447962516449,0.675251320160881,1.80042151882111,4071.03734439439,0.999599155819123
"eps[9,14]",0.0638955045381997,0.0140065225483841,0.982247098743785,-1.80431511907154,-0.621063610583327,0.0854108890346775,0.717379889347185,1.95290543580152,4917.91320720954,0.999705273420428
"eps[9,15]",0.00709753051426859,0.0218620641972309,1.00300065569144,-1.96266189986257,-0.662002426120804,-0.0237001688708342,0.657162008432375,1.98736709126224,2104.84491895688,1.00013027028311
"eps[9,16]",0.15243756772139,0.0146846401002813,0.961638112599461,-1.77507451352281,-0.481267569705962,0.169601402176807,0.796276916324296,2.00562036822666,4288.41415348657,0.999479044979644
"eps[9,17]",0.371372467058861,0.0143883944513404,0.990318690081039,-1.60122911088485,-0.295499993029913,0.372476091545511,1.04288114187711,2.268765996169,4737.23882926535,0.999402309345738
"eps[9,18]",-0.288699368634733,0.014339204793228,0.954305482858242,-2.17055668939927,-0.92683313072781,-0.287755633337074,0.3411269787686,1.59698905290496,4429.19400317538,1.00048768974372
"eps[9,19]",-0.232011719375743,0.0124616724967144,0.984305765850538,-2.11312808896597,-0.912628953492089,-0.241777879697958,0.447276253434194,1.69582600857174,6238.89090278912,0.999804028894458
"eps[10,1]",-0.305916755386359,0.0181664043100203,0.783851741486343,-1.86262190113336,-0.830955398134843,-0.284246541888402,0.233674068920924,1.2317505341961,1861.78661606315,1.00097243995887
"eps[10,2]",-1.21587592901251,0.0245422739547593,0.885901881964169,-2.92394394412723,-1.80776374389027,-1.24306926152511,-0.619351540788207,0.625654254627528,1302.99169997692,1.00133658327532
"eps[10,3]",-0.763125323661271,0.0153535904715317,0.798391284915581,-2.38831797454732,-1.28796518813053,-0.742935197501646,-0.230623283121212,0.728934280475539,2704.03102613322,1.00063806779099
"eps[10,4]",-0.229538506195536,0.0211833139499262,1.05479226815599,-2.38992910985315,-0.931185461678891,-0.211945029108507,0.466392543542248,1.87350872353581,2479.39699081668,1.00086955607171
"eps[10,5]",-1.76879759503822,0.0374499053217698,1.05911905328069,-3.72554307657862,-2.51298143453056,-1.80948853566295,-1.05717657342863,0.366428025783245,799.812364544062,1.00168525625165
"eps[10,6]",-0.851153354694325,0.0169504563216013,0.883265248400435,-2.58220632398218,-1.45953611289509,-0.84051459480057,-0.263920806755565,0.872586141293892,2715.31049854274,1.0002761196127
"eps[10,7]",-0.508177874194616,0.0166712982538109,0.90156833625778,-2.25041732144477,-1.1119022420468,-0.496360692163378,0.0837160160486448,1.22822397000375,2924.54601317708,1.00008664605546
"eps[10,8]",-0.796923413280768,0.0195028757478358,0.966122159999421,-2.63740414037596,-1.4737375509212,-0.8027693725416,-0.139884636143704,1.12915903082883,2453.95604564157,1.00054565553327
"eps[10,9]",-0.289193830209424,0.015872580126733,0.895788119809523,-2.07350740476983,-0.871999796595053,-0.290824247164714,0.311764906112409,1.46782411944124,3185.04476474243,1.00086106435866
"eps[10,10]",-0.438530400477245,0.0167904715569662,0.909909484687435,-2.22855854564884,-1.06724643968854,-0.442026836906462,0.167981271050145,1.39228101695636,2936.7744782395,0.999640468081123
"eps[10,11]",-0.289113216819729,0.0148632851858743,0.982100864983439,-2.2351311617794,-0.965740299716469,-0.271214116068006,0.384406957961852,1.58415456565511,4365.98827936508,0.999710692555963
"eps[10,12]",-0.637618434979034,0.0168941910383061,0.97353812672779,-2.48919980942038,-1.3095999553517,-0.665506343885087,0.0344082342581498,1.26784470886467,3320.71135553206,0.999141302247539
"eps[10,13]",-0.486595050113347,0.0139371129446504,0.929882383086582,-2.32703335290774,-1.12651314100035,-0.455058780045554,0.162835790754175,1.27071900182522,4451.5412370688,1.00036662667196
"eps[10,14]",-0.12865529128298,0.013692385837485,0.979682282536145,-2.04589480988779,-0.788199699879533,-0.132669838857975,0.529535083067573,1.78152647649864,5119.31968468384,0.99979931136237
"eps[10,15]",-0.391386548917434,0.0151635767722369,0.950226012229657,-2.27686582429612,-1.00330663544506,-0.390435600605529,0.25125915652605,1.48087852370957,3926.90614103167,0.999249498758539
"eps[10,16]",0.269194444041236,0.0134836304531435,0.949016529786751,-1.59869189408082,-0.360953940366818,0.265936663442464,0.919239009754608,2.10873509552441,4953.74755921694,0.99962652513338
"eps[10,17]",0.0272306338871061,0.0131208590530359,0.956254473113177,-1.89936589894967,-0.597763621366887,0.022913799630871,0.662040986107206,1.91070134109831,5311.56400193578,0.99935464848044
"eps[10,18]",-0.246241815658101,0.0133190837511612,0.96200913968394,-2.12053989415898,-0.900129565068682,-0.239592474421677,0.390824641465177,1.66280719390178,5216.86618070409,0.999185113083173
"eps[10,19]",-0.299615343928556,0.0120623155366652,1.00945957128244,-2.23289426978959,-1.0123058432765,-0.314364190537515,0.398080525967038,1.66932077273751,7003.52189159266,0.999259303731891
"eps[11,1]",-0.069831981915433,0.0108655289858698,0.70580739559946,-1.45376547112246,-0.536646054618514,-0.0719265874959175,0.396012650919554,1.32549885760073,4219.59394008752,0.999668040760599
"eps[11,2]",-0.276395850456655,0.0116325322734547,0.780951824462192,-1.82795554558403,-0.786828037072189,-0.271945926972729,0.244860517526568,1.26534750676562,4507.12865875175,1.00006481957687
"eps[11,3]",-0.111663387633188,0.0123974294241664,0.724298047646043,-1.56370643894041,-0.561249776919728,-0.106590417454699,0.370320167923977,1.31852560773014,3413.27547176613,0.999914743273436
"eps[11,4]",0.759508262037095,0.0130157205982341,0.768492550987871,-0.793201714109486,0.259710576258369,0.774618962038824,1.26590878488652,2.25444413222371,3486.12447546554,0.999179775996405
"eps[11,5]",0.199011856479836,0.0227179344717428,0.86390985945407,-1.49975406024202,-0.383477015503844,0.209236246961032,0.797896818540843,1.84207563697585,1446.1028295303,1.0023846014742
"eps[11,6]",0.0324550319514723,0.0119936577232017,0.784646189258984,-1.58456649736419,-0.478064247272162,0.0281232799046995,0.547033611535561,1.57787611428601,4280.00659607198,0.999110582171789
"eps[11,7]",-0.299017952154279,0.0130170328188404,0.817696137817364,-1.88989514418566,-0.846520856642707,-0.295325876655876,0.25597732598356,1.25458689131583,3946.02555381255,1.00090847308194
"eps[11,8]",0.170583728199934,0.0135668203645244,0.831203139204678,-1.45491105510083,-0.382221797832715,0.179250996468643,0.741488970185415,1.74767557928422,3753.68824416157,1.00020833468289
"eps[11,9]",-0.4573016980872,0.0118895519030062,0.847111865298118,-2.16672405502985,-1.00671234242929,-0.440032452430709,0.104342871810504,1.17078554490815,5076.33828374582,0.999493135443114
"eps[11,10]",-0.239919971910159,0.0137291852424368,0.862209141776061,-1.94450894074593,-0.791060876650849,-0.247232666872256,0.327675283687314,1.43196436637724,3943.98919846631,1.00067077377505
"eps[11,11]",-0.141875665009347,0.0134471102665374,0.877305207177081,-1.89142544876833,-0.738758850286655,-0.129787383572472,0.44791922288531,1.57621278296685,4256.41026558075,0.999222128825916
"eps[11,12]",-0.00859495275259569,0.0148233050451956,0.90475289467601,-1.80425503803491,-0.612153908103837,0.00851592502253066,0.594603305037018,1.75988418602978,3725.37392645955,1.00077221541183
"eps[11,13]",0.0603853506576218,0.014148641005503,0.888416406922988,-1.66540867368355,-0.533174191017385,0.0753828918066617,0.656208981338875,1.78146019671064,3942.79035936771,1.00021201674829
"eps[11,14]",-0.09617492406936,0.0130187417709973,0.927171952465161,-1.88086156891264,-0.73038550612676,-0.105509435942231,0.538410309231065,1.72841155780691,5072.03854589641,0.999577125577163
"eps[11,15]",-0.17606789946531,0.0123381370218732,0.950893662625091,-2.04720495524661,-0.79880809583998,-0.182345942496269,0.483746914733594,1.65201130976482,5939.70297573638,0.999591808028194
"eps[11,16]",0.120294847603543,0.0125009183423676,0.917248993383941,-1.67721335588774,-0.495690560095301,0.100235245112226,0.73682117194916,1.88671771959518,5383.82148185113,0.999319368579029
"eps[11,17]",0.264875972970822,0.012222152336714,0.941644506981085,-1.60644035030024,-0.374963798366065,0.268755798423321,0.925082125238029,2.05991776991655,5935.79057292215,0.999486994609115
"eps[11,18]",-0.0618082302626062,0.012349214778157,0.944796104344492,-1.88935715562542,-0.688928325702199,-0.0663849657484288,0.582533933315664,1.76130533614684,5853.25574227291,0.999583643475433
"eps[11,19]",-0.0812456606259792,0.0117865881402316,0.992739846493237,-2.0114048436187,-0.748990970768361,-0.0859293012746826,0.58198875956654,1.87613608174744,7094.05728948157,0.999224751769568
"eps[12,1]",-0.340261687070327,0.0126376578401564,0.734187112160281,-1.76494237884328,-0.82477034794014,-0.354778799478319,0.142570584031404,1.13829767452303,3375.05090605274,0.999982992095059
"eps[12,2]",-0.0467709792106842,0.0141813134964342,0.803680284704089,-1.6411813209677,-0.581165801534025,-0.0355851162666369,0.489051976715741,1.51063558332297,3211.69069730735,0.99955011133789
"eps[12,3]",0.11173779454772,0.0117785725447496,0.741504102763196,-1.41017005671014,-0.356269681205927,0.140342480941669,0.600811037243637,1.55088677312434,3963.16171995562,0.999777758057106
"eps[12,4]",0.544683905790189,0.0146426106123558,0.801795821802641,-0.990702192532655,-0.01363832228491,0.527240810434153,1.0666651687322,2.14733160697781,2998.4067763846,1.00068071648812
"eps[12,5]",-0.230491774310664,0.0179537902069575,0.866325871937857,-1.91491996038783,-0.814653305811956,-0.230183472871375,0.35225298601101,1.4922808981952,2328.36078721972,1.00103399044483
"eps[12,6]",-0.160688015020101,0.0149165364728219,0.829083424257089,-1.7613212629155,-0.709741673353272,-0.166567415242461,0.387933104047977,1.51169590704008,3089.30278672108,0.999618280242938
"eps[12,7]",-0.163928008872365,0.0169063918600079,0.857809670075931,-1.85521693479098,-0.745860368482726,-0.147486829885492,0.419441765199353,1.5343475787623,2574.42363320875,1.00166958657812
"eps[12,8]",-0.0729992972312434,0.015599283366793,0.902657570761506,-1.82400628047263,-0.692191665634682,-0.0735972661585952,0.527272524676737,1.67341489405132,3348.39560718151,0.999334914605363
"eps[12,9]",-0.639998362633161,0.0150512905958489,0.899356108554921,-2.35266149693739,-1.24488132038577,-0.649147637761296,-0.0311218032813974,1.12034857235394,3570.3919615167,1.00098840433954
"eps[12,10]",0.430025999622103,0.020255982691332,0.895480444213042,-1.3348640886907,-0.176960328313694,0.452608952172101,1.03525465547069,2.17307613498183,1954.36455525899,1.00098024915061
"eps[12,11]",-0.230578581560177,0.0153811669751094,0.928618383632987,-2.05880064952574,-0.871473836323596,-0.213505789359518,0.401039445870769,1.56618557768391,3644.98697260326,0.999588382088292
"eps[12,12]",-0.415984481487506,0.0192486752616501,0.928145424324496,-2.20187845235826,-1.06083756503406,-0.428356822728553,0.193684346094523,1.43382098841297,2325.03965533015,1.00172667772504
"eps[12,13]",-0.609081833378573,0.0158422197106453,0.905922178153493,-2.3743907411856,-1.22684013458142,-0.624231309703796,-0.0125210134298473,1.19337702256259,3270.01480995435,0.999903305730043
"eps[12,14]",0.155971783720129,0.0171094389504707,0.98012228918925,-1.73134923894006,-0.518450266267809,0.176405140137801,0.812465243122272,2.04673161955592,3281.62532406848,1.00018664270047
"eps[12,15]",0.37128148748072,0.0166596378949638,0.962831950877628,-1.59853441368381,-0.279798214710888,0.392562055507394,1.04043453237671,2.2276768434486,3340.18000573447,1.00000058116813
"eps[12,16]",0.109576810676422,0.012915755881974,0.934137772623036,-1.68564480760894,-0.507891051953941,0.10091046275518,0.71262097807956,2.00306196494108,5230.96978107272,0.999254619109146
"eps[12,17]",0.0306016358181113,0.0135818693393359,0.966448842963014,-1.89788657084877,-0.614702392336845,0.0191211300176877,0.681595691186707,1.97590172887345,5063.35811412723,0.999747591413276
"eps[12,18]",-0.0714862067599505,0.0135370947635395,0.980924507090979,-1.95391351834146,-0.742393139902654,-0.0605441176353357,0.566832125977132,1.86439580885544,5250.7365872063,0.999475411974527
"eps[12,19]",0.21955476473447,0.0127630856865674,0.980385368668507,-1.71660933720281,-0.414373202887393,0.215629223869486,0.884712039969462,2.12496453593459,5900.41111581083,1.00051869729957
"eps[13,1]",0.828479353619007,0.0234315903767616,0.828112931414834,-0.90989043197561,0.285640129125319,0.862422417180234,1.39622540599117,2.31189208388087,1249.03785178728,1.0041742780205
"eps[13,2]",0.479401533262636,0.0193963395936788,0.869692234472947,-1.20855888256292,-0.0874223766842642,0.473601363210188,1.0549131339453,2.23456574513135,2010.44235933469,1.0008334380946
"eps[13,3]",0.56406699547934,0.0166294012252062,0.805022259545264,-1.09273939483148,0.0470395788685303,0.586024908651486,1.10423056640735,2.06576827410055,2343.48703161055,0.999715981641607
"eps[13,4]",1.82138373860363,0.0174212879003007,0.840915274732651,0.0960604829142519,1.28643660251216,1.8290206707189,2.3959820754206,3.41821035016011,2329.93586607989,1.0003820100866
"eps[13,5]",0.818974955007419,0.0215314473510497,0.936858425385777,-1.08658267235063,0.201351212102007,0.848962420133639,1.45632625646568,2.57046739844123,1893.22175046901,1.00073084358366
"eps[13,6]",1.01983382679384,0.0194753194939504,0.864502820035892,-0.717852275477909,0.43485199411065,1.03649097221154,1.61188897116964,2.65373180505751,1970.44195734692,0.999377380868442
"eps[13,7]",0.888623308362937,0.0166348182926058,0.882901031926721,-0.953876421867554,0.307240698671103,0.899094793032144,1.49142285418454,2.57268410880555,2817.00700052363,0.999911981566921
"eps[13,8]",0.403160726157733,0.0160193958466515,0.875215021259999,-1.25403307472442,-0.185564358727477,0.417760843939303,0.976429599660875,2.12271432322941,2984.95136491355,1.00027071857863
"eps[13,9]",0.199829679792996,0.015894159344018,0.90051423557092,-1.62915413357321,-0.407486207516252,0.208963800462481,0.81949248428278,1.89870069397956,3210.00744759559,1.00033353093238
"eps[13,10]",0.18030731233128,0.0154927251772792,0.892412245108848,-1.59867932965472,-0.418293448626673,0.187347427623698,0.778814381172298,1.91420309432694,3317.99255633162,1.00076217470987
"eps[13,11]",-0.187939069291909,0.01410400395296,0.936655928191627,-2.04681679207713,-0.819993415006596,-0.179941819307444,0.421000346282573,1.65710649312921,4410.37309685668,0.999671414595468
"eps[13,12]",0.388967615622938,0.0145856105368386,0.904421521524591,-1.43423178563309,-0.2077141786158,0.399483055261542,0.994739925722634,2.16414722963961,3844.96641464783,1.00019667904529
"eps[13,13]",-0.0568203590950105,0.0153107782496896,0.935369299148518,-1.88144490843541,-0.665833315019548,-0.046500441885272,0.578893145158345,1.77727117569523,3732.25827474886,1.00234525162364
"eps[13,14]",-0.0870478554961163,0.0143935702610348,0.984528818362766,-2.07327536356718,-0.740209292674048,-0.105224122545921,0.569213511527201,1.83920153225514,4678.6418557331,1.00019662128165
"eps[13,15]",0.124157731028307,0.0146255034265569,0.956079521417134,-1.77730682958861,-0.514972449091393,0.119113701669883,0.760108425550848,1.96489974464482,4273.32953206195,0.999132524589875
"eps[13,16]",0.47869007447823,0.0139746098439748,0.966915897558525,-1.46623457553249,-0.153890904831895,0.492554134473861,1.12802076485921,2.38828258485904,4787.38128948501,0.999659545717543
"eps[13,17]",0.464821668548609,0.0135290719501295,0.948986187299928,-1.42461046630915,-0.171463053770632,0.484252446494714,1.10691009639394,2.33845826397799,4920.21147533031,1.00084758863016
"eps[13,18]",0.143303375657996,0.0129078726642914,0.931351069583454,-1.7018107631466,-0.480470240138136,0.132852785320786,0.777370969533447,1.99826655920313,5206.15975220655,0.999360778601597
"eps[13,19]",0.0826129752837042,0.0125331024904505,0.973000460643022,-1.84502174409259,-0.595775005337877,0.112730402229132,0.760389140015749,1.92588390564482,6027.10710829811,0.999650609957513
"eps[14,1]",-0.728997726014221,0.0146137406566443,0.745421343486437,-2.11126978280373,-1.2305057325485,-0.735146352038533,-0.241109322178964,0.774021506176165,2601.84161439559,1.00018334544556
"eps[14,2]",0.0334395055916387,0.0129485711391055,0.781562504197114,-1.50978790644159,-0.490841389724449,0.041932714983692,0.555050556889577,1.58585304635454,3643.20607305893,1.00049413915119
"eps[14,3]",-1.36050570617103,0.0201550984656774,0.81796552674223,-2.84771021602066,-1.91284169688045,-1.42516883165561,-0.857804839962054,0.413962893830047,1647.02485440546,1.00007755307202
"eps[14,4]",0.49503690931289,0.0133427129193645,0.771788954191044,-0.989066036590208,-0.0304283540252143,0.48224341217115,1.0104721455796,2.05019379276592,3345.86823308238,0.999465630302609
"eps[14,5]",-0.348414064254871,0.015292899936574,0.856284529900738,-1.94950991535658,-0.932662336590348,-0.359101944638429,0.216737942809225,1.38115878993613,3135.13684488002,0.999764421812156
"eps[14,6]",-0.0526174600782886,0.0131898929283568,0.797338872838828,-1.57547274468406,-0.601134894584091,-0.0659364812270335,0.470856036079118,1.55795968209637,3654.2927438331,0.999452994356769
"eps[14,7]",-0.151120757150726,0.0136050721381358,0.819483890257249,-1.73857333251948,-0.697075282223606,-0.161896481579677,0.393212145664871,1.46632684676808,3628.0991169523,1.00019482106111
"eps[14,8]",0.202765738419559,0.0134143095713751,0.861175236515672,-1.49382813216858,-0.361586864336169,0.191218157476934,0.777729946090359,1.93132026594953,4121.41565793121,0.999669345295036
"eps[14,9]",-0.542534198829642,0.01417863261114,0.88768821926205,-2.23045417472405,-1.15345038504866,-0.55562544813374,0.0438945302573123,1.23235262464562,3919.69444687146,0.999991726239705
"eps[14,10]",-0.45658369109715,0.0136451315821621,0.841056099883227,-2.08550953210135,-1.02807747254117,-0.460906966266038,0.096875970320054,1.21206640262022,3799.22027204536,0.999782691364131
"eps[14,11]",-0.0960640947661947,0.0125444040262637,0.896421406061361,-1.88985708380762,-0.675268858589248,-0.100147062248731,0.498297790047514,1.67232132497041,5106.51216726784,0.999263312762622
"eps[14,12]",-0.00350780281122822,0.0127253791060713,0.876795789951086,-1.68036459093698,-0.597668204998725,0.000917505147251221,0.582643435238706,1.70636036753031,4747.39592657555,0.999079817160872
"eps[14,13]",-0.102755630063684,0.0129090642090235,0.909179497312522,-1.8679470564866,-0.715056184261605,-0.0877965236871134,0.485917605926028,1.72571203147278,4960.32057643677,1.00075044125313
"eps[14,14]",-0.358049724825234,0.0160813544565806,0.982582680553365,-2.33074387479832,-1.01533212628687,-0.373440589720956,0.299104667649649,1.59302345976928,3733.30060373383,0.99977102584266
"eps[14,15]",-0.124851503824748,0.0121945801795994,0.936102640908892,-1.94953154152475,-0.764143083727871,-0.128319003154925,0.509113836572004,1.67454723788877,5892.68510628237,0.999870568197855
"eps[14,16]",0.336845565330609,0.0121098222413137,0.923397790970621,-1.49387081888241,-0.27227448678493,0.339102723777855,0.969967459686491,2.10817884319907,5814.36278683524,0.999722926055541
"eps[14,17]",0.0295395456821935,0.0133424055773391,0.960014954454494,-1.89642797657405,-0.613632142666462,0.0200815727058353,0.686104896527572,1.89396379058936,5177.11390643219,0.999639972948069
"eps[14,18]",0.0620118512530064,0.0130308269324021,0.961991407363466,-1.88538386156813,-0.58230603975333,0.0676696429398142,0.724842679047208,1.8868851220442,5450.02421864968,0.999413518954874
"eps[14,19]",0.0145107850636183,0.0133272976676328,0.987354233243218,-1.94271097753245,-0.644329758519305,0.0188401080868006,0.690921204693919,1.94464855995927,5488.60262910621,0.999289975571625
"eps[15,1]",-0.869509368201896,0.0143659167384049,0.765231877651077,-2.35224358056741,-1.3548537692951,-0.883966166577784,-0.378027593191094,0.695400542725539,2837.39250135214,0.999854042613298
"eps[15,2]",-0.993566548009007,0.0245835741302758,0.890204690351458,-2.61297688982705,-1.59885764156938,-1.04883354412043,-0.409215330928024,0.829732078486248,1311.26270332751,1.00010503628995
"eps[15,3]",-0.851767030321892,0.0164127822933948,0.785234138911131,-2.31004071538457,-1.38298836459273,-0.88466335936971,-0.365590252152898,0.797791563688937,2288.93746573708,1.00099135619973
"eps[15,4]",0.256647269797659,0.0137895286501202,0.751680221885485,-1.25398134749755,-0.246781352443741,0.244326475728508,0.755380927745335,1.74953304091374,2971.44299879181,0.999885384541022
"eps[15,5]",0.0330281575209033,0.013778925928486,0.823477352557995,-1.58700750128047,-0.511733973175972,0.0278176653239152,0.602644719958036,1.66497180424071,3571.68038086677,1.00000439544756
"eps[15,6]",-0.27635900473479,0.0139504748052099,0.837056054259545,-1.8579036009346,-0.857077243574079,-0.281167316158273,0.272783661411901,1.36839914319199,3600.23712225928,1.0001503494782
"eps[15,7]",0.139619954475743,0.013770292287228,0.858051543195075,-1.57354151236651,-0.429499277497932,0.144969931652881,0.697320525523312,1.8249813703434,3882.759009691,1.00004346925366
"eps[15,8]",-0.0641832667156351,0.016610880195754,0.920893161168568,-1.90916691237281,-0.696319538392877,-0.0732133552026822,0.556478845563736,1.71218258760864,3073.49990250645,1.00167965340284
"eps[15,9]",0.0678985000652382,0.0146096577176767,0.876603307402728,-1.61525265672688,-0.504024711819379,0.0731589206290397,0.640423000721663,1.80438658263198,3600.19585400473,0.999770207406478
"eps[15,10]",-1.0275706367723,0.0223333239265551,0.910005091354211,-2.71076365763133,-1.66498174091389,-1.04899426114491,-0.42949002126804,0.814359240278643,1660.27838605435,1.00028479436644
"eps[15,11]",-0.123726815450902,0.0132576642446256,0.88110875320481,-1.86035978979446,-0.724699306053091,-0.11460818788557,0.455553506014679,1.65578892271387,4416.97558881063,0.999330172970762
"eps[15,12]",-0.0739067218346408,0.0130707454622153,0.883557090877061,-1.74988019312962,-0.694628184771839,-0.0697173634730838,0.538825646263262,1.60393752956314,4569.49828338433,0.999178947387175
"eps[15,13]",-0.0679545043175678,0.0126245212458982,0.885946351588877,-1.80533181524299,-0.646298811669899,-0.0712490351639301,0.525181274560436,1.65117500455171,4924.7593446632,1.00031921553847
"eps[15,14]",-0.0852418515176782,0.015213996261025,0.936894992763795,-1.92270920250617,-0.712643715051923,-0.07385573379705,0.562846049245662,1.72019653025891,3792.2348531642,0.999798114053887
"eps[15,15]",-0.389168071473061,0.0144575044067223,0.945819977596129,-2.2193736137797,-1.03052424421724,-0.38881888113037,0.259879960150553,1.45701609162381,4279.86725593473,0.999280099012873
"eps[15,16]",0.0334921516993382,0.012461765149541,0.940547098207343,-1.79292058506605,-0.599020997331465,0.0228908222453268,0.675982984096369,1.87242709988964,5696.41958466024,0.99977879256646
"eps[15,17]",-0.0266714315936206,0.0131185513926318,0.922252669225856,-1.83963161032085,-0.65895790462551,-0.0408310822840123,0.597269071697132,1.76400760566916,4942.28834623207,0.99981688665679
"eps[15,18]",0.0582884054466133,0.0131315041338783,0.96576194805771,-1.84343038660819,-0.578825109626968,0.0516061488117067,0.706201364104875,1.94893001306229,5408.92836948216,0.999180139472396
"eps[15,19]",-0.211672971977679,0.0132890394826238,0.999367157240288,-2.14059409830481,-0.899809261513307,-0.209249548358998,0.451565209047436,1.76815690273721,5655.39524399252,0.999980614351013
"eps[16,1]",-0.0924769412316745,0.0123409121132291,0.729372303116282,-1.52874304038196,-0.576794492194764,-0.102145604196231,0.382589946988032,1.38001128443581,3493.04367804054,0.999724442727625
"eps[16,2]",0.699496042501013,0.0234357055699185,0.848542954818538,-1.05978584937389,0.147372062076175,0.731573615403517,1.28755687395319,2.27921559846408,1310.96651087889,1.00016409574018
"eps[16,3]",1.03451175855358,0.0172204330999287,0.782072772306089,-0.562411391849277,0.532595057962655,1.06610148119436,1.56075869792758,2.51587728491756,2062.55810828985,1.00136438730085
"eps[16,4]",0.294563560331681,0.0139405913371251,0.765841997828283,-1.23049732124677,-0.216805331766752,0.299990806555002,0.79969317683079,1.76854476404923,3017.97727483013,1.00031082578403
"eps[16,5]",0.479761213936312,0.0140527380904468,0.841604518742894,-1.14843188496651,-0.0955045444455483,0.46921298725552,1.04796891927601,2.10414344349356,3586.69306462213,0.99979962782839
"eps[16,6]",0.306417642782141,0.0132013066727269,0.823864118084546,-1.32240868060646,-0.243456361259161,0.299061560496034,0.862106052534228,1.89397580114344,3894.72982779004,0.999569270136376
"eps[16,7]",0.238729488778503,0.0144934478280738,0.870042139265012,-1.46089500962292,-0.340072384085792,0.237484754323202,0.808919325255189,1.93386919768715,3603.60476143266,0.99992522011165
"eps[16,8]",0.115980614521736,0.013943110307251,0.894121590147498,-1.6452696113812,-0.494262638739373,0.108819194648364,0.721019798907248,1.88824443451716,4112.1962930863,0.999277023061291
"eps[16,9]",0.806354937905485,0.0171121396089895,0.897909012778632,-1.01355297401464,0.223077202964803,0.823430971610612,1.42018045534162,2.51298536611043,2753.3158325558,0.999927720736323
"eps[16,10]",0.413983085544809,0.0176351748842824,0.874725303363081,-1.32084778237986,-0.154468732166253,0.427350891847132,1.0097509264059,2.06968859822626,2460.27604257571,0.999681596195473
"eps[16,11]",-0.160106473310711,0.0121792688857173,0.872917176745453,-1.84599502313655,-0.75358027877862,-0.170043453583472,0.42111620389678,1.55788589001002,5136.92992594228,0.999658263124159
"eps[16,12]",-0.119867215476622,0.0126232141092175,0.888345819678318,-1.85344002665181,-0.715221297820523,-0.138237963421949,0.474174681205694,1.63192531740033,4952.49708802909,0.999129058843844
"eps[16,13]",-0.0273722682328776,0.0138103617489253,0.904039414610614,-1.82664883207009,-0.6218349895755,-0.0296142068573385,0.547086316490545,1.78162271688363,4285.13611409041,1.00077791823144
"eps[16,14]",0.0625476589842957,0.0127239765758261,0.925335627127332,-1.77954283395747,-0.559325714036522,0.0731957322994027,0.699233324578228,1.8530942520431,5288.74765054067,1.00016727190113
"eps[16,15]",0.387667397436794,0.0178164520115302,0.921329809615666,-1.39641114977783,-0.230137022807512,0.393449787602291,1.01292383958454,2.1947510058818,2674.16254168876,0.999578379753524
"eps[16,16]",0.113502860098838,0.0120746680937807,0.919388853837997,-1.68885201133092,-0.502709355085659,0.130229281552846,0.755572358180584,1.87341070336873,5797.59755338737,0.99987667956118
"eps[16,17]",-0.0611855819670933,0.0119422085127269,0.9465085995239,-1.85338386371277,-0.714978570284206,-0.0706560307587513,0.581696870481121,1.77635872658897,6281.73814327013,0.999462527952773
"eps[16,18]",0.06944906073652,0.0123979142641937,0.917356593114413,-1.72689523903453,-0.563676570709386,0.0825207538958021,0.69202073116,1.8273308132516,5474.93686950559,0.99965710988325
"eps[16,19]",0.0799813222469639,0.0119048227435784,0.987454404559118,-1.92963793190102,-0.564578925292855,0.0630992223663775,0.734504812174957,2.0268322611762,6879.99679475854,0.999783381833464
"eps[17,1]",0.475812835252644,0.0141888900207418,0.750548821245186,-1.02928030498357,-0.00152704107346407,0.495305001922405,0.976157588963251,1.89448845489483,2798.08594187994,1.00010415218796
"eps[17,2]",-0.00841871838658556,0.0139603280017964,0.788085343988778,-1.49891849641252,-0.555758192028959,-0.0289170631176694,0.540560719226196,1.57624316887818,3186.80329455157,1.00123213223654
"eps[17,3]",0.964044876523308,0.0134491340679296,0.765948216380466,-0.623149149855007,0.478385876884968,0.96818124782089,1.45629435460413,2.44908066170603,3243.47214548466,1.00164842529196
"eps[17,4]",-0.0287983041044212,0.0144592397664915,0.799295157855142,-1.53966098040348,-0.569386747753165,-0.0539637036285116,0.479488067598289,1.61919262430185,3055.78957763393,1.00004729753914
"eps[17,5]",0.834396461112733,0.0151339481900086,0.851312757174741,-0.86670178570064,0.273451937970007,0.845292232967759,1.41534414630904,2.48051808051126,3164.27191955536,1.00001260108964
"eps[17,6]",0.779256965661084,0.0130022611370471,0.796614910855178,-0.819248173725309,0.240804059815785,0.789444305925435,1.33202507319108,2.30652695611012,3753.69596957751,0.999179266913485
"eps[17,7]",0.199770895382218,0.015458377129822,0.833582027188199,-1.44668471276474,-0.35914687149446,0.187001388521791,0.762355580494775,1.8538587037515,2907.82916300567,1.00170781276002
"eps[17,8]",0.098444730425039,0.0143945698735197,0.86413259795205,-1.61755516680294,-0.47844717767369,0.100431889575333,0.667953517978947,1.76476383176911,3603.82250137691,1.00053662274392
"eps[17,9]",-0.289034902156988,0.0169851640620383,0.870816401416141,-2.016711910321,-0.871397005067768,-0.292372830883687,0.301766845713725,1.402305681696,2628.53466036241,1.00135584737118
"eps[17,10]",0.236069539535931,0.01462442774552,0.848814932297258,-1.38880064791703,-0.329168346130527,0.230299736481553,0.797406418117388,1.93671147415918,3368.74594551036,1.00108804626439
"eps[17,11]",0.00348943845619137,0.0145145719098344,0.931308879819768,-1.87763486930926,-0.626613537065448,0.00566546044078857,0.639013692167146,1.86905076778495,4116.98253877192,0.99929240766699
"eps[17,12]",0.174300034348104,0.0133824323157315,0.902005300123987,-1.56249874241147,-0.437849054218071,0.159640653170291,0.792475472120582,1.92185943004057,4543.05576595779,1.00082243940638
"eps[17,13]",0.185432770091921,0.013440850800291,0.912286608484701,-1.61142996028429,-0.427004288875751,0.173538766935568,0.79386393793577,1.95729257954568,4606.90311802697,1.00015824168855
"eps[17,14]",0.478323850020674,0.0197239533765445,0.973560228367767,-1.43474642818281,-0.165053359612577,0.491996472737649,1.12939725945525,2.38968510945884,2436.33897731378,1.00023641966773
"eps[17,15]",0.0612180569834795,0.0130788835875848,0.92483743993608,-1.80476622631654,-0.536724366623384,0.0725802976314482,0.687269747783651,1.85284650689763,5000.22396496881,0.999519340629483
"eps[17,16]",0.210298996118212,0.012517255769722,0.914422993090923,-1.62109745946991,-0.394588792202373,0.217899606021369,0.839435075252819,1.94482738068697,5336.73972750186,0.999606287252209
"eps[17,17]",0.176273448637593,0.0125653787004531,0.937452603296858,-1.67146684058133,-0.460823746583832,0.165582003277931,0.832054677862558,1.96021532887436,5566.05476065983,0.999201125705515
"eps[17,18]",0.00462143779396584,0.0123238684716642,0.942077072713038,-1.90943430098168,-0.631335494644756,0.00785953081466572,0.649047157739586,1.80118408781255,5843.57684917141,0.999208378715536
"eps[17,19]",0.14916871406072,0.0118069777549515,0.949366285017108,-1.71797074563641,-0.498082228133845,0.150617017808839,0.815225588398185,2.00562723261828,6465.32139777778,0.999221754363731
"eps[18,1]",-0.164410062784862,0.0116144122823908,0.704826933245878,-1.58940876997975,-0.616940229473147,-0.15846037223527,0.293456537976568,1.20580188706731,3682.73530960518,1.00077408419357
"eps[18,2]",0.295298108180242,0.0138058500345362,0.792481852987586,-1.27989997893096,-0.238057698657529,0.320487663000324,0.853873977186412,1.80444130237391,3294.97670904618,1.00089492605355
"eps[18,3]",0.287339059390581,0.0117796848518156,0.714930442090396,-1.08453236901183,-0.189469934393136,0.275723976339579,0.743643543802122,1.80007831248863,3683.49628749047,0.999848191393654
"eps[18,4]",0.110799694721842,0.0114906432232085,0.755940489989472,-1.28985177127746,-0.411223526303615,0.0969800740399989,0.602400295085568,1.66726132603666,4327.9928540187,0.999566663221541
"eps[18,5]",0.0897867367657338,0.0133732452750611,0.7969969065536,-1.45234857631419,-0.438225404724842,0.0890731425222709,0.589385009241174,1.6904871543476,3551.72761165774,1.00068462801628
"eps[18,6]",-0.0856972302547047,0.0111454290230645,0.774063404599549,-1.60085684609511,-0.607765914950746,-0.0840611414990108,0.431695501038027,1.44347225286098,4823.46898743145,0.999697465638111
"eps[18,7]",0.0195764535946781,0.0119186082927389,0.829677811267172,-1.64993380886171,-0.52380026445893,0.0254306614818567,0.568160162122583,1.61123915782949,4845.82646483405,0.999394932575153
"eps[18,8]",0.0174049384227991,0.012393432778864,0.852979104052729,-1.6739376311947,-0.548618659369036,0.0244529019116924,0.606688982195336,1.64796540410372,4736.89276514513,0.999839563881301
"eps[18,9]",-0.0774213648326531,0.0130330964598316,0.934263393257075,-1.90593783229625,-0.701119055877331,-0.0771886866074152,0.556967350184125,1.7380092075784,5138.58382861219,0.999285873671512
"eps[18,10]",-0.36015435116091,0.0114518001040485,0.819556656738297,-1.96213417408117,-0.897354051019089,-0.364654393616339,0.198763926356873,1.23566210490925,5121.65649109653,1.00048028523074
"eps[18,11]",-0.0417675564031799,0.0135198596124611,0.918231902381601,-1.87170936265506,-0.64162007540344,-0.0375883406191808,0.58312602480696,1.72357877067612,4612.75502894659,0.99999626091575
"eps[18,12]",0.0314583683308287,0.0132677660967715,0.874910310609087,-1.70057602689673,-0.536829075908214,0.0375935135011648,0.630542367742693,1.71667371665221,4348.41971545881,0.999609735993791
"eps[18,13]",0.122827251398778,0.0129266976566202,0.890517465132723,-1.6451395926384,-0.482780464699595,0.138332348395076,0.723989929478508,1.87831736720796,4745.80293361815,0.999805451673799
"eps[18,14]",-0.0451302915725481,0.0141993533699228,0.954105843534719,-1.89082207202279,-0.683843996789021,-0.0560181211059452,0.572874069860427,1.90404794189183,4514.98151769545,0.999887160924866
"eps[18,15]",-0.167532329109486,0.0133329658792313,0.93344927118982,-1.98777535947541,-0.788160228077862,-0.185660033063082,0.473373986081532,1.64497028191644,4901.48758013693,0.999734270314777
"eps[18,16]",0.175143544276992,0.0142418489298607,0.918843535123736,-1.64956189287363,-0.456867535865598,0.175924366898653,0.824103957348718,1.91688123585235,4162.46292896291,1.00021307615525
"eps[18,17]",0.0855201604458799,0.012682717858405,0.933463996217035,-1.74041912970319,-0.55943344491319,0.0878075587054541,0.729177556949198,1.90749953793829,5417.1452601888,1.00054952292018
"eps[18,18]",-0.259084275411539,0.0136531946274452,0.979213226176241,-2.22228429046978,-0.909565647741848,-0.258577431771241,0.405494183346253,1.66451278969609,5143.82256534473,0.999605748908364
"eps[18,19]",0.0947753220776424,0.0124019809650313,0.990182087648347,-1.88070971496196,-0.578000315117974,0.0978295303128127,0.757895962305038,1.99754928499336,6374.52766856,0.999259855650246
"eps[19,1]",-1.38325215340279,0.0209982796374445,0.761122804755108,-2.8084619188234,-1.90514788881976,-1.40718038014172,-0.8863027695642,0.17879584599678,1313.83866608,1.00297043584126
"eps[19,2]",-0.969695151096994,0.0153786682681689,0.815147099026499,-2.51398013310845,-1.512361031712,-0.981220614947056,-0.447450691873859,0.67170839058473,2809.53545329638,1.00012056579161
"eps[19,3]",-0.00669116195455567,0.0149928815927617,0.78452554106919,-1.52854777663457,-0.529895257974763,-0.0247817923178261,0.492089240871988,1.60548550986514,2738.06624873551,1.00023200250313
"eps[19,4]",0.543916118712383,0.0134774244317194,0.812486109594194,-1.02080831752516,-0.0105086138082055,0.523645077070763,1.07882973287603,2.18140589857475,3634.27744732549,0.99994062225403
"eps[19,5]",-0.301235641106014,0.0172390587348073,0.902897033038663,-1.96923733904477,-0.926628463296841,-0.312684783869749,0.305104016819777,1.50210362435959,2743.14871746508,0.99975860019117
"eps[19,6]",-1.08572187293086,0.0157072850953622,0.840812898314853,-2.69129386010048,-1.65680351345494,-1.08306438365172,-0.524067635736656,0.58528652307421,2865.47403543345,0.999579989805003
"eps[19,7]",-0.577674690620649,0.016296288181342,0.860128917974703,-2.23903109467919,-1.15067120313394,-0.584146815231003,0.0042699839102616,1.14152281226882,2785.79853780646,0.999792130509195
"eps[19,8]",-0.6739173571093,0.0148920473049897,0.889305885140851,-2.45697208561788,-1.27304162009255,-0.658059446198416,-0.0944389995696631,1.05702943120141,3566.10000881996,1.00110045953764
"eps[19,9]",-0.059326955796346,0.0153632471849133,0.985169387800539,-1.98451239140961,-0.70805145222262,-0.0644611905115289,0.607110683035422,1.88807265403026,4112.02532576859,0.999997921957509
"eps[19,10]",-0.737579151693899,0.0160448821932345,0.88926720646208,-2.38551304914145,-1.34521342057364,-0.755814348282271,-0.148789692833797,1.09607038466536,3071.78976353586,1.00112697618505
"eps[19,11]",-0.48903812132555,0.0132997459274317,0.908963282891513,-2.28477796056306,-1.10449905718777,-0.492741283108189,0.121071449234649,1.3162592010457,4670.95831998764,0.999981550678266
"eps[19,12]",-0.224422044391543,0.0141129108193705,0.883575320351627,-1.9949927821205,-0.815613570663635,-0.213439940346994,0.375174135263714,1.46828312759317,3919.71020197956,1.00014273688818
"eps[19,13]",-0.239489018445227,0.0130731660512547,0.888033134725542,-2.00013632133985,-0.84346638704674,-0.244397218290808,0.359800203287733,1.52299932587623,4614.20394757574,1.00046860645021
"eps[19,14]",-0.0741882878851941,0.0139345158631076,0.962295496529735,-1.93252598269449,-0.736619669468229,-0.0734008250652668,0.564561230231974,1.77327791886206,4769.06386191998,0.999475607165662
"eps[19,15]",-0.222457529320685,0.0131177147394495,0.929678427378761,-2.05934669454013,-0.857924951617808,-0.205534820526442,0.409540119745351,1.55668031938469,5022.83766494272,0.999743797418283
"eps[19,16]",-0.138642989540462,0.012356718023767,0.922782850261038,-1.90084422635117,-0.766322997149836,-0.16364009365682,0.481232403092102,1.66384079548766,5576.89870877928,0.999580953828451
"eps[19,17]",0.0394224550429522,0.0128422379708517,0.954633499399379,-1.87504225231538,-0.603462485131809,0.0430364052333952,0.676995105266785,1.88291769767664,5525.75867323147,1.00035464175391
"eps[19,18]",0.00881535306630625,0.0122541064543682,0.941981940721512,-1.86025905818663,-0.634649518467357,0.00354514548110511,0.639067944448422,1.83944530502039,5909.10702394537,0.999287170907203
"eps[19,19]",0.0192868307605755,0.0120892171765789,0.977128631918969,-1.86507696990734,-0.661534129390495,0.0285333619254045,0.677704212244979,1.91700969688788,6532.91668112588,0.999187652174251
"eps[20,1]",-0.42193277852254,0.0155123016952589,0.753866366390816,-1.91471633730398,-0.920511416215626,-0.412313002568549,0.0811653152075047,1.06377231047512,2361.76265036156,1.00015867949037
"eps[20,2]",-0.725046748644975,0.014884688533846,0.810773878019081,-2.2660110432776,-1.28652069225443,-0.747217622059311,-0.177361100945543,0.884695750926033,2967.01671588329,1.00123182146095
"eps[20,3]",0.495765192718028,0.0138530510468119,0.782997184265822,-1.05710925281995,-0.0268629655618651,0.480840479256587,1.00358733356454,2.03753265894963,3194.69595227886,0.999693114049065
"eps[20,4]",0.834033720834328,0.0133663563384136,0.778087687331161,-0.73527414518534,0.321187150711887,0.836352348283945,1.3641643185031,2.29138289988664,3388.68356268477,1.00039291371463
"eps[20,5]",-0.483867860286942,0.0165596917747204,0.892096841003795,-2.16687304334016,-1.09653123488998,-0.499628730835323,0.104202243827303,1.30923425704785,2902.1476573224,1.00055004664397
"eps[20,6]",-0.656806497597134,0.0160574564599575,0.847094482445444,-2.32595281590397,-1.21238229272708,-0.664344458974149,-0.0862686993304278,1.0477170424398,2782.98073364895,1.00011551419066
"eps[20,7]",-0.670352896007475,0.0153217703130497,0.879138130385691,-2.38735560495538,-1.24877565855448,-0.680828059543033,-0.096757449087245,1.07362435066439,3292.27677694407,1.00215518865259
"eps[20,8]",-0.426518342418534,0.0149094323215954,0.89789676973551,-2.19138651018271,-1.02898433773505,-0.428372561674321,0.15626724166732,1.36953328953407,3626.85841860304,1.00261700365705
"eps[20,9]",-0.0381409568463854,0.0149242624003425,1.01609634186531,-2.04447719554352,-0.711398652810877,-0.010468800806576,0.629619996030983,1.90677907721728,4635.36591681093,0.99995669454094
"eps[20,10]",-0.0159268786044611,0.0149582212272526,0.888425005818351,-1.74053789254959,-0.614609561196081,-0.0246288608755598,0.586797147874198,1.72111246859648,3527.61876044986,1.00096723200953
"eps[20,11]",0.126990400667993,0.0150994305719006,0.928871058583999,-1.68792535947534,-0.501397966641864,0.126107608256728,0.762802227051053,1.93639281124639,3784.33630302281,0.999734889045771
"eps[20,12]",-0.686953499806689,0.0170293809862904,0.94070308048093,-2.50003695114394,-1.35461470358346,-0.692981388198236,-0.04748671463163,1.21001167079,3051.45808526196,1.00151345009866
"eps[20,13]",-0.237018710619532,0.013450312807695,0.932179396734341,-2.08904244902242,-0.856674033186602,-0.229081504814519,0.375420153550871,1.55218683831924,4803.23937059279,0.999687412643119
"eps[20,14]",0.0333976199844326,0.0141371879888703,0.981816464231137,-1.83567361952226,-0.637392541801426,0.015637540794638,0.711338213914278,1.93606330944811,4823.19205026039,1.0002082317881
"eps[20,15]",0.169379030412511,0.0145798970829101,0.964765146167042,-1.74117163754121,-0.461285843476829,0.183978715077434,0.811307099834503,2.01231107625409,4378.59013340284,0.999393520911092
"eps[20,16]",-0.307644596037053,0.013653151885133,0.937276106581578,-2.10151851628539,-0.950033159443276,-0.321222196898186,0.327004591506476,1.53047765880237,4712.69407875602,1.00040309013588
"eps[20,17]",-0.250854402229681,0.0126204573688507,0.962019845477844,-2.16768652617181,-0.892655459644902,-0.25760914913673,0.394635839595798,1.64790282200488,5810.55844777812,0.9994195998232
"eps[20,18]",0.102268969556223,0.0126403037544845,0.975481298617031,-1.83073325219465,-0.539605123858617,0.103487000953865,0.760360707158165,1.96392999051742,5955.5637063891,1.00019560260681
"eps[20,19]",0.209978972664486,0.0126292115690715,0.997266291469777,-1.76426513593201,-0.467271288642629,0.218679767380909,0.905622816404418,2.14480170261269,6235.47872705861,0.999732140910075
"eps[21,1]",-0.273058838646066,0.0127507682308681,0.734048588179122,-1.66496731891396,-0.77863345347798,-0.280349815483372,0.216001946358305,1.17835649542223,3314.18625646803,0.999466843582881
"eps[21,2]",-0.498075944317527,0.0131213805434127,0.832546594660592,-2.11370700468344,-1.07447266941673,-0.494961505859904,0.0635836067869958,1.15409051575555,4025.85413603283,0.999646385090752
"eps[21,3]",0.686655307855375,0.0137177870980267,0.753358420988495,-0.77238291504266,0.18723364094003,0.686873884774397,1.16988869262154,2.16862466611078,3016.02667132452,1.00195562098104
"eps[21,4]",0.299864096091301,0.0134037704029851,0.796076664401296,-1.195285671769,-0.233742855511577,0.276944059506997,0.815166921770595,1.96484731553673,3527.40906694341,0.999606132490274
"eps[21,5]",0.215960099074215,0.015780218150765,0.845127372817446,-1.489503419649,-0.357237625131308,0.22767884520681,0.792810073297126,1.81016051396502,2868.25877621555,1.00052686447234
"eps[21,6]",0.0744397548162684,0.0135768329814336,0.809305819331007,-1.50207985565036,-0.46827197641138,0.0674411114185257,0.629000212054981,1.69853090844396,3553.27136062692,0.999605473590318
"eps[21,7]",-0.370855243383158,0.0144739536398355,0.863669272626259,-2.06893869062268,-0.952213543219544,-0.382202833549902,0.199887779689093,1.35737798225674,3560.57864559563,1.00031549610086
"eps[21,8]",0.175900281148702,0.0156854924384515,0.887128677932977,-1.60590363495044,-0.418419106700708,0.193040153434204,0.786745162757061,1.89734113225113,3198.72512885066,1.00218800011608
"eps[21,9]",0.0632712369834363,0.0167761528902096,1.00110250071737,-1.91273184772287,-0.617094246889102,0.0790506137446867,0.755152649208575,2.00277764318004,3561.00301665086,0.999425638302759
"eps[21,10]",0.653544851805554,0.0159229965641003,0.873558527755154,-1.13981534064721,0.0849233832199335,0.669908172676565,1.24224686454123,2.30144896927521,3009.77764802983,1.00035207478887
"eps[21,11]",-0.1906990759236,0.0172819866279997,0.979774992728487,-2.09100354382178,-0.858925288520056,-0.194043382077211,0.453371159589163,1.73104153933078,3214.14430689929,1.00032512711053
"eps[21,12]",0.50240870574237,0.020538493855244,0.912437291941507,-1.27923616186284,-0.111232177310983,0.512797354160443,1.12287033202486,2.24832860639722,1973.64422853172,1.00052446063695
"eps[21,13]",0.197589096052011,0.0130513203134885,0.900803769307541,-1.5751167577789,-0.387381927232761,0.205033391758158,0.802603603161798,1.94305453485477,4763.77775925482,0.999647020828767
"eps[21,14]",0.0319991625086113,0.0147297136355745,1.00394308992601,-1.96588484382626,-0.639183560269821,0.0356615700749899,0.704560509081393,1.96666255738819,4645.46917141313,1.0000173115639
"eps[21,15]",0.273554809728877,0.0133231431352221,0.951723438640667,-1.61543524640689,-0.368729420135097,0.28652632298905,0.924354527774981,2.12019614282591,5102.79525171007,0.999808538284825
"eps[21,16]",-0.142540486301306,0.013235558327399,0.980411449519605,-2.04751116087323,-0.804248325898832,-0.13790680554891,0.531044578904118,1.75403920120447,5486.9653333456,0.99981700691518
"eps[21,17]",0.111493638186768,0.0131795794268729,0.971454780954933,-1.79680442402248,-0.558823323049121,0.115237160394246,0.784407437681341,2.0017174911054,5433.0296669521,0.999149427596543
"eps[21,18]",0.0280259649963533,0.0140776588064861,1.00946810757845,-1.95238189489699,-0.651720564230093,0.0437343288690746,0.721040112202904,1.98062035347348,5141.908391874,1.00027365909207
"eps[21,19]",0.299505712332216,0.0132492408455258,0.99991355368761,-1.65845218981869,-0.378418700428108,0.29967515608199,0.986563793413263,2.25127129765834,5695.64510780531,1.00072743949776
"eps[22,1]",0.42543934974794,0.011688382933411,0.722417134822322,-0.970774369876823,-0.0502117904128799,0.422859856461415,0.896575843910448,1.85143975297788,3820.0338717469,1.00065453080892
"eps[22,2]",0.170133856638351,0.0141841772226233,0.858704247532268,-1.57118665120784,-0.406173771489276,0.171949869771197,0.759091380082437,1.8258484206307,3665.04173531823,1.00001128340363
"eps[22,3]",0.23524455166834,0.0115985581415422,0.737474551192045,-1.17361696363083,-0.239595900142669,0.204987103582915,0.702272158323237,1.72819246497223,4042.83548313493,1.00016513001395
"eps[22,4]",0.0722861957857306,0.0139486276629223,0.845743709106099,-1.57588295855751,-0.506401876182236,0.061129666529526,0.64694618076649,1.74911145829399,3676.33085225645,0.999972353353537
"eps[22,5]",-0.303741998955531,0.0150673588059071,0.85401502642227,-1.91351258450153,-0.887790280626122,-0.320780384218052,0.247787454956228,1.44958141094969,3212.60080221252,0.999757631963347
"eps[22,6]",-0.192043641888101,0.0155738764979608,0.836588900701917,-1.76145929039492,-0.75247655162203,-0.195232662806056,0.347388230948213,1.51007961485369,2885.56421800664,1.00187021982741
"eps[22,7]",0.0920322788011723,0.0138251533366609,0.830296899840332,-1.52207159747721,-0.467575215841519,0.0805377368942117,0.635275320516497,1.75914445528314,3606.84034631822,0.999752703786878
"eps[22,8]",0.169361330209954,0.0135261342979123,0.866955809067659,-1.55585938942377,-0.402825646445097,0.171468856725487,0.737512035301621,1.87632766515079,4108.15226213728,0.999196419437036
"eps[22,9]",0.00152963093913186,0.0162012209902571,1.00079076093224,-1.90632152534481,-0.674858062567121,0.00105197515409249,0.668448517176613,2.03184888917921,3815.84814130596,0.999652746330326
"eps[22,10]",0.662052253894119,0.0165607125914383,0.895036092416612,-1.1335611890679,0.0676717744484029,0.674576143363799,1.27185017515695,2.36707208882281,2920.94283118611,1.0008388538579
"eps[22,11]",0.748531442382528,0.0147081024476408,0.929081894680866,-1.16811783167192,0.119604490683407,0.768734088458378,1.40339077953358,2.48536003788919,3990.20034070062,1.00007621719254
"eps[22,12]",-0.0192711954031461,0.013508048876463,0.895853872516122,-1.77242064501552,-0.618993457874345,-0.022185050775094,0.57721343315093,1.7565392278476,4398.34309745819,0.999628128084065
"eps[22,13]",-0.118214288337887,0.0115412222520473,0.91640557667964,-1.8881447661516,-0.756915252461566,-0.106398039079298,0.506696923794043,1.64519430481335,6304.80759857039,0.999606303943274
"eps[22,14]",0.0331753950238308,0.0132661576954858,0.972712293143827,-1.87878201248605,-0.640094704482512,0.0566647495313484,0.671908153575432,1.94319892949813,5376.23814740162,0.999971535118096
"eps[22,15]",0.302997587650354,0.0127262343892061,0.934692007270116,-1.54170650765615,-0.330862446765611,0.300228027506259,0.94825095791187,2.11307291435573,5394.32641599144,0.999441137596172
"eps[22,16]",-0.0723611757542462,0.0117539610733084,0.924444850749437,-1.87417394036234,-0.69294726068504,-0.0723981044637988,0.547127846295445,1.74801503655648,6185.76645775113,0.999415419117054
"eps[22,17]",0.179004696274581,0.0127399798220684,0.958715402213158,-1.67803543573133,-0.4649071730504,0.175178284848795,0.824706666682502,2.05641452615982,5662.93959091564,1.00022461031517
"eps[22,18]",-0.0287891441647295,0.0127270121935253,0.982818115193374,-1.94237920637119,-0.680250664107126,-0.0183888532691593,0.616482103333548,1.95018252534567,5963.39236698586,0.999713578562635
"eps[22,19]",0.0840253137006661,0.0123534068067183,0.97771963657484,-1.80677107590469,-0.581578696487995,0.083189392703692,0.742067104382699,1.98142319480497,6264.0496123897,1.00037301916891
"eps[23,1]",1.43162909135386,0.023012668273733,0.825315894086079,-0.336427683936112,0.906918804216985,1.45661115652648,1.99535960838534,2.95431528726058,1286.19395310164,1.00421545597781
"eps[23,2]",0.256961955661628,0.0169559859901062,0.89753050196158,-1.52345621487287,-0.338556523956343,0.274077258484929,0.865994631576535,1.97800447552343,2801.89809069715,1.00035515764631
"eps[23,3]",-0.0591605232564945,0.0136214834544348,0.786364412053222,-1.56139888634848,-0.58186644955129,-0.0771072488744788,0.44149754471395,1.53452653631774,3332.72045467933,0.999674802191429
"eps[23,4]",0.218064447246952,0.0152577554152035,0.890822145456609,-1.48749326360532,-0.381051944953758,0.211822255625802,0.808626389663201,1.94756466599398,3408.79364988356,0.999594194170982
"eps[23,5]",0.0748226375456147,0.016484083989269,0.922241529445598,-1.74145106884738,-0.528014964235007,0.0607688923181637,0.695222850157051,1.92638800323427,3130.11081236574,1.00101627347513
"eps[23,6]",0.862672174156463,0.0177766107008373,0.90540798354869,-0.924998919648651,0.265889999566478,0.881468336160481,1.47388478732324,2.6241242602505,2594.12390569832,1.00129787738526
"eps[23,7]",1.17637296251545,0.0241639104700743,0.940796227149425,-0.732531860930447,0.55482348814866,1.18508720801382,1.82439437504054,2.95558511828113,1515.85164120045,1.00141541547664
"eps[23,8]",0.18120269992685,0.012811862357613,0.866829067800558,-1.51456259112322,-0.404666256371922,0.181530594345352,0.746222435053029,1.91163148957414,4577.64810270994,0.999385540159157
"eps[23,9]",-0.0118827493182722,0.0141495628821711,0.996626458071229,-1.95085285935418,-0.700245132690708,-0.00184681822451553,0.651011743846754,1.93419402884925,4961.10910140041,0.999586823572806
"eps[23,10]",0.00213309054843498,0.0146682405602322,0.890382804002006,-1.72507117718258,-0.573622402929902,-0.0214790417640267,0.606355312110312,1.78556123790458,3684.66051201401,0.999765467746462
"eps[23,11]",0.723486715706836,0.0150231903486642,0.978501856007806,-1.1848161503906,0.0606193162456447,0.72429633379815,1.39771183235566,2.58046882361925,4242.2764650515,1.00042819917196
"eps[23,12]",0.0824462953649103,0.0131639558888204,0.895159263405895,-1.65293507896332,-0.541469811244859,0.080847239647217,0.684968794023794,1.87066276706956,4624.10602978345,0.999550193817979
"eps[23,13]",-0.126461391062826,0.0130825502878222,0.95629095855989,-2.03482388663962,-0.772957979974343,-0.119558603664895,0.509902524376451,1.69189122973354,5343.12425364322,0.999401799500953
"eps[23,14]",0.00842699878071073,0.0128556664864886,0.994641571987745,-1.93572282314785,-0.668846910245561,-0.00203202385242952,0.704874714755468,1.93147556881446,5986.10072180017,0.999639948633085
"eps[23,15]",0.104945469994095,0.0130877850822563,0.937693972948242,-1.70544480993232,-0.518650468222873,0.0999741052315471,0.74976343998207,1.90651687753912,5133.22073290263,0.999193456889944
"eps[23,16]",-0.0374453927687039,0.013230109636574,0.927449725433242,-1.86280755654606,-0.668139710159679,-0.0288190569746864,0.578767048539086,1.76521703740442,4914.21176875117,0.999924883544874
"eps[23,17]",0.269799544797836,0.0132256002885491,0.975702856575685,-1.65518129152412,-0.372449517549305,0.274513314606519,0.923324171984356,2.18494046492057,5442.57430284286,0.999432716117911
"eps[23,18]",-0.045401478990776,0.0146196051563959,0.971539845424489,-1.95351212347185,-0.705057353090884,-0.0423524343065718,0.612379815000474,1.89262685631366,4416.21233928379,0.999706746016736
"eps[23,19]",-0.206988817394668,0.0148741380669509,0.988916481199484,-2.0654289697779,-0.91436146074018,-0.21969661236693,0.471872365745568,1.75724864588477,4420.33936402188,1.0001293493252
"eps[24,1]",-0.315921215185436,0.0154471841424422,0.982876838079307,-2.20591424234517,-0.976425558422158,-0.323344128149183,0.344039679450804,1.64117533782713,4048.55043872328,0.999709111019812
"eps[24,2]",-0.521921446792453,0.0136523116867436,0.862522553870203,-2.16599474732362,-1.1072670204091,-0.539592171837432,0.0267517977730083,1.24891620238096,3991.43012384072,1.00048656901121
"eps[24,3]",-0.154482596175623,0.0115941401835131,0.777199097736435,-1.6886751140075,-0.670976954692199,-0.163402411920343,0.363372416776498,1.39062330761211,4493.52830153439,1.00001593249479
"eps[24,4]",0.325125332807347,0.0122049274849265,0.801602879128779,-1.30395392888936,-0.196749609806528,0.328016073754841,0.866256567089978,1.87210929269771,4313.6820369017,1.00103210685176
"eps[24,5]",-1.0052991847084,0.0267147501093925,0.952820942570933,-2.77476718965423,-1.65720839795305,-1.03632378525347,-0.367899991089598,0.890334642295826,1272.09737394177,1.00480196744918
"eps[24,6]",-0.192604271846472,0.013978376488882,0.995415143156013,-2.14701603043989,-0.872101501068514,-0.199760672827855,0.477887269910842,1.79799051229403,5071.01645508686,0.999878984063072
"eps[24,7]",-0.0973139728187799,0.0139302214396525,0.984075658990125,-1.99875678605021,-0.766781994105743,-0.110865502553565,0.565525302257443,1.81230510908456,4990.46413823925,0.999334942609369
"eps[24,8]",0.290353090247198,0.013150518643843,0.911928144273337,-1.49059364779956,-0.342988279736748,0.295609505331409,0.906617464405227,2.11079382443452,4808.7862804306,0.999350421377605
"eps[24,9]",-0.0885415553661548,0.0153520748995091,0.986272606434124,-1.98542922458597,-0.779666168629121,-0.0952424192435532,0.577990620572311,1.84857187011529,4127.24053783575,0.999533981157176
"eps[24,10]",-0.532678662866767,0.0154737422951109,0.876445887440368,-2.23629257842198,-1.12054107074552,-0.550705748044324,0.0346147549560466,1.25983030035421,3208.1856776195,0.999806307031852
"eps[24,11]",0.319036501001756,0.0129443331220444,0.935058054268927,-1.52545054884961,-0.310494380397316,0.327994148595449,0.941139020467289,2.13127003233835,5218.16477682707,0.999384987653841
"eps[24,12]",-0.46400995393683,0.0151150118118426,0.945195171929153,-2.28595415867833,-1.11216436453331,-0.467139834986222,0.185469993527491,1.36349335016504,3910.44342794236,1.00025733538302
"eps[24,13]",-0.368264767478253,0.0129768076298877,0.945984830731617,-2.24823182062534,-0.995704569754747,-0.365730579422913,0.27372303085793,1.4866330557044,5314.13534801432,0.999424572502711
"eps[24,14]",-0.0145662242074384,0.0124314607214639,0.998777421725573,-1.94796751258351,-0.684082456134678,-0.00300285464129736,0.647736771745366,1.92708898516068,6454.95335227227,0.999337000513533
"eps[24,15]",-0.0698648026754895,0.0134326750445345,0.974737684966426,-1.97640726777342,-0.730124018557706,-0.0754285456446759,0.558758044077404,1.90943357105267,5265.63190637176,0.99920065454388
"eps[24,16]",-0.0283142663191201,0.0119426146790813,0.992060324221273,-1.9467424811836,-0.703999583554658,-0.0490033237012063,0.660280062825411,1.88396416150545,6900.44854234087,0.99971610628851
"eps[24,17]",0.00353480287326917,0.0127814933228096,0.993947504032862,-1.9165966219805,-0.686476673951997,-0.00733801641822324,0.676085221708842,2.00924658938817,6047.3304381252,0.999757195793756
"eps[24,18]",0.0056658438634639,0.0125521409031185,0.999141256726882,-2.00661540685626,-0.656655754588026,0.00359520290889708,0.688479540979171,1.94422488562635,6336.04383401566,0.999827788184393
"eps[24,19]",-0.0513420284788225,0.0125520328754978,0.967106242419735,-2.02437104329093,-0.703258483256887,-0.0446851346972073,0.59985455322318,1.78319622744268,5936.36009448785,0.999662798408439
"eps_slope[1]",0.0316356604011315,0.0130057868802889,0.948339041275225,-1.80248654439087,-0.598300745316828,0.0189850378677447,0.67004811606301,1.9059607669994,5316.84492653069,0.999745267000654
"eps_slope[2]",-0.171857431757396,0.0133477462633738,0.955700466510791,-2.03537391231508,-0.816638727163971,-0.184248742382655,0.477018753937627,1.69560258646642,5126.5796764809,0.999565626461197
"eps_slope[3]",0.230849422684411,0.0149686751072783,0.974577297303489,-1.68768932743538,-0.445292177219681,0.245080158383565,0.904937045752961,2.08824126960471,4239.02381274343,0.999872309078402
"eps_slope[4]",0.511664282491049,0.0173235259599195,1.05438994365517,-1.56494686849725,-0.196964710624829,0.50688235712036,1.22968630321172,2.5639893678648,3704.50280424851,1.0004594329611
"eps_slope[5]",-0.0734123737301156,0.0128609125647933,0.962790736192599,-2.03421692696228,-0.693498592207117,-0.0904505422724399,0.571866841958545,1.89246694762141,5604.28528015758,0.999752728645583
"eps_slope[6]",-0.0474138742105999,0.0131632703876936,0.947235236974971,-1.84459824898126,-0.683800859772577,-0.0358419734675097,0.575367224300241,1.90098733190618,5178.31047963402,1.00004073223989
"eps_slope[7]",-0.0501201027559628,0.013341201329329,0.95177378746287,-1.97898381958629,-0.679911952794051,-0.0633446848540375,0.572716198219687,1.79720767321967,5089.52912009607,0.999307606980368
"eps_slope[8]",0.0791384904712727,0.0125162189192016,0.946309060837595,-1.77021727161573,-0.567490449979059,0.0813683296352913,0.709984321628942,1.96995452724003,5716.36163027259,0.999514529793136
"eps_slope[9]",0.00757064461610888,0.0135065656186273,0.959525795840676,-1.88184559699057,-0.635167222105093,0.0200568400493561,0.636564881736607,1.90137382490492,5046.88540661331,0.999532508548867
"eps_slope[10]",-0.135795865751346,0.013572823236588,0.962283678560614,-2.03144909074076,-0.764379532906459,-0.147629458383556,0.480677252184498,1.83132393762263,5026.50192379586,0.999871710005897
"eps_slope[11]",-0.075555162400932,0.0127528324634182,0.944405361603348,-1.93855206544399,-0.703737024076208,-0.0598430287536029,0.547885616897751,1.83377456460099,5484.07744765256,0.999411273522741
"eps_slope[12]",-0.0825976854303051,0.0127079758925969,0.898815030817438,-1.80146092815933,-0.684224907478466,-0.0864328359338179,0.513164365506267,1.65673683526393,5002.50911224756,0.999709465547552
"eps_slope[13]",-0.263671296330309,0.0146260516386273,0.9373060259219,-2.10337825587331,-0.891628541085799,-0.282368625333717,0.355897602490949,1.64239993565329,4106.84784937347,1.00028595604132
"eps_slope[14]",-0.0797771204680646,0.0140831229366569,1.00063415218518,-2.06615457281331,-0.740315761025351,-0.0769979961006572,0.563401144633492,1.86167625705063,5048.3877260526,0.999484650672889
"eps_slope[15]",-0.227419935590884,0.0148179258096402,0.961267615147242,-2.04747076701094,-0.882628762939728,-0.238898171901288,0.414480531285344,1.69007030681688,4208.3687841109,0.999373908819081
"eps_slope[16]",0.0202449083399455,0.0123432508572691,0.961174576060812,-1.92123253017081,-0.613572682741346,0.0243188739741351,0.684506435568136,1.85884766531873,6063.8079590696,0.999539196444656
"eps_slope[17]",0.389395859849705,0.0162614645468111,0.972027451875875,-1.56508367678495,-0.24098899386339,0.399012389859891,1.04440595552818,2.25709430710027,3573.0389253846,0.999391762366063
"eps_slope[18]",-0.0436899912542104,0.0132394447183851,0.91606772807356,-1.83452300299866,-0.648940569567604,-0.0543794176272029,0.58208208980629,1.70304735370608,4787.57539616312,0.999091788005936
"eps_slope[19]",0.0353590072267064,0.0130400671163397,0.965227009169355,-1.88587388755963,-0.599909462253349,0.0375900622003423,0.67599023412691,1.93296736602899,5478.97449118629,0.999275486820511
"slope_mu",0.0274488036614585,0.00094002535663684,0.0270211815111304,-0.0237037284781411,0.00900107390353844,0.0263178574435529,0.0448770503506281,0.0829958430513898,826.284359842012,1.00270026086641
"sigma_slope",0.0188840503010839,0.000384811187683556,0.0145691541590078,0.000709142833766531,0.00731792682670272,0.0158085469527496,0.0275534998967909,0.0551117340358578,1433.41946493237,1.00111104196839
"N_0[1]",143.638657735456,2.80360059714051,50.4527700440676,75.641339524361,108.135864212294,133.251891106633,168.703296664576,271.937004625701,323.8454082049,1.00630711395768
"N_0[2]",935.178363064124,18.07128846271,797.653975008972,172.965426480283,452.888495410348,721.720540281006,1147.70494193051,2967.57413372335,1948.27757082426,1.00057271472344
"N_0[3]",40.1650056623276,0.743389675468653,31.9591259313472,6.07719570101591,19.6007469129986,31.8845807974813,51.5981462228004,122.836120537792,1848.23306621864,1.00071426600932
"N_0[4]",26.7565166648877,0.945924722007886,42.5187772070147,1.79737337743537,7.55195994295616,15.2851506833369,30.205473800169,125.516713516761,2020.45126966576,1.00087081503268
"N_0[5]",1305.00826000295,22.8695849562285,1082.86333471521,226.577794962024,638.950896843089,1025.7198772975,1616.52746356747,4017.7550649084,2241.97482656266,1.00145489882522
"N_0[6]",392.402110004385,5.02100521153765,125.628330418084,213.485725004742,303.468517140787,369.373315424629,457.398590480359,704.248240570886,626.02810640639,1.00233003694899
"N_0[7]",1429.18598281781,17.1363173195953,473.262961509509,749.754344368464,1090.85416632401,1352.91950429245,1680.08701844271,2574.03856300643,762.728620352929,1.00124764726765
"N_0[8]",414.407987047793,8.00949171076191,360.373011377712,76.2616589558849,203.829476946395,327.538155354766,514.939122125369,1222.2223717002,2024.39196653934,1.00089698664154
"N_0[9]",119.746567382207,1.31882059285127,37.8386985711243,64.9573439663103,92.8890810732457,113.280784525403,139.880052460672,212.563341296021,823.191622266876,1.00190619024267
"N_0[10]",652.293103776549,13.5571235195066,667.625536312998,91.4064224045113,276.382758144848,464.000200857988,786.277061100234,2356.3913071441,2425.10626635654,1.00075920734049
"N_0[11]",313.079416677562,2.64340453703063,143.93946438747,120.368054106484,212.470267804927,287.048669545501,378.837886544474,661.746491350254,2965.05328492712,0.999279662975085
"N_0[12]",1540.83892291647,12.9153792295529,455.689568224146,864.977906979205,1221.58199945522,1468.45510972221,1782.36349360882,2598.29035552999,1244.86956117105,1.00248965500933
"N_0[13]",1178.12398354706,9.4263534533685,344.982839818732,663.231096464887,942.764786533271,1128.10243680341,1354.04175196902,1994.25648195129,1339.39152134848,1.00088395789831
"N_0[14]",57.0249098383293,0.579037359148402,31.4933384504947,19.3150731936162,35.8379165812039,49.6982305560253,70.054956609157,134.24048690057,2958.1775089183,0.999708623231364
"N_0[15]",122.317109098557,1.0885292600167,60.3454084433441,43.8669638551766,80.9004876816087,110.606467527774,149.745503031269,269.853954265977,3073.32329092942,1.00052672633339
"N_0[16]",252.597617344474,2.09789895154399,70.8000506593569,147.63495805227,202.016595399453,241.488230324449,290.743336083605,425.822940830746,1138.93255012639,1.00070485947279
"N_0[17]",241.913040158031,3.21780917274039,82.6074392062082,127.829256296666,184.314131464435,226.951430385098,282.039231428579,441.81839389859,659.049064895594,1.00402266350783
"N_0[18]",5571.6874881036,68.8606723834823,1692.73710774558,3137.73943347246,4375.6895777112,5266.39225415804,6443.72806568746,9660.56594958668,604.277622134299,1.00187662299768
"N_0[19]",644.400947312065,3.26888339112498,177.322026563386,372.731588206435,517.245779112397,618.890888198497,746.271546189838,1066.85295225512,2942.56804964119,1.00063382839
"sigma_rn_mu",0.29310620175846,0.00636133124629651,0.0814221763000774,0.119069107996075,0.242345111328769,0.297766063410267,0.348586267630112,0.443062905926683,163.828475963206,1.00887672616567
"sigma_wn_mu",0.292358008058959,0.00562565353351964,0.0698182060309462,0.137095897811694,0.250145003085065,0.295572399430377,0.338618827503371,0.419920712750566,154.025067345237,1.00723551905178
"sigma_rn_sigma",0.0380368236953788,0.00124710254467363,0.0344116769817278,0.00169838053853511,0.0132274656522906,0.0285451433619356,0.0524181300896994,0.12753113731747,761.390308252815,1.00291531113802
"sigma_wn_sigma",0.094668904252703,0.0019378914172666,0.0515889586639944,0.0231591650134574,0.0570736059638654,0.0846034962265757,0.121140791108657,0.218708084989655,708.687291203617,1.00187386485931
"eps_sigma_rn[1]",1.34872986317847,0.055711513690964,3.20176919499494,0.0368462475257248,0.34821141308433,0.776799377126783,1.51551432893345,5.50752316139842,3302.85970596896,1.00197723764216
"eps_sigma_rn[2]",1.40699852494794,0.047594737510245,2.69835580061666,0.0288356313520958,0.352216312014833,0.785609484749744,1.54793236773341,6.5692602270734,3214.25669313269,1.00105799917427
"eps_sigma_rn[3]",5.61053122932256,0.268655935821526,10.6695523609341,0.0908234764575098,1.1469859489928,2.95852522674547,6.44081088824001,25.4399500920421,1577.24629917107,1.00025759666316
"eps_sigma_rn[4]",3.46402846455188,0.148616728546006,7.19738023959276,0.0702004901854904,0.699619596458796,1.76599949443002,4.01101576406173,16.870219834533,2345.38152716556,1.00127304433851
"eps_sigma_rn[5]",2.73209993471277,0.124127779449766,5.30065167282582,0.0582222865270481,0.502574507882571,1.21231987533095,2.90350833118302,14.869860317424,1823.56210777186,1.00286663470113
"eps_sigma_rn[6]",1.60481391390818,0.0529223789846273,2.84268452964256,0.0368548141791064,0.38565211085442,0.892748010578847,1.82095288464555,7.60290532950208,2885.21788072769,1.00027967626978
"eps_sigma_rn[7]",1.95209150578675,0.055273724821167,3.18022973759193,0.0434134385519062,0.475655682373464,1.10373926105619,2.2539090246359,8.84495024196176,3310.39276637688,1.00026636389139
"eps_sigma_rn[8]",1.39371840670098,0.0576334965227529,2.7193005339656,0.0248874759586747,0.326290102883235,0.752741749656985,1.53570405109114,6.27055263863887,2226.20154289777,1.0017317775854
"eps_sigma_rn[9]",1.26043991456014,0.035109675691502,1.97258503997158,0.0357919732937425,0.318634640020728,0.749756414176158,1.46232090779752,5.51377942872965,3156.58751493913,1.00017624718802
"eps_sigma_rn[10]",1.98576980166718,0.0616081482200524,3.25107164420952,0.033580224850651,0.416950940633719,1.02362647103168,2.26194397940724,10.1683556875389,2784.68945294456,1.00135950025228
"eps_sigma_rn[11]",2.82167136688103,0.153360374824122,5.93225109314845,0.0447454637500486,0.465807922577502,1.14201792560663,2.72883796148647,15.7465858927391,1496.27950542346,1.00111308134045
"eps_sigma_rn[12]",1.46898393678814,0.0654872943899105,4.01962369764498,0.0315179365091493,0.343501826361124,0.77319202714538,1.5875657877735,6.94175368965988,3767.529834087,1.0014437435335
"eps_sigma_rn[13]",1.21550700332721,0.0339521125623682,1.8640341266211,0.0239457810907398,0.295892289110395,0.720994944491371,1.43628166752176,5.62214108657283,3014.21421858059,1.00131939579738
"eps_sigma_rn[14]",2.876618365887,0.328590200759803,8.01321509562676,0.0344199821885399,0.395312548331064,0.938339649781498,2.24502982905441,18.5358990509021,594.708828288672,1.00528816180473
"eps_sigma_rn[15]",6.08916074280102,0.521604544085019,17.1668058445207,0.0619744791529744,0.661822914786587,1.85617615297338,5.73178307006919,34.4665241097224,1083.16909008492,1.00320742379979
"eps_sigma_rn[16]",1.18602990827056,0.026018900530338,1.54882069758331,0.0303828169307092,0.318835725091326,0.716668148175358,1.45170940641578,5.14045633820348,3543.43447089328,0.99980984590862
"eps_sigma_rn[17]",1.60596715833138,0.0444333219861932,2.29127640712751,0.0399897779047188,0.384584916169844,0.896314820504686,1.94983637243675,7.54818999320708,2659.11670888786,0.99944439176819
"eps_sigma_rn[18]",1.04184606845953,0.0330752527280863,1.70603615653824,0.0222381570382182,0.286026735954103,0.63376160924074,1.23483996307758,4.46537136111455,2660.5420017867,1.00104681259426
"eps_sigma_rn[19]",1.32266520946151,0.050169765454673,2.3662629963148,0.0397708008302647,0.336052291181537,0.765792338629797,1.4952164303261,5.74826670310228,2224.5485225656,1.00286273139663
"eps_sigma_wn[1]",0.551712069428413,0.0112843480314605,0.596912761530033,0.0155779959644734,0.164701768166862,0.386976642934841,0.729130197968046,2.10214319868503,2798.13577026713,0.999513018189027
"eps_sigma_wn[2]",1.44828741126556,0.0300454288533793,1.30076586251906,0.101109230580097,0.644666334067788,1.16156137707513,1.84412654656176,4.68462664762448,1874.31010598929,1.00086080886941
"eps_sigma_wn[3]",1.49419948729553,0.0373469220299539,1.53089716022268,0.0476712537209439,0.517581511029151,1.1031051105968,1.95809076992816,5.18902941120205,1680.28288950977,1.00225852517996
"eps_sigma_wn[4]",0.971567322669658,0.0190109198706324,1.05905883804622,0.0352250879708115,0.308869306408981,0.685523549208043,1.25974479543106,3.7422633711437,3103.37255448045,1.00019977412469
"eps_sigma_wn[5]",3.57696075637095,0.0792467176026269,2.7597449542874,0.502453728629648,1.88497204585981,2.91327820110745,4.41205307873037,10.7292776120552,1212.761301368,1.00456204762668
"eps_sigma_wn[6]",0.801047825827566,0.0140482349121657,0.778784124699228,0.0309632917981848,0.297034594247329,0.603759968954716,1.06757377250874,2.72444332904531,3073.19882372025,1.00057582023895
"eps_sigma_wn[7]",1.32488187700033,0.0213753257476901,1.11679198640168,0.0837356107488808,0.594867977097884,1.07585530494807,1.72658818475978,4.14153277695106,2729.72623856121,1.00077774839785
"eps_sigma_wn[8]",2.24572594729086,0.0389286546036266,1.63671480140582,0.193662771652171,1.15475677689533,1.89003530611094,2.91582681539947,6.35080880691926,1767.69458197961,0.999571954844644
"eps_sigma_wn[9]",0.944285829606934,0.016945065969704,0.869103476848342,0.0348665643259684,0.354369678212845,0.720453830789711,1.25809559567428,3.21771082037147,2630.60987905874,1.00031175887161
"eps_sigma_wn[10]",1.01835729406289,0.0217003929966526,1.15107112030555,0.0301564244801747,0.342292037654541,0.720087108128173,1.32099296935147,3.56134155072008,2813.64381045278,1.00066028375775
"eps_sigma_wn[11]",6.07294395769578,0.148299080520433,4.79105066666257,1.2724326996681,3.343640503339,4.92590970893365,7.39992991346602,17.992947996062,1043.72145411071,1.00440131349223
"eps_sigma_wn[12]",0.980561528901779,0.0154907002825983,0.872232565562753,0.0466005952830758,0.389047026785414,0.777442473157649,1.30300161614712,3.24111521544942,3170.46156306049,1.00072998298136
"eps_sigma_wn[13]",0.805401824062833,0.0132583744959848,0.788395554105844,0.0407064685243804,0.306893138231071,0.604019607069302,1.05440004402697,2.8071649364335,3535.96346648589,0.999747704567354
"eps_sigma_wn[14]",8.82430907399385,0.28638686467126,8.09053004239453,1.31094301443405,4.79857799340065,7.02307528397186,10.6536485973867,26.5228355639462,798.082448741657,1.00658055993303
"eps_sigma_wn[15]",6.64597189148419,0.201033712305588,5.82316066750261,0.508929843108375,3.51673712607139,5.33689892513145,8.16451580685116,20.2428022634214,839.034388280601,1.00276697812591
"eps_sigma_wn[16]",0.516803454620846,0.010156204783962,0.566824060627463,0.0135065222533253,0.159887050004451,0.358307626057222,0.679137344521415,2.03025424827481,3114.82502768857,1.0001306985206
"eps_sigma_wn[17]",1.37008549950449,0.0248822666222658,1.20719503236323,0.0972514501891466,0.618109377464198,1.10414021551567,1.77466555453054,4.20380705612781,2353.82949477507,0.99975937018305
"eps_sigma_wn[18]",0.520808855829428,0.0103038678300386,0.568263414126883,0.0139974332914317,0.15217927700015,0.365233799355258,0.697870299889212,1.96943452446162,3041.57712963565,1.00065053797316
"eps_sigma_wn[19]",0.686752997559298,0.0113409061854911,0.67821458223402,0.0227190915463946,0.22795148373249,0.508519437577627,0.909697810478308,2.42690255308362,3576.33942890697,1.00015580540022
"L[1,1]",1,NA,0,1,1,1,1,1,NA,NA
"L[1,2]",0,NA,0,0,0,0,0,0,NA,NA
"L[1,3]",0,NA,0,0,0,0,0,0,NA,NA
"L[1,4]",0,NA,0,0,0,0,0,0,NA,NA
"L[1,5]",0,NA,0,0,0,0,0,0,NA,NA
"L[1,6]",0,NA,0,0,0,0,0,0,NA,NA
"L[1,7]",0,NA,0,0,0,0,0,0,NA,NA
"L[1,8]",0,NA,0,0,0,0,0,0,NA,NA
"L[1,9]",0,NA,0,0,0,0,0,0,NA,NA
"L[1,10]",0,NA,0,0,0,0,0,0,NA,NA
"L[1,11]",0,NA,0,0,0,0,0,0,NA,NA
"L[1,12]",0,NA,0,0,0,0,0,0,NA,NA
"L[1,13]",0,NA,0,0,0,0,0,0,NA,NA
"L[1,14]",0,NA,0,0,0,0,0,0,NA,NA
"L[1,15]",0,NA,0,0,0,0,0,0,NA,NA
"L[1,16]",0,NA,0,0,0,0,0,0,NA,NA
"L[1,17]",0,NA,0,0,0,0,0,0,NA,NA
"L[1,18]",0,NA,0,0,0,0,0,0,NA,NA
"L[1,19]",0,NA,0,0,0,0,0,0,NA,NA
"L[2,1]",0.0811563751453834,0.00423342595912846,0.215713933132812,-0.345919128429057,-0.068243971011554,0.0868080266766988,0.231976265733745,0.489548301496704,2596.40512541736,1.00152631416588
"L[2,2]",0.972383572993136,0.000750516633252255,0.0369229298629026,0.866973393169404,0.96256106411252,0.986725251406105,0.996956332365526,0.999969159094956,2420.31374544427,0.999965985031822
"L[2,3]",0,NA,0,0,0,0,0,0,NA,NA
"L[2,4]",0,NA,0,0,0,0,0,0,NA,NA
"L[2,5]",0,NA,0,0,0,0,0,0,NA,NA
"L[2,6]",0,NA,0,0,0,0,0,0,NA,NA
"L[2,7]",0,NA,0,0,0,0,0,0,NA,NA
"L[2,8]",0,NA,0,0,0,0,0,0,NA,NA
"L[2,9]",0,NA,0,0,0,0,0,0,NA,NA
"L[2,10]",0,NA,0,0,0,0,0,0,NA,NA
"L[2,11]",0,NA,0,0,0,0,0,0,NA,NA
"L[2,12]",0,NA,0,0,0,0,0,0,NA,NA
"L[2,13]",0,NA,0,0,0,0,0,0,NA,NA
"L[2,14]",0,NA,0,0,0,0,0,0,NA,NA
"L[2,15]",0,NA,0,0,0,0,0,0,NA,NA
"L[2,16]",0,NA,0,0,0,0,0,0,NA,NA
"L[2,17]",0,NA,0,0,0,0,0,0,NA,NA
"L[2,18]",0,NA,0,0,0,0,0,0,NA,NA
"L[2,19]",0,NA,0,0,0,0,0,0,NA,NA
"L[3,1]",0.0359252125351622,0.00383002272815616,0.196941265614498,-0.344189816011856,-0.101098075553013,0.033868923963601,0.168548375753363,0.419975472246507,2644.05659431626,0.999276879823939
"L[3,2]",0.00199947986499619,0.00419806254049197,0.204842603656897,-0.39640502682062,-0.140907204690294,0.00414965122176218,0.146531661826108,0.394133676187263,2380.90883316535,1.00050269576608
"L[3,3]",0.957228236275937,0.00094095585703892,0.0411550787822865,0.848406319201998,0.939722695544356,0.969325232430662,0.987250758194861,0.998747940188962,1912.97095006795,1.00040505621838
"L[3,4]",0,NA,0,0,0,0,0,0,NA,NA
"L[3,5]",0,NA,0,0,0,0,0,0,NA,NA
"L[3,6]",0,NA,0,0,0,0,0,0,NA,NA
"L[3,7]",0,NA,0,0,0,0,0,0,NA,NA
"L[3,8]",0,NA,0,0,0,0,0,0,NA,NA
"L[3,9]",0,NA,0,0,0,0,0,0,NA,NA
"L[3,10]",0,NA,0,0,0,0,0,0,NA,NA
"L[3,11]",0,NA,0,0,0,0,0,0,NA,NA
"L[3,12]",0,NA,0,0,0,0,0,0,NA,NA
"L[3,13]",0,NA,0,0,0,0,0,0,NA,NA
"L[3,14]",0,NA,0,0,0,0,0,0,NA,NA
"L[3,15]",0,NA,0,0,0,0,0,0,NA,NA
"L[3,16]",0,NA,0,0,0,0,0,0,NA,NA
"L[3,17]",0,NA,0,0,0,0,0,0,NA,NA
"L[3,18]",0,NA,0,0,0,0,0,0,NA,NA
"L[3,19]",0,NA,0,0,0,0,0,0,NA,NA
"L[4,1]",-0.0455078460884161,0.00372626048738784,0.20280287450487,-0.435128873414335,-0.190038975696021,-0.0475716472728396,0.0971209246698651,0.348907395349135,2962.11414477665,1.00032415076047
"L[4,2]",-0.062366105082349,0.00374121092185139,0.204561493986681,-0.463279116668525,-0.202233156199477,-0.0637416606466942,0.0756519343518924,0.348270985853048,2989.6709163518,0.999659888177472
"L[4,3]",0.0542630370468714,0.00323731085257058,0.192808458236804,-0.321968737226305,-0.0797181080258532,0.0542347011201188,0.186956162416889,0.431939378924915,3547.18106441226,0.999365205236999
"L[4,4]",0.931680098777635,0.00117283135430578,0.0542999395503801,0.790594460518539,0.907544432210225,0.944732128782265,0.971205471789545,0.995268101182612,2143.5200817007,1.00101519064347
"L[4,5]",0,NA,0,0,0,0,0,0,NA,NA
"L[4,6]",0,NA,0,0,0,0,0,0,NA,NA
"L[4,7]",0,NA,0,0,0,0,0,0,NA,NA
"L[4,8]",0,NA,0,0,0,0,0,0,NA,NA
"L[4,9]",0,NA,0,0,0,0,0,0,NA,NA
"L[4,10]",0,NA,0,0,0,0,0,0,NA,NA
"L[4,11]",0,NA,0,0,0,0,0,0,NA,NA
"L[4,12]",0,NA,0,0,0,0,0,0,NA,NA
"L[4,13]",0,NA,0,0,0,0,0,0,NA,NA
"L[4,14]",0,NA,0,0,0,0,0,0,NA,NA
"L[4,15]",0,NA,0,0,0,0,0,0,NA,NA
"L[4,16]",0,NA,0,0,0,0,0,0,NA,NA
"L[4,17]",0,NA,0,0,0,0,0,0,NA,NA
"L[4,18]",0,NA,0,0,0,0,0,0,NA,NA
"L[4,19]",0,NA,0,0,0,0,0,0,NA,NA
"L[5,1]",0.0220643301676548,0.00370432880021419,0.20836872737148,-0.3869771229067,-0.121233386791311,0.0170910572442972,0.165166782576975,0.433970160409023,3164.06955673067,0.99921095921892
"L[5,2]",0.104991674622783,0.00385796402206164,0.217553282676559,-0.326825760997788,-0.043172236870078,0.1073930903869,0.260198855896661,0.505138737801661,3179.91078039849,1.00142652861497
"L[5,3]",0.127723083095029,0.00342929184888203,0.207612914745746,-0.288529034667804,-0.0141009152019,0.131771560993432,0.272324331714793,0.519826252814622,3665.21822165028,1.00054154733303
"L[5,4]",0.0333293491195152,0.00369100647255245,0.200879977308496,-0.352840553520043,-0.107330092458517,0.0329311426649113,0.167065429312777,0.426312342684026,2961.99068052366,1.00053694126554
"L[5,5]",0.889897504401164,0.00143791046147523,0.0706418223312424,0.718039118414735,0.850036753003201,0.90400406974784,0.944612299172096,0.984827712437765,2413.57112450477,0.999960844327467
"L[5,6]",0,NA,0,0,0,0,0,0,NA,NA
"L[5,7]",0,NA,0,0,0,0,0,0,NA,NA
"L[5,8]",0,NA,0,0,0,0,0,0,NA,NA
"L[5,9]",0,NA,0,0,0,0,0,0,NA,NA
"L[5,10]",0,NA,0,0,0,0,0,0,NA,NA
"L[5,11]",0,NA,0,0,0,0,0,0,NA,NA
"L[5,12]",0,NA,0,0,0,0,0,0,NA,NA
"L[5,13]",0,NA,0,0,0,0,0,0,NA,NA
"L[5,14]",0,NA,0,0,0,0,0,0,NA,NA
"L[5,15]",0,NA,0,0,0,0,0,0,NA,NA
"L[5,16]",0,NA,0,0,0,0,0,0,NA,NA
"L[5,17]",0,NA,0,0,0,0,0,0,NA,NA
"L[5,18]",0,NA,0,0,0,0,0,0,NA,NA
"L[5,19]",0,NA,0,0,0,0,0,0,NA,NA
"L[6,1]",0.243503347906217,0.00467935146422762,0.199796083476898,-0.179012265148086,0.115786310232112,0.255756715728139,0.384230021352845,0.604510097775852,1823.06691319606,1.00036639272125
"L[6,2]",0.103701151413108,0.00439935935900181,0.208814864072667,-0.314487396611984,-0.0421015378814848,0.107714703570237,0.248206806028999,0.501643819284747,2252.91051824718,1.00326091772208
"L[6,3]",0.0816929938448316,0.00372370273730057,0.189737011511857,-0.298186778916558,-0.0525068114904821,0.0868180155907976,0.214920648726486,0.435885223972643,2596.29539881213,0.999824665030028
"L[6,4]",0.0422856084504664,0.0040357198280156,0.193082161744292,-0.337257690582888,-0.0928737534286793,0.0397893023194991,0.177463570806077,0.419865473667511,2288.98152789164,0.999725605818608
"L[6,5]",0.141293981622919,0.00439060034577558,0.20929481467306,-0.28021130728066,-0.00349556759135694,0.149253898026136,0.285958477266455,0.526820521560636,2272.31807430873,0.999952223880133
"L[6,6]",0.83257446682743,0.00192954878324852,0.0882663227523578,0.629828714608636,0.77838639021306,0.845144574494403,0.89873088309865,0.967972898818731,2092.56299932159,0.999818997972958
"L[6,7]",0,NA,0,0,0,0,0,0,NA,NA
"L[6,8]",0,NA,0,0,0,0,0,0,NA,NA
"L[6,9]",0,NA,0,0,0,0,0,0,NA,NA
"L[6,10]",0,NA,0,0,0,0,0,0,NA,NA
"L[6,11]",0,NA,0,0,0,0,0,0,NA,NA
"L[6,12]",0,NA,0,0,0,0,0,0,NA,NA
"L[6,13]",0,NA,0,0,0,0,0,0,NA,NA
"L[6,14]",0,NA,0,0,0,0,0,0,NA,NA
"L[6,15]",0,NA,0,0,0,0,0,0,NA,NA
"L[6,16]",0,NA,0,0,0,0,0,0,NA,NA
"L[6,17]",0,NA,0,0,0,0,0,0,NA,NA
"L[6,18]",0,NA,0,0,0,0,0,0,NA,NA
"L[6,19]",0,NA,0,0,0,0,0,0,NA,NA
"L[7,1]",0.25211693240957,0.00497136420151483,0.204767346932682,-0.16406786562728,0.120816280769126,0.258102047482424,0.400932921958722,0.613214270067477,1696.56399273254,1.00120731934552
"L[7,2]",0.0951987537376681,0.00408635078815549,0.205716202788656,-0.308356816950256,-0.0447351504948155,0.0949518478318865,0.240598950432355,0.487693575163303,2534.34484103205,1.00189357809735
"L[7,3]",0.0426695073082944,0.0037759183165876,0.186862761632347,-0.327965545768944,-0.0832616838668567,0.0470863965535018,0.170995604827353,0.403910971625208,2449.06518414652,1.00096777453658
"L[7,4]",0.0466591565988259,0.0039210485821934,0.19616611614851,-0.344304670064356,-0.084789483566238,0.0550947551859442,0.17743120176153,0.41478213941472,2502.90024463919,0.999982393944354
"L[7,5]",0.118713562800942,0.00454468348014224,0.210104269221833,-0.29869729920021,-0.0228873415938991,0.126070996002937,0.265813133972817,0.513113221208101,2137.28516348642,1.00103630247862
"L[7,6]",0.185001133212378,0.00477221395644337,0.203467033638836,-0.226187703245438,0.0476871488110389,0.18998043147589,0.330968143769255,0.564873990340684,1817.80918727482,0.999943483223936
"L[7,7]",0.78897214535213,0.00218866187948711,0.097231551371006,0.573052892401268,0.727674666894827,0.800819405857892,0.860150085408422,0.946748144254582,1973.59066733607,0.999568858847705
"L[7,8]",0,NA,0,0,0,0,0,0,NA,NA
"L[7,9]",0,NA,0,0,0,0,0,0,NA,NA
"L[7,10]",0,NA,0,0,0,0,0,0,NA,NA
"L[7,11]",0,NA,0,0,0,0,0,0,NA,NA
"L[7,12]",0,NA,0,0,0,0,0,0,NA,NA
"L[7,13]",0,NA,0,0,0,0,0,0,NA,NA
"L[7,14]",0,NA,0,0,0,0,0,0,NA,NA
"L[7,15]",0,NA,0,0,0,0,0,0,NA,NA
"L[7,16]",0,NA,0,0,0,0,0,0,NA,NA
"L[7,17]",0,NA,0,0,0,0,0,0,NA,NA
"L[7,18]",0,NA,0,0,0,0,0,0,NA,NA
"L[7,19]",0,NA,0,0,0,0,0,0,NA,NA
"L[8,1]",0.0588450498689238,0.00374153764694949,0.212701133269826,-0.362829455157449,-0.0853418413047384,0.0641538782844162,0.207828952766928,0.461196084456122,3231.76199077437,1.00029856189633
"L[8,2]",0.112728553294753,0.00338942077622498,0.217656803141601,-0.321455340927877,-0.0332580602711062,0.116096556673072,0.268380731825571,0.521282492925257,4123.76129224871,0.999682686103941
"L[8,3]",-0.00560222644543914,0.0034215410224227,0.209416098797538,-0.405609172969328,-0.149677826023355,-0.00846213746012602,0.136968688728153,0.400600062131169,3746.07637151729,1.00004255782164
"L[8,4]",0.0291468794564257,0.00319909239339219,0.201986368297177,-0.367319547072287,-0.107692172440354,0.0320197502995379,0.165932740090772,0.421343917442828,3986.48886145139,0.999502558018175
"L[8,5]",0.0647836407172257,0.00396809202146035,0.222315743069716,-0.381978616141476,-0.0836197988314427,0.070707412673554,0.219250676331698,0.484597181021983,3138.89628301827,0.999399905277699
"L[8,6]",0.096012381315164,0.00346878478435631,0.22066003390721,-0.340578897168588,-0.0538153795523847,0.0977447653466596,0.249292333463492,0.503131531693585,4046.6221101764,0.999786475614086
"L[8,7]",0.0650734301384856,0.00347996000668552,0.217431011116071,-0.359441972120118,-0.0864333439568955,0.0645902330491082,0.21753528917794,0.487681233398731,3903.86207245529,1.00029371067969
"L[8,8]",0.796118475273233,0.00189792344248798,0.0944234633056504,0.581980096201545,0.739187611721397,0.80778435496206,0.866778126920533,0.944368278495966,2475.15540144004,1.00129446030908
"L[8,9]",0,NA,0,0,0,0,0,0,NA,NA
"L[8,10]",0,NA,0,0,0,0,0,0,NA,NA
"L[8,11]",0,NA,0,0,0,0,0,0,NA,NA
"L[8,12]",0,NA,0,0,0,0,0,0,NA,NA
"L[8,13]",0,NA,0,0,0,0,0,0,NA,NA
"L[8,14]",0,NA,0,0,0,0,0,0,NA,NA
"L[8,15]",0,NA,0,0,0,0,0,0,NA,NA
"L[8,16]",0,NA,0,0,0,0,0,0,NA,NA
"L[8,17]",0,NA,0,0,0,0,0,0,NA,NA
"L[8,18]",0,NA,0,0,0,0,0,0,NA,NA
"L[8,19]",0,NA,0,0,0,0,0,0,NA,NA
"L[9,1]",0.11796187512326,0.00348947345452537,0.209871508682405,-0.302605570014637,-0.0244367715757574,0.12214552632912,0.26438253911613,0.51613710789048,3617.32201310246,0.999628950219535
"L[9,2]",0.078286920180996,0.00407322905185195,0.221007223797268,-0.357561439949279,-0.0736998725635823,0.0797291498670442,0.235892088263685,0.500457078744116,2943.98283179227,0.999885996259707
"L[9,3]",0.111804197787682,0.00340753626179919,0.202022086611492,-0.277114189726254,-0.0267505921712603,0.111807737632156,0.255810850682675,0.492978576756897,3514.93042245886,1.00058264307267
"L[9,4]",-0.0235846326406337,0.00368287140935994,0.204115032788356,-0.423537859235546,-0.167160992121939,-0.0188554304937678,0.119460972050836,0.370884451695017,3071.68637584522,0.999824027019754
"L[9,5]",0.0729553183650199,0.00383142031457555,0.21809094171309,-0.360413940124536,-0.0760936285631088,0.0764922984192638,0.221184509484541,0.489980591390274,3240.07945526981,0.999921825434568
"L[9,6]",0.0444891520963286,0.00368060422964585,0.21495358944344,-0.364753006032329,-0.10887344564541,0.0445400901479744,0.19292250002717,0.466494301595288,3410.76000380855,0.999620785417398
"L[9,7]",0.0598153898949212,0.00389195691407151,0.222564785646948,-0.389912414135549,-0.0946216694066737,0.0659240151347357,0.212501288183671,0.472698442254712,3270.21912903066,0.999440751174314
"L[9,8]",0.0141149665659214,0.00369009770306665,0.217441903674442,-0.418921569452604,-0.130082332059703,0.0191112532052182,0.161960538022488,0.43172720873465,3472.24813130448,0.999922010532511
"L[9,9]",0.761726027519651,0.00213037863848368,0.098678074633984,0.544473855938035,0.698666801294039,0.772760295682782,0.833971995793066,0.923664807030061,2145.49613629051,1.00047998849801
"L[9,10]",0,NA,0,0,0,0,0,0,NA,NA
"L[9,11]",0,NA,0,0,0,0,0,0,NA,NA
"L[9,12]",0,NA,0,0,0,0,0,0,NA,NA
"L[9,13]",0,NA,0,0,0,0,0,0,NA,NA
"L[9,14]",0,NA,0,0,0,0,0,0,NA,NA
"L[9,15]",0,NA,0,0,0,0,0,0,NA,NA
"L[9,16]",0,NA,0,0,0,0,0,0,NA,NA
"L[9,17]",0,NA,0,0,0,0,0,0,NA,NA
"L[9,18]",0,NA,0,0,0,0,0,0,NA,NA
"L[9,19]",0,NA,0,0,0,0,0,0,NA,NA
"L[10,1]",0.154937063165043,0.00388755790230752,0.208889821747409,-0.27549123937379,0.0138499982134133,0.163843027339579,0.299698525213983,0.543071683262339,2887.22624908021,1.00034577812099
"L[10,2]",0.119963590096991,0.00440849038227395,0.220069430730473,-0.328890163311872,-0.0324625660359589,0.124890788674421,0.276934419580198,0.528476586328769,2491.95183971691,1.00003006227359
"L[10,3]",0.140968046463651,0.00429776695749514,0.210484390933592,-0.288784377923361,-0.000879488680164154,0.151102473691153,0.292677792345204,0.528070577922232,2398.57920921685,1.00113560085511
"L[10,4]",-0.03613418220225,0.00373415061729059,0.195392256083855,-0.405858858450755,-0.172865264946709,-0.038553569705999,0.0989521620970404,0.352739066793282,2737.98479747822,1.00038905845334
"L[10,5]",0.0659077608646244,0.00377225350104736,0.205754218454863,-0.334634450485595,-0.0762478499455044,0.0676442027595392,0.220085117078722,0.435001313617995,2975.06018282599,0.99970782445671
"L[10,6]",0.0868916914534069,0.00367367647227686,0.213906235701208,-0.339990338612754,-0.0587726974197362,0.0895981877256737,0.240324292777467,0.492950772256165,3390.35423072498,0.999529845322794
"L[10,7]",0.0257072369356942,0.0035383094915385,0.208971964954761,-0.379513637802674,-0.120621909350182,0.0256279315133995,0.171542323974462,0.433627128127663,3488.06378325876,1.00010843457743
"L[10,8]",0.0341431654833267,0.00359935193219984,0.217228184492323,-0.391437478009368,-0.115312828952629,0.036416224611221,0.184690288131487,0.452900628574026,3642.36714616402,1.00011666745788
"L[10,9]",0.0210632639818073,0.00382054907861802,0.21189836726475,-0.383652046503344,-0.125575144169169,0.0194850577624331,0.161546740690017,0.433985228901194,3076.12270143317,1.00038513574234
"L[10,10]",0.718683996168272,0.00234226976075537,0.107055076396347,0.492104121506114,0.648316885604218,0.727665415634699,0.79823841203995,0.898120427866669,2089.01091071543,1.00046291426225
"L[10,11]",0,NA,0,0,0,0,0,0,NA,NA
"L[10,12]",0,NA,0,0,0,0,0,0,NA,NA
"L[10,13]",0,NA,0,0,0,0,0,0,NA,NA
"L[10,14]",0,NA,0,0,0,0,0,0,NA,NA
"L[10,15]",0,NA,0,0,0,0,0,0,NA,NA
"L[10,16]",0,NA,0,0,0,0,0,0,NA,NA
"L[10,17]",0,NA,0,0,0,0,0,0,NA,NA
"L[10,18]",0,NA,0,0,0,0,0,0,NA,NA
"L[10,19]",0,NA,0,0,0,0,0,0,NA,NA
"L[11,1]",0.136628522817886,0.00331591348625259,0.209543161813152,-0.27863770034863,-0.00677327179638314,0.144774097987994,0.287242788710598,0.51964333490671,3993.3796760328,1.00021254988216
"L[11,2]",0.0561613138415893,0.00361659966444695,0.222438910507947,-0.366899239490022,-0.10636730116191,0.0555380591070921,0.213466843266621,0.48483048122097,3782.86326131491,1.00160288925707
"L[11,3]",0.106362610086113,0.00317700287517951,0.198926413333317,-0.298632753015759,-0.0287775827486791,0.111381404269629,0.245945910434627,0.472792964586804,3920.57430180689,1.00001915490678
"L[11,4]",-0.0407818682618414,0.0034979928320198,0.203624279023097,-0.438106193998,-0.184909855773149,-0.0402495062264822,0.0998350292863035,0.359940863939625,3388.60766445098,1.000363579232
"L[11,5]",-0.00389091088524752,0.00365962985838454,0.208672047807787,-0.401884361411555,-0.152402919252848,-0.00433261474324439,0.138488055919493,0.412384973365304,3251.27894421338,0.999637142475775
"L[11,6]",0.0869902350000862,0.00345720399550386,0.211888991045851,-0.331622629078205,-0.0553155761090057,0.0851626113747424,0.236622611205617,0.488507645486409,3756.35624813552,0.999371634447463
"L[11,7]",0.081537016577686,0.0035015337873128,0.215898940683888,-0.346134873382849,-0.0679396162605006,0.0844870685948296,0.234489761854135,0.49141224117538,3801.75722740943,1.00005015730606
"L[11,8]",0.0301226516400413,0.00346641809125697,0.221146060459854,-0.394125353887983,-0.130097457874565,0.0318435629404475,0.187452763500178,0.454343907091072,4070.01986646312,0.99959398311415
"L[11,9]",0.00216321303795359,0.00356995981355428,0.218901406992325,-0.415775126870479,-0.150116863720601,0.00402192297400499,0.153618551711962,0.424659678677383,3759.84941390958,0.999910116974643
"L[11,10]",0.0487082267035467,0.00341040622279427,0.212596020294353,-0.366988764821054,-0.099884850019621,0.0498193362165232,0.199902710949679,0.44609329956638,3885.95741299124,0.999762288782188
"L[11,11]",0.695991793812984,0.0023555141075985,0.109099153328088,0.460556401437462,0.623852926092288,0.7043281731611,0.775033600412943,0.881479351676925,2145.21754946357,1.00013017427688
"L[11,12]",0,NA,0,0,0,0,0,0,NA,NA
"L[11,13]",0,NA,0,0,0,0,0,0,NA,NA
"L[11,14]",0,NA,0,0,0,0,0,0,NA,NA
"L[11,15]",0,NA,0,0,0,0,0,0,NA,NA
"L[11,16]",0,NA,0,0,0,0,0,0,NA,NA
"L[11,17]",0,NA,0,0,0,0,0,0,NA,NA
"L[11,18]",0,NA,0,0,0,0,0,0,NA,NA
"L[11,19]",0,NA,0,0,0,0,0,0,NA,NA
"L[12,1]",0.159485298488745,0.00395654900458402,0.206793418713906,-0.261377226243757,0.0223665181745706,0.163131917737436,0.306119196853372,0.539475012152892,2731.74607540224,1.00311564309489
"L[12,2]",0.106539778174018,0.00372903993256439,0.213376998422361,-0.311325366487646,-0.0436570674233487,0.111192251787961,0.254403624332464,0.518022087355096,3274.16932314599,0.999595769430876
"L[12,3]",0.0752404850634328,0.0038572549364926,0.201398471452366,-0.320327669040134,-0.0659058287345808,0.0802105253068214,0.217964358512679,0.453631078605988,2726.18706661266,1.00071504670126
"L[12,4]",-0.0204522069680822,0.00364672990837758,0.196362137308305,-0.402639294879178,-0.154501363623556,-0.0240718977805081,0.115491537597714,0.36005973520809,2899.40112644605,1.00023352823296
"L[12,5]",0.171347363355821,0.00680925663630559,0.217468595730032,-0.266071016242086,0.0286934177666543,0.180158312642767,0.323898272888361,0.581203045810124,1019.98478778789,1.00321834585108
"L[12,6]",0.161210007387147,0.00469379521270869,0.21601250956291,-0.277598798191918,0.016925934006371,0.166389299759143,0.31805910964255,0.558755765493194,2117.91989261789,0.999767112779979
"L[12,7]",0.111453567607231,0.00419681646922099,0.217107373027127,-0.315830986970675,-0.0385747393048578,0.117191766092838,0.266024323647947,0.51341334648232,2676.14222119528,1.00093058081373
"L[12,8]",0.0629133717749304,0.00395868575409528,0.216800907622214,-0.360012515537623,-0.0907457371546358,0.0649929290871942,0.216728145075559,0.467510457993427,2999.30157497997,1.00063300162156
"L[12,9]",0.0382339081766318,0.00388716262126368,0.212344129973031,-0.383892953804224,-0.1048593792299,0.0424700653932152,0.182703460353365,0.446585472221656,2984.11186828207,1.00062236077738
"L[12,10]",0.0629956499485965,0.00400554338530891,0.209380043038995,-0.344035115097312,-0.0801213066655729,0.0644618269025867,0.206183705704746,0.46296117535773,2732.42147111104,1.00077051898825
"L[12,11]",0.00556870506911709,0.00382520637755627,0.210082485770065,-0.398656185034762,-0.142565521409293,0.00756240283162152,0.153185732286591,0.406572615539255,3016.26818060965,1.00010779933487
"L[12,12]",0.614769210461184,0.00241651984409449,0.116443786428301,0.380066695145551,0.533182433903975,0.619175602410807,0.697193478370712,0.82659771285077,2321.94488247091,0.999744579383041
"L[12,13]",0,NA,0,0,0,0,0,0,NA,NA
"L[12,14]",0,NA,0,0,0,0,0,0,NA,NA
"L[12,15]",0,NA,0,0,0,0,0,0,NA,NA
"L[12,16]",0,NA,0,0,0,0,0,0,NA,NA
"L[12,17]",0,NA,0,0,0,0,0,0,NA,NA
"L[12,18]",0,NA,0,0,0,0,0,0,NA,NA
"L[12,19]",0,NA,0,0,0,0,0,0,NA,NA
"L[13,1]",0.140419890498663,0.00379898876528823,0.205770812924802,-0.278427430424624,0.00172677717293909,0.148796832712489,0.286890101748391,0.521604989583201,2933.80691716184,1.00038067836459
"L[13,2]",0.119318681882698,0.00431415034564011,0.220169959319828,-0.318551011594899,-0.0321022138887343,0.123355575099844,0.273856534633105,0.531498783276018,2604.50726068145,0.999531487342706
"L[13,3]",-0.00606987606891572,0.00348300596783175,0.196439646097794,-0.38645302377217,-0.141428463462389,-0.0151082096214636,0.130799270985845,0.385421573478751,3180.89877529558,1.0006397952045
"L[13,4]",-0.0770437911428636,0.00382356380524225,0.198495634155048,-0.45177138597948,-0.22058316763037,-0.0778132405705441,0.0618556028282001,0.310112316687045,2695.04011815772,1.00182298365082
"L[13,5]",0.179728443174827,0.00577896227464564,0.218032793224381,-0.280766045788155,0.036702780250622,0.188832306535599,0.33241003137315,0.582900745193491,1423.45557737125,1.00246413016251
"L[13,6]",0.136327085187412,0.00389682929500662,0.212512626435992,-0.281223613090412,-0.0112808082292227,0.138868863743626,0.286338310977814,0.539078909032458,2974.03937852512,0.999577204351283
"L[13,7]",0.0526046368643947,0.00380420465812665,0.217271846698327,-0.364673536390817,-0.107089166949346,0.0544739977334353,0.205619122651979,0.472910655078075,3261.96401166361,1.00126522379539
"L[13,8]",0.0311965413664204,0.00405303156211547,0.21755975449867,-0.3988738983492,-0.12177080648199,0.0354672852136418,0.182590638535574,0.438715339100669,2881.35751751406,1.00086449289949
"L[13,9]",0.0544192638245856,0.0038071273699462,0.21307215195049,-0.368125260986511,-0.0923880570908206,0.0552818834882135,0.207356356294673,0.467829938982696,3132.26552798954,0.99980109769905
"L[13,10]",0.0369209738970724,0.00407553512719438,0.212542734710224,-0.374206827181031,-0.112653772362425,0.0376776133338449,0.185896290606871,0.443485720208032,2719.71406355896,1.00105162074853
"L[13,11]",-0.00704827992132293,0.00374962349809583,0.207757495011927,-0.411655681491385,-0.152483617981861,-0.00749433868887336,0.142510241773181,0.392429121638072,3069.99788436032,1.00006765121621
"L[13,12]",0.111550025685643,0.00475962173383666,0.216248619675955,-0.331717818991321,-0.0302177767629981,0.117141228556833,0.263728542999387,0.519048620659651,2064.24770347054,1.00143192960759
"L[13,13]",0.580378311530512,0.00271993082526269,0.124018742047489,0.333290077289942,0.493463934408513,0.584939366592963,0.670985740818906,0.8035679898756,2079.02123793824,0.999518401844987
"L[13,14]",0,NA,0,0,0,0,0,0,NA,NA
"L[13,15]",0,NA,0,0,0,0,0,0,NA,NA
"L[13,16]",0,NA,0,0,0,0,0,0,NA,NA
"L[13,17]",0,NA,0,0,0,0,0,0,NA,NA
"L[13,18]",0,NA,0,0,0,0,0,0,NA,NA
"L[13,19]",0,NA,0,0,0,0,0,0,NA,NA
"L[14,1]",0.0816614436144027,0.00325005388454426,0.216273095741179,-0.3511629978233,-0.0676471914080847,0.0835259992755536,0.238679414563806,0.478208601085794,4428.16577189128,0.999720143964252
"L[14,2]",0.0200271297937757,0.00353852098463356,0.2220363696486,-0.410915852969114,-0.133619958827991,0.0214401173454255,0.175675624213194,0.448402885963333,3937.35601015955,0.999788528303743
"L[14,3]",0.0175518614351826,0.00327305179756664,0.216787669250197,-0.412305427434329,-0.131679221073318,0.0207494363518664,0.165643876326407,0.426576793209269,4386.95718399605,1.00023735096648
"L[14,4]",-0.0396046714859423,0.00345953447429776,0.209145040049089,-0.439669977551353,-0.182436001912861,-0.0413732217010141,0.102224781178402,0.377872253412279,3654.76800035909,0.999770558903894
"L[14,5]",0.0661842747200953,0.00325592722713472,0.221692159143373,-0.362177201276687,-0.0896725765605889,0.0721729865819438,0.224765217070266,0.486611408083493,4636.08390584947,0.999574763875589
"L[14,6]",0.0718107110988833,0.00298337642682749,0.215949655404168,-0.349943346446086,-0.0782584724930502,0.0749562599431045,0.223379510283966,0.472272901557126,5239.48888144188,0.999562961522085
"L[14,7]",0.0371078553991761,0.00294378912800494,0.225444276097314,-0.402084042328301,-0.118104372223162,0.0361525525684783,0.192596266564148,0.472953165763591,5864.95970319628,0.999737916956172
"L[14,8]",-0.0145963595349266,0.00340304312548064,0.227450780847339,-0.458621155321915,-0.16886837917138,-0.0155593292253877,0.139714506536557,0.424274370325335,4467.24692617345,1.000131545285
"L[14,9]",0.0067507442041206,0.00341546891807305,0.217658171660033,-0.417095143575749,-0.141408886311267,0.00637656769188857,0.154804384671277,0.443676726953176,4061.15231891679,0.99999887144392
"L[14,10]",0.0467232843271259,0.00343304531892987,0.223738860818256,-0.3909427933139,-0.105764722735386,0.0413324566857924,0.199255951343229,0.483153646410893,4247.40595911254,0.999359205746915
"L[14,11]",0.00752464813872336,0.00333385280136591,0.222997613655519,-0.428575367183303,-0.14443028129022,0.0125452505614466,0.161449422845777,0.437232606242507,4474.1196067198,0.999378459981312
"L[14,12]",0.00825655438515957,0.00309791852389824,0.22083008018638,-0.426519696504667,-0.146961863321952,0.0113605648674862,0.163052067568525,0.431771408486401,5081.31919831904,0.999949941365591
"L[14,13]",0.036226542340489,0.00354695130363666,0.229478950888804,-0.419260228692761,-0.122674867763911,0.0402614288548987,0.196181942355053,0.474075684886731,4185.76902055965,1.0002757284899
"L[14,14]",0.571413086514823,0.00313483456308075,0.127154697475774,0.320310339008602,0.485374123487966,0.573586699736857,0.662857265598259,0.802796362715673,1645.26388641418,1.00237426860593
"L[14,15]",0,NA,0,0,0,0,0,0,NA,NA
"L[14,16]",0,NA,0,0,0,0,0,0,NA,NA
"L[14,17]",0,NA,0,0,0,0,0,0,NA,NA
"L[14,18]",0,NA,0,0,0,0,0,0,NA,NA
"L[14,19]",0,NA,0,0,0,0,0,0,NA,NA
"L[15,1]",0.125909060152181,0.00362489233987329,0.201222305407792,-0.280151997383656,-0.00876908720190885,0.130877429535372,0.266074281613862,0.501684890616971,3081.49889206018,1.00078629622385
"L[15,2]",0.0873642809000014,0.00446304544780254,0.215703292897909,-0.349000717789606,-0.0613323221002478,0.0909343538872749,0.24220963227033,0.494169955591618,2335.88216844789,0.999570731998808
"L[15,3]",0.0576499616347462,0.00333588635368402,0.191951532095882,-0.326836096994932,-0.070541723114834,0.0579826287288082,0.192337613745542,0.421569942650674,3311.01137073004,0.99964107961637
"L[15,4]",0.0265023475136535,0.003697865860714,0.200819001537905,-0.371345517853474,-0.108134091579993,0.0239682837276162,0.161612701394271,0.423030074137196,2949.22088404881,1.00075326951706
"L[15,5]",0.0979673563248118,0.0036572533670817,0.209174030671527,-0.314525713701512,-0.0454870852190614,0.101947373524148,0.2499527572372,0.488777661112422,3271.1874651491,1.00034162514225
"L[15,6]",0.130395394609319,0.00370635120365359,0.211026592906727,-0.296350687163473,-0.00857450183758181,0.137186713746432,0.280736246148884,0.51924937382494,3241.76280784808,1.00006738826928
"L[15,7]",0.0948710615414639,0.00356727192049826,0.215018733837525,-0.328661182031155,-0.0499583548266611,0.0986787783538136,0.246478935330492,0.509422902401706,3633.12357213254,0.999817401134027
"L[15,8]",0.0131026086897451,0.00441178581796152,0.222521123217242,-0.409891661498038,-0.143536857972239,0.0162746758710239,0.17047463710616,0.438302891980539,2543.97972849531,1.00212023275636
"L[15,9]",0.0162657378672528,0.00377794657428034,0.212750130790084,-0.400160777874478,-0.131702299368997,0.0171359740901112,0.163271847963877,0.420355218624994,3171.23223500629,0.99993377745055
"L[15,10]",0.145461549926958,0.00563905389442101,0.220652827297802,-0.305984752042857,-0.00270299457869092,0.154850293546683,0.30239480710026,0.548089428850347,1531.11038625565,0.999828080818021
"L[15,11]",0.0582065713929186,0.00385166415767963,0.206063457269968,-0.346385670224306,-0.081711698871155,0.0580259276612623,0.20302304819788,0.456510118185886,2862.23402179886,0.999722956437501
"L[15,12]",0.0315441099360328,0.00400161857871093,0.216914767500818,-0.39327205569092,-0.118254451909212,0.0342328146426349,0.181595584841723,0.450365352555185,2938.37254774936,1.00179693312366
"L[15,13]",0.0281396378536847,0.00401686511136751,0.214730655447012,-0.37594647532091,-0.125611713731332,0.0259947782531788,0.177205922438243,0.448685769598904,2857.68005215285,0.99950035920885
"L[15,14]",0.0524711376923345,0.0037463398549243,0.206829890890535,-0.35205338070374,-0.0869472141285231,0.0512209007319215,0.196339228743953,0.462227829403991,3047.98103672085,1.00042473346
"L[15,15]",0.520664304646528,0.00261548252032648,0.125907876767656,0.271174393024175,0.434343449895045,0.521254879639552,0.61036736553636,0.762722207553182,2317.40615872146,0.999778394038815
"L[15,16]",0,NA,0,0,0,0,0,0,NA,NA
"L[15,17]",0,NA,0,0,0,0,0,0,NA,NA
"L[15,18]",0,NA,0,0,0,0,0,0,NA,NA
"L[15,19]",0,NA,0,0,0,0,0,0,NA,NA
"L[16,1]",0.179404215310435,0.00590517057552448,0.205818572991551,-0.246680288991883,0.0411913924693344,0.187951075254625,0.328084852215735,0.5568075192719,1214.79845637079,1.00108458877063
"L[16,2]",-0.00573751778060605,0.00384449502618182,0.208888969122335,-0.409891188020049,-0.147841844651634,-0.00683909361010202,0.138208552245299,0.393657133770207,2952.24507330742,1.00143909447214
"L[16,3]",-0.0383608494652756,0.00343884697572475,0.187539042920996,-0.402422307793102,-0.16965159245621,-0.0410145753449261,0.0880284236709655,0.341167901097501,2974.11453339407,1.00140957842913
"L[16,4]",0.0966885326555723,0.00371729300474668,0.204666908935068,-0.31172951715299,-0.0427333928733016,0.10208426301539,0.240599850661828,0.476386292744605,3031.38901243783,1.00017030115481
"L[16,5]",0.0556308180898883,0.00396926869303531,0.213217841592186,-0.367934483950625,-0.0915503630644142,0.058283710471956,0.203095016036078,0.460221365075086,2885.53328186021,1.0000311200733
"L[16,6]",0.152825054216605,0.00419182847504732,0.208709767854961,-0.259284747734483,0.0102143579182736,0.158977233852966,0.301612056562894,0.534853014627218,2479.01150918411,0.999894104660081
"L[16,7]",0.123810991338294,0.00368946949343949,0.214766810147255,-0.30868810901876,-0.0212988086816759,0.126808174855617,0.275590061386708,0.523458857680426,3388.4921675839,1.00055082023384
"L[16,8]",0.00955248406331227,0.00419348053078175,0.221402203424737,-0.42262624375651,-0.147436861208731,0.00768034704233195,0.163313951142006,0.433449947468844,2787.49832670419,1.0019150988165
"L[16,9]",-0.0354422510348132,0.00396241673964943,0.212357878850789,-0.446287846921728,-0.173595483346971,-0.034517305236939,0.109472256711219,0.375631066834086,2872.21177309304,1.00008026656679
"L[16,10]",0.00180687321511439,0.00405668796887083,0.214065572223929,-0.422395107722469,-0.141452958517271,0.00546140560351126,0.146989459303915,0.426587288271913,2784.52065748319,0.999967684591928
"L[16,11]",-0.0322636422675271,0.0039073450026465,0.215293739657204,-0.442093885381036,-0.179946123420405,-0.0357022718360316,0.115014883864456,0.401209791335225,3035.98264318744,1.0001688372267
"L[16,12]",0.0507476131445332,0.00382711678984417,0.216226160023725,-0.382933691128988,-0.0962529757658683,0.0606136923623547,0.204630080475816,0.443310000894125,3192.07465837836,1.00019269495467
"L[16,13]",0.00343406103467417,0.00412369023385291,0.215661659096687,-0.424945946674259,-0.145488501633269,0.00528999242118326,0.151341312365058,0.424311078999253,2735.103816051,1.00069417487398
"L[16,14]",0.00242290372875344,0.00380360468115706,0.211642691278864,-0.407050575054582,-0.142367526107236,0.00613559974703923,0.143407408392883,0.421847192780756,3096.10588195002,0.999797838641497
"L[16,15]",0.03397774577879,0.00446399800863751,0.216421895281346,-0.387421630224445,-0.115666538680447,0.0355514121833799,0.185756747203315,0.452455355669935,2350.46834983861,0.999687888908753
"L[16,16]",0.471490409489543,0.00279531384267927,0.132379067096848,0.218199402360844,0.377577165002624,0.470688024086328,0.563149707564612,0.728623099487632,2242.73252813986,1.00028174879607
"L[16,17]",0,NA,0,0,0,0,0,0,NA,NA
"L[16,18]",0,NA,0,0,0,0,0,0,NA,NA
"L[16,19]",0,NA,0,0,0,0,0,0,NA,NA
"L[17,1]",0.194883954477246,0.00462399033151509,0.205332898757473,-0.232382239175114,0.0594013735302295,0.208447144584298,0.340957329117014,0.568144810607887,1971.89253053937,1.00162457117252
"L[17,2]",0.0604039569877559,0.00405550128730053,0.206787175469349,-0.35145027793388,-0.0799581194720261,0.066969567559706,0.204085564780169,0.449359629470658,2599.90880704637,1.00086878107327
"L[17,3]",0.0217159367816809,0.00354813605342199,0.193904587173955,-0.36589990164141,-0.109519924976566,0.0199266242607401,0.153933072305203,0.406542494592707,2986.59021206121,1.00044571345693
"L[17,4]",0.112903595564683,0.00361493551217368,0.200724540197521,-0.275108177057511,-0.0254293189034672,0.115169410628078,0.253909942652251,0.484909342765842,3083.18677947634,1.00039614969836
"L[17,5]",0.108029761616348,0.00580222364406032,0.224972531755986,-0.336616699856281,-0.0460303833030853,0.112234002400819,0.260414908618011,0.539778180656581,1503.38447991177,1.00193098922902
"L[17,6]",0.0993736177730196,0.00425612915972973,0.212053730916651,-0.310568254094889,-0.0473902885658134,0.101983753923252,0.245167423636292,0.500742341546436,2482.3455588483,0.999905377042145
"L[17,7]",0.146686455229319,0.00468293750527205,0.220830954013968,-0.311661977570112,-0.00218539932011629,0.151701985436722,0.303871433537184,0.550928786816522,2223.7357247953,1.00160894461589
"L[17,8]",0.0533798513691592,0.00402278293534389,0.214132722418615,-0.364186248824727,-0.0973565791252076,0.0527032932161117,0.204537053310004,0.462838030028444,2833.43254988462,1.00125068555882
"L[17,9]",0.00374020582940504,0.00399258978507588,0.211506341875548,-0.403168588709648,-0.142080846668532,0.00349907269580199,0.148714620675698,0.416447843721076,2806.32138197216,1.00077878483624
"L[17,10]",0.0241376986956858,0.00407667035330549,0.210436859643648,-0.392534825118102,-0.12189309504143,0.0261621163594849,0.168572360130851,0.42435071247226,2664.60251975269,1.0017881683788
"L[17,11]",-0.0241369429052064,0.00349331886569087,0.207828957570626,-0.419518359949243,-0.169779217001613,-0.0259769332203513,0.116478810685482,0.387593064493151,3539.44900832454,1.00019675352397
"L[17,12]",0.0871316485368444,0.00530954722259575,0.215615353955618,-0.334907828080238,-0.0573539241957885,0.0886234968141893,0.238399536297122,0.50211090602447,1649.09012830395,1.00162411745141
"L[17,13]",0.0194569618432108,0.00366291997221158,0.213310685669622,-0.396802623619225,-0.129283501434959,0.0185745590225291,0.168582188544501,0.424346045855458,3391.3324300129,1.00100352858438
"L[17,14]",-0.0027184344509326,0.00383882397573773,0.208940652317888,-0.394572995894075,-0.148516485076738,-0.00162501320976616,0.138809606286243,0.404566002689263,2962.43953801834,1.00003910680009
"L[17,15]",-0.00508602615951999,0.00362012788006557,0.201195898436603,-0.390149320511964,-0.144855437954698,-0.00687835388546055,0.134413783660663,0.396433851694705,3088.80450248606,0.99972350922412
"L[17,16]",0.0490177080257617,0.00381958440462882,0.215577007811456,-0.376000431250543,-0.0954654316500874,0.0504213705841889,0.197019537428478,0.461710525923389,3185.46367063519,1.0000398034982
"L[17,17]",0.4030797409428,0.00283535902731904,0.132440667913264,0.153122551415343,0.311791710002997,0.399637929785266,0.49251373691568,0.668401349242818,2181.85862152933,0.999612905443047
"L[17,18]",0,NA,0,0,0,0,0,0,NA,NA
"L[17,19]",0,NA,0,0,0,0,0,0,NA,NA
"L[18,1]",0.166911588864689,0.00345191811654112,0.203953315757714,-0.256380723798638,0.0349068977916232,0.171499163816141,0.311622254365527,0.537536039538315,3490.92541504353,1.00094007044983
"L[18,2]",0.0294057204117042,0.00394829474910514,0.217016725239966,-0.401913298185034,-0.117861258236915,0.0332435525516056,0.178210438295713,0.446967762429096,3021.1151512531,1.00001889873371
"L[18,3]",0.130118299207662,0.0031420657019715,0.191672802907281,-0.248454110695932,-0.00357798851853299,0.137228862845277,0.26853417594876,0.488686421426934,3721.26384404089,1.00062722174047
"L[18,4]",0.0828451644592405,0.004296738510888,0.198830633440939,-0.305253695939021,-0.0521813504842279,0.0799055860529302,0.225645148085683,0.460789211582602,2141.35535305108,1.00077691788673
"L[18,5]",0.12162262435009,0.00376162302641626,0.211662892902545,-0.292809578035781,-0.0189669542754573,0.124543231513045,0.268106259685277,0.524161980230901,3166.20415539956,0.999816569602536
"L[18,6]",0.0938695465081322,0.00433645790799475,0.213243447050573,-0.337531785331287,-0.0460105291183748,0.0952321934041623,0.243522031570035,0.495684527947639,2418.13820091678,1.00154289003359
"L[18,7]",0.123610523262978,0.00438963471616173,0.220454905376981,-0.314616626793687,-0.0250678790192113,0.128389038444157,0.278871821517228,0.528524401525264,2522.21886606284,0.999391907556111
"L[18,8]",0.004615960535474,0.00367773865826069,0.212430989343511,-0.397888330681618,-0.143091396817753,0.00479686335531459,0.153663297855609,0.419760495959609,3336.36851215307,1.00031328492268
"L[18,9]",0.0567926664968281,0.00380253313863622,0.218020549183824,-0.372709027657914,-0.090454632427138,0.064123124282827,0.209388290584113,0.46280662495452,3287.37193688801,1.00059295138794
"L[18,10]",0.0175866080331225,0.00412976985696519,0.216849781394493,-0.395811060874046,-0.134546045567712,0.0180023744518565,0.172560933552403,0.425382175819922,2757.18734980315,1.0003262374624
"L[18,11]",0.0142925254222121,0.00366406445014917,0.215100050975807,-0.391149765975353,-0.137455693916744,0.0125413072205289,0.163127442665165,0.441810308270132,3446.31379293735,0.999528027573694
"L[18,12]",0.0391298094153717,0.00377070424931763,0.219841443243483,-0.383756841931038,-0.1120543288263,0.0369243882819306,0.190567735527512,0.465854796324146,3399.18023056503,0.999821986540852
"L[18,13]",0.015507993837434,0.0036623636642261,0.217376152426939,-0.403248071609839,-0.138237750423482,0.0171011439655142,0.165514462192791,0.44794191196305,3522.9044306605,0.999633295884601
"L[18,14]",-0.00656214391552962,0.00377585599485809,0.214997866001768,-0.421524741821295,-0.155732805134166,-0.0117716122031145,0.145298745603836,0.414243192131372,3242.18246979899,1.00012288093324
"L[18,15]",0.0222640782272898,0.00365534934371497,0.213938282953518,-0.39281697748898,-0.127981153885059,0.0207846029398269,0.172823539977704,0.435559658376168,3425.46262787763,1.00101050763336
"L[18,16]",0.0363488817213262,0.00369156086031248,0.208489375064561,-0.359191544554287,-0.102540244887372,0.0359715184342771,0.183531189064091,0.434303499676788,3189.68495290546,1.00064004798319
"L[18,17]",0.00484095206438966,0.00407819662412104,0.211724536817944,-0.401921006839758,-0.140530450619161,-0.00142921283304645,0.149948649663414,0.422839484063261,2695.293483494,0.999240773065343
"L[18,18]",0.343500544472909,0.00295355036062604,0.133130441419415,0.107698646936728,0.247644233362302,0.337229056384225,0.431992035431554,0.610850320815723,2031.72995296586,1.00131951089429
"L[18,19]",0,NA,0,0,0,0,0,0,NA,NA
"L[19,1]",0.0432796957379521,0.00336340768260642,0.196548510935594,-0.336530807740318,-0.0940045025872401,0.0429191419973852,0.178320973218012,0.42198056796821,3414.91967021409,0.999855965775098
"L[19,2]",0.0684726831266578,0.00426435569849223,0.210057590784854,-0.349494880188729,-0.0729890588577087,0.0738103617331976,0.216425663152256,0.460448802016374,2426.44199848507,0.999589940041661
"L[19,3]",0.177211748087016,0.00320121992509206,0.190516426191296,-0.201899779355166,0.0463681339968539,0.179970961558052,0.310592289671186,0.537682636707598,3541.87989037582,0.999883172417777
"L[19,4]",0.0939842458830291,0.00412783591205873,0.203858290621496,-0.305567070857086,-0.05089287376132,0.100098506095486,0.237553731938631,0.485895375284585,2439.0005957642,0.999372802926539
"L[19,5]",0.132188410434552,0.00396255746305417,0.207362807251982,-0.284461076654099,-0.00695858335621272,0.136075638187693,0.27900783816877,0.514593053015753,2738.48635246906,1.00026673767995
"L[19,6]",0.0602213006171902,0.00391082185952026,0.213061843855957,-0.351510674254222,-0.0925050088425023,0.0641417420625637,0.208073422475339,0.464660239208304,2968.07789324171,0.9998212007759
"L[19,7]",-0.0363330511470657,0.00614025182209786,0.22535783284949,-0.457909816557002,-0.19597001019364,-0.0438266088194303,0.1167779308767,0.41398661757506,1347.01660654841,1.00193212266047
"L[19,8]",0.00269588384477522,0.00391418359359178,0.215477540843777,-0.401620216462576,-0.147794078736148,0.00047475974895551,0.151807260383531,0.419954286796463,3030.55127543061,1.00169683114804
"L[19,9]",0.0103818400358229,0.00426129690107097,0.21968036426387,-0.414306368960523,-0.139058704262657,0.00539144394349737,0.157952015517481,0.440714559677184,2657.6567665415,1.00097876382219
"L[19,10]",0.137047306421007,0.00529794546655595,0.221004624777265,-0.306393862705636,-0.0181889333930635,0.140837216996107,0.296701863733266,0.548407098390233,1740.15428987314,1.00109988486302
"L[19,11]",-0.0205560464169331,0.00424483162505421,0.213418674505648,-0.428385457997853,-0.16945994981217,-0.0192256089078406,0.124223869658833,0.398193828106318,2527.80692948014,1.00051747212335
"L[19,12]",0.0371009861864539,0.00409451499844135,0.219338846082907,-0.390883215943206,-0.114909676521522,0.0345451874752377,0.190567646492852,0.449755284265978,2869.63179854215,0.999781372897505
"L[19,13]",0.0229728301480601,0.00378350179183908,0.214572656876273,-0.395894259299613,-0.125333972006424,0.0214956701379279,0.175676371208847,0.441312844552091,3216.33198432362,0.999490736987211
"L[19,14]",0.0295249418701387,0.00403659848998899,0.209773679097476,-0.371364649466245,-0.116448754276558,0.0311452986560605,0.174747314205986,0.444446864463233,2700.66604025579,0.999848603367695
"L[19,15]",0.0929978070844062,0.00399815142243887,0.213838551890829,-0.330453002935913,-0.0521128638751538,0.0988150008271753,0.240976310003475,0.494633359553026,2860.57627977972,1.00049162926226
"L[19,16]",0.0257458990452702,0.00420960972780781,0.213043628562138,-0.394453095244545,-0.120388047563964,0.028167059677544,0.174747785513659,0.436736120884289,2561.25861464849,1.00071164230231
"L[19,17]",-0.00696397383847911,0.00402087059910974,0.211227258508133,-0.427420014958996,-0.153346397161884,-0.00801495376286706,0.139562782182378,0.410549106353814,2759.68638758071,1.00098609651316
"L[19,18]",0.0334127744404631,0.00397356378861478,0.212151546994367,-0.379317584320712,-0.112143993650368,0.0330722302037745,0.180171890176653,0.43980480743218,2850.57208203118,0.999904305711062
"L[19,19]",0.270100178002684,0.00287562715615498,0.133018296115576,0.0496395030420995,0.167698057027602,0.259704965951553,0.361192853522202,0.553591913921909,2139.72326367936,1.0011820412096
"N[1,1]",143.638657735456,2.80360059714051,50.4527700440676,75.641339524361,108.135864212294,133.251891106633,168.703296664576,271.937004625701,323.8454082049,1.00630711395768
"N[1,2]",935.178363064124,18.07128846271,797.653975008972,172.965426480283,452.888495410348,721.720540281006,1147.70494193051,2967.57413372335,1948.27757082426,1.00057271472344
"N[1,3]",40.1650056623276,0.743389675468653,31.9591259313472,6.07719570101591,19.6007469129986,31.8845807974813,51.5981462228004,122.836120537792,1848.23306621864,1.00071426600932
"N[1,4]",26.7565166648877,0.945924722007886,42.5187772070147,1.79737337743537,7.55195994295616,15.2851506833369,30.205473800169,125.516713516761,2020.45126966576,1.00087081503268
"N[1,5]",1305.00826000295,22.8695849562285,1082.86333471521,226.577794962024,638.950896843089,1025.7198772975,1616.52746356747,4017.7550649084,2241.97482656266,1.00145489882522
"N[1,6]",392.402110004385,5.02100521153765,125.628330418084,213.485725004742,303.468517140787,369.373315424629,457.398590480359,704.248240570886,626.02810640639,1.00233003694899
"N[1,7]",1429.18598281781,17.1363173195953,473.262961509509,749.754344368464,1090.85416632401,1352.91950429245,1680.08701844271,2574.03856300643,762.728620352929,1.00124764726765
"N[1,8]",414.407987047793,8.00949171076191,360.373011377712,76.2616589558849,203.829476946395,327.538155354766,514.939122125369,1222.2223717002,2024.39196653934,1.00089698664154
"N[1,9]",119.746567382207,1.31882059285127,37.8386985711243,64.9573439663103,92.8890810732457,113.280784525403,139.880052460672,212.563341296021,823.191622266876,1.00190619024267
"N[1,10]",652.293103776549,13.5571235195066,667.625536312998,91.4064224045113,276.382758144848,464.000200857988,786.277061100234,2356.3913071441,2425.10626635654,1.00075920734049
"N[1,11]",313.079416677562,2.64340453703063,143.93946438747,120.368054106484,212.470267804927,287.048669545501,378.837886544474,661.746491350254,2965.05328492712,0.999279662975085
"N[1,12]",1540.83892291647,12.9153792295529,455.689568224146,864.977906979205,1221.58199945522,1468.45510972221,1782.36349360882,2598.29035552999,1244.86956117105,1.00248965500933
"N[1,13]",1178.12398354706,9.4263534533685,344.982839818732,663.231096464887,942.764786533271,1128.10243680341,1354.04175196902,1994.25648195129,1339.39152134848,1.00088395789831
"N[1,14]",57.0249098383293,0.579037359148402,31.4933384504947,19.3150731936162,35.8379165812039,49.6982305560253,70.054956609157,134.24048690057,2958.1775089183,0.999708623231364
"N[1,15]",122.317109098557,1.0885292600167,60.3454084433441,43.8669638551766,80.9004876816087,110.606467527774,149.745503031269,269.853954265977,3073.32329092942,1.00052672633339
"N[1,16]",252.597617344474,2.09789895154399,70.8000506593569,147.63495805227,202.016595399453,241.488230324449,290.743336083605,425.822940830746,1138.93255012639,1.00070485947279
"N[1,17]",241.913040158031,3.21780917274039,82.6074392062082,127.829256296666,184.314131464435,226.951430385098,282.039231428579,441.81839389859,659.049064895594,1.00402266350783
"N[1,18]",5571.6874881036,68.8606723834823,1692.73710774558,3137.73943347246,4375.6895777112,5266.39225415804,6443.72806568746,9660.56594958668,604.277622134299,1.00187662299768
"N[1,19]",644.400947312065,3.26888339112498,177.322026563386,372.731588206435,517.245779112397,618.890888198497,746.271546189838,1066.85295225512,2942.56804964119,1.00063382839
"N[2,1]",261.957832043241,0.829986751641076,58.3278094730461,161.698216010412,221.155633438112,256.592255499615,297.541135489387,392.000563684599,4938.65868689379,0.999667005987913
"N[2,2]",1030.1412648287,18.0188902419961,791.996449488488,234.459905654384,537.270151851916,832.585848012706,1271.40185002538,2989.60764280159,1931.92556518408,1.00059772218109
"N[2,3]",43.4420964081917,0.614095047010979,26.2377874694975,10.3230706509524,24.9767056272204,37.9784738850244,54.1608792959418,107.989864076259,1825.50585657217,1.00087451973516
"N[2,4]",28.3805380689506,0.952825844900666,40.4237437698366,2.16522052755709,8.48598461541324,16.9261936713036,32.9539353494157,129.93751097534,1799.89018016776,1.00037925358137
"N[2,5]",1621.10753555043,37.2987866405304,1920.32869960388,346.20818185545,851.301360272126,1275.01773989879,1937.03467923554,4684.92546913203,2650.70707304392,1.00094827449303
"N[2,6]",620.860954184695,2.0376283928868,148.519953050616,379.950561123678,517.410260629497,604.54203298662,705.098649431973,958.161802186635,5312.75317339326,0.999432988166075
"N[2,7]",2429.20077727815,11.6259392811993,637.490432562086,1395.75958021825,1984.16488736396,2359.99489633804,2778.78184633556,3875.86447391477,3006.70792074828,0.999253004899563
"N[2,8]",457.119625421712,7.15757555118428,338.561382072008,100.916519583174,246.651839648027,381.535874249793,573.580628622084,1299.6090830637,2237.39650858816,1.0000442953432
"N[2,9]",166.009819529341,0.617019667440931,40.6853895285014,102.353496610372,137.281707147774,160.160784524288,189.861343587566,258.895033723634,4347.89394403595,1.00016408579443
"N[2,10]",805.708839377711,16.9333827981045,825.522606328428,123.779507468011,347.213982947446,580.08668265572,956.1316066413,2900.38130416413,2376.67878089257,1.00082624543189
"N[2,11]",333.120538330431,2.16036934554316,134.278774742437,145.200495786064,239.597152691313,310.07674373621,400.274987753061,663.07217724747,3863.30260608792,0.999357371441663
"N[2,12]",2082.55904778715,7.89140535381516,514.097981055257,1256.43476483947,1729.95331174867,2024.20060096987,2355.18030399071,3288.63293906433,4244.07541393511,1.00003225888682
"N[2,13]",1526.41687106001,5.85363356244906,372.778346610723,937.612479192255,1269.48229778086,1481.14282779936,1737.42279193596,2382.29762857522,4055.55496075151,0.999983330864214
"N[2,14]",71.6783980027379,0.817358215443853,33.3311187953864,27.026515646074,48.7095197462666,65.6325263134832,87.7446222743787,150.525456705789,1662.93363896546,1.00262494914565
"N[2,15]",168.672921853984,2.13562203110264,81.157936981191,61.4242410850088,112.423880981461,151.236371369209,208.634002185548,367.986315077324,1444.15302024348,0.999813047650952
"N[2,16]",362.571511899289,1.26736741003251,78.8798280261648,231.76218496387,306.139189007644,355.640319521719,408.484122625051,541.318901819292,3873.70763692726,1.00011203463402
"N[2,17]",364.591083419697,1.45219584794011,93.0869889433659,216.106328282092,301.928380996957,352.721603840394,415.349709882332,586.874328883366,4108.91903463235,1.00004633227825
"N[2,18]",9500.90601987112,49.6401458090443,2169.21151139747,5857.53479754251,7973.8471500779,9282.5868362533,10829.608016394,14380.8496908655,1909.57932497442,1.00118638713537
"N[2,19]",789.260962830205,2.84911793161223,183.953521789944,492.828909153211,661.33624197583,770.549739697814,893.886276233408,1214.03889524112,4168.64931093335,1.00061222831533
"N[3,1]",410.794093086066,4.51719766700453,108.459261917289,229.679305489289,331.954313681516,399.678453438391,476.985927577525,645.133731378704,576.494408003533,1.00256614505807
"N[3,2]",1132.2418437781,19.4005089972434,892.699914681835,274.820343296739,621.205919461419,929.691794765493,1379.42908830906,3144.98547438563,2117.31140967258,1.00025530853843
"N[3,3]",43.1185959624408,0.709367045168524,21.8765311078848,17.0687979201598,28.1924891005185,38.0572934184655,52.8309147171101,97.2154251861547,951.075292241824,1.00237647657405
"N[3,4]",29.6859182396133,1.13236804991694,47.0014562194136,2.25249077986281,8.44280690330042,17.0899501954252,33.3350585048913,130.194817882535,1722.8497850206,0.99992042947892
"N[3,5]",1864.52995720992,30.6833585411504,1464.99373146548,427.037634354872,1026.87613729941,1491.27123617836,2262.78800645603,5440.2112314863,2279.6372400333,1.00128968479058
"N[3,6]",922.473198328681,7.28846156257415,236.399642069289,543.625310395221,752.929562582628,900.380817496998,1062.66870574099,1458.47740302353,1052.01490691057,1.00106579040588
"N[3,7]",2981.92635193978,17.7027288513826,796.337483215474,1706.11167785825,2419.21991153298,2899.47053234044,3427.15791776172,4838.26096829269,2023.54972866072,1.00056000169454
"N[3,8]",507.797394646204,7.63197037782781,357.587885227898,121.648949164899,282.242212691139,417.874727521354,626.464373805226,1398.03694437306,2195.29173113675,1.00043932345482
"N[3,9]",217.797646606558,0.9236096744634,54.3413681405294,128.286054102525,178.597422987251,212.082107325217,250.647820385982,340.418160456847,3461.6582485623,0.999969945141867
"N[3,10]",972.059068598534,22.207714734282,1021.8621052395,155.738019945481,407.042636602452,678.625255761747,1149.3983108097,3599.64901331707,2117.27294398175,1.00125217067761
"N[3,11]",363.529626277203,2.87710653933705,154.652842080992,138.327579001582,257.765869841683,338.759372859596,436.159258989452,736.235166212465,2889.37507981295,0.999991663369794
"N[3,12]",2857.96286335244,19.0648915965796,783.589326851622,1595.33683907017,2296.56233053991,2770.46912352393,3325.9765814881,4626.56235036679,1689.30607322025,1.00214619948155
"N[3,13]",2213.86347574853,23.2033113414363,643.476170064033,1180.82069797938,1749.76394764189,2139.87319588079,2578.0968007273,3687.1116782443,769.068461147561,1.00330095687352
"N[3,14]",84.3979308407425,1.46484720911114,45.8820811454565,29.8626708756549,54.3182620756745,73.4371432125185,102.551169367172,201.536618045802,981.073536880521,1.00099457385904
"N[3,15]",197.222203012274,2.95676700666432,101.450442420129,68.3007833645183,126.414600964333,174.322473429042,243.656667547358,455.645780594468,1177.26351190595,1.0008816212384
"N[3,16]",484.94442683906,4.8947978966323,124.628867001378,278.740638760837,394.257226484493,472.920952310813,560.748898915432,761.093605012815,648.287673851721,1.00189382672002
"N[3,17]",475.774173803572,3.27989949928797,130.769713205852,263.60130601331,383.491311050428,460.137759278944,548.469898686153,774.602257030894,1589.61982152234,1.00018592651765
"N[3,18]",10998.7487448201,44.5452546353304,2450.99865828155,6896.37969784841,9262.29335875079,10758.4394142693,12458.129465229,16609.1931669469,3027.49375051777,0.999815247865576
"N[3,19]",941.14639903605,7.64750917779703,236.494661819025,569.34734681009,770.147357704869,910.214834780187,1086.50286403146,1459.83168663307,956.318749905249,1.00177606940943
"N[4,1]",370.57610949461,1.35161251649468,80.6132058223201,238.04819665066,313.532424622691,363.028873313825,419.09375323154,546.114412082059,3557.19747411153,0.999888927214561
"N[4,2]",1053.07277654986,11.7978857623709,617.771551022467,327.841431651697,660.400859623394,928.094398130715,1284.65444151647,2529.40026343139,2741.8736393687,0.999702177007876
"N[4,3]",88.216505935388,0.419438676997283,27.010461672646,47.353181970307,69.375700655197,84.4259864421667,102.181969814774,154.83871411748,4146.93344223289,0.999961993818343
"N[4,4]",29.713834665878,1.10856545559598,56.7190128587638,2.69541500492082,9.28051587944227,18.0414732505682,32.6829712594976,124.051107051289,2617.78903930575,0.999661427202912
"N[4,5]",1735.89689684009,18.1950219033624,971.765819956022,550.595450831994,1112.76179949236,1530.05941422593,2109.49184269468,4239.51321758334,2852.45021699709,1.00140253290186
"N[4,6]",925.51360864854,4.21921400118354,218.643907096501,568.377001754174,768.869266333068,903.928144236366,1049.89755373731,1425.78425064968,2685.41649153781,1.00048882250943
"N[4,7]",3135.11498864859,25.860044236698,839.87067448567,1782.42227161022,2535.02012109982,3028.78067413781,3626.5439283501,5057.51231469042,1054.79073854755,0.999458475354759
"N[4,8]",478.560242000509,5.22869100049154,265.832380434352,147.647041215858,298.559263471568,423.02971241734,586.893601755021,1171.5591401341,2584.81702933556,0.999761721480461
"N[4,9]",231.369686007817,0.913173456229487,55.6186277538618,140.718485905283,192.909760507363,224.767174256519,263.697638057005,351.205208400626,3709.65892127912,1.00024212010904
"N[4,10]",953.389214941164,19.9994516689091,971.575391418753,159.568182613034,430.040408301962,688.082363981812,1152.08861261736,3338.42888901803,2360.02625882962,1.00198493319648
"N[4,11]",556.390722094751,6.74277808970237,251.886085632878,235.240741098987,388.840447748599,504.725237625206,657.443565493176,1220.16318769667,1395.50250687793,1.0015817087683
"N[4,12]",2911.08724732437,20.9701026479963,1124.33923875265,1371.88672084354,2136.01301528704,2701.51289781708,3459.45783437353,5661.9685332865,2874.70723780792,1.0011330509883
"N[4,13]",1932.83464861679,15.0797520063346,725.405922113721,928.969158162996,1421.15309150967,1802.23430337111,2285.08846486858,3658.00453722259,2314.055627497,1.001267648633
"N[4,14]",77.2409897582609,1.17789872957636,38.2529847221137,29.7345216442182,51.559909407408,68.4745318095331,93.0145129717432,170.968573455701,1054.66551842388,1.00279887163303
"N[4,15]",174.911286783529,2.77240461205495,87.5575010499685,63.195019372667,115.122888001174,154.832169395437,212.468721676187,400.693489355866,997.409477762522,1.0020429084437
"N[4,16]",365.837948315742,1.6141630432992,81.006776870389,235.433189693198,308.529167371916,354.703745556537,413.219785862781,552.338100342874,2518.53450745139,1.00124565045477
"N[4,17]",441.222000021836,1.88611541212081,112.645260202507,259.689765571484,361.862113196613,427.81052777493,501.557361641526,696.403142867343,3566.88672398312,0.999853668288586
"N[4,18]",12011.3493048409,46.2678806364904,2602.25179448286,7586.68284691258,10177.5708564432,11753.4176609237,13551.2669173995,18037.6658151208,3163.29300055355,1.00005441601569
"N[4,19]",747.151664490393,5.10204531736106,181.298262912718,458.131643664014,619.381072712997,723.231094563939,849.559766632639,1159.28160983351,1262.69558624459,1.0020069238575
"N[5,1]",333.344033302908,1.26907808110833,74.1655981546166,216.54771070989,280.744392649166,325.284055928687,377.147076486894,502.735924036717,3415.29577538738,0.99998031398995
"N[5,2]",942.551192175115,7.17858412398486,412.366523315016,367.541912877536,659.946113805882,862.300120295699,1134.72773036534,2016.73121699295,3299.81212607988,0.999785312666402
"N[5,3]",118.926554698624,0.530393272666519,34.3802734174037,63.6712003617062,95.6278346608759,115.23252398578,137.276465042999,200.24889548869,4201.67675866774,0.999711685004323
"N[5,4]",29.3431735815131,0.811975834306313,39.7781062938117,3.03971397359603,10.327241737141,19.0754405765353,34.4085725925701,117.614990744586,2399.94892669622,0.9999483603774
"N[5,5]",1536.34935934232,9.68686929591405,580.888634490225,691.266749092567,1127.9992805765,1444.53733641469,1824.49014056519,2983.9733866743,3595.99334052124,0.999835348954375
"N[5,6]",900.573237921032,5.12181201047116,222.914164750381,533.645443208532,746.339652725884,874.639417026743,1034.64985850437,1386.43741424367,1894.20973165796,1.00038913007698
"N[5,7]",2179.42070396712,16.4809042120028,581.065664722538,1247.17408381438,1769.232431976,2114.10412955396,2518.54345245011,3518.6714503101,1243.04930998603,1.00252202572031
"N[5,8]",448.301653881048,3.7866173903832,210.902307024282,164.028335115381,304.715136788399,407.941545474492,538.693783636628,977.792134357424,3102.12869266437,1.00078445545809
"N[5,9]",229.100795396065,0.859611101513759,54.1173120270815,139.683151219194,192.006402502038,224.273367088654,259.988761369276,350.576801786458,3963.40454880164,0.99951561603631
"N[5,10]",900.893527032367,18.1331122280667,836.606440183039,166.402401530217,426.133041641916,661.840810325732,1079.25775683173,3109.0838533958,2128.61789054954,1.00224664627416
"N[5,11]",552.677791179209,6.00721334038672,241.605304705639,239.6070184579,389.92910667678,507.942380783711,658.745847483434,1157.42522280155,1617.58391374554,1.00117958445753
"N[5,12]",2738.62398462857,20.6326319207774,1154.72882901376,1170.74588585524,1955.89277347607,2521.7162839489,3283.58400321478,5637.50789042921,3132.20916484167,0.999440760658475
"N[5,13]",1649.39696900372,11.5866306815691,631.597641060062,746.584893869406,1217.22304708632,1547.21568483046,1954.56579656225,3177.65999305242,2971.43798019188,1.00112319443044
"N[5,14]",62.5350970976184,0.443061034358641,26.5392146987413,25.1849166255411,44.4916994164448,57.6644383153375,74.9482223006048,128.985172016703,3587.97180475659,1.00010279948425
"N[5,15]",117.972907376494,0.836942480813519,47.7924631511903,51.4014691533379,84.6889914556603,109.715778940278,141.979567035077,230.721045444979,3260.82584127001,0.999629164553513
"N[5,16]",362.310387573663,1.32130362903966,80.8994205417471,229.845217679505,304.972111546604,354.151229651168,408.748262609389,549.395073545287,3748.74212281265,1.00064825311528
"N[5,17]",360.641946528743,3.4018948150903,102.6882703305,200.915945432011,287.409666706235,348.322267707001,418.693741362955,591.861615106664,911.171054287061,1.00155225689116
"N[5,18]",10622.2454672173,67.4615774767431,2398.78623028621,6762.94735215523,8945.63503119476,10367.690746423,12045.6214213368,16002.6495285665,1264.35814301718,1.00091618752093
"N[5,19]",855.070057109654,3.15382839971295,195.552544661856,535.385679544909,717.546455392803,835.067822513877,963.222771561021,1311.48595770219,3844.59701224674,1.00046927735739
"N[6,1]",382.447481685561,1.47194086681865,83.3961886126535,244.258044194424,324.480341470612,374.093799336267,430.582453514307,577.51652392888,3210.04913050923,1.00026135294158
"N[6,2]",906.750609128414,4.24802659904657,271.535308893446,488.152533521499,723.594479875552,869.066099926684,1046.55276851935,1554.91682599946,4085.80999672576,0.999437165690766
"N[6,3]",171.218191168403,0.956845342190997,51.6019162543416,88.4532623976286,134.917250171268,164.644588366793,200.637017685255,291.769132139679,2908.36001336389,1.00065842913745
"N[6,4]",33.1130037692084,0.868836348938618,42.0299187846459,3.77777596430695,12.3923607753255,22.7634960863194,39.2187805299375,128.626251709737,2340.13621583874,1.00034319251546
"N[6,5]",1811.91278712324,12.8357128507889,613.39786763847,867.93536012383,1379.98236136957,1733.72328037346,2157.75874499323,3255.34351638164,2283.72884867609,1.00008068540582
"N[6,6]",747.579144343307,3.00216592192812,178.831635486844,461.366357867969,623.787535940512,727.574217633233,849.039506079207,1149.86566277409,3548.29169648151,1.00030193318468
"N[6,7]",2742.2462365748,13.745652856403,667.246757467309,1643.964515923,2275.57634574826,2666.55898959871,3127.88840311399,4243.44793807066,2356.36303155667,1.00181634041972
"N[6,8]",436.78645176632,2.30362146657794,145.330653631567,220.579264628849,334.906986678767,411.000642889265,516.815850915214,784.460836269197,3980.08383354027,0.99974097147436
"N[6,9]",266.899628413437,1.19955977340757,61.7864951192932,167.352058164833,223.540982337942,260.440024627544,302.981230330804,406.265947711688,2653.0371631897,1.00027171394251
"N[6,10]",933.054483313605,17.8999892036562,875.08642067325,197.965652473189,471.296284394587,711.912397312227,1113.25127778174,2929.19022754852,2389.99147155182,1.00105776920253
"N[6,11]",536.705396037745,4.32725013409813,215.243463794536,241.540228106311,384.92489386589,492.210219351319,645.466341065102,1076.95054780284,2474.20650553187,1.00006471312019
"N[6,12]",3096.67062814614,26.8228884316309,1299.13449471299,1368.64338809723,2200.34682463988,2842.86180157213,3714.76662851825,6230.03755661907,2345.83327493663,1.00050117214636
"N[6,13]",1561.96297498908,9.01124353463742,545.354805752437,783.071853391705,1185.07484296121,1476.11131806164,1823.55048532073,2922.73893933689,3662.59446917071,1.00083296322632
"N[6,14]",53.9439597335389,0.45714146044795,22.8124231319881,21.7821883870001,37.9181377484219,49.9640647650023,64.9988598375762,109.980566798546,2490.24234643816,1.00151997250526
"N[6,15]",117.156963354759,0.995279896800666,48.408806235782,48.8351949654358,83.3857739951868,107.430489384128,141.483492118114,236.842134479488,2365.6924399351,0.99990906449215
"N[6,16]",422.768948636861,2.27444860235656,94.5877822553474,262.342763410131,355.686432786647,413.358502013941,481.447322004797,629.851812563421,1729.48910922827,1.00118834842166
"N[6,17]",503.289886861266,2.13369306596686,123.474843005156,303.071903139922,416.325431201721,487.81505515157,576.061709446012,782.456394736708,3348.82978406077,0.999890114030499
"N[6,18]",15033.9806495656,122.747965655858,3518.60392325048,9310.2280785513,12488.0553695097,14648.9540373361,17131.9889963235,22914.4640974234,821.697865670026,0.999616821599063
"N[6,19]",1006.26217364552,5.13118930209163,236.568066792278,624.911258923558,839.555335411847,977.470283389766,1143.1215585455,1546.75835522163,2125.57369827313,0.999841853081084
"N[7,1]",399.890927730688,1.50576619509201,90.4105809211067,251.324913080979,337.686631638023,390.838374784671,452.740567502047,600.051093096136,3605.1507851214,1.00019902164199
"N[7,2]",868.232685847475,4.13694044945755,236.863694123862,493.648848871204,703.236274513928,833.480710148918,1003.26383249432,1416.8698231312,3278.2227345387,0.999764756166909
"N[7,3]",217.947898240298,1.90969439813335,72.5148961033027,102.681177146705,165.272264499853,208.890426602545,261.343023613773,384.223969487243,1441.87200524604,1.00172057517977
"N[7,4]",33.4548413329396,0.74338730162967,37.9521646556804,4.5209826719269,13.9146765748024,24.5798637632638,40.7325933627313,120.590457648836,2606.4105596359,1.00010399715932
"N[7,5]",1624.39586401075,8.60826656374014,529.554238073136,813.104054797044,1248.69644515349,1547.28942733059,1912.45824233066,2913.05268900576,3784.33419806704,0.999279691778189
"N[7,6]",795.501400997877,3.18947533047204,188.725351146643,485.62759562073,664.055145112539,774.521855313066,900.738315644592,1225.59587306974,3501.24087084923,0.999714182974051
"N[7,7]",2827.68495707795,14.5312743600385,737.889556691655,1664.35990869055,2316.23700327561,2740.81587684343,3245.54676410473,4521.96119745034,2578.54860673364,1.00086297011727
"N[7,8]",512.975790144858,2.39705752763655,153.957718544813,272.761714567019,404.206681644813,492.168631826351,596.648868860178,886.297471466106,4125.20960000448,1.00025321167855
"N[7,9]",254.804960684303,0.958410562326877,60.9337900342077,156.80803663147,211.908431537285,247.471813552812,287.97813234188,396.0789910796,4042.15721521547,1.00020492278289
"N[7,10]",871.887601112302,15.116334900657,761.888613925137,209.617763595142,463.995373263964,695.6071350175,1060.83077804971,2420.94763508298,2540.3289433071,1.0016184029166
"N[7,11]",490.404147525871,3.00587181319427,185.382327884732,226.569668593968,358.764209948687,456.684700125717,590.798315660462,919.921060892811,3803.60798855605,1.00033238119354
"N[7,12]",3076.02586684431,24.3768002956594,1246.74723417287,1419.31262054021,2226.70856979211,2868.2593906317,3656.70487637498,6039.35279226544,2615.79332985786,0.999873438522926
"N[7,13]",1374.92740820031,8.66027949773932,367.394288806509,802.717250763865,1117.38909420062,1326.91172995594,1579.30420856124,2237.25156003504,1799.7035975495,1.00072878691408
"N[7,14]",49.2341867439557,0.518762288736724,22.1883345973883,18.5763112236915,34.1482437778613,45.8530066560288,59.8566640729828,102.438214573338,1829.41660795681,1.00006262963318
"N[7,15]",87.531555126709,0.686665405770373,36.687781971478,36.9062326323413,61.8191143766122,81.1674244956248,104.541746742004,177.410418615276,2854.64808243265,1.00139703385103
"N[7,16]",412.964771942267,2.39066089728303,92.0785410524022,259.240516946334,348.430005670885,404.146118897823,466.633973762534,618.50415813242,1483.47729163795,1.0018080002696
"N[7,17]",494.958362677465,2.75364094404861,130.228215309494,286.197757410585,405.640297950191,477.691816597361,567.922697658129,798.199694559696,2236.63726565237,1.00051674424114
"N[7,18]",14964.8868769424,94.3209388816661,3403.4030447449,9351.97313678105,12574.6810541132,14674.7495909451,16887.8535860899,22861.9051624476,1301.99865575224,0.999920829903652
"N[7,19]",942.687630361832,3.78247091448871,216.544076865618,583.115222778457,791.995204835852,921.811332078102,1066.5819876146,1425.23320438957,3277.49036442265,0.999647319491571
"N[8,1]",417.372450267975,2.43011826665977,95.8258014636413,255.472495443678,350.413459954172,409.957399667816,475.408726808165,629.941785446639,1554.92734331383,1.00038452292691
"N[8,2]",1101.29599980697,5.06213952457099,295.279230737106,643.574448141748,893.680061355941,1067.76204114458,1268.58798357822,1793.76591662265,3402.49565421408,0.999840664864811
"N[8,3]",221.32639023359,2.04420437401114,73.8416961139125,104.8626976781,169.215331191852,212.513570354066,262.200981796416,391.171471473044,1304.83230665411,1.00167145558352
"N[8,4]",31.6225812149941,0.602886581455122,30.5464878868327,5.08623751434961,14.4488392449854,24.4068135658744,39.188219585835,104.988394126845,2567.15051371926,0.999950520235775
"N[8,5]",1967.7597011791,20.435524873648,677.337157332555,937.695817939302,1482.95412031002,1861.38634349744,2347.42461035475,3541.80945285798,1098.59649219533,1.0016450669242
"N[8,6]",838.694057944395,6.56056324612199,202.970103116759,501.781135358968,695.359903300307,813.999046870735,960.74283614438,1301.86328059433,957.154160659837,1.0012982834078
"N[8,7]",2862.36110027519,22.3940004531199,763.262293837228,1626.45695306479,2315.99046184818,2778.69728273767,3303.86303305218,4599.00609829779,1161.67395120394,1.00142848963573
"N[8,8]",481.47892564692,2.08930163848338,138.54358913744,262.632290845548,386.0464520023,463.25879477884,555.573578403321,804.980351667538,4397.14289307599,0.999446788996953
"N[8,9]",290.511370341651,1.2158170995803,69.3519185013834,176.244452594112,242.453507029298,282.180354680068,329.752949026885,451.518666155457,3253.72215820441,1.00012066150874
"N[8,10]",902.299367368208,14.8671830736011,653.823223940682,255.621655099509,510.791363884745,750.010538834102,1109.5966342033,2389.0124862961,1934.03044712832,1.0019536007705
"N[8,11]",466.8866460702,3.03511748348403,182.625689276823,213.832758333752,341.267305810215,435.415773943179,555.744269057377,909.005558973908,3620.53477587539,1.00098971264548
"N[8,12]",3448.10625550286,32.1474996991604,981.983690630231,1866.71212042505,2758.77962037019,3341.61203683213,4006.19163513022,5701.03659085463,933.069831447532,1.00069017649716
"N[8,13]",1712.35864552287,12.7292027282552,424.087365610321,1021.56301706653,1408.19133481318,1665.92686765697,1965.00359218838,2694.72577214752,1109.96238622777,1.00196364483304
"N[8,14]",54.7785190204718,0.371450399364922,23.190695888883,23.0901293781882,38.6719170438646,50.338641725344,66.1692306843414,111.117334486062,3897.85700185911,0.999980188726963
"N[8,15]",89.6587344858667,0.749767695445637,35.8336225846222,39.0128304000346,64.9278218338651,82.7893613491097,107.504480590963,180.12591105787,2284.16767662653,1.00009262523564
"N[8,16]",345.329943647286,1.38362248696364,74.5153439127481,220.328420329012,291.573280572693,338.617687101919,390.4042311503,506.470143844517,2900.3886509801,0.999905624566333
"N[8,17]",660.774117553228,5.60550282677509,178.960801618282,377.767899918301,534.365316294263,639.905174199969,761.761753804861,1062.53392112745,1019.26398979186,1.00029889481175
"N[8,18]",14483.3257642054,106.697704334169,3275.98517729352,9038.33655536193,12144.6935689395,14156.8839616233,16410.0120007765,21857.6522783106,942.70043023597,1.00162963743686
"N[8,19]",1020.29348801542,6.81182690819645,243.94660487683,619.216370282611,843.736755731118,999.268872451632,1170.71429397102,1557.82361665488,1282.51469166007,1.00115771197469
"N[9,1]",282.108012109797,2.10970191246184,66.5615449443659,177.328316797626,234.493810098498,273.84128127442,320.638736647182,436.412704784152,995.415947514337,1.00007726263384
"N[9,2]",1179.1330258798,9.49780035495505,327.7374622492,667.229515868275,949.961594975442,1136.56904370397,1366.10240501806,1922.16914726511,1190.71027212652,1.00077942230276
"N[9,3]",148.279272875767,0.659158203661107,43.1946375948406,82.4899841009559,118.358877927451,141.715738591497,171.605863906154,250.075905757546,4294.18100118988,0.999233045091433
"N[9,4]",27.0268553134927,0.389528726574111,20.6394726138672,6.13501567528785,14.4593296291756,22.4132826948332,34.093224310294,73.0723237024429,2807.48994513118,1.00064657115457
"N[9,5]",1544.92878326715,9.11119570732657,501.938140724536,770.661465587254,1201.61238259995,1470.97386929951,1807.88365621916,2714.94929464545,3034.93675045957,0.99941495332805
"N[9,6]",490.737917842479,3.48384536853651,120.156807214748,300.669627596833,405.341635397203,476.009197546837,558.228903439886,768.052767490187,1189.53991311381,1.00054540777487
"N[9,7]",1685.62987008118,14.5980739529565,464.612608231413,970.434721649889,1350.39013692064,1622.26242383346,1951.78908341153,2735.06308700827,1012.95665806636,1.00197572931373
"N[9,8]",541.37788361987,2.53912041335429,153.512948700774,298.119480667681,431.822040838262,520.715220136823,627.732029693619,886.690703202991,3655.30342607766,1.00023386994578
"N[9,9]",282.560457341763,1.21822868777066,68.6747887499231,170.161381410556,233.769643372338,273.836061456597,323.629740806555,437.116735369434,3177.87653004459,0.999264263293973
"N[9,10]",652.294706148245,6.32827344926895,318.197941893554,257.383611130439,435.85560350889,583.147249639694,787.634593222273,1471.27459231431,2528.27469811481,1.00293566149614
"N[9,11]",377.929816326228,2.29475002891836,142.111629908254,177.268860578406,276.929022738543,352.825012307494,452.993346807545,721.123799932035,3835.20402942698,0.999727636588047
"N[9,12]",2270.21366564222,13.1109663857588,579.809708312205,1372.4632546613,1868.88298537159,2197.17036079665,2579.11421159931,3603.68592213345,1955.69694753438,1.00142190767751
"N[9,13]",1339.21963032736,5.20674411392347,312.143406593789,839.552966173021,1118.54593679998,1300.35831995515,1518.15593600318,2058.06223203153,3593.98170507552,0.99953926394508
"N[9,14]",46.9603464560106,0.381481760616017,20.3737960555908,19.7432906504678,32.9985517860881,43.3536193533996,56.1634393485893,98.43119689713,2852.30755558472,1.00040627616267
"N[9,15]",51.1091494055859,0.67725553691025,23.9565864106329,16.2810812185511,34.4191215668071,47.8206732777026,64.1428155497202,106.907957919089,1251.25187666141,1.00125364868777
"N[9,16]",201.256120504025,3.21822698406499,58.0921667862161,113.747685024919,158.662071632631,191.795047756996,234.806207309715,338.070208833423,325.838056893051,1.00185506296883
"N[9,17]",470.649259948993,4.22133536727431,126.214950540242,265.553912873602,379.814756211347,456.560928018808,542.925562631826,757.429382391007,893.967828750273,1.00265829783925
"N[9,18]",9911.79168967638,37.4247446442727,2133.92251150163,6403.93161395537,8370.47952974997,9679.69834637586,11210.5707352981,14660.5236367497,3251.16939785977,1.00070063148739
"N[9,19]",773.892324857447,2.85966691609694,175.585244221225,490.694623584691,651.324783196564,754.243954736743,873.651105892438,1167.9526642429,3770.03281175055,0.999308451595865
"N[10,1]",323.618490446917,1.23161668152178,71.261855719184,204.484830120536,275.243812671476,316.329547944893,364.282990268132,485.744853090163,3347.82794393949,1.00014950527204
"N[10,2]",1136.20556526222,8.71686417817538,306.125825118221,655.492138846957,916.079595812561,1100.88044985274,1307.31790932117,1837.07309023556,1233.33023767084,1.00144385283739
"N[10,3]",108.258352205249,0.50400463947763,30.804034260956,60.2924585398001,86.8411335996921,103.797945852774,124.610486601776,181.493446098925,3735.47751858168,1.00041683833237
"N[10,4]",25.595754140716,0.292852703532101,14.707526437454,7.48097703660349,15.9431664414754,22.4163722867169,31.7387980427246,61.2083474693897,2522.20742654751,1.00191226719813
"N[10,5]",1558.91659234656,23.23926163624,607.916747960177,752.203224372996,1151.87155020265,1437.84201538921,1813.02870236258,3173.38418532006,684.295313493811,1.00190108337239
"N[10,6]",524.164889137327,1.94642409805421,121.234831288533,327.264080003207,438.612229743435,510.69431980215,592.773254565774,800.202592889035,3879.53683063966,1.00070277183382
"N[10,7]",2105.84920707799,11.1252770030005,526.645403668927,1240.25597269929,1738.04573393285,2047.91962499581,2408.48403046746,3296.92624176457,2240.86106216583,1.00041573859156
"N[10,8]",627.556413807461,4.59024460474985,189.826672536319,333.459870632229,494.020024574122,596.559320624044,728.755286786784,1083.63848126599,1710.18389577196,1.00183257246779
"N[10,9]",281.85147123959,1.57250059807746,70.6577351679698,168.713138354097,231.701305929988,274.632669224942,321.17425537559,447.619595092997,2019.00682342146,1.00045577679507
"N[10,10]",620.752026428985,3.61615052037155,183.169381078598,335.21611560772,490.956434613674,598.655142012755,722.493362427351,1059.14462421105,2565.74066215318,1.00074547957574
"N[10,11]",340.446683148572,1.96070315410528,126.248896318948,157.29429161036,250.544388258652,319.567709711701,406.607226119234,641.907850460022,4146.02088420462,0.999485367169383
"N[10,12]",2851.17486513644,33.9004345803952,763.418309960588,1659.52347193362,2295.81689260851,2753.25483905755,3298.43276970901,4588.2560396042,507.124523534449,1.00286404901792
"N[10,13]",1558.63464216502,16.4832304495743,396.214218021887,928.610920617171,1269.58994917472,1513.67643403838,1796.62677544099,2452.31354846191,577.797224115501,1.00158820092607
"N[10,14]",52.6892217037399,0.519402155312932,22.3072016935039,22.5753350518087,37.60674934047,48.1949925160957,62.9577705860796,107.815978989548,1844.51713124388,1.002259136574
"N[10,15]",62.3412434342954,0.730952777739442,27.1331526093551,27.2408425943105,43.7609133777666,56.8689723801978,74.5220307482463,132.854633350157,1377.91324053632,1.00153995912615
"N[10,16]",244.387207084631,1.51153788670028,55.2714456003338,156.92332766954,205.396270532043,237.889251233852,276.271108887272,371.811312516666,1337.09902627917,1.00007608428801
"N[10,17]",670.683190816275,5.18068093212874,176.251708856777,385.140088231853,546.876925152937,649.038353963603,772.670468058811,1073.31562664819,1157.42532651737,1.00019407636712
"N[10,18]",8979.05361911676,31.885032928081,1933.74151062352,5851.39172249156,7632.22287768272,8763.62369825658,10111.3370401528,13340.0571967154,3678.09634061856,1.00014467798212
"N[10,19]",653.701405592863,2.35670886212706,148.962630046217,409.377953873672,551.605923824107,639.226119478819,737.915991542954,994.390848518381,3995.23926394224,0.99996507214373
"N[11,1]",303.254214467657,1.1210657713587,67.0097732828142,189.84280251803,257.411032766807,297.17487006291,343.454049936196,454.615039528155,3572.84447229208,0.999775229004341
"N[11,2]",758.245053490889,4.01282274607321,206.113776269089,437.386001603102,616.066253355253,731.466350785641,870.201091931707,1247.54465447888,2638.23870383915,1.0006588044732
"N[11,3]",81.5328342180668,0.480217236711577,24.5176610535193,45.1217097771555,64.9006612674165,77.6601162828169,94.2177440450566,139.621043565539,2606.64917978563,1.00007131017879
"N[11,4]",22.7174245835676,0.20971936526903,8.16445580911279,11.8094058119271,17.1255890730736,21.1918862999602,26.2927459897168,42.3108489704484,1515.57494204836,1.00079454565769
"N[11,5]",715.617302073267,12.7299441094401,296.570322859853,254.448644061063,508.245867643875,678.618349792866,875.332166406195,1372.1112130817,542.753191846586,1.00357325916207
"N[11,6]",335.417342176616,2.98871961822178,87.5401608115375,202.043883114499,272.830154053857,322.854318139956,383.566784879356,541.234972798186,857.915138840846,1.00136404159643
"N[11,7]",1428.93274123645,8.1057347206174,363.67252625246,853.738027678779,1176.2047698582,1381.47137166273,1635.64187359018,2291.21522724993,2012.96495543343,1.00105796310422
"N[11,8]",409.216202271864,2.48157516726867,124.277158827976,217.70913946907,323.600821101458,392.764780471985,473.964803232908,704.924159288645,2508.00133266796,1.00110829902096
"N[11,9]",225.239827462382,0.898236333121944,54.0502761321867,136.638112501539,186.944406783331,219.338073711265,257.484573267516,347.214969868651,3620.88388455363,1.00133854663299
"N[11,10]",430.143528484507,1.91952387996338,108.470265753161,258.331314416529,354.593958124012,415.381042901256,489.12171757342,683.772977242791,3193.26065270594,0.999450562779341
"N[11,11]",276.638537027295,1.76676072972412,108.469581177683,124.070969951779,201.710475148127,256.761860902825,329.740673875537,545.931382148501,3769.29780435427,0.999631068143043
"N[11,12]",1611.79859835084,13.2014127965555,410.815687031551,965.770424605384,1314.55112243753,1562.20005731422,1847.07988418568,2546.97329625779,968.396508785801,1.00138444619309
"N[11,13]",942.38242566351,6.17895985192749,229.860389454865,578.813836408422,779.236713078791,915.695665010218,1077.16748675455,1457.98442777322,1383.8771217815,1.00130527676503
"N[11,14]",44.6493100521306,0.300177613958435,19.0172633376514,18.7409879862715,31.344462620373,41.1183879671532,53.6388955288198,90.4837730776074,4013.64944596214,0.999877801733714
"N[11,15]",34.9113831189765,0.477874091920901,16.1549039200583,12.6857603027141,23.3838001008853,31.7926529946905,43.1556652040023,73.8349374560447,1142.83040782289,0.99941340192046
"N[11,16]",250.197928850289,1.04517457125651,56.6246929736736,158.393662898087,210.610239449823,243.914360061121,283.499329789161,379.675666629044,2935.1753436643,0.999582736981335
"N[11,17]",505.174876361752,2.97816481906293,136.156833172828,295.724996022833,408.304834260645,486.162968664601,584.071171255668,811.248858759711,2090.16911149355,1.00167291739682
"N[11,18]",6509.48985546516,50.3668165626018,1521.38948498128,4080.38612000042,5438.74488283079,6326.67467531523,7410.33622409794,10054.4303919844,912.413739432002,1.00401974102397
"N[11,19]",422.091059716064,4.31040387129782,110.631754312186,254.75862393209,343.479482905763,404.461307874517,481.820736328392,684.788116271583,658.75461403651,1.00223459383612
"N[12,1]",305.0396164249,1.10211169371953,65.4836226663067,196.260487263639,259.875917172237,298.771789066656,341.990794729059,453.239989672508,3530.32081905414,0.999296957592577
"N[12,2]",708.923469796381,3.85371009769288,189.025042355296,421.692832360388,577.415916937761,680.361906783371,809.244409613514,1158.34506658013,2405.91680790225,1.00062634569264
"N[12,3]",81.3080753935347,0.394296090559461,23.0262594521433,45.9372392064772,65.0816753072633,78.3384258637134,93.6646267039684,137.38510298557,3410.37271888154,0.999993235017897
"N[12,4]",31.5582832848092,0.14775801240598,8.66813911833682,18.3534434324585,25.606001888173,30.3903164992035,36.1198291667321,51.6079030866116,3441.51498402708,0.9998636067142
"N[12,5]",802.82190669212,6.10526220188619,270.205801772303,401.249678226149,610.653763821075,758.402901219913,951.373961971406,1425.4189490539,1958.75762052555,0.999596774206968
"N[12,6]",354.013727824908,1.95392217923168,82.8527543396867,220.523234983952,295.287405798448,344.191318000347,399.555427655522,551.982118946037,1798.04011118251,1.00074607505534
"N[12,7]",1340.19703639035,7.25217586626919,345.831456846473,787.294139454579,1098.22337226914,1298.27575038853,1530.308878869,2135.64064270965,2274.00980985494,1.00091851957366
"N[12,8]",447.85441213274,1.90631609707367,123.308863867398,256.98780990876,363.040700557489,432.456095089805,514.432530805017,726.67538725302,4184.06827248631,1.00076450336281
"N[12,9]",195.993043291424,0.695693364834759,44.6981336694695,124.056107187939,164.965724889838,191.10441064833,221.381658153808,296.363546527981,4128.032019358,0.999540610547627
"N[12,10]",392.023648259428,2.36562915452572,98.4506354851552,235.860406393586,323.140816368216,378.571383847191,447.792295557455,621.968173035981,1731.98337827368,1.00014500246595
"N[12,11]",264.047758732045,1.57137883025976,98.1867797771037,120.150708068376,196.18334702728,249.866557305526,312.988135852954,496.170515196652,3904.30950009005,0.999357890387644
"N[12,12]",1647.25087153943,6.75904784235211,387.018770217549,1015.95732736818,1382.28695203328,1612.66647983564,1870.66256863864,2535.90567444328,3278.63458810285,1.00150653655188
"N[12,13]",1015.9868260304,5.96569943475631,235.722275247061,622.486806294381,847.8054943361,991.041248958123,1156.42928816458,1540.05678664527,1561.27178396495,0.999574544243549
"N[12,14]",42.3188563298128,0.366378737549211,17.9654858568895,17.2243508985412,30.0548875901808,38.9584896050981,50.4265932504446,86.3050786836775,2404.45918660117,1.00060847355101
"N[12,15]",31.321478649512,0.561805734267247,16.0327854029416,8.06371555533291,19.8266429526471,29.2644863969551,39.72642374363,69.2517053804256,814.414737382215,1.00058085945378
"N[12,16]",270.67210546268,1.14612639773441,59.0456382149066,174.141071117156,230.306985789212,264.403719211178,304.041768037141,404.202771004989,2654.05923575808,0.999289856490248
"N[12,17]",615.132382222512,2.50658458864259,154.231832545982,364.053869873092,504.814438107448,597.463518451972,702.90879910997,964.724450263376,3786.02351733354,0.999521774567373
"N[12,18]",6605.27390082824,37.2820116354999,1466.54416006317,4233.93247503047,5580.8593194873,6432.57422394825,7428.97010310673,10001.6180734273,1547.3608850727,1.00551824779681
"N[12,19]",414.003801149447,4.26872160032678,110.460810918432,246.871235763081,335.629925960599,399.18888267692,474.164983884056,674.388363701181,669.608242497771,1.00220245135724
"N[13,1]",278.907577180711,1.0539134462256,60.4022431523587,182.669619290635,236.137212730652,272.699016845875,311.292796403465,423.053381333367,3284.70403259486,1.00143335714487
"N[13,2]",712.975312570388,3.48923375250389,184.542589432434,412.757230112881,586.231312412226,688.244267036344,817.284395354619,1136.61821515937,2797.26164541218,1.00021695016123
"N[13,3]",88.8377558955161,0.39674352778991,25.6403625687422,48.8719518641744,70.7189874158711,85.5149352842042,102.539626003188,148.644695820347,4176.65518808017,0.999487927318998
"N[13,4]",39.886131240499,0.279437778536969,11.4475658328342,22.7103084581398,31.789073808566,38.3126118918803,45.8682817335124,66.8813225121287,1678.24769469825,1.00082112083029
"N[13,5]",753.548262465632,9.20177570001877,269.367575364757,360.01065180436,563.3835538622,706.26239949756,898.711854547483,1384.01676400225,856.933949143388,1.00194959740299
"N[13,6]",330.438957599503,3.37403150221923,84.4438524061647,198.589072099964,271.344863816447,317.91649305328,376.555842672933,531.563334683289,626.379895092758,1.00230009036116
"N[13,7]",1229.0369933783,13.9795272928752,354.281217494258,695.920704884852,980.56323207185,1179.0435415548,1414.26671911891,2042.45714210228,642.260605352057,1.00269385699389
"N[13,8]",436.844508315097,2.54306735570184,121.344700066641,240.264139632619,352.544024439244,422.549461102414,505.851294154682,714.469361869658,2276.80532763778,1.00154805108589
"N[13,9]",157.349763508093,1.05776526876057,39.3633695306275,93.2010651823869,129.021909321677,152.723633710462,182.023325992482,244.479772481094,1384.86018177135,1.00110878906776
"N[13,10]",459.44637734445,1.62342990585968,110.948138877699,281.094707312829,379.060748574785,449.784358077645,523.622933195446,718.027830414547,4670.60305327471,0.999589930030837
"N[13,11]",239.418383615363,1.35702128447129,88.9013512342248,113.072217333075,177.97287778345,223.992659159018,282.381469299386,460.646648395303,4291.83883274979,1.00016896930341
"N[13,12]",1361.8041604262,15.2724129696976,360.00935118719,800.838222487993,1104.07920994652,1316.90495665549,1568.17548110252,2200.8847069451,555.663980095216,1.00302972999839
"N[13,13]",735.291081093264,7.582102960895,187.627379009798,440.809324504097,598.665491255151,713.482175735916,841.414838276929,1169.41382888571,612.368818525189,1.00212080637743
"N[13,14]",47.4070219918342,0.598784214212887,21.3450416412872,19.7574252052313,32.6527621635117,42.5361385622971,57.201260798462,99.9906826190545,1270.73013087876,1.00207212667837
"N[13,15]",40.3052327922278,0.328703301231976,15.5460005522359,17.4065495603675,29.4345531657203,37.8398418341959,48.0438477030508,77.5753730414976,2236.81067124179,1.00203202768584
"N[13,16]",274.877501845026,2.06455970415571,65.642347249347,171.652413781908,229.082561983801,267.050513970246,310.327514411851,436.916191515758,1010.91190561295,1.00110609961028
"N[13,17]",574.564817130834,5.52234143261342,158.71520617442,331.187231695123,460.734317359771,554.147568950285,667.923627208792,948.832020052818,826.020006553142,1.00095096597587
"N[13,18]",6122.57187261705,61.9489351481733,1471.22537888202,3783.86298800388,5081.32781127733,5946.55779120476,6963.30093730576,9524.56113039144,564.015091510786,1.00382243164069
"N[13,19]",548.338159207773,2.46700565721365,126.609977452852,346.630350626023,459.397746225918,534.70444255204,621.918818314079,845.532464405356,2633.87749865565,1.00184809053603
"N[14,1]",385.441231161477,3.50031004404431,94.2675815449882,232.481783469488,317.966121481536,375.561200873688,442.61640923651,598.780005239296,725.290021033543,1.00171031139056
"N[14,2]",881.00354580467,4.66555915219796,229.88825251463,522.419766694035,716.47133887522,852.779400925974,1006.66209614208,1418.72378571214,2427.87407689896,1.00047097021969
"N[14,3]",124.658853894271,1.15690013336483,40.7765111250994,64.4848131917198,95.965286875714,117.560194677302,147.594698925746,222.489988404884,1242.30543872273,1.00136247433363
"N[14,4]",85.0352556788288,0.532452052360253,24.3800868524819,48.4112497668448,68.2432371932377,81.6356530945025,98.3555328459775,140.981734590956,2096.57057423308,0.999821633240111
"N[14,5]",1153.86175573321,7.28382517025809,372.494716051083,599.968400313998,892.460791264903,1099.19320136151,1346.61670310229,2044.09988192176,2615.29815147737,1.00091343312729
"N[14,6]",572.595893133299,4.11903395435972,135.597654725553,356.826967180215,477.134941591715,557.559522181886,653.781599797464,868.47805964064,1083.71132599807,1.00103014795114
"N[14,7]",2265.27175867203,20.6021924070481,612.113152047956,1313.81347258613,1827.18449324995,2181.99602046494,2628.4116762269,3677.17156852481,882.74759773391,1.00179339953247
"N[14,8]",589.757631032539,2.50251562455941,159.970678056949,338.68327970447,479.769505224536,567.742993364419,678.512144605797,966.342446755947,4086.27109742908,1.00011394351481
"N[14,9]",203.098484051957,0.945518310507155,48.7710548235997,122.850769389058,169.625647414841,196.803989608782,229.148208821647,316.698389971526,2660.62954887667,0.999527616085976
"N[14,10]",609.12651927333,7.11926254728927,170.815172531367,349.775015025183,486.207657777569,590.020546154628,706.279079088033,992.521577574614,575.682289988426,1.00233887338501
"N[14,11]",264.229959175584,1.40783222750253,91.7765407491253,127.097602747571,199.956951733814,251.036895991715,312.83290276298,491.943017045592,4249.7321953802,0.99957029076489
"N[14,12]",2127.96903196377,11.3082902810901,500.56016752948,1318.68008931695,1772.33382729609,2081.7032613292,2429.3882917546,3249.12250404677,1959.38003381078,1.00043312821342
"N[14,13]",924.226184196394,3.13086726461774,206.049136452041,581.243617271275,779.422768811164,902.367357405572,1045.27619659599,1398.20479413459,4331.24036578736,0.999373961977797
"N[14,14]",51.9255397728566,0.867661160056951,23.8527954921442,21.2948664926441,35.8346087650895,46.9689718332057,61.9346773288246,113.172631252886,755.750172582981,1.00174695132252
"N[14,15]",63.1738434948946,1.05515524207977,30.0768085005104,26.7785002763578,42.8084274734317,55.8667222522715,74.3160766794852,142.4538618957,812.513862952988,1.00249547756125
"N[14,16]",442.901816901628,1.97603222349033,97.1833583131863,281.072372016319,372.134969593024,433.155421682137,501.159487965762,659.871182887762,2418.77661134192,1.00042945230443
"N[14,17]",1109.47175839949,11.8854384853838,308.995816896867,640.848146195261,883.873778103339,1062.56932370482,1287.89550531097,1823.48391569548,675.888073247456,1.00175157050826
"N[14,18]",9419.23048604313,39.8504042615493,2052.13069214571,6004.50044073169,8021.3328110269,9212.43163330135,10607.4573288011,13928.607860507,2651.82321812763,1.00158375435002
"N[14,19]",758.656248071338,5.22719382976473,180.164218488667,467.270242660988,631.081115120207,736.047340919022,864.67911589093,1164.14930535246,1187.9546869702,1.00008691896105
"N[15,1]",307.019426165349,1.13260279446893,66.0758462468994,197.070505152418,259.818328672195,301.483671506266,346.844791358223,453.944651182537,3403.53491555789,0.999567760219017
"N[15,2]",896.5903976839,4.7526635220804,227.574646413008,538.050873552114,735.306457027947,867.04773311199,1026.90299768989,1404.61428557307,2292.83929781205,1.000550668649
"N[15,3]",66.8484473399813,0.488831314147273,21.1929796758866,35.7462228506582,51.719616961516,63.0484678903513,78.0915589397812,116.89266113823,1879.60246499314,1.000338866722
"N[15,4]",101.164487462631,0.391559402476676,25.5032622115659,58.9376252138571,83.8562885173717,98.0585520755091,115.682157506098,157.808630493533,4242.24902019347,0.999735728573533
"N[15,5]",936.516816316597,5.84338393004597,310.747259286347,470.668619079119,726.016480669189,893.435095963634,1088.08193395365,1672.93954388655,2828.04144783322,1.00011019013375
"N[15,6]",505.368391110784,1.75897546259037,110.104926239923,316.263040842012,426.170219205906,496.605148487133,572.080616676074,738.177449185269,3918.26620405015,0.999601988691138
"N[15,7]",1914.88481561336,6.77765475607906,472.127366674561,1153.92998182444,1587.42762445271,1863.53139971587,2173.22543201058,2984.55793059278,4852.43206918297,0.999662167443395
"N[15,8]",632.910114626016,3.04935600586811,174.043201905831,367.28456580256,510.853221364128,610.241627777561,727.314798951637,1032.99493601937,3257.60084075782,1.00086403279275
"N[15,9]",153.171418260312,1.0187628948131,37.6167574719558,91.7455151749649,126.861597589566,149.014409838064,175.528309725774,239.675947463506,1363.37861146041,1.00197990971698
"N[15,10]",456.349936435934,2.26185723207913,112.312922425619,272.522515784205,377.182935765798,444.107575339132,522.828744541307,724.620067196965,2465.63665637953,1.00093233182363
"N[15,11]",239.175388169032,1.34797789303531,87.4762604408717,111.806290029716,180.188823429088,225.95951351313,280.78746545294,443.499271651455,4211.28737429198,0.999551606558546
"N[15,12]",1874.78859002346,6.58350021783721,422.263398708604,1183.35920009296,1579.53529532474,1838.78084459829,2119.17190441844,2814.42166251987,4113.89468188935,0.99982327887963
"N[15,13]",829.383424217125,2.96826101053622,184.447316193004,529.736540682159,702.38970460772,807.984459536502,932.473480378179,1243.0913460533,3861.36188909355,1.00120177125834
"N[15,14]",39.3146870512022,0.480661725964335,18.4441423348072,13.1426895066323,26.9422371510868,36.2069047864397,47.6354735017385,84.0522093632239,1472.44081374867,1.00079710589773
"N[15,15]",47.0976943371745,0.321274632758702,17.9770893800831,21.6415387707575,34.7007024397433,43.9207171831018,56.0283204925512,90.2136926350929,3131.02030250989,1.00077875631384
"N[15,16]",508.855724148572,2.7606951765972,116.188577246232,317.04790403735,425.839112670956,497.760993946517,574.850999011671,776.930559615227,1771.29115711141,1.00073390816028
"N[15,17]",1028.63488900837,5.42140417345864,252.434339500602,626.347665916926,850.68463413323,994.64485907823,1171.11140141031,1611.40949928097,2168.06997352564,1.00242985434984
"N[15,18]",8843.56250256658,28.9995405570707,1867.48829521403,5777.44227702918,7554.73535346712,8674.17176710529,9913.72520928078,13086.3869305694,4146.9952909995,1.00014838754319
"N[15,19]",684.569710598319,3.44107769819427,156.988719511633,429.030827888432,573.274432436465,668.546752780224,778.913829084366,1021.71925380879,2081.36351021368,0.999970873028284
"N[16,1]",236.713742381117,0.984045599785696,53.2117705233102,150.111077413283,200.042438446706,229.536774217123,267.403411735954,357.215868791449,2924.05119171517,1.00005564797853
"N[16,2]",633.84220963965,5.15905440921468,177.839572569893,352.804543761637,504.916464488168,613.811400308227,733.605667371904,1034.47873192408,1188.27400237105,0.999802253559363
"N[16,3]",47.7892223244307,0.778106987231927,21.5396033373019,20.2012601063258,32.2556897832794,42.6537899834398,58.3326606733471,102.685108881694,766.296376849218,1.00195775803937
"N[16,4]",117.832406237638,0.470965702738182,30.9934256460989,67.2022496698434,96.2709456049014,114.453249830709,135.191401244491,187.793731910254,4330.72491259891,1.00023196582829
"N[16,5]",891.999635769314,7.73723755393215,315.576457353387,431.92706439744,671.945102840723,844.903651170147,1043.30480609572,1646.83351656358,1663.55563924556,1.00068535098688
"N[16,6]",411.433925294879,1.99202379940195,100.410405775533,251.672042119741,341.447010043807,398.837714449214,467.169655164117,646.660166117928,2540.78781923715,1.00012895181638
"N[16,7]",1772.2479760106,6.98277129714467,447.625682600481,1056.91602337884,1462.44388192308,1714.08606835341,2032.88188093692,2807.83623144278,4109.36158211969,0.999690404740217
"N[16,8]",591.933864291308,2.48959145779615,167.176204304871,331.243245168491,475.112661809618,570.123638915094,686.034485353411,977.155199611515,4509.1299397102,1.00018910249606
"N[16,9]",146.17169772826,1.14617136501014,40.2199537995559,84.5902216223257,117.523318672542,140.425724777876,168.513673057353,239.968748672248,1231.3571212578,0.999938576585748
"N[16,10]",267.578833862703,3.823268910962,83.7048387828145,143.04501079162,206.03503766665,255.671348016777,315.660824274684,462.871095646879,479.326497613269,1.00051179364472
"N[16,11]",202.960339526512,1.30768923565327,77.4054277911334,92.8503061261134,148.859135107758,189.152335197787,242.606743376415,394.815944750619,3503.75501745955,1.00035253409041
"N[16,12]",1596.68428291773,7.27697230276483,388.187502038332,972.48410698318,1324.11723236441,1551.45652760765,1817.78324951947,2501.45906500582,2845.65111898443,1.00042286064997
"N[16,13]",737.788851978781,3.53521645169536,177.304159572694,440.492257171426,613.710082187842,721.734118220961,837.069557397443,1136.98005190475,2515.39289219455,1.00145338306143
"N[16,14]",36.8122088287218,0.394341595574733,19.5965006792447,12.5600365459383,23.9710841395971,32.9644040147282,44.4188567197294,84.201336145338,2469.51617525371,1.00048227653858
"N[16,15]",29.750709575234,0.576911779184038,15.9303343091679,6.28332920794631,18.6266120831193,27.9722637896593,37.9866916511564,67.1916665384429,762.484407731345,1.00025420397347
"N[16,16]",479.128400783417,1.66858277489894,105.832631063205,301.970956927368,405.072591043463,468.283834422416,542.915973107403,715.338061552999,4022.94110127941,0.999734453089107
"N[16,17]",934.587990490913,4.14413385810681,243.267805245035,550.279227906893,770.100656514916,901.85226175194,1064.82038212009,1509.74777944759,3445.89249370415,1.00205276309454
"N[16,18]",8349.64720656657,31.0768000283142,1906.87111337715,5202.55255048406,7023.08883095629,8165.40107557206,9447.85426552703,12625.7438969908,3765.04432281359,0.999679159968731
"N[16,19]",474.381878771065,5.04879362200607,128.525772331611,276.933510942149,378.626456205618,455.943631492311,550.961789964547,768.381140631426,648.045064683368,1.00340133798189
"N[17,1]",235.319400017199,0.939122009743117,51.8216356564461,148.883432685547,200.388776573209,228.963284798025,264.484827471699,356.786591737706,3044.93618442523,1.00023205253111
"N[17,2]",822.004165959403,3.21603783861211,197.562377559666,492.757931686816,682.327248952401,801.51855724428,937.406367758079,1265.89900135345,3773.68971652408,0.999371405786339
"N[17,3]",76.4903978191013,0.473400981207087,23.1998027417953,41.6252393417171,60.1730179095699,72.481741645173,89.3664635369642,130.426138483767,2401.65309953699,1.00031988242948
"N[17,4]",138.164003346034,0.534353754620157,34.8890640245651,81.2839217852291,114.153806857882,133.573965280716,158.086535877614,219.964526656224,4263.05471601265,0.999372871598354
"N[17,5]",1163.48273909223,5.74485349903824,345.908938072163,635.555322738611,916.493552917793,1121.78291647705,1351.69026463114,1988.62494462583,3625.48115380937,0.999770541026488
"N[17,6]",497.539894262038,1.7949646537954,113.667548245752,306.93713368344,417.157930853201,484.405541050043,561.175259393084,757.664059708261,4010.15522204631,1.00026041830316
"N[17,7]",2119.98543117507,7.92455523675629,514.650379072497,1297.78952920528,1760.23099555071,2058.59309302086,2405.84762146501,3312.15434875035,4217.69140024892,0.999488297696744
"N[17,8]",667.926326115242,2.75449213971457,174.021157303671,392.20689171611,545.956772696542,647.054614198683,765.280381896538,1061.81191459668,3991.36119136279,1.00067457113072
"N[17,9]",221.48363668935,1.75513362484866,57.8709362880406,130.406393284565,180.197530631742,213.0304420177,254.194618365886,359.639323229442,1087.1779728184,1.00305952888599
"N[17,10]",369.030167186339,1.33931754268329,84.7803748931623,231.160787132182,308.248749154611,359.718147782408,421.993044704462,558.259471332048,4007.03882663323,0.999702632894885
"N[17,11]",209.605257488362,1.41466657774659,76.9091283231556,98.706297320436,155.919931806157,197.356046745444,247.833003528648,397.823005231536,2955.61316187179,1.00175573213091
"N[17,12]",1788.35793394491,6.73061673000545,411.077127331849,1111.99806039275,1508.3219969984,1748.27690560029,2019.74902484995,2727.57561342589,3730.24111442947,1.00035950804504
"N[17,13]",809.055635522946,3.47070260387118,181.767676768941,512.265634430798,679.741404660559,783.918193987667,919.522903397509,1222.52830433332,2742.82759114913,1.00004700614192
"N[17,14]",39.8226797011839,0.523464642654988,20.271517859457,10.9840114698748,26.1160190068981,36.2710058301964,48.925890243098,89.4859178065779,1499.67734699306,1.00038786554446
"N[17,15]",47.1320271488597,0.476569788042228,19.5795548054324,20.7394414989987,33.7335634387322,43.3608818351906,56.0221551772241,95.6367824265609,1687.92292423049,1.0013786151233
"N[17,16]",513.409702670708,1.74279011527415,112.859180355564,333.853540815229,435.296196408357,499.245739566847,576.245635955669,779.855829142668,4193.56720824446,0.999396245022528
"N[17,17]",1006.17029229312,4.1804382189524,243.36378054564,622.295851689102,831.642914513806,972.186958600689,1142.79370603073,1585.80214559001,3388.97423869362,0.999618310142533
"N[17,18]",10095.273532462,35.1621747491574,2088.99467336881,6535.54562786356,8643.63358604668,9889.37978515389,11367.5296949826,14814.9709260131,3529.58145791797,1.00017692872719
"N[17,19]",623.356660819529,2.59226782808284,140.119081171105,396.873621629396,525.020494347025,606.255127990915,704.056524433257,947.565840725229,2921.69462500977,1.00227038078372
"N[18,1]",286.144778191225,1.25850459391905,62.7691178449041,181.500851883423,241.375972627398,279.542482561532,323.526347234307,423.066939457756,2487.61083574495,0.999565844850233
"N[18,2]",848.168497223576,3.57225477854217,212.148969012933,506.05527549447,701.906776698257,823.91666301048,963.59226296858,1343.59900958936,3526.93129301797,1.00058632891219
"N[18,3]",121.914447343251,0.549478210595123,34.2511035632221,67.223443225247,98.1954914410344,117.886145707207,140.087702713968,203.273461138222,3885.51139821854,0.99998962659319
"N[18,4]",141.995005002981,0.555588523438753,36.7230214921945,84.1430731637685,116.129628122601,137.455184091106,162.642506649224,223.33319560529,4368.88166295811,0.999278714705233
"N[18,5]",1742.4248753986,15.0777980190583,577.740165668517,880.961446269373,1341.06062536003,1657.56270828647,2037.63991529142,3104.57258099597,1468.21372900586,1.00064150373084
"N[18,6]",755.355357557449,6.74913367032512,183.656748511943,450.967848175042,623.503967559092,738.038169253595,865.681644365436,1157.90848471453,740.487485389,1.00107065595091
"N[18,7]",2738.05565643421,17.9804654754122,698.545284457494,1604.19183861455,2233.45741316308,2669.21406175006,3153.94122882705,4350.20825129009,1509.34065293955,0.999921159394683
"N[18,8]",760.006543783223,3.82138786176049,210.276986801703,436.474167355867,614.372111857349,727.197823805154,876.492389111586,1237.71057446585,3027.89806639601,0.999755523135747
"N[18,9]",222.283603763111,0.91448215057061,61.4595676308378,127.540844546659,181.183792921637,213.291777369374,254.353672342906,368.870465751364,4516.77581296227,0.999604864341524
"N[18,10]",480.462214142394,3.22831104785468,118.306333775487,287.945188360721,395.596697020091,468.304978351116,552.647590768942,746.796572749745,1342.96671055403,1.00061085926126
"N[18,11]",244.370612770801,1.33336389649365,87.975915129063,122.215889107093,183.671135303912,229.653562294437,286.795188018481,454.803914534873,4353.41634054302,0.999690778065253
"N[18,12]",2352.2869421737,11.8397233955964,547.889944144899,1455.87349759072,1968.30240120675,2296.04725924448,2665.0384457343,3552.1125191357,2141.42834264265,1.00069296143099
"N[18,13]",1021.27462017321,4.38060147180829,225.552956920959,648.942570359946,862.228687407825,996.585436287085,1154.64990409436,1537.17126918544,2651.12106416524,0.999860171060933
"N[18,14]",65.3963306287352,2.8061603373931,52.2763526922683,19.6160194443629,37.26323316824,52.3242398883361,74.7852115840841,214.56133957241,347.044842594633,1.00744570793613
"N[18,15]",62.0025857849122,0.833126714277549,27.8919098677044,26.0711326394002,43.1166537881728,56.1567096729934,74.4478491740156,129.770641061274,1120.81616378113,1.0005922704385
"N[18,16]",642.751578686582,3.31886385275618,138.570117770499,409.33759882971,545.389883038797,631.350625082155,726.306980647286,944.814222606684,1743.25250548352,1.00058190817436
"N[18,17]",1352.00853531442,7.41034091446538,332.355734057138,800.46714112579,1123.02579264782,1312.62888548159,1543.53467133323,2106.92325671366,2011.5460321427,1.00017163757402
"N[18,18]",12198.4816707612,67.5715203472497,2672.34129230928,7751.16850271777,10276.4070522798,11961.2443045559,13823.7610284748,18231.8642430808,1564.07099928095,1.00167438310989
"N[18,19]",840.465124749339,3.51916042423061,183.124635293651,531.4415549079,712.283666385584,822.994224841229,948.929564869382,1242.5515229191,2707.79271522268,1.00005948215189
"N[19,1]",279.80267814409,1.55944373796001,61.780053446302,173.288930295919,235.966938727879,274.510947066113,318.562070969873,411.996249834138,1569.48488583289,1.00145832471039
"N[19,2]",973.888405685869,8.51262650973105,273.005467457926,554.87573028973,778.797537639632,934.884766408678,1132.85615874226,1598.71668118965,1028.52660712225,1.00229556373771
"N[19,3]",140.962766070369,0.591431049085795,39.8089161639721,77.5418858359052,113.622967844794,136.069719542093,162.993584291532,235.612398879783,4530.56605101634,0.999683489373331
"N[19,4]",154.193473027824,0.731265581658366,43.6273179186152,88.9066366872771,124.854113331082,147.590205698852,176.833157764805,258.743213117415,3559.31777290415,0.999683078278602
"N[19,5]",1878.66386629663,16.2105058340232,628.343540604858,923.963862016855,1443.25408710007,1786.92236885188,2214.97983428319,3345.2991097898,1502.45397177105,1.00226979022166
"N[19,6]",765.846330932231,7.69658359336795,194.72054721987,447.172825951964,625.91732703521,744.066757944925,888.509621523343,1190.92526746312,640.070160801566,1.00281075075891
"N[19,7]",2881.02635314762,25.2009510955251,789.785355859154,1621.12946292919,2317.88963080407,2784.83736079577,3335.40324158489,4647.95747950275,982.164630840421,1.002629498441
"N[19,8]",821.123811663426,5.73498311976781,244.052601716139,453.452283370601,648.811865313376,780.478185572165,956.095556429292,1394.70558474143,1810.9338878087,1.00136013708099
"N[19,9]",235.686848021253,1.59867102022528,97.6667915536967,104.036904578885,167.406833557561,216.721143352371,279.640289743101,475.865668898064,3732.29219967807,1.00023498436894
"N[19,10]",438.001317537054,2.45889324937822,105.478362623279,263.279138723571,362.840235385429,426.518658969913,501.748085304654,672.101379579787,1840.12535566481,1.00065477134575
"N[19,11]",256.772881391003,2.01330394827497,96.8405167384952,119.383563957633,190.354638552833,239.548401191015,302.564263639936,500.238504429785,2313.63851774234,1.00026023526929
"N[19,12]",2475.76350839167,21.7691463446565,615.006518141556,1499.06845446483,2032.55740215956,2413.88092321068,2836.67112255279,3878.27976021277,798.135520869417,1.0011926157183
"N[19,13]",1112.17267045357,9.45623520481585,273.100164375264,676.174594596508,915.272557181065,1080.73802386945,1277.1718655959,1744.24855808213,834.07939261677,1.00137752590745
"N[19,14]",69.1215452030744,3.44997118214222,125.756727926779,17.1129119200644,35.3199841254027,51.137560758477,76.3019815992739,208.196462571249,1328.71403684287,1.00105245176399
"N[19,15]",53.8933741253551,0.390333660233294,21.7598939681593,24.1537113486578,39.1341208643312,49.8974714397148,64.0541429199165,104.605822962276,3107.71755785005,1.00018136697939
"N[19,16]",711.129006115077,5.9710504944959,166.356032679847,436.349944313892,591.36705736374,698.176830257559,811.463082284692,1081.15274831269,776.203544401172,1.0008502017151
"N[19,17]",1482.68192822911,11.1583454376896,394.30161098973,857.295302240495,1199.08733707778,1434.3674715669,1716.77507217511,2379.24922962107,1248.69823763573,1.00144658172785
"N[19,18]",10494.3476624093,39.9530420135622,2298.14352714023,6718.63389283168,8841.12775433288,10276.0752473628,11835.4934998233,15661.3146812672,3308.67867913106,0.999530883418938
"N[19,19]",882.275610312366,3.40448142602033,197.372553088826,554.767551770798,748.305977847154,860.295666808457,998.71470068462,1329.19787628948,3361.02373650614,1.00005948344454
"N[20,1]",180.650743026065,1.30451064220236,41.4380164016496,114.361127976985,150.811369988803,176.239247560282,204.085534989475,276.14396244696,1009.02671108952,1.00372773542986
"N[20,2]",686.330716939936,2.59130713922292,171.477037032693,407.596064669232,568.88755170632,668.04910999203,783.242125529046,1080.10609925813,4378.99206551322,0.999963462339475
"N[20,3]",139.528086406467,0.610089236766278,38.9036669945534,78.6643788300727,112.377545158004,134.215365665599,161.05333208149,226.871375621642,4066.25257989995,0.999875563508727
"N[20,4]",206.635226713176,0.849430824200156,52.4792067856217,121.78774159808,169.479725613532,200.050665218138,235.64170459151,331.247022983047,3816.96775355708,0.999380495502107
"N[20,5]",1650.83547442713,10.5583784194335,560.5604080073,833.794322248214,1262.16932721192,1558.39117280407,1923.67147829268,2983.48520069338,2818.70998853436,1.00059615770838
"N[20,6]",460.414801486596,1.91786230586317,104.411895805206,290.683404078341,386.400757889174,449.709927557818,523.965608079347,695.072775841173,2963.91070691777,1.00038177443746
"N[20,7]",1878.03576250083,7.28755567268438,464.186756549312,1150.81667829472,1551.16316223501,1821.71325158796,2138.59818559398,2953.4903464354,4057.15612515921,1.00009750399843
"N[20,8]",580.642808915546,2.4818896386421,156.648370845508,335.132194740567,472.668408829118,558.482750614513,667.688721416925,942.341555973622,3983.70190374834,0.999985043131283
"N[20,9]",217.801031067981,1.85013413996573,117.28246424971,73.6951942531668,138.630642599236,191.93129951597,266.168644798529,525.010714408153,4018.46074924341,1.00018774503665
"N[20,10]",274.394719791171,2.80550041331065,73.3605035918542,159.688912818503,221.375776542413,265.290235055327,316.343018771045,443.485340750819,683.760382400723,1.00076701319248
"N[20,11]",170.768728710278,1.52740544379381,67.7129900760177,69.1673365885488,123.182215878207,160.250225676229,206.387287091675,334.154266196724,1965.32923915564,1.00281548600967
"N[20,12]",1784.34043714095,7.7230169129896,421.274865039742,1123.60468277123,1481.74368624892,1737.31378794152,2028.21581018999,2744.76118676287,2975.48060960571,1.0009713381914
"N[20,13]",806.806604468529,3.14763911864573,184.36861432235,505.154570645791,678.133836633632,786.721541085123,910.285663883486,1217.90558619265,3430.86883670186,1.00026058924019
"N[20,14]",62.2595668652267,3.11228942769377,111.845526008401,11.4213459470733,28.6489373982572,44.4715989185182,69.5306540201237,194.041604527978,1291.44905183125,1.00225179130576
"N[20,15]",33.1053063446774,0.480950692281406,15.1399446739978,10.51985688117,22.3747124241469,31.3027529836384,41.2598822345047,67.7500740897934,990.940247523344,1.00039624211808
"N[20,16]",573.383086036253,2.16912925589875,120.601136801585,367.756221070723,489.468575265039,560.316701108742,643.992811001834,843.502970054402,3091.23441139042,0.99973189363711
"N[20,17]",1225.01764531518,5.87909304218231,306.512704811668,749.352296103813,1010.91457991082,1185.69619558674,1395.72914405556,1937.10821519561,2718.16799355367,0.999698528025597
"N[20,18]",9368.22046731816,35.9585633435412,2049.65169122131,6064.93748690836,7959.61315056004,9154.73906398175,10551.3651631907,14045.9258995944,3249.04305505794,1.0000504056761
"N[20,19]",772.929172869335,4.74769969385027,177.538101978044,484.123421132018,646.299343050343,753.459536480864,875.903171228049,1169.79660267698,1398.35250188935,1.00185037288232
"N[21,1]",163.311794512498,0.992440937638938,37.2691457939772,101.666826269247,136.953760382297,159.89211161205,184.251466834664,248.764853045264,1410.2286613486,1.00410129739383
"N[21,2]",548.808823971627,2.73509286397242,145.577416273503,320.029375658698,447.623410175385,531.379132356606,630.737636644471,873.810523470309,2832.9823027984,1.00089441723354
"N[21,3]",177.354729326968,0.823602270970697,50.4961879958175,96.4222134492725,142.596720786812,170.931900808704,205.080005689532,296.017951930994,3759.08475046805,1.00059228739373
"N[21,4]",312.107791124557,1.4070999457933,83.7395874286267,175.825636400834,253.659687378124,303.274267114073,360.543314678475,499.072870425117,3541.69975246636,1.00070537942991
"N[21,5]",1393.05156126489,7.15473553851439,440.646085039249,714.185472128826,1080.50441881983,1335.02332480176,1617.19784047537,2470.08171226765,3793.08575004998,1.00038926615512
"N[21,6]",363.030536257931,2.31016218403422,88.3874445419008,224.636552906113,300.507885103766,352.164621441457,411.149486237703,573.440767554769,1463.84877842306,1.00041491299437
"N[21,7]",1379.65097604647,10.1493051496998,366.653618301381,821.157425622582,1125.59358672845,1326.51973127922,1567.83671120384,2260.46592275493,1305.0865978947,1.00211497551596
"N[21,8]",479.427776412178,3.11304419800261,143.416465899673,261.548317203398,378.067889836722,457.298954210378,559.594827582201,820.790190474087,2122.40108618241,1.00207730887912
"N[21,9]",220.229230547343,2.57407205349918,155.786408996539,56.3267909195256,122.990441872731,180.438398943005,270.117145415176,623.450781959786,3662.83819415702,1.00035871157662
"N[21,10]",253.507354043342,2.75701951863774,73.1531158546756,144.2638327817,201.046684216623,241.891524032605,293.018812985884,430.730849836697,704.021588088027,1.00265552262551
"N[21,11]",172.526300491624,1.30809736399056,68.7103873171095,74.3253476348702,124.766016642725,160.653933172123,206.457744968625,348.919625494629,2759.08228197469,1.00166868196191
"N[21,12]",1184.61835381914,14.3594605508639,335.567631771814,669.746209526028,942.590781585064,1138.25411941717,1375.3907371474,1967.34369631441,546.114711816937,1.00216062925153
"N[21,13]",598.821682142035,4.65945678521651,148.920120398023,362.328599992558,491.936600753549,579.628907666932,687.350555107272,939.468220404329,1021.49484900343,1.00135639386088
"N[21,14]",78.4564852669335,11.6366696298132,696.434532911912,8.98442448123107,25.4868517077669,41.6808648063205,69.5905408065,228.783675883958,3581.81528833521,1.00057105852463
"N[21,15]",31.9761733718374,0.405209610016108,14.5545234763333,12.0759293388892,21.757335076524,29.431365453516,38.9825079344693,67.0680015458545,1290.13901436284,1.00011097488184
"N[21,16]",455.601995954059,1.83261480618927,100.392959472298,293.851435895811,383.825920634636,442.93726843255,512.754512458039,682.773462093809,3000.98712243276,1.00011398478329
"N[21,17]",905.942129824373,8.04210605388941,259.735708788224,511.663189541855,722.891836981012,869.916322366107,1047.7977719479,1503.9800227671,1043.09467943736,1.00091267344346
"N[21,18]",9393.12529922197,36.0762426730458,2116.85004921787,5912.46373414076,7863.52007940494,9158.00622174463,10607.7276856627,14192.4550549687,3443.00450499217,1.00073890361795
"N[21,19]",911.620540815208,3.68583804886873,206.955160817703,567.828245671761,766.102958115443,890.005709706705,1029.46107589734,1386.20140576838,3152.68095879049,0.999960516836455
"N[22,1]",153.03742732208,1.37497608713548,37.208627705101,95.996415787044,126.410876684194,147.840674336273,173.780321843768,240.882926498354,732.313458505773,1.00376147617019
"N[22,2]",475.365099410885,3.2250095003524,142.772875629542,257.047700872122,376.096193041915,458.387812434266,551.92965463632,814.241702139811,1959.87971100464,1.00206693223259
"N[22,3]",247.973421115957,1.36879564965271,74.3731606894916,131.14592851409,195.192056199307,239.185466939473,291.491706770913,409.375442686937,2952.26436404789,1.00003785734625
"N[22,4]",374.743273155675,1.64663815184167,106.561368899298,210.296492818969,298.820644398422,361.429780374403,432.696812050086,612.72506408024,4187.96684210281,1.00097120622184
"N[22,5]",1601.25242927794,10.0341101639446,525.121973215654,810.311498827269,1234.89426791281,1519.84709279924,1868.73594505597,2867.16118096138,2738.81471753406,0.999713839028985
"N[22,6]",382.986337950331,1.55375864902544,89.4409497892045,236.357367863916,320.935791094081,373.174077396092,434.438464869558,586.981957116957,3313.64276521621,0.999696295432271
"N[22,7]",1225.49439754084,12.4705380951415,357.220511861701,682.531005639959,969.373952530528,1182.33837814395,1416.21127502228,2041.90647319365,820.54497477132,1.00126353912098
"N[22,8]",518.359909089105,2.47849350147044,154.373026095954,282.275057051451,410.042410526177,497.113418290034,601.924668014848,885.028870075761,3879.4241580383,1.00006569086827
"N[22,9]",244.000423808576,3.38924129913733,198.80598150581,51.1653687524549,124.492890604784,189.562024492988,297.373215084835,775.202076866423,3440.7563042681,1.00035915913487
"N[22,10]",333.532273113142,1.3107335038725,83.7495739279639,201.366022556215,275.851711159204,322.354417344343,380.070615712418,530.229693817747,4082.59605182009,1.00086040944376
"N[22,11]",157.527166264658,1.93625671501707,74.3891726103946,42.4888375048374,107.365310853767,146.084227074233,194.822257871749,335.819618766344,1476.02455624676,1.00251569060895
"N[22,12]",1534.04557143306,6.11812477644414,370.550563920999,922.809588673302,1274.57849555337,1486.87742542267,1756.58595649962,2355.46609455238,3668.24468623116,0.999530431231435
"N[22,13]",689.102045464597,2.80012128409185,170.469083987029,415.215036268091,571.101829742498,670.10373693653,786.089480934529,1079.27647098972,3706.27439706141,0.999758503345999
"N[22,14]",139.84734481739,44.6724479246597,2762.8675174849,7.74391730220589,25.8389239264147,43.9550716854715,77.1954553885764,283.339470085338,3825.08084447916,1.00024217146147
"N[22,15]",39.5478354718861,0.284406970067798,16.6048380266853,16.5815905548957,28.0614980450831,36.3533706993427,47.63263607517,80.1927814511607,3408.70027754089,1.00026074919093
"N[22,16]",443.976311414465,2.07111931442807,100.405349224429,284.299183098397,373.186311084559,433.009264838193,499.444591058009,680.506283377876,2350.19265457331,1.00026571766923
"N[22,17]",1042.24624445877,4.70363465583387,273.722583337143,616.223173384166,850.025006515099,1004.9769647435,1194.38470684002,1680.64438337777,3386.52352756326,1.00100534651606
"N[22,18]",9887.9965123887,38.9489518121084,2392.62422354521,6113.03099776671,8222.20441143841,9536.97350617365,11250.460964475,15587.9820865101,3773.61371495169,1.00024670187418
"N[22,19]",1342.14572501435,9.54770995441566,329.792084216097,794.120453369192,1104.50939116593,1308.8368265279,1543.6539425766,2066.0538880778,1193.11421524625,1.00200871918038
"N[23,1]",180.725378075783,1.00954518949372,42.9256666785984,113.274737416244,150.568823623574,175.629891681902,204.329520043091,276.507114316129,1807.93399267016,1.00081681354744
"N[23,2]",533.597775864686,3.18805990394563,190.132107366744,254.104529657609,402.30048485257,508.688542083689,628.534306149842,991.572880635763,3556.78797573674,1.00126616654986
"N[23,3]",282.241152948009,1.51292646427062,81.3015691114999,148.264599635363,226.138156043103,274.084160879968,329.748135085269,463.49533280472,2887.76744217574,0.999502349599347
"N[23,4]",408.875471341948,2.6877048826564,159.464546078505,188.247370290732,299.425407234259,378.039324050894,484.678478880733,802.715338638589,3520.1820283141,0.999866433545686
"N[23,5]",1483.66779369974,8.16551630461301,502.127033251825,743.020209498975,1126.95083174844,1399.7918332961,1745.45991386331,2649.55849198164,3781.46344075732,0.999394442747884
"N[23,6]",373.321734366563,3.02559285140091,96.5244260987106,220.89085993744,304.433831314508,363.249386823242,426.454565895809,595.479326401094,1017.77899937381,1.00187807558573
"N[23,7]",1309.84381713947,15.0215901006039,408.814214544043,703.819580434569,1022.92957516516,1247.87239356888,1528.65244336016,2247.02661136338,740.662167312993,1.00259807243708
"N[23,8]",566.626988918843,2.49916563061029,165.263461354691,310.764111482775,452.989153061762,546.465764518938,654.940366648464,951.377965779458,4372.84022957625,1.00023928964768
"N[23,9]",263.297580171462,3.69339615279696,224.520678357921,48.3256453149908,129.653164219477,202.20853660872,323.617234105717,829.102203101908,3695.39533708932,1.00048890083217
"N[23,10]",458.031658053789,3.31118531604605,121.314627822858,266.637762430433,371.980541024922,444.96427214696,524.893604091812,733.036347766421,1342.33021344979,1.00147060119733
"N[23,11]",230.090343837304,1.4493038389636,91.7584295722178,98.8046297092831,166.591326429615,215.617873037097,274.148021952454,461.022457353622,4008.4185107228,1.0002994363426
"N[23,12]",1578.26307287066,6.70841423740415,392.020113748346,939.386033644927,1311.37318341689,1529.28889464975,1797.33103324302,2503.13238534565,3414.89187090199,1.00029055252109
"N[23,13]",678.780410768004,3.54139576768972,215.567436736055,349.326672562078,530.195281675294,644.055820665277,786.348715434404,1209.98368997724,3705.24890375179,0.999852970803129
"N[23,14]",140.947437286782,45.9899520913995,2907.58771463033,7.48669185566359,26.1327198196019,46.4743563400884,82.2579645027481,310.69682901357,3997.05142694079,1.00015180692175
"N[23,15]",53.9564066128992,0.451891474731995,23.1962765616489,22.5725081530056,37.6209924121882,49.7047018675899,64.6257931325507,110.190090846543,2634.92501107921,0.999588099629062
"N[23,16]",455.064811498104,2.32082817144816,105.334275953397,285.446479987997,380.803557385984,441.6377119139,514.77262919438,703.222690859461,2059.93470101412,1.000150516327
"N[23,17]",1198.70191027704,5.61928073747366,325.857613831414,704.983031523114,968.003828191139,1153.35993178122,1378.88297417534,1953.83451162818,3362.74771477147,0.999966279475913
"N[23,18]",10506.0182535282,57.7314950370683,3348.34227840456,5422.31618993755,8179.12901278363,10045.0121509212,12259.189853623,18360.5773708577,3363.83034925781,0.999595738287596
"N[23,19]",1587.78142121208,16.7454601174922,420.362822743976,894.042928076235,1283.23768191885,1544.92588415437,1833.82534269566,2535.2685566577,630.165218462891,1.0014086860031
"N[24,1]",306.716305532583,2.84014289782928,85.6606325995329,168.803914710695,245.28787333795,298.619468051978,355.882552894529,499.473608692455,909.666437613586,1.00048937797814
"N[24,2]",610.99539851315,2.73613355490644,176.021225808534,345.602348013131,485.688842197642,588.257695793836,705.836714435108,1015.05823906019,4138.61948263503,1.00014393597519
"N[24,3]",287.954144589731,1.39245090002336,85.7026813432662,153.871778816876,227.3612980138,277.063884134578,333.154689350758,494.016481380566,3788.16632429731,0.999628759697465
"N[24,4]",433.902335343205,1.84926984520171,121.457446403028,238.015684236056,352.045220806129,419.603915517029,499.03230633401,707.72732370319,4313.67792600834,0.999808755926716
"N[24,5]",1642.80033019738,10.7680518107593,580.921874980554,786.984292950958,1241.58289028196,1542.45877463806,1938.58343167562,2995.06988613378,2910.45700375826,1.00203766599205
"N[24,6]",602.455698303768,3.85143837598746,164.873025931628,338.909482837004,483.094259054341,585.236669847021,699.07623958202,972.979657143037,1832.53935623526,1.00032770529296
"N[24,7]",2651.06684064809,32.8349453174751,890.685435404712,1310.83189754291,2013.03116506112,2511.20800866817,3148.03504325318,4774.80554800101,735.827656074142,1.00137734041736
"N[24,8]",687.660331009017,3.37098945143688,200.625700897033,375.661758731007,547.536608333832,662.025729590814,796.725524362669,1164.48996567154,3542.07984633863,1.00004099481951
"N[24,9]",303.503782986254,4.76083117823955,274.351483940014,57.4360806439264,144.711080692114,229.424331304971,369.007722350887,974.510826217114,3320.8485091028,0.999998197813882
"N[24,10]",531.296771998392,4.2105402679174,139.961551854407,302.013355662164,431.40390838338,518.948861613833,614.805450122888,842.146769517162,1104.94802019284,0.999931909183414
"N[24,11]",397.375070278338,5.03631761510098,191.056489518396,153.828339179964,263.577398174938,356.135522815177,476.999101768173,891.494260761977,1439.12118156283,1.00312086807975
"N[24,12]",2103.36382480044,15.2714807473256,551.445384166398,1225.51815721676,1706.13499210773,2038.97785682434,2414.72546648638,3332.16805788653,1303.89528146993,1.0018367529531
"N[24,13]",775.303455662108,3.36890943267711,198.650313422306,450.882837491674,637.705627601408,750.76369884077,890.136238667766,1233.5777063387,3476.96114479303,0.999668841858198
"N[24,14]",205.096101150356,67.7169204059156,4180.37110601676,8.77451475663468,29.5923714482023,52.7039752996265,93.141628363739,410.96365751188,3810.96777168165,1.00075542201459
"N[24,15]",79.4313508560973,1.395357053039,42.8244978532335,27.7287699426659,50.3085562414177,68.9487745222978,96.6777180620652,190.684532677128,941.919644758572,1.00171936807558
"N[24,16]",568.238483981463,2.41570082601359,144.196871408917,332.831430586399,467.376962037774,551.356064943891,651.313800001308,889.237600340624,3563.07841185101,0.99973725010382
"N[24,17]",1882.36689730421,18.4033687915717,598.580184112158,941.423283821921,1453.56062209751,1815.22436005064,2232.70588023567,3236.89771672078,1057.91314300264,1.00025193719538
"N[24,18]",12675.4303504383,64.4881460368179,3413.03129245592,7112.92000812451,10350.3952046814,12234.7546369427,14629.7468422854,20560.774316811,2801.04932775255,1.00134945229663
"N[24,19]",1369.66663080046,5.72012223521576,321.842166305295,846.241602495297,1144.07739213109,1332.78464603076,1555.70160200941,2107.93599814322,3165.74016718293,1.00041497778903
"N[25,1]",298.786620726097,2.84059695363108,136.829272061637,121.548733069073,204.547794362622,267.154428085076,358.800814396185,662.307767701746,2320.27146516754,0.999300598950315
"N[25,2]",518.72564322923,2.65674223436325,166.885650973612,270.16322727493,398.832599937067,494.119993187449,610.048543416766,910.450038323841,3945.8371251305,1.00074817701763
"N[25,3]",279.658733030766,1.42699663977456,92.9403466656294,139.574570883933,214.61487303206,265.539897493909,329.92438276853,498.473621349719,4241.92196774927,0.999995532977781
"N[25,4]",530.028260659278,2.56618837686511,162.027688113204,265.608896629509,416.251123704969,513.729219074816,624.604382834449,902.846175924948,3986.58844375643,1.00058863758539
"N[25,5]",1108.84982393826,13.5499766781266,477.408260139074,445.069807163257,773.121538015896,1020.58538486034,1347.68621827685,2269.19648115762,1241.37433545397,1.00145617410141
"N[25,6]",553.012176867146,3.9938736970342,255.878729561594,214.049440782293,376.629452298266,500.867378276026,666.708139550481,1185.15619325473,4104.6839052631,0.999736227325478
"N[25,7]",2484.22789490175,25.3811162377767,1360.39683307149,909.151450642413,1629.42156888875,2170.77003294786,2964.69380773217,5801.97695868603,2872.82908102013,1.00099504311194
"N[25,8]",756.200356814639,4.38541666760376,260.02810898011,369.763047231155,573.138033004942,709.729060179448,895.258594230515,1389.4216623349,3515.75715688216,1.00071761019674
"N[25,9]",299.341190942423,5.65152773780619,316.630833244126,45.6922407009163,128.832998613912,210.739912448623,352.737953801398,1103.54766772895,3138.87976759342,0.999779260267871
"N[25,10]",394.141142899615,1.91128159754428,115.889989595316,221.067655086,312.861159131399,374.933512685584,456.644901515418,669.484513911662,3676.56705427824,1.00100002933309
"N[25,11]",462.260977227779,6.73435607835173,268.490532309176,148.871232853879,283.115967754955,392.023206637814,574.884741545344,1171.98890139846,1589.51927981233,1.00158960890441
"N[25,12]",1540.68001077912,10.8226879195297,467.829217543525,856.055751462528,1215.05166214353,1458.27361105915,1798.50588788528,2653.96575024157,1868.54866052729,1.0022316413499
"N[25,13]",571.280116339872,4.82396836733691,174.48239409867,318.608035075046,449.601201373133,541.40023652377,661.282393190293,998.217439414926,1308.26077598681,1.00095450328272
"N[25,14]",276.521258668071,125.040557356933,7917.65175792653,7.51663058072383,25.739997413017,48.5018473474672,90.6051073814936,465.247629731966,4009.50713673884,1.00066284374163
"N[25,15]",59.9622355720362,0.449742174490679,29.6803217269538,21.8139030838801,39.6711267054283,53.6252146830393,72.4671427746779,136.32900013172,4355.21879585443,0.999403762830505
"N[25,16]",574.664710087748,4.55663821560228,257.440821623364,221.081840820682,396.864251759514,524.01297710169,694.665580461878,1242.27670557411,3192.02092204908,1.00026571975733
"N[25,17]",1763.16912089752,15.0856182276105,854.507933755184,680.332286662335,1188.00757854261,1595.88578866878,2118.95721364996,3938.32381977149,3208.52902989553,1.00112529452695
"N[25,18]",12220.5674884981,92.2875279943088,5230.44432355548,5011.37637036241,8567.71066007571,11267.4203863008,14761.8493236126,25194.628859643,3212.11540856856,0.999484724295572
"N[25,19]",1158.30181070364,5.71713258321617,317.160029566228,670.450020046776,938.23175614311,1117.2024767974,1325.2890489373,1931.48966685727,3077.51636949185,0.999641942746429
"sigma_rn[1]",0.332350796603918,0.00583506948171808,0.0811914331765139,0.170273954626431,0.281917277292395,0.332902197028116,0.383301259554467,0.498195248856911,193.610252557408,1.00707939053362
"sigma_rn[2]",0.334582224986577,0.00639275446443958,0.0911716591205194,0.160089854643453,0.278658196121308,0.332292167413599,0.386732344838691,0.518557714542374,203.396590073574,1.00743507549761
"sigma_rn[3]",0.448697816882381,0.00593561119863729,0.138653100771098,0.23935313437927,0.347470214689517,0.424255501426668,0.533905629428559,0.772166204122704,545.667743421008,1.00353799488202
"sigma_rn[4]",0.398259567169209,0.00374754614798757,0.109079803545005,0.235419568551935,0.326721946512033,0.381447745768283,0.448289392346266,0.670056142336187,847.217104388753,1.00368394764076
"sigma_rn[5]",0.378795644627458,0.00832653060862983,0.140081708370763,0.175820230485059,0.295085350601824,0.354868653707249,0.426350382801857,0.761741612613799,283.031448085485,1.00738378971632
"sigma_rn[6]",0.339286071818901,0.00572591124726917,0.0827480315804957,0.177578392611932,0.285632680459184,0.339284177810947,0.389221696897097,0.510699964816124,208.845979405935,1.00476394666513
"sigma_rn[7]",0.354722108755531,0.00657213901241631,0.0986282895142158,0.171898635463845,0.291510925280867,0.348241351302677,0.408797965648272,0.576438169028316,225.21095942559,1.00397916420993
"sigma_rn[8]",0.333084413643754,0.00613331880575201,0.0906115065440662,0.156231061505133,0.276750515478909,0.333362443475292,0.38640118637555,0.510167648742363,218.260739956419,1.00702549887754
"sigma_rn[9]",0.329443338015598,0.00602986017530914,0.0832289689784691,0.165728460294266,0.27679524073212,0.329622743058559,0.381185644771433,0.495562402720699,190.517356286598,1.00605161725999
"sigma_rn[10]",0.353111598294817,0.00603350761842485,0.101629686081305,0.159203732470019,0.291490126531888,0.346650808949671,0.407638509883588,0.571461539210061,283.727503880903,1.00610249226919
"sigma_rn[11]",0.384572708742543,0.00720816720922542,0.152359278165341,0.175049019573217,0.296788131841212,0.356573947234636,0.425808119393676,0.854575437729998,446.774222657855,1.00558152378844
"sigma_rn[12]",0.334051575606486,0.00647035155922595,0.0899307518920289,0.158535517143485,0.277799413318188,0.332640149929267,0.386666324013707,0.527570756148254,193.179346480105,1.00796110577191
"sigma_rn[13]",0.327666000808634,0.00615290400251828,0.0837673153870669,0.160186995600142,0.272808767986584,0.327806819305117,0.383356058979807,0.495069232544265,185.348431770112,1.00605968116335
"sigma_rn[14]",0.383538667394603,0.0135307885311922,0.202064502732639,0.164288831688961,0.284889925576167,0.343582806860768,0.408996825443788,1.06708439947152,223.014879264648,1.0072085527906
"sigma_rn[15]",0.460084183277013,0.0119682592465437,0.235053149734697,0.191371128801615,0.316358975560697,0.384762021018006,0.511036307847023,1.0957112029073,385.718238184708,1.00377142943829
"sigma_rn[16]",0.328137578707011,0.00597726631968443,0.0805972603458032,0.167428553238527,0.276820110307362,0.329142897756965,0.380562511561915,0.486100354127428,181.817359474296,1.00779243887209
"sigma_rn[17]",0.342406963660907,0.00627205420441568,0.093324460951238,0.169666014680358,0.283366223686256,0.337362226319295,0.392942603485649,0.551218537703741,221.39681775747,1.00553329464712
"sigma_rn[18]",0.32259759745092,0.00591151460315396,0.0790122125229278,0.162415057695021,0.272949189827511,0.323956668549311,0.372689384169731,0.477505224068381,178.645019510609,1.00655349293331
"sigma_rn[19]",0.330793977460069,0.00571878146383393,0.0803486117721855,0.16875965897741,0.277410995993045,0.331486500341511,0.381503501607852,0.496661740386484,197.401184157097,1.00748634803213
"sigma_wn[1]",0.337439698001257,0.0055101873524424,0.0769671687232693,0.184047705044886,0.288408599808125,0.336155666072595,0.385293950657941,0.493885345941381,195.109443868886,1.00644020369306
"sigma_wn[2]",0.418602561512581,0.00281112665391714,0.0898082934943647,0.274378657774439,0.358274371408351,0.406503638869743,0.466502842009505,0.619957580409527,1020.63877222094,1.00121176841771
"sigma_wn[3]",0.421972780425012,0.00514255975195173,0.116720389507258,0.234348920923209,0.345256136168304,0.403338338992407,0.481830457683993,0.698030069360868,515.151256351525,1.0037825795427
"sigma_wn[4]",0.375193415352584,0.00414152295202317,0.0938967999069131,0.214500710245204,0.316017639110603,0.367163769395443,0.422082126718171,0.598195542069711,514.021681087769,1.00200178247537
"sigma_wn[5]",0.572462285584123,0.00564526353478433,0.144280815212977,0.316263080279508,0.474786678230053,0.563624585009641,0.659168165739931,0.891449342315458,653.203846752488,1.00424066867751
"sigma_wn[6]",0.360684784362659,0.00464460576393707,0.0762007258011388,0.221320773524787,0.310480547757691,0.356234178738397,0.407540449649738,0.526369534049447,269.16618697381,1.00499037647374
"sigma_wn[7]",0.405477493663925,0.00510279527765757,0.0921068749578818,0.242161237252765,0.343840743253808,0.397585660234349,0.458306068053059,0.609049831764402,325.812547331697,1.00488762745752
"sigma_wn[8]",0.481404832243738,0.00205129673812274,0.0975277122028471,0.326493430309429,0.412559768494089,0.468240359042259,0.537137174537486,0.710886020748693,2260.47180549955,1.00180009684212
"sigma_wn[9]",0.375413609049166,0.00366254721554207,0.078058190871284,0.234708290422477,0.325293463329868,0.370349166755889,0.419544648834137,0.542550174597375,454.224440834715,1.00198042557287
"sigma_wn[10]",0.37675050731797,0.00546831062568403,0.0960096862096716,0.210255815281903,0.312955825008729,0.367378456218834,0.429475517659759,0.591755244288493,308.264665779771,1.00343502936756
"sigma_wn[11]",0.738543634212174,0.00452741011436986,0.157659566549606,0.428765750170859,0.635106805940193,0.731951596608321,0.835026755013919,1.06211521545712,1212.66539053109,1.00272223749876
"sigma_wn[12]",0.377635451657542,0.00504279907064988,0.0845152746266024,0.223936141927914,0.32241149201421,0.373802425447944,0.426621420333519,0.561960876775023,280.884054715443,1.0069033077546
"sigma_wn[13]",0.360548671802152,0.00480073302373485,0.0774599920788314,0.204764306010942,0.30989573556871,0.358846038572628,0.4090363778606,0.523736211367636,260.339332371205,1.00766052629753
"sigma_wn[14]",0.921241845014184,0.00941098596861136,0.218883264368866,0.417313016528846,0.792746210783741,0.912105549848777,1.04121840280042,1.36966513271345,540.947181444461,1.00555630334613
"sigma_wn[15]",0.776211759913917,0.00863706674335396,0.202903439258922,0.339923775545271,0.664287458978024,0.78660296181672,0.903043672345478,1.17040100825279,551.882045992561,1.00271764164593
"sigma_wn[16]",0.334344668487663,0.00549838732704272,0.0749500920466968,0.18236286985388,0.287236617367075,0.335047801511802,0.381844855328543,0.483832526273594,185.811967201508,1.00530169470129
"sigma_wn[17]",0.408585453575911,0.00455907924039482,0.091503724369652,0.243383019017472,0.347938252491333,0.403247789000513,0.462355528864415,0.61373374296138,402.831349011351,1.00182889430113
"sigma_wn[18]",0.335262184670986,0.00484906726554071,0.0698929480813435,0.199140428794799,0.289832380844384,0.334700123976506,0.380930497169212,0.471470030298102,207.754434011571,1.00604052875822
"sigma_wn[19]",0.350887314594322,0.00486192832921733,0.0745772383505618,0.204259916594971,0.301146550152043,0.350813177465422,0.398425184335568,0.496671650230018,235.285676343582,1.00584690078244
"slope[1]",0.0281388023161167,0.00105098650572456,0.0329090311092505,-0.0318401274153258,0.0059828655447975,0.026802896054596,0.0487381275285406,0.0958224521003827,980.473618503779,1.00174574284527
"slope[2]",0.0229386943793296,0.000981970200084568,0.0336904714128176,-0.044100351324538,0.00107468377848834,0.0226179842664395,0.0451100051810291,0.0895394006498823,1177.11138145509,1.0025471865617
"slope[3]",0.0339016505360455,0.00100803766399421,0.0351000811032445,-0.0297238817563323,0.010443822947895,0.032044182486837,0.0554907385479084,0.109267095918473,1212.44688316892,1.00036584900121
"slope[4]",0.0420778731605729,0.00102810168900089,0.0383824162255522,-0.0218149968131283,0.0152839346701893,0.0391347789928136,0.0636595479727511,0.128325110695271,1393.77437668058,1.00120968382038
"slope[5]",0.0250508555512695,0.00100254530882203,0.0332417813227081,-0.0385882155631743,0.00309772951792935,0.0238532788771692,0.0463700976707553,0.0919775722927287,1099.41221563507,1.00223982973822
"slope[6]",0.0262922072110652,0.00102134505473749,0.0333351775651572,-0.0385519367982521,0.0040778669600001,0.0255896840936403,0.0475887598526275,0.0924986877660488,1065.27212939072,1.00170749696366
"slope[7]",0.02639420393371,0.00108487593979075,0.0343551470281261,-0.0393192076825583,0.00429369768109534,0.0254082919972346,0.0474021080070328,0.0957356312473759,1002.82111067718,1.0015857184114
"slope[8]",0.0295231225085189,0.000944397167299666,0.0330765588079534,-0.0322633525728851,0.00759369158870915,0.0281191397758389,0.050179867724073,0.096189453718861,1226.68001380828,1.00126810851145
"slope[9]",0.0275325833507432,0.000975893442889704,0.033319469170949,-0.0355669166159057,0.0052927360285339,0.0261943999183503,0.048873749111961,0.0963881996247297,1165.71221627653,1.00136879210458
"slope[10]",0.0237838968678901,0.00102173190734314,0.0337242104618846,-0.0456675589833301,0.00225548181009887,0.0240104189394468,0.0454522786542091,0.0891740609088686,1089.45593666681,1.0021359970121
"slope[11]",0.0252800563269033,0.00106041305339629,0.0330953888062938,-0.0400227682939746,0.00305670199274978,0.0244731318200933,0.0465656104856707,0.0917516670560677,974.05806115447,1.00129975554272
"slope[12]",0.0248929041788684,0.00100114666695816,0.0322427620893614,-0.0383894391346945,0.00375891727414382,0.0240835746064333,0.0462888419184217,0.0891025193141946,1037.21566151813,1.00163979383525
"slope[13]",0.0208786586708057,0.00105053279357544,0.0334572467964719,-0.0460904468870762,-0.00103477709915559,0.0206043892831381,0.0431564090878456,0.0873316257151953,1014.28773034358,1.00140115086472
"slope[14]",0.0252463151320327,0.00103283379531955,0.0341332731474574,-0.0414890280436767,0.00325838858057303,0.0248881830243808,0.0462622305406033,0.0918012548308888,1092.18194338978,1.00057919535869
"slope[15]",0.021717333762618,0.00103313268489259,0.0350040153055372,-0.0487301788308111,6.28803921323617e-05,0.0225997722715174,0.044132867613836,0.0904943374035365,1147.95146686188,1.00173396561785
"slope[16]",0.0278140017013301,0.000897400102082837,0.0321048717350249,-0.03166905804981,0.00640522403394782,0.0261698428225104,0.0484117035477118,0.0940941610699318,1279.88116851446,1.00133083701744
"slope[17]",0.0375259743281275,0.000882836091826826,0.0336769043950799,-0.0236683068219892,0.0142949019339089,0.0362086805670901,0.0587773586839938,0.110971294771406,1455.13795557314,1.0017246947611
"slope[18]",0.0264403695475657,0.000856186205009504,0.0324483003047283,-0.0378417458436793,0.00503058212741492,0.0259509933474164,0.0468398469827245,0.0923195961906007,1436.30758207578,1.0009716927263
"slope[19]",0.0281537265286951,0.000864726238760079,0.0320523894117406,-0.0320460976699538,0.00703167694809174,0.0270413170717489,0.0484205106189612,0.0952418156197821,1373.9266467099,1.00047620079089
"Omega[1,1]",1,NA,0,1,1,1,1,1,NA,NA
"Omega[1,2]",0.0811563751453834,0.00423342595912846,0.215713933132812,-0.345919128429057,-0.068243971011554,0.0868080266766988,0.231976265733745,0.489548301496704,2596.40512541736,1.00152631416588
"Omega[1,3]",0.0359252125351622,0.00383002272815616,0.196941265614498,-0.344189816011856,-0.101098075553013,0.033868923963601,0.168548375753363,0.419975472246507,2644.05659431626,0.999276879823939
"Omega[1,4]",-0.0455078460884161,0.00372626048738784,0.20280287450487,-0.435128873414335,-0.190038975696021,-0.0475716472728396,0.0971209246698651,0.348907395349135,2962.11414477665,1.00032415076047
"Omega[1,5]",0.0220643301676548,0.00370432880021419,0.20836872737148,-0.3869771229067,-0.121233386791311,0.0170910572442972,0.165166782576975,0.433970160409023,3164.06955673067,0.99921095921892
"Omega[1,6]",0.243503347906217,0.00467935146422762,0.199796083476898,-0.179012265148086,0.115786310232112,0.255756715728139,0.384230021352845,0.604510097775852,1823.06691319606,1.00036639272125
"Omega[1,7]",0.25211693240957,0.00497136420151483,0.204767346932682,-0.16406786562728,0.120816280769126,0.258102047482424,0.400932921958722,0.613214270067477,1696.56399273254,1.00120731934552
"Omega[1,8]",0.0588450498689238,0.00374153764694949,0.212701133269826,-0.362829455157449,-0.0853418413047384,0.0641538782844162,0.207828952766928,0.461196084456122,3231.76199077437,1.00029856189633
"Omega[1,9]",0.11796187512326,0.00348947345452537,0.209871508682405,-0.302605570014637,-0.0244367715757574,0.12214552632912,0.26438253911613,0.51613710789048,3617.32201310246,0.999628950219535
"Omega[1,10]",0.154937063165043,0.00388755790230752,0.208889821747409,-0.27549123937379,0.0138499982134133,0.163843027339579,0.299698525213983,0.543071683262339,2887.22624908021,1.00034577812099
"Omega[1,11]",0.136628522817886,0.00331591348625259,0.209543161813152,-0.27863770034863,-0.00677327179638314,0.144774097987994,0.287242788710598,0.51964333490671,3993.3796760328,1.00021254988216
"Omega[1,12]",0.159485298488745,0.00395654900458402,0.206793418713906,-0.261377226243757,0.0223665181745706,0.163131917737436,0.306119196853372,0.539475012152892,2731.74607540224,1.00311564309489
"Omega[1,13]",0.140419890498663,0.00379898876528823,0.205770812924802,-0.278427430424624,0.00172677717293909,0.148796832712489,0.286890101748391,0.521604989583201,2933.80691716184,1.00038067836459
"Omega[1,14]",0.0816614436144027,0.00325005388454426,0.216273095741179,-0.3511629978233,-0.0676471914080847,0.0835259992755536,0.238679414563806,0.478208601085794,4428.16577189128,0.999720143964252
"Omega[1,15]",0.125909060152181,0.00362489233987329,0.201222305407792,-0.280151997383656,-0.00876908720190885,0.130877429535372,0.266074281613862,0.501684890616971,3081.49889206018,1.00078629622385
"Omega[1,16]",0.179404215310435,0.00590517057552448,0.205818572991551,-0.246680288991883,0.0411913924693344,0.187951075254625,0.328084852215735,0.5568075192719,1214.79845637079,1.00108458877063
"Omega[1,17]",0.194883954477246,0.00462399033151509,0.205332898757473,-0.232382239175114,0.0594013735302295,0.208447144584298,0.340957329117014,0.568144810607887,1971.89253053937,1.00162457117252
"Omega[1,18]",0.166911588864689,0.00345191811654112,0.203953315757714,-0.256380723798638,0.0349068977916232,0.171499163816141,0.311622254365527,0.537536039538315,3490.92541504353,1.00094007044983
"Omega[1,19]",0.0432796957379521,0.00336340768260642,0.196548510935594,-0.336530807740318,-0.0940045025872401,0.0429191419973852,0.178320973218012,0.42198056796821,3414.91967021409,0.999855965775098
"Omega[2,1]",0.0811563751453834,0.00423342595912846,0.215713933132812,-0.345919128429057,-0.068243971011554,0.0868080266766988,0.231976265733745,0.489548301496704,2596.40512541736,1.00152631416588
"Omega[2,2]",1,1.48040272241736e-18,9.45764986468779e-17,1,1,1,1,1,4081.37700639216,0.998999499499374
"Omega[2,3]",0.00407906657931456,0.00411102359762814,0.203116633682362,-0.390350786593264,-0.136003478424353,0.00687462428679924,0.147000265325712,0.388746967706824,2441.13074832387,1.00073025410556
"Omega[2,4]",-0.0673882677861629,0.00371551666580609,0.203191852771774,-0.459262269182998,-0.2055408869074,-0.0711895573406653,0.070575043700765,0.340696436916205,2990.7089711464,0.99992614590233
"Omega[2,5]",0.107412707841448,0.00376770532942106,0.215828711367823,-0.325975972660013,-0.0376428891371333,0.113190966787426,0.261003371319052,0.503757336084458,3281.44082193527,1.00106000766022
"Omega[2,6]",0.122943210774763,0.00409394427932607,0.208909055938414,-0.293437167417414,-0.0196962194950063,0.122947621244417,0.270424914908129,0.518642789780701,2603.93823244022,1.00284821356392
"Omega[2,7]",0.116173065454839,0.00382875151904424,0.207910124199486,-0.302102862635216,-0.0249688945007269,0.121737621944133,0.264123223305223,0.50523561257592,2948.74292214755,1.00151659797253
"Omega[2,8]",0.118104661901767,0.00349024917595695,0.219087647860755,-0.316708150095667,-0.0302340209439686,0.12224333711949,0.275203079343607,0.533603909904573,3940.24220995094,0.999803548942641
"Omega[2,9]",0.0859627150811763,0.00407862595157589,0.220830952308745,-0.354431423332114,-0.0648192112645989,0.0915016794812184,0.237123238752136,0.501674387622142,2931.51509031209,1.00038532153801
"Omega[2,10]",0.132748098200718,0.00417307455908883,0.217357983387136,-0.313794457563608,-0.0152323404513657,0.138968378779473,0.291168686479927,0.537011980151902,2712.93197247106,0.999939880585732
"Omega[2,11]",0.0688028653270243,0.00356264491198421,0.220556842310404,-0.349427396342009,-0.0865542444385119,0.0746270634974498,0.224760366858864,0.492043515299215,3832.62204968686,1.00146176103938
"Omega[2,12]",0.119584946306933,0.0036665605120445,0.211459306734356,-0.296939013477818,-0.0266085672578701,0.125018654862913,0.264251531373267,0.532842962395709,3326.1045344981,0.999535159665275
"Omega[2,13]",0.13006395255011,0.00424072320535093,0.220885077929037,-0.310489803952939,-0.0237314594240978,0.132697510867113,0.283510065681701,0.544627611577245,2713.01941737395,0.999621655250004
"Omega[2,14]",0.0261515481560792,0.00351915321299497,0.221616549283647,-0.407442489706379,-0.131561303546214,0.0292582490476067,0.181588566331151,0.447989326211387,3965.77459679666,0.999970901337762
"Omega[2,15]",0.0978371783235625,0.00443615930536915,0.216285101468023,-0.332747147067605,-0.0524421423996469,0.102118279028978,0.251391152894234,0.504430441573502,2377.05342178713,0.999552737553352
"Omega[2,16]",0.00792518994505374,0.00379804872615029,0.210754162556592,-0.400471576434126,-0.135896521599783,0.00803335819645285,0.15550959846444,0.407471652407278,3079.15292018694,1.00099834668472
"Omega[2,17]",0.0751552951437002,0.0039663514941462,0.208558039444804,-0.329763014661295,-0.0686057221268511,0.0794016023043524,0.221365002856434,0.460353922582644,2764.84936209357,1.00108217982099
"Omega[2,18]",0.0411668178303402,0.00392221700784913,0.217129999647962,-0.387273645541989,-0.104832379925958,0.0425974732750201,0.19115713964828,0.455810132438161,3064.61855102223,0.999913615597582
"Omega[2,19]",0.0739064325915058,0.00419985545040944,0.208291832083512,-0.339558141934548,-0.0668978195916287,0.0812690041501443,0.21913015175945,0.462100465287815,2459.66404910059,0.999579159075918
"Omega[3,1]",0.0359252125351622,0.00383002272815616,0.196941265614498,-0.344189816011856,-0.101098075553013,0.033868923963601,0.168548375753363,0.419975472246507,2644.05659431626,0.999276879823939
"Omega[3,2]",0.00407906657931456,0.00411102359762814,0.203116633682362,-0.390350786593264,-0.136003478424353,0.00687462428679924,0.147000265325712,0.388746967706824,2441.13074832387,1.00073025410556
"Omega[3,3]",1,1.42103503139234e-18,9.07852364862113e-17,1,1,1,1,1,4081.51023423421,0.998999499499374
"Omega[3,4]",0.0541639205932195,0.00327962158711222,0.192012059768234,-0.321508850257098,-0.0763457585354761,0.0567186977441086,0.182055307278578,0.426632139147285,3427.75316225272,0.999241122455331
"Omega[3,5]",0.12876416077458,0.00337556782704265,0.208231501712874,-0.288154617467748,-0.0159089805879718,0.135855928161845,0.274027993171636,0.515387213117567,3805.39010419756,1.00044756048769
"Omega[3,6]",0.0896542985273734,0.00355631582611549,0.188754878627646,-0.28786592078502,-0.0418825654776183,0.0964952644209516,0.222449271224822,0.452439184776062,2817.05759240637,1.00014990361776
"Omega[3,7]",0.0498979806567689,0.00361026882794503,0.187877798203891,-0.321110795975246,-0.075354535684083,0.0545449082773901,0.181433639045533,0.407977013047432,2708.14454479428,1.00113954398319
"Omega[3,8]",-0.00200669812460805,0.00345228250173232,0.210775079132359,-0.407418393955334,-0.14998741710477,-0.00559125255874521,0.145254011707865,0.412813341481855,3727.57051701592,1.0002462680823
"Omega[3,9]",0.117225988311011,0.003512166006695,0.201056145222574,-0.273970041347785,-0.0188384963897337,0.120197775347786,0.256296560124753,0.497733311329051,3277.06181196724,1.00049538013891
"Omega[3,10]",0.146673842408665,0.0040689827526799,0.209914207525113,-0.286134362447424,0.00309462137353144,0.153416696520441,0.29692213930543,0.530400474724158,2661.41113423618,1.00110683480876
"Omega[3,11]",0.110888649207548,0.00323804435925027,0.200115196537499,-0.298900833934419,-0.0229641160344109,0.115130328041566,0.247556519584738,0.482597741331336,3819.39479092057,1.00042781309704
"Omega[3,12]",0.0819484250757718,0.00380703803056482,0.20139513192386,-0.315417949783263,-0.0554533901035584,0.0855417986724059,0.223885606461892,0.46283669616616,2798.48837310928,1.00071813619903
"Omega[3,13]",-0.00111036708573965,0.00346985890963749,0.196941827110915,-0.371497680077375,-0.142059264032073,-0.00787276659484753,0.134149896926597,0.389580819573209,3221.45666404407,1.00066539864185
"Omega[3,14]",0.0215077619305652,0.00330246358427923,0.214427534662515,-0.397712877643317,-0.126109900843464,0.0255378742900289,0.169276969020159,0.426929587859591,4215.84883210576,1.00011975596433
"Omega[3,15]",0.0595651242870407,0.00331445984234468,0.193223145508859,-0.328611687304935,-0.0706714776890677,0.0620384014227093,0.194983240298011,0.426071889973852,3398.54302599398,0.999562593428139
"Omega[3,16]",-0.0346315310000872,0.00345701783879445,0.188782689475318,-0.394677605914519,-0.168539993672091,-0.0362871835645399,0.0945048338756639,0.333788647883922,2982.09240540044,1.00138575407899
"Omega[3,17]",0.0285081311596064,0.00334534695838325,0.19258670795261,-0.34404399947884,-0.101649190354834,0.0263982606749726,0.160107434117531,0.404195848397407,3314.13568829863,0.999990296990544
"Omega[3,18]",0.134493413869892,0.00321951214236616,0.193042417419512,-0.248610308523905,0.00378862187332997,0.140667134055726,0.274176644299962,0.490650664839754,3595.21908280651,1.00134660509842
"Omega[3,19]",0.176305274989256,0.00330659927853464,0.191015504286901,-0.188947603003238,0.0461863583946343,0.175859239453931,0.311312451692068,0.536276255844838,3337.13753200232,0.999948241271113
"Omega[4,1]",-0.0455078460884161,0.00372626048738784,0.20280287450487,-0.435128873414335,-0.190038975696021,-0.0475716472728396,0.0971209246698651,0.348907395349135,2962.11414477665,1.00032415076047
"Omega[4,2]",-0.0673882677861629,0.00371551666580609,0.203191852771774,-0.459262269182998,-0.2055408869074,-0.0711895573406653,0.070575043700765,0.340696436916205,2990.7089711464,0.99992614590233
"Omega[4,3]",0.0541639205932195,0.00327962158711222,0.192012059768234,-0.321508850257098,-0.0763457585354761,0.0567186977441086,0.182055307278578,0.426632139147285,3427.75316225272,0.999241122455331
"Omega[4,4]",1,1.52016197777466e-18,9.63682768710677e-17,1,1,1,1,1,4018.72654550577,0.998999499499374
"Omega[4,5]",0.0301373487622504,0.00397569969292334,0.202075296877616,-0.355214792042029,-0.108421976888348,0.0307998064201024,0.170074971817087,0.427241855198057,2583.44551408401,1.00080078290883
"Omega[4,6]",0.0277364710781452,0.00381701339851552,0.19658289150469,-0.347515965868801,-0.112266782676643,0.02467137834622,0.162769626039685,0.419975691662591,2652.43083885254,0.999601604927347
"Omega[4,7]",0.0314695364361551,0.00373242464624881,0.19756972240203,-0.361617382964555,-0.102920291442467,0.0357676834266454,0.167677242265306,0.41202785553321,2801.93903886026,0.999895951254304
"Omega[4,8]",0.0183328215925026,0.00334383575790607,0.203417579860721,-0.376232726030656,-0.122273710478815,0.0186863755472471,0.161147683347312,0.402780100568807,3700.72735828103,0.999868159935034
"Omega[4,9]",-0.021478562731434,0.00356703857811606,0.204910609956562,-0.424989398176757,-0.162595345177158,-0.0154671963783127,0.121320854540605,0.374863415063064,3299.99498215593,0.999716205433189
"Omega[4,10]",-0.0424760312863036,0.00349228619193055,0.193544571709148,-0.419783466035329,-0.175875221950476,-0.0445888751049666,0.0894646141773246,0.338301697136332,3071.44212931732,0.999812927833595
"Omega[4,11]",-0.0423471309105479,0.00355441576704519,0.205351738360531,-0.445560007008002,-0.17882506530997,-0.0442937896206133,0.0945231461156153,0.362458652098213,3337.80002679355,1.00061240565066
"Omega[4,12]",-0.0320298910730394,0.00360741544627594,0.19718589965866,-0.416719600808712,-0.168565549908693,-0.0334010358237628,0.103569892322015,0.356053160508355,2987.85413337545,0.999978440788868
"Omega[4,13]",-0.0890144013970122,0.00383505566371927,0.201421166319848,-0.460116383349944,-0.231437837983485,-0.0929644436738934,0.0484695006903263,0.303968534897755,2758.46113279018,1.00251865875373
"Omega[4,14]",-0.0423889593762304,0.0035424635552612,0.211952078903668,-0.448598163355357,-0.190349823296802,-0.0407801453941966,0.100800444854835,0.37470784544636,3579.8479380369,0.999857069260999
"Omega[4,15]",0.0171169306470518,0.00342045203000751,0.198372852794269,-0.374315381587017,-0.117399754379385,0.0196092902164257,0.155313176539154,0.399030333818244,3363.54676121168,1.00082160726933
"Omega[4,16]",0.0842759464848225,0.00369810482457306,0.204219696493896,-0.31931458479095,-0.0543186615725344,0.0887969895839974,0.22939635284785,0.470135423111888,3049.55744235353,0.999990784165089
"Omega[4,17]",0.0985463857814781,0.00363042124311171,0.202619085518333,-0.295625227825931,-0.0437165764762744,0.103184632065133,0.245240795198978,0.480236367165158,3114.91831481769,0.999932887179915
"Omega[4,18]",0.0841310778287506,0.00432663434336611,0.203587121563482,-0.310044440517212,-0.0565931850576362,0.0814530758892891,0.229721638700323,0.46981981595469,2214.11522204086,1.00064803811088
"Omega[4,19]",0.0939089423073358,0.00403836901268926,0.204451587892634,-0.30894437506416,-0.0485526493224225,0.10105072853495,0.236942068938411,0.480784774309209,2563.12020507661,0.999285993469876
"Omega[5,1]",0.0220643301676548,0.00370432880021419,0.20836872737148,-0.3869771229067,-0.121233386791311,0.0170910572442972,0.165166782576975,0.433970160409023,3164.06955673067,0.99921095921892
"Omega[5,2]",0.107412707841448,0.00376770532942106,0.215828711367823,-0.325975972660013,-0.0376428891371333,0.113190966787426,0.261003371319052,0.503757336084458,3281.44082193527,1.00106000766022
"Omega[5,3]",0.12876416077458,0.00337556782704265,0.208231501712874,-0.288154617467748,-0.0159089805879718,0.135855928161845,0.274027993171636,0.515387213117567,3805.39010419756,1.00044756048769
"Omega[5,4]",0.0301373487622504,0.00397569969292334,0.202075296877616,-0.355214792042029,-0.108421976888348,0.0307998064201024,0.170074971817087,0.427241855198057,2583.44551408401,1.00080078290883
"Omega[5,5]",1,1.46324748417006e-18,8.66509183255166e-17,1,1,1,1,1,3506.79813793292,0.998999499499374
"Omega[5,6]",0.167319677950902,0.00456698145175633,0.206787619098415,-0.242482138240628,0.0264570661601941,0.172863649767685,0.311697623645056,0.548067162594404,2050.17328554467,1.00057601747366
"Omega[5,7]",0.14160699580411,0.00458100705288336,0.209231300676163,-0.280648799380294,0.00272584685982892,0.146729006983414,0.291751813343521,0.532525304802607,2086.08206294819,1.0026822066889
"Omega[5,8]",0.0772036796417814,0.00405901554558649,0.219187606224768,-0.363317208206444,-0.0698068265015267,0.0741144442606039,0.232928816446996,0.492373038897134,2916.02040163642,1.00004260188264
"Omega[5,9]",0.0985392031076068,0.00379175529040633,0.213504175544586,-0.327254008368418,-0.0488325882417108,0.102989752445626,0.253007491772769,0.507902084373604,3170.53201779542,1.00010881070089
"Omega[5,10]",0.101561841914976,0.00394701600198465,0.206421811758288,-0.306179571683051,-0.036422931942836,0.106286399971101,0.246359829568657,0.483008260891798,2735.10117954487,1.00053119847844
"Omega[5,11]",0.0165749846672673,0.00349479014966169,0.205108019075036,-0.376481273961169,-0.12854155268621,0.0174560206187285,0.160287949218268,0.411645396468988,3444.47529817612,0.999747554142966
"Omega[5,12]",0.202010343584205,0.006713155553212,0.215373966929583,-0.239615240916689,0.0620688092731691,0.211791943164392,0.357397804853796,0.586218288563476,1029.27871909839,1.00340404963534
"Omega[5,13]",0.19390971876017,0.00572410031161764,0.216406814046742,-0.260801950140124,0.0507844500049058,0.202257081902429,0.348165790597953,0.58360917634409,1429.31315516217,1.00250361684369
"Omega[5,14]",0.0705630652198237,0.00366468095949026,0.219496443512593,-0.366269524161609,-0.080207362200634,0.0767591391367458,0.222827354741124,0.480432181466566,3587.42336278519,0.999955427378212
"Omega[5,15]",0.117966314407869,0.00396622049272134,0.207511590732866,-0.303623122284947,-0.0222356430747635,0.11880783632929,0.266232391002081,0.506432574150404,2737.35429061566,1.00008100575931
"Omega[5,16]",0.0558192762776938,0.00395884385267149,0.212379712518705,-0.354305544328215,-0.0943306114514516,0.0566720930375815,0.201680488726812,0.470767293715944,2877.99021131034,1.00021878559216
"Omega[5,17]",0.126978625355499,0.00610045327131279,0.224580914855739,-0.315248940003427,-0.0275120473691944,0.137104438730977,0.283537404967453,0.549785734076661,1355.25645237212,1.0024263194609
"Omega[5,18]",0.148477618109468,0.00377800419782659,0.210497261273363,-0.264162335444169,0.00955559501952122,0.15276442465816,0.294318655667232,0.536968854718921,3104.33103817914,0.999886711256942
"Omega[5,19]",0.167028050969996,0.00381771243437488,0.20361912541982,-0.247399530075479,0.030114321032849,0.175964951950458,0.310988072946661,0.547321927539312,2844.66225685394,0.999633487616376
"Omega[6,1]",0.243503347906217,0.00467935146422762,0.199796083476898,-0.179012265148086,0.115786310232112,0.255756715728139,0.384230021352845,0.604510097775852,1823.06691319606,1.00036639272125
"Omega[6,2]",0.122943210774763,0.00409394427932607,0.208909055938414,-0.293437167417414,-0.0196962194950063,0.122947621244417,0.270424914908129,0.518642789780701,2603.93823244022,1.00284821356392
"Omega[6,3]",0.0896542985273734,0.00355631582611549,0.188754878627646,-0.28786592078502,-0.0418825654776183,0.0964952644209516,0.222449271224822,0.452439184776062,2817.05759240637,1.00014990361776
"Omega[6,4]",0.0277364710781452,0.00381701339851552,0.19658289150469,-0.347515965868801,-0.112266782676643,0.02467137834622,0.162769626039685,0.419975691662591,2652.43083885254,0.999601604927347
"Omega[6,5]",0.167319677950902,0.00456698145175633,0.206787619098415,-0.242482138240628,0.0264570661601941,0.172863649767685,0.311697623645056,0.548067162594404,2050.17328554467,1.00057601747366
"Omega[6,6]",1,1.5278755022293e-18,9.05132201849382e-17,1,1,1,1,1,3509.52303304654,0.998999499499374
"Omega[6,7]",0.279552139475798,0.00514668742081729,0.195123451065148,-0.13487399923994,0.151528533711454,0.289435733307423,0.421688557263277,0.627948456809592,1437.35270933255,1.00367642083652
"Omega[6,8]",0.127747668536091,0.0036424256325981,0.214088305780257,-0.305136638317145,-0.0198910264375545,0.134883584351583,0.277033620696967,0.529299109085741,3454.65357307345,1.00054201021027
"Omega[6,9]",0.103151090810528,0.00359941602697467,0.203702084179037,-0.290137468209686,-0.0390982658746488,0.102286665399142,0.247865150543901,0.493182771594663,3202.77811929458,1.00079759409498
"Omega[6,10]",0.157383721114381,0.0039472452733534,0.210424411552782,-0.278100387737417,0.015991609163348,0.166942844958239,0.302480095997075,0.536788275048747,2841.8687471312,1.00047772867122
"Omega[6,11]",0.131529918130849,0.00342882522364962,0.207076630814993,-0.290307312862522,-0.00483477320214701,0.13174701316292,0.278771961467493,0.51092776898351,3647.29997379242,0.9993286955664
"Omega[6,12]",0.244766096738669,0.00485922282215808,0.206899460752065,-0.199121495861202,0.108812809511225,0.25361713392623,0.393556712952729,0.616531197106659,1812.9469199819,1.0007599245316
"Omega[6,13]",0.206955840595829,0.00442781549594872,0.208257093210342,-0.220918134402425,0.0735794548054249,0.214344108719099,0.34830958367341,0.60095121872479,2212.1805675462,1.00030455305458
"Omega[6,14]",0.106360508052828,0.00358145257675548,0.209242102208354,-0.305914348270803,-0.0358930331333481,0.109582612813989,0.252764351484342,0.503891050234932,3413.34148813096,0.999601789599848
"Omega[6,15]",0.186369770978452,0.003795979975183,0.202713037801097,-0.229727738153727,0.0461311999986577,0.193933008339591,0.327174331915703,0.555397656422064,2851.77684433136,1.00012996562286
"Omega[6,16]",0.20301642041206,0.00436627095039533,0.201355161572534,-0.222644402928881,0.0744965648093328,0.210953255550215,0.346130054137863,0.565485395438044,2126.68990094769,1.00048125184195
"Omega[6,17]",0.179230735787914,0.00472155451465924,0.207109807454783,-0.2447677115357,0.0416562581203122,0.188281315556605,0.328365055291967,0.554184161753227,1924.11627505737,1.00152838539763
"Omega[6,18]",0.169383956195232,0.00378982142037404,0.205431604384822,-0.240589175999715,0.032227411097675,0.179581291907639,0.312578323705968,0.551210752934863,2938.30601124038,1.00182966991908
"Omega[6,19]",0.12028639772767,0.00352755482237877,0.19824447279715,-0.26682472292416,-0.0148141283583689,0.118285462238933,0.260029714785056,0.505209363376799,3158.30909935434,0.999567789163786
"Omega[7,1]",0.25211693240957,0.00497136420151483,0.204767346932682,-0.16406786562728,0.120816280769126,0.258102047482424,0.400932921958722,0.613214270067477,1696.56399273254,1.00120731934552
"Omega[7,2]",0.116173065454839,0.00382875151904424,0.207910124199486,-0.302102862635216,-0.0249688945007269,0.121737621944133,0.264123223305223,0.50523561257592,2948.74292214755,1.00151659797253
"Omega[7,3]",0.0498979806567689,0.00361026882794503,0.187877798203891,-0.321110795975246,-0.075354535684083,0.0545449082773901,0.181433639045533,0.407977013047432,2708.14454479428,1.00113954398319
"Omega[7,4]",0.0314695364361551,0.00373242464624881,0.19756972240203,-0.361617382964555,-0.102920291442467,0.0357676834266454,0.167677242265306,0.41202785553321,2801.93903886026,0.999895951254304
"Omega[7,5]",0.14160699580411,0.00458100705288336,0.209231300676163,-0.280648799380294,0.00272584685982892,0.146729006983414,0.291751813343521,0.532525304802607,2086.08206294819,1.0026822066889
"Omega[7,6]",0.279552139475798,0.00514668742081729,0.195123451065148,-0.13487399923994,0.151528533711454,0.289435733307423,0.421688557263277,0.627948456809592,1437.35270933255,1.00367642083652
"Omega[7,7]",1,1.31973830630864e-18,7.55943596694473e-17,1,1,1,1,1,3280.97665398023,0.998999499499374
"Omega[7,8]",0.119930934678399,0.00348448219318906,0.208395645076702,-0.29487101550551,-0.0198416036749429,0.120615123894807,0.261224117145579,0.517741276029939,3576.85042368075,1.00063051291303
"Omega[7,9]",0.125376041592764,0.00364497892699585,0.210170830699506,-0.292358149477384,-0.0187316919755979,0.130420636328345,0.272046122055059,0.520580225424769,3324.71817763144,1.0002539216235
"Omega[7,10]",0.114445389664591,0.00329205575655757,0.197860538276607,-0.300940345095337,-0.0169007494948698,0.118715668194911,0.252256862258321,0.479494499414984,3612.30163957454,0.999456278060941
"Omega[7,11]",0.142324921440345,0.00374036642286915,0.207708846849,-0.27447276313483,0.00246947680566437,0.149903518611604,0.285940955806895,0.541530567108047,3083.76794598929,1.00073575754299
"Omega[7,12]",0.220248221263317,0.00470252744674218,0.208833611519456,-0.203645635408999,0.0810444189843421,0.23088197354385,0.371788078289766,0.594707651921604,1972.14171844845,1.0020692756695
"Omega[7,13]",0.154410368624811,0.00362422995235948,0.205979992937331,-0.256501195780697,0.0167096250087107,0.158063137621859,0.300968776725407,0.552007280190629,3230.11948311177,1.00113564699857
"Omega[7,14]",0.0870995267854569,0.00326320649627491,0.219723814891641,-0.333523383088601,-0.0654331140637526,0.092336039573992,0.242145523433169,0.489586097213862,4533.82912144637,0.999561241729949
"Omega[7,15]",0.184856618049123,0.0035262703445658,0.204254734818897,-0.237039148435697,0.0489722696904331,0.191390119768525,0.329276408321775,0.560449780273779,3355.15861121885,0.999401674083319
"Omega[7,16]",0.214998849878021,0.00396749000745214,0.203086594480825,-0.205797795282302,0.0806368241127095,0.222211752680947,0.358938878819522,0.581962978385693,2620.17821159618,0.999516590911725
"Omega[7,17]",0.254574911498504,0.00680212108784269,0.220323229758865,-0.209507013361812,0.104869817251735,0.269775296303223,0.413701505356309,0.638962208165377,1049.13617291412,1.00262562518274
"Omega[7,18]",0.216653631293398,0.00490047843727539,0.209685987341485,-0.217050509360585,0.0783815258763551,0.223987841134182,0.361900299482327,0.605013755777771,1830.88831358431,1.00105129125068
"Omega[7,19]",0.0260257964250721,0.00399877938149041,0.209120132429688,-0.36390879994851,-0.121513713062704,0.0240364275236475,0.168144577404208,0.450795704390432,2734.87072395726,0.999905370301227
"Omega[8,1]",0.0588450498689238,0.00374153764694949,0.212701133269826,-0.362829455157449,-0.0853418413047384,0.0641538782844162,0.207828952766928,0.461196084456122,3231.76199077437,1.00029856189633
"Omega[8,2]",0.118104661901767,0.00349024917595695,0.219087647860755,-0.316708150095667,-0.0302340209439686,0.12224333711949,0.275203079343607,0.533603909904573,3940.24220995094,0.999803548942641
"Omega[8,3]",-0.00200669812460805,0.00345228250173232,0.210775079132359,-0.407418393955334,-0.14998741710477,-0.00559125255874521,0.145254011707865,0.412813341481855,3727.57051701592,1.0002462680823
"Omega[8,4]",0.0183328215925026,0.00334383575790607,0.203417579860721,-0.376232726030656,-0.122273710478815,0.0186863755472471,0.161147683347312,0.402780100568807,3700.72735828103,0.999868159935034
"Omega[8,5]",0.0772036796417814,0.00405901554558649,0.219187606224768,-0.363317208206444,-0.0698068265015267,0.0741144442606039,0.232928816446996,0.492373038897134,2916.02040163642,1.00004260188264
"Omega[8,6]",0.127747668536091,0.0036424256325981,0.214088305780257,-0.305136638317145,-0.0198910264375545,0.134883584351583,0.277033620696967,0.529299109085741,3454.65357307345,1.00054201021027
"Omega[8,7]",0.119930934678399,0.00348448219318906,0.208395645076702,-0.29487101550551,-0.0198416036749429,0.120615123894807,0.261224117145579,0.517741276029939,3576.85042368075,1.00063051291303
"Omega[8,8]",1,2.23217324543971e-18,9.76392619039587e-17,1,1,1,1,1,1913.3445278226,0.998999499499374
"Omega[8,9]",0.043721154412513,0.003742740755189,0.219738759938993,-0.383401278839826,-0.106695684210744,0.043706880257941,0.195995968413727,0.46654982494616,3446.94096995273,1.00016932561325
"Omega[8,10]",0.0782746689240885,0.00378286082376658,0.218345017767912,-0.361365504494137,-0.0656168973509696,0.0867643239053584,0.226709483389858,0.494976091657745,3331.5462479711,0.999837208554475
"Omega[8,11]",0.065987212700467,0.00371632136547205,0.219249008398685,-0.360003846820437,-0.0849545491946613,0.0662503208447615,0.221909133908334,0.492494286901295,3480.55700736586,0.999899305001513
"Omega[8,12]",0.128377368181961,0.00428604585989417,0.217340214163427,-0.304119820514754,-0.0239896417773189,0.133638493319292,0.282568130076982,0.534194940910296,2571.38173165993,1.00055848911669
"Omega[8,13]",0.0868771043630896,0.00473007758267368,0.221190417010326,-0.360816592543016,-0.0646155993904957,0.093754865935906,0.241905307153928,0.500647952710541,2186.73464992475,1.00064598291682
"Omega[8,14]",0.00947903792388033,0.00380922432418839,0.227842249967413,-0.433110199893239,-0.148545111766487,0.0147518335060669,0.167318803142313,0.451694438549095,3577.62999946801,1.00016511115657
"Omega[8,15]",0.0623157088022535,0.00425509758940536,0.219147914736342,-0.375983764654049,-0.0821297560463632,0.0633898284450585,0.214329254244003,0.485094491478693,2652.50148194245,1.0007038004072
"Omega[8,16]",0.0504417431041299,0.00425899394337927,0.218656382271124,-0.37346428083314,-0.102982580178627,0.0501485308821511,0.202322656780489,0.46339529893031,2635.78675726828,1.00132455157519
"Omega[8,17]",0.105435715692644,0.00374321405434038,0.214542719682433,-0.317067136618271,-0.0416526678251195,0.10995047777857,0.253497669614108,0.515477421489775,3285.0216629544,1.00064490832895
"Omega[8,18]",0.0459202048696436,0.00394762069305523,0.215757078692478,-0.372498591881511,-0.106780395002096,0.0468166877735804,0.201137219501208,0.458189726845813,2987.16541735649,1.00067364865661
"Omega[8,19]",0.0332932873653601,0.00383347223480623,0.215133054047848,-0.37440686812377,-0.116252186528806,0.0298316466759777,0.175885498845961,0.450399881775893,3149.4131821381,1.00003142050348
"Omega[9,1]",0.11796187512326,0.00348947345452537,0.209871508682405,-0.302605570014637,-0.0244367715757574,0.12214552632912,0.26438253911613,0.51613710789048,3617.32201310246,0.999628950219535
"Omega[9,2]",0.0859627150811763,0.00407862595157589,0.220830952308745,-0.354431423332114,-0.0648192112645989,0.0915016794812184,0.237123238752136,0.501674387622142,2931.51509031209,1.00038532153801
"Omega[9,3]",0.117225988311011,0.003512166006695,0.201056145222574,-0.273970041347785,-0.0188384963897337,0.120197775347786,0.256296560124753,0.497733311329051,3277.06181196724,1.00049538013891
"Omega[9,4]",-0.021478562731434,0.00356703857811606,0.204910609956562,-0.424989398176757,-0.162595345177158,-0.0154671963783127,0.121320854540605,0.374863415063064,3299.99498215593,0.999716205433189
"Omega[9,5]",0.0985392031076068,0.00379175529040633,0.213504175544586,-0.327254008368418,-0.0488325882417108,0.102989752445626,0.253007491772769,0.507902084373604,3170.53201779542,1.00010881070089
"Omega[9,6]",0.103151090810528,0.00359941602697467,0.203702084179037,-0.290137468209686,-0.0390982658746488,0.102286665399142,0.247865150543901,0.493182771594663,3202.77811929458,1.00079759409498
"Omega[9,7]",0.125376041592764,0.00364497892699585,0.210170830699506,-0.292358149477384,-0.0187316919755979,0.130420636328345,0.272046122055059,0.520580225424769,3324.71817763144,1.0002539216235
"Omega[9,8]",0.043721154412513,0.003742740755189,0.219738759938993,-0.383401278839826,-0.106695684210744,0.043706880257941,0.195995968413727,0.46654982494616,3446.94096995273,1.00016932561325
"Omega[9,9]",1,1.72580356260112e-18,8.20842069325503e-17,1,1,1,1,1,2262.22861114428,0.998999499499374
"Omega[9,10]",0.0867037053169095,0.00387003337860879,0.211361239391434,-0.332333985954472,-0.0579319128748587,0.0897293042464998,0.233884694777687,0.492977258915305,2982.78034247205,0.999910222208434
"Omega[9,11]",0.0427450892084064,0.00365654008341802,0.215152556931103,-0.363948789942197,-0.10933965346577,0.0439063604563732,0.193394282019581,0.46237445537702,3462.20154863322,0.999893545820639
"Omega[9,12]",0.114292151125669,0.00401593618851492,0.216081687803529,-0.316868958138964,-0.0338799618572599,0.118679312702539,0.268642368049804,0.517565397477626,2895.09167170391,1.00062960199285
"Omega[9,13]",0.118596421048504,0.00376627556434584,0.210191395442764,-0.291671251376947,-0.0284160365606725,0.121937359299985,0.26507777197221,0.518418674224586,3114.62440169983,0.999488742080387
"Omega[9,14]",0.0352953006716374,0.00389718292197365,0.215164701460807,-0.385948975126598,-0.110193449506805,0.0354206754378437,0.188011311516199,0.446880224109136,3048.17901630371,1.00056907110377
"Omega[9,15]",0.0745224685609907,0.00393181097550615,0.211746127334646,-0.346446046587883,-0.0689619264831561,0.0752108110984041,0.225055063813174,0.470669068326101,2900.3184883105,0.999395850700513
"Omega[9,16]",0.00349043750800852,0.00392759659474171,0.208339065362796,-0.401113145271423,-0.141750073246699,0.00662961132542869,0.145295667348691,0.408309966105881,2813.76402947989,1.00044785786395
"Omega[9,17]",0.0703352441594605,0.00393854766620592,0.212676817604839,-0.350610547747614,-0.0780215243618954,0.0755008803012139,0.217805160140867,0.475827183232935,2915.86957571933,1.00011916029514
"Omega[9,18]",0.130365616100152,0.00386982936574364,0.209554632389263,-0.302672719774025,-0.00849912570870258,0.135122835437158,0.28115942993201,0.52304150955795,2932.31687519662,1.00016052131831
"Omega[9,19]",0.0563181601094518,0.00372418064339973,0.211547006442707,-0.344976284637727,-0.090066239820182,0.0511604728152283,0.205227573938062,0.46901589764937,3226.65320853773,1.00096963400459
"Omega[10,1]",0.154937063165043,0.00388755790230752,0.208889821747409,-0.27549123937379,0.0138499982134133,0.163843027339579,0.299698525213983,0.543071683262339,2887.22624908021,1.00034577812099
"Omega[10,2]",0.132748098200718,0.00417307455908883,0.217357983387136,-0.313794457563608,-0.0152323404513657,0.138968378779473,0.291168686479927,0.537011980151902,2712.93197247106,0.999939880585732
"Omega[10,3]",0.146673842408665,0.0040689827526799,0.209914207525113,-0.286134362447424,0.00309462137353144,0.153416696520441,0.29692213930543,0.530400474724158,2661.41113423618,1.00110683480876
"Omega[10,4]",-0.0424760312863036,0.00349228619193055,0.193544571709148,-0.419783466035329,-0.175875221950476,-0.0445888751049666,0.0894646141773246,0.338301697136332,3071.44212931732,0.999812927833595
"Omega[10,5]",0.101561841914976,0.00394701600198465,0.206421811758288,-0.306179571683051,-0.036422931942836,0.106286399971101,0.246359829568657,0.483008260891798,2735.10117954487,1.00053119847844
"Omega[10,6]",0.157383721114381,0.0039472452733534,0.210424411552782,-0.278100387737417,0.015991609163348,0.166942844958239,0.302480095997075,0.536788275048747,2841.8687471312,1.00047772867122
"Omega[10,7]",0.114445389664591,0.00329205575655757,0.197860538276607,-0.300940345095337,-0.0169007494948698,0.118715668194911,0.252256862258321,0.479494499414984,3612.30163957454,0.999456278060941
"Omega[10,8]",0.0782746689240885,0.00378286082376658,0.218345017767912,-0.361365504494137,-0.0656168973509696,0.0867643239053584,0.226709483389858,0.494976091657745,3331.5462479711,0.999837208554475
"Omega[10,9]",0.0867037053169095,0.00387003337860879,0.211361239391434,-0.332333985954472,-0.0579319128748587,0.0897293042464998,0.233884694777687,0.492977258915305,2982.78034247205,0.999910222208434
"Omega[10,10]",1,1.63785345776747e-18,9.03939556547761e-17,1,1,1,1,1,3045.99158636851,0.998999499499374
"Omega[10,11]",0.107857135298729,0.00348050418475367,0.208228602143752,-0.306127436327096,-0.0340063201016857,0.11339474306509,0.255357410734692,0.498128149426785,3579.28637158309,1.0005352219732
"Omega[10,12]",0.158283786586876,0.00453883900068033,0.209723616094843,-0.262780714855647,0.0135923575752137,0.16490140009058,0.303958848618223,0.544080418240363,2135.03558898032,1.00046903281401
"Omega[10,13]",0.111953905126697,0.00371395003083576,0.207562634172521,-0.309542633373361,-0.0301339475958896,0.114440082633498,0.259883736257358,0.501621696116299,3123.39013919943,1.00035121915876
"Omega[10,14]",0.085803413682252,0.00421677307233082,0.22299577455416,-0.35505235048145,-0.0693244228527839,0.0899500241152537,0.244405490522566,0.511563543560266,2796.61580675065,0.99933527159847
"Omega[10,15]",0.218487892969598,0.007035918066213,0.220810533844859,-0.2372529580638,0.0702493975396974,0.22807940913894,0.37473303609734,0.613387704038735,984.913360138548,0.999806951458103
"Omega[10,16]",0.0470678425516946,0.00399692055020062,0.210817445602864,-0.371996109298764,-0.0923598403462988,0.048396495728181,0.191019649711192,0.44832847988776,2782.03162514494,0.999480471513226
"Omega[10,17]",0.101483438682899,0.0044714636428059,0.209715159480895,-0.333533798169701,-0.0316903578490258,0.104564318433153,0.245604872619118,0.508595934839051,2199.68372873677,0.999851366542118
"Omega[10,18]",0.0883456865462399,0.00449891045835387,0.214652535629137,-0.338110613392933,-0.0587315985735866,0.0894612114685965,0.239631469225922,0.500515416162622,2276.44597006679,1.00142589683851
"Omega[10,19]",0.203799070959192,0.00663812251539752,0.216179103920305,-0.23555058740605,0.0557678600954685,0.210391874322435,0.364868815735096,0.602257052670096,1060.56403940605,1.00088096085188
"Omega[11,1]",0.136628522817886,0.00331591348625259,0.209543161813152,-0.27863770034863,-0.00677327179638314,0.144774097987994,0.287242788710598,0.51964333490671,3993.3796760328,1.00021254988216
"Omega[11,2]",0.0688028653270243,0.00356264491198421,0.220556842310404,-0.349427396342009,-0.0865542444385119,0.0746270634974498,0.224760366858864,0.492043515299215,3832.62204968686,1.00146176103938
"Omega[11,3]",0.110888649207548,0.00323804435925027,0.200115196537499,-0.298900833934419,-0.0229641160344109,0.115130328041566,0.247556519584738,0.482597741331336,3819.39479092057,1.00042781309704
"Omega[11,4]",-0.0423471309105479,0.00355441576704519,0.205351738360531,-0.445560007008002,-0.17882506530997,-0.0442937896206133,0.0945231461156153,0.362458652098213,3337.80002679355,1.00061240565066
"Omega[11,5]",0.0165749846672673,0.00349479014966169,0.205108019075036,-0.376481273961169,-0.12854155268621,0.0174560206187285,0.160287949218268,0.411645396468988,3444.47529817612,0.999747554142966
"Omega[11,6]",0.131529918130849,0.00342882522364962,0.207076630814993,-0.290307312862522,-0.00483477320214701,0.13174701316292,0.278771961467493,0.51092776898351,3647.29997379242,0.9993286955664
"Omega[11,7]",0.142324921440345,0.00374036642286915,0.207708846849,-0.27447276313483,0.00246947680566437,0.149903518611604,0.285940955806895,0.541530567108047,3083.76794598929,1.00073575754299
"Omega[11,8]",0.065987212700467,0.00371632136547205,0.219249008398685,-0.360003846820437,-0.0849545491946613,0.0662503208447615,0.221909133908334,0.492494286901295,3480.55700736586,0.999899305001513
"Omega[11,9]",0.0427450892084064,0.00365654008341802,0.215152556931103,-0.363948789942197,-0.10933965346577,0.0439063604563732,0.193394282019581,0.46237445537702,3462.20154863322,0.999893545820639
"Omega[11,10]",0.107857135298729,0.00348050418475367,0.208228602143752,-0.306127436327096,-0.0340063201016857,0.11339474306509,0.255357410734692,0.498128149426785,3579.28637158309,1.0005352219732
"Omega[11,11]",1,2.22340270352074e-18,8.65085173774828e-17,1,1,1,1,1,1513.84523813036,0.998999499499374
"Omega[11,12]",0.0732685207918495,0.00398711303151244,0.216337040538578,-0.350101529946373,-0.0735367903343986,0.076922600102372,0.22102445803011,0.481349729938225,2944.04655380302,1.00010333093111
"Omega[11,13]",0.0340757258816095,0.00390163916229032,0.210716779238167,-0.375954786061926,-0.115017531766424,0.0325561751052491,0.179167810857625,0.441613520689321,2916.78243217096,1.00077455773262
"Omega[11,14]",0.030586084492529,0.00412161077613573,0.221753664892547,-0.414234929067202,-0.122893863359778,0.0342912290741848,0.183885141138711,0.451076838605908,2894.72731050325,1.00142588623552
"Omega[11,15]",0.113188751221092,0.00380847788279117,0.209538347213529,-0.31927809458469,-0.0257152358828918,0.11865548558952,0.258454911498874,0.507045952588385,3027.08176768447,0.999519904531376
"Omega[11,16]",0.0101576024943469,0.00378817265566261,0.209342280347731,-0.3874475487998,-0.135535541616992,0.0103181296654276,0.152474171739516,0.423130215739772,3053.89690230761,1.00005640631714
"Omega[11,17]",0.033098420238279,0.00358521922075256,0.208945703333839,-0.378627248381227,-0.112720288728487,0.0358892805740394,0.174813909777412,0.434149085830025,3396.5300225519,0.99985744886327
"Omega[11,18]",0.0744446713861428,0.00421456903079584,0.210796082901815,-0.348691205430263,-0.0668593311511478,0.0761768739221277,0.216485900344667,0.484896651809655,2501.60496160726,1.00050783726425
"Omega[11,19]",0.00429556127930379,0.00421795933934946,0.211393645239503,-0.398503860503873,-0.147220648756978,0.00543507283430693,0.156286601787788,0.409639110384596,2511.76542337283,1.00053865377212
"Omega[12,1]",0.159485298488745,0.00395654900458402,0.206793418713906,-0.261377226243757,0.0223665181745706,0.163131917737436,0.306119196853372,0.539475012152892,2731.74607540224,1.00311564309489
"Omega[12,2]",0.119584946306933,0.0036665605120445,0.211459306734356,-0.296939013477818,-0.0266085672578701,0.125018654862913,0.264251531373267,0.532842962395709,3326.1045344981,0.999535159665275
"Omega[12,3]",0.0819484250757718,0.00380703803056482,0.20139513192386,-0.315417949783263,-0.0554533901035584,0.0855417986724059,0.223885606461892,0.46283669616616,2798.48837310928,1.00071813619903
"Omega[12,4]",-0.0320298910730394,0.00360741544627594,0.19718589965866,-0.416719600808712,-0.168565549908693,-0.0334010358237628,0.103569892322015,0.356053160508355,2987.85413337545,0.999978440788868
"Omega[12,5]",0.202010343584205,0.006713155553212,0.215373966929583,-0.239615240916689,0.0620688092731691,0.211791943164392,0.357397804853796,0.586218288563476,1029.27871909839,1.00340404963534
"Omega[12,6]",0.244766096738669,0.00485922282215808,0.206899460752065,-0.199121495861202,0.108812809511225,0.25361713392623,0.393556712952729,0.616531197106659,1812.9469199819,1.0007599245316
"Omega[12,7]",0.220248221263317,0.00470252744674218,0.208833611519456,-0.203645635408999,0.0810444189843421,0.23088197354385,0.371788078289766,0.594707651921604,1972.14171844845,1.0020692756695
"Omega[12,8]",0.128377368181961,0.00428604585989417,0.217340214163427,-0.304119820514754,-0.0239896417773189,0.133638493319292,0.282568130076982,0.534194940910296,2571.38173165993,1.00055848911669
"Omega[12,9]",0.114292151125669,0.00401593618851492,0.216081687803529,-0.316868958138964,-0.0338799618572599,0.118679312702539,0.268642368049804,0.517565397477626,2895.09167170391,1.00062960199285
"Omega[12,10]",0.158283786586876,0.00453883900068033,0.209723616094843,-0.262780714855647,0.0135923575752137,0.16490140009058,0.303958848618223,0.544080418240363,2135.03558898032,1.00046903281401
"Omega[12,11]",0.0732685207918495,0.00398711303151244,0.216337040538578,-0.350101529946373,-0.0735367903343986,0.076922600102372,0.22102445803011,0.481349729938225,2944.04655380302,1.00010333093111
"Omega[12,12]",1,4.29061885986078e-18,9.31480413584867e-17,1,1,1,1,1,471.311004229937,0.998999499499374
"Omega[12,13]",0.247747675907692,0.00809466055276141,0.223203601870864,-0.213115896970431,0.0993512183137492,0.258605626104571,0.409857843984528,0.646062122663974,760.33523064674,1.00249565719892
"Omega[12,14]",0.063283775080745,0.00358069414655609,0.214231095807473,-0.372277458537584,-0.0795315586792343,0.0677794816393395,0.213507862374167,0.462399936237767,3579.56757868226,1.00153888745787
"Omega[12,15]",0.144238779282192,0.0041419682675294,0.21090179998736,-0.284102035280014,0.0031372199744379,0.152403415569116,0.285814362747887,0.543511855721129,2592.66877926625,1.00041993195183
"Omega[12,16]",0.142292793975922,0.0041285627395995,0.206918190378136,-0.284250887687528,0.00327727945263792,0.147269331918622,0.282631210014357,0.525068695676329,2511.88391976053,1.00090223727162
"Omega[12,17]",0.222938540551516,0.00905822618011766,0.226417097760467,-0.251358933070376,0.0715095916440146,0.236093684545626,0.383974647110485,0.628644739931687,624.787190895118,1.00338093773228
"Omega[12,18]",0.149214601958452,0.00416739734859947,0.21189352466516,-0.279224805823928,0.00391039563648097,0.153325063748058,0.297427871412829,0.54741380142187,2585.26786619997,1.00016475744434
"Omega[12,19]",0.11555438320761,0.00368810069847132,0.205276467085213,-0.280232778827249,-0.0270161440598926,0.1190312996345,0.260357181124374,0.50565581512506,3097.93847635995,1.00023800805705
"Omega[13,1]",0.140419890498663,0.00379898876528823,0.205770812924802,-0.278427430424624,0.00172677717293909,0.148796832712489,0.286890101748391,0.521604989583201,2933.80691716184,1.00038067836459
"Omega[13,2]",0.13006395255011,0.00424072320535093,0.220885077929037,-0.310489803952939,-0.0237314594240978,0.132697510867113,0.283510065681701,0.544627611577245,2713.01941737395,0.999621655250004
"Omega[13,3]",-0.00111036708573965,0.00346985890963749,0.196941827110915,-0.371497680077375,-0.142059264032073,-0.00787276659484753,0.134149896926597,0.389580819573209,3221.45666404407,1.00066539864185
"Omega[13,4]",-0.0890144013970122,0.00383505566371927,0.201421166319848,-0.460116383349944,-0.231437837983485,-0.0929644436738934,0.0484695006903263,0.303968534897755,2758.46113279018,1.00251865875373
"Omega[13,5]",0.19390971876017,0.00572410031161764,0.216406814046742,-0.260801950140124,0.0507844500049058,0.202257081902429,0.348165790597953,0.58360917634409,1429.31315516217,1.00250361684369
"Omega[13,6]",0.206955840595829,0.00442781549594872,0.208257093210342,-0.220918134402425,0.0735794548054249,0.214344108719099,0.34830958367341,0.60095121872479,2212.1805675462,1.00030455305458
"Omega[13,7]",0.154410368624811,0.00362422995235948,0.205979992937331,-0.256501195780697,0.0167096250087107,0.158063137621859,0.300968776725407,0.552007280190629,3230.11948311177,1.00113564699857
"Omega[13,8]",0.0868771043630896,0.00473007758267368,0.221190417010326,-0.360816592543016,-0.0646155993904957,0.093754865935906,0.241905307153928,0.500647952710541,2186.73464992475,1.00064598291682
"Omega[13,9]",0.118596421048504,0.00376627556434584,0.210191395442764,-0.291671251376947,-0.0284160365606725,0.121937359299985,0.26507777197221,0.518418674224586,3114.62440169983,0.999488742080387
"Omega[13,10]",0.111953905126697,0.00371395003083576,0.207562634172521,-0.309542633373361,-0.0301339475958896,0.114440082633498,0.259883736257358,0.501621696116299,3123.39013919943,1.00035121915876
"Omega[13,11]",0.0340757258816095,0.00390163916229032,0.210716779238167,-0.375954786061926,-0.115017531766424,0.0325561751052491,0.179167810857625,0.441613520689321,2916.78243217096,1.00077455773262
"Omega[13,12]",0.247747675907692,0.00809466055276141,0.223203601870864,-0.213115896970431,0.0993512183137492,0.258605626104571,0.409857843984528,0.646062122663974,760.33523064674,1.00249565719892
"Omega[13,13]",1,2.0337738246445e-18,9.49667747147296e-17,1,1,1,1,1,2180.40952342824,0.998999499499374
"Omega[13,14]",0.0942432446280529,0.00420210745400896,0.21974053372402,-0.345337136878685,-0.0520650046920037,0.0942777341012238,0.249307982081416,0.511162705979529,2734.5510949306,0.999620258108471
"Omega[13,15]",0.122291619668619,0.00413604933663645,0.207115734473307,-0.289291350087719,-0.0185238729828456,0.122720538159301,0.267297759891076,0.504192394939778,2507.57981560064,0.999731561019695
"Omega[13,16]",0.0835348494370698,0.00398199172618802,0.207594985236633,-0.329227406006769,-0.0605923690645992,0.0911068830338692,0.230807790950394,0.465846212131713,2717.89709800476,0.999341987794677
"Omega[13,17]",0.14869388556217,0.00781445966652196,0.219847617417038,-0.301987663525796,0.00089187499999914,0.159223212923342,0.309757503672111,0.542154792494095,791.49034007534,1.00405954678635
"Omega[13,18]",0.0979653987292208,0.00366517689245357,0.213664167620983,-0.32604835480518,-0.0457041444068521,0.0970634142373053,0.243208964216164,0.512770723552554,3398.39229834829,0.999395693206631
"Omega[13,19]",0.0837443962901971,0.00362275343107232,0.209318946791028,-0.329706922151302,-0.0631216054128731,0.0874158805449319,0.230966594131521,0.479308481283271,3338.40889514618,0.999454765790149
"Omega[14,1]",0.0816614436144027,0.00325005388454426,0.216273095741179,-0.3511629978233,-0.0676471914080847,0.0835259992755536,0.238679414563806,0.478208601085794,4428.16577189128,0.999720143964252
"Omega[14,2]",0.0261515481560792,0.00351915321299497,0.221616549283647,-0.407442489706379,-0.131561303546214,0.0292582490476067,0.181588566331151,0.447989326211387,3965.77459679666,0.999970901337762
"Omega[14,3]",0.0215077619305652,0.00330246358427923,0.214427534662515,-0.397712877643317,-0.126109900843464,0.0255378742900289,0.169276969020159,0.426929587859591,4215.84883210576,1.00011975596433
"Omega[14,4]",-0.0423889593762304,0.0035424635552612,0.211952078903668,-0.448598163355357,-0.190349823296802,-0.0407801453941966,0.100800444854835,0.37470784544636,3579.8479380369,0.999857069260999
"Omega[14,5]",0.0705630652198237,0.00366468095949026,0.219496443512593,-0.366269524161609,-0.080207362200634,0.0767591391367458,0.222827354741124,0.480432181466566,3587.42336278519,0.999955427378212
"Omega[14,6]",0.106360508052828,0.00358145257675548,0.209242102208354,-0.305914348270803,-0.0358930331333481,0.109582612813989,0.252764351484342,0.503891050234932,3413.34148813096,0.999601789599848
"Omega[14,7]",0.0870995267854569,0.00326320649627491,0.219723814891641,-0.333523383088601,-0.0654331140637526,0.092336039573992,0.242145523433169,0.489586097213862,4533.82912144637,0.999561241729949
"Omega[14,8]",0.00947903792388033,0.00380922432418839,0.227842249967413,-0.433110199893239,-0.148545111766487,0.0147518335060669,0.167318803142313,0.451694438549095,3577.62999946801,1.00016511115657
"Omega[14,9]",0.0352953006716374,0.00389718292197365,0.215164701460807,-0.385948975126598,-0.110193449506805,0.0354206754378437,0.188011311516199,0.446880224109136,3048.17901630371,1.00056907110377
"Omega[14,10]",0.085803413682252,0.00421677307233082,0.22299577455416,-0.35505235048145,-0.0693244228527839,0.0899500241152537,0.244405490522566,0.511563543560266,2796.61580675065,0.99933527159847
"Omega[14,11]",0.030586084492529,0.00412161077613573,0.221753664892547,-0.414234929067202,-0.122893863359778,0.0342912290741848,0.183885141138711,0.451076838605908,2894.72731050325,1.00142588623552
"Omega[14,12]",0.063283775080745,0.00358069414655609,0.214231095807473,-0.372277458537584,-0.0795315586792343,0.0677794816393395,0.213507862374167,0.462399936237767,3579.56757868226,1.00153888745787
"Omega[14,13]",0.0942432446280529,0.00420210745400896,0.21974053372402,-0.345337136878685,-0.0520650046920037,0.0942777341012238,0.249307982081416,0.511162705979529,2734.5510949306,0.999620258108471
"Omega[14,14]",1,1.8532450313647e-18,9.62722765714249e-17,1,1,1,1,1,2698.58930426048,0.998999499499374
"Omega[14,15]",0.115963708837976,0.00458465015443598,0.213982472319894,-0.312312865809173,-0.031436413053329,0.120820612177395,0.268244766743147,0.518451415134965,2178.43195883577,1.00072102065516
"Omega[14,16]",0.037341952655039,0.00403610562985882,0.215948209393656,-0.377338194272554,-0.113773833968724,0.0341503931257027,0.191719163228261,0.448270384783182,2862.6889862623,1.00149873405556
"Omega[14,17]",0.0502443756883094,0.00443273990630328,0.222588772068419,-0.390994026580066,-0.101382547884476,0.0493196461907122,0.206152208248597,0.481767734595461,2521.51762528433,0.999952571083739
"Omega[14,18]",0.0309157468472259,0.00405395485183586,0.217026623735108,-0.382329773228228,-0.116016928299561,0.0290763148962876,0.185619026656008,0.451347858355698,2865.94738400159,1.0010679854282
"Omega[14,19]",0.0644952447455581,0.00434489135050733,0.220930619147236,-0.357370353325701,-0.0896133490472365,0.0639883145981453,0.222479880307556,0.481330709744701,2585.55617334868,1.0007077325465
"Omega[15,1]",0.125909060152181,0.00362489233987329,0.201222305407792,-0.280151997383656,-0.00876908720190885,0.130877429535372,0.266074281613862,0.501684890616971,3081.49889206018,1.00078629622385
"Omega[15,2]",0.0978371783235625,0.00443615930536915,0.216285101468023,-0.332747147067605,-0.0524421423996469,0.102118279028978,0.251391152894234,0.504430441573502,2377.05342178713,0.999552737553352
"Omega[15,3]",0.0595651242870407,0.00331445984234468,0.193223145508859,-0.328611687304935,-0.0706714776890677,0.0620384014227093,0.194983240298011,0.426071889973852,3398.54302599398,0.999562593428139
"Omega[15,4]",0.0171169306470518,0.00342045203000751,0.198372852794269,-0.374315381587017,-0.117399754379385,0.0196092902164257,0.155313176539154,0.399030333818244,3363.54676121168,1.00082160726933
"Omega[15,5]",0.117966314407869,0.00396622049272134,0.207511590732866,-0.303623122284947,-0.0222356430747635,0.11880783632929,0.266232391002081,0.506432574150404,2737.35429061566,1.00008100575931
"Omega[15,6]",0.186369770978452,0.003795979975183,0.202713037801097,-0.229727738153727,0.0461311999986577,0.193933008339591,0.327174331915703,0.555397656422064,2851.77684433136,1.00012996562286
"Omega[15,7]",0.184856618049123,0.0035262703445658,0.204254734818897,-0.237039148435697,0.0489722696904331,0.191390119768525,0.329276408321775,0.560449780273779,3355.15861121885,0.999401674083319
"Omega[15,8]",0.0623157088022535,0.00425509758940536,0.219147914736342,-0.375983764654049,-0.0821297560463632,0.0633898284450585,0.214329254244003,0.485094491478693,2652.50148194245,1.0007038004072
"Omega[15,9]",0.0745224685609907,0.00393181097550615,0.211746127334646,-0.346446046587883,-0.0689619264831561,0.0752108110984041,0.225055063813174,0.470669068326101,2900.3184883105,0.999395850700513
"Omega[15,10]",0.218487892969598,0.007035918066213,0.220810533844859,-0.2372529580638,0.0702493975396974,0.22807940913894,0.37473303609734,0.613387704038735,984.913360138548,0.999806951458103
"Omega[15,11]",0.113188751221092,0.00380847788279117,0.209538347213529,-0.31927809458469,-0.0257152358828918,0.11865548558952,0.258454911498874,0.507045952588385,3027.08176768447,0.999519904531376
"Omega[15,12]",0.144238779282192,0.0041419682675294,0.21090179998736,-0.284102035280014,0.0031372199744379,0.152403415569116,0.285814362747887,0.543511855721129,2592.66877926625,1.00041993195183
"Omega[15,13]",0.122291619668619,0.00413604933663645,0.207115734473307,-0.289291350087719,-0.0185238729828456,0.122720538159301,0.267297759891076,0.504192394939778,2507.57981560064,0.999731561019695
"Omega[15,14]",0.115963708837976,0.00458465015443598,0.213982472319894,-0.312312865809173,-0.031436413053329,0.120820612177395,0.268244766743147,0.518451415134965,2178.43195883577,1.00072102065516
"Omega[15,15]",1,1.64199693119561e-18,1.04190759432873e-16,1,1,1,1,1,4026.3704020731,0.998999499499374
"Omega[15,16]",0.115197209421104,0.00369570045208828,0.203275025897564,-0.286437776083168,-0.0276737578278006,0.119265880220147,0.257867881241521,0.505279338022503,3025.3423300686,1.00037835478485
"Omega[15,17]",0.105280816310309,0.0052273299658234,0.210540122704473,-0.319814959130312,-0.0297611949906131,0.110600539885849,0.247619166218396,0.497956597704076,1622.22060494105,0.999545755992075
"Omega[15,18]",0.113597722464883,0.00357695306821614,0.203121242519529,-0.292762043405433,-0.0257825903331042,0.117307629061169,0.254582996638065,0.498881282846977,3224.66203882768,1.00010931654923
"Omega[15,19]",0.202212490103901,0.0042396593723527,0.202989825583884,-0.205924324722399,0.0662952658531704,0.208287881866395,0.345392491103698,0.574171963797851,2292.37999597708,1.00008051659793
"Omega[16,1]",0.179404215310435,0.00590517057552448,0.205818572991551,-0.246680288991883,0.0411913924693344,0.187951075254625,0.328084852215735,0.5568075192719,1214.79845637079,1.00108458877063
"Omega[16,2]",0.00792518994505374,0.00379804872615029,0.210754162556592,-0.400471576434126,-0.135896521599783,0.00803335819645285,0.15550959846444,0.407471652407278,3079.15292018694,1.00099834668472
"Omega[16,3]",-0.0346315310000872,0.00345701783879445,0.188782689475318,-0.394677605914519,-0.168539993672091,-0.0362871835645399,0.0945048338756639,0.333788647883922,2982.09240540044,1.00138575407899
"Omega[16,4]",0.0842759464848225,0.00369810482457306,0.204219696493896,-0.31931458479095,-0.0543186615725344,0.0887969895839974,0.22939635284785,0.470135423111888,3049.55744235353,0.999990784165089
"Omega[16,5]",0.0558192762776938,0.00395884385267149,0.212379712518705,-0.354305544328215,-0.0943306114514516,0.0566720930375815,0.201680488726812,0.470767293715944,2877.99021131034,1.00021878559216
"Omega[16,6]",0.20301642041206,0.00436627095039533,0.201355161572534,-0.222644402928881,0.0744965648093328,0.210953255550215,0.346130054137863,0.565485395438044,2126.68990094769,1.00048125184195
"Omega[16,7]",0.214998849878021,0.00396749000745214,0.203086594480825,-0.205797795282302,0.0806368241127095,0.222211752680947,0.358938878819522,0.581962978385693,2620.17821159618,0.999516590911725
"Omega[16,8]",0.0504417431041299,0.00425899394337927,0.218656382271124,-0.37346428083314,-0.102982580178627,0.0501485308821511,0.202322656780489,0.46339529893031,2635.78675726828,1.00132455157519
"Omega[16,9]",0.00349043750800852,0.00392759659474171,0.208339065362796,-0.401113145271423,-0.141750073246699,0.00662961132542869,0.145295667348691,0.408309966105881,2813.76402947989,1.00044785786395
"Omega[16,10]",0.0470678425516946,0.00399692055020062,0.210817445602864,-0.371996109298764,-0.0923598403462988,0.048396495728181,0.191019649711192,0.44832847988776,2782.03162514494,0.999480471513226
"Omega[16,11]",0.0101576024943469,0.00378817265566261,0.209342280347731,-0.3874475487998,-0.135535541616992,0.0103181296654276,0.152474171739516,0.423130215739772,3053.89690230761,1.00005640631714
"Omega[16,12]",0.142292793975922,0.0041285627395995,0.206918190378136,-0.284250887687528,0.00327727945263792,0.147269331918622,0.282631210014357,0.525068695676329,2511.88391976053,1.00090223727162
"Omega[16,13]",0.0835348494370698,0.00398199172618802,0.207594985236633,-0.329227406006769,-0.0605923690645992,0.0911068830338692,0.230807790950394,0.465846212131713,2717.89709800476,0.999341987794677
"Omega[16,14]",0.037341952655039,0.00403610562985882,0.215948209393656,-0.377338194272554,-0.113773833968724,0.0341503931257027,0.191719163228261,0.448270384783182,2862.6889862623,1.00149873405556
"Omega[16,15]",0.115197209421104,0.00369570045208828,0.203275025897564,-0.286437776083168,-0.0276737578278006,0.119265880220147,0.257867881241521,0.505279338022503,3025.3423300686,1.00037835478485
"Omega[16,16]",1,2.21477903388992e-18,1.04604099291168e-16,1,1,1,1,1,2230.67654744027,0.998999499499374
"Omega[16,17]",0.183753193201843,0.00418245639640304,0.212335085980149,-0.256325943841524,0.0455389222908574,0.194072342820025,0.334369552232147,0.563822901043691,2577.39321417503,0.999677657216109
"Omega[16,18]",0.136923440946551,0.00383803786724199,0.208034414320227,-0.279913006052325,-0.00459720765756357,0.142417681224561,0.281249998419748,0.526520895391031,2938.00045347799,0.999535356025618
"Omega[16,19]",0.076160296856515,0.0035850345525417,0.202000616421592,-0.316147827623453,-0.062921431438336,0.0804725683418085,0.21732082499002,0.468834613106326,3174.81700610395,0.999108451362882
"Omega[17,1]",0.194883954477246,0.00462399033151509,0.205332898757473,-0.232382239175114,0.0594013735302295,0.208447144584298,0.340957329117014,0.568144810607887,1971.89253053937,1.00162457117252
"Omega[17,2]",0.0751552951437002,0.0039663514941462,0.208558039444804,-0.329763014661295,-0.0686057221268511,0.0794016023043524,0.221365002856434,0.460353922582644,2764.84936209357,1.00108217982099
"Omega[17,3]",0.0285081311596064,0.00334534695838325,0.19258670795261,-0.34404399947884,-0.101649190354834,0.0263982606749726,0.160107434117531,0.404195848397407,3314.13568829863,0.999990296990544
"Omega[17,4]",0.0985463857814781,0.00363042124311171,0.202619085518333,-0.295625227825931,-0.0437165764762744,0.103184632065133,0.245240795198978,0.480236367165158,3114.91831481769,0.999932887179915
"Omega[17,5]",0.126978625355499,0.00610045327131279,0.224580914855739,-0.315248940003427,-0.0275120473691944,0.137104438730977,0.283537404967453,0.549785734076661,1355.25645237212,1.0024263194609
"Omega[17,6]",0.179230735787914,0.00472155451465924,0.207109807454783,-0.2447677115357,0.0416562581203122,0.188281315556605,0.328365055291967,0.554184161753227,1924.11627505737,1.00152838539763
"Omega[17,7]",0.254574911498504,0.00680212108784269,0.220323229758865,-0.209507013361812,0.104869817251735,0.269775296303223,0.413701505356309,0.638962208165377,1049.13617291412,1.00262562518274
"Omega[17,8]",0.105435715692644,0.00374321405434038,0.214542719682433,-0.317067136618271,-0.0416526678251195,0.10995047777857,0.253497669614108,0.515477421489775,3285.0216629544,1.00064490832895
"Omega[17,9]",0.0703352441594605,0.00393854766620592,0.212676817604839,-0.350610547747614,-0.0780215243618954,0.0755008803012139,0.217805160140867,0.475827183232935,2915.86957571933,1.00011916029514
"Omega[17,10]",0.101483438682899,0.0044714636428059,0.209715159480895,-0.333533798169701,-0.0316903578490258,0.104564318433153,0.245604872619118,0.508595934839051,2199.68372873677,0.999851366542118
"Omega[17,11]",0.033098420238279,0.00358521922075256,0.208945703333839,-0.378627248381227,-0.112720288728487,0.0358892805740394,0.174813909777412,0.434149085830025,3396.5300225519,0.99985744886327
"Omega[17,12]",0.222938540551516,0.00905822618011766,0.226417097760467,-0.251358933070376,0.0715095916440146,0.236093684545626,0.383974647110485,0.628644739931687,624.787190895118,1.00338093773228
"Omega[17,13]",0.14869388556217,0.00781445966652196,0.219847617417038,-0.301987663525796,0.00089187499999914,0.159223212923342,0.309757503672111,0.542154792494095,791.49034007534,1.00405954678635
"Omega[17,14]",0.0502443756883094,0.00443273990630328,0.222588772068419,-0.390994026580066,-0.101382547884476,0.0493196461907122,0.206152208248597,0.481767734595461,2521.51762528433,0.999952571083739
"Omega[17,15]",0.105280816310309,0.0052273299658234,0.210540122704473,-0.319814959130312,-0.0297611949906131,0.110600539885849,0.247619166218396,0.497956597704076,1622.22060494105,0.999545755992075
"Omega[17,16]",0.183753193201843,0.00418245639640304,0.212335085980149,-0.256325943841524,0.0455389222908574,0.194072342820025,0.334369552232147,0.563822901043691,2577.39321417503,0.999677657216109
"Omega[17,17]",1,2.0024592557475e-18,1.1433222728165e-16,1,1,1,1,1,3259.94258726811,0.998999499499374
"Omega[17,18]",0.133090461620048,0.00452102119192481,0.211598200220308,-0.292455858036085,-0.0101794961268069,0.141481956354767,0.281854817770924,0.531823093658012,2190.53831219105,1.00048825434221
"Omega[17,19]",0.0636259871698585,0.00376210609404103,0.204583819691289,-0.335516356002534,-0.0773768633020824,0.0658937418898617,0.203226884539053,0.458409991724517,2957.19857418889,1.00004796825339
"Omega[18,1]",0.166911588864689,0.00345191811654112,0.203953315757714,-0.256380723798638,0.0349068977916232,0.171499163816141,0.311622254365527,0.537536039538315,3490.92541504353,1.00094007044983
"Omega[18,2]",0.0411668178303402,0.00392221700784913,0.217129999647962,-0.387273645541989,-0.104832379925958,0.0425974732750201,0.19115713964828,0.455810132438161,3064.61855102223,0.999913615597582
"Omega[18,3]",0.134493413869892,0.00321951214236616,0.193042417419512,-0.248610308523905,0.00378862187332997,0.140667134055726,0.274176644299962,0.490650664839754,3595.21908280651,1.00134660509842
"Omega[18,4]",0.0841310778287506,0.00432663434336611,0.203587121563482,-0.310044440517212,-0.0565931850576362,0.0814530758892891,0.229721638700323,0.46981981595469,2214.11522204086,1.00064803811088
"Omega[18,5]",0.148477618109468,0.00377800419782659,0.210497261273363,-0.264162335444169,0.00955559501952122,0.15276442465816,0.294318655667232,0.536968854718921,3104.33103817914,0.999886711256942
"Omega[18,6]",0.169383956195232,0.00378982142037404,0.205431604384822,-0.240589175999715,0.032227411097675,0.179581291907639,0.312578323705968,0.551210752934863,2938.30601124038,1.00182966991908
"Omega[18,7]",0.216653631293398,0.00490047843727539,0.209685987341485,-0.217050509360585,0.0783815258763551,0.223987841134182,0.361900299482327,0.605013755777771,1830.88831358431,1.00105129125068
"Omega[18,8]",0.0459202048696436,0.00394762069305523,0.215757078692478,-0.372498591881511,-0.106780395002096,0.0468166877735804,0.201137219501208,0.458189726845813,2987.16541735649,1.00067364865661
"Omega[18,9]",0.130365616100152,0.00386982936574364,0.209554632389263,-0.302672719774025,-0.00849912570870258,0.135122835437158,0.28115942993201,0.52304150955795,2932.31687519662,1.00016052131831
"Omega[18,10]",0.0883456865462399,0.00449891045835387,0.214652535629137,-0.338110613392933,-0.0587315985735866,0.0894612114685965,0.239631469225922,0.500515416162622,2276.44597006679,1.00142589683851
"Omega[18,11]",0.0744446713861428,0.00421456903079584,0.210796082901815,-0.348691205430263,-0.0668593311511478,0.0761768739221277,0.216485900344667,0.484896651809655,2501.60496160726,1.00050783726425
"Omega[18,12]",0.149214601958452,0.00416739734859947,0.21189352466516,-0.279224805823928,0.00391039563648097,0.153325063748058,0.297427871412829,0.54741380142187,2585.26786619997,1.00016475744434
"Omega[18,13]",0.0979653987292208,0.00366517689245357,0.213664167620983,-0.32604835480518,-0.0457041444068521,0.0970634142373053,0.243208964216164,0.512770723552554,3398.39229834829,0.999395693206631
"Omega[18,14]",0.0309157468472259,0.00405395485183586,0.217026623735108,-0.382329773228228,-0.116016928299561,0.0290763148962876,0.185619026656008,0.451347858355698,2865.94738400159,1.0010679854282
"Omega[18,15]",0.113597722464883,0.00357695306821614,0.203121242519529,-0.292762043405433,-0.0257825903331042,0.117307629061169,0.254582996638065,0.498881282846977,3224.66203882768,1.00010931654923
"Omega[18,16]",0.136923440946551,0.00383803786724199,0.208034414320227,-0.279913006052325,-0.00459720765756357,0.142417681224561,0.281249998419748,0.526520895391031,2938.00045347799,0.999535356025618
"Omega[18,17]",0.133090461620048,0.00452102119192481,0.211598200220308,-0.292455858036085,-0.0101794961268069,0.141481956354767,0.281854817770924,0.531823093658012,2190.53831219105,1.00048825434221
"Omega[18,18]",1,2.2055108874998e-18,1.11783164475866e-16,1,1,1,1,1,2568.82422306448,0.998999499499374
"Omega[18,19]",0.127100952679043,0.00409876039438184,0.209434607240557,-0.291462344965615,-0.0166764862240041,0.130610735547752,0.27271105963164,0.526666230435441,2610.90957662692,1.00003700751006
"Omega[19,1]",0.0432796957379521,0.00336340768260642,0.196548510935594,-0.336530807740318,-0.0940045025872401,0.0429191419973852,0.178320973218012,0.42198056796821,3414.91967021409,0.999855965775098
"Omega[19,2]",0.0739064325915058,0.00419985545040944,0.208291832083512,-0.339558141934548,-0.0668978195916287,0.0812690041501443,0.21913015175945,0.462100465287815,2459.66404910059,0.999579159075918
"Omega[19,3]",0.176305274989256,0.00330659927853464,0.191015504286901,-0.188947603003238,0.0461863583946343,0.175859239453931,0.311312451692068,0.536276255844838,3337.13753200232,0.999948241271113
"Omega[19,4]",0.0939089423073358,0.00403836901268926,0.204451587892634,-0.30894437506416,-0.0485526493224225,0.10105072853495,0.236942068938411,0.480784774309209,2563.12020507661,0.999285993469876
"Omega[19,5]",0.167028050969996,0.00381771243437488,0.20361912541982,-0.247399530075479,0.030114321032849,0.175964951950458,0.310988072946661,0.547321927539312,2844.66225685394,0.999633487616376
"Omega[19,6]",0.12028639772767,0.00352755482237877,0.19824447279715,-0.26682472292416,-0.0148141283583689,0.118285462238933,0.260029714785056,0.505209363376799,3158.30909935434,0.999567789163786
"Omega[19,7]",0.0260257964250721,0.00399877938149041,0.209120132429688,-0.36390879994851,-0.121513713062704,0.0240364275236475,0.168144577404208,0.450795704390432,2734.87072395726,0.999905370301227
"Omega[19,8]",0.0332932873653601,0.00383347223480623,0.215133054047848,-0.37440686812377,-0.116252186528806,0.0298316466759777,0.175885498845961,0.450399881775893,3149.4131821381,1.00003142050348
"Omega[19,9]",0.0563181601094518,0.00372418064339973,0.211547006442707,-0.344976284637727,-0.090066239820182,0.0511604728152283,0.205227573938062,0.46901589764937,3226.65320853773,1.00096963400459
"Omega[19,10]",0.203799070959192,0.00663812251539752,0.216179103920305,-0.23555058740605,0.0557678600954685,0.210391874322435,0.364868815735096,0.602257052670096,1060.56403940605,1.00088096085188
"Omega[19,11]",0.00429556127930379,0.00421795933934946,0.211393645239503,-0.398503860503873,-0.147220648756978,0.00543507283430693,0.156286601787788,0.409639110384596,2511.76542337283,1.00053865377212
"Omega[19,12]",0.11555438320761,0.00368810069847132,0.205276467085213,-0.280232778827249,-0.0270161440598926,0.1190312996345,0.260357181124374,0.50565581512506,3097.93847635995,1.00023800805705
"Omega[19,13]",0.0837443962901971,0.00362275343107232,0.209318946791028,-0.329706922151302,-0.0631216054128731,0.0874158805449319,0.230966594131521,0.479308481283271,3338.40889514618,0.999454765790149
"Omega[19,14]",0.0644952447455581,0.00434489135050733,0.220930619147236,-0.357370353325701,-0.0896133490472365,0.0639883145981453,0.222479880307556,0.481330709744701,2585.55617334868,1.0007077325465
"Omega[19,15]",0.202212490103901,0.0042396593723527,0.202989825583884,-0.205924324722399,0.0662952658531704,0.208287881866395,0.345392491103698,0.574171963797851,2292.37999597708,1.00008051659793
"Omega[19,16]",0.076160296856515,0.0035850345525417,0.202000616421592,-0.316147827623453,-0.062921431438336,0.0804725683418085,0.21732082499002,0.468834613106326,3174.81700610395,0.999108451362882
"Omega[19,17]",0.0636259871698585,0.00376210609404103,0.204583819691289,-0.335516356002534,-0.0773768633020824,0.0658937418898617,0.203226884539053,0.458409991724517,2957.19857418889,1.00004796825339
"Omega[19,18]",0.127100952679043,0.00409876039438184,0.209434607240557,-0.291462344965615,-0.0166764862240041,0.130610735547752,0.27271105963164,0.526666230435441,2610.90957662692,1.00003700751006
"Omega[19,19]",1,1.96504638428455e-18,1.23607262180424e-16,1,1,1,1,1,3956.78417395956,0.998999499499374
"Sigma[1,1]",0.11704745281231,0.00380553466195939,0.0551995457808363,0.0289932235934631,0.079477354916058,0.110823874025535,0.146919858096372,0.248198505984856,210.397049009408,1.00643798390789
"Sigma[1,2]",0.0087265415735868,0.000549577914001067,0.027538018400601,-0.0494205837125467,-0.00661602625802908,0.00768522808873908,0.0249022337156207,0.0650672211312175,2510.76941090281,1.00241365239537
"Sigma[1,3]",0.00536645658643967,0.000622383798300566,0.0320860530236976,-0.0579854136514908,-0.0131111547597994,0.00420179804857679,0.0231300180344606,0.075259390611876,2657.76168539414,0.999274227648315
"Sigma[1,4]",-0.00493018914414686,0.000510352647840295,0.0296036713797086,-0.0653009510905597,-0.022380706360576,-0.00535694106529757,0.0118361863882703,0.059620616998503,3364.73142691967,0.999837186064884
"Sigma[1,5]",0.00235255303133019,0.000591476164478735,0.0303817210607572,-0.0622356943191459,-0.0128760673397147,0.00166511779393393,0.018754739603485,0.0632984270988458,2638.45838256164,0.999415818175034
"Sigma[1,6]",0.0300850324946913,0.00142593123409292,0.0288302861597834,-0.0166061820138835,0.00998680645063748,0.0267398048499758,0.0461997870077738,0.0963503071693502,408.790450565984,1.00249911009018
"Sigma[1,7]",0.0330976693041449,0.00151097450982529,0.0314735338801879,-0.0157384600415983,0.0107548686780104,0.0283816570842611,0.0509145915106001,0.106343050714431,433.887103450279,1.00135727282432
"Sigma[1,8]",0.00628031397446687,0.000501285874306156,0.0269853669012199,-0.0510287606184184,-0.00807094564945449,0.00544242460353057,0.0209958908189555,0.0605318132929935,2897.91552024111,1.00039476261723
"Sigma[1,9]",0.0140002012924683,0.000582835473352123,0.0264253868741522,-0.034575799241251,-0.00189551047102592,0.0118041991962176,0.0283412872968249,0.0733847098480395,2055.65749163018,1.00009273169852
"Sigma[1,10]",0.0199875659930925,0.000855494327816625,0.0285414400114281,-0.030502749460926,0.00118407198866608,0.017116816858952,0.0360612047801346,0.0863899105780701,1113.05722517887,1.0007302103286
"Sigma[1,11]",0.0179741080104007,0.000679269875913692,0.0313348322965729,-0.0380779395614245,-0.000648076175806663,0.0151392438936446,0.0348624713126131,0.0876432345725226,2127.99223717385,1.00062230552
"Sigma[1,12]",0.0186152833816959,0.000637828589683905,0.0265381863830981,-0.0298594398497443,0.00188671848407332,0.0158278489890015,0.0343698827161363,0.0769806252264304,1731.14926605438,1.00329373361416
"Sigma[1,13]",0.0164849347654177,0.000650048463702168,0.0256613814289062,-0.030655163228656,0.000131050623117117,0.014299233003458,0.0311981453332566,0.0727309524073318,1558.36286848646,1.0011933230854
"Sigma[1,14]",0.0127866320051238,0.00112218520313903,0.0357512225935111,-0.0471520001197155,-0.00626044974314622,0.00817615016109586,0.028299013319615,0.0925328728357944,1014.96886549902,0.999859458173144
"Sigma[1,15]",0.0212901934610868,0.00104589957273355,0.0386462686283808,-0.0417298771112015,-0.000983141463879123,0.0154730363421887,0.0387597041389769,0.115131138509587,1365.32224272525,1.00067687568011
"Sigma[1,16]",0.0231408670205115,0.00144930905334147,0.02864339010431,-0.0210497405537062,0.00335753629608298,0.0184787219394952,0.038930960163813,0.0910404703555973,390.595131204221,1.00414021446485
"Sigma[1,17]",0.025393641450535,0.00110966343267965,0.029810690700572,-0.0219314800224374,0.00486854499864857,0.0205962246503056,0.0421366573358779,0.0928618201561918,721.708013707844,1.00146167486357
"Sigma[1,18]",0.0196108480389026,0.000839201590126835,0.025918572400152,-0.0266129865650284,0.00279703389921669,0.016659546764446,0.0343056722968124,0.079579668955207,953.870806959516,1.00120596188538
"Sigma[1,19]",0.00541058800012392,0.000488823683440535,0.024526002960443,-0.0424781805107388,-0.00916061541415748,0.00392820126787613,0.0189248312471085,0.0589244321387589,2517.38171974157,1.00005910621798
"Sigma[2,1]",0.0087265415735868,0.000549577914001067,0.027538018400601,-0.0494205837125467,-0.00661602625802908,0.00768522808873908,0.0249022337156207,0.0650672211312175,2510.76941090281,1.00241365239537
"Sigma[2,2]",0.1202554586359,0.00427833178755407,0.0669212175925537,0.0256287616557602,0.0776503903093919,0.110418088776444,0.149561906548184,0.268902141580415,244.668886477364,1.00618589785164
"Sigma[2,3]",0.00075876777040208,0.000711270518791707,0.0337076086902669,-0.0685230767197841,-0.0174822485477008,0.00085885898522622,0.0199394755234864,0.0701575439945966,2245.87856846829,1.00032933087755
"Sigma[2,4]",-0.00866632598395233,0.000562756831846093,0.0305884858121424,-0.0773267651744453,-0.0249084618187676,-0.00774243836563454,0.00852033632503585,0.0518733836154764,2954.43477283862,0.999741638363421
"Sigma[2,5]",0.0152704959280879,0.000796010012086184,0.0326640984574487,-0.0430250331916014,-0.0034309711769608,0.0120675544386319,0.0328154474134311,0.0927211314752998,1683.85345149554,1.00215594656846
"Sigma[2,6]",0.0145601387689828,0.000611857577888251,0.027203691214801,-0.036423297956556,-0.00177735580758746,0.0121596963432253,0.0303073661995029,0.0727522869778757,1976.76474450229,1.00161879564846
"Sigma[2,7]",0.0145901751773454,0.000608697187635058,0.0283980496756094,-0.0395089394322947,-0.00226113038560196,0.0122775359202053,0.0305749501594791,0.0767996661303267,2176.57902010524,1.00101288934801
"Sigma[2,8]",0.0148034387079683,0.000735987916131008,0.029267355664183,-0.039807381545434,-0.00262314545869859,0.0118641541619276,0.0305065683611101,0.0792778078344626,1581.34126037415,1.00061536385942
"Sigma[2,9]",0.0109254316250834,0.000641784215378218,0.0283980846865166,-0.0431291128240861,-0.00557031154290645,0.00841837724808718,0.0267520151240994,0.0724470803992101,1957.94296680078,1.00129847551271
"Sigma[2,10]",0.0182313300579286,0.0011356163188965,0.0317099426026357,-0.0345711736449329,-0.00121161647970719,0.014102608034068,0.0343656027648068,0.0881718788842469,779.700230043117,1.00137564738306
"Sigma[2,11]",0.00991899354468916,0.000645975967209851,0.0334305365456879,-0.0532999697616378,-0.0087342503388286,0.00752039315350683,0.0262809623714279,0.0848380305192492,2678.26762782339,1.0014112040978
"Sigma[2,12]",0.0141806194507742,0.000582057276328833,0.0279968041940653,-0.036535064585236,-0.00219176585786341,0.0116410722725341,0.0294906740480715,0.0753838592105419,2313.58507690954,1.00045820703096
"Sigma[2,13]",0.0154981054915957,0.000757020596390728,0.028536718567805,-0.0367762840790858,-0.00173287223818534,0.0120892906473902,0.0306383695526316,0.0792420574716508,1420.99540389599,1.00056898090093
"Sigma[2,14]",0.00274901232890344,0.000813548718117512,0.034046562953473,-0.0677871362128375,-0.0135231602968992,0.00257036479626195,0.0205524853293663,0.0709908564978361,1751.37611057316,1.00133055088592
"Sigma[2,15]",0.0188217879909343,0.00129534098169132,0.0435221222543684,-0.0496383862760092,-0.00550826401322248,0.0123357576891372,0.0352285419838411,0.128546046119881,1128.89075760525,1.00045103158547
"Sigma[2,16]",0.000463513868156161,0.000477058322145981,0.0263991746805438,-0.0528859215657684,-0.0139012769671837,0.000635779105827066,0.0150208178201045,0.0554590499982082,3062.22957514989,1.00062559243358
"Sigma[2,17]",0.00957921461430792,0.000574724903820018,0.0278432765787745,-0.0418282016908483,-0.00578103885373995,0.00752175046542143,0.0245462748897144,0.0687498005058267,2347.0408598685,1.00200561437918
"Sigma[2,18]",0.00420467133037286,0.000524628145308038,0.0270559243846718,-0.050494264221437,-0.010407278692739,0.00371139483783313,0.0188138137580054,0.0609440049036672,2659.63219262119,1.00017686229314
"Sigma[2,19]",0.00993487937585527,0.000643687515121626,0.0264602349516085,-0.0384170183336871,-0.00621208063368422,0.00751606558394899,0.0241534577217619,0.0684790245449296,1689.80745167416,1.0001013291697
"Sigma[3,1]",0.00536645658643967,0.000622383798300566,0.0320860530236976,-0.0579854136514908,-0.0131111547597994,0.00420179804857679,0.0231300180344606,0.075259390611876,2657.76168539414,0.999274227648315
"Sigma[3,2]",0.00075876777040208,0.000711270518791707,0.0337076086902669,-0.0685230767197841,-0.0174822485477008,0.00085885898522622,0.0199394755234864,0.0701575439945966,2245.87856846829,1.00032933087755
"Sigma[3,3]",0.220549607057867,0.00563083166977852,0.141781023064477,0.0572899251047603,0.120735550108768,0.17999273942189,0.285055236608902,0.596240651131746,634.002722023722,1.00268237649649
"Sigma[3,4]",0.0106893760921838,0.000746901121875803,0.0399827984290445,-0.0639763828620329,-0.0119380003838445,0.00814387171957831,0.0301514618867161,0.100783787556714,2865.63023952285,0.999351504503323
"Sigma[3,5]",0.0224306846962854,0.000796732542887228,0.0429565448492387,-0.0501970414975303,-0.00189941342527793,0.0193110327488022,0.0430664490552819,0.111933420254286,2906.92329024836,1.00083499995849
"Sigma[3,6]",0.0146002462690049,0.000705613705402931,0.0326345253228197,-0.0441821688531496,-0.00552356051120557,0.0123469098195811,0.032183850873582,0.0882173721455268,2139.04826976422,0.999375304007451
"Sigma[3,7]",0.0093799095183668,0.000711627348271943,0.0335340520870356,-0.0537978370130454,-0.00965897433515377,0.00698351467804654,0.0270993320798635,0.0847521914141661,2220.58197017067,1.00101647362385
"Sigma[3,8]",-0.000168003060486849,0.00060924403895414,0.0354968414261696,-0.0703155100201114,-0.019390866800351,-0.000726156989897895,0.0193630338935064,0.0701802503693053,3394.66438265754,1.00055187873367
"Sigma[3,9]",0.017744238451982,0.000818213490859715,0.0331336606973459,-0.0428312545883311,-0.00243295917312207,0.0152167483550147,0.0361057086400374,0.0898309381238584,1639.85545643793,1.00036840398591
"Sigma[3,10]",0.0260036735152317,0.00120535094672145,0.0400044080760373,-0.0395737900350418,0.000411502277677735,0.020774425387581,0.047964531051055,0.11832617510919,1101.51057486828,1.00129494041574
"Sigma[3,11]",0.0201012588401986,0.000867676871714239,0.0412114224327414,-0.0524434171299412,-0.00314155995131033,0.0162213983193111,0.0393021800383587,0.114309071328905,2255.89648074212,1.00144561715044
"Sigma[3,12]",0.0122348837337685,0.000721704729395697,0.0336275440509032,-0.0510983058756897,-0.00720858201781671,0.0107606109531913,0.0310428772402449,0.0822209495188365,2171.05686105893,0.999932301420402
"Sigma[3,13]",-0.000958227697619855,0.000592709067134669,0.0317913054422505,-0.0649819191647193,-0.0182177936198574,-0.000838306215213454,0.0169502760409827,0.0621752473849421,2876.95839398224,1.00103536057487
"Sigma[3,14]",0.00566629734056091,0.00104725050605565,0.0449412536379481,-0.0718771053863392,-0.0176555822358995,0.00298780904226192,0.0252400131925626,0.101851812283428,1841.57414091886,1.001641607722
"Sigma[3,15]",0.0159181768486547,0.00115267505941874,0.0495853806510986,-0.0635132653984164,-0.0109473224801003,0.0101895628945797,0.0343348844417655,0.138484940799781,1850.51883709967,0.99953081073785
"Sigma[3,16]",-0.00581513995300194,0.000662330506651631,0.0309168121931118,-0.0736046737367614,-0.0227576957911644,-0.00453721754298855,0.0122273543813277,0.0537723733568835,2178.91303898459,1.00167496130296
"Sigma[3,17]",0.00483038014462304,0.000551475298509728,0.0319608709643967,-0.0580230279190732,-0.0132639454780849,0.00357176095226163,0.0223475550485903,0.0732849823331694,3358.80725510082,0.999828529580104
"Sigma[3,18]",0.0202306915823175,0.000766404832051952,0.0323925149588901,-0.0384596924381164,0.000418410507076673,0.0176745761757596,0.0379969874988327,0.0907526019013789,1786.37596784639,1.00105308186081
"Sigma[3,19]",0.0260826230495418,0.000716997122238778,0.0320369690547837,-0.0308660294146913,0.00538004210086327,0.0232366527382322,0.0442701307694906,0.0988483764509141,1996.49404121026,0.999897641166938
"Sigma[4,1]",-0.00493018914414686,0.000510352647840295,0.0296036713797086,-0.0653009510905597,-0.022380706360576,-0.00535694106529757,0.0118361863882703,0.059620616998503,3364.73142691967,0.999837186064884
"Sigma[4,2]",-0.00866632598395233,0.000562756831846093,0.0305884858121424,-0.0773267651744453,-0.0249084618187676,-0.00774243836563454,0.00852033632503585,0.0518733836154764,2954.43477283862,0.999741638363421
"Sigma[4,3]",0.0106893760921838,0.000746901121875803,0.0399827984290445,-0.0639763828620329,-0.0119380003838445,0.00814387171957831,0.0301514618867161,0.100783787556714,2865.63023952285,0.999351504503323
"Sigma[4,4]",0.170506111782337,0.0031954320943887,0.104282567350435,0.055422374262141,0.106747231417324,0.145502382758722,0.200963387833374,0.448975234662583,1065.03589104685,1.00281646383651
"Sigma[4,5]",0.00598281657301677,0.000756564216324353,0.0360981204846769,-0.0596136111495264,-0.0139501371016198,0.00369432343918641,0.0228584796394758,0.0833849575930535,2276.55206747237,1.00167596966839
"Sigma[4,6]",0.0044123570015863,0.000606493763990868,0.0296732564179399,-0.0517610737896852,-0.0132828830217855,0.00286452930751978,0.0208964421467715,0.0685746538953572,2393.74420230659,0.999956962100522
"Sigma[4,7]",0.00567634562732669,0.000661283125797117,0.03170101916074,-0.0554673736199834,-0.0122711046272059,0.004072699525545,0.0222132049717997,0.0727269348787596,2298.11399596351,0.999945336204965
"Sigma[4,8]",0.00246201662232783,0.000507409999181948,0.0305697143258295,-0.0590501477039951,-0.0145420017152926,0.00202138790076454,0.0191892840495014,0.0649362607519345,3629.64974090026,1.00004654335278
"Sigma[4,9]",-0.00156342963180024,0.000516205145087947,0.0294924028533645,-0.0595684250062869,-0.0188229567958281,-0.00170053504485753,0.0146046694082149,0.0609037856646614,3264.19170852668,0.99970526373378
"Sigma[4,10]",-0.00588859221260247,0.000548367798783127,0.030238275903966,-0.0692541764730428,-0.0215138024043794,-0.00533969380924904,0.010978860977469,0.0516730174117171,3040.67611177592,0.999777256809676
"Sigma[4,11]",-0.00616140717863618,0.000670963765736265,0.0368587957277699,-0.0792510824476112,-0.0242801564727585,-0.00557136613482798,0.0127974067008649,0.0669541530356809,3017.75618192052,1.00075015786063
"Sigma[4,12]",-0.00357827841708282,0.000536648011701127,0.0289493860352359,-0.0594741920396546,-0.0198277772712121,-0.00368920026338144,0.0124598796185075,0.0566204174975154,2910.04473885115,1.00030327165646
"Sigma[4,13]",-0.0110954417507147,0.000585352517689566,0.0288150615048981,-0.0724996371200664,-0.0274581536283252,-0.0101145265846766,0.00570083326114042,0.0473896369787917,2423.28291557352,1.0020904725512
"Sigma[4,14]",-0.00750205393052095,0.000896471676652644,0.039973217356002,-0.0907022351451555,-0.0246773311902608,-0.00466721788393196,0.0128935881822767,0.0614138283028452,1988.22286661885,1.00063376879503
"Sigma[4,15]",0.00435043750782488,0.000746691485870383,0.0426434316177019,-0.078370350923804,-0.0176786505327598,0.00281735489743133,0.0241329994073527,0.0966634432611438,3261.53387534808,1.00065308027841
"Sigma[4,16]",0.0108682175474334,0.00059623478102425,0.0297719948447104,-0.0488585919434203,-0.00631479905970629,0.0099100493878677,0.0283065628254622,0.0738881587327676,2493.3385782222,1.00147966903451
"Sigma[4,17]",0.0139528262417693,0.000621735483081416,0.0311468935972537,-0.0433761336777187,-0.00524565380005952,0.0117968142476467,0.0311911534633572,0.083003430875205,2509.67896766752,0.999861210552681
"Sigma[4,18]",0.0119332339313736,0.00080656708402542,0.0298460981819049,-0.0424382448206131,-0.00576328526195816,0.00905736092143732,0.0278850437385039,0.0789947550375689,1369.28590484597,1.00081031627877
"Sigma[4,19]",0.0123552250830087,0.000588551069057276,0.0293552831039084,-0.0451106935386332,-0.00562588472570269,0.0115148531404064,0.02963621661643,0.0730562789679828,2487.73571074244,0.999278197962805
"Sigma[5,1]",0.00235255303133019,0.000591476164478735,0.0303817210607572,-0.0622356943191459,-0.0128760673397147,0.00166511779393393,0.018754739603485,0.0632984270988458,2638.45838256164,0.999415818175034
"Sigma[5,2]",0.0152704959280879,0.000796010012086184,0.0326640984574487,-0.0430250331916014,-0.0034309711769608,0.0120675544386319,0.0328154474134311,0.0927211314752998,1683.85345149554,1.00215594656846
"Sigma[5,3]",0.0224306846962854,0.000796732542887228,0.0429565448492387,-0.0501970414975303,-0.00189941342527793,0.0193110327488022,0.0430664490552819,0.111933420254286,2906.92329024836,1.00083499995849
"Sigma[5,4]",0.00598281657301677,0.000756564216324353,0.0360981204846769,-0.0596136111495264,-0.0139501371016198,0.00369432343918641,0.0228584796394758,0.0833849575930535,2276.55206747237,1.00167596966839
"Sigma[5,5]",0.163104119687548,0.00735518468659759,0.143969517011194,0.0309127582556993,0.0870753642771861,0.125931762445223,0.181774648918435,0.580250313549532,383.136855844835,1.00578277167093
"Sigma[5,6]",0.0236402190266827,0.00113409913071158,0.0331680552271972,-0.0284002891131276,0.00259527299111027,0.0188797807212557,0.040090793218488,0.103169786025063,855.338421170182,1.00242854921273
"Sigma[5,7]",0.0218417800158977,0.0011974210746448,0.0348347779461804,-0.0361041844448284,0.000246858688411519,0.0166341336492361,0.0391109791183659,0.106924854262204,846.315506026335,1.0047051984231
"Sigma[5,8]",0.011688869335682,0.000689107826078394,0.0333817886309986,-0.0484800245090742,-0.00682904575417621,0.00737782359654127,0.0275857344963368,0.0900324724560728,2346.6312050281,0.99979254728681
"Sigma[5,9]",0.0136254247503192,0.00068535346860521,0.030972421020572,-0.0447445677723955,-0.00466920867880348,0.0109422258240361,0.0300645919005345,0.0848646838938966,2042.30724569967,1.00049055802716
"Sigma[5,10]",0.0154327360148758,0.00087273958207587,0.0329387751950495,-0.0448100152039436,-0.00363788530804878,0.0115597749049612,0.0319700505119276,0.0879722517610381,1424.44454285723,1.00186231227972
"Sigma[5,11]",0.00123613950647289,0.000642751156870589,0.0357023002370321,-0.0748855322073534,-0.0157065648431095,0.00192593435932534,0.0197573351594157,0.0697274171503218,3085.3658034188,1.00076980682085
"Sigma[5,12]",0.0305178975244578,0.00206367666260506,0.0386896589450362,-0.0253764383619928,0.00510277906832236,0.0226525489067034,0.0477328962692734,0.128351069190079,351.484758128925,1.00699916890605
"Sigma[5,13]",0.0284303840497032,0.00190706528812407,0.0370560278542963,-0.0262889552234592,0.0045590033973326,0.0214818068789763,0.0449888487223862,0.120752549613857,377.560546203597,1.00610475349429
"Sigma[5,14]",0.0129714469891837,0.00135086175742489,0.0442402533201537,-0.0579730657050526,-0.00885118745400687,0.00801003772594676,0.0290805093166026,0.108892183867489,1072.53974803235,1.00180885853477
"Sigma[5,15]",0.0233744279407847,0.00126659720086762,0.0469653451735385,-0.0499057188900066,-0.0027112260986133,0.0152238632055552,0.0421490027950239,0.138789479685422,1374.92177248034,1.00029003028073
"Sigma[5,16]",0.00610580985829196,0.00055877758682991,0.0301334867569022,-0.0546821752891747,-0.0100802717232979,0.00581082336994784,0.0219325138873218,0.0682919011951143,2908.17688593983,1.00034028418603
"Sigma[5,17]",0.0215081875510496,0.00181075076980989,0.0390508040908231,-0.0366211699777383,-0.00235619518682267,0.0145102142402871,0.0381992050082985,0.117941536956417,465.096000200531,1.00504204102557
"Sigma[5,18]",0.0195332795219725,0.000871165141363325,0.0312077128823663,-0.0356030220548816,0.000633613068697688,0.0156817065744737,0.0356888158997029,0.0925236374741725,1283.28437022161,1.00030954545971
"Sigma[5,19]",0.0230385946455071,0.000947066322917567,0.0316635969734379,-0.0301274668553298,0.00273639454149087,0.0190132840380464,0.0389501682202202,0.0982410657513595,1117.78868931513,1.00039123043761
"Sigma[6,1]",0.0300850324946913,0.00142593123409292,0.0288302861597834,-0.0166061820138835,0.00998680645063748,0.0267398048499758,0.0461997870077738,0.0963503071693502,408.790450565984,1.00249911009018
"Sigma[6,2]",0.0145601387689828,0.000611857577888251,0.027203691214801,-0.036423297956556,-0.00177735580758746,0.0121596963432253,0.0303073661995029,0.0727522869778757,1976.76474450229,1.00161879564846
"Sigma[6,3]",0.0146002462690049,0.000705613705402931,0.0326345253228197,-0.0441821688531496,-0.00552356051120557,0.0123469098195811,0.032183850873582,0.0882173721455268,2139.04826976422,0.999375304007451
"Sigma[6,4]",0.0044123570015863,0.000606493763990868,0.0296732564179399,-0.0517610737896852,-0.0132828830217855,0.00286452930751978,0.0208964421467715,0.0685746538953572,2393.74420230659,0.999956962100522
"Sigma[6,5]",0.0236402190266827,0.00113409913071158,0.0331680552271972,-0.0284002891131276,0.00259527299111027,0.0188797807212557,0.040090793218488,0.103169786025063,855.338421170182,1.00242854921273
"Sigma[6,6]",0.121960563451565,0.00382658086121916,0.0585398244742171,0.03153408678301,0.0815860285341679,0.115113753358713,0.151493529457736,0.26081447529253,234.035124278204,1.00421493348744
"Sigma[6,7]",0.036150792390046,0.00151409609594654,0.0306281469040755,-0.012804718726793,0.0144818684377276,0.0322474303930903,0.0542815720617233,0.104850708638215,409.198999944603,1.0031192751095
"Sigma[6,8]",0.0158403390043098,0.000625417918520817,0.0285022786730257,-0.0365223828433225,-0.00154166752982005,0.0130141944243631,0.0315742660424351,0.080861712056832,2076.9140499201,0.999727747105574
"Sigma[6,9]",0.0117096597700373,0.000504623572045754,0.0256213722870145,-0.0376279087566342,-0.00375301028520546,0.0101011328591683,0.0263903695581307,0.0670627063973774,2577.92160909142,1.00097960948121
"Sigma[6,10]",0.0209640673637609,0.00104439097757866,0.0300726738464681,-0.028850237739104,0.00140571695175144,0.0180667828349026,0.036862786862418,0.0899586718309999,829.120905639727,1.00138362463113
"Sigma[6,11]",0.0178902976899219,0.000700095813283229,0.0318391149772427,-0.0402402370105121,-0.000532710288405354,0.014541597862104,0.0343695185095636,0.0896091378278586,2068.26895684059,1.00010436932294
"Sigma[6,12]",0.0307210790861516,0.00128455855688436,0.0301831937597002,-0.0174607834150888,0.00971329191508257,0.0263166926121325,0.0470287146768731,0.0984892412735544,552.106131638281,1.00303552669053
"Sigma[6,13]",0.0254039371722328,0.00118056368063023,0.0286096454538017,-0.0211127504065922,0.00576561330926417,0.022185874596279,0.040806648262941,0.0914598283808739,587.281222518538,1.00052354235235
"Sigma[6,14]",0.0157402495129748,0.00117778186793467,0.0361052239918888,-0.0420469059187696,-0.00353420874169585,0.0116024725412721,0.0299793056333606,0.0952435684962638,939.745726052028,1.00211979200771
"Sigma[6,15]",0.0304818946062454,0.00124663654210942,0.039571315346561,-0.0330825552887627,0.00518679039354482,0.0254614214388288,0.0480796517667704,0.1257107976169,1007.58400997321,1.00026860589413
"Sigma[6,16]",0.024655530217399,0.00114324135459802,0.0276910880294684,-0.0227353827170508,0.00643462346671525,0.0213346155338285,0.0401028104898775,0.0896193207437737,586.68392495972,1.00209104183102
"Sigma[6,17]",0.0232619217151478,0.00104013725544426,0.028884032519701,-0.0240413610083262,0.00356104948895528,0.019687797418603,0.0393025211745634,0.0888492003701467,771.141980146637,1.00211403814799
"Sigma[6,18]",0.0186482206273989,0.000566471927718726,0.0260523273006684,-0.0303496247909081,0.00255295099497178,0.0169181850348551,0.0331505293442404,0.0755238228804868,2115.12610793596,1.00229008376035
"Sigma[6,19]",0.014181765577377,0.000613185231950853,0.0254587537364397,-0.0312638373124613,-0.00146865428872689,0.0112395375103963,0.0279836934694818,0.0705679619532824,1723.81599800935,1.00125416091627
"Sigma[7,1]",0.0330976693041449,0.0015109745098253,0.0314735338801879,-0.0157384600415983,0.0107548686780104,0.0283816570842611,0.0509145915106001,0.106343050714431,433.887103450279,1.00135727282432
"Sigma[7,2]",0.0145901751773454,0.000608697187635058,0.0283980496756094,-0.0395089394322947,-0.00226113038560196,0.0122775359202053,0.0305749501594791,0.0767996661303267,2176.57902010524,1.00101288934801
"Sigma[7,3]",0.0093799095183668,0.000711627348271943,0.0335340520870356,-0.0537978370130454,-0.00965897433515378,0.00698351467804654,0.0270993320798635,0.0847521914141661,2220.58197017067,1.00101647362385
"Sigma[7,4]",0.00567634562732669,0.000661283125797117,0.03170101916074,-0.0554673736199834,-0.0122711046272059,0.004072699525545,0.0222132049717997,0.0727269348787596,2298.11399596351,0.999945336204965
"Sigma[7,5]",0.0218417800158977,0.0011974210746448,0.0348347779461804,-0.0361041844448284,0.000246858688411519,0.0166341336492361,0.0391109791183659,0.106924854262204,846.315506026335,1.0047051984231
"Sigma[7,6]",0.036150792390046,0.00151409609594654,0.0306281469040755,-0.012804718726793,0.0144818684377276,0.0322474303930903,0.0542815720617233,0.104850708638215,409.198999944603,1.0031192751095
"Sigma[7,7]",0.135552882047598,0.00468552219109781,0.0770163201188349,0.029549266123296,0.0849786195715457,0.121272039024714,0.16711577896422,0.332280963505557,270.177718354608,1.00246093616312
"Sigma[7,8]",0.0151085807138621,0.000549828426564636,0.0292520903406338,-0.0392758705779762,-0.00176184694879708,0.0122855362072269,0.030535746466325,0.0810632147962582,2830.47571524308,1.00037141114112
"Sigma[7,9]",0.0162284896616044,0.000722496950897419,0.0286419825779248,-0.0346203279187936,-0.00173844815781902,0.0129676221442354,0.0320500781146683,0.081841513312164,1571.57139449882,1.00188681459206
"Sigma[7,10]",0.0147347326902861,0.000549366962935841,0.0280523225077326,-0.039690971978798,-0.00175411451028535,0.0132097445919206,0.0301738559118387,0.072361113441674,2607.4294632358,0.999285245057645
"Sigma[7,11]",0.0213182932215708,0.00100033941766099,0.0364238568054722,-0.0385543256252103,0.000253685912127676,0.0166006222700586,0.0382604103920878,0.105643661424605,1325.79719388296,1.00040640326239
"Sigma[7,12]",0.0290856920268318,0.00138365377572499,0.0310769746862378,-0.0193531176450559,0.00695559599959684,0.0249302448187942,0.0469946454976287,0.10008644261511,504.455199812141,1.00462245127199
"Sigma[7,13]",0.0193123039684105,0.000840709553651142,0.0283113712710624,-0.0299437143383753,0.00112081796824565,0.016009787120944,0.0350340301153104,0.0841819322683835,1134.04384237643,1.00253867709985
"Sigma[7,14]",0.0136213029880951,0.000864796896279562,0.037619211966019,-0.0506061476324052,-0.00680559593070003,0.00925229768021591,0.0306739451312276,0.0965817164025013,1892.30502727845,1.00033246823787
"Sigma[7,15]",0.0337932002849817,0.00159430097902423,0.0449782241813665,-0.031472870513126,0.00540890026799795,0.024604967601282,0.0519831104737343,0.148537090835358,795.91004138298,1.000145273775
"Sigma[7,16]",0.0272030749917975,0.00109746707152483,0.029112324403151,-0.0208894664646894,0.0071275643545279,0.0238294855575743,0.0433735876597928,0.0945890273978247,703.672804899457,1.00109062324741
"Sigma[7,17]",0.0359312362668567,0.00199911072050472,0.0368922535648971,-0.0183833556140855,0.00946228553515174,0.0296309607393043,0.0551119442910471,0.126772078341338,340.562381085814,1.00522062703269
"Sigma[7,18]",0.0279317660049306,0.00149492290116871,0.031778396314055,-0.0209647972546285,0.00642002809204732,0.0227685637746294,0.0427686021558969,0.108037211216544,451.88337501841,1.00362333099936
"Sigma[7,19]",0.00107692417632145,0.000564532177983376,0.0271853275092679,-0.058899294320604,-0.0132306878025855,0.00220972317679569,0.0167309785000213,0.0530760372525606,2318.95187527792,1.00014018731707
"Sigma[8,1]",0.00628031397446687,0.000501285874306156,0.0269853669012199,-0.0510287606184184,-0.00807094564945449,0.00544242460353057,0.0209958908189555,0.0605318132929935,2897.91552024111,1.00039476261723
"Sigma[8,2]",0.0148034387079683,0.000735987916131007,0.029267355664183,-0.039807381545434,-0.00262314545869859,0.0118641541619276,0.0305065683611101,0.0792778078344626,1581.34126037415,1.00061536385942
"Sigma[8,3]",-0.000168003060486849,0.00060924403895414,0.0354968414261696,-0.0703155100201114,-0.019390866800351,-0.000726156989897894,0.0193630338935064,0.0701802503693053,3394.66438265754,1.00055187873367
"Sigma[8,4]",0.00246201662232783,0.000507409999181948,0.0305697143258295,-0.0590501477039951,-0.0145420017152926,0.00202138790076454,0.0191892840495014,0.0649362607519345,3629.64974090026,1.00004654335278
"Sigma[8,5]",0.011688869335682,0.000689107826078394,0.0333817886309986,-0.0484800245090742,-0.00682904575417621,0.00737782359654127,0.0275857344963368,0.0900324724560729,2346.6312050281,0.99979254728681
"Sigma[8,6]",0.0158403390043098,0.000625417918520817,0.0285022786730257,-0.0365223828433225,-0.00154166752982005,0.0130141944243631,0.0315742660424351,0.080861712056832,2076.9140499201,0.999727747105574
"Sigma[8,7]",0.0151085807138621,0.000549828426564636,0.0292520903406338,-0.0392758705779763,-0.00176184694879708,0.0122855362072269,0.030535746466325,0.0810632147962582,2830.47571524308,1.00037141114112
"Sigma[8,8]",0.119153619119309,0.00406110057180224,0.0660198331100394,0.0244081533073049,0.0765908479600409,0.111130519563783,0.149305876837259,0.260271030048285,264.278208871477,1.00623564237405
"Sigma[8,9]",0.00515634885351889,0.000496214408505518,0.0278876531474175,-0.0514967669096411,-0.0100566679526762,0.00410805623511339,0.0199532410058836,0.0639822220885467,3158.53137440699,0.999645622699104
"Sigma[8,10]",0.0104280769534103,0.000586642694825751,0.0294981413576785,-0.0440658681968193,-0.00626289699786384,0.008563221522865,0.0259763914840267,0.0761644123795282,2528.37781481695,1.00010827643299
"Sigma[8,11]",0.00959336039577127,0.000603678121755608,0.0325868573598217,-0.0501525305955272,-0.00875980167185666,0.00684529363242609,0.0265318956973946,0.0828052168823693,2913.89625955748,1.00051910975753
"Sigma[8,12]",0.0160768964783045,0.000899880198219655,0.0298162763511473,-0.0372940348823197,-0.00187066874781671,0.0126007600607205,0.0320953910163064,0.0845242021726718,1097.83587720746,1.00181524378633
"Sigma[8,13]",0.0112605812352915,0.000771965762446394,0.0290328045634853,-0.0413136329127612,-0.005318875275511,0.00841985884003192,0.0261165549385236,0.075126285625562,1414.43144437721,1.000977549984
"Sigma[8,14]",0.000775115539402825,0.000760590801006965,0.0373944424995471,-0.0724208622163568,-0.0155644806738921,0.00121000696389124,0.0185678088791117,0.0704089931755139,2417.19667788763,1.00157496729392
"Sigma[8,15]",0.010509496563752,0.000897583113431315,0.0405431935375143,-0.0672247460503584,-0.00985420086785821,0.00763524150421284,0.0289971426282528,0.0975512394753841,2040.26491891384,1.00091176342785
"Sigma[8,16]",0.00531380084280496,0.000551249207210256,0.0274712683207031,-0.0494419237336141,-0.00995747752779524,0.00457005530848555,0.0205465559571866,0.0617249404518475,2483.48456896183,1.00175538908974
"Sigma[8,17]",0.0126705734422247,0.000540460764494176,0.028944793275609,-0.0423580066602943,-0.00356155782076715,0.0101034957320951,0.028412046254534,0.0765642341192545,2868.2206743662,1.00030927534921
"Sigma[8,18]",0.00468240472871786,0.000512685847177771,0.0263721015807046,-0.0489111605624977,-0.0102029688616725,0.00403558823316598,0.0199924629162275,0.0605722091240061,2645.98161464681,0.99987408905422
"Sigma[8,19]",0.00443059183420091,0.000512587712053753,0.0274838271454646,-0.049852951487229,-0.0109357666361997,0.00289377511211263,0.0184061949393343,0.0635228488074765,2874.86883627594,0.999847475707313
"Sigma[9,1]",0.0140002012924683,0.000582835473352123,0.0264253868741522,-0.034575799241251,-0.00189551047102592,0.0118041991962176,0.0283412872968249,0.0733847098480395,2055.65749163018,1.00009273169852
"Sigma[9,2]",0.0109254316250834,0.000641784215378217,0.0283980846865166,-0.0431291128240861,-0.00557031154290645,0.00841837724808718,0.0267520151240994,0.0724470803992101,1957.94296680078,1.00129847551271
"Sigma[9,3]",0.017744238451982,0.000818213490859715,0.0331336606973459,-0.0428312545883311,-0.00243295917312207,0.0152167483550147,0.0361057086400374,0.0898309381238584,1639.85545643793,1.00036840398591
"Sigma[9,4]",-0.00156342963180024,0.000516205145087947,0.0294924028533645,-0.0595684250062869,-0.0188229567958281,-0.00170053504485753,0.0146046694082149,0.0609037856646614,3264.19170852668,0.99970526373378
"Sigma[9,5]",0.0136254247503192,0.00068535346860521,0.030972421020572,-0.0447445677723955,-0.00466920867880347,0.0109422258240361,0.0300645919005345,0.0848646838938967,2042.30724569967,1.00049055802716
"Sigma[9,6]",0.0117096597700373,0.000504623572045754,0.0256213722870145,-0.0376279087566342,-0.00375301028520546,0.0101011328591683,0.0263903695581307,0.0670627063973774,2577.92160909142,1.00097960948121
"Sigma[9,7]",0.0162284896616044,0.000722496950897419,0.0286419825779248,-0.0346203279187936,-0.00173844815781902,0.0129676221442354,0.0320500781146683,0.081841513312164,1571.57139449882,1.00188681459206
"Sigma[9,8]",0.00515634885351889,0.000496214408505518,0.0278876531474175,-0.0514967669096411,-0.0100566679526762,0.00410805623511339,0.0199532410058836,0.0639822220885467,3158.53137440699,0.999645622699104
"Sigma[9,9]",0.11545824247476,0.00398301780745537,0.0574656897706843,0.0274659232695001,0.0766156059419033,0.108651152745021,0.145302496225325,0.245582121390688,208.157829997566,1.00618246327828
"Sigma[9,10]",0.0111587951793774,0.000682646221804576,0.0288175605814221,-0.0436444712635385,-0.00547694903677644,0.00832185419500761,0.0271012943028892,0.0732461245817217,1782.06297766074,0.999928352703278
"Sigma[9,11]",0.00488499537873462,0.000558056424352535,0.0317469009181376,-0.0577791346060701,-0.0116272535417901,0.00411431007848319,0.0213837457852091,0.0722289094674097,3236.28267959652,0.999927558069101
"Sigma[9,12]",0.0132097829044717,0.000567908188720275,0.0273905870368473,-0.0399037834665739,-0.00278708507360636,0.0112701352629214,0.0290463532299721,0.0695395098927251,2326.19661082418,1.00130847330102
"Sigma[9,13]",0.0137915860446828,0.000592425920708376,0.0265828809680736,-0.0362062640314382,-0.00218619784701544,0.0111301482941251,0.0282681653339366,0.0739727585269504,2013.42746682609,0.999775745720949
"Sigma[9,14]",0.00381675176812743,0.000630367474466127,0.0340730302076356,-0.0624693394702742,-0.0112232448818794,0.00315913275093351,0.0204812806671059,0.0676452990185536,2921.68858425948,1.00082885092605
"Sigma[9,15]",0.0137294771070203,0.000934430559580342,0.0390693297552518,-0.054945085957951,-0.0076287556259072,0.00842832003931258,0.030858194969647,0.104458355246891,1748.14662228125,0.999332803960383
"Sigma[9,16]",0.000773086603748174,0.000467240165209769,0.0254991168538496,-0.0514084487733703,-0.0136173255083425,0.000455567564431252,0.0150089078614039,0.0532323874809515,2978.31028128777,1.00090406593178
"Sigma[9,17]",0.00885859724414921,0.000572198023316832,0.0277625381672697,-0.0440429613074665,-0.00736457070895005,0.00676421815816157,0.0234956936271315,0.0694771446463394,2354.10392193712,1.00005796904936
"Sigma[9,18]",0.0152998577678309,0.000852721636016469,0.0263905110681027,-0.0329275177961845,-0.000614302055677961,0.0119437803606398,0.0299344696803193,0.0745976842113321,957.81368201523,1.00030693797465
"Sigma[9,19]",0.00594411297926468,0.000492649091807418,0.0257878399594961,-0.0464602710848603,-0.00855029873318906,0.00475095264356484,0.0204386558998032,0.060549402534056,2740.02521595778,1.00089430379838
"Sigma[10,1]",0.0199875659930925,0.000855494327816627,0.0285414400114281,-0.030502749460926,0.00118407198866608,0.017116816858952,0.0360612047801346,0.0863899105780701,1113.05722517887,1.0007302103286
"Sigma[10,2]",0.0182313300579286,0.0011356163188965,0.0317099426026357,-0.0345711736449329,-0.00121161647970719,0.014102608034068,0.0343656027648068,0.0881718788842469,779.700230043117,1.00137564738306
"Sigma[10,3]",0.0260036735152317,0.00120535094672145,0.0400044080760373,-0.0395737900350418,0.000411502277677735,0.020774425387581,0.047964531051055,0.11832617510919,1101.51057486828,1.00129494041574
"Sigma[10,4]",-0.00588859221260247,0.000548367798783127,0.030238275903966,-0.0692541764730428,-0.0215138024043794,-0.00533969380924904,0.010978860977469,0.0516730174117171,3040.67611177592,0.999777256809676
"Sigma[10,5]",0.0154327360148758,0.00087273958207587,0.0329387751950495,-0.0448100152039436,-0.00363788530804878,0.0115597749049612,0.0319700505119276,0.0879722517610381,1424.44454285723,1.00186231227972
"Sigma[10,6]",0.0209640673637609,0.00104439097757866,0.0300726738464681,-0.028850237739104,0.00140571695175144,0.0180667828349026,0.036862786862418,0.0899586718309999,829.120905639727,1.00138362463113
"Sigma[10,7]",0.0147347326902861,0.000549366962935841,0.0280523225077326,-0.039690971978798,-0.00175411451028535,0.0132097445919206,0.0301738559118387,0.072361113441674,2607.4294632358,0.999285245057645
"Sigma[10,8]",0.0104280769534103,0.000586642694825751,0.0294981413576785,-0.0440658681968193,-0.00626289699786384,0.008563221522865,0.0259763914840267,0.0761644123795282,2528.37781481695,1.00010827643299
"Sigma[10,9]",0.0111587951793774,0.000682646221804576,0.0288175605814221,-0.0436444712635384,-0.00547694903677644,0.00832185419500761,0.0271012943028892,0.0732461245817217,1782.06297766074,0.999928352703278
"Sigma[10,10]",0.135013811795032,0.00417005403080781,0.0829864964791188,0.0253458295080971,0.0849664949276372,0.120166786893652,0.166169154985986,0.326568291206688,396.033109483398,1.00464006194487
"Sigma[10,11]",0.0147856749702711,0.000608421509821395,0.0322133855650067,-0.0473556546483209,-0.00376855181853311,0.0124835440764471,0.0315200123497798,0.0854168847842893,2803.26156490341,1.00129076921947
"Sigma[10,12]",0.0205908032762633,0.000968452708602046,0.029208617517349,-0.0299057657321522,0.00119552451415499,0.0175258294830133,0.0369913648116988,0.0876551520707023,909.630821097714,1.0005657745115
"Sigma[10,13]",0.0136232590520402,0.000590599096405873,0.0270381399414247,-0.0365819691775304,-0.00260250028339614,0.0114134051807477,0.0299529167697728,0.0702922692488231,2095.88797838674,1.00033467962305
"Sigma[10,14]",0.0135479763829731,0.000822703392086908,0.0387715515957346,-0.0541209627528881,-0.00684951522895364,0.00949600602979399,0.0303327855546483,0.100038284820544,2220.95514140498,0.999953299842225
"Sigma[10,15]",0.0437646157440236,0.00253931059016799,0.0567008218784329,-0.0237762995527843,0.00711132192948593,0.0300339242324835,0.0635904679755909,0.190599170484225,498.594014142534,1.00070209823588
"Sigma[10,16]",0.00647280391526299,0.000569927762747013,0.0278466955459751,-0.0474415640531356,-0.00919448706643894,0.00468029515442789,0.0215691358395277,0.0678006556758348,2387.30389648155,0.999502170804219
"Sigma[10,17]",0.0140389778167402,0.000834270611347242,0.0293513249747665,-0.038159044438305,-0.00322573624610006,0.0105771371055841,0.0301632581795745,0.079449643590855,1237.77450099619,0.999747322332705
"Sigma[10,18]",0.0109711395299433,0.000766870092538147,0.0280699759434252,-0.045026232265231,-0.00540182607317564,0.00892512064616688,0.0268768798280891,0.0710059800780311,1339.80155993328,1.00234332801406
"Sigma[10,19]",0.0278755776240505,0.00169803315779258,0.0329784074633287,-0.022106666247191,0.00506538814898778,0.0219767373961598,0.0464581269873564,0.106412196407802,377.195954459283,1.004663465669
"Sigma[11,1]",0.0179741080104007,0.000679269875913692,0.0313348322965729,-0.0380779395614245,-0.000648076175806663,0.0151392438936446,0.0348624713126131,0.0876432345725226,2127.99223717385,1.00062230552
"Sigma[11,2]",0.00991899354468916,0.000645975967209851,0.0334305365456879,-0.0532999697616378,-0.0087342503388286,0.00752039315350683,0.0262809623714279,0.0848380305192492,2678.26762782339,1.0014112040978
"Sigma[11,3]",0.0201012588401986,0.000867676871714238,0.0412114224327414,-0.0524434171299412,-0.00314155995131033,0.0162213983193111,0.0393021800383587,0.114309071328905,2255.89648074213,1.00144561715044
"Sigma[11,4]",-0.00616140717863618,0.000670963765736265,0.0368587957277699,-0.0792510824476112,-0.0242801564727585,-0.00557136613482798,0.0127974067008649,0.0669541530356808,3017.75618192052,1.00075015786063
"Sigma[11,5]",0.00123613950647289,0.000642751156870589,0.0357023002370321,-0.0748855322073534,-0.0157065648431095,0.00192593435932534,0.0197573351594157,0.0697274171503218,3085.3658034188,1.00076980682085
"Sigma[11,6]",0.0178902976899219,0.000700095813283229,0.0318391149772427,-0.0402402370105121,-0.000532710288405354,0.014541597862104,0.0343695185095636,0.0896091378278586,2068.26895684059,1.00010436932294
"Sigma[11,7]",0.0213182932215708,0.00100033941766099,0.0364238568054722,-0.0385543256252103,0.000253685912127676,0.0166006222700586,0.0382604103920878,0.105643661424605,1325.79719388296,1.00040640326239
"Sigma[11,8]",0.00959336039577127,0.000603678121755608,0.0325868573598217,-0.0501525305955272,-0.00875980167185666,0.00684529363242609,0.0265318956973946,0.0828052168823693,2913.89625955748,1.00051910975753
"Sigma[11,9]",0.00488499537873462,0.000558056424352535,0.0317469009181376,-0.0577791346060701,-0.0116272535417901,0.00411431007848319,0.0213837457852091,0.0722289094674097,3236.28267959652,0.999927558069101
"Sigma[11,10]",0.0147856749702711,0.000608421509821395,0.0322133855650067,-0.0473556546483209,-0.00376855181853311,0.0124835440764471,0.0315200123497798,0.0854168847842893,2803.26156490341,1.00129076921947
"Sigma[11,11]",0.17110371461523,0.00719105599421352,0.170181517888382,0.0306421812933052,0.088083202312284,0.127144979846708,0.181312555189431,0.730299267153225,560.06630459937,1.00518988368215
"Sigma[11,12]",0.00835962019443811,0.000579674975114794,0.031102787474755,-0.0569769603730256,-0.00759725207094071,0.00773346392742812,0.0258138460602554,0.0728462373318145,2878.91950155983,0.999957448610558
"Sigma[11,13]",0.00348922998691749,0.000548243785870464,0.0302614157244923,-0.0583543116455909,-0.0122884995260893,0.00328961258342738,0.0193991322359386,0.0639318480057331,3046.70950888486,1.00084627639716
"Sigma[11,14]",0.00431614349283422,0.000817388486588807,0.0422543432956517,-0.0770388829273407,-0.0147275008887349,0.0034482979733314,0.0227640467550843,0.0830060075793032,2672.30288540502,1.00090729614367
"Sigma[11,15]",0.0193382127216833,0.000904893608933277,0.0468383873003661,-0.0638140625073523,-0.00341089280507261,0.0148956929837163,0.0394154410234696,0.124316992642781,2679.22276693531,0.999930710115679
"Sigma[11,16]",0.000737930816897895,0.000523776407189272,0.0293080937969161,-0.0602679116815074,-0.0148202469115146,0.00104219348976592,0.0168756696272299,0.0597772656389423,3131.0015378089,1.00004852965995
"Sigma[11,17]",0.00446731930137236,0.000564275113444236,0.0318619584304076,-0.0596248342492279,-0.0124940682177077,0.00364852055279138,0.0210956630996966,0.0704035376776407,3188.32907685157,1.00015676108475
"Sigma[11,18]",0.00824638405438482,0.0006399320160724,0.0309768959655236,-0.0541496908430844,-0.00672185966050682,0.00787077168693747,0.0241990466582448,0.0705448732669404,2343.19330119203,1.00009082282533
"Sigma[11,19]",-0.00166892709161171,0.000655112318079199,0.0312707242854782,-0.069703135618086,-0.0175289876951537,0.000500214305198152,0.0159230490056124,0.0570077028897834,2278.47542981383,1.00041161558684
"Sigma[12,1]",0.0186152833816959,0.000637828589683905,0.0265381863830981,-0.0298594398497443,0.00188671848407332,0.0158278489890015,0.0343698827161363,0.0769806252264304,1731.14926605438,1.00329373361416
"Sigma[12,2]",0.0141806194507742,0.000582057276328833,0.0279968041940653,-0.036535064585236,-0.00219176585786341,0.0116410722725341,0.0294906740480715,0.0753838592105419,2313.58507690954,1.00045820703096
"Sigma[12,3]",0.0122348837337685,0.000721704729395697,0.0336275440509032,-0.0510983058756897,-0.00720858201781671,0.0107606109531913,0.0310428772402449,0.0822209495188365,2171.05686105893,0.999932301420402
"Sigma[12,4]",-0.00357827841708282,0.000536648011701127,0.0289493860352359,-0.0594741920396546,-0.0198277772712121,-0.00368920026338144,0.0124598796185075,0.0566204174975154,2910.04473885115,1.00030327165646
"Sigma[12,5]",0.0305178975244578,0.00206367666260505,0.0386896589450362,-0.0253764383619928,0.00510277906832236,0.0226525489067034,0.0477328962692734,0.128351069190079,351.484758128925,1.00699916890605
"Sigma[12,6]",0.0307210790861516,0.00128455855688436,0.0301831937597002,-0.0174607834150888,0.00971329191508257,0.0263166926121325,0.0470287146768731,0.0984892412735544,552.106131638281,1.00303552669053
"Sigma[12,7]",0.0290856920268318,0.00138365377572499,0.0310769746862378,-0.0193531176450559,0.00695559599959684,0.0249302448187942,0.0469946454976287,0.10008644261511,504.455199812141,1.00462245127199
"Sigma[12,8]",0.0160768964783045,0.000899880198219655,0.0298162763511473,-0.0372940348823197,-0.00187066874781671,0.0126007600607205,0.0320953910163064,0.0845242021726718,1097.83587720746,1.00181524378633
"Sigma[12,9]",0.0132097829044717,0.000567908188720275,0.0273905870368473,-0.0399037834665739,-0.00278708507360636,0.0112701352629214,0.0290463532299721,0.0695395098927251,2326.19661082418,1.00130847330102
"Sigma[12,10]",0.0205908032762633,0.000968452708602045,0.029208617517349,-0.0299057657321522,0.00119552451415499,0.0175258294830133,0.0369913648116988,0.0876551520707023,909.630821097715,1.0005657745115
"Sigma[12,11]",0.00835962019443811,0.000579674975114794,0.031102787474755,-0.0569769603730256,-0.00759725207094071,0.00773346392742811,0.0258138460602554,0.0728462373318145,2878.91950155983,0.999957448610558
"Sigma[12,12]",0.119675973416007,0.00431175907598075,0.0643934368195905,0.0251335113610213,0.0771725202523195,0.110649469769524,0.149510846163126,0.278331109521451,223.035625007594,1.00678592158526
"Sigma[12,13]",0.0323740431821923,0.002167928180347,0.034778650769786,-0.0189715258391457,0.00733980261356512,0.0257380945276216,0.0509418367691527,0.116088764796781,257.356817787805,1.00700977317821
"Sigma[12,14]",0.00937233921546263,0.000702908024646384,0.03341464052754,-0.0488456297806537,-0.00797065139152531,0.00635388056377973,0.0246221624764499,0.0827913893272211,2259.83423660087,1.0004291284098
"Sigma[12,15]",0.0245606233307039,0.00111519344526619,0.0408068440744524,-0.0408192043189003,0.000218094382406236,0.0184192794112834,0.0428588522280363,0.122156654611941,1338.95382683617,1.00086789642914
"Sigma[12,16]",0.0177245090703709,0.000768456222775045,0.0265145399100859,-0.0271036810185587,0.000295076565488515,0.0147170018744003,0.0321966786676413,0.0797732748400743,1190.50144657316,1.00088792138658
"Sigma[12,17]",0.0314005058516372,0.00216344942601453,0.0366999999676133,-0.020464018160086,0.00629191027030616,0.0238656065510635,0.0484630577836523,0.120516508713099,287.765438760959,1.00521125484569
"Sigma[12,18]",0.0168196954847665,0.000646498572275101,0.0268118041349092,-0.0340331527453923,0.00033646764337236,0.0148543642040134,0.0316792232721354,0.0745366673647679,1719.95441235216,1.0008696859529
"Sigma[12,19]",0.0139102444890779,0.000539070345471713,0.0256442094827683,-0.0321158660307141,-0.00223390962449273,0.0115263929045514,0.0288008065366246,0.0708148113285293,2263.01664517289,1.00035737702208
"Sigma[13,1]",0.0164849347654177,0.000650048463702168,0.0256613814289062,-0.030655163228656,0.000131050623117117,0.014299233003458,0.0311981453332566,0.0727309524073318,1558.36286848646,1.0011933230854
"Sigma[13,2]",0.0154981054915957,0.000757020596390728,0.028536718567805,-0.0367762840790858,-0.00173287223818534,0.0120892906473902,0.0306383695526316,0.0792420574716508,1420.99540389599,1.00056898090093
"Sigma[13,3]",-0.000958227697619855,0.000592709067134669,0.0317913054422505,-0.0649819191647193,-0.0182177936198574,-0.000838306215213454,0.0169502760409827,0.0621752473849421,2876.95839398224,1.00103536057487
"Sigma[13,4]",-0.0110954417507147,0.000585352517689566,0.0288150615048981,-0.0724996371200664,-0.0274581536283252,-0.0101145265846766,0.00570083326114042,0.0473896369787917,2423.28291557352,1.0020904725512
"Sigma[13,5]",0.0284303840497032,0.00190706528812407,0.0370560278542963,-0.0262889552234592,0.0045590033973326,0.0214818068789763,0.0449888487223862,0.120752549613857,377.560546203597,1.00610475349429
"Sigma[13,6]",0.0254039371722328,0.00118056368063023,0.0286096454538017,-0.0211127504065922,0.00576561330926417,0.022185874596279,0.040806648262941,0.0914598283808739,587.281222518538,1.00052354235235
"Sigma[13,7]",0.0193123039684105,0.000840709553651142,0.0283113712710624,-0.0299437143383753,0.00112081796824565,0.016009787120944,0.0350340301153104,0.0841819322683835,1134.04384237643,1.00253867709985
"Sigma[13,8]",0.0112605812352915,0.000771965762446394,0.0290328045634853,-0.0413136329127612,-0.005318875275511,0.00841985884003192,0.0261165549385236,0.075126285625562,1414.43144437721,1.000977549984
"Sigma[13,9]",0.0137915860446828,0.000592425920708376,0.0265828809680736,-0.0362062640314382,-0.00218619784701544,0.0111301482941251,0.0282681653339366,0.0739727585269504,2013.42746682609,0.999775745720949
"Sigma[13,10]",0.0136232590520402,0.000590599096405873,0.0270381399414247,-0.0365819691775304,-0.00260250028339614,0.0114134051807477,0.0299529167697728,0.0702922692488231,2095.88797838674,1.00033467962305
"Sigma[13,11]",0.00348922998691749,0.000548243785870464,0.0302614157244923,-0.0583543116455909,-0.0122884995260893,0.00328961258342738,0.0193991322359386,0.0639318480057331,3046.70950888486,1.00084627639716
"Sigma[13,12]",0.0323740431821923,0.002167928180347,0.034778650769786,-0.0189715258391457,0.00733980261356512,0.0257380945276216,0.0509418367691527,0.116088764796781,257.356817787805,1.00700977317821
"Sigma[13,13]",0.114380216972298,0.00401703906135501,0.0561736763519993,0.0256598758571395,0.0744246238962435,0.107457311857933,0.146961868161741,0.245093549109011,195.548093363235,1.0051431085744
"Sigma[13,14]",0.0137460745320939,0.000919575677003499,0.0346063273375353,-0.0431464569252602,-0.00484664257684604,0.00958168836067665,0.0291398865190961,0.0923985066128106,1416.23744126935,1.00039379896819
"Sigma[13,15]",0.0190618517047726,0.00088705413476605,0.0382133352158874,-0.049201761167952,-0.00203833077840492,0.0142394911014595,0.0371819957280345,0.105649839174311,1855.79345604562,0.999913064810261
"Sigma[13,16]",0.010390189962659,0.000646584362946498,0.0258796211534217,-0.0385914398062123,-0.00507949211830354,0.00817252457564597,0.0248339242897028,0.0664153351773391,1602.01078025762,1.00050975734274
"Sigma[13,17]",0.0210158484149316,0.00162186713763445,0.0312486966260324,-0.0288229307313904,6.63473868841276e-05,0.0155737625082246,0.0373082990153815,0.0947779561994532,371.221624685827,1.00656133584091
"Sigma[13,18]",0.0108381799570381,0.000474898669271934,0.0259163380869955,-0.0391711117504022,-0.00390602914863067,0.00829629561151901,0.0249983917810556,0.0689773060868837,2978.14177360946,0.999404117584253
"Sigma[13,19]",0.00958488670737746,0.000450363487512006,0.0255432347643002,-0.0400004881970585,-0.00524858167944308,0.0081857716735646,0.0240694600591457,0.0642308146135381,3216.81024144618,0.999582014043588
"Sigma[14,1]",0.0127866320051238,0.00112218520313903,0.0357512225935111,-0.0471520001197155,-0.00626044974314622,0.00817615016109585,0.028299013319615,0.0925328728357944,1014.96886549902,0.999859458173144
"Sigma[14,2]",0.00274901232890344,0.000813548718117512,0.034046562953473,-0.0677871362128375,-0.0135231602968992,0.00257036479626195,0.0205524853293663,0.0709908564978361,1751.37611057316,1.00133055088592
"Sigma[14,3]",0.00566629734056091,0.00104725050605565,0.0449412536379481,-0.0718771053863392,-0.0176555822358995,0.00298780904226192,0.0252400131925626,0.101851812283428,1841.57414091887,1.001641607722
"Sigma[14,4]",-0.00750205393052095,0.000896471676652642,0.039973217356002,-0.0907022351451555,-0.0246773311902608,-0.00466721788393196,0.0128935881822767,0.0614138283028452,1988.22286661886,1.00063376879503
"Sigma[14,5]",0.0129714469891837,0.00135086175742489,0.0442402533201537,-0.0579730657050526,-0.00885118745400687,0.00801003772594676,0.0290805093166026,0.108892183867489,1072.53974803235,1.00180885853477
"Sigma[14,6]",0.0157402495129748,0.00117778186793467,0.0361052239918888,-0.0420469059187696,-0.00353420874169585,0.0116024725412721,0.0299793056333606,0.0952435684962638,939.745726052028,1.00211979200771
"Sigma[14,7]",0.0136213029880951,0.000864796896279562,0.037619211966019,-0.0506061476324052,-0.00680559593070003,0.00925229768021591,0.0306739451312276,0.0965817164025013,1892.30502727845,1.00033246823787
"Sigma[14,8]",0.000775115539402825,0.000760590801006965,0.0373944424995471,-0.0724208622163568,-0.0155644806738921,0.00121000696389124,0.0185678088791117,0.0704089931755139,2417.19667788763,1.00157496729392
"Sigma[14,9]",0.00381675176812743,0.000630367474466126,0.0340730302076356,-0.0624693394702742,-0.0112232448818794,0.00315913275093351,0.0204812806671059,0.0676452990185536,2921.68858425949,1.00082885092605
"Sigma[14,10]",0.0135479763829731,0.000822703392086908,0.0387715515957346,-0.0541209627528881,-0.00684951522895364,0.00949600602979399,0.0303327855546483,0.100038284820544,2220.95514140498,0.999953299842225
"Sigma[14,11]",0.00431614349283422,0.000817388486588807,0.0422543432956517,-0.0770388829273407,-0.0147275008887349,0.0034482979733314,0.0227640467550843,0.0830060075793032,2672.30288540502,1.00090729614367
"Sigma[14,12]",0.00937233921546263,0.000702908024646383,0.03341464052754,-0.0488456297806537,-0.00797065139152531,0.00635388056377973,0.0246221624764499,0.0827913893272211,2259.83423660088,1.0004291284098
"Sigma[14,13]",0.0137460745320939,0.000919575677003499,0.0346063273375353,-0.0431464569252602,-0.00484664257684604,0.00958168836067665,0.0291398865190961,0.0923985066128106,1416.23744126935,1.00039379896819
"Sigma[14,14]",0.187921765135601,0.0197893429122186,0.298794419035684,0.0269908202242893,0.0811622706454066,0.118049145572871,0.167278464975405,1.13866928951646,227.972370189412,1.01008660945267
"Sigma[14,15]",0.0235289460094103,0.00166678933394458,0.0544480701463515,-0.0559943011754749,-0.00318170921317323,0.0144100951325517,0.0411997703844953,0.14492082928616,1067.09616024035,1.00308798475168
"Sigma[14,16]",0.00549045457565284,0.000567074007032448,0.03247112392835,-0.0533910309516128,-0.0112326375846106,0.00355983960101356,0.0211019243693328,0.0743883059067797,3278.80176657776,1.00039189361151
"Sigma[14,17]",0.0100033643511935,0.00116544149260017,0.0381398502261758,-0.0521309798733136,-0.0104194288896477,0.00482278424449598,0.025139351736936,0.0984575134530651,1070.96928235606,1.00082178975557
"Sigma[14,18]",0.00376421275683037,0.000580063586255718,0.0335179199914452,-0.059502834017037,-0.0120135784646753,0.00256108875758546,0.0194383696471376,0.0733683841995893,3338.89616493115,1.00092372422909
"Sigma[14,19]",0.00910671519395817,0.000696059474189099,0.0344592973832899,-0.0533440963519877,-0.00945592487753754,0.00606047344019013,0.0250699944774417,0.0825423862391595,2450.86922138241,1.00033173783283
"Sigma[15,1]",0.0212901934610868,0.00104589957273354,0.0386462686283808,-0.0417298771112015,-0.000983141463879123,0.0154730363421887,0.0387597041389769,0.115131138509587,1365.32224272525,1.00067687568011
"Sigma[15,2]",0.0188217879909343,0.00129534098169132,0.0435221222543684,-0.0496383862760092,-0.00550826401322248,0.0123357576891372,0.0352285419838411,0.128546046119881,1128.89075760525,1.00045103158547
"Sigma[15,3]",0.0159181768486547,0.00115267505941874,0.0495853806510986,-0.0635132653984164,-0.0109473224801003,0.0101895628945797,0.0343348844417655,0.138484940799781,1850.51883709967,0.99953081073785
"Sigma[15,4]",0.00435043750782488,0.000746691485870383,0.0426434316177019,-0.078370350923804,-0.0176786505327598,0.00281735489743133,0.0241329994073527,0.0966634432611438,3261.53387534808,1.00065308027841
"Sigma[15,5]",0.0233744279407847,0.00126659720086762,0.0469653451735385,-0.0499057188900066,-0.0027112260986133,0.0152238632055552,0.0421490027950239,0.138789479685422,1374.92177248034,1.00029003028073
"Sigma[15,6]",0.0304818946062454,0.00124663654210942,0.039571315346561,-0.0330825552887627,0.00518679039354482,0.0254614214388288,0.0480796517667704,0.1257107976169,1007.58400997321,1.00026860589413
"Sigma[15,7]",0.0337932002849817,0.00159430097902423,0.0449782241813665,-0.031472870513126,0.00540890026799795,0.024604967601282,0.0519831104737343,0.148537090835358,795.91004138298,1.000145273775
"Sigma[15,8]",0.010509496563752,0.000897583113431315,0.0405431935375143,-0.0672247460503584,-0.00985420086785821,0.00763524150421284,0.0289971426282528,0.0975512394753841,2040.26491891384,1.00091176342785
"Sigma[15,9]",0.0137294771070203,0.000934430559580342,0.0390693297552518,-0.054945085957951,-0.0076287556259072,0.00842832003931258,0.030858194969647,0.104458355246891,1748.14662228125,0.999332803960383
"Sigma[15,10]",0.0437646157440236,0.00253931059016799,0.0567008218784329,-0.0237762995527843,0.00711132192948593,0.0300339242324835,0.0635904679755909,0.190599170484225,498.594014142534,1.00070209823588
"Sigma[15,11]",0.0193382127216833,0.000904893608933277,0.0468383873003661,-0.0638140625073523,-0.00341089280507261,0.0148956929837163,0.0394154410234696,0.124316992642781,2679.22276693531,0.999930710115679
"Sigma[15,12]",0.0245606233307039,0.00111519344526619,0.0408068440744524,-0.0408192043189003,0.000218094382406236,0.0184192794112834,0.0428588522280363,0.122156654611941,1338.95382683617,1.00086789642914
"Sigma[15,13]",0.0190618517047726,0.00088705413476605,0.0382133352158874,-0.049201761167952,-0.00203833077840492,0.0142394911014595,0.0371819957280345,0.105649839174311,1855.79345604562,0.999913064810261
"Sigma[15,14]",0.0235289460094103,0.00166678933394458,0.0544480701463515,-0.0559943011754749,-0.00318170921317323,0.0144100951325517,0.0411997703844953,0.14492082928616,1067.09616024035,1.00308798475168
"Sigma[15,15]",0.266913626406078,0.0153796937229125,0.319233867241567,0.0366229790092088,0.100083003196361,0.148041812908037,0.261158108736374,1.20058305121957,430.846475309017,1.00581224635695
"Sigma[15,16]",0.0180835576647111,0.000791551040622721,0.0364279147934564,-0.0476222577118788,-0.00314506770606045,0.0143966718138035,0.0351582962962205,0.10501824550421,2117.92597033563,1.00023559648761
"Sigma[15,17]",0.0212936795889715,0.00129253430730639,0.0417913605037253,-0.0418381660925883,-0.00304144351597529,0.0141990524792566,0.0380515293923308,0.132639282832924,1045.41532169594,1.00003553627092
"Sigma[15,18]",0.0176317454866201,0.000794780881253265,0.0358284909773085,-0.0454866221763244,-0.00286403413359961,0.0130262164946188,0.0341392550823501,0.101549208846784,2032.18017845872,0.999556319149223
"Sigma[15,19]",0.0346958573358367,0.00150264513152067,0.0433467706841916,-0.0259821457799051,0.0066180718886061,0.0261124806452836,0.05337082881297,0.147874893991216,832.1481256572,0.999777995976925
"Sigma[16,1]",0.0231408670205115,0.00144930905334147,0.02864339010431,-0.0210497405537062,0.00335753629608298,0.0184787219394952,0.038930960163813,0.0910404703555973,390.595131204221,1.00414021446485
"Sigma[16,2]",0.000463513868156161,0.000477058322145981,0.0263991746805438,-0.0528859215657684,-0.0139012769671837,0.000635779105827066,0.0150208178201045,0.0554590499982082,3062.22957514988,1.00062559243358
"Sigma[16,3]",-0.00581513995300194,0.000662330506651631,0.0309168121931118,-0.0736046737367614,-0.0227576957911644,-0.00453721754298855,0.0122273543813277,0.0537723733568836,2178.91303898459,1.00167496130296
"Sigma[16,4]",0.0108682175474334,0.00059623478102425,0.0297719948447104,-0.0488585919434203,-0.00631479905970629,0.0099100493878677,0.0283065628254622,0.0738881587327676,2493.3385782222,1.00147966903451
"Sigma[16,5]",0.00610580985829196,0.00055877758682991,0.0301334867569022,-0.0546821752891747,-0.0100802717232979,0.00581082336994784,0.0219325138873218,0.0682919011951144,2908.17688593983,1.00034028418603
"Sigma[16,6]",0.024655530217399,0.00114324135459802,0.0276910880294684,-0.0227353827170508,0.00643462346671525,0.0213346155338285,0.0401028104898775,0.0896193207437737,586.68392495972,1.00209104183102
"Sigma[16,7]",0.0272030749917975,0.00109746707152483,0.029112324403151,-0.0208894664646894,0.0071275643545279,0.0238294855575743,0.0433735876597928,0.0945890273978247,703.672804899457,1.00109062324741
"Sigma[16,8]",0.00531380084280496,0.000551249207210256,0.0274712683207031,-0.0494419237336141,-0.00995747752779524,0.00457005530848555,0.0205465559571866,0.0617249404518475,2483.48456896183,1.00175538908974
"Sigma[16,9]",0.000773086603748174,0.000467240165209769,0.0254991168538496,-0.0514084487733703,-0.0136173255083425,0.000455567564431252,0.0150089078614039,0.0532323874809515,2978.31028128777,1.00090406593178
"Sigma[16,10]",0.00647280391526299,0.000569927762747013,0.0278466955459751,-0.0474415640531356,-0.00919448706643894,0.00468029515442789,0.0215691358395277,0.0678006556758348,2387.30389648155,0.999502170804219
"Sigma[16,11]",0.000737930816897895,0.000523776407189272,0.0293080937969161,-0.0602679116815074,-0.0148202469115146,0.00104219348976592,0.0168756696272299,0.0597772656389423,3131.0015378089,1.00004852965995
"Sigma[16,12]",0.0177245090703709,0.000768456222775045,0.0265145399100859,-0.0271036810185587,0.000295076565488515,0.0147170018744003,0.0321966786676413,0.0797732748400743,1190.50144657316,1.00088792138658
"Sigma[16,13]",0.010390189962659,0.000646584362946498,0.0258796211534217,-0.0385914398062123,-0.00507949211830354,0.00817252457564597,0.0248339242897028,0.0664153351773391,1602.01078025762,1.00050975734274
"Sigma[16,14]",0.00549045457565284,0.000567074007032448,0.03247112392835,-0.0533910309516128,-0.0112326375846106,0.00355983960101356,0.0211019243693328,0.0743883059067797,3278.80176657776,1.00039189361151
"Sigma[16,15]",0.0180835576647111,0.000791551040622721,0.0364279147934564,-0.0476222577118788,-0.00314506770606045,0.0143966718138035,0.0351582962962205,0.10501824550421,2117.92597033563,1.00023559648761
"Sigma[16,16]",0.114168564955355,0.00390051920071329,0.0538723117055113,0.0280323204402157,0.0766293766675569,0.108335051687635,0.144827825795449,0.236293582802873,190.759591416737,1.00765745089337
"Sigma[16,17]",0.0231989378507465,0.00112156149044233,0.0293671947889752,-0.0253104393472635,0.00369285466980554,0.0192541059246723,0.0395856611255635,0.0914192322797255,685.612535597177,1.00049428840068
"Sigma[16,18]",0.0154804517232267,0.000518876043586635,0.0256909868509785,-0.0323786153321212,-0.000346327509600633,0.0137423311384718,0.0295198827114539,0.0734110039705522,2451.51375304403,1.00046040139876
"Sigma[16,19]",0.00910478517408141,0.000568383031600412,0.0251417307502892,-0.0393577660243012,-0.00570282134280038,0.00704586680297133,0.0226717861226229,0.0644127892307618,1956.62741367551,0.99974293670906
"Sigma[17,1]",0.025393641450535,0.00110966343267965,0.029810690700572,-0.0219314800224374,0.00486854499864857,0.0205962246503056,0.0421366573358779,0.0928618201561918,721.708013707844,1.00146167486357
"Sigma[17,2]",0.00957921461430792,0.000574724903820018,0.0278432765787745,-0.0418282016908483,-0.00578103885373995,0.00752175046542143,0.0245462748897144,0.0687498005058267,2347.0408598685,1.00200561437918
"Sigma[17,3]",0.00483038014462304,0.000551475298509728,0.0319608709643967,-0.0580230279190732,-0.0132639454780849,0.00357176095226163,0.0223475550485903,0.0732849823331694,3358.80725510082,0.999828529580104
"Sigma[17,4]",0.0139528262417693,0.000621735483081416,0.0311468935972537,-0.0433761336777187,-0.00524565380005952,0.0117968142476467,0.0311911534633572,0.083003430875205,2509.67896766752,0.999861210552681
"Sigma[17,5]",0.0215081875510496,0.00181075076980989,0.0390508040908231,-0.0366211699777383,-0.00235619518682267,0.0145102142402871,0.0381992050082985,0.117941536956417,465.096000200531,1.00504204102557
"Sigma[17,6]",0.0232619217151478,0.00104013725544426,0.028884032519701,-0.0240413610083262,0.00356104948895528,0.019687797418603,0.0393025211745635,0.0888492003701467,771.141980146637,1.00211403814799
"Sigma[17,7]",0.0359312362668567,0.00199911072050472,0.0368922535648971,-0.0183833556140855,0.00946228553515174,0.0296309607393043,0.0551119442910471,0.126772078341338,340.562381085814,1.00522062703269
"Sigma[17,8]",0.0126705734422247,0.000540460764494177,0.028944793275609,-0.0423580066602943,-0.00356155782076715,0.0101034957320951,0.028412046254534,0.0765642341192545,2868.2206743662,1.00030927534921
"Sigma[17,9]",0.00885859724414921,0.000572198023316832,0.0277625381672697,-0.0440429613074665,-0.00736457070895005,0.00676421815816157,0.0234956936271315,0.0694771446463394,2354.10392193712,1.00005796904936
"Sigma[17,10]",0.0140389778167402,0.000834270611347242,0.0293513249747665,-0.038159044438305,-0.00322573624610006,0.0105771371055841,0.0301632581795745,0.079449643590855,1237.77450099619,0.999747322332705
"Sigma[17,11]",0.00446731930137236,0.000564275113444236,0.0318619584304076,-0.0596248342492279,-0.0124940682177077,0.00364852055279138,0.0210956630996966,0.0704035376776407,3188.32907685157,1.00015676108475
"Sigma[17,12]",0.0314005058516372,0.00216344942601453,0.0366999999676133,-0.020464018160086,0.00629191027030616,0.0238656065510635,0.0484630577836523,0.120516508713099,287.765438760959,1.00521125484569
"Sigma[17,13]",0.0210158484149316,0.00162186713763445,0.0312486966260324,-0.0288229307313904,6.63473868841276e-05,0.0155737625082246,0.0373082990153815,0.0947779561994532,371.221624685826,1.00656133584091
"Sigma[17,14]",0.0100033643511935,0.00116544149260017,0.0381398502261758,-0.0521309798733136,-0.0104194288896477,0.00482278424449598,0.025139351736936,0.0984575134530651,1070.96928235606,1.00082178975557
"Sigma[17,15]",0.0212936795889715,0.00129253430730639,0.0417913605037253,-0.0418381660925883,-0.00304144351597529,0.0141990524792566,0.0380515293923308,0.132639282832924,1045.41532169594,1.00003553627092
"Sigma[17,16]",0.0231989378507465,0.00112156149044233,0.0293671947889752,-0.0253104393472635,0.00369285466980554,0.0192541059246723,0.0395856611255635,0.0914192322797255,685.612535597176,1.00049428840068
"Sigma[17,17]",0.125949806411568,0.0043118731443661,0.069432931380009,0.0287865821540882,0.080296417697768,0.113813271853701,0.154403889923806,0.303841881777286,259.297930945571,1.00406004651511
"Sigma[17,18]",0.0170187593308542,0.0010934435328465,0.0280695165801855,-0.030757096752599,-0.000756309565735696,0.0135184269236739,0.0322422876802195,0.0821829655467057,658.987452956234,1.00181208285008
"Sigma[17,19]",0.00798539839114816,0.000474109397291828,0.0260546264281091,-0.0420329982146661,-0.00738400340604424,0.00609784638615868,0.0219487014007434,0.0664871762170941,3020.03915875964,1.00067220559583
"Sigma[18,1]",0.0196108480389026,0.000839201590126835,0.025918572400152,-0.0266129865650284,0.00279703389921669,0.016659546764446,0.0343056722968124,0.079579668955207,953.870806959516,1.00120596188538
"Sigma[18,2]",0.00420467133037286,0.000524628145308038,0.0270559243846718,-0.050494264221437,-0.010407278692739,0.00371139483783313,0.0188138137580054,0.0609440049036672,2659.63219262119,1.00017686229314
"Sigma[18,3]",0.0202306915823175,0.000766404832051952,0.0323925149588901,-0.0384596924381164,0.000418410507076673,0.0176745761757596,0.0379969874988327,0.0907526019013789,1786.37596784639,1.00105308186081
"Sigma[18,4]",0.0119332339313736,0.00080656708402542,0.0298460981819049,-0.0424382448206131,-0.00576328526195816,0.00905736092143732,0.0278850437385039,0.0789947550375689,1369.28590484597,1.00081031627877
"Sigma[18,5]",0.0195332795219725,0.000871165141363325,0.0312077128823663,-0.0356030220548816,0.000633613068697688,0.0156817065744737,0.0356888158997029,0.0925236374741725,1283.28437022161,1.00030954545971
"Sigma[18,6]",0.0186482206273989,0.000566471927718726,0.0260523273006684,-0.0303496247909081,0.00255295099497178,0.0169181850348551,0.0331505293442404,0.0755238228804868,2115.12610793596,1.00229008376035
"Sigma[18,7]",0.0279317660049306,0.00149492290116871,0.031778396314055,-0.0209647972546285,0.00642002809204732,0.0227685637746294,0.0427686021558969,0.108037211216544,451.88337501841,1.00362333099936
"Sigma[18,8]",0.00468240472871786,0.000512685847177771,0.0263721015807046,-0.0489111605624977,-0.0102029688616725,0.00403558823316598,0.0199924629162275,0.0605722091240061,2645.98161464681,0.99987408905422
"Sigma[18,9]",0.0152998577678309,0.000852721636016469,0.0263905110681027,-0.0329275177961845,-0.000614302055677961,0.0119437803606398,0.0299344696803193,0.0745976842113321,957.81368201523,1.00030693797465
"Sigma[18,10]",0.0109711395299433,0.000766870092538147,0.0280699759434252,-0.045026232265231,-0.00540182607317565,0.00892512064616688,0.0268768798280891,0.0710059800780311,1339.80155993328,1.00234332801406
"Sigma[18,11]",0.00824638405438482,0.0006399320160724,0.0309768959655236,-0.0541496908430844,-0.00672185966050682,0.00787077168693747,0.0241990466582448,0.0705448732669404,2343.19330119203,1.00009082282533
"Sigma[18,12]",0.0168196954847665,0.000646498572275101,0.0268118041349092,-0.0340331527453923,0.00033646764337236,0.0148543642040134,0.0316792232721354,0.0745366673647679,1719.95441235216,1.0008696859529
"Sigma[18,13]",0.0108381799570381,0.000474898669271935,0.0259163380869955,-0.0391711117504022,-0.00390602914863067,0.00829629561151901,0.0249983917810556,0.0689773060868837,2978.14177360945,0.999404117584253
"Sigma[18,14]",0.00376421275683037,0.000580063586255719,0.0335179199914452,-0.059502834017037,-0.0120135784646753,0.00256108875758546,0.0194383696471376,0.0733683841995893,3338.89616493115,1.00092372422909
"Sigma[18,15]",0.0176317454866201,0.000794780881253265,0.0358284909773085,-0.0454866221763244,-0.00286403413359961,0.0130262164946188,0.0341392550823501,0.101549208846784,2032.18017845872,0.999556319149223
"Sigma[18,16]",0.0154804517232267,0.000518876043586635,0.0256909868509785,-0.0323786153321212,-0.000346327509600633,0.0137423311384718,0.0295198827114539,0.0734110039705522,2451.51375304403,1.00046040139876
"Sigma[18,17]",0.0170187593308542,0.0010934435328465,0.0280695165801855,-0.030757096752599,-0.000756309565735696,0.0135184269236739,0.0322422876802195,0.0821829655467057,658.987452956234,1.00181208285008
"Sigma[18,18]",0.110310578876442,0.00373515308537058,0.0515337339579081,0.0263786550014099,0.0745012602776214,0.104947923542991,0.138897377799399,0.228011249393465,190.355929749829,1.0062793232366
"Sigma[18,19]",0.0138129993419373,0.000517847735049743,0.0253029085945543,-0.0367865253912982,-0.00147122113070346,0.0119198541027754,0.028357724130287,0.0669993461770371,2387.46344705305,1.00028947150381
"Sigma[19,1]",0.00541058800012392,0.000488823683440535,0.024526002960443,-0.0424781805107388,-0.00916061541415748,0.00392820126787613,0.0189248312471085,0.0589244321387589,2517.38171974156,1.00005910621798
"Sigma[19,2]",0.00993487937585527,0.000643687515121626,0.0264602349516085,-0.0384170183336871,-0.00621208063368422,0.00751606558394899,0.0241534577217619,0.0684790245449296,1689.80745167416,1.0001013291697
"Sigma[19,3]",0.0260826230495418,0.000716997122238778,0.0320369690547837,-0.0308660294146913,0.00538004210086327,0.0232366527382322,0.0442701307694906,0.0988483764509141,1996.49404121026,0.999897641166938
"Sigma[19,4]",0.0123552250830087,0.000588551069057276,0.0293552831039084,-0.0451106935386332,-0.00562588472570269,0.0115148531404064,0.02963621661643,0.0730562789679828,2487.73571074244,0.999278197962805
"Sigma[19,5]",0.0230385946455071,0.000947066322917567,0.0316635969734379,-0.0301274668553298,0.00273639454149087,0.0190132840380464,0.0389501682202202,0.0982410657513595,1117.78868931513,1.00039123043761
"Sigma[19,6]",0.014181765577377,0.000613185231950852,0.0254587537364397,-0.0312638373124613,-0.00146865428872689,0.0112395375103963,0.0279836934694818,0.0705679619532824,1723.81599800935,1.00125416091627
"Sigma[19,7]",0.00107692417632145,0.000564532177983376,0.0271853275092679,-0.058899294320604,-0.0132306878025855,0.00220972317679569,0.0167309785000213,0.0530760372525606,2318.95187527792,1.00014018731707
"Sigma[19,8]",0.00443059183420091,0.000512587712053753,0.0274838271454646,-0.049852951487229,-0.0109357666361997,0.00289377511211263,0.0184061949393343,0.0635228488074766,2874.86883627594,0.999847475707313
"Sigma[19,9]",0.00594411297926468,0.000492649091807418,0.0257878399594961,-0.0464602710848604,-0.00855029873318906,0.00475095264356483,0.0204386558998032,0.060549402534056,2740.02521595778,1.00089430379838
"Sigma[19,10]",0.0278755776240505,0.00169803315779258,0.0329784074633287,-0.022106666247191,0.00506538814898778,0.0219767373961598,0.0464581269873564,0.106412196407802,377.195954459283,1.004663465669
"Sigma[19,11]",-0.00166892709161171,0.000655112318079199,0.0312707242854782,-0.069703135618086,-0.0175289876951537,0.000500214305198152,0.0159230490056124,0.0570077028897834,2278.47542981383,1.00041161558684
"Sigma[19,12]",0.0139102444890779,0.000539070345471713,0.0256442094827683,-0.0321158660307141,-0.00223390962449273,0.0115263929045514,0.0288008065366246,0.0708148113285293,2263.01664517289,1.00035737702208
"Sigma[19,13]",0.00958488670737746,0.000450363487512006,0.0255432347643002,-0.0400004881970585,-0.00524858167944308,0.0081857716735646,0.0240694600591457,0.0642308146135381,3216.81024144618,0.999582014043588
"Sigma[19,14]",0.00910671519395817,0.000696059474189099,0.0344592973832899,-0.0533440963519877,-0.00945592487753754,0.00606047344019013,0.0250699944774417,0.0825423862391595,2450.86922138241,1.00033173783283
"Sigma[19,15]",0.0346958573358367,0.00150264513152067,0.0433467706841916,-0.0259821457799051,0.0066180718886061,0.0261124806452836,0.05337082881297,0.147874893991216,832.1481256572,0.999777995976925
"Sigma[19,16]",0.00910478517408141,0.000568383031600413,0.0251417307502892,-0.0393577660243012,-0.00570282134280038,0.00704586680297134,0.0226717861226229,0.0644127892307618,1956.62741367551,0.99974293670906
"Sigma[19,17]",0.00798539839114816,0.000474109397291828,0.0260546264281091,-0.0420329982146661,-0.00738400340604424,0.00609784638615868,0.0219487014007434,0.0664871762170941,3020.03915875964,1.00067220559583
"Sigma[19,18]",0.0138129993419373,0.000517847735049743,0.0253029085945543,-0.0367865253912982,-0.00147122113070346,0.0119198541027754,0.028357724130287,0.0669993461770371,2387.46344705306,1.00028947150381
"Sigma[19,19]",0.115878940962716,0.00373934260285518,0.0543156444907854,0.0284798452329318,0.0769568614538055,0.10988330148851,0.145544921771981,0.246672888027304,210.988779122588,1.00725114833084
"N_sim[1]",0,NA,0,0,0,0,0,0,NA,NA
"N_sim[2]",0,NA,0,0,0,0,0,0,NA,NA
"N_sim[3]",0,NA,0,0,0,0,0,0,NA,NA
"N_sim[4]",0,NA,0,0,0,0,0,0,NA,NA
"N_sim[5]",0,NA,0,0,0,0,0,0,NA,NA
"N_sim[6]",0,NA,0,0,0,0,0,0,NA,NA
"N_sim[7]",0,NA,0,0,0,0,0,0,NA,NA
"N_sim[8]",0,NA,0,0,0,0,0,0,NA,NA
"N_sim[9]",0,NA,0,0,0,0,0,0,NA,NA
"N_sim[10]",0,NA,0,0,0,0,0,0,NA,NA
"N_sim[11]",0,NA,0,0,0,0,0,0,NA,NA
"N_sim[12]",0,NA,0,0,0,0,0,0,NA,NA
"N_sim[13]",0,NA,0,0,0,0,0,0,NA,NA
"N_sim[14]",0,NA,0,0,0,0,0,0,NA,NA
"N_sim[15]",0,NA,0,0,0,0,0,0,NA,NA
"N_sim[16]",0,NA,0,0,0,0,0,0,NA,NA
"N_sim[17]",0,NA,0,0,0,0,0,0,NA,NA
"N_sim[18]",0,NA,0,0,0,0,0,0,NA,NA
"N_sim[19]",0,NA,0,0,0,0,0,0,NA,NA
"N_sim[20]",0,NA,0,0,0,0,0,0,NA,NA
"N_sim[21]",0,NA,0,0,0,0,0,0,NA,NA
"N_sim[22]",0,NA,0,0,0,0,0,0,NA,NA
"N_sim[23]",0,NA,0,0,0,0,0,0,NA,NA
"N_sim[24]",0,NA,0,0,0,0,0,0,NA,NA
"N_sim[25]",0,NA,0,0,0,0,0,0,NA,NA
"N_sim[26]",0,NA,0,0,0,0,0,0,NA,NA
"N_sim[27]",0,NA,0,0,0,0,0,0,NA,NA
"N_sim[28]",0,NA,0,0,0,0,0,0,NA,NA
"N_sim[29]",0,NA,0,0,0,0,0,0,NA,NA
"N_sim[30]",0,NA,0,0,0,0,0,0,NA,NA
"N_sim[31]",0,NA,0,0,0,0,0,0,NA,NA
"N_sim[32]",0,NA,0,0,0,0,0,0,NA,NA
"N_sim[33]",0,NA,0,0,0,0,0,0,NA,NA
"N_sim[34]",0,NA,0,0,0,0,0,0,NA,NA
"N_sim[35]",0,NA,0,0,0,0,0,0,NA,NA
"N_sim[36]",0,NA,0,0,0,0,0,0,NA,NA
"N_sim[37]",0,NA,0,0,0,0,0,0,NA,NA
"N_sim[38]",0,NA,0,0,0,0,0,0,NA,NA
"N_sim[39]",0,NA,0,0,0,0,0,0,NA,NA
"N_sim[40]",0,NA,0,0,0,0,0,0,NA,NA
"N_sim[41]",0,NA,0,0,0,0,0,0,NA,NA
"N_sim[42]",0,NA,0,0,0,0,0,0,NA,NA
"N_sim[43]",0,NA,0,0,0,0,0,0,NA,NA
"N_sim[44]",0,NA,0,0,0,0,0,0,NA,NA
"N_sim[45]",0,NA,0,0,0,0,0,0,NA,NA
"N_sim[46]",0,NA,0,0,0,0,0,0,NA,NA
"N_sim[47]",0,NA,0,0,0,0,0,0,NA,NA
"N_sim[48]",0,NA,0,0,0,0,0,0,NA,NA
"N_sim[49]",0,NA,0,0,0,0,0,0,NA,NA
"N_sim[50]",0,NA,0,0,0,0,0,0,NA,NA
"N_sim[51]",0,NA,0,0,0,0,0,0,NA,NA
"N_sim[52]",0,NA,0,0,0,0,0,0,NA,NA
"N_sim[53]",0,NA,0,0,0,0,0,0,NA,NA
"N_sim[54]",0,NA,0,0,0,0,0,0,NA,NA
"N_sim[55]",0,NA,0,0,0,0,0,0,NA,NA
"N_sim[56]",0,NA,0,0,0,0,0,0,NA,NA
"N_sim[57]",0,NA,0,0,0,0,0,0,NA,NA
"N_sim[58]",0,NA,0,0,0,0,0,0,NA,NA
"N_sim[59]",0,NA,0,0,0,0,0,0,NA,NA
"N_sim[60]",0,NA,0,0,0,0,0,0,NA,NA
"N_sim[61]",0,NA,0,0,0,0,0,0,NA,NA
"N_sim[62]",0,NA,0,0,0,0,0,0,NA,NA
"N_sim[63]",0,NA,0,0,0,0,0,0,NA,NA
"N_sim[64]",0,NA,0,0,0,0,0,0,NA,NA
"N_sim[65]",0,NA,0,0,0,0,0,0,NA,NA
"N_sim[66]",0,NA,0,0,0,0,0,0,NA,NA
"N_sim[67]",0,NA,0,0,0,0,0,0,NA,NA
"N_sim[68]",0,NA,0,0,0,0,0,0,NA,NA
"N_sim[69]",0,NA,0,0,0,0,0,0,NA,NA
"N_sim[70]",0,NA,0,0,0,0,0,0,NA,NA
"N_sim[71]",0,NA,0,0,0,0,0,0,NA,NA
"N_sim[72]",0,NA,0,0,0,0,0,0,NA,NA
"N_sim[73]",0,NA,0,0,0,0,0,0,NA,NA
"N_sim[74]",0,NA,0,0,0,0,0,0,NA,NA
"N_sim[75]",0,NA,0,0,0,0,0,0,NA,NA
"N_sim[76]",0,NA,0,0,0,0,0,0,NA,NA
"N_sim[77]",0,NA,0,0,0,0,0,0,NA,NA
"N_sim[78]",0,NA,0,0,0,0,0,0,NA,NA
"N_sim[79]",0,NA,0,0,0,0,0,0,NA,NA
"N_sim[80]",0,NA,0,0,0,0,0,0,NA,NA
"N_sim[81]",0,NA,0,0,0,0,0,0,NA,NA
"N_sim[82]",0,NA,0,0,0,0,0,0,NA,NA
"N_sim[83]",0,NA,0,0,0,0,0,0,NA,NA
"N_sim[84]",0,NA,0,0,0,0,0,0,NA,NA
"N_sim[85]",0,NA,0,0,0,0,0,0,NA,NA
"N_sim[86]",0,NA,0,0,0,0,0,0,NA,NA
"N_sim[87]",0,NA,0,0,0,0,0,0,NA,NA
"N_sim[88]",0,NA,0,0,0,0,0,0,NA,NA
"N_sim[89]",0,NA,0,0,0,0,0,0,NA,NA
"N_sim[90]",0,NA,0,0,0,0,0,0,NA,NA
"N_sim[91]",0,NA,0,0,0,0,0,0,NA,NA
"N_sim[92]",0,NA,0,0,0,0,0,0,NA,NA
"N_sim[93]",0,NA,0,0,0,0,0,0,NA,NA
"N_sim[94]",0,NA,0,0,0,0,0,0,NA,NA
"N_sim[95]",0,NA,0,0,0,0,0,0,NA,NA
"N_sim[96]",0,NA,0,0,0,0,0,0,NA,NA
"N_sim[97]",0,NA,0,0,0,0,0,0,NA,NA
"N_sim[98]",0,NA,0,0,0,0,0,0,NA,NA
"N_sim[99]",0,NA,0,0,0,0,0,0,NA,NA
"N_sim[100]",0,NA,0,0,0,0,0,0,NA,NA
"N_sim[101]",0,NA,0,0,0,0,0,0,NA,NA
"N_sim[102]",0,NA,0,0,0,0,0,0,NA,NA
"N_sim[103]",0,NA,0,0,0,0,0,0,NA,NA
"N_sim[104]",0,NA,0,0,0,0,0,0,NA,NA
"N_sim[105]",0,NA,0,0,0,0,0,0,NA,NA
"N_sim[106]",0,NA,0,0,0,0,0,0,NA,NA
"N_sim[107]",0,NA,0,0,0,0,0,0,NA,NA
"N_sim[108]",0,NA,0,0,0,0,0,0,NA,NA
"N_sim[109]",0,NA,0,0,0,0,0,0,NA,NA
"N_sim[110]",0,NA,0,0,0,0,0,0,NA,NA
"N_sim[111]",0,NA,0,0,0,0,0,0,NA,NA
"N_sim[112]",0,NA,0,0,0,0,0,0,NA,NA
"N_sim[113]",0,NA,0,0,0,0,0,0,NA,NA
"N_sim[114]",0,NA,0,0,0,0,0,0,NA,NA
"N_sim[115]",0,NA,0,0,0,0,0,0,NA,NA
"N_sim[116]",0,NA,0,0,0,0,0,0,NA,NA
"N_sim[117]",0,NA,0,0,0,0,0,0,NA,NA
"N_sim[118]",0,NA,0,0,0,0,0,0,NA,NA
"N_sim[119]",0,NA,0,0,0,0,0,0,NA,NA
"N_sim[120]",0,NA,0,0,0,0,0,0,NA,NA
"N_sim[121]",0,NA,0,0,0,0,0,0,NA,NA
"N_sim[122]",0,NA,0,0,0,0,0,0,NA,NA
"N_sim[123]",0,NA,0,0,0,0,0,0,NA,NA
"N_sim[124]",0,NA,0,0,0,0,0,0,NA,NA
"N_sim[125]",0,NA,0,0,0,0,0,0,NA,NA
"N_sim[126]",0,NA,0,0,0,0,0,0,NA,NA
"N_sim[127]",0,NA,0,0,0,0,0,0,NA,NA
"N_sim[128]",0,NA,0,0,0,0,0,0,NA,NA
"N_sim[129]",0,NA,0,0,0,0,0,0,NA,NA
"N_sim[130]",0,NA,0,0,0,0,0,0,NA,NA
"N_sim[131]",0,NA,0,0,0,0,0,0,NA,NA
"N_sim[132]",0,NA,0,0,0,0,0,0,NA,NA
"N_sim[133]",0,NA,0,0,0,0,0,0,NA,NA
"N_sim[134]",0,NA,0,0,0,0,0,0,NA,NA
"N_sim[135]",0,NA,0,0,0,0,0,0,NA,NA
"N_sim[136]",0,NA,0,0,0,0,0,0,NA,NA
"N_sim[137]",0,NA,0,0,0,0,0,0,NA,NA
"N_sim[138]",0,NA,0,0,0,0,0,0,NA,NA
"N_sim[139]",0,NA,0,0,0,0,0,0,NA,NA
"N_sim[140]",0,NA,0,0,0,0,0,0,NA,NA
"N_sim[141]",0,NA,0,0,0,0,0,0,NA,NA
"N_sim[142]",0,NA,0,0,0,0,0,0,NA,NA
"N_sim[143]",0,NA,0,0,0,0,0,0,NA,NA
"N_sim[144]",0,NA,0,0,0,0,0,0,NA,NA
"N_sim[145]",0,NA,0,0,0,0,0,0,NA,NA
"N_sim[146]",0,NA,0,0,0,0,0,0,NA,NA
"N_sim[147]",0,NA,0,0,0,0,0,0,NA,NA
"N_sim[148]",0,NA,0,0,0,0,0,0,NA,NA
"N_sim[149]",0,NA,0,0,0,0,0,0,NA,NA
"N_sim[150]",0,NA,0,0,0,0,0,0,NA,NA
"N_sim[151]",0,NA,0,0,0,0,0,0,NA,NA
"N_sim[152]",0,NA,0,0,0,0,0,0,NA,NA
"N_sim[153]",0,NA,0,0,0,0,0,0,NA,NA
"N_sim[154]",0,NA,0,0,0,0,0,0,NA,NA
"N_sim[155]",0,NA,0,0,0,0,0,0,NA,NA
"N_sim[156]",0,NA,0,0,0,0,0,0,NA,NA
"N_sim[157]",0,NA,0,0,0,0,0,0,NA,NA
"N_sim[158]",0,NA,0,0,0,0,0,0,NA,NA
"N_sim[159]",0,NA,0,0,0,0,0,0,NA,NA
"N_sim[160]",0,NA,0,0,0,0,0,0,NA,NA
"N_sim[161]",0,NA,0,0,0,0,0,0,NA,NA
"N_sim[162]",0,NA,0,0,0,0,0,0,NA,NA
"N_sim[163]",0,NA,0,0,0,0,0,0,NA,NA
"N_sim[164]",0,NA,0,0,0,0,0,0,NA,NA
"N_sim[165]",0,NA,0,0,0,0,0,0,NA,NA
"N_sim[166]",0,NA,0,0,0,0,0,0,NA,NA
"N_sim[167]",0,NA,0,0,0,0,0,0,NA,NA
"N_sim[168]",0,NA,0,0,0,0,0,0,NA,NA
"N_sim[169]",0,NA,0,0,0,0,0,0,NA,NA
"N_sim[170]",0,NA,0,0,0,0,0,0,NA,NA
"N_sim[171]",0,NA,0,0,0,0,0,0,NA,NA
"N_sim[172]",0,NA,0,0,0,0,0,0,NA,NA
"N_sim[173]",0,NA,0,0,0,0,0,0,NA,NA
"N_sim[174]",0,NA,0,0,0,0,0,0,NA,NA
"N_sim[175]",0,NA,0,0,0,0,0,0,NA,NA
"N_sim[176]",0,NA,0,0,0,0,0,0,NA,NA
"N_sim[177]",0,NA,0,0,0,0,0,0,NA,NA
"N_sim[178]",0,NA,0,0,0,0,0,0,NA,NA
"N_sim[179]",0,NA,0,0,0,0,0,0,NA,NA
"N_sim[180]",0,NA,0,0,0,0,0,0,NA,NA
"N_sim[181]",0,NA,0,0,0,0,0,0,NA,NA
"N_sim[182]",0,NA,0,0,0,0,0,0,NA,NA
"N_sim[183]",0,NA,0,0,0,0,0,0,NA,NA
"N_sim[184]",0,NA,0,0,0,0,0,0,NA,NA
"N_sim[185]",0,NA,0,0,0,0,0,0,NA,NA
"N_sim[186]",0,NA,0,0,0,0,0,0,NA,NA
"N_sim[187]",0,NA,0,0,0,0,0,0,NA,NA
"N_sim[188]",0,NA,0,0,0,0,0,0,NA,NA
"N_sim[189]",0,NA,0,0,0,0,0,0,NA,NA
"N_sim[190]",0,NA,0,0,0,0,0,0,NA,NA
"N_sim[191]",0,NA,0,0,0,0,0,0,NA,NA
"N_sim[192]",0,NA,0,0,0,0,0,0,NA,NA
"N_sim[193]",0,NA,0,0,0,0,0,0,NA,NA
"N_sim[194]",0,NA,0,0,0,0,0,0,NA,NA
"N_sim[195]",0,NA,0,0,0,0,0,0,NA,NA
"N_sim[196]",0,NA,0,0,0,0,0,0,NA,NA
"N_sim[197]",0,NA,0,0,0,0,0,0,NA,NA
"N_sim[198]",0,NA,0,0,0,0,0,0,NA,NA
"N_sim[199]",0,NA,0,0,0,0,0,0,NA,NA
"N_sim[200]",0,NA,0,0,0,0,0,0,NA,NA
"N_sim[201]",0,NA,0,0,0,0,0,0,NA,NA
"N_sim[202]",0,NA,0,0,0,0,0,0,NA,NA
"N_sim[203]",0,NA,0,0,0,0,0,0,NA,NA
"N_sim[204]",0,NA,0,0,0,0,0,0,NA,NA
"N_sim[205]",0,NA,0,0,0,0,0,0,NA,NA
"N_sim[206]",0,NA,0,0,0,0,0,0,NA,NA
"N_sim[207]",0,NA,0,0,0,0,0,0,NA,NA
"N_sim[208]",0,NA,0,0,0,0,0,0,NA,NA
"N_sim[209]",0,NA,0,0,0,0,0,0,NA,NA
"N_sim[210]",0,NA,0,0,0,0,0,0,NA,NA
"N_sim[211]",0,NA,0,0,0,0,0,0,NA,NA
"N_sim[212]",0,NA,0,0,0,0,0,0,NA,NA
"N_sim[213]",0,NA,0,0,0,0,0,0,NA,NA
"N_sim[214]",0,NA,0,0,0,0,0,0,NA,NA
"N_sim[215]",0,NA,0,0,0,0,0,0,NA,NA
"N_sim[216]",0,NA,0,0,0,0,0,0,NA,NA
"N_sim[217]",0,NA,0,0,0,0,0,0,NA,NA
"N_sim[218]",0,NA,0,0,0,0,0,0,NA,NA
"N_sim[219]",0,NA,0,0,0,0,0,0,NA,NA
"N_sim[220]",0,NA,0,0,0,0,0,0,NA,NA
"N_sim[221]",0,NA,0,0,0,0,0,0,NA,NA
"N_sim[222]",0,NA,0,0,0,0,0,0,NA,NA
"N_sim[223]",0,NA,0,0,0,0,0,0,NA,NA
"N_sim[224]",0,NA,0,0,0,0,0,0,NA,NA
"N_sim[225]",0,NA,0,0,0,0,0,0,NA,NA
"N_sim[226]",0,NA,0,0,0,0,0,0,NA,NA
"N_sim[227]",0,NA,0,0,0,0,0,0,NA,NA
"N_sim[228]",0,NA,0,0,0,0,0,0,NA,NA
"N_sim[229]",0,NA,0,0,0,0,0,0,NA,NA
"N_sim[230]",0,NA,0,0,0,0,0,0,NA,NA
"N_sim[231]",0,NA,0,0,0,0,0,0,NA,NA
"N_sim[232]",0,NA,0,0,0,0,0,0,NA,NA
"N_sim[233]",0,NA,0,0,0,0,0,0,NA,NA
"N_sim[234]",0,NA,0,0,0,0,0,0,NA,NA
"N_sim[235]",0,NA,0,0,0,0,0,0,NA,NA
"N_sim[236]",0,NA,0,0,0,0,0,0,NA,NA
"N_sim[237]",0,NA,0,0,0,0,0,0,NA,NA
"N_sim[238]",0,NA,0,0,0,0,0,0,NA,NA
"N_sim[239]",0,NA,0,0,0,0,0,0,NA,NA
"N_sim[240]",0,NA,0,0,0,0,0,0,NA,NA
"N_sim[241]",0,NA,0,0,0,0,0,0,NA,NA
"N_sim[242]",0,NA,0,0,0,0,0,0,NA,NA
"N_sim[243]",0,NA,0,0,0,0,0,0,NA,NA
"N_sim[244]",0,NA,0,0,0,0,0,0,NA,NA
"N_sim[245]",0,NA,0,0,0,0,0,0,NA,NA
"N_sim[246]",0,NA,0,0,0,0,0,0,NA,NA
"N_sim[247]",0,NA,0,0,0,0,0,0,NA,NA
"N_sim[248]",0,NA,0,0,0,0,0,0,NA,NA
"N_sim[249]",0,NA,0,0,0,0,0,0,NA,NA
"N_sim[250]",0,NA,0,0,0,0,0,0,NA,NA
"N_sim[251]",0,NA,0,0,0,0,0,0,NA,NA
"N_sim[252]",0,NA,0,0,0,0,0,0,NA,NA
"N_sim[253]",0,NA,0,0,0,0,0,0,NA,NA
"N_sim[254]",0,NA,0,0,0,0,0,0,NA,NA
"N_sim[255]",0,NA,0,0,0,0,0,0,NA,NA
"N_sim[256]",0,NA,0,0,0,0,0,0,NA,NA
"N_sim[257]",0,NA,0,0,0,0,0,0,NA,NA
"N_sim[258]",0,NA,0,0,0,0,0,0,NA,NA
"N_sim[259]",0,NA,0,0,0,0,0,0,NA,NA
"N_sim[260]",0,NA,0,0,0,0,0,0,NA,NA
"N_sim[261]",0,NA,0,0,0,0,0,0,NA,NA
"N_sim[262]",0,NA,0,0,0,0,0,0,NA,NA
"N_sim[263]",0,NA,0,0,0,0,0,0,NA,NA
"N_sim[264]",0,NA,0,0,0,0,0,0,NA,NA
"N_sim[265]",0,NA,0,0,0,0,0,0,NA,NA
"N_sim[266]",0,NA,0,0,0,0,0,0,NA,NA
"N_sim[267]",0,NA,0,0,0,0,0,0,NA,NA
"N_sim[268]",0,NA,0,0,0,0,0,0,NA,NA
"N_sim[269]",0,NA,0,0,0,0,0,0,NA,NA
"N_sim[270]",0,NA,0,0,0,0,0,0,NA,NA
"N_sim[271]",0,NA,0,0,0,0,0,0,NA,NA
"N_sim[272]",0,NA,0,0,0,0,0,0,NA,NA
"N_sim[273]",0,NA,0,0,0,0,0,0,NA,NA
"N_sim[274]",0,NA,0,0,0,0,0,0,NA,NA
"N_sim[275]",0,NA,0,0,0,0,0,0,NA,NA
"N_sim[276]",0,NA,0,0,0,0,0,0,NA,NA
"N_sim[277]",0,NA,0,0,0,0,0,0,NA,NA
"N_sim[278]",0,NA,0,0,0,0,0,0,NA,NA
"N_sim[279]",0,NA,0,0,0,0,0,0,NA,NA
"N_sim[280]",0,NA,0,0,0,0,0,0,NA,NA
"N_sim[281]",0,NA,0,0,0,0,0,0,NA,NA
"N_sim[282]",0,NA,0,0,0,0,0,0,NA,NA
"N_sim[283]",0,NA,0,0,0,0,0,0,NA,NA
"N_sim[284]",0,NA,0,0,0,0,0,0,NA,NA
"N_sim[285]",0,NA,0,0,0,0,0,0,NA,NA
"N_sim[286]",0,NA,0,0,0,0,0,0,NA,NA
"N_sim[287]",0,NA,0,0,0,0,0,0,NA,NA
"N_sim[288]",0,NA,0,0,0,0,0,0,NA,NA
"N_sim[289]",0,NA,0,0,0,0,0,0,NA,NA
"N_sim[290]",0,NA,0,0,0,0,0,0,NA,NA
"N_sim[291]",0,NA,0,0,0,0,0,0,NA,NA
"N_sim[292]",0,NA,0,0,0,0,0,0,NA,NA
"N_sim[293]",0,NA,0,0,0,0,0,0,NA,NA
"N_sim[294]",0,NA,0,0,0,0,0,0,NA,NA
"N_sim[295]",0,NA,0,0,0,0,0,0,NA,NA
"N_sim[296]",0,NA,0,0,0,0,0,0,NA,NA
"N_sim[297]",0,NA,0,0,0,0,0,0,NA,NA
"N_sim[298]",0,NA,0,0,0,0,0,0,NA,NA
"N_sim[299]",0,NA,0,0,0,0,0,0,NA,NA
"N_sim[300]",0,NA,0,0,0,0,0,0,NA,NA
"N_sim[301]",0,NA,0,0,0,0,0,0,NA,NA
"N_sim[302]",0,NA,0,0,0,0,0,0,NA,NA
"N_sim[303]",0,NA,0,0,0,0,0,0,NA,NA
"N_sim[304]",0,NA,0,0,0,0,0,0,NA,NA
"N_sim[305]",0,NA,0,0,0,0,0,0,NA,NA
"N_sim[306]",0,NA,0,0,0,0,0,0,NA,NA
"N_sim[307]",0,NA,0,0,0,0,0,0,NA,NA
"N_sim[308]",0,NA,0,0,0,0,0,0,NA,NA
"N_sim[309]",0,NA,0,0,0,0,0,0,NA,NA
"N_sim[310]",0,NA,0,0,0,0,0,0,NA,NA
"N_sim[311]",0,NA,0,0,0,0,0,0,NA,NA
"N_sim[312]",0,NA,0,0,0,0,0,0,NA,NA
"N_sim[313]",0,NA,0,0,0,0,0,0,NA,NA
"N_sim[314]",0,NA,0,0,0,0,0,0,NA,NA
"N_sim[315]",0,NA,0,0,0,0,0,0,NA,NA
"N_sim[316]",0,NA,0,0,0,0,0,0,NA,NA
"N_sim[317]",0,NA,0,0,0,0,0,0,NA,NA
"N_sim[318]",0,NA,0,0,0,0,0,0,NA,NA
"N_sim[319]",0,NA,0,0,0,0,0,0,NA,NA
"N_sim[320]",0,NA,0,0,0,0,0,0,NA,NA
"N_sim[321]",0,NA,0,0,0,0,0,0,NA,NA
"N_sim[322]",0,NA,0,0,0,0,0,0,NA,NA
"N_sim[323]",0,NA,0,0,0,0,0,0,NA,NA
"N_sim[324]",0,NA,0,0,0,0,0,0,NA,NA
"N_sim[325]",0,NA,0,0,0,0,0,0,NA,NA
"N_sim[326]",0,NA,0,0,0,0,0,0,NA,NA
"N_sim[327]",0,NA,0,0,0,0,0,0,NA,NA
"N_sim[328]",0,NA,0,0,0,0,0,0,NA,NA
"N_sim[329]",0,NA,0,0,0,0,0,0,NA,NA
"N_sim[330]",0,NA,0,0,0,0,0,0,NA,NA
"N_sim[331]",0,NA,0,0,0,0,0,0,NA,NA
"N_sim[332]",0,NA,0,0,0,0,0,0,NA,NA
"N_sim[333]",0,NA,0,0,0,0,0,0,NA,NA
"N_sim[334]",0,NA,0,0,0,0,0,0,NA,NA
"N_sim[335]",0,NA,0,0,0,0,0,0,NA,NA
"N_sim[336]",0,NA,0,0,0,0,0,0,NA,NA
"N_sim[337]",0,NA,0,0,0,0,0,0,NA,NA
"N_sim[338]",0,NA,0,0,0,0,0,0,NA,NA
"N_sim[339]",0,NA,0,0,0,0,0,0,NA,NA
"N_sim[340]",0,NA,0,0,0,0,0,0,NA,NA
"N_sim[341]",0,NA,0,0,0,0,0,0,NA,NA
"N_sim[342]",0,NA,0,0,0,0,0,0,NA,NA
"N_sim[343]",0,NA,0,0,0,0,0,0,NA,NA
"N_sim[344]",0,NA,0,0,0,0,0,0,NA,NA
"N_sim[345]",0,NA,0,0,0,0,0,0,NA,NA
"N_sim[346]",0,NA,0,0,0,0,0,0,NA,NA
"N_sim[347]",0,NA,0,0,0,0,0,0,NA,NA
"N_sim[348]",0,NA,0,0,0,0,0,0,NA,NA
"N_sim[349]",0,NA,0,0,0,0,0,0,NA,NA
"N_sim[350]",0,NA,0,0,0,0,0,0,NA,NA
"N_sim[351]",0,NA,0,0,0,0,0,0,NA,NA
"N_sim[352]",0,NA,0,0,0,0,0,0,NA,NA
"N_sim[353]",0,NA,0,0,0,0,0,0,NA,NA
"N_sim[354]",0,NA,0,0,0,0,0,0,NA,NA
"N_sim[355]",0,NA,0,0,0,0,0,0,NA,NA
"N_sim[356]",0,NA,0,0,0,0,0,0,NA,NA
"N_sim[357]",0,NA,0,0,0,0,0,0,NA,NA
"N_sim[358]",0,NA,0,0,0,0,0,0,NA,NA
"N_sim[359]",0,NA,0,0,0,0,0,0,NA,NA
"N_sim[360]",0,NA,0,0,0,0,0,0,NA,NA
"N_sim[361]",0,NA,0,0,0,0,0,0,NA,NA
"N_sim[362]",0,NA,0,0,0,0,0,0,NA,NA
"N_sim[363]",0,NA,0,0,0,0,0,0,NA,NA
"N_sim[364]",0,NA,0,0,0,0,0,0,NA,NA
"N_sim[365]",0,NA,0,0,0,0,0,0,NA,NA
"N_sim[366]",0,NA,0,0,0,0,0,0,NA,NA
"N_sim[367]",0,NA,0,0,0,0,0,0,NA,NA
"N_sim[368]",0,NA,0,0,0,0,0,0,NA,NA
"N_sim[369]",0,NA,0,0,0,0,0,0,NA,NA
"N_sim[370]",0,NA,0,0,0,0,0,0,NA,NA
"N_sim[371]",0,NA,0,0,0,0,0,0,NA,NA
"N_sim[372]",0,NA,0,0,0,0,0,0,NA,NA
"N_sim[373]",0,NA,0,0,0,0,0,0,NA,NA
"N_sim[374]",0,NA,0,0,0,0,0,0,NA,NA
"N_sim[375]",0,NA,0,0,0,0,0,0,NA,NA
"N_sim[376]",0,NA,0,0,0,0,0,0,NA,NA
"N_sim[377]",0,NA,0,0,0,0,0,0,NA,NA
"N_sim[378]",0,NA,0,0,0,0,0,0,NA,NA
"N_sim[379]",0,NA,0,0,0,0,0,0,NA,NA
"N_sim[380]",0,NA,0,0,0,0,0,0,NA,NA
"N_sim[381]",0,NA,0,0,0,0,0,0,NA,NA
"N_sim[382]",0,NA,0,0,0,0,0,0,NA,NA
"N_sim[383]",0,NA,0,0,0,0,0,0,NA,NA
"N_sim[384]",0,NA,0,0,0,0,0,0,NA,NA
"N_sim[385]",0,NA,0,0,0,0,0,0,NA,NA
"N_sim[386]",0,NA,0,0,0,0,0,0,NA,NA
"N_sim[387]",0,NA,0,0,0,0,0,0,NA,NA
"N_sim[388]",0,NA,0,0,0,0,0,0,NA,NA
"N_sim[389]",0,NA,0,0,0,0,0,0,NA,NA
"N_sim[390]",0,NA,0,0,0,0,0,0,NA,NA
"N_sim[391]",0,NA,0,0,0,0,0,0,NA,NA
"N_sim[392]",0,NA,0,0,0,0,0,0,NA,NA
"N_sim[393]",0,NA,0,0,0,0,0,0,NA,NA
"N_sim[394]",0,NA,0,0,0,0,0,0,NA,NA
"N_sim[395]",0,NA,0,0,0,0,0,0,NA,NA
"N_sim[396]",0,NA,0,0,0,0,0,0,NA,NA
"N_sim[397]",0,NA,0,0,0,0,0,0,NA,NA
"N_sim[398]",0,NA,0,0,0,0,0,0,NA,NA
"N_sim[399]",0,NA,0,0,0,0,0,0,NA,NA
"N_sim[400]",0,NA,0,0,0,0,0,0,NA,NA
"N_sim[401]",0,NA,0,0,0,0,0,0,NA,NA
"N_sim[402]",0,NA,0,0,0,0,0,0,NA,NA
"N_sim[403]",0,NA,0,0,0,0,0,0,NA,NA
"N_sim[404]",0,NA,0,0,0,0,0,0,NA,NA
"N_sim[405]",0,NA,0,0,0,0,0,0,NA,NA
"N_sim[406]",0,NA,0,0,0,0,0,0,NA,NA
"N_sim[407]",0,NA,0,0,0,0,0,0,NA,NA
"N_sim[408]",0,NA,0,0,0,0,0,0,NA,NA
"N_sim[409]",0,NA,0,0,0,0,0,0,NA,NA
"N_all[1,1]",143.638657735456,2.80360059714051,50.4527700440676,75.641339524361,108.135864212294,133.251891106633,168.703296664576,271.937004625701,323.8454082049,1.00630711395768
"N_all[1,2]",935.178363064124,18.07128846271,797.653975008972,172.965426480283,452.888495410348,721.720540281006,1147.70494193051,2967.57413372335,1948.27757082426,1.00057271472344
"N_all[1,3]",40.1650056623276,0.743389675468653,31.9591259313472,6.07719570101591,19.6007469129986,31.8845807974813,51.5981462228004,122.836120537792,1848.23306621864,1.00071426600932
"N_all[1,4]",26.7565166648877,0.945924722007886,42.5187772070147,1.79737337743537,7.55195994295616,15.2851506833369,30.205473800169,125.516713516761,2020.45126966576,1.00087081503268
"N_all[1,5]",1305.00826000295,22.8695849562285,1082.86333471521,226.577794962024,638.950896843089,1025.7198772975,1616.52746356747,4017.7550649084,2241.97482656266,1.00145489882522
"N_all[1,6]",392.402110004385,5.02100521153765,125.628330418084,213.485725004742,303.468517140787,369.373315424629,457.398590480359,704.248240570886,626.02810640639,1.00233003694899
"N_all[1,7]",1429.18598281781,17.1363173195953,473.262961509509,749.754344368464,1090.85416632401,1352.91950429245,1680.08701844271,2574.03856300643,762.728620352929,1.00124764726765
"N_all[1,8]",414.407987047793,8.00949171076191,360.373011377712,76.2616589558849,203.829476946395,327.538155354766,514.939122125369,1222.2223717002,2024.39196653934,1.00089698664154
"N_all[1,9]",119.746567382207,1.31882059285127,37.8386985711243,64.9573439663103,92.8890810732457,113.280784525403,139.880052460672,212.563341296021,823.191622266876,1.00190619024267
"N_all[1,10]",652.293103776549,13.5571235195066,667.625536312998,91.4064224045113,276.382758144848,464.000200857988,786.277061100234,2356.3913071441,2425.10626635654,1.00075920734049
"N_all[1,11]",313.079416677562,2.64340453703063,143.93946438747,120.368054106484,212.470267804927,287.048669545501,378.837886544474,661.746491350254,2965.05328492712,0.999279662975085
"N_all[1,12]",1540.83892291647,12.9153792295529,455.689568224146,864.977906979205,1221.58199945522,1468.45510972221,1782.36349360882,2598.29035552999,1244.86956117105,1.00248965500933
"N_all[1,13]",1178.12398354706,9.4263534533685,344.982839818732,663.231096464887,942.764786533271,1128.10243680341,1354.04175196902,1994.25648195129,1339.39152134848,1.00088395789831
"N_all[1,14]",57.0249098383293,0.579037359148402,31.4933384504947,19.3150731936162,35.8379165812039,49.6982305560253,70.054956609157,134.24048690057,2958.1775089183,0.999708623231364
"N_all[1,15]",122.317109098557,1.0885292600167,60.3454084433441,43.8669638551766,80.9004876816087,110.606467527774,149.745503031269,269.853954265977,3073.32329092942,1.00052672633339
"N_all[1,16]",252.597617344474,2.09789895154399,70.8000506593569,147.63495805227,202.016595399453,241.488230324449,290.743336083605,425.822940830746,1138.93255012639,1.00070485947279
"N_all[1,17]",241.913040158031,3.21780917274039,82.6074392062082,127.829256296666,184.314131464435,226.951430385098,282.039231428579,441.81839389859,659.049064895594,1.00402266350783
"N_all[1,18]",5571.6874881036,68.8606723834823,1692.73710774558,3137.73943347246,4375.6895777112,5266.39225415804,6443.72806568746,9660.56594958668,604.277622134299,1.00187662299768
"N_all[1,19]",644.400947312065,3.26888339112498,177.322026563386,372.731588206435,517.245779112397,618.890888198497,746.271546189838,1066.85295225512,2942.56804964119,1.00063382839
"N_all[2,1]",261.957832043241,0.829986751641076,58.3278094730461,161.698216010412,221.155633438112,256.592255499615,297.541135489387,392.000563684599,4938.65868689379,0.999667005987913
"N_all[2,2]",1030.1412648287,18.0188902419961,791.996449488488,234.459905654384,537.270151851916,832.585848012706,1271.40185002538,2989.60764280159,1931.92556518408,1.00059772218109
"N_all[2,3]",43.4420964081917,0.614095047010979,26.2377874694975,10.3230706509524,24.9767056272204,37.9784738850244,54.1608792959418,107.989864076259,1825.50585657217,1.00087451973516
"N_all[2,4]",28.3805380689506,0.952825844900666,40.4237437698366,2.16522052755709,8.48598461541324,16.9261936713036,32.9539353494157,129.93751097534,1799.89018016776,1.00037925358137
"N_all[2,5]",1621.10753555043,37.2987866405304,1920.32869960388,346.20818185545,851.301360272126,1275.01773989879,1937.03467923554,4684.92546913203,2650.70707304392,1.00094827449303
"N_all[2,6]",620.860954184695,2.0376283928868,148.519953050616,379.950561123678,517.410260629497,604.54203298662,705.098649431973,958.161802186635,5312.75317339326,0.999432988166075
"N_all[2,7]",2429.20077727815,11.6259392811993,637.490432562086,1395.75958021825,1984.16488736396,2359.99489633804,2778.78184633556,3875.86447391477,3006.70792074828,0.999253004899563
"N_all[2,8]",457.119625421712,7.15757555118428,338.561382072008,100.916519583174,246.651839648027,381.535874249793,573.580628622084,1299.6090830637,2237.39650858816,1.0000442953432
"N_all[2,9]",166.009819529341,0.617019667440931,40.6853895285014,102.353496610372,137.281707147774,160.160784524288,189.861343587566,258.895033723634,4347.89394403595,1.00016408579443
"N_all[2,10]",805.708839377711,16.9333827981045,825.522606328428,123.779507468011,347.213982947446,580.08668265572,956.1316066413,2900.38130416413,2376.67878089257,1.00082624543189
"N_all[2,11]",333.120538330431,2.16036934554316,134.278774742437,145.200495786064,239.597152691313,310.07674373621,400.274987753061,663.07217724747,3863.30260608792,0.999357371441663
"N_all[2,12]",2082.55904778715,7.89140535381516,514.097981055257,1256.43476483947,1729.95331174867,2024.20060096987,2355.18030399071,3288.63293906433,4244.07541393511,1.00003225888682
"N_all[2,13]",1526.41687106001,5.85363356244906,372.778346610723,937.612479192255,1269.48229778086,1481.14282779936,1737.42279193596,2382.29762857522,4055.55496075151,0.999983330864214
"N_all[2,14]",71.6783980027379,0.817358215443853,33.3311187953864,27.026515646074,48.7095197462666,65.6325263134832,87.7446222743787,150.525456705789,1662.93363896546,1.00262494914565
"N_all[2,15]",168.672921853984,2.13562203110264,81.157936981191,61.4242410850088,112.423880981461,151.236371369209,208.634002185548,367.986315077324,1444.15302024348,0.999813047650952
"N_all[2,16]",362.571511899289,1.26736741003251,78.8798280261648,231.76218496387,306.139189007644,355.640319521719,408.484122625051,541.318901819292,3873.70763692726,1.00011203463402
"N_all[2,17]",364.591083419697,1.45219584794011,93.0869889433659,216.106328282092,301.928380996957,352.721603840394,415.349709882332,586.874328883366,4108.91903463235,1.00004633227825
"N_all[2,18]",9500.90601987112,49.6401458090443,2169.21151139747,5857.53479754251,7973.8471500779,9282.5868362533,10829.608016394,14380.8496908655,1909.57932497442,1.00118638713537
"N_all[2,19]",789.260962830205,2.84911793161223,183.953521789944,492.828909153211,661.33624197583,770.549739697814,893.886276233408,1214.03889524112,4168.64931093335,1.00061222831533
"N_all[3,1]",410.794093086066,4.51719766700453,108.459261917289,229.679305489289,331.954313681516,399.678453438391,476.985927577525,645.133731378704,576.494408003533,1.00256614505807
"N_all[3,2]",1132.2418437781,19.4005089972434,892.699914681835,274.820343296739,621.205919461419,929.691794765493,1379.42908830906,3144.98547438563,2117.31140967258,1.00025530853843
"N_all[3,3]",43.1185959624408,0.709367045168524,21.8765311078848,17.0687979201598,28.1924891005185,38.0572934184655,52.8309147171101,97.2154251861547,951.075292241824,1.00237647657405
"N_all[3,4]",29.6859182396133,1.13236804991694,47.0014562194136,2.25249077986281,8.44280690330042,17.0899501954252,33.3350585048913,130.194817882535,1722.8497850206,0.99992042947892
"N_all[3,5]",1864.52995720992,30.6833585411504,1464.99373146548,427.037634354872,1026.87613729941,1491.27123617836,2262.78800645603,5440.2112314863,2279.6372400333,1.00128968479058
"N_all[3,6]",922.473198328681,7.28846156257415,236.399642069289,543.625310395221,752.929562582628,900.380817496998,1062.66870574099,1458.47740302353,1052.01490691057,1.00106579040588
"N_all[3,7]",2981.92635193978,17.7027288513826,796.337483215474,1706.11167785825,2419.21991153298,2899.47053234044,3427.15791776172,4838.26096829269,2023.54972866072,1.00056000169454
"N_all[3,8]",507.797394646204,7.63197037782781,357.587885227898,121.648949164899,282.242212691139,417.874727521354,626.464373805226,1398.03694437306,2195.29173113675,1.00043932345482
"N_all[3,9]",217.797646606558,0.9236096744634,54.3413681405294,128.286054102525,178.597422987251,212.082107325217,250.647820385982,340.418160456847,3461.6582485623,0.999969945141867
"N_all[3,10]",972.059068598534,22.207714734282,1021.8621052395,155.738019945481,407.042636602452,678.625255761747,1149.3983108097,3599.64901331707,2117.27294398175,1.00125217067761
"N_all[3,11]",363.529626277203,2.87710653933705,154.652842080992,138.327579001582,257.765869841683,338.759372859596,436.159258989452,736.235166212465,2889.37507981295,0.999991663369794
"N_all[3,12]",2857.96286335244,19.0648915965796,783.589326851622,1595.33683907017,2296.56233053991,2770.46912352393,3325.9765814881,4626.56235036679,1689.30607322025,1.00214619948155
"N_all[3,13]",2213.86347574853,23.2033113414363,643.476170064033,1180.82069797938,1749.76394764189,2139.87319588079,2578.0968007273,3687.1116782443,769.068461147561,1.00330095687352
"N_all[3,14]",84.3979308407425,1.46484720911114,45.8820811454565,29.8626708756549,54.3182620756745,73.4371432125185,102.551169367172,201.536618045802,981.073536880521,1.00099457385904
"N_all[3,15]",197.222203012274,2.95676700666432,101.450442420129,68.3007833645183,126.414600964333,174.322473429042,243.656667547358,455.645780594468,1177.26351190595,1.0008816212384
"N_all[3,16]",484.94442683906,4.8947978966323,124.628867001378,278.740638760837,394.257226484493,472.920952310813,560.748898915432,761.093605012815,648.287673851721,1.00189382672002
"N_all[3,17]",475.774173803572,3.27989949928797,130.769713205852,263.60130601331,383.491311050428,460.137759278944,548.469898686153,774.602257030894,1589.61982152234,1.00018592651765
"N_all[3,18]",10998.7487448201,44.5452546353304,2450.99865828155,6896.37969784841,9262.29335875079,10758.4394142693,12458.129465229,16609.1931669469,3027.49375051777,0.999815247865576
"N_all[3,19]",941.14639903605,7.64750917779703,236.494661819025,569.34734681009,770.147357704869,910.214834780187,1086.50286403146,1459.83168663307,956.318749905249,1.00177606940943
"N_all[4,1]",370.57610949461,1.35161251649468,80.6132058223201,238.04819665066,313.532424622691,363.028873313825,419.09375323154,546.114412082059,3557.19747411153,0.999888927214561
"N_all[4,2]",1053.07277654986,11.7978857623709,617.771551022467,327.841431651697,660.400859623394,928.094398130715,1284.65444151647,2529.40026343139,2741.8736393687,0.999702177007876
"N_all[4,3]",88.216505935388,0.419438676997283,27.010461672646,47.353181970307,69.375700655197,84.4259864421667,102.181969814774,154.83871411748,4146.93344223289,0.999961993818343
"N_all[4,4]",29.713834665878,1.10856545559598,56.7190128587638,2.69541500492082,9.28051587944227,18.0414732505682,32.6829712594976,124.051107051289,2617.78903930575,0.999661427202912
"N_all[4,5]",1735.89689684009,18.1950219033624,971.765819956022,550.595450831994,1112.76179949236,1530.05941422593,2109.49184269468,4239.51321758334,2852.45021699709,1.00140253290186
"N_all[4,6]",925.51360864854,4.21921400118354,218.643907096501,568.377001754174,768.869266333068,903.928144236366,1049.89755373731,1425.78425064968,2685.41649153781,1.00048882250943
"N_all[4,7]",3135.11498864859,25.860044236698,839.87067448567,1782.42227161022,2535.02012109982,3028.78067413781,3626.5439283501,5057.51231469042,1054.79073854755,0.999458475354759
"N_all[4,8]",478.560242000509,5.22869100049154,265.832380434352,147.647041215858,298.559263471568,423.02971241734,586.893601755021,1171.5591401341,2584.81702933556,0.999761721480461
"N_all[4,9]",231.369686007817,0.913173456229487,55.6186277538618,140.718485905283,192.909760507363,224.767174256519,263.697638057005,351.205208400626,3709.65892127912,1.00024212010904
"N_all[4,10]",953.389214941164,19.9994516689091,971.575391418753,159.568182613034,430.040408301962,688.082363981812,1152.08861261736,3338.42888901803,2360.02625882962,1.00198493319648
"N_all[4,11]",556.390722094751,6.74277808970237,251.886085632878,235.240741098987,388.840447748599,504.725237625206,657.443565493176,1220.16318769667,1395.50250687793,1.0015817087683
"N_all[4,12]",2911.08724732437,20.9701026479963,1124.33923875265,1371.88672084354,2136.01301528704,2701.51289781708,3459.45783437353,5661.9685332865,2874.70723780792,1.0011330509883
"N_all[4,13]",1932.83464861679,15.0797520063346,725.405922113721,928.969158162996,1421.15309150967,1802.23430337111,2285.08846486858,3658.00453722259,2314.055627497,1.001267648633
"N_all[4,14]",77.2409897582609,1.17789872957636,38.2529847221137,29.7345216442182,51.559909407408,68.4745318095331,93.0145129717432,170.968573455701,1054.66551842388,1.00279887163303
"N_all[4,15]",174.911286783529,2.77240461205495,87.5575010499685,63.195019372667,115.122888001174,154.832169395437,212.468721676187,400.693489355866,997.409477762522,1.0020429084437
"N_all[4,16]",365.837948315742,1.6141630432992,81.006776870389,235.433189693198,308.529167371916,354.703745556537,413.219785862781,552.338100342874,2518.53450745139,1.00124565045477
"N_all[4,17]",441.222000021836,1.88611541212081,112.645260202507,259.689765571484,361.862113196613,427.81052777493,501.557361641526,696.403142867343,3566.88672398312,0.999853668288586
"N_all[4,18]",12011.3493048409,46.2678806364904,2602.25179448286,7586.68284691258,10177.5708564432,11753.4176609237,13551.2669173995,18037.6658151208,3163.29300055355,1.00005441601569
"N_all[4,19]",747.151664490393,5.10204531736106,181.298262912718,458.131643664014,619.381072712997,723.231094563939,849.559766632639,1159.28160983351,1262.69558624459,1.0020069238575
"N_all[5,1]",333.344033302908,1.26907808110833,74.1655981546166,216.54771070989,280.744392649166,325.284055928687,377.147076486894,502.735924036717,3415.29577538738,0.99998031398995
"N_all[5,2]",942.551192175115,7.17858412398486,412.366523315016,367.541912877536,659.946113805882,862.300120295699,1134.72773036534,2016.73121699295,3299.81212607988,0.999785312666402
"N_all[5,3]",118.926554698624,0.530393272666519,34.3802734174037,63.6712003617062,95.6278346608759,115.23252398578,137.276465042999,200.24889548869,4201.67675866774,0.999711685004323
"N_all[5,4]",29.3431735815131,0.811975834306313,39.7781062938117,3.03971397359603,10.327241737141,19.0754405765353,34.4085725925701,117.614990744586,2399.94892669622,0.9999483603774
"N_all[5,5]",1536.34935934232,9.68686929591405,580.888634490225,691.266749092567,1127.9992805765,1444.53733641469,1824.49014056519,2983.9733866743,3595.99334052124,0.999835348954375
"N_all[5,6]",900.573237921032,5.12181201047116,222.914164750381,533.645443208532,746.339652725884,874.639417026743,1034.64985850437,1386.43741424367,1894.20973165796,1.00038913007698
"N_all[5,7]",2179.42070396712,16.4809042120028,581.065664722538,1247.17408381438,1769.232431976,2114.10412955396,2518.54345245011,3518.6714503101,1243.04930998603,1.00252202572031
"N_all[5,8]",448.301653881048,3.7866173903832,210.902307024282,164.028335115381,304.715136788399,407.941545474492,538.693783636628,977.792134357424,3102.12869266437,1.00078445545809
"N_all[5,9]",229.100795396065,0.859611101513759,54.1173120270815,139.683151219194,192.006402502038,224.273367088654,259.988761369276,350.576801786458,3963.40454880164,0.99951561603631
"N_all[5,10]",900.893527032367,18.1331122280667,836.606440183039,166.402401530217,426.133041641916,661.840810325732,1079.25775683173,3109.0838533958,2128.61789054954,1.00224664627416
"N_all[5,11]",552.677791179209,6.00721334038672,241.605304705639,239.6070184579,389.92910667678,507.942380783711,658.745847483434,1157.42522280155,1617.58391374554,1.00117958445753
"N_all[5,12]",2738.62398462857,20.6326319207774,1154.72882901376,1170.74588585524,1955.89277347607,2521.7162839489,3283.58400321478,5637.50789042921,3132.20916484167,0.999440760658475
"N_all[5,13]",1649.39696900372,11.5866306815691,631.597641060062,746.584893869406,1217.22304708632,1547.21568483046,1954.56579656225,3177.65999305242,2971.43798019188,1.00112319443044
"N_all[5,14]",62.5350970976184,0.443061034358641,26.5392146987413,25.1849166255411,44.4916994164448,57.6644383153375,74.9482223006048,128.985172016703,3587.97180475659,1.00010279948425
"N_all[5,15]",117.972907376494,0.836942480813519,47.7924631511903,51.4014691533379,84.6889914556603,109.715778940278,141.979567035077,230.721045444979,3260.82584127001,0.999629164553513
"N_all[5,16]",362.310387573663,1.32130362903966,80.8994205417471,229.845217679505,304.972111546604,354.151229651168,408.748262609389,549.395073545287,3748.74212281265,1.00064825311528
"N_all[5,17]",360.641946528743,3.4018948150903,102.6882703305,200.915945432011,287.409666706235,348.322267707001,418.693741362955,591.861615106664,911.171054287061,1.00155225689116
"N_all[5,18]",10622.2454672173,67.4615774767431,2398.78623028621,6762.94735215523,8945.63503119476,10367.690746423,12045.6214213368,16002.6495285665,1264.35814301718,1.00091618752093
"N_all[5,19]",855.070057109654,3.15382839971295,195.552544661856,535.385679544909,717.546455392803,835.067822513877,963.222771561021,1311.48595770219,3844.59701224674,1.00046927735739
"N_all[6,1]",382.447481685561,1.47194086681865,83.3961886126535,244.258044194424,324.480341470612,374.093799336267,430.582453514307,577.51652392888,3210.04913050923,1.00026135294158
"N_all[6,2]",906.750609128414,4.24802659904657,271.535308893446,488.152533521499,723.594479875552,869.066099926684,1046.55276851935,1554.91682599946,4085.80999672576,0.999437165690766
"N_all[6,3]",171.218191168403,0.956845342190997,51.6019162543416,88.4532623976286,134.917250171268,164.644588366793,200.637017685255,291.769132139679,2908.36001336389,1.00065842913745
"N_all[6,4]",33.1130037692084,0.868836348938618,42.0299187846459,3.77777596430695,12.3923607753255,22.7634960863194,39.2187805299375,128.626251709737,2340.13621583874,1.00034319251546
"N_all[6,5]",1811.91278712324,12.8357128507889,613.39786763847,867.93536012383,1379.98236136957,1733.72328037346,2157.75874499323,3255.34351638164,2283.72884867609,1.00008068540582
"N_all[6,6]",747.579144343307,3.00216592192812,178.831635486844,461.366357867969,623.787535940512,727.574217633233,849.039506079207,1149.86566277409,3548.29169648151,1.00030193318468
"N_all[6,7]",2742.2462365748,13.745652856403,667.246757467309,1643.964515923,2275.57634574826,2666.55898959871,3127.88840311399,4243.44793807066,2356.36303155667,1.00181634041972
"N_all[6,8]",436.78645176632,2.30362146657794,145.330653631567,220.579264628849,334.906986678767,411.000642889265,516.815850915214,784.460836269197,3980.08383354027,0.99974097147436
"N_all[6,9]",266.899628413437,1.19955977340757,61.7864951192932,167.352058164833,223.540982337942,260.440024627544,302.981230330804,406.265947711688,2653.0371631897,1.00027171394251
"N_all[6,10]",933.054483313605,17.8999892036562,875.08642067325,197.965652473189,471.296284394587,711.912397312227,1113.25127778174,2929.19022754852,2389.99147155182,1.00105776920253
"N_all[6,11]",536.705396037745,4.32725013409813,215.243463794536,241.540228106311,384.92489386589,492.210219351319,645.466341065102,1076.95054780284,2474.20650553187,1.00006471312019
"N_all[6,12]",3096.67062814614,26.8228884316309,1299.13449471299,1368.64338809723,2200.34682463988,2842.86180157213,3714.76662851825,6230.03755661907,2345.83327493663,1.00050117214636
"N_all[6,13]",1561.96297498908,9.01124353463742,545.354805752437,783.071853391705,1185.07484296121,1476.11131806164,1823.55048532073,2922.73893933689,3662.59446917071,1.00083296322632
"N_all[6,14]",53.9439597335389,0.45714146044795,22.8124231319881,21.7821883870001,37.9181377484219,49.9640647650023,64.9988598375762,109.980566798546,2490.24234643816,1.00151997250526
"N_all[6,15]",117.156963354759,0.995279896800666,48.408806235782,48.8351949654358,83.3857739951868,107.430489384128,141.483492118114,236.842134479488,2365.6924399351,0.99990906449215
"N_all[6,16]",422.768948636861,2.27444860235656,94.5877822553474,262.342763410131,355.686432786647,413.358502013941,481.447322004797,629.851812563421,1729.48910922827,1.00118834842166
"N_all[6,17]",503.289886861266,2.13369306596686,123.474843005156,303.071903139922,416.325431201721,487.81505515157,576.061709446012,782.456394736708,3348.82978406077,0.999890114030499
"N_all[6,18]",15033.9806495656,122.747965655858,3518.60392325048,9310.2280785513,12488.0553695097,14648.9540373361,17131.9889963235,22914.4640974234,821.697865670026,0.999616821599063
"N_all[6,19]",1006.26217364552,5.13118930209163,236.568066792278,624.911258923558,839.555335411847,977.470283389766,1143.1215585455,1546.75835522163,2125.57369827313,0.999841853081084
"N_all[7,1]",399.890927730688,1.50576619509201,90.4105809211067,251.324913080979,337.686631638023,390.838374784671,452.740567502047,600.051093096136,3605.1507851214,1.00019902164199
"N_all[7,2]",868.232685847475,4.13694044945755,236.863694123862,493.648848871204,703.236274513928,833.480710148918,1003.26383249432,1416.8698231312,3278.2227345387,0.999764756166909
"N_all[7,3]",217.947898240298,1.90969439813335,72.5148961033027,102.681177146705,165.272264499853,208.890426602545,261.343023613773,384.223969487243,1441.87200524604,1.00172057517977
"N_all[7,4]",33.4548413329396,0.74338730162967,37.9521646556804,4.5209826719269,13.9146765748024,24.5798637632638,40.7325933627313,120.590457648836,2606.4105596359,1.00010399715932
"N_all[7,5]",1624.39586401075,8.60826656374014,529.554238073136,813.104054797044,1248.69644515349,1547.28942733059,1912.45824233066,2913.05268900576,3784.33419806704,0.999279691778189
"N_all[7,6]",795.501400997877,3.18947533047204,188.725351146643,485.62759562073,664.055145112539,774.521855313066,900.738315644592,1225.59587306974,3501.24087084923,0.999714182974051
"N_all[7,7]",2827.68495707795,14.5312743600385,737.889556691655,1664.35990869055,2316.23700327561,2740.81587684343,3245.54676410473,4521.96119745034,2578.54860673364,1.00086297011727
"N_all[7,8]",512.975790144858,2.39705752763655,153.957718544813,272.761714567019,404.206681644813,492.168631826351,596.648868860178,886.297471466106,4125.20960000448,1.00025321167855
"N_all[7,9]",254.804960684303,0.958410562326877,60.9337900342077,156.80803663147,211.908431537285,247.471813552812,287.97813234188,396.0789910796,4042.15721521547,1.00020492278289
"N_all[7,10]",871.887601112302,15.116334900657,761.888613925137,209.617763595142,463.995373263964,695.6071350175,1060.83077804971,2420.94763508298,2540.3289433071,1.0016184029166
"N_all[7,11]",490.404147525871,3.00587181319427,185.382327884732,226.569668593968,358.764209948687,456.684700125717,590.798315660462,919.921060892811,3803.60798855605,1.00033238119354
"N_all[7,12]",3076.02586684431,24.3768002956594,1246.74723417287,1419.31262054021,2226.70856979211,2868.2593906317,3656.70487637498,6039.35279226544,2615.79332985786,0.999873438522926
"N_all[7,13]",1374.92740820031,8.66027949773932,367.394288806509,802.717250763865,1117.38909420062,1326.91172995594,1579.30420856124,2237.25156003504,1799.7035975495,1.00072878691408
"N_all[7,14]",49.2341867439557,0.518762288736724,22.1883345973883,18.5763112236915,34.1482437778613,45.8530066560288,59.8566640729828,102.438214573338,1829.41660795681,1.00006262963318
"N_all[7,15]",87.531555126709,0.686665405770373,36.687781971478,36.9062326323413,61.8191143766122,81.1674244956248,104.541746742004,177.410418615276,2854.64808243265,1.00139703385103
"N_all[7,16]",412.964771942267,2.39066089728303,92.0785410524022,259.240516946334,348.430005670885,404.146118897823,466.633973762534,618.50415813242,1483.47729163795,1.0018080002696
"N_all[7,17]",494.958362677465,2.75364094404861,130.228215309494,286.197757410585,405.640297950191,477.691816597361,567.922697658129,798.199694559696,2236.63726565237,1.00051674424114
"N_all[7,18]",14964.8868769424,94.3209388816661,3403.4030447449,9351.97313678105,12574.6810541132,14674.7495909451,16887.8535860899,22861.9051624476,1301.99865575224,0.999920829903652
"N_all[7,19]",942.687630361832,3.78247091448871,216.544076865618,583.115222778457,791.995204835852,921.811332078102,1066.5819876146,1425.23320438957,3277.49036442265,0.999647319491571
"N_all[8,1]",417.372450267975,2.43011826665977,95.8258014636413,255.472495443678,350.413459954172,409.957399667816,475.408726808165,629.941785446639,1554.92734331383,1.00038452292691
"N_all[8,2]",1101.29599980697,5.06213952457099,295.279230737106,643.574448141748,893.680061355941,1067.76204114458,1268.58798357822,1793.76591662265,3402.49565421408,0.999840664864811
"N_all[8,3]",221.32639023359,2.04420437401114,73.8416961139125,104.8626976781,169.215331191852,212.513570354066,262.200981796416,391.171471473044,1304.83230665411,1.00167145558352
"N_all[8,4]",31.6225812149941,0.602886581455122,30.5464878868327,5.08623751434961,14.4488392449854,24.4068135658744,39.188219585835,104.988394126845,2567.15051371926,0.999950520235775
"N_all[8,5]",1967.7597011791,20.435524873648,677.337157332555,937.695817939302,1482.95412031002,1861.38634349744,2347.42461035475,3541.80945285798,1098.59649219533,1.0016450669242
"N_all[8,6]",838.694057944395,6.56056324612199,202.970103116759,501.781135358968,695.359903300307,813.999046870735,960.74283614438,1301.86328059433,957.154160659837,1.0012982834078
"N_all[8,7]",2862.36110027519,22.3940004531199,763.262293837228,1626.45695306479,2315.99046184818,2778.69728273767,3303.86303305218,4599.00609829779,1161.67395120394,1.00142848963573
"N_all[8,8]",481.47892564692,2.08930163848338,138.54358913744,262.632290845548,386.0464520023,463.25879477884,555.573578403321,804.980351667538,4397.14289307599,0.999446788996953
"N_all[8,9]",290.511370341651,1.2158170995803,69.3519185013834,176.244452594112,242.453507029298,282.180354680068,329.752949026885,451.518666155457,3253.72215820441,1.00012066150874
"N_all[8,10]",902.299367368208,14.8671830736011,653.823223940682,255.621655099509,510.791363884745,750.010538834102,1109.5966342033,2389.0124862961,1934.03044712832,1.0019536007705
"N_all[8,11]",466.8866460702,3.03511748348403,182.625689276823,213.832758333752,341.267305810215,435.415773943179,555.744269057377,909.005558973908,3620.53477587539,1.00098971264548
"N_all[8,12]",3448.10625550286,32.1474996991604,981.983690630231,1866.71212042505,2758.77962037019,3341.61203683213,4006.19163513022,5701.03659085463,933.069831447532,1.00069017649716
"N_all[8,13]",1712.35864552287,12.7292027282552,424.087365610321,1021.56301706653,1408.19133481318,1665.92686765697,1965.00359218838,2694.72577214752,1109.96238622777,1.00196364483304
"N_all[8,14]",54.7785190204718,0.371450399364922,23.190695888883,23.0901293781882,38.6719170438646,50.338641725344,66.1692306843414,111.117334486062,3897.85700185911,0.999980188726963
"N_all[8,15]",89.6587344858667,0.749767695445637,35.8336225846222,39.0128304000346,64.9278218338651,82.7893613491097,107.504480590963,180.12591105787,2284.16767662653,1.00009262523564
"N_all[8,16]",345.329943647286,1.38362248696364,74.5153439127481,220.328420329012,291.573280572693,338.617687101919,390.4042311503,506.470143844517,2900.3886509801,0.999905624566333
"N_all[8,17]",660.774117553228,5.60550282677509,178.960801618282,377.767899918301,534.365316294263,639.905174199969,761.761753804861,1062.53392112745,1019.26398979186,1.00029889481175
"N_all[8,18]",14483.3257642054,106.697704334169,3275.98517729352,9038.33655536193,12144.6935689395,14156.8839616233,16410.0120007765,21857.6522783106,942.70043023597,1.00162963743686
"N_all[8,19]",1020.29348801542,6.81182690819645,243.94660487683,619.216370282611,843.736755731118,999.268872451632,1170.71429397102,1557.82361665488,1282.51469166007,1.00115771197469
"N_all[9,1]",282.108012109797,2.10970191246184,66.5615449443659,177.328316797626,234.493810098498,273.84128127442,320.638736647182,436.412704784152,995.415947514337,1.00007726263384
"N_all[9,2]",1179.1330258798,9.49780035495505,327.7374622492,667.229515868275,949.961594975442,1136.56904370397,1366.10240501806,1922.16914726511,1190.71027212652,1.00077942230276
"N_all[9,3]",148.279272875767,0.659158203661107,43.1946375948406,82.4899841009559,118.358877927451,141.715738591497,171.605863906154,250.075905757546,4294.18100118988,0.999233045091433
"N_all[9,4]",27.0268553134927,0.389528726574111,20.6394726138672,6.13501567528785,14.4593296291756,22.4132826948332,34.093224310294,73.0723237024429,2807.48994513118,1.00064657115457
"N_all[9,5]",1544.92878326715,9.11119570732657,501.938140724536,770.661465587254,1201.61238259995,1470.97386929951,1807.88365621916,2714.94929464545,3034.93675045957,0.99941495332805
"N_all[9,6]",490.737917842479,3.48384536853651,120.156807214748,300.669627596833,405.341635397203,476.009197546837,558.228903439886,768.052767490187,1189.53991311381,1.00054540777487
"N_all[9,7]",1685.62987008118,14.5980739529565,464.612608231413,970.434721649889,1350.39013692064,1622.26242383346,1951.78908341153,2735.06308700827,1012.95665806636,1.00197572931373
"N_all[9,8]",541.37788361987,2.53912041335429,153.512948700774,298.119480667681,431.822040838262,520.715220136823,627.732029693619,886.690703202991,3655.30342607766,1.00023386994578
"N_all[9,9]",282.560457341763,1.21822868777066,68.6747887499231,170.161381410556,233.769643372338,273.836061456597,323.629740806555,437.116735369434,3177.87653004459,0.999264263293973
"N_all[9,10]",652.294706148245,6.32827344926895,318.197941893554,257.383611130439,435.85560350889,583.147249639694,787.634593222273,1471.27459231431,2528.27469811481,1.00293566149614
"N_all[9,11]",377.929816326228,2.29475002891836,142.111629908254,177.268860578406,276.929022738543,352.825012307494,452.993346807545,721.123799932035,3835.20402942698,0.999727636588047
"N_all[9,12]",2270.21366564222,13.1109663857588,579.809708312205,1372.4632546613,1868.88298537159,2197.17036079665,2579.11421159931,3603.68592213345,1955.69694753438,1.00142190767751
"N_all[9,13]",1339.21963032736,5.20674411392347,312.143406593789,839.552966173021,1118.54593679998,1300.35831995515,1518.15593600318,2058.06223203153,3593.98170507552,0.99953926394508
"N_all[9,14]",46.9603464560106,0.381481760616017,20.3737960555908,19.7432906504678,32.9985517860881,43.3536193533996,56.1634393485893,98.43119689713,2852.30755558472,1.00040627616267
"N_all[9,15]",51.1091494055859,0.67725553691025,23.9565864106329,16.2810812185511,34.4191215668071,47.8206732777026,64.1428155497202,106.907957919089,1251.25187666141,1.00125364868777
"N_all[9,16]",201.256120504025,3.21822698406499,58.0921667862161,113.747685024919,158.662071632631,191.795047756996,234.806207309715,338.070208833423,325.838056893051,1.00185506296883
"N_all[9,17]",470.649259948993,4.22133536727431,126.214950540242,265.553912873602,379.814756211347,456.560928018808,542.925562631826,757.429382391007,893.967828750273,1.00265829783925
"N_all[9,18]",9911.79168967638,37.4247446442727,2133.92251150163,6403.93161395537,8370.47952974997,9679.69834637586,11210.5707352981,14660.5236367497,3251.16939785977,1.00070063148739
"N_all[9,19]",773.892324857447,2.85966691609694,175.585244221225,490.694623584691,651.324783196564,754.243954736743,873.651105892438,1167.9526642429,3770.03281175055,0.999308451595865
"N_all[10,1]",323.618490446917,1.23161668152178,71.261855719184,204.484830120536,275.243812671476,316.329547944893,364.282990268132,485.744853090163,3347.82794393949,1.00014950527204
"N_all[10,2]",1136.20556526222,8.71686417817538,306.125825118221,655.492138846957,916.079595812561,1100.88044985274,1307.31790932117,1837.07309023556,1233.33023767084,1.00144385283739
"N_all[10,3]",108.258352205249,0.50400463947763,30.804034260956,60.2924585398001,86.8411335996921,103.797945852774,124.610486601776,181.493446098925,3735.47751858168,1.00041683833237
"N_all[10,4]",25.595754140716,0.292852703532101,14.707526437454,7.48097703660349,15.9431664414754,22.4163722867169,31.7387980427246,61.2083474693897,2522.20742654751,1.00191226719813
"N_all[10,5]",1558.91659234656,23.23926163624,607.916747960177,752.203224372996,1151.87155020265,1437.84201538921,1813.02870236258,3173.38418532006,684.295313493811,1.00190108337239
"N_all[10,6]",524.164889137327,1.94642409805421,121.234831288533,327.264080003207,438.612229743435,510.69431980215,592.773254565774,800.202592889035,3879.53683063966,1.00070277183382
"N_all[10,7]",2105.84920707799,11.1252770030005,526.645403668927,1240.25597269929,1738.04573393285,2047.91962499581,2408.48403046746,3296.92624176457,2240.86106216583,1.00041573859156
"N_all[10,8]",627.556413807461,4.59024460474985,189.826672536319,333.459870632229,494.020024574122,596.559320624044,728.755286786784,1083.63848126599,1710.18389577196,1.00183257246779
"N_all[10,9]",281.85147123959,1.57250059807746,70.6577351679698,168.713138354097,231.701305929988,274.632669224942,321.17425537559,447.619595092997,2019.00682342146,1.00045577679507
"N_all[10,10]",620.752026428985,3.61615052037155,183.169381078598,335.21611560772,490.956434613674,598.655142012755,722.493362427351,1059.14462421105,2565.74066215318,1.00074547957574
"N_all[10,11]",340.446683148572,1.96070315410528,126.248896318948,157.29429161036,250.544388258652,319.567709711701,406.607226119234,641.907850460022,4146.02088420462,0.999485367169383
"N_all[10,12]",2851.17486513644,33.9004345803952,763.418309960588,1659.52347193362,2295.81689260851,2753.25483905755,3298.43276970901,4588.2560396042,507.124523534449,1.00286404901792
"N_all[10,13]",1558.63464216502,16.4832304495743,396.214218021887,928.610920617171,1269.58994917472,1513.67643403838,1796.62677544099,2452.31354846191,577.797224115501,1.00158820092607
"N_all[10,14]",52.6892217037399,0.519402155312932,22.3072016935039,22.5753350518087,37.60674934047,48.1949925160957,62.9577705860796,107.815978989548,1844.51713124388,1.002259136574
"N_all[10,15]",62.3412434342954,0.730952777739442,27.1331526093551,27.2408425943105,43.7609133777666,56.8689723801978,74.5220307482463,132.854633350157,1377.91324053632,1.00153995912615
"N_all[10,16]",244.387207084631,1.51153788670028,55.2714456003338,156.92332766954,205.396270532043,237.889251233852,276.271108887272,371.811312516666,1337.09902627917,1.00007608428801
"N_all[10,17]",670.683190816275,5.18068093212874,176.251708856777,385.140088231853,546.876925152937,649.038353963603,772.670468058811,1073.31562664819,1157.42532651737,1.00019407636712
"N_all[10,18]",8979.05361911676,31.885032928081,1933.74151062352,5851.39172249156,7632.22287768272,8763.62369825658,10111.3370401528,13340.0571967154,3678.09634061856,1.00014467798212
"N_all[10,19]",653.701405592863,2.35670886212706,148.962630046217,409.377953873672,551.605923824107,639.226119478819,737.915991542954,994.390848518381,3995.23926394224,0.99996507214373
"N_all[11,1]",303.254214467657,1.1210657713587,67.0097732828142,189.84280251803,257.411032766807,297.17487006291,343.454049936196,454.615039528155,3572.84447229208,0.999775229004341
"N_all[11,2]",758.245053490889,4.01282274607321,206.113776269089,437.386001603102,616.066253355253,731.466350785641,870.201091931707,1247.54465447888,2638.23870383915,1.0006588044732
"N_all[11,3]",81.5328342180668,0.480217236711577,24.5176610535193,45.1217097771555,64.9006612674165,77.6601162828169,94.2177440450566,139.621043565539,2606.64917978563,1.00007131017879
"N_all[11,4]",22.7174245835676,0.20971936526903,8.16445580911279,11.8094058119271,17.1255890730736,21.1918862999602,26.2927459897168,42.3108489704484,1515.57494204836,1.00079454565769
"N_all[11,5]",715.617302073267,12.7299441094401,296.570322859853,254.448644061063,508.245867643875,678.618349792866,875.332166406195,1372.1112130817,542.753191846586,1.00357325916207
"N_all[11,6]",335.417342176616,2.98871961822178,87.5401608115375,202.043883114499,272.830154053857,322.854318139956,383.566784879356,541.234972798186,857.915138840846,1.00136404159643
"N_all[11,7]",1428.93274123645,8.1057347206174,363.67252625246,853.738027678779,1176.2047698582,1381.47137166273,1635.64187359018,2291.21522724993,2012.96495543343,1.00105796310422
"N_all[11,8]",409.216202271864,2.48157516726867,124.277158827976,217.70913946907,323.600821101458,392.764780471985,473.964803232908,704.924159288645,2508.00133266796,1.00110829902096
"N_all[11,9]",225.239827462382,0.898236333121944,54.0502761321867,136.638112501539,186.944406783331,219.338073711265,257.484573267516,347.214969868651,3620.88388455363,1.00133854663299
"N_all[11,10]",430.143528484507,1.91952387996338,108.470265753161,258.331314416529,354.593958124012,415.381042901256,489.12171757342,683.772977242791,3193.26065270594,0.999450562779341
"N_all[11,11]",276.638537027295,1.76676072972412,108.469581177683,124.070969951779,201.710475148127,256.761860902825,329.740673875537,545.931382148501,3769.29780435427,0.999631068143043
"N_all[11,12]",1611.79859835084,13.2014127965555,410.815687031551,965.770424605384,1314.55112243753,1562.20005731422,1847.07988418568,2546.97329625779,968.396508785801,1.00138444619309
"N_all[11,13]",942.38242566351,6.17895985192749,229.860389454865,578.813836408422,779.236713078791,915.695665010218,1077.16748675455,1457.98442777322,1383.8771217815,1.00130527676503
"N_all[11,14]",44.6493100521306,0.300177613958435,19.0172633376514,18.7409879862715,31.344462620373,41.1183879671532,53.6388955288198,90.4837730776074,4013.64944596214,0.999877801733714
"N_all[11,15]",34.9113831189765,0.477874091920901,16.1549039200583,12.6857603027141,23.3838001008853,31.7926529946905,43.1556652040023,73.8349374560447,1142.83040782289,0.99941340192046
"N_all[11,16]",250.197928850289,1.04517457125651,56.6246929736736,158.393662898087,210.610239449823,243.914360061121,283.499329789161,379.675666629044,2935.1753436643,0.999582736981335
"N_all[11,17]",505.174876361752,2.97816481906293,136.156833172828,295.724996022833,408.304834260645,486.162968664601,584.071171255668,811.248858759711,2090.16911149355,1.00167291739682
"N_all[11,18]",6509.48985546516,50.3668165626018,1521.38948498128,4080.38612000042,5438.74488283079,6326.67467531523,7410.33622409794,10054.4303919844,912.413739432002,1.00401974102397
"N_all[11,19]",422.091059716064,4.31040387129782,110.631754312186,254.75862393209,343.479482905763,404.461307874517,481.820736328392,684.788116271583,658.75461403651,1.00223459383612
"N_all[12,1]",305.0396164249,1.10211169371953,65.4836226663067,196.260487263639,259.875917172237,298.771789066656,341.990794729059,453.239989672508,3530.32081905414,0.999296957592577
"N_all[12,2]",708.923469796381,3.85371009769288,189.025042355296,421.692832360388,577.415916937761,680.361906783371,809.244409613514,1158.34506658013,2405.91680790225,1.00062634569264
"N_all[12,3]",81.3080753935347,0.394296090559461,23.0262594521433,45.9372392064772,65.0816753072633,78.3384258637134,93.6646267039684,137.38510298557,3410.37271888154,0.999993235017897
"N_all[12,4]",31.5582832848092,0.14775801240598,8.66813911833682,18.3534434324585,25.606001888173,30.3903164992035,36.1198291667321,51.6079030866116,3441.51498402708,0.9998636067142
"N_all[12,5]",802.82190669212,6.10526220188619,270.205801772303,401.249678226149,610.653763821075,758.402901219913,951.373961971406,1425.4189490539,1958.75762052555,0.999596774206968
"N_all[12,6]",354.013727824908,1.95392217923168,82.8527543396867,220.523234983952,295.287405798448,344.191318000347,399.555427655522,551.982118946037,1798.04011118251,1.00074607505534
"N_all[12,7]",1340.19703639035,7.25217586626919,345.831456846473,787.294139454579,1098.22337226914,1298.27575038853,1530.308878869,2135.64064270965,2274.00980985494,1.00091851957366
"N_all[12,8]",447.85441213274,1.90631609707367,123.308863867398,256.98780990876,363.040700557489,432.456095089805,514.432530805017,726.67538725302,4184.06827248631,1.00076450336281
"N_all[12,9]",195.993043291424,0.695693364834759,44.6981336694695,124.056107187939,164.965724889838,191.10441064833,221.381658153808,296.363546527981,4128.032019358,0.999540610547627
"N_all[12,10]",392.023648259428,2.36562915452572,98.4506354851552,235.860406393586,323.140816368216,378.571383847191,447.792295557455,621.968173035981,1731.98337827368,1.00014500246595
"N_all[12,11]",264.047758732045,1.57137883025976,98.1867797771037,120.150708068376,196.18334702728,249.866557305526,312.988135852954,496.170515196652,3904.30950009005,0.999357890387644
"N_all[12,12]",1647.25087153943,6.75904784235211,387.018770217549,1015.95732736818,1382.28695203328,1612.66647983564,1870.66256863864,2535.90567444328,3278.63458810285,1.00150653655188
"N_all[12,13]",1015.9868260304,5.96569943475631,235.722275247061,622.486806294381,847.8054943361,991.041248958123,1156.42928816458,1540.05678664527,1561.27178396495,0.999574544243549
"N_all[12,14]",42.3188563298128,0.366378737549211,17.9654858568895,17.2243508985412,30.0548875901808,38.9584896050981,50.4265932504446,86.3050786836775,2404.45918660117,1.00060847355101
"N_all[12,15]",31.321478649512,0.561805734267247,16.0327854029416,8.06371555533291,19.8266429526471,29.2644863969551,39.72642374363,69.2517053804256,814.414737382215,1.00058085945378
"N_all[12,16]",270.67210546268,1.14612639773441,59.0456382149066,174.141071117156,230.306985789212,264.403719211178,304.041768037141,404.202771004989,2654.05923575808,0.999289856490248
"N_all[12,17]",615.132382222512,2.50658458864259,154.231832545982,364.053869873092,504.814438107448,597.463518451972,702.90879910997,964.724450263376,3786.02351733354,0.999521774567373
"N_all[12,18]",6605.27390082824,37.2820116354999,1466.54416006317,4233.93247503047,5580.8593194873,6432.57422394825,7428.97010310673,10001.6180734273,1547.3608850727,1.00551824779681
"N_all[12,19]",414.003801149447,4.26872160032678,110.460810918432,246.871235763081,335.629925960599,399.18888267692,474.164983884056,674.388363701181,669.608242497771,1.00220245135724
"N_all[13,1]",278.907577180711,1.0539134462256,60.4022431523587,182.669619290635,236.137212730652,272.699016845875,311.292796403465,423.053381333367,3284.70403259486,1.00143335714487
"N_all[13,2]",712.975312570388,3.48923375250389,184.542589432434,412.757230112881,586.231312412226,688.244267036344,817.284395354619,1136.61821515937,2797.26164541218,1.00021695016123
"N_all[13,3]",88.8377558955161,0.39674352778991,25.6403625687422,48.8719518641744,70.7189874158711,85.5149352842042,102.539626003188,148.644695820347,4176.65518808017,0.999487927318998
"N_all[13,4]",39.886131240499,0.279437778536969,11.4475658328342,22.7103084581398,31.789073808566,38.3126118918803,45.8682817335124,66.8813225121287,1678.24769469825,1.00082112083029
"N_all[13,5]",753.548262465632,9.20177570001877,269.367575364757,360.01065180436,563.3835538622,706.26239949756,898.711854547483,1384.01676400225,856.933949143388,1.00194959740299
"N_all[13,6]",330.438957599503,3.37403150221923,84.4438524061647,198.589072099964,271.344863816447,317.91649305328,376.555842672933,531.563334683289,626.379895092758,1.00230009036116
"N_all[13,7]",1229.0369933783,13.9795272928752,354.281217494258,695.920704884852,980.56323207185,1179.0435415548,1414.26671911891,2042.45714210228,642.260605352057,1.00269385699389
"N_all[13,8]",436.844508315097,2.54306735570184,121.344700066641,240.264139632619,352.544024439244,422.549461102414,505.851294154682,714.469361869658,2276.80532763778,1.00154805108589
"N_all[13,9]",157.349763508093,1.05776526876057,39.3633695306275,93.2010651823869,129.021909321677,152.723633710462,182.023325992482,244.479772481094,1384.86018177135,1.00110878906776
"N_all[13,10]",459.44637734445,1.62342990585968,110.948138877699,281.094707312829,379.060748574785,449.784358077645,523.622933195446,718.027830414547,4670.60305327471,0.999589930030837
"N_all[13,11]",239.418383615363,1.35702128447129,88.9013512342248,113.072217333075,177.97287778345,223.992659159018,282.381469299386,460.646648395303,4291.83883274979,1.00016896930341
"N_all[13,12]",1361.8041604262,15.2724129696976,360.00935118719,800.838222487993,1104.07920994652,1316.90495665549,1568.17548110252,2200.8847069451,555.663980095216,1.00302972999839
"N_all[13,13]",735.291081093264,7.582102960895,187.627379009798,440.809324504097,598.665491255151,713.482175735916,841.414838276929,1169.41382888571,612.368818525189,1.00212080637743
"N_all[13,14]",47.4070219918342,0.598784214212887,21.3450416412872,19.7574252052313,32.6527621635117,42.5361385622971,57.201260798462,99.9906826190545,1270.73013087876,1.00207212667837
"N_all[13,15]",40.3052327922278,0.328703301231976,15.5460005522359,17.4065495603675,29.4345531657203,37.8398418341959,48.0438477030508,77.5753730414976,2236.81067124179,1.00203202768584
"N_all[13,16]",274.877501845026,2.06455970415571,65.642347249347,171.652413781908,229.082561983801,267.050513970246,310.327514411851,436.916191515758,1010.91190561295,1.00110609961028
"N_all[13,17]",574.564817130834,5.52234143261342,158.71520617442,331.187231695123,460.734317359771,554.147568950285,667.923627208792,948.832020052818,826.020006553142,1.00095096597587
"N_all[13,18]",6122.57187261705,61.9489351481733,1471.22537888202,3783.86298800388,5081.32781127733,5946.55779120476,6963.30093730576,9524.56113039144,564.015091510786,1.00382243164069
"N_all[13,19]",548.338159207773,2.46700565721365,126.609977452852,346.630350626023,459.397746225918,534.70444255204,621.918818314079,845.532464405356,2633.87749865565,1.00184809053603
"N_all[14,1]",385.441231161477,3.50031004404431,94.2675815449882,232.481783469488,317.966121481536,375.561200873688,442.61640923651,598.780005239296,725.290021033543,1.00171031139056
"N_all[14,2]",881.00354580467,4.66555915219796,229.88825251463,522.419766694035,716.47133887522,852.779400925974,1006.66209614208,1418.72378571214,2427.87407689896,1.00047097021969
"N_all[14,3]",124.658853894271,1.15690013336483,40.7765111250994,64.4848131917198,95.965286875714,117.560194677302,147.594698925746,222.489988404884,1242.30543872273,1.00136247433363
"N_all[14,4]",85.0352556788288,0.532452052360253,24.3800868524819,48.4112497668448,68.2432371932377,81.6356530945025,98.3555328459775,140.981734590956,2096.57057423308,0.999821633240111
"N_all[14,5]",1153.86175573321,7.28382517025809,372.494716051083,599.968400313998,892.460791264903,1099.19320136151,1346.61670310229,2044.09988192176,2615.29815147737,1.00091343312729
"N_all[14,6]",572.595893133299,4.11903395435972,135.597654725553,356.826967180215,477.134941591715,557.559522181886,653.781599797464,868.47805964064,1083.71132599807,1.00103014795114
"N_all[14,7]",2265.27175867203,20.6021924070481,612.113152047956,1313.81347258613,1827.18449324995,2181.99602046494,2628.4116762269,3677.17156852481,882.74759773391,1.00179339953247
"N_all[14,8]",589.757631032539,2.50251562455941,159.970678056949,338.68327970447,479.769505224536,567.742993364419,678.512144605797,966.342446755947,4086.27109742908,1.00011394351481
"N_all[14,9]",203.098484051957,0.945518310507155,48.7710548235997,122.850769389058,169.625647414841,196.803989608782,229.148208821647,316.698389971526,2660.62954887667,0.999527616085976
"N_all[14,10]",609.12651927333,7.11926254728927,170.815172531367,349.775015025183,486.207657777569,590.020546154628,706.279079088033,992.521577574614,575.682289988426,1.00233887338501
"N_all[14,11]",264.229959175584,1.40783222750253,91.7765407491253,127.097602747571,199.956951733814,251.036895991715,312.83290276298,491.943017045592,4249.7321953802,0.99957029076489
"N_all[14,12]",2127.96903196377,11.3082902810901,500.56016752948,1318.68008931695,1772.33382729609,2081.7032613292,2429.3882917546,3249.12250404677,1959.38003381078,1.00043312821342
"N_all[14,13]",924.226184196394,3.13086726461774,206.049136452041,581.243617271275,779.422768811164,902.367357405572,1045.27619659599,1398.20479413459,4331.24036578736,0.999373961977797
"N_all[14,14]",51.9255397728566,0.867661160056951,23.8527954921442,21.2948664926441,35.8346087650895,46.9689718332057,61.9346773288246,113.172631252886,755.750172582981,1.00174695132252
"N_all[14,15]",63.1738434948946,1.05515524207977,30.0768085005104,26.7785002763578,42.8084274734317,55.8667222522715,74.3160766794852,142.4538618957,812.513862952988,1.00249547756125
"N_all[14,16]",442.901816901628,1.97603222349033,97.1833583131863,281.072372016319,372.134969593024,433.155421682137,501.159487965762,659.871182887762,2418.77661134192,1.00042945230443
"N_all[14,17]",1109.47175839949,11.8854384853838,308.995816896867,640.848146195261,883.873778103339,1062.56932370482,1287.89550531097,1823.48391569548,675.888073247456,1.00175157050826
"N_all[14,18]",9419.23048604313,39.8504042615493,2052.13069214571,6004.50044073169,8021.3328110269,9212.43163330135,10607.4573288011,13928.607860507,2651.82321812763,1.00158375435002
"N_all[14,19]",758.656248071338,5.22719382976473,180.164218488667,467.270242660988,631.081115120207,736.047340919022,864.67911589093,1164.14930535246,1187.9546869702,1.00008691896105
"N_all[15,1]",307.019426165349,1.13260279446893,66.0758462468994,197.070505152418,259.818328672195,301.483671506266,346.844791358223,453.944651182537,3403.53491555789,0.999567760219017
"N_all[15,2]",896.5903976839,4.7526635220804,227.574646413008,538.050873552114,735.306457027947,867.04773311199,1026.90299768989,1404.61428557307,2292.83929781205,1.000550668649
"N_all[15,3]",66.8484473399813,0.488831314147273,21.1929796758866,35.7462228506582,51.719616961516,63.0484678903513,78.0915589397812,116.89266113823,1879.60246499314,1.000338866722
"N_all[15,4]",101.164487462631,0.391559402476676,25.5032622115659,58.9376252138571,83.8562885173717,98.0585520755091,115.682157506098,157.808630493533,4242.24902019347,0.999735728573533
"N_all[15,5]",936.516816316597,5.84338393004597,310.747259286347,470.668619079119,726.016480669189,893.435095963634,1088.08193395365,1672.93954388655,2828.04144783322,1.00011019013375
"N_all[15,6]",505.368391110784,1.75897546259037,110.104926239923,316.263040842012,426.170219205906,496.605148487133,572.080616676074,738.177449185269,3918.26620405015,0.999601988691138
"N_all[15,7]",1914.88481561336,6.77765475607906,472.127366674561,1153.92998182444,1587.42762445271,1863.53139971587,2173.22543201058,2984.55793059278,4852.43206918297,0.999662167443395
"N_all[15,8]",632.910114626016,3.04935600586811,174.043201905831,367.28456580256,510.853221364128,610.241627777561,727.314798951637,1032.99493601937,3257.60084075782,1.00086403279275
"N_all[15,9]",153.171418260312,1.0187628948131,37.6167574719558,91.7455151749649,126.861597589566,149.014409838064,175.528309725774,239.675947463506,1363.37861146041,1.00197990971698
"N_all[15,10]",456.349936435934,2.26185723207913,112.312922425619,272.522515784205,377.182935765798,444.107575339132,522.828744541307,724.620067196965,2465.63665637953,1.00093233182363
"N_all[15,11]",239.175388169032,1.34797789303531,87.4762604408717,111.806290029716,180.188823429088,225.95951351313,280.78746545294,443.499271651455,4211.28737429198,0.999551606558546
"N_all[15,12]",1874.78859002346,6.58350021783721,422.263398708604,1183.35920009296,1579.53529532474,1838.78084459829,2119.17190441844,2814.42166251987,4113.89468188935,0.99982327887963
"N_all[15,13]",829.383424217125,2.96826101053622,184.447316193004,529.736540682159,702.38970460772,807.984459536502,932.473480378179,1243.0913460533,3861.36188909355,1.00120177125834
"N_all[15,14]",39.3146870512022,0.480661725964335,18.4441423348072,13.1426895066323,26.9422371510868,36.2069047864397,47.6354735017385,84.0522093632239,1472.44081374867,1.00079710589773
"N_all[15,15]",47.0976943371745,0.321274632758702,17.9770893800831,21.6415387707575,34.7007024397433,43.9207171831018,56.0283204925512,90.2136926350929,3131.02030250989,1.00077875631384
"N_all[15,16]",508.855724148572,2.7606951765972,116.188577246232,317.04790403735,425.839112670956,497.760993946517,574.850999011671,776.930559615227,1771.29115711141,1.00073390816028
"N_all[15,17]",1028.63488900837,5.42140417345864,252.434339500602,626.347665916926,850.68463413323,994.64485907823,1171.11140141031,1611.40949928097,2168.06997352564,1.00242985434984
"N_all[15,18]",8843.56250256658,28.9995405570707,1867.48829521403,5777.44227702918,7554.73535346712,8674.17176710529,9913.72520928078,13086.3869305694,4146.9952909995,1.00014838754319
"N_all[15,19]",684.569710598319,3.44107769819427,156.988719511633,429.030827888432,573.274432436465,668.546752780224,778.913829084366,1021.71925380879,2081.36351021368,0.999970873028284
"N_all[16,1]",236.713742381117,0.984045599785696,53.2117705233102,150.111077413283,200.042438446706,229.536774217123,267.403411735954,357.215868791449,2924.05119171517,1.00005564797853
"N_all[16,2]",633.84220963965,5.15905440921468,177.839572569893,352.804543761637,504.916464488168,613.811400308227,733.605667371904,1034.47873192408,1188.27400237105,0.999802253559363
"N_all[16,3]",47.7892223244307,0.778106987231927,21.5396033373019,20.2012601063258,32.2556897832794,42.6537899834398,58.3326606733471,102.685108881694,766.296376849218,1.00195775803937
"N_all[16,4]",117.832406237638,0.470965702738182,30.9934256460989,67.2022496698434,96.2709456049014,114.453249830709,135.191401244491,187.793731910254,4330.72491259891,1.00023196582829
"N_all[16,5]",891.999635769314,7.73723755393215,315.576457353387,431.92706439744,671.945102840723,844.903651170147,1043.30480609572,1646.83351656358,1663.55563924556,1.00068535098688
"N_all[16,6]",411.433925294879,1.99202379940195,100.410405775533,251.672042119741,341.447010043807,398.837714449214,467.169655164117,646.660166117928,2540.78781923715,1.00012895181638
"N_all[16,7]",1772.2479760106,6.98277129714467,447.625682600481,1056.91602337884,1462.44388192308,1714.08606835341,2032.88188093692,2807.83623144278,4109.36158211969,0.999690404740217
"N_all[16,8]",591.933864291308,2.48959145779615,167.176204304871,331.243245168491,475.112661809618,570.123638915094,686.034485353411,977.155199611515,4509.1299397102,1.00018910249606
"N_all[16,9]",146.17169772826,1.14617136501014,40.2199537995559,84.5902216223257,117.523318672542,140.425724777876,168.513673057353,239.968748672248,1231.3571212578,0.999938576585748
"N_all[16,10]",267.578833862703,3.823268910962,83.7048387828145,143.04501079162,206.03503766665,255.671348016777,315.660824274684,462.871095646879,479.326497613269,1.00051179364472
"N_all[16,11]",202.960339526512,1.30768923565327,77.4054277911334,92.8503061261134,148.859135107758,189.152335197787,242.606743376415,394.815944750619,3503.75501745955,1.00035253409041
"N_all[16,12]",1596.68428291773,7.27697230276483,388.187502038332,972.48410698318,1324.11723236441,1551.45652760765,1817.78324951947,2501.45906500582,2845.65111898443,1.00042286064997
"N_all[16,13]",737.788851978781,3.53521645169536,177.304159572694,440.492257171426,613.710082187842,721.734118220961,837.069557397443,1136.98005190475,2515.39289219455,1.00145338306143
"N_all[16,14]",36.8122088287218,0.394341595574733,19.5965006792447,12.5600365459383,23.9710841395971,32.9644040147282,44.4188567197294,84.201336145338,2469.51617525371,1.00048227653858
"N_all[16,15]",29.750709575234,0.576911779184038,15.9303343091679,6.28332920794631,18.6266120831193,27.9722637896593,37.9866916511564,67.1916665384429,762.484407731345,1.00025420397347
"N_all[16,16]",479.128400783417,1.66858277489894,105.832631063205,301.970956927368,405.072591043463,468.283834422416,542.915973107403,715.338061552999,4022.94110127941,0.999734453089107
"N_all[16,17]",934.587990490913,4.14413385810681,243.267805245035,550.279227906893,770.100656514916,901.85226175194,1064.82038212009,1509.74777944759,3445.89249370415,1.00205276309454
"N_all[16,18]",8349.64720656657,31.0768000283142,1906.87111337715,5202.55255048406,7023.08883095629,8165.40107557206,9447.85426552703,12625.7438969908,3765.04432281359,0.999679159968731
"N_all[16,19]",474.381878771065,5.04879362200607,128.525772331611,276.933510942149,378.626456205618,455.943631492311,550.961789964547,768.381140631426,648.045064683368,1.00340133798189
"N_all[17,1]",235.319400017199,0.939122009743117,51.8216356564461,148.883432685547,200.388776573209,228.963284798025,264.484827471699,356.786591737706,3044.93618442523,1.00023205253111
"N_all[17,2]",822.004165959403,3.21603783861211,197.562377559666,492.757931686816,682.327248952401,801.51855724428,937.406367758079,1265.89900135345,3773.68971652408,0.999371405786339
"N_all[17,3]",76.4903978191013,0.473400981207087,23.1998027417953,41.6252393417171,60.1730179095699,72.481741645173,89.3664635369642,130.426138483767,2401.65309953699,1.00031988242948
"N_all[17,4]",138.164003346034,0.534353754620157,34.8890640245651,81.2839217852291,114.153806857882,133.573965280716,158.086535877614,219.964526656224,4263.05471601265,0.999372871598354
"N_all[17,5]",1163.48273909223,5.74485349903824,345.908938072163,635.555322738611,916.493552917793,1121.78291647705,1351.69026463114,1988.62494462583,3625.48115380937,0.999770541026488
"N_all[17,6]",497.539894262038,1.7949646537954,113.667548245752,306.93713368344,417.157930853201,484.405541050043,561.175259393084,757.664059708261,4010.15522204631,1.00026041830316
"N_all[17,7]",2119.98543117507,7.92455523675629,514.650379072497,1297.78952920528,1760.23099555071,2058.59309302086,2405.84762146501,3312.15434875035,4217.69140024892,0.999488297696744
"N_all[17,8]",667.926326115242,2.75449213971457,174.021157303671,392.20689171611,545.956772696542,647.054614198683,765.280381896538,1061.81191459668,3991.36119136279,1.00067457113072
"N_all[17,9]",221.48363668935,1.75513362484866,57.8709362880406,130.406393284565,180.197530631742,213.0304420177,254.194618365886,359.639323229442,1087.1779728184,1.00305952888599
"N_all[17,10]",369.030167186339,1.33931754268329,84.7803748931623,231.160787132182,308.248749154611,359.718147782408,421.993044704462,558.259471332048,4007.03882663323,0.999702632894885
"N_all[17,11]",209.605257488362,1.41466657774659,76.9091283231556,98.706297320436,155.919931806157,197.356046745444,247.833003528648,397.823005231536,2955.61316187179,1.00175573213091
"N_all[17,12]",1788.35793394491,6.73061673000545,411.077127331849,1111.99806039275,1508.3219969984,1748.27690560029,2019.74902484995,2727.57561342589,3730.24111442947,1.00035950804504
"N_all[17,13]",809.055635522946,3.47070260387118,181.767676768941,512.265634430798,679.741404660559,783.918193987667,919.522903397509,1222.52830433332,2742.82759114913,1.00004700614192
"N_all[17,14]",39.8226797011839,0.523464642654988,20.271517859457,10.9840114698748,26.1160190068981,36.2710058301964,48.925890243098,89.4859178065779,1499.67734699306,1.00038786554446
"N_all[17,15]",47.1320271488597,0.476569788042228,19.5795548054324,20.7394414989987,33.7335634387322,43.3608818351906,56.0221551772241,95.6367824265609,1687.92292423049,1.0013786151233
"N_all[17,16]",513.409702670708,1.74279011527415,112.859180355564,333.853540815229,435.296196408357,499.245739566847,576.245635955669,779.855829142668,4193.56720824446,0.999396245022528
"N_all[17,17]",1006.17029229312,4.1804382189524,243.36378054564,622.295851689102,831.642914513806,972.186958600689,1142.79370603073,1585.80214559001,3388.97423869362,0.999618310142533
"N_all[17,18]",10095.273532462,35.1621747491574,2088.99467336881,6535.54562786356,8643.63358604668,9889.37978515389,11367.5296949826,14814.9709260131,3529.58145791797,1.00017692872719
"N_all[17,19]",623.356660819529,2.59226782808284,140.119081171105,396.873621629396,525.020494347025,606.255127990915,704.056524433257,947.565840725229,2921.69462500977,1.00227038078372
"N_all[18,1]",286.144778191225,1.25850459391905,62.7691178449041,181.500851883423,241.375972627398,279.542482561532,323.526347234307,423.066939457756,2487.61083574495,0.999565844850233
"N_all[18,2]",848.168497223576,3.57225477854217,212.148969012933,506.05527549447,701.906776698257,823.91666301048,963.59226296858,1343.59900958936,3526.93129301797,1.00058632891219
"N_all[18,3]",121.914447343251,0.549478210595123,34.2511035632221,67.223443225247,98.1954914410344,117.886145707207,140.087702713968,203.273461138222,3885.51139821854,0.99998962659319
"N_all[18,4]",141.995005002981,0.555588523438753,36.7230214921945,84.1430731637685,116.129628122601,137.455184091106,162.642506649224,223.33319560529,4368.88166295811,0.999278714705233
"N_all[18,5]",1742.4248753986,15.0777980190583,577.740165668517,880.961446269373,1341.06062536003,1657.56270828647,2037.63991529142,3104.57258099597,1468.21372900586,1.00064150373084
"N_all[18,6]",755.355357557449,6.74913367032512,183.656748511943,450.967848175042,623.503967559092,738.038169253595,865.681644365436,1157.90848471453,740.487485389,1.00107065595091
"N_all[18,7]",2738.05565643421,17.9804654754122,698.545284457494,1604.19183861455,2233.45741316308,2669.21406175006,3153.94122882705,4350.20825129009,1509.34065293955,0.999921159394683
"N_all[18,8]",760.006543783223,3.82138786176049,210.276986801703,436.474167355867,614.372111857349,727.197823805154,876.492389111586,1237.71057446585,3027.89806639601,0.999755523135747
"N_all[18,9]",222.283603763111,0.91448215057061,61.4595676308378,127.540844546659,181.183792921637,213.291777369374,254.353672342906,368.870465751364,4516.77581296227,0.999604864341524
"N_all[18,10]",480.462214142394,3.22831104785468,118.306333775487,287.945188360721,395.596697020091,468.304978351116,552.647590768942,746.796572749745,1342.96671055403,1.00061085926126
"N_all[18,11]",244.370612770801,1.33336389649365,87.975915129063,122.215889107093,183.671135303912,229.653562294437,286.795188018481,454.803914534873,4353.41634054302,0.999690778065253
"N_all[18,12]",2352.2869421737,11.8397233955964,547.889944144899,1455.87349759072,1968.30240120675,2296.04725924448,2665.0384457343,3552.1125191357,2141.42834264265,1.00069296143099
"N_all[18,13]",1021.27462017321,4.38060147180829,225.552956920959,648.942570359946,862.228687407825,996.585436287085,1154.64990409436,1537.17126918544,2651.12106416524,0.999860171060933
"N_all[18,14]",65.3963306287352,2.8061603373931,52.2763526922683,19.6160194443629,37.26323316824,52.3242398883361,74.7852115840841,214.56133957241,347.044842594633,1.00744570793613
"N_all[18,15]",62.0025857849122,0.833126714277549,27.8919098677044,26.0711326394002,43.1166537881728,56.1567096729934,74.4478491740156,129.770641061274,1120.81616378113,1.0005922704385
"N_all[18,16]",642.751578686582,3.31886385275618,138.570117770499,409.33759882971,545.389883038797,631.350625082155,726.306980647286,944.814222606684,1743.25250548352,1.00058190817436
"N_all[18,17]",1352.00853531442,7.41034091446538,332.355734057138,800.46714112579,1123.02579264782,1312.62888548159,1543.53467133323,2106.92325671366,2011.5460321427,1.00017163757402
"N_all[18,18]",12198.4816707612,67.5715203472497,2672.34129230928,7751.16850271777,10276.4070522798,11961.2443045559,13823.7610284748,18231.8642430808,1564.07099928095,1.00167438310989
"N_all[18,19]",840.465124749339,3.51916042423061,183.124635293651,531.4415549079,712.283666385584,822.994224841229,948.929564869382,1242.5515229191,2707.79271522268,1.00005948215189
"N_all[19,1]",279.80267814409,1.55944373796001,61.780053446302,173.288930295919,235.966938727879,274.510947066113,318.562070969873,411.996249834138,1569.48488583289,1.00145832471039
"N_all[19,2]",973.888405685869,8.51262650973105,273.005467457926,554.87573028973,778.797537639632,934.884766408678,1132.85615874226,1598.71668118965,1028.52660712225,1.00229556373771
"N_all[19,3]",140.962766070369,0.591431049085795,39.8089161639721,77.5418858359052,113.622967844794,136.069719542093,162.993584291532,235.612398879783,4530.56605101634,0.999683489373331
"N_all[19,4]",154.193473027824,0.731265581658366,43.6273179186152,88.9066366872771,124.854113331082,147.590205698852,176.833157764805,258.743213117415,3559.31777290415,0.999683078278602
"N_all[19,5]",1878.66386629663,16.2105058340232,628.343540604858,923.963862016855,1443.25408710007,1786.92236885188,2214.97983428319,3345.2991097898,1502.45397177105,1.00226979022166
"N_all[19,6]",765.846330932231,7.69658359336795,194.72054721987,447.172825951964,625.91732703521,744.066757944925,888.509621523343,1190.92526746312,640.070160801566,1.00281075075891
"N_all[19,7]",2881.02635314762,25.2009510955251,789.785355859154,1621.12946292919,2317.88963080407,2784.83736079577,3335.40324158489,4647.95747950275,982.164630840421,1.002629498441
"N_all[19,8]",821.123811663426,5.73498311976781,244.052601716139,453.452283370601,648.811865313376,780.478185572165,956.095556429292,1394.70558474143,1810.9338878087,1.00136013708099
"N_all[19,9]",235.686848021253,1.59867102022528,97.6667915536967,104.036904578885,167.406833557561,216.721143352371,279.640289743101,475.865668898064,3732.29219967807,1.00023498436894
"N_all[19,10]",438.001317537054,2.45889324937822,105.478362623279,263.279138723571,362.840235385429,426.518658969913,501.748085304654,672.101379579787,1840.12535566481,1.00065477134575
"N_all[19,11]",256.772881391003,2.01330394827497,96.8405167384952,119.383563957633,190.354638552833,239.548401191015,302.564263639936,500.238504429785,2313.63851774234,1.00026023526929
"N_all[19,12]",2475.76350839167,21.7691463446565,615.006518141556,1499.06845446483,2032.55740215956,2413.88092321068,2836.67112255279,3878.27976021277,798.135520869417,1.0011926157183
"N_all[19,13]",1112.17267045357,9.45623520481585,273.100164375264,676.174594596508,915.272557181065,1080.73802386945,1277.1718655959,1744.24855808213,834.07939261677,1.00137752590745
"N_all[19,14]",69.1215452030744,3.44997118214222,125.756727926779,17.1129119200644,35.3199841254027,51.137560758477,76.3019815992739,208.196462571249,1328.71403684287,1.00105245176399
"N_all[19,15]",53.8933741253551,0.390333660233294,21.7598939681593,24.1537113486578,39.1341208643312,49.8974714397148,64.0541429199165,104.605822962276,3107.71755785005,1.00018136697939
"N_all[19,16]",711.129006115077,5.9710504944959,166.356032679847,436.349944313892,591.36705736374,698.176830257559,811.463082284692,1081.15274831269,776.203544401172,1.0008502017151
"N_all[19,17]",1482.68192822911,11.1583454376896,394.30161098973,857.295302240495,1199.08733707778,1434.3674715669,1716.77507217511,2379.24922962107,1248.69823763573,1.00144658172785
"N_all[19,18]",10494.3476624093,39.9530420135622,2298.14352714023,6718.63389283168,8841.12775433288,10276.0752473628,11835.4934998233,15661.3146812672,3308.67867913106,0.999530883418938
"N_all[19,19]",882.275610312366,3.40448142602033,197.372553088826,554.767551770798,748.305977847154,860.295666808457,998.71470068462,1329.19787628948,3361.02373650614,1.00005948344454
"N_all[20,1]",180.650743026065,1.30451064220236,41.4380164016496,114.361127976985,150.811369988803,176.239247560282,204.085534989475,276.14396244696,1009.02671108952,1.00372773542986
"N_all[20,2]",686.330716939936,2.59130713922292,171.477037032693,407.596064669232,568.88755170632,668.04910999203,783.242125529046,1080.10609925813,4378.99206551322,0.999963462339475
"N_all[20,3]",139.528086406467,0.610089236766278,38.9036669945534,78.6643788300727,112.377545158004,134.215365665599,161.05333208149,226.871375621642,4066.25257989995,0.999875563508727
"N_all[20,4]",206.635226713176,0.849430824200156,52.4792067856217,121.78774159808,169.479725613532,200.050665218138,235.64170459151,331.247022983047,3816.96775355708,0.999380495502107
"N_all[20,5]",1650.83547442713,10.5583784194335,560.5604080073,833.794322248214,1262.16932721192,1558.39117280407,1923.67147829268,2983.48520069338,2818.70998853436,1.00059615770838
"N_all[20,6]",460.414801486596,1.91786230586317,104.411895805206,290.683404078341,386.400757889174,449.709927557818,523.965608079347,695.072775841173,2963.91070691777,1.00038177443746
"N_all[20,7]",1878.03576250083,7.28755567268438,464.186756549312,1150.81667829472,1551.16316223501,1821.71325158796,2138.59818559398,2953.4903464354,4057.15612515921,1.00009750399843
"N_all[20,8]",580.642808915546,2.4818896386421,156.648370845508,335.132194740567,472.668408829118,558.482750614513,667.688721416925,942.341555973622,3983.70190374834,0.999985043131283
"N_all[20,9]",217.801031067981,1.85013413996573,117.28246424971,73.6951942531668,138.630642599236,191.93129951597,266.168644798529,525.010714408153,4018.46074924341,1.00018774503665
"N_all[20,10]",274.394719791171,2.80550041331065,73.3605035918542,159.688912818503,221.375776542413,265.290235055327,316.343018771045,443.485340750819,683.760382400723,1.00076701319248
"N_all[20,11]",170.768728710278,1.52740544379381,67.7129900760177,69.1673365885488,123.182215878207,160.250225676229,206.387287091675,334.154266196724,1965.32923915564,1.00281548600967
"N_all[20,12]",1784.34043714095,7.7230169129896,421.274865039742,1123.60468277123,1481.74368624892,1737.31378794152,2028.21581018999,2744.76118676287,2975.48060960571,1.0009713381914
"N_all[20,13]",806.806604468529,3.14763911864573,184.36861432235,505.154570645791,678.133836633632,786.721541085123,910.285663883486,1217.90558619265,3430.86883670186,1.00026058924019
"N_all[20,14]",62.2595668652267,3.11228942769377,111.845526008401,11.4213459470733,28.6489373982572,44.4715989185182,69.5306540201237,194.041604527978,1291.44905183125,1.00225179130576
"N_all[20,15]",33.1053063446774,0.480950692281406,15.1399446739978,10.51985688117,22.3747124241469,31.3027529836384,41.2598822345047,67.7500740897934,990.940247523344,1.00039624211808
"N_all[20,16]",573.383086036253,2.16912925589875,120.601136801585,367.756221070723,489.468575265039,560.316701108742,643.992811001834,843.502970054402,3091.23441139042,0.99973189363711
"N_all[20,17]",1225.01764531518,5.87909304218231,306.512704811668,749.352296103813,1010.91457991082,1185.69619558674,1395.72914405556,1937.10821519561,2718.16799355367,0.999698528025597
"N_all[20,18]",9368.22046731816,35.9585633435412,2049.65169122131,6064.93748690836,7959.61315056004,9154.73906398175,10551.3651631907,14045.9258995944,3249.04305505794,1.0000504056761
"N_all[20,19]",772.929172869335,4.74769969385027,177.538101978044,484.123421132018,646.299343050343,753.459536480864,875.903171228049,1169.79660267698,1398.35250188935,1.00185037288232
"N_all[21,1]",163.311794512498,0.992440937638938,37.2691457939772,101.666826269247,136.953760382297,159.89211161205,184.251466834664,248.764853045264,1410.2286613486,1.00410129739383
"N_all[21,2]",548.808823971627,2.73509286397242,145.577416273503,320.029375658698,447.623410175385,531.379132356606,630.737636644471,873.810523470309,2832.9823027984,1.00089441723354
"N_all[21,3]",177.354729326968,0.823602270970697,50.4961879958175,96.4222134492725,142.596720786812,170.931900808704,205.080005689532,296.017951930994,3759.08475046805,1.00059228739373
"N_all[21,4]",312.107791124557,1.4070999457933,83.7395874286267,175.825636400834,253.659687378124,303.274267114073,360.543314678475,499.072870425117,3541.69975246636,1.00070537942991
"N_all[21,5]",1393.05156126489,7.15473553851439,440.646085039249,714.185472128826,1080.50441881983,1335.02332480176,1617.19784047537,2470.08171226765,3793.08575004998,1.00038926615512
"N_all[21,6]",363.030536257931,2.31016218403422,88.3874445419008,224.636552906113,300.507885103766,352.164621441457,411.149486237703,573.440767554769,1463.84877842306,1.00041491299437
"N_all[21,7]",1379.65097604647,10.1493051496998,366.653618301381,821.157425622582,1125.59358672845,1326.51973127922,1567.83671120384,2260.46592275493,1305.0865978947,1.00211497551596
"N_all[21,8]",479.427776412178,3.11304419800261,143.416465899673,261.548317203398,378.067889836722,457.298954210378,559.594827582201,820.790190474087,2122.40108618241,1.00207730887912
"N_all[21,9]",220.229230547343,2.57407205349918,155.786408996539,56.3267909195256,122.990441872731,180.438398943005,270.117145415176,623.450781959786,3662.83819415702,1.00035871157662
"N_all[21,10]",253.507354043342,2.75701951863774,73.1531158546756,144.2638327817,201.046684216623,241.891524032605,293.018812985884,430.730849836697,704.021588088027,1.00265552262551
"N_all[21,11]",172.526300491624,1.30809736399056,68.7103873171095,74.3253476348702,124.766016642725,160.653933172123,206.457744968625,348.919625494629,2759.08228197469,1.00166868196191
"N_all[21,12]",1184.61835381914,14.3594605508639,335.567631771814,669.746209526028,942.590781585064,1138.25411941717,1375.3907371474,1967.34369631441,546.114711816937,1.00216062925153
"N_all[21,13]",598.821682142035,4.65945678521651,148.920120398023,362.328599992558,491.936600753549,579.628907666932,687.350555107272,939.468220404329,1021.49484900343,1.00135639386088
"N_all[21,14]",78.4564852669335,11.6366696298132,696.434532911912,8.98442448123107,25.4868517077669,41.6808648063205,69.5905408065,228.783675883958,3581.81528833521,1.00057105852463
"N_all[21,15]",31.9761733718374,0.405209610016108,14.5545234763333,12.0759293388892,21.757335076524,29.431365453516,38.9825079344693,67.0680015458545,1290.13901436284,1.00011097488184
"N_all[21,16]",455.601995954059,1.83261480618927,100.392959472298,293.851435895811,383.825920634636,442.93726843255,512.754512458039,682.773462093809,3000.98712243276,1.00011398478329
"N_all[21,17]",905.942129824373,8.04210605388941,259.735708788224,511.663189541855,722.891836981012,869.916322366107,1047.7977719479,1503.9800227671,1043.09467943736,1.00091267344346
"N_all[21,18]",9393.12529922197,36.0762426730458,2116.85004921787,5912.46373414076,7863.52007940494,9158.00622174463,10607.7276856627,14192.4550549687,3443.00450499217,1.00073890361795
"N_all[21,19]",911.620540815208,3.68583804886873,206.955160817703,567.828245671761,766.102958115443,890.005709706705,1029.46107589734,1386.20140576838,3152.68095879049,0.999960516836455
"N_all[22,1]",153.03742732208,1.37497608713548,37.208627705101,95.996415787044,126.410876684194,147.840674336273,173.780321843768,240.882926498354,732.313458505773,1.00376147617019
"N_all[22,2]",475.365099410885,3.2250095003524,142.772875629542,257.047700872122,376.096193041915,458.387812434266,551.92965463632,814.241702139811,1959.87971100464,1.00206693223259
"N_all[22,3]",247.973421115957,1.36879564965271,74.3731606894916,131.14592851409,195.192056199307,239.185466939473,291.491706770913,409.375442686937,2952.26436404789,1.00003785734625
"N_all[22,4]",374.743273155675,1.64663815184167,106.561368899298,210.296492818969,298.820644398422,361.429780374403,432.696812050086,612.72506408024,4187.96684210281,1.00097120622184
"N_all[22,5]",1601.25242927794,10.0341101639446,525.121973215654,810.311498827269,1234.89426791281,1519.84709279924,1868.73594505597,2867.16118096138,2738.81471753406,0.999713839028985
"N_all[22,6]",382.986337950331,1.55375864902544,89.4409497892045,236.357367863916,320.935791094081,373.174077396092,434.438464869558,586.981957116957,3313.64276521621,0.999696295432271
"N_all[22,7]",1225.49439754084,12.4705380951415,357.220511861701,682.531005639959,969.373952530528,1182.33837814395,1416.21127502228,2041.90647319365,820.54497477132,1.00126353912098
"N_all[22,8]",518.359909089105,2.47849350147044,154.373026095954,282.275057051451,410.042410526177,497.113418290034,601.924668014848,885.028870075761,3879.4241580383,1.00006569086827
"N_all[22,9]",244.000423808576,3.38924129913733,198.80598150581,51.1653687524549,124.492890604784,189.562024492988,297.373215084835,775.202076866423,3440.7563042681,1.00035915913487
"N_all[22,10]",333.532273113142,1.3107335038725,83.7495739279639,201.366022556215,275.851711159204,322.354417344343,380.070615712418,530.229693817747,4082.59605182009,1.00086040944376
"N_all[22,11]",157.527166264658,1.93625671501707,74.3891726103946,42.4888375048374,107.365310853767,146.084227074233,194.822257871749,335.819618766344,1476.02455624676,1.00251569060895
"N_all[22,12]",1534.04557143306,6.11812477644414,370.550563920999,922.809588673302,1274.57849555337,1486.87742542267,1756.58595649962,2355.46609455238,3668.24468623116,0.999530431231435
"N_all[22,13]",689.102045464597,2.80012128409185,170.469083987029,415.215036268091,571.101829742498,670.10373693653,786.089480934529,1079.27647098972,3706.27439706141,0.999758503345999
"N_all[22,14]",139.84734481739,44.6724479246597,2762.8675174849,7.74391730220589,25.8389239264147,43.9550716854715,77.1954553885764,283.339470085338,3825.08084447916,1.00024217146147
"N_all[22,15]",39.5478354718861,0.284406970067798,16.6048380266853,16.5815905548957,28.0614980450831,36.3533706993427,47.63263607517,80.1927814511607,3408.70027754089,1.00026074919093
"N_all[22,16]",443.976311414465,2.07111931442807,100.405349224429,284.299183098397,373.186311084559,433.009264838193,499.444591058009,680.506283377876,2350.19265457331,1.00026571766923
"N_all[22,17]",1042.24624445877,4.70363465583387,273.722583337143,616.223173384166,850.025006515099,1004.9769647435,1194.38470684002,1680.64438337777,3386.52352756326,1.00100534651606
"N_all[22,18]",9887.9965123887,38.9489518121084,2392.62422354521,6113.03099776671,8222.20441143841,9536.97350617365,11250.460964475,15587.9820865101,3773.61371495169,1.00024670187418
"N_all[22,19]",1342.14572501435,9.54770995441566,329.792084216097,794.120453369192,1104.50939116593,1308.8368265279,1543.6539425766,2066.0538880778,1193.11421524625,1.00200871918038
"N_all[23,1]",180.725378075783,1.00954518949372,42.9256666785984,113.274737416244,150.568823623574,175.629891681902,204.329520043091,276.507114316129,1807.93399267016,1.00081681354744
"N_all[23,2]",533.597775864686,3.18805990394563,190.132107366744,254.104529657609,402.30048485257,508.688542083689,628.534306149842,991.572880635763,3556.78797573674,1.00126616654986
"N_all[23,3]",282.241152948009,1.51292646427062,81.3015691114999,148.264599635363,226.138156043103,274.084160879968,329.748135085269,463.49533280472,2887.76744217574,0.999502349599347
"N_all[23,4]",408.875471341948,2.6877048826564,159.464546078505,188.247370290732,299.425407234259,378.039324050894,484.678478880733,802.715338638589,3520.1820283141,0.999866433545686
"N_all[23,5]",1483.66779369974,8.16551630461301,502.127033251825,743.020209498975,1126.95083174844,1399.7918332961,1745.45991386331,2649.55849198164,3781.46344075732,0.999394442747884
"N_all[23,6]",373.321734366563,3.02559285140091,96.5244260987106,220.89085993744,304.433831314508,363.249386823242,426.454565895809,595.479326401094,1017.77899937381,1.00187807558573
"N_all[23,7]",1309.84381713947,15.0215901006039,408.814214544043,703.819580434569,1022.92957516516,1247.87239356888,1528.65244336016,2247.02661136338,740.662167312993,1.00259807243708
"N_all[23,8]",566.626988918843,2.49916563061029,165.263461354691,310.764111482775,452.989153061762,546.465764518938,654.940366648464,951.377965779458,4372.84022957625,1.00023928964768
"N_all[23,9]",263.297580171462,3.69339615279696,224.520678357921,48.3256453149908,129.653164219477,202.20853660872,323.617234105717,829.102203101908,3695.39533708932,1.00048890083217
"N_all[23,10]",458.031658053789,3.31118531604605,121.314627822858,266.637762430433,371.980541024922,444.96427214696,524.893604091812,733.036347766421,1342.33021344979,1.00147060119733
"N_all[23,11]",230.090343837304,1.4493038389636,91.7584295722178,98.8046297092831,166.591326429615,215.617873037097,274.148021952454,461.022457353622,4008.4185107228,1.0002994363426
"N_all[23,12]",1578.26307287066,6.70841423740415,392.020113748346,939.386033644927,1311.37318341689,1529.28889464975,1797.33103324302,2503.13238534565,3414.89187090199,1.00029055252109
"N_all[23,13]",678.780410768004,3.54139576768972,215.567436736055,349.326672562078,530.195281675294,644.055820665277,786.348715434404,1209.98368997724,3705.24890375179,0.999852970803129
"N_all[23,14]",140.947437286782,45.9899520913995,2907.58771463033,7.48669185566359,26.1327198196019,46.4743563400884,82.2579645027481,310.69682901357,3997.05142694079,1.00015180692175
"N_all[23,15]",53.9564066128992,0.451891474731995,23.1962765616489,22.5725081530056,37.6209924121882,49.7047018675899,64.6257931325507,110.190090846543,2634.92501107921,0.999588099629062
"N_all[23,16]",455.064811498104,2.32082817144816,105.334275953397,285.446479987997,380.803557385984,441.6377119139,514.77262919438,703.222690859461,2059.93470101412,1.000150516327
"N_all[23,17]",1198.70191027704,5.61928073747366,325.857613831414,704.983031523114,968.003828191139,1153.35993178122,1378.88297417534,1953.83451162818,3362.74771477147,0.999966279475913
"N_all[23,18]",10506.0182535282,57.7314950370683,3348.34227840456,5422.31618993755,8179.12901278363,10045.0121509212,12259.189853623,18360.5773708577,3363.83034925781,0.999595738287596
"N_all[23,19]",1587.78142121208,16.7454601174922,420.362822743976,894.042928076235,1283.23768191885,1544.92588415437,1833.82534269566,2535.2685566577,630.165218462891,1.0014086860031
"N_all[24,1]",306.716305532583,2.84014289782928,85.6606325995329,168.803914710695,245.28787333795,298.619468051978,355.882552894529,499.473608692455,909.666437613586,1.00048937797814
"N_all[24,2]",610.99539851315,2.73613355490644,176.021225808534,345.602348013131,485.688842197642,588.257695793836,705.836714435108,1015.05823906019,4138.61948263503,1.00014393597519
"N_all[24,3]",287.954144589731,1.39245090002336,85.7026813432662,153.871778816876,227.3612980138,277.063884134578,333.154689350758,494.016481380566,3788.16632429731,0.999628759697465
"N_all[24,4]",433.902335343205,1.84926984520171,121.457446403028,238.015684236056,352.045220806129,419.603915517029,499.03230633401,707.72732370319,4313.67792600834,0.999808755926716
"N_all[24,5]",1642.80033019738,10.7680518107593,580.921874980554,786.984292950958,1241.58289028196,1542.45877463806,1938.58343167562,2995.06988613378,2910.45700375826,1.00203766599205
"N_all[24,6]",602.455698303768,3.85143837598746,164.873025931628,338.909482837004,483.094259054341,585.236669847021,699.07623958202,972.979657143037,1832.53935623526,1.00032770529296
"N_all[24,7]",2651.06684064809,32.8349453174751,890.685435404712,1310.83189754291,2013.03116506112,2511.20800866817,3148.03504325318,4774.80554800101,735.827656074142,1.00137734041736
"N_all[24,8]",687.660331009017,3.37098945143688,200.625700897033,375.661758731007,547.536608333832,662.025729590814,796.725524362669,1164.48996567154,3542.07984633863,1.00004099481951
"N_all[24,9]",303.503782986254,4.76083117823955,274.351483940014,57.4360806439264,144.711080692114,229.424331304971,369.007722350887,974.510826217114,3320.8485091028,0.999998197813882
"N_all[24,10]",531.296771998392,4.2105402679174,139.961551854407,302.013355662164,431.40390838338,518.948861613833,614.805450122888,842.146769517162,1104.94802019284,0.999931909183414
"N_all[24,11]",397.375070278338,5.03631761510098,191.056489518396,153.828339179964,263.577398174938,356.135522815177,476.999101768173,891.494260761977,1439.12118156283,1.00312086807975
"N_all[24,12]",2103.36382480044,15.2714807473256,551.445384166398,1225.51815721676,1706.13499210773,2038.97785682434,2414.72546648638,3332.16805788653,1303.89528146993,1.0018367529531
"N_all[24,13]",775.303455662108,3.36890943267711,198.650313422306,450.882837491674,637.705627601408,750.76369884077,890.136238667766,1233.5777063387,3476.96114479303,0.999668841858198
"N_all[24,14]",205.096101150356,67.7169204059156,4180.37110601676,8.77451475663468,29.5923714482023,52.7039752996265,93.141628363739,410.96365751188,3810.96777168165,1.00075542201459
"N_all[24,15]",79.4313508560973,1.395357053039,42.8244978532335,27.7287699426659,50.3085562414177,68.9487745222978,96.6777180620652,190.684532677128,941.919644758572,1.00171936807558
"N_all[24,16]",568.238483981463,2.41570082601359,144.196871408917,332.831430586399,467.376962037774,551.356064943891,651.313800001308,889.237600340624,3563.07841185101,0.99973725010382
"N_all[24,17]",1882.36689730421,18.4033687915717,598.580184112158,941.423283821921,1453.56062209751,1815.22436005064,2232.70588023567,3236.89771672078,1057.91314300264,1.00025193719538
"N_all[24,18]",12675.4303504383,64.4881460368179,3413.03129245592,7112.92000812451,10350.3952046814,12234.7546369427,14629.7468422854,20560.774316811,2801.04932775255,1.00134945229663
"N_all[24,19]",1369.66663080046,5.72012223521576,321.842166305295,846.241602495297,1144.07739213109,1332.78464603076,1555.70160200941,2107.93599814322,3165.74016718293,1.00041497778903
"N_all[25,1]",298.786620726097,2.84059695363108,136.829272061637,121.548733069073,204.547794362622,267.154428085076,358.800814396185,662.307767701746,2320.27146516754,0.999300598950315
"N_all[25,2]",518.72564322923,2.65674223436325,166.885650973612,270.16322727493,398.832599937067,494.119993187449,610.048543416766,910.450038323841,3945.8371251305,1.00074817701763
"N_all[25,3]",279.658733030766,1.42699663977456,92.9403466656294,139.574570883933,214.61487303206,265.539897493909,329.92438276853,498.473621349719,4241.92196774927,0.999995532977781
"N_all[25,4]",530.028260659278,2.56618837686511,162.027688113204,265.608896629509,416.251123704969,513.729219074816,624.604382834449,902.846175924948,3986.58844375643,1.00058863758539
"N_all[25,5]",1108.84982393826,13.5499766781266,477.408260139074,445.069807163257,773.121538015896,1020.58538486034,1347.68621827685,2269.19648115762,1241.37433545397,1.00145617410141
"N_all[25,6]",553.012176867146,3.9938736970342,255.878729561594,214.049440782293,376.629452298266,500.867378276026,666.708139550481,1185.15619325473,4104.6839052631,0.999736227325478
"N_all[25,7]",2484.22789490175,25.3811162377767,1360.39683307149,909.151450642413,1629.42156888875,2170.77003294786,2964.69380773217,5801.97695868603,2872.82908102013,1.00099504311194
"N_all[25,8]",756.200356814639,4.38541666760376,260.02810898011,369.763047231155,573.138033004942,709.729060179448,895.258594230515,1389.4216623349,3515.75715688216,1.00071761019674
"N_all[25,9]",299.341190942423,5.65152773780619,316.630833244126,45.6922407009163,128.832998613912,210.739912448623,352.737953801398,1103.54766772895,3138.87976759342,0.999779260267871
"N_all[25,10]",394.141142899615,1.91128159754428,115.889989595316,221.067655086,312.861159131399,374.933512685584,456.644901515418,669.484513911662,3676.56705427824,1.00100002933309
"N_all[25,11]",462.260977227779,6.73435607835173,268.490532309176,148.871232853879,283.115967754955,392.023206637814,574.884741545344,1171.98890139846,1589.51927981233,1.00158960890441
"N_all[25,12]",1540.68001077912,10.8226879195297,467.829217543525,856.055751462528,1215.05166214353,1458.27361105915,1798.50588788528,2653.96575024157,1868.54866052729,1.0022316413499
"N_all[25,13]",571.280116339872,4.82396836733691,174.48239409867,318.608035075046,449.601201373133,541.40023652377,661.282393190293,998.217439414926,1308.26077598681,1.00095450328272
"N_all[25,14]",276.521258668071,125.040557356933,7917.65175792653,7.51663058072383,25.739997413017,48.5018473474672,90.6051073814936,465.247629731966,4009.50713673884,1.00066284374163
"N_all[25,15]",59.9622355720362,0.449742174490679,29.6803217269538,21.8139030838801,39.6711267054283,53.6252146830393,72.4671427746779,136.32900013172,4355.21879585443,0.999403762830505
"N_all[25,16]",574.664710087748,4.55663821560228,257.440821623364,221.081840820682,396.864251759514,524.01297710169,694.665580461878,1242.27670557411,3192.02092204908,1.00026571975733
"N_all[25,17]",1763.16912089752,15.0856182276105,854.507933755184,680.332286662335,1188.00757854261,1595.88578866878,2118.95721364996,3938.32381977149,3208.52902989553,1.00112529452695
"N_all[25,18]",12220.5674884981,92.2875279943088,5230.44432355548,5011.37637036241,8567.71066007571,11267.4203863008,14761.8493236126,25194.628859643,3212.11540856856,0.999484724295572
"N_all[25,19]",1158.30181070364,5.71713258321617,317.160029566228,670.450020046776,938.23175614311,1117.2024767974,1325.2890489373,1931.48966685727,3077.51636949185,0.999641942746429
"N_all[26,1]",505.295447284603,12.4673376237461,742.594058477716,32.2467205196836,134.930341335613,278.609734803625,579.590581405295,2396.44312859244,3547.77034278793,1.00033191882703
"N_all[26,2]",863.107843272193,18.9299597126128,1218.54095284252,65.3549606213648,245.797849566684,492.770036766977,1004.13781014231,3960.04861945612,4143.62915153607,0.999695193278576
"N_all[26,3]",481.121754393469,10.6622193098416,673.710804627353,33.7449581781284,136.041622339268,274.985766577488,568.356175081831,2167.40852940057,3992.56322613409,0.999937363853595
"N_all[26,4]",914.526185747938,19.402348453401,1197.19929570808,74.6735222881204,267.748308598939,527.087416059131,1065.53250323418,4123.65656634433,3807.36317818913,1.00073933852576
"N_all[26,5]",1892.98846120389,47.5411886573732,2898.15515435951,129.880312765643,506.140303287456,1066.73541471288,2198.25887232124,8398.4035588782,3716.23519291285,1.00102120987578
"N_all[26,6]",944.761776403889,23.9184355909667,1490.11392901007,57.8658368418808,252.399174657249,524.98206296786,1096.81291924548,4192.58279641852,3881.26599365639,0.999333859310261
"N_all[26,7]",4229.3632255045,118.585445956863,7017.05981009732,270.811054603208,1082.78840338937,2323.15873849006,4848.8415850934,19794.7604663572,3501.44713899792,1.00113553412486
"N_all[26,8]",1274.08432858281,28.8488991426104,1832.6758036877,101.70320973703,361.283578365075,728.079182911145,1464.31622909723,5657.56486688392,4035.64356181327,0.999186864980404
"N_all[26,9]",502.942995007397,16.053045208583,973.511838849081,19.4448458964281,97.4421646466129,221.114004586612,518.341933578828,2810.73531651524,3677.62647447547,1.00004163732688
"N_all[26,10]",674.756615895165,15.0612118305225,938.870128284869,53.2268104997793,193.905817548581,395.972012854052,796.268883284903,3025.16946934696,3885.89632422127,0.999881511818954
"N_all[26,11]",765.360126935085,22.8860682888302,1293.13054278226,45.6268990930143,194.203635334446,415.115634942244,874.569053926832,3456.39297003003,3192.58420089619,0.99940609337824
"N_all[26,12]",2604.82692864553,56.9058256939121,3591.12818189019,188.316881989079,738.923458621956,1535.6784163823,3084.14265702207,11613.2629617589,3982.43187869136,1.00001284326741
"N_all[26,13]",973.518074054034,21.9174426481245,1385.464383017,74.0416482666728,278.488008926811,565.980829001516,1140.31777267212,4332.97059592746,3995.86653083078,1.00005914313676
"N_all[26,14]",279.590235637675,53.6566494211079,3394.82371667744,2.90778354339009,19.0332345290449,52.1117502884257,134.095448143304,993.369438713901,4003.01627309807,1.00051398402001
"N_all[26,15]",104.015295342689,2.62043710133971,171.464235519749,6.76511410935606,27.1877385794494,57.0506030987497,117.394448682147,478.722788584139,4281.53615272494,1.00043940421017
"N_all[26,16]",1018.84203510662,25.0066540471685,1565.86478924132,61.0532893849624,269.509085479092,555.586795853713,1170.1004726453,4917.67741507682,3921.00453939261,0.999740405490474
"N_all[26,17]",3013.14872992402,79.1037446225318,5072.18809106499,196.223456488526,787.077697666451,1668.5061090956,3364.39702003359,14492.8722165086,4111.46516267378,0.9998263853223
"N_all[26,18]",21523.1253540419,541.688384519735,34241.5683088045,1444.57315468645,5691.32854310744,11275.9701398136,23880.106921866,104366.964519454,3995.84146539268,1.00053359760032
"N_all[26,19]",2027.33844886703,43.6640145825494,2743.17489967637,156.17474716255,596.226256518145,1172.07245945112,2346.32396677288,8777.49814491387,3946.93223313114,0.999618065505341
"N_all[27,1]",932.614982929099,69.4142648211052,4371.91334409249,14.8598499861531,104.817516303055,289.118957078418,770.575375645357,5728.40426479875,3966.84867629969,0.999796502129739
"N_all[27,2]",1430.64699706583,64.5727132621805,4116.26081861008,28.9205510293978,186.477834069379,502.905232088432,1374.08375921116,8487.20835017901,4063.56957280892,1.00032109794129
"N_all[27,3]",839.911851520912,35.9501748327148,2256.98493432627,15.6864928282114,102.049459758622,291.473044587672,771.143691486267,4772.4616324523,3941.44351148286,1.00043204494758
"N_all[27,4]",1562.51855992171,63.0956928956176,3976.79380850076,34.3154994538961,215.97464435047,539.210020283908,1466.5699856986,9066.03434352317,3972.52574062075,0.999710671258681
"N_all[27,5]",3321.14602802686,150.057319564613,9563.05213601815,61.4558489853653,376.271683994699,1073.43529768378,2902.1476651924,19212.6694668839,4061.42724621384,0.999517972069336
"N_all[27,6]",1603.8672862547,66.7424445294331,4128.06931021184,31.4104268685175,193.863691951233,520.269590884593,1480.46171141429,9524.16721099979,3825.5135319303,0.999784864571944
"N_all[27,7]",7451.26875823046,404.06261743972,25179.7318520041,125.178781976962,848.604453478227,2325.88553429056,6531.54097338219,45993.2834443717,3883.33499167195,0.999928387734505
"N_all[27,8]",1966.15710858738,59.7096875008847,3822.03342662245,45.822805945654,287.685596672638,761.087166327045,2054.50954855285,11280.941493613,4097.31511159649,0.999551424876508
"N_all[27,9]",862.393320139336,38.5175531642575,2441.58182297653,10.2720217323506,80.5314744830974,238.545344386262,684.640082925077,5723.01804402051,4018.14111400895,0.999943360018708
"N_all[27,10]",1173.25624769144,55.8502002278665,3116.85504170341,22.8880650592619,152.919734018436,394.739928371639,1101.1324962633,6907.23320096123,3114.46704888852,1.00015165122108
"N_all[27,11]",1330.83122592503,79.7827470423349,4932.24242609141,24.3211748956294,155.769651415218,421.990823740569,1169.95589832722,7957.26704305241,3821.82553565362,1.00041063098889
"N_all[27,12]",4366.42028860048,172.970903061429,10979.5172201225,86.0785092622027,566.978819072797,1521.66163562318,4054.67589272594,27282.4783257265,4029.21444940852,1.00017076369007
"N_all[27,13]",1629.1954122509,61.0703792318106,3599.81484008075,36.6300469454447,220.988707507214,607.706751138651,1592.90991199624,9294.13087629717,3474.55421255074,0.999718240789451
"N_all[27,14]",418.364576211892,100.629960335006,6372.4037397874,1.76007513783612,16.2181350136583,52.4773674192923,163.485891208112,1682.43298742792,4010.0701005652,1.00041006596858
"N_all[27,15]",174.285746814427,7.13480059628494,462.276356503719,3.0128748573899,20.5829587107401,56.2917661209849,150.600835005153,1057.81027201664,4197.97341021121,0.999889471104724
"N_all[27,16]",1673.98163449811,68.0998724672155,4332.18076183781,29.2773796967916,214.017644456514,578.016882539672,1555.26779387212,9890.71960159019,4046.88200331024,0.999616185164794
"N_all[27,17]",5690.67160751334,429.306234342964,27339.1496166169,93.9381312420682,633.993594210612,1777.25761619927,4612.92513271377,32008.3338527559,4055.41789155949,0.999547998332602
"N_all[27,18]",37269.0157420374,1585.29707403667,100612.194368092,656.294972858506,4583.54153884429,12031.3474277075,33672.0896569632,230515.370046713,4027.91155899573,1.00029170645246
"N_all[27,19]",3356.68063596063,136.004697538869,8409.10348903148,68.8249517247692,471.68906333018,1287.16430956374,3250.07328784582,18215.3152337701,3822.88801816535,1.00001782205875
"eps_all[1,1]",0,NA,0,0,0,0,0,0,NA,NA
"eps_all[1,2]",0,NA,0,0,0,0,0,0,NA,NA
"eps_all[1,3]",0,NA,0,0,0,0,0,0,NA,NA
"eps_all[1,4]",0,NA,0,0,0,0,0,0,NA,NA
"eps_all[1,5]",0,NA,0,0,0,0,0,0,NA,NA
"eps_all[1,6]",0,NA,0,0,0,0,0,0,NA,NA
"eps_all[1,7]",0,NA,0,0,0,0,0,0,NA,NA
"eps_all[1,8]",0,NA,0,0,0,0,0,0,NA,NA
"eps_all[1,9]",0,NA,0,0,0,0,0,0,NA,NA
"eps_all[1,10]",0,NA,0,0,0,0,0,0,NA,NA
"eps_all[1,11]",0,NA,0,0,0,0,0,0,NA,NA
"eps_all[1,12]",0,NA,0,0,0,0,0,0,NA,NA
"eps_all[1,13]",0,NA,0,0,0,0,0,0,NA,NA
"eps_all[1,14]",0,NA,0,0,0,0,0,0,NA,NA
"eps_all[1,15]",0,NA,0,0,0,0,0,0,NA,NA
"eps_all[1,16]",0,NA,0,0,0,0,0,0,NA,NA
"eps_all[1,17]",0,NA,0,0,0,0,0,0,NA,NA
"eps_all[1,18]",0,NA,0,0,0,0,0,0,NA,NA
"eps_all[1,19]",0,NA,0,0,0,0,0,0,NA,NA
"eps_all[2,1]",1.76690065356161,0.0267141285375238,0.823607265681401,0.0218227516197068,1.26870369463079,1.80724552501382,2.31349545447149,3.28820161950832,950.513557738959,1.00175939992778
"eps_all[2,2]",0.217041422482315,0.0189743282040456,0.988813656384099,-1.77443036284758,-0.456097574784298,0.214051040253628,0.878621973933519,2.18110468656145,2715.78943640148,1.00104624600086
"eps_all[2,3]",0.255972880773473,0.0162807784805855,0.954522299352443,-1.62187828343512,-0.39511528828077,0.250451998708252,0.914717498506655,2.07556248433598,3437.33470556788,1.00066260253674
"eps_all[2,4]",0.208379324103423,0.0197271484899702,1.0160664689416,-1.82524800246058,-0.468185456014385,0.217431004366815,0.899965531555363,2.16490790386706,2652.86782095,0.999853907810248
"eps_all[2,5]",0.449099181466021,0.0178987772585816,0.968623103638351,-1.53175408971707,-0.202774004963526,0.462178975000704,1.11635384415302,2.27536405469926,2928.61930127917,0.999753127012605
"eps_all[2,6]",0.747959872684371,0.0173826861175515,0.901687195111624,-0.992208963185854,0.133882425884434,0.73991074252024,1.34244934856161,2.48199579670105,2690.77899239241,1.00018732951842
"eps_all[2,7]",0.677681600142655,0.0158095386215595,0.917847544665124,-1.1174539440161,0.0822266253620248,0.693010630636309,1.29981564916429,2.39068215738282,3370.56501914954,1.00087023621128
"eps_all[2,8]",0.0501214343192068,0.0166090996741865,0.97898535636811,-1.88173566944983,-0.611021875630785,0.0638277556739152,0.712040627894204,1.93358704956687,3474.24313958959,0.999957511690774
"eps_all[2,9]",0.472879526442046,0.0141591058136109,0.893268076186282,-1.2984585560768,-0.127301961016576,0.49641768862335,1.07784670156584,2.17454557194592,3980.08156272754,0.999784121727809
"eps_all[2,10]",0.05250547168768,0.0151234808572159,0.971933026728925,-1.83559814727405,-0.582982746806914,0.057109580737134,0.719578941960629,1.97522671990313,4130.18169827956,0.999762787877461
"eps_all[2,11]",-0.170519613659844,0.0167751751691068,0.96094987365637,-2.00251697939743,-0.820804466119416,-0.166824279447363,0.445202943505322,1.68788725595304,3281.46170492686,0.999857849453368
"eps_all[2,12]",0.127383646574514,0.0155461452912072,0.927685825813019,-1.7108790359368,-0.509805984426925,0.120254794645999,0.762778746089314,1.95218967161384,3560.87228632381,0.999732192053958
"eps_all[2,13]",0.140070467501033,0.0147201133528381,0.945822552066921,-1.69298657331784,-0.493937153553934,0.127480267780299,0.759010915938129,2.07173526434286,4128.54498900981,0.999234043409876
"eps_all[2,14]",0.14305347135121,0.0156776802182443,0.981572275594664,-1.80957227698033,-0.517379047838438,0.139631805380273,0.803718489308344,2.10630929595585,3919.95393083613,0.999499097010684
"eps_all[2,15]",0.0497415236420615,0.0156007883339192,1.00983047206535,-1.93332318377034,-0.653600267867902,0.0663516643043492,0.747153542667559,1.99521715214676,4189.90189350864,1.00014243084098
"eps_all[2,16]",0.233196301581483,0.0158280854854682,0.975056686200074,-1.74779682214901,-0.381447784228491,0.258684993861717,0.874834659780708,2.10836783289617,3794.92288391885,1.00017903504803
"eps_all[2,17]",0.184636133836593,0.0143666680834713,0.986587064411434,-1.71964471389817,-0.480792011398978,0.193068230379461,0.864692933327298,2.09436688471561,4715.83625904297,0.999398864682019
"eps_all[2,18]",0.392054979034257,0.0128386975476807,0.971107179389765,-1.53764695047336,-0.260393656997436,0.390035548412118,1.04920494711077,2.29717699672051,5721.26934492605,0.999334448706452
"eps_all[2,19]",0.0424523277019461,0.0133173164639058,1.0013596595422,-1.89507314767031,-0.637357687896581,0.0173461489742861,0.738790096973813,1.96890712065571,5653.8820334174,0.999751849552397
"eps_all[3,1]",1.22789314400053,0.0143665940749719,0.783115674616558,-0.33750876759758,0.698648711999355,1.24077487990902,1.76636523478249,2.68043288602904,2971.28418554369,1.00126386552229
"eps_all[3,2]",0.167603472702896,0.0147671503566273,0.950268639425992,-1.74137546207725,-0.439447920767335,0.158835425588275,0.817129805657092,2.00760003540279,4140.94441006817,0.999522378054776
"eps_all[3,3]",0.0390833557610616,0.0159914571924195,0.940978598719502,-1.79506296050774,-0.601560744768818,0.0333665053169727,0.670646535784869,1.89916288172994,3462.44921780347,0.999274677545371
"eps_all[3,4]",0.0156136089240921,0.0149128386135097,0.938779426953865,-1.78656364892269,-0.612483674646142,-0.000172258200139746,0.649820263293037,1.88694860307101,3962.83957380055,1.00005316208169
"eps_all[3,5]",0.308638666848276,0.0155187329663872,0.931377865366185,-1.56364706764851,-0.292027345684484,0.310464732545645,0.940228503675623,2.12936869670161,3601.96347470073,1.00021372513824
"eps_all[3,6]",0.664299378624926,0.0134917540618896,0.848627484775213,-1.00870156494846,0.0993205108129464,0.669526213304487,1.2481985337117,2.34405864218893,3956.37414178754,0.999668779447116
"eps_all[3,7]",0.00681507450621239,0.0176338103362344,0.877607996638304,-1.62494978195346,-0.570114780600919,-0.0036687167281571,0.584989242017907,1.73402316653021,2476.9019379078,0.999976795201776
"eps_all[3,8]",0.0615621457388609,0.0145944608551133,0.919794538258688,-1.76359750234807,-0.554109965004768,0.0691787708383963,0.679489443422056,1.85836964239562,3971.9661690192,0.999708990868078
"eps_all[3,9]",0.418789388565271,0.0127535267662335,0.866852088345356,-1.28894715083631,-0.17144943904663,0.432344857185903,1.01950336591723,2.08848351350466,4619.86626253793,0.999368719528163
"eps_all[3,10]",0.0609031002033957,0.0141209261805954,0.914453186608964,-1.73421045231513,-0.542310005722932,0.0502854366521937,0.659765722836229,1.90610617464429,4193.69256758581,0.999859164628647
"eps_all[3,11]",-0.0326503487536095,0.0142670097444578,0.929974288418975,-1.82784205342349,-0.671390129340005,-0.0516322865365357,0.593106958419534,1.79440575601899,4248.89469160052,0.999929487310586
"eps_all[3,12]",0.317429944025473,0.0124085993692988,0.903692882919401,-1.44800195239607,-0.307986089260103,0.31957190845791,0.935995231879144,2.05913088282872,5303.91063553378,0.999900587980798
"eps_all[3,13]",0.370511952040468,0.0127840382153976,0.889238838693885,-1.40147425537006,-0.224894477067431,0.372784239694214,0.956402581950804,2.13101620660948,4838.38836630179,0.999867086187237
"eps_all[3,14]",0.00472879289400499,0.0130980964864442,0.952185389482538,-1.8305945023306,-0.636574044658147,-0.000819480946259924,0.641599251580761,1.84321132329527,5284.77687476932,0.999818571965121
"eps_all[3,15]",-0.121840420145056,0.0115942253641854,0.933860531143624,-1.98600801817911,-0.749205163347001,-0.131161641319399,0.507084751902171,1.69107393524695,6487.54772682717,0.999623744720416
"eps_all[3,16]",0.196147390758651,0.0126067683070622,0.895757602600041,-1.54573906711411,-0.387296270726459,0.20814009992371,0.821188742310077,1.87722301643417,5048.62906531805,1.00098411018022
"eps_all[3,17]",0.0662234403627951,0.0135794128990859,0.967227508400358,-1.81786538766759,-0.582399185382088,0.0433985371954265,0.72819864008466,1.95166581620682,5073.3554567978,1.00127992516113
"eps_all[3,18]",-0.000896593697332148,0.0136895879746493,0.960793156570467,-1.86048636675479,-0.655347934012846,-0.00633906715198049,0.651411306484108,1.88273117566005,4925.82578747919,0.999364216268743
"eps_all[3,19]",0.0574445397765571,0.0134738361264466,1.00702928187429,-1.8992885664106,-0.591950155693243,0.0552061375590396,0.746932532392929,2.03399433591552,5586.00957564082,0.999629045820765
"eps_all[4,1]",-0.301245924626607,0.0255378704048854,0.82950000985942,-1.82429824530945,-0.883786145972649,-0.333252609948412,0.251633161988237,1.39948092050433,1055.0266584376,1.00116031594799
"eps_all[4,2]",-0.0657413857869312,0.0179743986179538,1.03889498778232,-2.0955741596852,-0.758148308895757,-0.0861234412648107,0.64048162001097,2.01190050520356,3340.67759487266,1.0011504288156
"eps_all[4,3]",1.56254881402017,0.0211379478560469,0.868962837995318,-0.270391898420639,1.01348168930868,1.60282678693992,2.16985126844253,3.13886463839909,1689.9613147914,1.00092892867382
"eps_all[4,4]",-0.118099212791356,0.0152793614680129,0.978527202453129,-2.05192823350191,-0.767853934529808,-0.119405188882854,0.53630907882349,1.8179503433847,4101.43087195103,0.999253718890612
"eps_all[4,5]",-0.227497644139371,0.0178161672478,0.982867743751891,-2.1221621435104,-0.899314846873468,-0.247399385041332,0.447371305254041,1.67389327228398,3043.41798623283,1.00035913028473
"eps_all[4,6]",-0.028717736446629,0.014033405501128,0.853343202559064,-1.71642851609966,-0.580216038924041,-0.0327198690106847,0.553579767784,1.65654956770984,3697.61183139432,0.99957932700845
"eps_all[4,7]",0.120969271096435,0.0154887564410672,0.914573064032086,-1.67871513061409,-0.495862158874339,0.12681728501141,0.763463549210999,1.82829519912662,3486.61273128445,0.999606206569377
"eps_all[4,8]",-0.0053419995067418,0.0175411930578383,1.01038789250057,-2.00734313349461,-0.651721209910313,-0.0121531473205194,0.6601195386674,1.98935416314222,3317.8596437378,1.00181593554759
"eps_all[4,9]",0.020791124457734,0.0145719549604726,0.903068701526496,-1.72307430163813,-0.57678810839949,0.0262191437434255,0.652460094648502,1.78707270195981,3840.66069689826,0.999881338982948
"eps_all[4,10]",-0.16971229598651,0.0164137855380108,0.999920539831008,-2.11027424375817,-0.838880277314574,-0.178144813273829,0.495362257135471,1.80711909718413,3711.19239658973,1.00029781445509
"eps_all[4,11]",0.629928023207698,0.0179422081271797,0.978951650984345,-1.28919586903879,-0.0385936937381842,0.630353119280516,1.31440464232022,2.50946660737232,2976.94428066822,1.00000656494813
"eps_all[4,12]",-0.0744593582299843,0.0139956266815359,0.967203289112785,-1.94677312768991,-0.731826463637368,-0.0882596005368122,0.595505294888431,1.78954194806237,4775.85167396258,0.999750115119983
"eps_all[4,13]",-0.259533652742298,0.0137907535167164,0.96793358488409,-2.1191100975638,-0.922539633085742,-0.259994327464813,0.409088296742401,1.65218693569988,4926.23499902403,1.00003855022425
"eps_all[4,14]",-0.156443333432315,0.0134193695154778,0.984536217704027,-2.05842399284223,-0.819314519720145,-0.170077906723063,0.538530590012681,1.76909734406696,5382.68754273289,0.99968042673053
"eps_all[4,15]",-0.307419348710903,0.0144454149739072,0.970013612342237,-2.1667404619813,-0.979126957138125,-0.323182497109843,0.36453699437401,1.59247713388658,4509.15965900896,1.00077634146029
"eps_all[4,16]",-0.366192894522429,0.0145247413965087,0.961965231327542,-2.23254053280842,-1.00614349043693,-0.381068161628228,0.262704703330521,1.53184731625307,4386.33637436039,1.00000096785798
"eps_all[4,17]",-0.0316372458442494,0.0127617313143467,0.947876026842458,-1.90217983838158,-0.658087879788031,-0.0491441286188361,0.598895794754683,1.80901106828138,5516.75739017519,0.999847532659712
"eps_all[4,18]",0.0469373024373991,0.0137835665666408,1.004938173358,-1.90364871783697,-0.650507696701869,0.0550885368334477,0.735891414696206,2.02665562361961,5315.63890253269,0.999427472245276
"eps_all[4,19]",-0.277738179009809,0.012653653951294,0.991881066480528,-2.20604176858836,-0.947192707896023,-0.292314943311685,0.395788315176401,1.66090166934377,6144.51054649024,0.999891570636375
"eps_all[5,1]",-0.382648840520598,0.0144426179827872,0.733901651073206,-1.80863477745296,-0.87622414838429,-0.401934401580113,0.0979732576751802,1.14219851155829,2582.16435361797,1.00046230568255
"eps_all[5,2]",-0.214874866736987,0.0161291271592394,0.970007857963088,-2.08940093109496,-0.864912864161544,-0.20508467513877,0.432847097043276,1.68745953689567,3616.83563776977,0.999680913458842
"eps_all[5,3]",0.654934127143627,0.012974590803796,0.765555341323734,-0.846079515077957,0.14764301822581,0.639707990937576,1.14796384337546,2.18422045259678,3481.49553231105,0.999747824829918
"eps_all[5,4]",-0.00969229893446315,0.0150936345848391,0.966258111036709,-1.86178640037187,-0.656086668635649,-0.0200741708479056,0.605303795081006,1.93461325351312,4098.25183428279,1.00032760477409
"eps_all[5,5]",-0.258148569368554,0.0180048319382593,0.979372092183132,-2.14814800266894,-0.923577209554893,-0.246999842667421,0.404530677992377,1.68473587983361,2958.81154708686,1.00059304379996
"eps_all[5,6]",-0.105436396440596,0.0148839327350704,0.841818848898594,-1.82461084024851,-0.661960451141143,-0.100987767553294,0.439164860403984,1.54409673712209,3198.90906075063,1.00060512861007
"eps_all[5,7]",-0.835955301171253,0.0235433917295926,0.929190896345071,-2.57658326137735,-1.47163114696063,-0.883394516537798,-0.207721656612236,1.06543699230937,1557.65701354008,1.00059476333757
"eps_all[5,8]",-0.022567147647536,0.014270620669033,0.966102335998896,-1.88078657548672,-0.680198356137533,-0.0378275659490875,0.616643459717301,1.89232990772128,4583.11273415487,0.999877424587627
"eps_all[5,9]",0.00700989311218716,0.012677964264243,0.837745590211571,-1.65524081498399,-0.546779531241945,0.0144283606017561,0.569875117137224,1.61242012923863,4366.41745378242,1.00073658815638
"eps_all[5,10]",-0.109212166412034,0.0135485643789253,0.931984879232927,-1.93176401408038,-0.727268799047201,-0.119845364032398,0.495515109841441,1.75502425732978,4731.85223319066,1.00022844490042
"eps_all[5,11]",0.0482018310070681,0.0130229480329447,0.929695357352243,-1.74502804415262,-0.582389209160112,0.047396747012478,0.67702556699486,1.86239400777735,5096.39063913205,0.999597537405819
"eps_all[5,12]",-0.0254203864610015,0.0134025514323251,0.959167754973164,-1.87566613395232,-0.662648559881134,-0.0299900722086676,0.620254974595976,1.87248963019365,5121.70046350028,0.999740764612456
"eps_all[5,13]",-0.241833780702972,0.013565648344378,0.955992039908597,-2.15084971918101,-0.885169936876333,-0.23474255166043,0.408064983033891,1.61241353092551,4966.23701470945,0.999475240216173
"eps_all[5,14]",-0.317560408523623,0.0144862447338581,0.955507591592183,-2.13405185605799,-0.964581179342167,-0.3068276286582,0.336984981765875,1.51119977786042,4350.67505596229,0.999712048596425
"eps_all[5,15]",-0.396078178154432,0.013044654501312,0.955520962001096,-2.27103018516313,-1.04253187627456,-0.407227863398903,0.229147979434188,1.53442100695753,5365.56272214228,0.999931093435273
"eps_all[5,16]",0.106104699662977,0.0138403165351573,0.942949762700646,-1.7359244005844,-0.530260802779034,0.0937907075056702,0.761850763381164,1.93511700731558,4641.78547882108,1.00025285381262
"eps_all[5,17]",-0.149967087328103,0.013500292135737,0.964590528814257,-2.06657968067903,-0.806883295664089,-0.146025184951332,0.504674594453432,1.74041133725518,5105.04593114343,0.999725421173989
"eps_all[5,18]",-0.0545002449304854,0.0131588287554028,0.964461275558084,-1.93874688577818,-0.709620153881632,-0.0398491796491015,0.597670600772363,1.81649967597847,5371.98905588032,0.99955264292439
"eps_all[5,19]",0.0751116718358448,0.0117832020228923,0.984456798972383,-1.88228909963635,-0.57286135448373,0.0784760690854351,0.732664336918511,1.99845690240793,6980.18089857892,0.999848249781357
"eps_all[6,1]",0.313787018798825,0.0141540960088003,0.740743284641664,-1.13983843170268,-0.169280706640835,0.317798731832779,0.799168749201359,1.77795321825999,2738.86844007857,1.00069847355599
"eps_all[6,2]",-0.0676467790842438,0.0163026918305599,0.969458424711482,-2.03555958460999,-0.702867088809641,-0.0828091002845673,0.582145088751515,1.84583803289933,3536.2237757702,0.99978075864097
"eps_all[6,3]",0.730997140912347,0.0128648650125625,0.775314121927721,-0.80133317308159,0.226813234075841,0.73755140411237,1.21840280453988,2.25361205326058,3631.99232139258,1.00051569290497
"eps_all[6,4]",0.24227889766399,0.0163659810193842,0.974068317914739,-1.72373487980439,-0.38544687694142,0.261324522103603,0.892876546166562,2.13971920459911,3542.37675609648,1.00004674704929
"eps_all[6,5]",0.23029681134119,0.0150502274472705,0.904681659618057,-1.57300231529709,-0.387235838922001,0.249582492603719,0.847549471056391,1.98187232653772,3613.31185192669,1.00029091116191
"eps_all[6,6]",-0.736756824285579,0.0208260321016265,0.891832703402765,-2.405586382007,-1.34795957873815,-0.751095512270318,-0.151268189925123,1.07417278435537,1833.807399089,1.00107228291815
"eps_all[6,7]",0.536253989337073,0.0219485591608529,0.884087790914954,-1.20937782807014,-0.0481007616486193,0.550320128779673,1.14325446689677,2.22362225637805,1622.47776838214,1.00231383812704
"eps_all[6,8]",-0.010039184993119,0.0152978309722753,0.999141589703937,-1.9096052193646,-0.695944861987024,-0.0179236109846702,0.680377975344915,1.94197809432861,4265.73977080073,1.00056472651151
"eps_all[6,9]",0.18860938408024,0.0137299485150074,0.8523553980171,-1.48277414291868,-0.374013779407599,0.174683864468829,0.760452026731408,1.90700953750199,3853.92815620106,1.00034692427053
"eps_all[6,10]",0.00118155300622778,0.0154309318712699,0.998721824445209,-1.91951511941338,-0.647124183556665,0.0187765923740586,0.650239723081151,1.96982650355472,4188.94610775126,1.00046900133405
"eps_all[6,11]",-0.178831011119549,0.0151749907698234,0.960120221729662,-2.081302535544,-0.81559099472475,-0.190906732369394,0.440365654901505,1.72193839337244,4003.08085658695,0.999957321111549
"eps_all[6,12]",0.161301446592134,0.0145403852927431,0.961546984408545,-1.67223790163907,-0.515466104340427,0.164244783602393,0.835407484217276,2.0431944826161,4373.09781024064,0.999608680925299
"eps_all[6,13]",-0.211819519134299,0.0136272584395884,0.94982821780825,-2.07546854820531,-0.842199044171643,-0.221894332799821,0.422212414577915,1.65861823405314,4858.17495193482,0.999718129767883
"eps_all[6,14]",-0.347168396921494,0.0147977212059331,0.967591854985615,-2.20691390055223,-0.998464379086726,-0.352860761568195,0.298582454961518,1.54736429531149,4275.57694096543,0.999548874491851
"eps_all[6,15]",-0.2189134350263,0.0148167040292161,0.936325772802806,-2.06083733780934,-0.836318714998157,-0.227045128170927,0.409778873253497,1.59277119495295,3993.4729214862,0.99941911417567
"eps_all[6,16]",0.194784071410181,0.0136901037310714,0.97134872128171,-1.71380991307407,-0.458856058415051,0.18453595336072,0.859326601014347,2.05776447409911,5034.27421738909,0.999533258277527
"eps_all[6,17]",0.375165150244564,0.0141290033338745,0.963413219647053,-1.52424883314454,-0.244739987340073,0.382757588849247,1.02566226936067,2.21379552491487,4649.4560556157,0.999787871230256
"eps_all[6,18]",0.319607706859382,0.0127804394597669,0.994908686201037,-1.63682192954943,-0.332923111011706,0.31248435364914,0.987881275445281,2.28292126896318,6060.03134084787,0.999734198633539
"eps_all[6,19]",0.072487597253982,0.0135220218048377,0.956329190592938,-1.8008596247733,-0.584385293421406,0.0817582847308442,0.735167523022892,1.89990718706095,5001.86033082949,0.999658144633178
"eps_all[7,1]",0.0440065639761381,0.0118069281960846,0.740177075921566,-1.44037143069056,-0.416405886799148,0.0354044416870538,0.529832527781324,1.4862323293701,3930.04403581965,0.9999875911
"eps_all[7,2]",-0.163790747456868,0.0127474189297268,0.816743165610387,-1.75617056044097,-0.711405229565365,-0.175078454841652,0.382669303879116,1.46581049508747,4105.12608692324,0.99929570973597
"eps_all[7,3]",0.415978179691306,0.0107456824101707,0.730134361849642,-1.07899146361751,-0.0501893572989421,0.430150756208421,0.90126292116349,1.82821716064919,4616.76292911765,1.00117086430356
"eps_all[7,4]",0.0450545761809725,0.0150308328805178,0.941096834210694,-1.75491723022498,-0.605682061502235,0.047911960331823,0.684451989784142,1.90810517275329,3920.14862392591,1.00158140220208
"eps_all[7,5]",-0.322823039513646,0.0136607363188027,0.83145171272679,-1.89819780425878,-0.902916845493964,-0.330647668164726,0.231012295170954,1.33569552095299,3704.4679974167,1.0005012917826
"eps_all[7,6]",0.072357541036757,0.0139357019967149,0.805408394188018,-1.56316295656864,-0.440668857292272,0.0846182125339641,0.624271604306762,1.57298741722311,3340.21638278398,1.00146859308529
"eps_all[7,7]",-0.0178929539919568,0.0129419238864807,0.829643580125226,-1.58336976972085,-0.599922393481975,-0.0158072126319454,0.526810550578654,1.65560438648185,4109.4663740704,0.99928798942171
"eps_all[7,8]",0.403205688573582,0.0129990553082574,0.900307823500176,-1.36196540908045,-0.206053579955793,0.410502743266693,1.00740356137024,2.17928491058527,4796.87570156921,0.999183809785238
"eps_all[7,9]",-0.174658282949343,0.0137008848614029,0.864529034951462,-1.89268200175381,-0.742847058932847,-0.193431911272265,0.39430592180584,1.57510767107178,3981.63947733707,0.999822836971418
"eps_all[7,10]",-0.213536434660501,0.0144655713308906,0.981252120635549,-2.14470705431074,-0.853466479502854,-0.212732443754877,0.42767761344111,1.72892514561873,4601.40048898986,0.999596905886594
"eps_all[7,11]",-0.298608601826325,0.0134043877369916,0.903867012642354,-2.07455874437241,-0.906682734714053,-0.285726796370766,0.293429156961599,1.48547968340473,4546.89693278119,1.00030676067613
"eps_all[7,12]",-0.0346924039593513,0.0122222038020163,0.920012823594359,-1.78414929791107,-0.667707822691883,-0.0348025556753667,0.617632032188759,1.7440588697736,5666.15850395411,1.0002725626299
"eps_all[7,13]",-0.240998960996063,0.0135635886749027,0.977023996627718,-2.2209751403146,-0.900438194607236,-0.241926025464176,0.437061668447925,1.69108014832581,5188.7319905134,0.99936599597018
"eps_all[7,14]",-0.237367406211217,0.0129320397959563,0.938531790789329,-2.1065093858365,-0.87021086006835,-0.22794151604083,0.38954397395977,1.60088517576453,5267.00719021306,0.999539727102961
"eps_all[7,15]",-0.448701060405798,0.0129733358380463,0.934618125646733,-2.24465649159682,-1.09353064082227,-0.442954239101777,0.189728194953996,1.36698603878175,5189.97274528168,0.999311116717863
"eps_all[7,16]",-0.128543918905873,0.0121458845013269,0.913044036687987,-1.8901536322235,-0.75596500874082,-0.109605963797158,0.477089225325248,1.68571189731769,5650.99801464593,0.999663912448516
"eps_all[7,17]",0.0333216226731423,0.0132933564746687,0.969370590569314,-1.86403714677236,-0.610421735770276,0.0313241250195471,0.688080891984963,1.91918556169389,5317.53524877048,1.00023445090797
"eps_all[7,18]",-0.0386926824637408,0.0125319768467889,0.97109829386367,-1.93073491066796,-0.713542195312751,-0.024245176499274,0.631194111506435,1.82642677156,6004.64331202822,1.00036238101436
"eps_all[7,19]",-0.086793979038866,0.0124652439080447,0.980857388061449,-2.05630951642838,-0.729133962828008,-0.0845853819468678,0.568560394069075,1.84427607825853,6191.70382020488,0.99946733225359
"eps_all[8,1]",0.0322249892662885,0.0119986684900083,0.73382447898358,-1.49417832566535,-0.42610329943609,0.0625347109752261,0.522789422107989,1.4268693606452,3740.40200352411,0.99964786279898
"eps_all[8,2]",0.619249732211284,0.0131719329011583,0.796269288862955,-1.02912524828095,0.0993845756978859,0.642478757448038,1.17356977940233,2.10405927301519,3654.44064273647,1.00011667466682
"eps_all[8,3]",-0.0597427702722941,0.0120248449765883,0.756948902175395,-1.54648438409179,-0.554276818955168,-0.0682846082410812,0.436321972385015,1.38669261956708,3962.54451884806,1.000038857675
"eps_all[8,4]",-0.092977234759945,0.014480563613319,0.959531090290458,-1.99471592683978,-0.759341763811704,-0.0919369516412775,0.558175677409398,1.7737609814515,4390.83553787376,0.999511894566894
"eps_all[8,5]",0.263561614002621,0.0179341520012506,0.867088312773638,-1.45300755945328,-0.327469002019591,0.295938000437175,0.866825418636756,1.88580433809908,2337.57187036563,1.00090257202576
"eps_all[8,6]",-0.11494847212611,0.0131854832206268,0.810010843462459,-1.7187537411904,-0.670386821532963,-0.105085841786582,0.425514878077052,1.45647683498815,3773.89284407109,0.99976935782644
"eps_all[8,7]",-0.187479648538207,0.0134256317813184,0.849273090667509,-1.85596395801784,-0.745445063865038,-0.179860397547054,0.391497261342057,1.4963334274131,4001.52250370555,0.999753103868956
"eps_all[8,8]",-0.261094818990514,0.014214513927226,0.923939107751113,-2.01522427690695,-0.913045772906705,-0.260143040851308,0.374238852494169,1.50447202521975,4224.96069678368,0.999637482964769
"eps_all[8,9]",0.213625142040053,0.0132453156242059,0.874286561352871,-1.54342419791319,-0.359973927654293,0.227217597049096,0.790582956025774,1.89051567097805,4356.9540786149,1.00006230431433
"eps_all[8,10]",0.0117417708260869,0.0146441206909873,0.994966941403785,-1.96898608783603,-0.63287005061093,0.0124304190912742,0.667497090239831,1.9815011816554,4616.26469734482,0.999925375049997
"eps_all[8,11]",-0.214650150232377,0.0140855334514299,0.939176701869062,-2.06926822646032,-0.844825382101302,-0.209472828838568,0.404751141807178,1.61498580439961,4445.78055805397,0.999423435107317
"eps_all[8,12]",0.168475683757166,0.0163057226787624,0.956494875128603,-1.74695346073417,-0.442984777797734,0.159597568800403,0.814446837229249,2.01055027876504,3441.00411022017,1.00036896145137
"eps_all[8,13]",0.252452457427715,0.0151500872054312,0.919209028090464,-1.52726685950927,-0.375256791400458,0.260790544591893,0.88418289198184,2.06881735697972,3681.27530055164,0.999351907014113
"eps_all[8,14]",0.025483496511265,0.015099092117566,0.983684099097698,-1.93281137760265,-0.620130933623291,0.0511968803828718,0.687636413603534,1.94961077034493,4244.33478663464,0.99969588943648
"eps_all[8,15]",-0.216849449914039,0.0151049116440626,0.955380488416659,-2.08848441266105,-0.862281616866531,-0.211027330276672,0.456229631810751,1.64663044457229,4000.51917689843,0.999497073049368
"eps_all[8,16]",-0.441144406007015,0.0137531757072335,0.934529055540513,-2.26586635176468,-1.06358089844045,-0.439503091156943,0.170871663148439,1.37575990566146,4617.21007143259,0.999735084306285
"eps_all[8,17]",0.388816852224201,0.0126491205387082,0.945816950159865,-1.51589320802462,-0.253718305408059,0.399863564462081,1.0391096848285,2.20532240094852,5591.05189496772,0.999607622279058
"eps_all[8,18]",-0.124622378504582,0.0131065790885055,0.950726380446085,-1.99545161066226,-0.776130249818182,-0.123772945636794,0.517964745295567,1.73651110594049,5261.77634861113,1.00030054493409
"eps_all[8,19]",-0.00400428136867012,0.0122399874581534,0.965584337684494,-1.92002027117661,-0.653522153790137,0.0025538597552127,0.648697382639522,1.82572672907847,6223.26765263675,0.999233686675233
"eps_all[9,1]",-1.22316851472351,0.023328219941772,0.812018811279958,-2.68470209888065,-1.77633691518035,-1.259524031811,-0.723853113714302,0.542074428611903,1211.62709871833,1.00142852854521
"eps_all[9,2]",0.210918069058696,0.0159386813551387,0.846691340184527,-1.47651114488316,-0.341692920307451,0.226179930081539,0.79097387426308,1.83966302903116,2821.92494848646,0.999761980754757
"eps_all[9,3]",-0.889707420283148,0.015402128517587,0.814175725311025,-2.468662315045,-1.43400646432356,-0.907020292721859,-0.368295494500694,0.741920759052846,2794.31147157889,1.0004390289906
"eps_all[9,4]",-0.278096663978672,0.019621220135242,1.03880524846464,-2.30987511501234,-0.976124996932554,-0.284893435709321,0.407353073772489,1.82409732075248,2802.9558030907,0.999175605894087
"eps_all[9,5]",-0.592416876506867,0.0181480411768841,0.905492059983171,-2.352181725365,-1.22281769426666,-0.596113060226923,0.0120453260560647,1.2442933821513,2489.48653105072,1.00201960733917
"eps_all[9,6]",-1.17907500464058,0.018800086078722,0.875181822544894,-2.80335102579544,-1.79178082468648,-1.21950071706499,-0.603376761916557,0.610732248206674,2167.08977077012,1.00050315890455
"eps_all[9,7]",-0.83765390703089,0.0160971708859962,0.90286711738174,-2.56871713757148,-1.44863880609835,-0.850316823549001,-0.252085051192591,0.999027321149395,3145.92643961241,0.999999653744789
"eps_all[9,8]",0.453588907783777,0.0157466497982412,0.952867992296119,-1.38643985033185,-0.172989087572515,0.443118935955278,1.09760477711269,2.29663222539215,3661.75378980718,1.00039028277963
"eps_all[9,9]",0.206343197506665,0.0167385194972914,0.882893247619843,-1.48387699574579,-0.39389491203449,0.181538195029089,0.778409324084042,2.00727508112509,2782.16130254697,1.0016917498244
"eps_all[9,10]",-0.286408719161353,0.0184408388305912,0.996824404944184,-2.19717004524831,-0.967169881151478,-0.292915180777179,0.384118044211963,1.67253641122815,2921.97152844346,1.00051315429899
"eps_all[9,11]",-0.229288318355387,0.0165217976617422,0.979774548838624,-2.16178247050599,-0.890673659885029,-0.218159583091817,0.458169994478689,1.68407260771513,3516.71933551385,0.999861288315444
"eps_all[9,12]",-0.480165487432542,0.0152695595656873,0.967269338962296,-2.34853022682953,-1.14282932494396,-0.475814318901152,0.156602048612374,1.45322748421323,4012.74740005093,0.999649383398574
"eps_all[9,13]",-0.167590737494882,0.0150819586377237,0.95984893181195,-2.08349641619236,-0.824104400330757,-0.163802548638415,0.489912078252155,1.70515100461082,4050.3288089437,1.00099472286185
"eps_all[9,14]",-0.0791710757754654,0.0152093891383048,0.986734106908244,-2.06536654545669,-0.732958775842832,-0.0899937239004828,0.579281943351655,1.88638675858041,4208.97878591479,1.00011525066883
"eps_all[9,15]",-0.509296524453162,0.0163330711748559,0.979945421687706,-2.43085990305899,-1.15894758198107,-0.489766370947791,0.150763803397461,1.40048951315928,3599.71458129434,1.0004859655018
"eps_all[9,16]",-0.648452428627775,0.0142681762873386,0.933954782206411,-2.40348564730323,-1.29635646473636,-0.668739147720458,-0.0190242945398053,1.21803093264933,4284.64423662681,0.999444191394654
"eps_all[9,17]",0.0158178711320121,0.013195523064187,0.989367374047793,-1.94097684923783,-0.654557276884853,0.0347947746759069,0.685269279719228,1.93493842476208,5621.62600061839,0.999519705969218
"eps_all[9,18]",-0.25371396470999,0.0123910424746563,0.992362590343739,-2.16898257566892,-0.951461236321913,-0.256006572227759,0.416343821410039,1.69738422141541,6413.94271479049,0.999436095282524
"eps_all[9,19]",-0.172887338161612,0.0133404887202954,0.997375623470775,-2.11443448281979,-0.838032037098824,-0.173525227684208,0.494594439336634,1.75603567191703,5589.51362569777,0.999721068975068
"eps_all[10,1]",0.305536036074362,0.0170220493215336,0.760761772886185,-1.27581042042858,-0.179985580717627,0.343896887608042,0.824093572379522,1.7225982892763,1997.43968694766,1.00091708898435
"eps_all[10,2]",-0.199871729813396,0.0125019623605686,0.797781953236611,-1.76771307701805,-0.724988132437952,-0.20099931032114,0.321825251528063,1.36132375908176,4072.04005733194,0.999220894202114
"eps_all[10,3]",-0.821411226987483,0.0119502785864791,0.762536658940688,-2.31663204729846,-1.3287004198918,-0.815974173033985,-0.320519960118063,0.685063956109747,4071.60271212787,0.999291820725688
"eps_all[10,4]",-0.0239047941276372,0.0143409325498765,0.947728287676455,-1.88695704102663,-0.657789423248776,-0.0336267574706362,0.616484617778561,1.88292683957216,4367.29874468494,1.00011456308409
"eps_all[10,5]",-0.0557894732267165,0.0213545386368514,0.897256573668185,-1.85056130011037,-0.651195979543288,-0.0389614106251127,0.574116482958802,1.62117916480318,1765.43979456117,1.00211275023153
"eps_all[10,6]",0.0594606374673463,0.0200937095412076,0.846657131541328,-1.65350833676399,-0.488301295991409,0.075914281079588,0.62220572844011,1.71400299998262,1775.39462789754,1.00020752755153
"eps_all[10,7]",0.417158027222239,0.0215599929947938,0.877596886365087,-1.40263078389081,-0.145289191786098,0.441679392395931,1.00111939399104,2.07788281498973,1656.88709990924,1.00135954031514
"eps_all[10,8]",0.263357553068679,0.0142193497233934,0.886405265456987,-1.55748943513734,-0.318743925604589,0.273037181135047,0.856248788238339,1.95339292257969,3886.02135493642,1.00156531471918
"eps_all[10,9]",-0.0742726260974929,0.0132398492958235,0.879755306042844,-1.78153614493572,-0.670546722941877,-0.0700245956164729,0.538093655817567,1.65963258614385,4415.27447158598,0.999695989262498
"eps_all[10,10]",-0.0139190354850706,0.0168012142571185,0.99326367283921,-1.8850296633826,-0.710461428573157,-0.0182460035487585,0.666977172109274,1.93730155411515,3495.00469740411,1.00138635192101
"eps_all[10,11]",-0.323001489693007,0.0139374471955698,0.923029190510271,-2.13698634717528,-0.9296177792455,-0.300520963544779,0.288834350529815,1.51193703005312,4385.95732133665,0.999394459347049
"eps_all[10,12]",0.329696558325084,0.0240543632510646,0.947161437640264,-1.55162343964643,-0.28966731707928,0.341798048244547,0.967211594337301,2.20194301071863,1550.45899857099,1.00090269310187
"eps_all[10,13]",0.0489695457115079,0.0142839918538257,0.911385546649065,-1.70574871308995,-0.574351506301817,0.0515447962516449,0.675251320160881,1.80042151882111,4071.03734439439,0.999599155819123
"eps_all[10,14]",0.0638955045381997,0.0140065225483841,0.982247098743785,-1.80431511907154,-0.621063610583327,0.0854108890346775,0.717379889347185,1.95290543580152,4917.91320720954,0.999705273420428
"eps_all[10,15]",0.00709753051426859,0.0218620641972309,1.00300065569144,-1.96266189986257,-0.662002426120804,-0.0237001688708342,0.657162008432375,1.98736709126224,2104.84491895688,1.00013027028311
"eps_all[10,16]",0.15243756772139,0.0146846401002813,0.961638112599461,-1.77507451352281,-0.481267569705962,0.169601402176807,0.796276916324296,2.00562036822666,4288.41415348657,0.999479044979644
"eps_all[10,17]",0.371372467058861,0.0143883944513404,0.990318690081039,-1.60122911088485,-0.295499993029913,0.372476091545511,1.04288114187711,2.268765996169,4737.23882926535,0.999402309345738
"eps_all[10,18]",-0.288699368634733,0.014339204793228,0.954305482858242,-2.17055668939927,-0.92683313072781,-0.287755633337074,0.3411269787686,1.59698905290496,4429.19400317538,1.00048768974372
"eps_all[10,19]",-0.232011719375743,0.0124616724967144,0.984305765850538,-2.11312808896597,-0.912628953492089,-0.241777879697958,0.447276253434194,1.69582600857174,6238.89090278912,0.999804028894458
"eps_all[11,1]",-0.305916755386359,0.0181664043100203,0.783851741486343,-1.86262190113336,-0.830955398134843,-0.284246541888402,0.233674068920924,1.2317505341961,1861.78661606315,1.00097243995887
"eps_all[11,2]",-1.21587592901251,0.0245422739547593,0.885901881964169,-2.92394394412723,-1.80776374389027,-1.24306926152511,-0.619351540788207,0.625654254627528,1302.99169997692,1.00133658327532
"eps_all[11,3]",-0.763125323661271,0.0153535904715317,0.798391284915581,-2.38831797454732,-1.28796518813053,-0.742935197501646,-0.230623283121212,0.728934280475539,2704.03102613322,1.00063806779099
"eps_all[11,4]",-0.229538506195536,0.0211833139499262,1.05479226815599,-2.38992910985315,-0.931185461678891,-0.211945029108507,0.466392543542248,1.87350872353581,2479.39699081668,1.00086955607171
"eps_all[11,5]",-1.76879759503822,0.0374499053217698,1.05911905328069,-3.72554307657862,-2.51298143453056,-1.80948853566295,-1.05717657342863,0.366428025783245,799.812364544062,1.00168525625165
"eps_all[11,6]",-0.851153354694325,0.0169504563216013,0.883265248400435,-2.58220632398218,-1.45953611289509,-0.84051459480057,-0.263920806755565,0.872586141293892,2715.31049854274,1.0002761196127
"eps_all[11,7]",-0.508177874194616,0.0166712982538109,0.90156833625778,-2.25041732144477,-1.1119022420468,-0.496360692163378,0.0837160160486448,1.22822397000375,2924.54601317708,1.00008664605546
"eps_all[11,8]",-0.796923413280768,0.0195028757478358,0.966122159999421,-2.63740414037596,-1.4737375509212,-0.8027693725416,-0.139884636143704,1.12915903082883,2453.95604564157,1.00054565553327
"eps_all[11,9]",-0.289193830209424,0.015872580126733,0.895788119809523,-2.07350740476983,-0.871999796595053,-0.290824247164714,0.311764906112409,1.46782411944124,3185.04476474243,1.00086106435866
"eps_all[11,10]",-0.438530400477245,0.0167904715569662,0.909909484687435,-2.22855854564884,-1.06724643968854,-0.442026836906462,0.167981271050145,1.39228101695636,2936.7744782395,0.999640468081123
"eps_all[11,11]",-0.289113216819729,0.0148632851858743,0.982100864983439,-2.2351311617794,-0.965740299716469,-0.271214116068006,0.384406957961852,1.58415456565511,4365.98827936508,0.999710692555963
"eps_all[11,12]",-0.637618434979034,0.0168941910383061,0.97353812672779,-2.48919980942038,-1.3095999553517,-0.665506343885087,0.0344082342581498,1.26784470886467,3320.71135553206,0.999141302247539
"eps_all[11,13]",-0.486595050113347,0.0139371129446504,0.929882383086582,-2.32703335290774,-1.12651314100035,-0.455058780045554,0.162835790754175,1.27071900182522,4451.5412370688,1.00036662667196
"eps_all[11,14]",-0.12865529128298,0.013692385837485,0.979682282536145,-2.04589480988779,-0.788199699879533,-0.132669838857975,0.529535083067573,1.78152647649864,5119.31968468384,0.99979931136237
"eps_all[11,15]",-0.391386548917434,0.0151635767722369,0.950226012229657,-2.27686582429612,-1.00330663544506,-0.390435600605529,0.25125915652605,1.48087852370957,3926.90614103167,0.999249498758539
"eps_all[11,16]",0.269194444041236,0.0134836304531435,0.949016529786751,-1.59869189408082,-0.360953940366818,0.265936663442464,0.919239009754608,2.10873509552441,4953.74755921694,0.99962652513338
"eps_all[11,17]",0.0272306338871061,0.0131208590530359,0.956254473113177,-1.89936589894967,-0.597763621366887,0.022913799630871,0.662040986107206,1.91070134109831,5311.56400193578,0.99935464848044
"eps_all[11,18]",-0.246241815658101,0.0133190837511612,0.96200913968394,-2.12053989415898,-0.900129565068682,-0.239592474421677,0.390824641465177,1.66280719390178,5216.86618070409,0.999185113083173
"eps_all[11,19]",-0.299615343928556,0.0120623155366652,1.00945957128244,-2.23289426978959,-1.0123058432765,-0.314364190537515,0.398080525967038,1.66932077273751,7003.52189159266,0.999259303731891
"eps_all[12,1]",-0.069831981915433,0.0108655289858698,0.70580739559946,-1.45376547112246,-0.536646054618514,-0.0719265874959175,0.396012650919554,1.32549885760073,4219.59394008752,0.999668040760599
"eps_all[12,2]",-0.276395850456655,0.0116325322734547,0.780951824462192,-1.82795554558403,-0.786828037072189,-0.271945926972729,0.244860517526568,1.26534750676562,4507.12865875175,1.00006481957687
"eps_all[12,3]",-0.111663387633188,0.0123974294241664,0.724298047646043,-1.56370643894041,-0.561249776919728,-0.106590417454699,0.370320167923977,1.31852560773014,3413.27547176613,0.999914743273436
"eps_all[12,4]",0.759508262037095,0.0130157205982341,0.768492550987871,-0.793201714109486,0.259710576258369,0.774618962038824,1.26590878488652,2.25444413222371,3486.12447546554,0.999179775996405
"eps_all[12,5]",0.199011856479836,0.0227179344717428,0.86390985945407,-1.49975406024202,-0.383477015503844,0.209236246961032,0.797896818540843,1.84207563697585,1446.1028295303,1.0023846014742
"eps_all[12,6]",0.0324550319514723,0.0119936577232017,0.784646189258984,-1.58456649736419,-0.478064247272162,0.0281232799046995,0.547033611535561,1.57787611428601,4280.00659607198,0.999110582171789
"eps_all[12,7]",-0.299017952154279,0.0130170328188404,0.817696137817364,-1.88989514418566,-0.846520856642707,-0.295325876655876,0.25597732598356,1.25458689131583,3946.02555381255,1.00090847308194
"eps_all[12,8]",0.170583728199934,0.0135668203645244,0.831203139204678,-1.45491105510083,-0.382221797832715,0.179250996468643,0.741488970185415,1.74767557928422,3753.68824416157,1.00020833468289
"eps_all[12,9]",-0.4573016980872,0.0118895519030062,0.847111865298118,-2.16672405502985,-1.00671234242929,-0.440032452430709,0.104342871810504,1.17078554490815,5076.33828374582,0.999493135443114
"eps_all[12,10]",-0.239919971910159,0.0137291852424368,0.862209141776061,-1.94450894074593,-0.791060876650849,-0.247232666872256,0.327675283687314,1.43196436637724,3943.98919846631,1.00067077377505
"eps_all[12,11]",-0.141875665009347,0.0134471102665374,0.877305207177081,-1.89142544876833,-0.738758850286655,-0.129787383572472,0.44791922288531,1.57621278296685,4256.41026558075,0.999222128825916
"eps_all[12,12]",-0.00859495275259569,0.0148233050451956,0.90475289467601,-1.80425503803491,-0.612153908103837,0.00851592502253066,0.594603305037018,1.75988418602978,3725.37392645955,1.00077221541183
"eps_all[12,13]",0.0603853506576218,0.014148641005503,0.888416406922988,-1.66540867368355,-0.533174191017385,0.0753828918066617,0.656208981338875,1.78146019671064,3942.79035936771,1.00021201674829
"eps_all[12,14]",-0.09617492406936,0.0130187417709973,0.927171952465161,-1.88086156891264,-0.73038550612676,-0.105509435942231,0.538410309231065,1.72841155780691,5072.03854589641,0.999577125577163
"eps_all[12,15]",-0.17606789946531,0.0123381370218732,0.950893662625091,-2.04720495524661,-0.79880809583998,-0.182345942496269,0.483746914733594,1.65201130976482,5939.70297573638,0.999591808028194
"eps_all[12,16]",0.120294847603543,0.0125009183423676,0.917248993383941,-1.67721335588774,-0.495690560095301,0.100235245112226,0.73682117194916,1.88671771959518,5383.82148185113,0.999319368579029
"eps_all[12,17]",0.264875972970822,0.012222152336714,0.941644506981085,-1.60644035030024,-0.374963798366065,0.268755798423321,0.925082125238029,2.05991776991655,5935.79057292215,0.999486994609115
"eps_all[12,18]",-0.0618082302626062,0.012349214778157,0.944796104344492,-1.88935715562542,-0.688928325702199,-0.0663849657484288,0.582533933315664,1.76130533614684,5853.25574227291,0.999583643475433
"eps_all[12,19]",-0.0812456606259792,0.0117865881402316,0.992739846493237,-2.0114048436187,-0.748990970768361,-0.0859293012746826,0.58198875956654,1.87613608174744,7094.05728948157,0.999224751769568
"eps_all[13,1]",-0.340261687070327,0.0126376578401564,0.734187112160281,-1.76494237884328,-0.82477034794014,-0.354778799478319,0.142570584031404,1.13829767452303,3375.05090605274,0.999982992095059
"eps_all[13,2]",-0.0467709792106842,0.0141813134964342,0.803680284704089,-1.6411813209677,-0.581165801534025,-0.0355851162666369,0.489051976715741,1.51063558332297,3211.69069730735,0.99955011133789
"eps_all[13,3]",0.11173779454772,0.0117785725447496,0.741504102763196,-1.41017005671014,-0.356269681205927,0.140342480941669,0.600811037243637,1.55088677312434,3963.16171995562,0.999777758057106
"eps_all[13,4]",0.544683905790189,0.0146426106123558,0.801795821802641,-0.990702192532655,-0.01363832228491,0.527240810434153,1.0666651687322,2.14733160697781,2998.4067763846,1.00068071648812
"eps_all[13,5]",-0.230491774310664,0.0179537902069575,0.866325871937857,-1.91491996038783,-0.814653305811956,-0.230183472871375,0.35225298601101,1.4922808981952,2328.36078721972,1.00103399044483
"eps_all[13,6]",-0.160688015020101,0.0149165364728219,0.829083424257089,-1.7613212629155,-0.709741673353272,-0.166567415242461,0.387933104047977,1.51169590704008,3089.30278672108,0.999618280242938
"eps_all[13,7]",-0.163928008872365,0.0169063918600079,0.857809670075931,-1.85521693479098,-0.745860368482726,-0.147486829885492,0.419441765199353,1.5343475787623,2574.42363320875,1.00166958657812
"eps_all[13,8]",-0.0729992972312434,0.015599283366793,0.902657570761506,-1.82400628047263,-0.692191665634682,-0.0735972661585952,0.527272524676737,1.67341489405132,3348.39560718151,0.999334914605363
"eps_all[13,9]",-0.639998362633161,0.0150512905958489,0.899356108554921,-2.35266149693739,-1.24488132038577,-0.649147637761296,-0.0311218032813974,1.12034857235394,3570.3919615167,1.00098840433954
"eps_all[13,10]",0.430025999622103,0.020255982691332,0.895480444213042,-1.3348640886907,-0.176960328313694,0.452608952172101,1.03525465547069,2.17307613498183,1954.36455525899,1.00098024915061
"eps_all[13,11]",-0.230578581560177,0.0153811669751094,0.928618383632987,-2.05880064952574,-0.871473836323596,-0.213505789359518,0.401039445870769,1.56618557768391,3644.98697260326,0.999588382088292
"eps_all[13,12]",-0.415984481487506,0.0192486752616501,0.928145424324496,-2.20187845235826,-1.06083756503406,-0.428356822728553,0.193684346094523,1.43382098841297,2325.03965533015,1.00172667772504
"eps_all[13,13]",-0.609081833378573,0.0158422197106453,0.905922178153493,-2.3743907411856,-1.22684013458142,-0.624231309703796,-0.0125210134298473,1.19337702256259,3270.01480995435,0.999903305730043
"eps_all[13,14]",0.155971783720129,0.0171094389504707,0.98012228918925,-1.73134923894006,-0.518450266267809,0.176405140137801,0.812465243122272,2.04673161955592,3281.62532406848,1.00018664270047
"eps_all[13,15]",0.37128148748072,0.0166596378949638,0.962831950877628,-1.59853441368381,-0.279798214710888,0.392562055507394,1.04043453237671,2.2276768434486,3340.18000573447,1.00000058116813
"eps_all[13,16]",0.109576810676422,0.012915755881974,0.934137772623036,-1.68564480760894,-0.507891051953941,0.10091046275518,0.71262097807956,2.00306196494108,5230.96978107272,0.999254619109146
"eps_all[13,17]",0.0306016358181113,0.0135818693393359,0.966448842963014,-1.89788657084877,-0.614702392336845,0.0191211300176877,0.681595691186707,1.97590172887345,5063.35811412723,0.999747591413276
"eps_all[13,18]",-0.0714862067599505,0.0135370947635395,0.980924507090979,-1.95391351834146,-0.742393139902654,-0.0605441176353357,0.566832125977132,1.86439580885544,5250.7365872063,0.999475411974527
"eps_all[13,19]",0.21955476473447,0.0127630856865674,0.980385368668507,-1.71660933720281,-0.414373202887393,0.215629223869486,0.884712039969462,2.12496453593459,5900.41111581083,1.00051869729957
"eps_all[14,1]",0.828479353619007,0.0234315903767616,0.828112931414834,-0.90989043197561,0.285640129125319,0.862422417180234,1.39622540599117,2.31189208388087,1249.03785178728,1.0041742780205
"eps_all[14,2]",0.479401533262636,0.0193963395936788,0.869692234472947,-1.20855888256292,-0.0874223766842642,0.473601363210188,1.0549131339453,2.23456574513135,2010.44235933469,1.0008334380946
"eps_all[14,3]",0.56406699547934,0.0166294012252062,0.805022259545264,-1.09273939483148,0.0470395788685303,0.586024908651486,1.10423056640735,2.06576827410055,2343.48703161055,0.999715981641607
"eps_all[14,4]",1.82138373860363,0.0174212879003007,0.840915274732651,0.0960604829142519,1.28643660251216,1.8290206707189,2.3959820754206,3.41821035016011,2329.93586607989,1.0003820100866
"eps_all[14,5]",0.818974955007419,0.0215314473510497,0.936858425385777,-1.08658267235063,0.201351212102007,0.848962420133639,1.45632625646568,2.57046739844123,1893.22175046901,1.00073084358366
"eps_all[14,6]",1.01983382679384,0.0194753194939504,0.864502820035892,-0.717852275477909,0.43485199411065,1.03649097221154,1.61188897116964,2.65373180505751,1970.44195734692,0.999377380868442
"eps_all[14,7]",0.888623308362937,0.0166348182926058,0.882901031926721,-0.953876421867554,0.307240698671103,0.899094793032144,1.49142285418454,2.57268410880555,2817.00700052363,0.999911981566921
"eps_all[14,8]",0.403160726157733,0.0160193958466515,0.875215021259999,-1.25403307472442,-0.185564358727477,0.417760843939303,0.976429599660875,2.12271432322941,2984.95136491355,1.00027071857863
"eps_all[14,9]",0.199829679792996,0.015894159344018,0.90051423557092,-1.62915413357321,-0.407486207516252,0.208963800462481,0.81949248428278,1.89870069397956,3210.00744759559,1.00033353093238
"eps_all[14,10]",0.18030731233128,0.0154927251772792,0.892412245108848,-1.59867932965472,-0.418293448626673,0.187347427623698,0.778814381172298,1.91420309432694,3317.99255633162,1.00076217470987
"eps_all[14,11]",-0.187939069291909,0.01410400395296,0.936655928191627,-2.04681679207713,-0.819993415006596,-0.179941819307444,0.421000346282573,1.65710649312921,4410.37309685668,0.999671414595468
"eps_all[14,12]",0.388967615622938,0.0145856105368386,0.904421521524591,-1.43423178563309,-0.2077141786158,0.399483055261542,0.994739925722634,2.16414722963961,3844.96641464783,1.00019667904529
"eps_all[14,13]",-0.0568203590950105,0.0153107782496896,0.935369299148518,-1.88144490843541,-0.665833315019548,-0.046500441885272,0.578893145158345,1.77727117569523,3732.25827474886,1.00234525162364
"eps_all[14,14]",-0.0870478554961163,0.0143935702610348,0.984528818362766,-2.07327536356718,-0.740209292674048,-0.105224122545921,0.569213511527201,1.83920153225514,4678.6418557331,1.00019662128165
"eps_all[14,15]",0.124157731028307,0.0146255034265569,0.956079521417134,-1.77730682958861,-0.514972449091393,0.119113701669883,0.760108425550848,1.96489974464482,4273.32953206195,0.999132524589875
"eps_all[14,16]",0.47869007447823,0.0139746098439748,0.966915897558525,-1.46623457553249,-0.153890904831895,0.492554134473861,1.12802076485921,2.38828258485904,4787.38128948501,0.999659545717543
"eps_all[14,17]",0.464821668548609,0.0135290719501295,0.948986187299928,-1.42461046630915,-0.171463053770632,0.484252446494714,1.10691009639394,2.33845826397799,4920.21147533031,1.00084758863016
"eps_all[14,18]",0.143303375657996,0.0129078726642914,0.931351069583454,-1.7018107631466,-0.480470240138136,0.132852785320786,0.777370969533447,1.99826655920313,5206.15975220655,0.999360778601597
"eps_all[14,19]",0.0826129752837042,0.0125331024904505,0.973000460643022,-1.84502174409259,-0.595775005337877,0.112730402229132,0.760389140015749,1.92588390564482,6027.10710829811,0.999650609957513
"eps_all[15,1]",-0.728997726014221,0.0146137406566443,0.745421343486437,-2.11126978280373,-1.2305057325485,-0.735146352038533,-0.241109322178964,0.774021506176165,2601.84161439559,1.00018334544556
"eps_all[15,2]",0.0334395055916387,0.0129485711391055,0.781562504197114,-1.50978790644159,-0.490841389724449,0.041932714983692,0.555050556889577,1.58585304635454,3643.20607305893,1.00049413915119
"eps_all[15,3]",-1.36050570617103,0.0201550984656774,0.81796552674223,-2.84771021602066,-1.91284169688045,-1.42516883165561,-0.857804839962054,0.413962893830047,1647.02485440546,1.00007755307202
"eps_all[15,4]",0.49503690931289,0.0133427129193645,0.771788954191044,-0.989066036590208,-0.0304283540252143,0.48224341217115,1.0104721455796,2.05019379276592,3345.86823308238,0.999465630302609
"eps_all[15,5]",-0.348414064254871,0.015292899936574,0.856284529900738,-1.94950991535658,-0.932662336590348,-0.359101944638429,0.216737942809225,1.38115878993613,3135.13684488002,0.999764421812156
"eps_all[15,6]",-0.0526174600782886,0.0131898929283568,0.797338872838828,-1.57547274468406,-0.601134894584091,-0.0659364812270335,0.470856036079118,1.55795968209637,3654.2927438331,0.999452994356769
"eps_all[15,7]",-0.151120757150726,0.0136050721381358,0.819483890257249,-1.73857333251948,-0.697075282223606,-0.161896481579677,0.393212145664871,1.46632684676808,3628.0991169523,1.00019482106111
"eps_all[15,8]",0.202765738419559,0.0134143095713751,0.861175236515672,-1.49382813216858,-0.361586864336169,0.191218157476934,0.777729946090359,1.93132026594953,4121.41565793121,0.999669345295036
"eps_all[15,9]",-0.542534198829642,0.01417863261114,0.88768821926205,-2.23045417472405,-1.15345038504866,-0.55562544813374,0.0438945302573123,1.23235262464562,3919.69444687146,0.999991726239705
"eps_all[15,10]",-0.45658369109715,0.0136451315821621,0.841056099883227,-2.08550953210135,-1.02807747254117,-0.460906966266038,0.096875970320054,1.21206640262022,3799.22027204536,0.999782691364131
"eps_all[15,11]",-0.0960640947661947,0.0125444040262637,0.896421406061361,-1.88985708380762,-0.675268858589248,-0.100147062248731,0.498297790047514,1.67232132497041,5106.51216726784,0.999263312762622
"eps_all[15,12]",-0.00350780281122822,0.0127253791060713,0.876795789951086,-1.68036459093698,-0.597668204998725,0.000917505147251221,0.582643435238706,1.70636036753031,4747.39592657555,0.999079817160872
"eps_all[15,13]",-0.102755630063684,0.0129090642090235,0.909179497312522,-1.8679470564866,-0.715056184261605,-0.0877965236871134,0.485917605926028,1.72571203147278,4960.32057643677,1.00075044125313
"eps_all[15,14]",-0.358049724825234,0.0160813544565806,0.982582680553365,-2.33074387479832,-1.01533212628687,-0.373440589720956,0.299104667649649,1.59302345976928,3733.30060373383,0.99977102584266
"eps_all[15,15]",-0.124851503824748,0.0121945801795994,0.936102640908892,-1.94953154152475,-0.764143083727871,-0.128319003154925,0.509113836572004,1.67454723788877,5892.68510628237,0.999870568197855
"eps_all[15,16]",0.336845565330609,0.0121098222413137,0.923397790970621,-1.49387081888241,-0.27227448678493,0.339102723777855,0.969967459686491,2.10817884319907,5814.36278683524,0.999722926055541
"eps_all[15,17]",0.0295395456821935,0.0133424055773391,0.960014954454494,-1.89642797657405,-0.613632142666462,0.0200815727058353,0.686104896527572,1.89396379058936,5177.11390643219,0.999639972948069
"eps_all[15,18]",0.0620118512530064,0.0130308269324021,0.961991407363466,-1.88538386156813,-0.58230603975333,0.0676696429398142,0.724842679047208,1.8868851220442,5450.02421864968,0.999413518954874
"eps_all[15,19]",0.0145107850636183,0.0133272976676328,0.987354233243218,-1.94271097753245,-0.644329758519305,0.0188401080868006,0.690921204693919,1.94464855995927,5488.60262910621,0.999289975571625
"eps_all[16,1]",-0.869509368201896,0.0143659167384049,0.765231877651077,-2.35224358056741,-1.3548537692951,-0.883966166577784,-0.378027593191094,0.695400542725539,2837.39250135214,0.999854042613298
"eps_all[16,2]",-0.993566548009007,0.0245835741302758,0.890204690351458,-2.61297688982705,-1.59885764156938,-1.04883354412043,-0.409215330928024,0.829732078486248,1311.26270332751,1.00010503628995
"eps_all[16,3]",-0.851767030321892,0.0164127822933948,0.785234138911131,-2.31004071538457,-1.38298836459273,-0.88466335936971,-0.365590252152898,0.797791563688937,2288.93746573708,1.00099135619973
"eps_all[16,4]",0.256647269797659,0.0137895286501202,0.751680221885485,-1.25398134749755,-0.246781352443741,0.244326475728508,0.755380927745335,1.74953304091374,2971.44299879181,0.999885384541022
"eps_all[16,5]",0.0330281575209033,0.013778925928486,0.823477352557995,-1.58700750128047,-0.511733973175972,0.0278176653239152,0.602644719958036,1.66497180424071,3571.68038086677,1.00000439544756
"eps_all[16,6]",-0.27635900473479,0.0139504748052099,0.837056054259545,-1.8579036009346,-0.857077243574079,-0.281167316158273,0.272783661411901,1.36839914319199,3600.23712225928,1.0001503494782
"eps_all[16,7]",0.139619954475743,0.013770292287228,0.858051543195075,-1.57354151236651,-0.429499277497932,0.144969931652881,0.697320525523312,1.8249813703434,3882.759009691,1.00004346925366
"eps_all[16,8]",-0.0641832667156351,0.016610880195754,0.920893161168568,-1.90916691237281,-0.696319538392877,-0.0732133552026822,0.556478845563736,1.71218258760864,3073.49990250645,1.00167965340284
"eps_all[16,9]",0.0678985000652382,0.0146096577176767,0.876603307402728,-1.61525265672688,-0.504024711819379,0.0731589206290397,0.640423000721663,1.80438658263198,3600.19585400473,0.999770207406478
"eps_all[16,10]",-1.0275706367723,0.0223333239265551,0.910005091354211,-2.71076365763133,-1.66498174091389,-1.04899426114491,-0.42949002126804,0.814359240278643,1660.27838605435,1.00028479436644
"eps_all[16,11]",-0.123726815450902,0.0132576642446256,0.88110875320481,-1.86035978979446,-0.724699306053091,-0.11460818788557,0.455553506014679,1.65578892271387,4416.97558881063,0.999330172970762
"eps_all[16,12]",-0.0739067218346408,0.0130707454622153,0.883557090877061,-1.74988019312962,-0.694628184771839,-0.0697173634730838,0.538825646263262,1.60393752956314,4569.49828338433,0.999178947387175
"eps_all[16,13]",-0.0679545043175678,0.0126245212458982,0.885946351588877,-1.80533181524299,-0.646298811669899,-0.0712490351639301,0.525181274560436,1.65117500455171,4924.7593446632,1.00031921553847
"eps_all[16,14]",-0.0852418515176782,0.015213996261025,0.936894992763795,-1.92270920250617,-0.712643715051923,-0.07385573379705,0.562846049245662,1.72019653025891,3792.2348531642,0.999798114053887
"eps_all[16,15]",-0.389168071473061,0.0144575044067223,0.945819977596129,-2.2193736137797,-1.03052424421724,-0.38881888113037,0.259879960150553,1.45701609162381,4279.86725593473,0.999280099012873
"eps_all[16,16]",0.0334921516993382,0.012461765149541,0.940547098207343,-1.79292058506605,-0.599020997331465,0.0228908222453268,0.675982984096369,1.87242709988964,5696.41958466024,0.99977879256646
"eps_all[16,17]",-0.0266714315936206,0.0131185513926318,0.922252669225856,-1.83963161032085,-0.65895790462551,-0.0408310822840123,0.597269071697132,1.76400760566916,4942.28834623207,0.99981688665679
"eps_all[16,18]",0.0582884054466133,0.0131315041338783,0.96576194805771,-1.84343038660819,-0.578825109626968,0.0516061488117067,0.706201364104875,1.94893001306229,5408.92836948216,0.999180139472396
"eps_all[16,19]",-0.211672971977679,0.0132890394826238,0.999367157240288,-2.14059409830481,-0.899809261513307,-0.209249548358998,0.451565209047436,1.76815690273721,5655.39524399252,0.999980614351013
"eps_all[17,1]",-0.0924769412316745,0.0123409121132291,0.729372303116282,-1.52874304038196,-0.576794492194764,-0.102145604196231,0.382589946988032,1.38001128443581,3493.04367804054,0.999724442727625
"eps_all[17,2]",0.699496042501013,0.0234357055699185,0.848542954818538,-1.05978584937389,0.147372062076175,0.731573615403517,1.28755687395319,2.27921559846408,1310.96651087889,1.00016409574018
"eps_all[17,3]",1.03451175855358,0.0172204330999287,0.782072772306089,-0.562411391849277,0.532595057962655,1.06610148119436,1.56075869792758,2.51587728491756,2062.55810828985,1.00136438730085
"eps_all[17,4]",0.294563560331681,0.0139405913371251,0.765841997828283,-1.23049732124677,-0.216805331766752,0.299990806555002,0.79969317683079,1.76854476404923,3017.97727483013,1.00031082578403
"eps_all[17,5]",0.479761213936312,0.0140527380904468,0.841604518742894,-1.14843188496651,-0.0955045444455483,0.46921298725552,1.04796891927601,2.10414344349356,3586.69306462213,0.99979962782839
"eps_all[17,6]",0.306417642782141,0.0132013066727269,0.823864118084546,-1.32240868060646,-0.243456361259161,0.299061560496034,0.862106052534228,1.89397580114344,3894.72982779004,0.999569270136376
"eps_all[17,7]",0.238729488778503,0.0144934478280738,0.870042139265012,-1.46089500962292,-0.340072384085792,0.237484754323202,0.808919325255189,1.93386919768715,3603.60476143266,0.99992522011165
"eps_all[17,8]",0.115980614521736,0.013943110307251,0.894121590147498,-1.6452696113812,-0.494262638739373,0.108819194648364,0.721019798907248,1.88824443451716,4112.1962930863,0.999277023061291
"eps_all[17,9]",0.806354937905485,0.0171121396089895,0.897909012778632,-1.01355297401464,0.223077202964803,0.823430971610612,1.42018045534162,2.51298536611043,2753.3158325558,0.999927720736323
"eps_all[17,10]",0.413983085544809,0.0176351748842824,0.874725303363081,-1.32084778237986,-0.154468732166253,0.427350891847132,1.0097509264059,2.06968859822626,2460.27604257571,0.999681596195473
"eps_all[17,11]",-0.160106473310711,0.0121792688857173,0.872917176745453,-1.84599502313655,-0.75358027877862,-0.170043453583472,0.42111620389678,1.55788589001002,5136.92992594228,0.999658263124159
"eps_all[17,12]",-0.119867215476622,0.0126232141092175,0.888345819678318,-1.85344002665181,-0.715221297820523,-0.138237963421949,0.474174681205694,1.63192531740033,4952.49708802909,0.999129058843844
"eps_all[17,13]",-0.0273722682328776,0.0138103617489253,0.904039414610614,-1.82664883207009,-0.6218349895755,-0.0296142068573385,0.547086316490545,1.78162271688363,4285.13611409041,1.00077791823144
"eps_all[17,14]",0.0625476589842957,0.0127239765758261,0.925335627127332,-1.77954283395747,-0.559325714036522,0.0731957322994027,0.699233324578228,1.8530942520431,5288.74765054067,1.00016727190113
"eps_all[17,15]",0.387667397436794,0.0178164520115302,0.921329809615666,-1.39641114977783,-0.230137022807512,0.393449787602291,1.01292383958454,2.1947510058818,2674.16254168876,0.999578379753524
"eps_all[17,16]",0.113502860098838,0.0120746680937807,0.919388853837997,-1.68885201133092,-0.502709355085659,0.130229281552846,0.755572358180584,1.87341070336873,5797.59755338737,0.99987667956118
"eps_all[17,17]",-0.0611855819670933,0.0119422085127269,0.9465085995239,-1.85338386371277,-0.714978570284206,-0.0706560307587513,0.581696870481121,1.77635872658897,6281.73814327013,0.999462527952773
"eps_all[17,18]",0.06944906073652,0.0123979142641937,0.917356593114413,-1.72689523903453,-0.563676570709386,0.0825207538958021,0.69202073116,1.8273308132516,5474.93686950559,0.99965710988325
"eps_all[17,19]",0.0799813222469639,0.0119048227435784,0.987454404559118,-1.92963793190102,-0.564578925292855,0.0630992223663775,0.734504812174957,2.0268322611762,6879.99679475854,0.999783381833464
"eps_all[18,1]",0.475812835252644,0.0141888900207418,0.750548821245186,-1.02928030498357,-0.00152704107346407,0.495305001922405,0.976157588963251,1.89448845489483,2798.08594187994,1.00010415218796
"eps_all[18,2]",-0.00841871838658556,0.0139603280017964,0.788085343988778,-1.49891849641252,-0.555758192028959,-0.0289170631176694,0.540560719226196,1.57624316887818,3186.80329455157,1.00123213223654
"eps_all[18,3]",0.964044876523308,0.0134491340679296,0.765948216380466,-0.623149149855007,0.478385876884968,0.96818124782089,1.45629435460413,2.44908066170603,3243.47214548466,1.00164842529196
"eps_all[18,4]",-0.0287983041044212,0.0144592397664915,0.799295157855142,-1.53966098040348,-0.569386747753165,-0.0539637036285116,0.479488067598289,1.61919262430185,3055.78957763393,1.00004729753914
"eps_all[18,5]",0.834396461112733,0.0151339481900086,0.851312757174741,-0.86670178570064,0.273451937970007,0.845292232967759,1.41534414630904,2.48051808051126,3164.27191955536,1.00001260108964
"eps_all[18,6]",0.779256965661084,0.0130022611370471,0.796614910855178,-0.819248173725309,0.240804059815785,0.789444305925435,1.33202507319108,2.30652695611012,3753.69596957751,0.999179266913485
"eps_all[18,7]",0.199770895382218,0.015458377129822,0.833582027188199,-1.44668471276474,-0.35914687149446,0.187001388521791,0.762355580494775,1.8538587037515,2907.82916300567,1.00170781276002
"eps_all[18,8]",0.098444730425039,0.0143945698735197,0.86413259795205,-1.61755516680294,-0.47844717767369,0.100431889575333,0.667953517978947,1.76476383176911,3603.82250137691,1.00053662274392
"eps_all[18,9]",-0.289034902156988,0.0169851640620383,0.870816401416141,-2.016711910321,-0.871397005067768,-0.292372830883687,0.301766845713725,1.402305681696,2628.53466036241,1.00135584737118
"eps_all[18,10]",0.236069539535931,0.01462442774552,0.848814932297258,-1.38880064791703,-0.329168346130527,0.230299736481553,0.797406418117388,1.93671147415918,3368.74594551036,1.00108804626439
"eps_all[18,11]",0.00348943845619137,0.0145145719098344,0.931308879819768,-1.87763486930926,-0.626613537065448,0.00566546044078857,0.639013692167146,1.86905076778495,4116.98253877192,0.99929240766699
"eps_all[18,12]",0.174300034348104,0.0133824323157315,0.902005300123987,-1.56249874241147,-0.437849054218071,0.159640653170291,0.792475472120582,1.92185943004057,4543.05576595779,1.00082243940638
"eps_all[18,13]",0.185432770091921,0.013440850800291,0.912286608484701,-1.61142996028429,-0.427004288875751,0.173538766935568,0.79386393793577,1.95729257954568,4606.90311802697,1.00015824168855
"eps_all[18,14]",0.478323850020674,0.0197239533765445,0.973560228367767,-1.43474642818281,-0.165053359612577,0.491996472737649,1.12939725945525,2.38968510945884,2436.33897731378,1.00023641966773
"eps_all[18,15]",0.0612180569834795,0.0130788835875848,0.92483743993608,-1.80476622631654,-0.536724366623384,0.0725802976314482,0.687269747783651,1.85284650689763,5000.22396496881,0.999519340629483
"eps_all[18,16]",0.210298996118212,0.012517255769722,0.914422993090923,-1.62109745946991,-0.394588792202373,0.217899606021369,0.839435075252819,1.94482738068697,5336.73972750186,0.999606287252209
"eps_all[18,17]",0.176273448637593,0.0125653787004531,0.937452603296858,-1.67146684058133,-0.460823746583832,0.165582003277931,0.832054677862558,1.96021532887436,5566.05476065983,0.999201125705515
"eps_all[18,18]",0.00462143779396584,0.0123238684716642,0.942077072713038,-1.90943430098168,-0.631335494644756,0.00785953081466572,0.649047157739586,1.80118408781255,5843.57684917141,0.999208378715536
"eps_all[18,19]",0.14916871406072,0.0118069777549515,0.949366285017108,-1.71797074563641,-0.498082228133845,0.150617017808839,0.815225588398185,2.00562723261828,6465.32139777778,0.999221754363731
"eps_all[19,1]",-0.164410062784862,0.0116144122823908,0.704826933245878,-1.58940876997975,-0.616940229473147,-0.15846037223527,0.293456537976568,1.20580188706731,3682.73530960518,1.00077408419357
"eps_all[19,2]",0.295298108180242,0.0138058500345362,0.792481852987586,-1.27989997893096,-0.238057698657529,0.320487663000324,0.853873977186412,1.80444130237391,3294.97670904618,1.00089492605355
"eps_all[19,3]",0.287339059390581,0.0117796848518156,0.714930442090396,-1.08453236901183,-0.189469934393136,0.275723976339579,0.743643543802122,1.80007831248863,3683.49628749047,0.999848191393654
"eps_all[19,4]",0.110799694721842,0.0114906432232085,0.755940489989472,-1.28985177127746,-0.411223526303615,0.0969800740399989,0.602400295085568,1.66726132603666,4327.9928540187,0.999566663221541
"eps_all[19,5]",0.0897867367657338,0.0133732452750611,0.7969969065536,-1.45234857631419,-0.438225404724842,0.0890731425222709,0.589385009241174,1.6904871543476,3551.72761165774,1.00068462801628
"eps_all[19,6]",-0.0856972302547047,0.0111454290230645,0.774063404599549,-1.60085684609511,-0.607765914950746,-0.0840611414990108,0.431695501038027,1.44347225286098,4823.46898743145,0.999697465638111
"eps_all[19,7]",0.0195764535946781,0.0119186082927389,0.829677811267172,-1.64993380886171,-0.52380026445893,0.0254306614818567,0.568160162122583,1.61123915782949,4845.82646483405,0.999394932575153
"eps_all[19,8]",0.0174049384227991,0.012393432778864,0.852979104052729,-1.6739376311947,-0.548618659369036,0.0244529019116924,0.606688982195336,1.64796540410372,4736.89276514513,0.999839563881301
"eps_all[19,9]",-0.0774213648326531,0.0130330964598316,0.934263393257075,-1.90593783229625,-0.701119055877331,-0.0771886866074152,0.556967350184125,1.7380092075784,5138.58382861219,0.999285873671512
"eps_all[19,10]",-0.36015435116091,0.0114518001040485,0.819556656738297,-1.96213417408117,-0.897354051019089,-0.364654393616339,0.198763926356873,1.23566210490925,5121.65649109653,1.00048028523074
"eps_all[19,11]",-0.0417675564031799,0.0135198596124611,0.918231902381601,-1.87170936265506,-0.64162007540344,-0.0375883406191808,0.58312602480696,1.72357877067612,4612.75502894659,0.99999626091575
"eps_all[19,12]",0.0314583683308287,0.0132677660967715,0.874910310609087,-1.70057602689673,-0.536829075908214,0.0375935135011648,0.630542367742693,1.71667371665221,4348.41971545881,0.999609735993791
"eps_all[19,13]",0.122827251398778,0.0129266976566202,0.890517465132723,-1.6451395926384,-0.482780464699595,0.138332348395076,0.723989929478508,1.87831736720796,4745.80293361815,0.999805451673799
"eps_all[19,14]",-0.0451302915725481,0.0141993533699228,0.954105843534719,-1.89082207202279,-0.683843996789021,-0.0560181211059452,0.572874069860427,1.90404794189183,4514.98151769545,0.999887160924866
"eps_all[19,15]",-0.167532329109486,0.0133329658792313,0.93344927118982,-1.98777535947541,-0.788160228077862,-0.185660033063082,0.473373986081532,1.64497028191644,4901.48758013693,0.999734270314777
"eps_all[19,16]",0.175143544276992,0.0142418489298607,0.918843535123736,-1.64956189287363,-0.456867535865598,0.175924366898653,0.824103957348718,1.91688123585235,4162.46292896291,1.00021307615525
"eps_all[19,17]",0.0855201604458799,0.012682717858405,0.933463996217035,-1.74041912970319,-0.55943344491319,0.0878075587054541,0.729177556949198,1.90749953793829,5417.1452601888,1.00054952292018
"eps_all[19,18]",-0.259084275411539,0.0136531946274452,0.979213226176241,-2.22228429046978,-0.909565647741848,-0.258577431771241,0.405494183346253,1.66451278969609,5143.82256534473,0.999605748908364
"eps_all[19,19]",0.0947753220776424,0.0124019809650313,0.990182087648347,-1.88070971496196,-0.578000315117974,0.0978295303128127,0.757895962305038,1.99754928499336,6374.52766856,0.999259855650246
"eps_all[20,1]",-1.38325215340279,0.0209982796374445,0.761122804755108,-2.8084619188234,-1.90514788881976,-1.40718038014172,-0.8863027695642,0.17879584599678,1313.83866608,1.00297043584126
"eps_all[20,2]",-0.969695151096994,0.0153786682681689,0.815147099026499,-2.51398013310845,-1.512361031712,-0.981220614947056,-0.447450691873859,0.67170839058473,2809.53545329638,1.00012056579161
"eps_all[20,3]",-0.00669116195455567,0.0149928815927617,0.78452554106919,-1.52854777663457,-0.529895257974763,-0.0247817923178261,0.492089240871988,1.60548550986514,2738.06624873551,1.00023200250313
"eps_all[20,4]",0.543916118712383,0.0134774244317194,0.812486109594194,-1.02080831752516,-0.0105086138082055,0.523645077070763,1.07882973287603,2.18140589857475,3634.27744732549,0.99994062225403
"eps_all[20,5]",-0.301235641106014,0.0172390587348073,0.902897033038663,-1.96923733904477,-0.926628463296841,-0.312684783869749,0.305104016819777,1.50210362435959,2743.14871746508,0.99975860019117
"eps_all[20,6]",-1.08572187293086,0.0157072850953622,0.840812898314853,-2.69129386010048,-1.65680351345494,-1.08306438365172,-0.524067635736656,0.58528652307421,2865.47403543345,0.999579989805003
"eps_all[20,7]",-0.577674690620649,0.016296288181342,0.860128917974703,-2.23903109467919,-1.15067120313394,-0.584146815231003,0.0042699839102616,1.14152281226882,2785.79853780646,0.999792130509195
"eps_all[20,8]",-0.6739173571093,0.0148920473049897,0.889305885140851,-2.45697208561788,-1.27304162009255,-0.658059446198416,-0.0944389995696631,1.05702943120141,3566.10000881996,1.00110045953764
"eps_all[20,9]",-0.059326955796346,0.0153632471849133,0.985169387800539,-1.98451239140961,-0.70805145222262,-0.0644611905115289,0.607110683035422,1.88807265403026,4112.02532576859,0.999997921957509
"eps_all[20,10]",-0.737579151693899,0.0160448821932345,0.88926720646208,-2.38551304914145,-1.34521342057364,-0.755814348282271,-0.148789692833797,1.09607038466536,3071.78976353586,1.00112697618505
"eps_all[20,11]",-0.48903812132555,0.0132997459274317,0.908963282891513,-2.28477796056306,-1.10449905718777,-0.492741283108189,0.121071449234649,1.3162592010457,4670.95831998764,0.999981550678266
"eps_all[20,12]",-0.224422044391543,0.0141129108193705,0.883575320351627,-1.9949927821205,-0.815613570663635,-0.213439940346994,0.375174135263714,1.46828312759317,3919.71020197956,1.00014273688818
"eps_all[20,13]",-0.239489018445227,0.0130731660512547,0.888033134725542,-2.00013632133985,-0.84346638704674,-0.244397218290808,0.359800203287733,1.52299932587623,4614.20394757574,1.00046860645021
"eps_all[20,14]",-0.0741882878851941,0.0139345158631076,0.962295496529735,-1.93252598269449,-0.736619669468229,-0.0734008250652668,0.564561230231974,1.77327791886206,4769.06386191998,0.999475607165662
"eps_all[20,15]",-0.222457529320685,0.0131177147394495,0.929678427378761,-2.05934669454013,-0.857924951617808,-0.205534820526442,0.409540119745351,1.55668031938469,5022.83766494272,0.999743797418283
"eps_all[20,16]",-0.138642989540462,0.012356718023767,0.922782850261038,-1.90084422635117,-0.766322997149836,-0.16364009365682,0.481232403092102,1.66384079548766,5576.89870877928,0.999580953828451
"eps_all[20,17]",0.0394224550429522,0.0128422379708517,0.954633499399379,-1.87504225231538,-0.603462485131809,0.0430364052333952,0.676995105266785,1.88291769767664,5525.75867323147,1.00035464175391
"eps_all[20,18]",0.00881535306630625,0.0122541064543682,0.941981940721512,-1.86025905818663,-0.634649518467357,0.00354514548110511,0.639067944448422,1.83944530502039,5909.10702394537,0.999287170907203
"eps_all[20,19]",0.0192868307605755,0.0120892171765789,0.977128631918969,-1.86507696990734,-0.661534129390495,0.0285333619254045,0.677704212244979,1.91700969688788,6532.91668112588,0.999187652174251
"eps_all[21,1]",-0.42193277852254,0.0155123016952589,0.753866366390816,-1.91471633730398,-0.920511416215626,-0.412313002568549,0.0811653152075047,1.06377231047512,2361.76265036156,1.00015867949037
"eps_all[21,2]",-0.725046748644975,0.014884688533846,0.810773878019081,-2.2660110432776,-1.28652069225443,-0.747217622059311,-0.177361100945543,0.884695750926033,2967.01671588329,1.00123182146095
"eps_all[21,3]",0.495765192718028,0.0138530510468119,0.782997184265822,-1.05710925281995,-0.0268629655618651,0.480840479256587,1.00358733356454,2.03753265894963,3194.69595227886,0.999693114049065
"eps_all[21,4]",0.834033720834328,0.0133663563384136,0.778087687331161,-0.73527414518534,0.321187150711887,0.836352348283945,1.3641643185031,2.29138289988664,3388.68356268477,1.00039291371463
"eps_all[21,5]",-0.483867860286942,0.0165596917747204,0.892096841003795,-2.16687304334016,-1.09653123488998,-0.499628730835323,0.104202243827303,1.30923425704785,2902.1476573224,1.00055004664397
"eps_all[21,6]",-0.656806497597134,0.0160574564599575,0.847094482445444,-2.32595281590397,-1.21238229272708,-0.664344458974149,-0.0862686993304278,1.0477170424398,2782.98073364895,1.00011551419066
"eps_all[21,7]",-0.670352896007475,0.0153217703130497,0.879138130385691,-2.38735560495538,-1.24877565855448,-0.680828059543033,-0.096757449087245,1.07362435066439,3292.27677694407,1.00215518865259
"eps_all[21,8]",-0.426518342418534,0.0149094323215954,0.89789676973551,-2.19138651018271,-1.02898433773505,-0.428372561674321,0.15626724166732,1.36953328953407,3626.85841860304,1.00261700365705
"eps_all[21,9]",-0.0381409568463854,0.0149242624003425,1.01609634186531,-2.04447719554352,-0.711398652810877,-0.010468800806576,0.629619996030983,1.90677907721728,4635.36591681093,0.99995669454094
"eps_all[21,10]",-0.0159268786044611,0.0149582212272526,0.888425005818351,-1.74053789254959,-0.614609561196081,-0.0246288608755598,0.586797147874198,1.72111246859648,3527.61876044986,1.00096723200953
"eps_all[21,11]",0.126990400667993,0.0150994305719006,0.928871058583999,-1.68792535947534,-0.501397966641864,0.126107608256728,0.762802227051053,1.93639281124639,3784.33630302281,0.999734889045771
"eps_all[21,12]",-0.686953499806689,0.0170293809862904,0.94070308048093,-2.50003695114394,-1.35461470358346,-0.692981388198236,-0.04748671463163,1.21001167079,3051.45808526196,1.00151345009866
"eps_all[21,13]",-0.237018710619532,0.013450312807695,0.932179396734341,-2.08904244902242,-0.856674033186602,-0.229081504814519,0.375420153550871,1.55218683831924,4803.23937059279,0.999687412643119
"eps_all[21,14]",0.0333976199844326,0.0141371879888703,0.981816464231137,-1.83567361952226,-0.637392541801426,0.015637540794638,0.711338213914278,1.93606330944811,4823.19205026039,1.0002082317881
"eps_all[21,15]",0.169379030412511,0.0145798970829101,0.964765146167042,-1.74117163754121,-0.461285843476829,0.183978715077434,0.811307099834503,2.01231107625409,4378.59013340284,0.999393520911092
"eps_all[21,16]",-0.307644596037053,0.013653151885133,0.937276106581578,-2.10151851628539,-0.950033159443276,-0.321222196898186,0.327004591506476,1.53047765880237,4712.69407875602,1.00040309013588
"eps_all[21,17]",-0.250854402229681,0.0126204573688507,0.962019845477844,-2.16768652617181,-0.892655459644902,-0.25760914913673,0.394635839595798,1.64790282200488,5810.55844777812,0.9994195998232
"eps_all[21,18]",0.102268969556223,0.0126403037544845,0.975481298617031,-1.83073325219465,-0.539605123858617,0.103487000953865,0.760360707158165,1.96392999051742,5955.5637063891,1.00019560260681
"eps_all[21,19]",0.209978972664486,0.0126292115690715,0.997266291469777,-1.76426513593201,-0.467271288642629,0.218679767380909,0.905622816404418,2.14480170261269,6235.47872705861,0.999732140910075
"eps_all[22,1]",-0.273058838646066,0.0127507682308681,0.734048588179122,-1.66496731891396,-0.77863345347798,-0.280349815483372,0.216001946358305,1.17835649542223,3314.18625646803,0.999466843582881
"eps_all[22,2]",-0.498075944317527,0.0131213805434127,0.832546594660592,-2.11370700468344,-1.07447266941673,-0.494961505859904,0.0635836067869958,1.15409051575555,4025.85413603283,0.999646385090752
"eps_all[22,3]",0.686655307855375,0.0137177870980267,0.753358420988495,-0.77238291504266,0.18723364094003,0.686873884774397,1.16988869262154,2.16862466611078,3016.02667132452,1.00195562098104
"eps_all[22,4]",0.299864096091301,0.0134037704029851,0.796076664401296,-1.195285671769,-0.233742855511577,0.276944059506997,0.815166921770595,1.96484731553673,3527.40906694341,0.999606132490274
"eps_all[22,5]",0.215960099074215,0.015780218150765,0.845127372817446,-1.489503419649,-0.357237625131308,0.22767884520681,0.792810073297126,1.81016051396502,2868.25877621555,1.00052686447234
"eps_all[22,6]",0.0744397548162684,0.0135768329814336,0.809305819331007,-1.50207985565036,-0.46827197641138,0.0674411114185257,0.629000212054981,1.69853090844396,3553.27136062692,0.999605473590318
"eps_all[22,7]",-0.370855243383158,0.0144739536398355,0.863669272626259,-2.06893869062268,-0.952213543219544,-0.382202833549902,0.199887779689093,1.35737798225674,3560.57864559563,1.00031549610086
"eps_all[22,8]",0.175900281148702,0.0156854924384515,0.887128677932977,-1.60590363495044,-0.418419106700708,0.193040153434204,0.786745162757061,1.89734113225113,3198.72512885066,1.00218800011608
"eps_all[22,9]",0.0632712369834363,0.0167761528902096,1.00110250071737,-1.91273184772287,-0.617094246889102,0.0790506137446867,0.755152649208575,2.00277764318004,3561.00301665086,0.999425638302759
"eps_all[22,10]",0.653544851805554,0.0159229965641003,0.873558527755154,-1.13981534064721,0.0849233832199335,0.669908172676565,1.24224686454123,2.30144896927521,3009.77764802983,1.00035207478887
"eps_all[22,11]",-0.1906990759236,0.0172819866279997,0.979774992728487,-2.09100354382178,-0.858925288520056,-0.194043382077211,0.453371159589163,1.73104153933078,3214.14430689929,1.00032512711053
"eps_all[22,12]",0.50240870574237,0.020538493855244,0.912437291941507,-1.27923616186284,-0.111232177310983,0.512797354160443,1.12287033202486,2.24832860639722,1973.64422853172,1.00052446063695
"eps_all[22,13]",0.197589096052011,0.0130513203134885,0.900803769307541,-1.5751167577789,-0.387381927232761,0.205033391758158,0.802603603161798,1.94305453485477,4763.77775925482,0.999647020828767
"eps_all[22,14]",0.0319991625086113,0.0147297136355745,1.00394308992601,-1.96588484382626,-0.639183560269821,0.0356615700749899,0.704560509081393,1.96666255738819,4645.46917141313,1.0000173115639
"eps_all[22,15]",0.273554809728877,0.0133231431352221,0.951723438640667,-1.61543524640689,-0.368729420135097,0.28652632298905,0.924354527774981,2.12019614282591,5102.79525171007,0.999808538284825
"eps_all[22,16]",-0.142540486301306,0.013235558327399,0.980411449519605,-2.04751116087323,-0.804248325898832,-0.13790680554891,0.531044578904118,1.75403920120447,5486.9653333456,0.99981700691518
"eps_all[22,17]",0.111493638186768,0.0131795794268729,0.971454780954933,-1.79680442402248,-0.558823323049121,0.115237160394246,0.784407437681341,2.0017174911054,5433.0296669521,0.999149427596543
"eps_all[22,18]",0.0280259649963533,0.0140776588064861,1.00946810757845,-1.95238189489699,-0.651720564230093,0.0437343288690746,0.721040112202904,1.98062035347348,5141.908391874,1.00027365909207
"eps_all[22,19]",0.299505712332216,0.0132492408455258,0.99991355368761,-1.65845218981869,-0.378418700428108,0.29967515608199,0.986563793413263,2.25127129765834,5695.64510780531,1.00072743949776
"eps_all[23,1]",0.42543934974794,0.011688382933411,0.722417134822322,-0.970774369876823,-0.0502117904128799,0.422859856461415,0.896575843910448,1.85143975297788,3820.0338717469,1.00065453080892
"eps_all[23,2]",0.170133856638351,0.0141841772226233,0.858704247532268,-1.57118665120784,-0.406173771489276,0.171949869771197,0.759091380082437,1.8258484206307,3665.04173531823,1.00001128340363
"eps_all[23,3]",0.23524455166834,0.0115985581415422,0.737474551192045,-1.17361696363083,-0.239595900142669,0.204987103582915,0.702272158323237,1.72819246497223,4042.83548313493,1.00016513001395
"eps_all[23,4]",0.0722861957857306,0.0139486276629223,0.845743709106099,-1.57588295855751,-0.506401876182236,0.061129666529526,0.64694618076649,1.74911145829399,3676.33085225645,0.999972353353537
"eps_all[23,5]",-0.303741998955531,0.0150673588059071,0.85401502642227,-1.91351258450153,-0.887790280626122,-0.320780384218052,0.247787454956228,1.44958141094969,3212.60080221252,0.999757631963347
"eps_all[23,6]",-0.192043641888101,0.0155738764979608,0.836588900701917,-1.76145929039492,-0.75247655162203,-0.195232662806056,0.347388230948213,1.51007961485369,2885.56421800664,1.00187021982741
"eps_all[23,7]",0.0920322788011723,0.0138251533366609,0.830296899840332,-1.52207159747721,-0.467575215841519,0.0805377368942117,0.635275320516497,1.75914445528314,3606.84034631822,0.999752703786878
"eps_all[23,8]",0.169361330209954,0.0135261342979123,0.866955809067659,-1.55585938942377,-0.402825646445097,0.171468856725487,0.737512035301621,1.87632766515079,4108.15226213728,0.999196419437036
"eps_all[23,9]",0.00152963093913186,0.0162012209902571,1.00079076093224,-1.90632152534481,-0.674858062567121,0.00105197515409249,0.668448517176613,2.03184888917921,3815.84814130596,0.999652746330326
"eps_all[23,10]",0.662052253894119,0.0165607125914383,0.895036092416612,-1.1335611890679,0.0676717744484029,0.674576143363799,1.27185017515695,2.36707208882281,2920.94283118611,1.0008388538579
"eps_all[23,11]",0.748531442382528,0.0147081024476408,0.929081894680866,-1.16811783167192,0.119604490683407,0.768734088458378,1.40339077953358,2.48536003788919,3990.20034070062,1.00007621719254
"eps_all[23,12]",-0.0192711954031461,0.013508048876463,0.895853872516122,-1.77242064501552,-0.618993457874345,-0.022185050775094,0.57721343315093,1.7565392278476,4398.34309745819,0.999628128084065
"eps_all[23,13]",-0.118214288337887,0.0115412222520473,0.91640557667964,-1.8881447661516,-0.756915252461566,-0.106398039079298,0.506696923794043,1.64519430481335,6304.80759857039,0.999606303943274
"eps_all[23,14]",0.0331753950238308,0.0132661576954858,0.972712293143827,-1.87878201248605,-0.640094704482512,0.0566647495313484,0.671908153575432,1.94319892949813,5376.23814740162,0.999971535118096
"eps_all[23,15]",0.302997587650354,0.0127262343892061,0.934692007270116,-1.54170650765615,-0.330862446765611,0.300228027506259,0.94825095791187,2.11307291435573,5394.32641599144,0.999441137596172
"eps_all[23,16]",-0.0723611757542462,0.0117539610733084,0.924444850749437,-1.87417394036234,-0.69294726068504,-0.0723981044637988,0.547127846295445,1.74801503655648,6185.76645775113,0.999415419117054
"eps_all[23,17]",0.179004696274581,0.0127399798220684,0.958715402213158,-1.67803543573133,-0.4649071730504,0.175178284848795,0.824706666682502,2.05641452615982,5662.93959091564,1.00022461031517
"eps_all[23,18]",-0.0287891441647295,0.0127270121935253,0.982818115193374,-1.94237920637119,-0.680250664107126,-0.0183888532691593,0.616482103333548,1.95018252534567,5963.39236698586,0.999713578562635
"eps_all[23,19]",0.0840253137006661,0.0123534068067183,0.97771963657484,-1.80677107590469,-0.581578696487995,0.083189392703692,0.742067104382699,1.98142319480497,6264.0496123897,1.00037301916891
"eps_all[24,1]",1.43162909135386,0.023012668273733,0.825315894086079,-0.336427683936112,0.906918804216985,1.45661115652648,1.99535960838534,2.95431528726058,1286.19395310164,1.00421545597781
"eps_all[24,2]",0.256961955661628,0.0169559859901062,0.89753050196158,-1.52345621487287,-0.338556523956343,0.274077258484929,0.865994631576535,1.97800447552343,2801.89809069715,1.00035515764631
"eps_all[24,3]",-0.0591605232564945,0.0136214834544348,0.786364412053222,-1.56139888634848,-0.58186644955129,-0.0771072488744788,0.44149754471395,1.53452653631774,3332.72045467933,0.999674802191429
"eps_all[24,4]",0.218064447246952,0.0152577554152035,0.890822145456609,-1.48749326360532,-0.381051944953758,0.211822255625802,0.808626389663201,1.94756466599398,3408.79364988356,0.999594194170982
"eps_all[24,5]",0.0748226375456147,0.016484083989269,0.922241529445598,-1.74145106884738,-0.528014964235007,0.0607688923181637,0.695222850157051,1.92638800323427,3130.11081236574,1.00101627347513
"eps_all[24,6]",0.862672174156463,0.0177766107008373,0.90540798354869,-0.924998919648651,0.265889999566478,0.881468336160481,1.47388478732324,2.6241242602505,2594.12390569832,1.00129787738526
"eps_all[24,7]",1.17637296251545,0.0241639104700743,0.940796227149425,-0.732531860930447,0.55482348814866,1.18508720801382,1.82439437504054,2.95558511828113,1515.85164120045,1.00141541547664
"eps_all[24,8]",0.18120269992685,0.012811862357613,0.866829067800558,-1.51456259112322,-0.404666256371922,0.181530594345352,0.746222435053029,1.91163148957414,4577.64810270994,0.999385540159157
"eps_all[24,9]",-0.0118827493182722,0.0141495628821711,0.996626458071229,-1.95085285935418,-0.700245132690708,-0.00184681822451553,0.651011743846754,1.93419402884925,4961.10910140041,0.999586823572806
"eps_all[24,10]",0.00213309054843498,0.0146682405602322,0.890382804002006,-1.72507117718258,-0.573622402929902,-0.0214790417640267,0.606355312110312,1.78556123790458,3684.66051201401,0.999765467746462
"eps_all[24,11]",0.723486715706836,0.0150231903486642,0.978501856007806,-1.1848161503906,0.0606193162456447,0.72429633379815,1.39771183235566,2.58046882361925,4242.2764650515,1.00042819917196
"eps_all[24,12]",0.0824462953649103,0.0131639558888204,0.895159263405895,-1.65293507896332,-0.541469811244859,0.080847239647217,0.684968794023794,1.87066276706956,4624.10602978345,0.999550193817979
"eps_all[24,13]",-0.126461391062826,0.0130825502878222,0.95629095855989,-2.03482388663962,-0.772957979974343,-0.119558603664895,0.509902524376451,1.69189122973354,5343.12425364322,0.999401799500953
"eps_all[24,14]",0.00842699878071073,0.0128556664864886,0.994641571987745,-1.93572282314785,-0.668846910245561,-0.00203202385242952,0.704874714755468,1.93147556881446,5986.10072180017,0.999639948633085
"eps_all[24,15]",0.104945469994095,0.0130877850822563,0.937693972948242,-1.70544480993232,-0.518650468222873,0.0999741052315471,0.74976343998207,1.90651687753912,5133.22073290263,0.999193456889944
"eps_all[24,16]",-0.0374453927687039,0.013230109636574,0.927449725433242,-1.86280755654606,-0.668139710159679,-0.0288190569746864,0.578767048539086,1.76521703740442,4914.21176875117,0.999924883544874
"eps_all[24,17]",0.269799544797836,0.0132256002885491,0.975702856575685,-1.65518129152412,-0.372449517549305,0.274513314606519,0.923324171984356,2.18494046492057,5442.57430284286,0.999432716117911
"eps_all[24,18]",-0.045401478990776,0.0146196051563959,0.971539845424489,-1.95351212347185,-0.705057353090884,-0.0423524343065718,0.612379815000474,1.89262685631366,4416.21233928379,0.999706746016736
"eps_all[24,19]",-0.206988817394668,0.0148741380669509,0.988916481199484,-2.0654289697779,-0.91436146074018,-0.21969661236693,0.471872365745568,1.75724864588477,4420.33936402188,1.0001293493252
"eps_all[25,1]",-0.315921215185436,0.0154471841424422,0.982876838079307,-2.20591424234517,-0.976425558422158,-0.323344128149183,0.344039679450804,1.64117533782713,4048.55043872328,0.999709111019812
"eps_all[25,2]",-0.521921446792453,0.0136523116867436,0.862522553870203,-2.16599474732362,-1.1072670204091,-0.539592171837432,0.0267517977730083,1.24891620238096,3991.43012384072,1.00048656901121
"eps_all[25,3]",-0.154482596175623,0.0115941401835131,0.777199097736435,-1.6886751140075,-0.670976954692199,-0.163402411920343,0.363372416776498,1.39062330761211,4493.52830153439,1.00001593249479
"eps_all[25,4]",0.325125332807347,0.0122049274849265,0.801602879128779,-1.30395392888936,-0.196749609806528,0.328016073754841,0.866256567089978,1.87210929269771,4313.6820369017,1.00103210685176
"eps_all[25,5]",-1.0052991847084,0.0267147501093925,0.952820942570933,-2.77476718965423,-1.65720839795305,-1.03632378525347,-0.367899991089598,0.890334642295826,1272.09737394177,1.00480196744918
"eps_all[25,6]",-0.192604271846472,0.013978376488882,0.995415143156013,-2.14701603043989,-0.872101501068514,-0.199760672827855,0.477887269910842,1.79799051229403,5071.01645508686,0.999878984063072
"eps_all[25,7]",-0.0973139728187799,0.0139302214396525,0.984075658990125,-1.99875678605021,-0.766781994105743,-0.110865502553565,0.565525302257443,1.81230510908456,4990.46413823925,0.999334942609369
"eps_all[25,8]",0.290353090247198,0.013150518643843,0.911928144273337,-1.49059364779956,-0.342988279736748,0.295609505331409,0.906617464405227,2.11079382443452,4808.7862804306,0.999350421377605
"eps_all[25,9]",-0.0885415553661548,0.0153520748995091,0.986272606434124,-1.98542922458597,-0.779666168629121,-0.0952424192435532,0.577990620572311,1.84857187011529,4127.24053783575,0.999533981157176
"eps_all[25,10]",-0.532678662866767,0.0154737422951109,0.876445887440368,-2.23629257842198,-1.12054107074552,-0.550705748044324,0.0346147549560466,1.25983030035421,3208.1856776195,0.999806307031852
"eps_all[25,11]",0.319036501001756,0.0129443331220444,0.935058054268927,-1.52545054884961,-0.310494380397316,0.327994148595449,0.941139020467289,2.13127003233835,5218.16477682707,0.999384987653841
"eps_all[25,12]",-0.46400995393683,0.0151150118118426,0.945195171929153,-2.28595415867833,-1.11216436453331,-0.467139834986222,0.185469993527491,1.36349335016504,3910.44342794236,1.00025733538302
"eps_all[25,13]",-0.368264767478253,0.0129768076298877,0.945984830731617,-2.24823182062534,-0.995704569754747,-0.365730579422913,0.27372303085793,1.4866330557044,5314.13534801432,0.999424572502711
"eps_all[25,14]",-0.0145662242074384,0.0124314607214639,0.998777421725573,-1.94796751258351,-0.684082456134678,-0.00300285464129736,0.647736771745366,1.92708898516068,6454.95335227227,0.999337000513533
"eps_all[25,15]",-0.0698648026754895,0.0134326750445345,0.974737684966426,-1.97640726777342,-0.730124018557706,-0.0754285456446759,0.558758044077404,1.90943357105267,5265.63190637176,0.99920065454388
"eps_all[25,16]",-0.0283142663191201,0.0119426146790813,0.992060324221273,-1.9467424811836,-0.703999583554658,-0.0490033237012063,0.660280062825411,1.88396416150545,6900.44854234087,0.99971610628851
"eps_all[25,17]",0.00353480287326917,0.0127814933228096,0.993947504032862,-1.9165966219805,-0.686476673951997,-0.00733801641822324,0.676085221708842,2.00924658938817,6047.3304381252,0.999757195793756
"eps_all[25,18]",0.0056658438634639,0.0125521409031185,0.999141256726882,-2.00661540685626,-0.656655754588026,0.00359520290889708,0.688479540979171,1.94422488562635,6336.04383401566,0.999827788184393
"eps_all[25,19]",-0.0513420284788225,0.0125520328754978,0.967106242419735,-2.02437104329093,-0.703258483256887,-0.0446851346972073,0.59985455322318,1.78319622744268,5936.36009448785,0.999662798408439
"eps_all[26,1]",-0.0084692116285691,0.0183231189605048,1.00416133368359,-1.97351964187646,-0.673379512827151,-0.0161678057084981,0.668363790556967,1.94624938551939,3003.3654908197,1.00095432540719
"eps_all[26,2]",-0.0153749275365838,0.0153586826733171,0.997099364662123,-1.95756464353787,-0.690783273161572,-0.0151219883500563,0.640908656010725,1.95601758036646,4214.7220960463,0.999814701605971
"eps_all[26,3]",0.00950901423992011,0.0161508992642947,1.0006587828848,-1.98901210126324,-0.653728243390667,0.0120904860817125,0.687393395377188,1.9863864187921,3838.6508000669,0.999482203926906
"eps_all[26,4]",0.010726596923351,0.0167747460615218,0.981869107655824,-1.87194426829705,-0.652053580769355,0.00320461892432028,0.694724669585192,2.01190895334961,3426.06251550888,1.00116350716328
"eps_all[26,5]",0.00124503543981678,0.0156525858201013,1.01301245923452,-1.92333560759149,-0.698500379760959,0.00289812960647639,0.702166261857319,1.96751219869294,4188.48907020886,1.00035270474762
"eps_all[26,6]",0.0216101314382313,0.0159427284511589,1.01794763998069,-1.97764170729275,-0.66799653908954,0.0235932929145025,0.718940089598262,2.02548652421726,4076.85797100585,0.999565164397902
"eps_all[26,7]",-0.00440010368201725,0.0163373145514637,0.997161152408364,-1.9102222186978,-0.680489303418952,-0.0188322553248735,0.669341212989128,1.95872215014741,3725.36954595719,1.00025830481738
"eps_all[26,8]",0.00987943129859419,0.0154757654544696,0.988704275131984,-1.90670400884494,-0.665938805831634,0.00885486449657341,0.662362670218285,1.9926070776936,4081.58218716778,0.999486970502322
"eps_all[26,9]",0.00566706383081853,0.0156112860013503,0.990691771635875,-1.96768942084336,-0.666373747976037,0.031395048786618,0.689244395847292,1.91264681682487,4027.1680389741,0.999484034017221
"eps_all[26,10]",-0.00303282355668619,0.0158457366481664,1.00761736659147,-1.94832905099493,-0.675818751720076,-0.0166921871645241,0.690425196500157,1.97964563354237,4043.58354531293,1.00046180362184
"eps_all[26,11]",0.0188895338584397,0.0156405988172866,0.995710267384872,-1.99650546128117,-0.624037129509046,0.0278632115361349,0.684256359799669,2.02286126816417,4052.83775207227,1.00001467569605
"eps_all[26,12]",-0.00940785034830101,0.0164123960847436,1.00404419785211,-2.00186869167595,-0.712962106563331,-0.00394551226689323,0.683699638778574,1.94787890332418,3742.49891289625,0.999331511373477
"eps_all[26,13]",0.0273623253530897,0.0155027779186752,0.981574953631815,-1.90751908697846,-0.632879315365475,0.0298153222121754,0.689916016629309,1.97334398631486,4008.92457107875,1.001082249483
"eps_all[26,14]",0.00786374923091759,0.0158678998473967,1.00001960727467,-2.01863122911281,-0.642644166666577,-0.00166691410821182,0.697558599076568,1.93918818436988,3971.71547564035,1.00035961180702
"eps_all[26,15]",0.0317681760063592,0.0157327463144805,1.00316063395612,-1.93561416186763,-0.646535649921354,0.0458634104081649,0.728235886205225,1.9394605974874,4065.66773056857,1.00011150489023
"eps_all[26,16]",0.00941550145395592,0.0162192133336565,1.00599401058602,-1.9248930172329,-0.66874392112514,0.0164545163348763,0.683480683360054,1.97992851892757,3847.08000179308,1.00056717833268
"eps_all[26,17]",-0.0262959674992492,0.0153527358270174,0.979398499784839,-1.87339669043986,-0.681176317188554,-0.0264197021642353,0.625692571381639,1.91587519988316,4069.55867600896,1.00146420615496
"eps_all[26,18]",0.0235848403323137,0.0154707105895012,1.00126749806774,-1.91568306166588,-0.647796992506361,0.0246722578285015,0.706708927774197,2.01121792238149,4188.70440997026,0.999255541263162
"eps_all[26,19]",-0.00688748034559793,0.0155638905157315,0.98825018944778,-1.95207267580463,-0.676009086278643,-0.0151970299621625,0.671981138576609,1.89855466194482,4031.7860545279,0.999639524560098
"eps_all[27,1]",0.000865920926942894,0.0166677784803986,1.01927595761592,-1.99945361923672,-0.706906598068892,0.00965809384351829,0.704731473630205,1.97950411212177,3739.62557129679,0.999634970575325
"eps_all[27,2]",-0.00828681899568134,0.017080611398964,1.01065602989813,-2.06086081443282,-0.679044755379871,-0.00644771348609799,0.684203151305708,1.94234906916775,3501.0629425401,1.00000389795878
"eps_all[27,3]",-0.00691544212192957,0.016000594832842,1.01060501593717,-1.98878271809364,-0.693329253059384,0.00462793001848208,0.700560655404285,1.97084075916825,3989.2443865291,1.00079331419941
"eps_all[27,4]",-0.00359208148057286,0.0161007583863164,0.997928964262886,-1.96175054117373,-0.678550903129083,-0.00610084158272751,0.655876147902227,1.9643023348949,3841.55088415351,1.00046100255791
"eps_all[27,5]",-0.00730963165967102,0.0157661725854673,1.00076847605439,-1.98865031973951,-0.671275254973911,0.000163299439396018,0.671878913111364,1.92530282317085,4029.16155042172,0.99993757771496
"eps_all[27,6]",-0.00559207404198359,0.0156438616586085,0.999170604216284,-1.94464506823024,-0.684182308104704,-0.00817620491068512,0.690748803697291,1.96510916750857,4079.35371066536,1.00020659929114
"eps_all[27,7]",0.0112622853419696,0.0163953885824827,1.00944615888775,-1.99366265335806,-0.663950993224775,0.015965752069448,0.705967082348384,1.91488239709236,3790.73033939708,0.999988067794017
"eps_all[27,8]",-0.00593079902392843,0.015941153539325,0.992032542733931,-1.90738892891865,-0.698346611557833,-0.00389925582421866,0.68646099978547,1.90679900657973,3872.68656176843,1.00037932758093
"eps_all[27,9]",0.0198220338523732,0.0156108663031364,0.985308155740983,-1.89658133658511,-0.640151365647639,0.0209732365346806,0.67361609487598,1.93084048303556,3983.73229770796,1.00008716201957
"eps_all[27,10]",-0.00636250918194906,0.0159152489224283,0.996686449933971,-1.9892025165213,-0.684840838054603,-0.00588916946784645,0.671764245136417,1.91266983427196,3921.8432974133,1.00016642795458
"eps_all[27,11]",0.0120522054534299,0.0154711023704271,0.979881628553229,-1.82631181481178,-0.652230208658486,0.00446920326137891,0.643830535619071,1.95324697248263,4011.48073636628,1.00146107847586
"eps_all[27,12]",-0.0111771664566635,0.0159614929168292,0.998222058995795,-1.90499890130988,-0.69133720901089,-0.00397609111606032,0.663087528626898,1.95956919046386,3911.17552481197,0.999404246932044
"eps_all[27,13]",0.0267956687391853,0.0169835267436285,1.01578004473877,-1.94495431149503,-0.661459913092459,0.0321702343124885,0.716404535228218,2.0142343901888,3577.20306844489,0.999775715940282
"eps_all[27,14]",0.00952082052554979,0.0157285542951299,1.00243989576065,-1.96443452101609,-0.682007312432473,0.00492888159859179,0.698298212325744,1.9369491355519,4061.99209216019,1.00108220450469
"eps_all[27,15]",-0.00697789485821215,0.0160749957120189,1.02495673704188,-1.96189649786177,-0.714028971650188,-0.0111987690316735,0.694616690531285,2.03191457910327,4065.45667597443,0.999938221895554
"eps_all[27,16]",-0.0110424564317625,0.0162756104518541,1.01369291430853,-1.98052214870926,-0.678827971468719,-0.00857114969831387,0.680703385469626,1.96122624729637,3879.16496000605,0.999281842363573
"eps_all[27,17]",0.00822474990187581,0.0157924702261303,0.997999359625733,-1.93874656870028,-0.649974908193473,0.0272225074052866,0.675576113072502,1.97408493406786,3993.56163617923,0.999664025410092
"eps_all[27,18]",0.0290923430293268,0.0154567660497728,0.98296732798829,-1.90417104183989,-0.61331875704409,0.0212060828963454,0.680389987134605,1.94333909360685,4044.27704758832,1.00098058740579
"eps_all[27,19]",0.00464320874126925,0.0160053264519943,0.975647048162744,-1.88019081342111,-0.677182772245485,0.0236221984990814,0.665170113025768,1.88445899768765,3715.83479010268,1.00025032665719
"lp__",-642.225287852504,4.53853669013972,52.8539648579295,-733.606051508509,-677.614513705503,-646.965097295116,-612.580967906623,-515.991059789445,135.619906879731,1.00815497780874
