"","mean","se_mean","sd","2.5%","25%","50%","75%","97.5%","n_eff","Rhat"
"tot_var",0.574933849105742,0.00313892047839079,0.152192990882561,0.364045308513541,0.46802778623243,0.548072165707916,0.646711439793347,0.958798211908046,2350.87034103288,1.00042781727624
"var_props[1]",0.0628791820150203,0.000798684264741785,0.0327181350785633,0.0175364154725545,0.0394962646955473,0.0567272388313524,0.0801688601652193,0.143302714338872,1678.13473055227,1.00082796322653
"var_props[2]",0.165608486996735,0.00129525358632068,0.110019135775332,0.0177198102512284,0.0797020403942002,0.144891133155193,0.230380037684551,0.430800534381444,7214.84244226446,1.00020112204312
"var_props[3]",0.026825406930616,0.00165901209160986,0.0453078907116911,0.000699569297483465,0.00350352687232789,0.00923297781745667,0.0283121824478796,0.160403647273127,745.845005419353,1.00174237955131
"var_props[4]",0.330913791213289,0.00154921159001606,0.0900457637911777,0.17480353522202,0.265897362010845,0.324866327680167,0.389310186329224,0.52291222847395,3378.35355361693,1.00011175164224
"var_props[5]",0.41377313284434,0.00211413917545832,0.0954676706987371,0.230060503671322,0.346806329817822,0.412001573874501,0.479818247745681,0.60099610960556,2039.13277488286,1.00081156974492
"nu_prop[1]",0.538063794787323,0.00190320083621508,0.226268470199953,0.110889305128034,0.366389736969161,0.545580942642949,0.718793986951335,0.928304903140598,14134.4476445997,0.999949091934805
"nu_prop[2]",0.791043231104571,0.00785864108005279,0.227778952580834,0.200149503089156,0.676467454259039,0.885503999208801,0.968724746957069,0.99706830948786,840.102495695828,1.00458734506527
"nu_prop[3]",0.322296024760169,0.00203578558122252,0.173316206385597,0.0493695032582031,0.185068431426471,0.302237354585978,0.437938827634049,0.691405091069432,7247.93484728341,1.00005021702692
"nu_prop[4]",0.538299354452004,0.00205011417837969,0.124743014436283,0.290552597950299,0.453318789486009,0.539474443319955,0.624671639114134,0.774359397758928,3702.34061169558,1.00029420904179
"slope_mu",0.0651610587575175,0.0054744948108806,0.308769750117515,-0.533309349605409,-0.10749855925799,0.0594227267085429,0.231008862431729,0.71806809414629,3181.12984186873,1.00014147730603
"eps_slope[1]",-0.0402741823337782,0.00587533970303931,0.406928791256082,-0.934593232170474,-0.201329617277151,-0.0223973469200802,0.126554246877253,0.785242597916061,4797.0127521024,1.00038769566311
"eps_slope[2]",-0.0909517043190077,0.00527144675947764,0.430826939488806,-1.09111517300026,-0.261017691288723,-0.0521101051741308,0.0947007709930553,0.755550943255963,6679.53230149691,1.0009388490643
"eps_slope[3]",0.254348855442371,0.00999128639461254,0.568584589295749,-0.691140332809943,-0.0349617552501369,0.136288883337148,0.465078753499069,1.66587327300384,3238.52574000044,1.00039040444148
"eps_slope[4]",0.00860496328343822,0.0049234802888744,0.439789043431795,-0.914964403372652,-0.165011002485175,0.00626352900943022,0.187246279651779,0.963912606617601,7978.92538587194,0.999917650268389
"eps_slope[5]",-0.0735326015245665,0.00489818143370518,0.366420872705831,-0.885067042438791,-0.222483484667206,-0.0433031411934821,0.0870586740312884,0.663344995121545,5596.16709935231,0.99998084658693
"eps_slope[6]",-0.02935104171264,0.00475519685846755,0.38191927350289,-0.880183018456286,-0.185671552364269,-0.01903250134052,0.130488993196467,0.781159365611666,6450.68967114677,0.999810755187311
"eps_slope[7]",0.126848437129595,0.00674827385771015,0.467190265395346,-0.713800176993671,-0.0818414358747835,0.0661872083138577,0.296016392822598,1.27010613300007,4792.9419884198,0.999881155979324
"eps_slope[8]",0.029029206089734,0.00587996409236657,0.452408587429398,-0.928273515238596,-0.147564725562518,0.0179030425213442,0.206446203373745,1.00752620743085,5919.87221120198,1.00071458434156
"eps_slope[9]",-0.154979494858025,0.00674109797921787,0.477792118987687,-1.31531886157391,-0.333892185419513,-0.084332264072926,0.065100987283755,0.714348787463838,5023.61889101911,1.00015439782539
"eps_slope[10]",-0.0203049572724248,0.00634859082531744,0.491490155314967,-1.12161052974136,-0.196071423534715,-0.0110710084049176,0.167355424506509,1.01845894723543,5993.42357953328,0.999749191175061
"eps_slope[11]",-0.0893975918633811,0.0054349428857945,0.371333480980208,-0.955516752079602,-0.233021119005403,-0.0515371623403995,0.074268741956022,0.626475558214382,4668.07955090488,1.0001807106833
"eps_slope[12]",-0.33283411720264,0.00928805230569203,0.466033600889365,-1.47875053863574,-0.53262051124865,-0.227553309915839,-0.049789132656036,0.366915673501171,2517.59087447043,1.00125951281887
"eps_slope[13]",-0.0705152312459708,0.00709881935866575,0.558946679743553,-1.35365702642525,-0.286408585736529,-0.035985004183544,0.149184897622374,1.13006245468295,6199.66911863404,1.00047112990312
"eps_slope[14]",-0.195974554525008,0.00819075339425491,0.520395362857454,-1.42340823440162,-0.395368831930717,-0.11292091162821,0.0506790538578509,0.760917185998949,4036.63178006306,1.00130797168785
"eps_slope[15]",0.138215606774242,0.00599739752370027,0.406207459670346,-0.619161845185561,-0.0554422640895766,0.0859753193281891,0.308980743186611,1.08227764299402,4587.4370437738,1.00016215269846
"eps_slope[16]",0.615312907900445,0.0212279529352301,0.72729544737037,-0.212749300417657,0.156615920199239,0.436212054004777,0.900212808497668,2.22967855036955,1173.83081404576,1.00125618776209
"eps_slope[17]",0.05579620148038,0.00472500759131388,0.38594518260181,-0.724413161721643,-0.102749234411485,0.0297105719055501,0.200683027128101,0.919633123689546,6671.84929195015,1.00004611766995
"eps_slope[18]",0.0920099177970468,0.00543118309341455,0.404554818531374,-0.7033698256719,-0.0849392339310709,0.0515553596356924,0.242766060041995,1.02884870659752,5548.37580286133,1.00128446295919
"eps_annual[1]",1.36438155322255,0.00706573724636517,0.458890850533983,0.539118911657611,1.03920125491111,1.34106499752974,1.64441858913699,2.36203649259743,4217.97334436926,0.99979406534358
"eps_annual[2]",0.848073746396834,0.00509168341045107,0.410431095319254,0.0913320321134152,0.572404945201258,0.832588442322314,1.116960831729,1.69624092903546,6497.67116196975,1.00039612682925
"eps_annual[3]",-0.193040153047643,0.00470742802811591,0.407519596801347,-1.01363940445185,-0.455457674308359,-0.192307379161726,0.0781013076338828,0.619921205330793,7494.27487739832,0.999671447347768
"eps_annual[4]",-0.704361719637031,0.00552177784648961,0.447691159514369,-1.62435192276384,-0.994475686215395,-0.687600708880711,-0.402148645556694,0.142998375400664,6573.53798783852,1.00013474236033
"eps_annual[5]",0.561255093759414,0.0049240951464253,0.415078410273726,-0.224990166956859,0.27730389951834,0.54656464983743,0.829732082028847,1.40471745649342,7105.70899226016,0.999902525853781
"eps_annual[6]",-0.367186195146455,0.00476018724106335,0.384307980899593,-1.15661488016985,-0.605518582832429,-0.358309454367164,-0.120269930144529,0.367478334636754,6517.94565571153,1.00034500707967
"eps_annual[7]",0.612078871421657,0.00472113075286167,0.374943033670045,-0.0899743685253268,0.355623217839562,0.596732422514,0.858196737861441,1.36896717073162,6307.22785957166,1.00044183945232
"eps_annual[8]",-1.25236529622557,0.00597911959198597,0.437073068374353,-2.16698318713506,-1.52775634249982,-1.22861939897878,-0.950087066178511,-0.468315542314641,5343.59596959344,1.0001352633195
"eps_annual[9]",0.59229864150242,0.00464855557019235,0.391473206339213,-0.162967273761254,0.334580314968426,0.588866655419999,0.845011740105401,1.38801782711181,7091.98864918871,0.999752170348738
"eps_annual[10]",-1.63899181353028,0.00728268667619222,0.466236031843771,-2.63564057775274,-1.92775272682083,-1.60794343534851,-1.32110888471986,-0.805793178687518,4098.53281187319,1.0008899035069
"eps_annual[11]",0.209356833842937,0.00401319963427862,0.354684248911573,-0.477428663536134,-0.0219188091522142,0.206691195446119,0.439849811014796,0.904084826052045,7810.9215663729,1.00002547848534
"eps_annual[12]",-0.405077946463897,0.00445354385932123,0.364519815432619,-1.14151634385574,-0.639366686076744,-0.402661752416366,-0.167650543922648,0.308767455586703,6699.32143807178,0.999896725577966
"eps_annual[13]",1.70177204674977,0.00652376777040146,0.443759291834176,0.901938960523221,1.3915312097448,1.67819310017003,1.98609600502075,2.63937956796845,4626.98332001658,0.999976499539332
"eps_annual[14]",-0.763058150546365,0.0049799927303655,0.377409507259387,-1.561450726229,-1.00047633832481,-0.741490280663419,-0.499390580485828,-0.078601401266286,5743.38930109137,1.00008643867244
"eps_annual[15]",-0.76226221388944,0.00514417606077359,0.382663570479078,-1.56363925356401,-1.00879105264227,-0.745383836305922,-0.502455218789519,-0.0625938008071711,5533.53410263017,0.999926394563585
"eps_annual[16]",0.520511814094346,0.0047952796156596,0.363887575487474,-0.162671502990953,0.281500420843529,0.506047103065776,0.74807854147272,1.29844979700021,5758.46302114349,0.999921792298611
"eps_annual[17]",0.908623901645032,0.0050167060885175,0.3814087263388,0.216961851669405,0.647111916747889,0.889512911680621,1.15492014041908,1.7016530396569,5780.21422411998,1.00008302111388
"eps_annual[18]",0.228709039848702,0.00409244141348781,0.340795409730717,-0.42474009781079,0.00148988113354655,0.22563953612177,0.448759452960523,0.907468131036354,6934.61782003956,0.999929091436701
"eps_annual[19]",-1.35781234061212,0.00613874638745031,0.4420435927043,-2.31242780783887,-1.6333835826504,-1.33503111725443,-1.05015107321439,-0.567567219279049,5185.26333232787,1.00014569358655
"eps_annual[20]",-0.504676574376805,0.00473814788758434,0.3803912452255,-1.28370768833618,-0.749231425383876,-0.494472867411934,-0.250237723338594,0.210084637608356,6445.3098796152,1.00002171102007
"eps_annual[21]",0.33035977591432,0.00463306054707162,0.374325120075207,-0.406605475157439,0.0859724212659943,0.324236217348237,0.576751559564518,1.078783814608,6527.72715458717,1.0000419751131
"eps_annual[22]",0.127352645317527,0.00443103869514019,0.38763727334819,-0.613847234812938,-0.135102420705826,0.117387160334819,0.376719854379068,0.920432163463032,7653.14558370886,0.999643334249003
"eps_annual[23]",1.05819032910918,0.00570032399660916,0.439284650742058,0.264164820679503,0.754665883642088,1.03658791233345,1.3391273455026,1.97101482562594,5938.72172118118,0.999859058034175
"eps_annual[24]",-1.05182197658459,0.00572491200560315,0.481192958233767,-2.04206102618045,-1.35849228959098,-1.03036494331036,-0.723984295490486,-0.173327801373261,7064.81664514597,0.999713551828708
"het[1]",2.22059730179377,0.0381028827507634,1.52950404357303,0.123353308336195,1.04891772234324,1.95080032513089,3.12143053810661,5.83655427144435,1611.33407129801,1.00180030771915
"het[2]",0.659455056200458,0.00899927486687675,0.668070655793221,0.0171140528691424,0.186753768023114,0.452319715914175,0.914995554078037,2.46312481840275,5510.99172693558,0.999850375332078
"eps_sigma_rn[1]",1.0312112038374,0.0131264879267026,1.02395217571815,0.138212174896659,0.442887386262424,0.756174736249053,1.25644317861092,3.60558892696683,6085.02349424839,0.999987823793387
"eps_sigma_rn[2]",1.26283875296025,0.0196074103400534,1.55323916124784,0.147849010258369,0.479948029577959,0.858063460969894,1.54086283488601,4.57229869683164,6275.32449429651,1.0000170172013
"eps_sigma_rn[3]",3.45690476780907,0.0387428653465218,3.03019784106298,0.466091444964008,1.57159044724639,2.66469772204325,4.33560222627539,11.2047685116686,6117.28190322091,1.00100255494496
"eps_sigma_rn[4]",1.60649766659465,0.0200305630669855,1.60424852779808,0.17793596090134,0.619250387003295,1.14340778917135,2.01199744664106,5.82944237571702,6414.41395175052,0.999852493871988
"eps_sigma_rn[5]",0.698614053111142,0.0104314089648244,0.767186679153796,0.0829285555683196,0.273066837128516,0.484104048892525,0.851350291238315,2.60982374936472,5408.98979803547,1.00146440381286
"eps_sigma_rn[6]",0.890771240643812,0.0132274243467752,1.01914804150365,0.101001749958454,0.326624784108289,0.596255023690753,1.10031674174597,3.40023871530354,5936.41120117709,1.00049429093781
"eps_sigma_rn[7]",1.13289625510779,0.0169393900787525,1.32331372079674,0.119714579486563,0.392494233278658,0.740648549336763,1.37901063328215,4.54469779258247,6102.8134255356,0.999837250882007
"eps_sigma_rn[8]",1.09592706709596,0.0132647738146988,1.1401533318331,0.137224926473062,0.434606010374944,0.760705439230484,1.34855424871036,4.08609098371544,7387.998923325,1.00075872843615
"eps_sigma_rn[9]",1.23526469984525,0.0144304533186384,1.22962629513197,0.144907992088113,0.490471493523454,0.878608963242683,1.54189924885214,4.4421693619052,7260.83111271303,0.99993463625272
"eps_sigma_rn[10]",2.98251117142269,0.0508588105879615,3.0684085613575,0.275162525737631,1.08520241220724,2.07382244514209,3.80209996528581,11.2053123727956,3639.93788914852,1.00064708216063
"eps_sigma_rn[11]",0.647347927475504,0.010315522344969,0.756552174638891,0.0799265150470791,0.245743372567265,0.435668330055882,0.770104024076218,2.46843235581936,5378.92290414039,1.00053232169429
"eps_sigma_rn[12]",0.787134599757764,0.0110175622945553,0.873751258430722,0.0996937885721342,0.3004904929971,0.54215584621554,0.976921614994818,2.92371812013785,6289.3331330664,1.00034757879451
"eps_sigma_rn[13]",5.48136917019703,0.0937628161065135,5.60675809092476,0.386894162856384,1.85879039288336,3.90355668952751,7.2491492051122,19.7071706258018,3575.71051509205,1.00116746002421
"eps_sigma_rn[14]",3.71398842326388,0.048999902309776,3.35337031501459,0.415295057700082,1.55166138379816,2.83411294379772,4.78345680486323,12.2291274545239,4683.52241063849,1.00068174526694
"eps_sigma_rn[15]",1.03905982612759,0.0109604162822958,0.976719391617561,0.14863368016319,0.439276312132403,0.768086988545306,1.30167940391678,3.5277376233065,7941.18881174516,1.00009166310547
"eps_sigma_rn[16]",1.13098640268885,0.0147104394937749,1.14949069699448,0.1376859775439,0.455550905158733,0.809730682457438,1.39119686209203,4.07760029328711,6106.03972645178,1.00001530918018
"eps_sigma_rn[17]",0.723337071104113,0.0102407511169654,0.790025361899134,0.0939668972384891,0.281453113607265,0.500487148108019,0.878439201196166,2.80608814974341,5951.39045322525,0.999889210521627
"eps_sigma_rn[18]",1.25917902795184,0.0152355375819043,1.24406513983062,0.161827868114048,0.522659114193359,0.912268522253238,1.56713369696847,4.48678172517628,6667.61747322312,1.000067512257
"eps_sigma_tn[1]",1.42925142868106,0.0203122558927056,1.73779554773392,0.124406852648524,0.455195382818906,0.892180666741917,1.70867599049547,6.09868830798112,7319.49371482547,1.00034461488626
"eps_sigma_tn[2]",1.18368644011673,0.0168894266862615,1.43511758598379,0.117530139862326,0.39759432161593,0.756098319140178,1.44001604008962,4.77425239417811,7220.13233048219,0.999918978404896
"eps_sigma_tn[3]",1.82494621083956,0.0286208923164529,2.25138480209583,0.153715128298892,0.557853649918505,1.11594309840384,2.22956306575048,7.80349603249495,6187.75515697369,0.999926863654604
"eps_sigma_tn[4]",1.7604361759261,0.0260837718209702,2.15839425673989,0.1578303898924,0.577492966832755,1.13661671897672,2.15606840387143,7.03703865687363,6847.32227345996,1.00088013072068
"eps_sigma_tn[5]",1.80007339070375,0.0311329334825801,2.39968865883933,0.148856076506472,0.573664711549857,1.11850855816421,2.1446083525948,7.31779722288327,5941.13896098785,1.00008089656424
"eps_sigma_tn[6]",1.48670087989896,0.0228504342884753,1.92640049118084,0.12910395220688,0.48376539724989,0.939127885382011,1.75948968987158,6.18946388249945,7107.2933894784,1.00026154516081
"eps_sigma_tn[7]",1.32922690512164,0.0186040019268505,1.62120712119339,0.132754357776452,0.447633382784967,0.845076106440828,1.61613901741709,5.44743233499681,7593.88915817134,1.00036891532061
"eps_sigma_tn[8]",1.55830441825414,0.0241367486656791,2.02325870147323,0.142814422766962,0.51167366441336,0.989927816892958,1.88088140102271,6.03036741201697,7026.60106751279,1.00014821228629
"eps_sigma_tn[9]",1.72647272621031,0.0232395794585313,2.05649465682448,0.15747348007907,0.555054698858448,1.09960684947655,2.11254961294039,6.99280047305876,7830.66493231829,1.00020259721896
"eps_sigma_tn[10]",1.54791538133983,0.0207691726119265,1.85952320808704,0.137286440950985,0.490502412819598,0.969203292470976,1.88267624624346,6.50777079762524,8016.13116014291,0.999677587571091
"eps_sigma_tn[11]",1.09591670403514,0.015613888729525,1.3003438646508,0.119940226689015,0.373512993398837,0.71778115385962,1.33941452983457,4.36848014004724,6935.76333616205,0.999746373158931
"eps_sigma_tn[12]",1.71801828977942,0.0235972940609045,2.05828640749886,0.159017500058426,0.559938066588753,1.08964215113734,2.1151069893026,7.07942260420016,7608.2925401898,0.999859869274379
"eps_sigma_tn[13]",1.27659705640225,0.0183469511226049,1.52399001101263,0.123677452271599,0.420493265479313,0.802772772388355,1.53651549914537,5.23932233023025,6899.7988974564,1.00001831406173
"eps_sigma_tn[14]",2.09079823991994,0.0305186947211079,2.47688661460392,0.178710158503149,0.673045796787711,1.35315983166529,2.56195821373126,8.55844279391499,6586.88896141565,1.00024449234551
"eps_sigma_tn[15]",1.36163709103956,0.0203807151751229,1.69361441772882,0.122652090910734,0.427728268582826,0.842463147367739,1.65356187904158,5.77473507379356,6905.42233296223,0.999813003216958
"eps_sigma_tn[16]",1.3095155197534,0.0195416995773281,1.59099283132351,0.121862369503421,0.426069557752432,0.830526541716505,1.57503643634962,5.3736920816156,6628.44688890381,0.999774901070969
"eps_sigma_tn[17]",1.53073290737982,0.0232870595914817,1.90847524439224,0.132015977981601,0.490758046277544,0.954030768444322,1.84363258082608,6.25012222222003,6716.51134635,0.999777976097652
"eps_sigma_tn[18]",1.31551072542659,0.0188362950977134,1.58463598773233,0.118134255048127,0.428093418211841,0.83729538893819,1.59437920996648,5.47431582987815,7077.30737798622,0.999654711347556
"eps_sigma_tn[19]",1.65744752955256,0.0215663979848135,1.89214285929659,0.158544143291145,0.571056109954602,1.06321735908629,2.03507945383616,6.66466284888304,7697.55171704282,0.999902302767511
"eps_sigma_tn[20]",1.78881246163919,0.0248655269574243,2.22718868753837,0.156502378870117,0.583103749611258,1.14307722602986,2.19969357887418,7.28004540426032,8022.66558169705,1.00012323476087
"eps_sigma_tn[21]",1.69619667191098,0.0236830609642625,2.06618138944759,0.144771352226243,0.541519939461291,1.06573686039061,2.06266324740537,7.30515720002374,7611.34179859192,0.999611420245254
"eps_sigma_tn[22]",1.60954097154231,0.0231645896387674,2.06577515485183,0.13748791263457,0.529651425795715,1.02262310341128,1.95744176996879,6.50657483918773,7952.74170871946,0.999960770529911
"eps_sigma_tn[23]",1.98864165912755,0.0290580373907191,2.50120713759188,0.170794807672222,0.626520699324219,1.24095401097951,2.4322012625538,8.13886489095534,7409.12227525965,1.00022304660252
"eps_sigma_tn[24]",1.69646051247152,0.02290360392721,1.99113803797226,0.151160501679201,0.544411658744794,1.06234745830948,2.08242628630577,6.95293190937446,7557.7946635669,1.00008667616736
"L[1,1]",1,NA,0,1,1,1,1,1,NA,NA
"L[1,2]",0,NA,0,0,0,0,0,0,NA,NA
"L[1,3]",0,NA,0,0,0,0,0,0,NA,NA
"L[1,4]",0,NA,0,0,0,0,0,0,NA,NA
"L[1,5]",0,NA,0,0,0,0,0,0,NA,NA
"L[1,6]",0,NA,0,0,0,0,0,0,NA,NA
"L[1,7]",0,NA,0,0,0,0,0,0,NA,NA
"L[1,8]",0,NA,0,0,0,0,0,0,NA,NA
"L[1,9]",0,NA,0,0,0,0,0,0,NA,NA
"L[1,10]",0,NA,0,0,0,0,0,0,NA,NA
"L[1,11]",0,NA,0,0,0,0,0,0,NA,NA
"L[1,12]",0,NA,0,0,0,0,0,0,NA,NA
"L[1,13]",0,NA,0,0,0,0,0,0,NA,NA
"L[1,14]",0,NA,0,0,0,0,0,0,NA,NA
"L[1,15]",0,NA,0,0,0,0,0,0,NA,NA
"L[1,16]",0,NA,0,0,0,0,0,0,NA,NA
"L[1,17]",0,NA,0,0,0,0,0,0,NA,NA
"L[1,18]",0,NA,0,0,0,0,0,0,NA,NA
"L[2,1]",0.0321186309064642,0.00197819773697929,0.222669480543432,-0.391928987680362,-0.126620985439602,0.030929452766492,0.187444348454614,0.456066350123281,12670.1568291913,0.999634801468672
"L[2,2]",0.973750031758839,0.000555225348098888,0.0346975479687971,0.874335428544544,0.963986685252203,0.987015648187836,0.997184759766487,0.999976676053969,3905.34134807641,1.00021545457249
"L[2,3]",0,NA,0,0,0,0,0,0,NA,NA
"L[2,4]",0,NA,0,0,0,0,0,0,NA,NA
"L[2,5]",0,NA,0,0,0,0,0,0,NA,NA
"L[2,6]",0,NA,0,0,0,0,0,0,NA,NA
"L[2,7]",0,NA,0,0,0,0,0,0,NA,NA
"L[2,8]",0,NA,0,0,0,0,0,0,NA,NA
"L[2,9]",0,NA,0,0,0,0,0,0,NA,NA
"L[2,10]",0,NA,0,0,0,0,0,0,NA,NA
"L[2,11]",0,NA,0,0,0,0,0,0,NA,NA
"L[2,12]",0,NA,0,0,0,0,0,0,NA,NA
"L[2,13]",0,NA,0,0,0,0,0,0,NA,NA
"L[2,14]",0,NA,0,0,0,0,0,0,NA,NA
"L[2,15]",0,NA,0,0,0,0,0,0,NA,NA
"L[2,16]",0,NA,0,0,0,0,0,0,NA,NA
"L[2,17]",0,NA,0,0,0,0,0,0,NA,NA
"L[2,18]",0,NA,0,0,0,0,0,0,NA,NA
"L[3,1]",-0.0220384162427233,0.00251229753110033,0.214804488005216,-0.429683420968977,-0.169599928680789,-0.0224300162314012,0.127331609762913,0.395783368728461,7310.4575387703,1.00124475454089
"L[3,2]",-0.0844650098110771,0.00261073018268077,0.222878032130674,-0.509874272648382,-0.239626704466108,-0.0853370056897853,0.072325172520992,0.340886929580801,7288.03666686557,0.999547376087709
"L[3,3]",0.945427679852953,0.000704294076968926,0.0523756343198544,0.803809895638724,0.922077185741646,0.961508604316817,0.983787747395524,0.998443318082194,5530.32328338954,0.999894838621734
"L[3,4]",0,NA,0,0,0,0,0,0,NA,NA
"L[3,5]",0,NA,0,0,0,0,0,0,NA,NA
"L[3,6]",0,NA,0,0,0,0,0,0,NA,NA
"L[3,7]",0,NA,0,0,0,0,0,0,NA,NA
"L[3,8]",0,NA,0,0,0,0,0,0,NA,NA
"L[3,9]",0,NA,0,0,0,0,0,0,NA,NA
"L[3,10]",0,NA,0,0,0,0,0,0,NA,NA
"L[3,11]",0,NA,0,0,0,0,0,0,NA,NA
"L[3,12]",0,NA,0,0,0,0,0,0,NA,NA
"L[3,13]",0,NA,0,0,0,0,0,0,NA,NA
"L[3,14]",0,NA,0,0,0,0,0,0,NA,NA
"L[3,15]",0,NA,0,0,0,0,0,0,NA,NA
"L[3,16]",0,NA,0,0,0,0,0,0,NA,NA
"L[3,17]",0,NA,0,0,0,0,0,0,NA,NA
"L[3,18]",0,NA,0,0,0,0,0,0,NA,NA
"L[4,1]",-0.0957043084403664,0.00213987123133096,0.22122843429275,-0.511733529668137,-0.249638902956758,-0.0999082978887599,0.054994699304187,0.344457920936195,10688.2501914343,1.00000428172087
"L[4,2]",0.00511919115539229,0.00219923785860715,0.223601615095883,-0.433985516479558,-0.151636609612442,0.00727062964524243,0.161460302614229,0.435923506384705,10337.2606337911,0.999897627099296
"L[4,3]",0.0778425444568764,0.00211770029271401,0.219679805190563,-0.353317336736804,-0.074776693645588,0.0793230040364838,0.232659294531939,0.49478003537974,10760.9664218963,0.99973275553054
"L[4,4]",0.912851239763902,0.000987747307925137,0.0654037224548046,0.748052207439923,0.877864124285503,0.928366705495825,0.962672872284172,0.993499743655915,4384.43084522088,0.999826112650957
"L[4,5]",0,NA,0,0,0,0,0,0,NA,NA
"L[4,6]",0,NA,0,0,0,0,0,0,NA,NA
"L[4,7]",0,NA,0,0,0,0,0,0,NA,NA
"L[4,8]",0,NA,0,0,0,0,0,0,NA,NA
"L[4,9]",0,NA,0,0,0,0,0,0,NA,NA
"L[4,10]",0,NA,0,0,0,0,0,0,NA,NA
"L[4,11]",0,NA,0,0,0,0,0,0,NA,NA
"L[4,12]",0,NA,0,0,0,0,0,0,NA,NA
"L[4,13]",0,NA,0,0,0,0,0,0,NA,NA
"L[4,14]",0,NA,0,0,0,0,0,0,NA,NA
"L[4,15]",0,NA,0,0,0,0,0,0,NA,NA
"L[4,16]",0,NA,0,0,0,0,0,0,NA,NA
"L[4,17]",0,NA,0,0,0,0,0,0,NA,NA
"L[4,18]",0,NA,0,0,0,0,0,0,NA,NA
"L[5,1]",0.00664797694778438,0.00205556790616541,0.226966100600575,-0.432562775718051,-0.149972991233834,0.00983967695873334,0.165650271624165,0.446436404954197,12191.5334861964,0.999696223803087
"L[5,2]",-0.0115175119648737,0.00200371327914414,0.232680261146209,-0.457658991287074,-0.173264804113198,-0.0114030012795054,0.149888042398997,0.442658043518369,13484.9062765675,0.999572098654153
"L[5,3]",-0.0256984448981255,0.0020805763329645,0.224861491708662,-0.45978386904769,-0.182807389250135,-0.0248339941912727,0.129963228451474,0.408850952980707,11680.538543665,0.999634120408006
"L[5,4]",0.00920804363679453,0.00203954733733524,0.233746899175912,-0.444263519872202,-0.154762116618627,0.0102958347589779,0.172597396878606,0.456707646668015,13134.8203588874,0.999636407846757
"L[5,5]",0.884685071925449,0.0012769875656771,0.0747215717502488,0.699575407861809,0.843726857506301,0.900188836579743,0.941027516403657,0.984909844607954,3423.88098658899,1.00020180952766
"L[5,6]",0,NA,0,0,0,0,0,0,NA,NA
"L[5,7]",0,NA,0,0,0,0,0,0,NA,NA
"L[5,8]",0,NA,0,0,0,0,0,0,NA,NA
"L[5,9]",0,NA,0,0,0,0,0,0,NA,NA
"L[5,10]",0,NA,0,0,0,0,0,0,NA,NA
"L[5,11]",0,NA,0,0,0,0,0,0,NA,NA
"L[5,12]",0,NA,0,0,0,0,0,0,NA,NA
"L[5,13]",0,NA,0,0,0,0,0,0,NA,NA
"L[5,14]",0,NA,0,0,0,0,0,0,NA,NA
"L[5,15]",0,NA,0,0,0,0,0,0,NA,NA
"L[5,16]",0,NA,0,0,0,0,0,0,NA,NA
"L[5,17]",0,NA,0,0,0,0,0,0,NA,NA
"L[5,18]",0,NA,0,0,0,0,0,0,NA,NA
"L[6,1]",0.0157443339942792,0.00212993232374221,0.230403777919904,-0.430804116560788,-0.144137268321398,0.016349952751013,0.177365730983111,0.468532970194328,11701.6629032218,0.999645019228204
"L[6,2]",0.00568596916665062,0.00220662412866996,0.227566632533686,-0.435950339026197,-0.154219277192302,0.00587496285662787,0.167085551051084,0.44138604991228,10635.5619233777,0.999799518622585
"L[6,3]",-0.0682894601563531,0.00212613926773104,0.21967471141013,-0.483167001187475,-0.224601721017192,-0.0726055056754298,0.0811338650675428,0.365136946825692,10675.2170018232,0.999654706199663
"L[6,4]",0.00545740306793746,0.00203501946689373,0.228221465639765,-0.444937309366921,-0.156390613037061,0.00642522060672785,0.16972633478862,0.436067492640164,12576.9647623203,0.999953213775739
"L[6,5]",0.0487222272007274,0.00209850905419346,0.232582592150345,-0.402292534995338,-0.113729069905294,0.0488475178987963,0.21188946426591,0.500027913310654,12283.7994736042,0.999680712579334
"L[6,6]",0.852279318336343,0.00130652709235414,0.0836468584919304,0.660718065577759,0.800707981169505,0.866522985103849,0.916884241036208,0.971351642862325,4098.85382190489,0.999934430436148
"L[6,7]",0,NA,0,0,0,0,0,0,NA,NA
"L[6,8]",0,NA,0,0,0,0,0,0,NA,NA
"L[6,9]",0,NA,0,0,0,0,0,0,NA,NA
"L[6,10]",0,NA,0,0,0,0,0,0,NA,NA
"L[6,11]",0,NA,0,0,0,0,0,0,NA,NA
"L[6,12]",0,NA,0,0,0,0,0,0,NA,NA
"L[6,13]",0,NA,0,0,0,0,0,0,NA,NA
"L[6,14]",0,NA,0,0,0,0,0,0,NA,NA
"L[6,15]",0,NA,0,0,0,0,0,0,NA,NA
"L[6,16]",0,NA,0,0,0,0,0,0,NA,NA
"L[6,17]",0,NA,0,0,0,0,0,0,NA,NA
"L[6,18]",0,NA,0,0,0,0,0,0,NA,NA
"L[7,1]",0.00553291593356591,0.00212136982184456,0.228200491488666,-0.434469704027807,-0.154740778724028,0.0112666657489546,0.162319638969688,0.438002917251773,11571.7855898859,1.00054827313264
"L[7,2]",0.0482865492256292,0.00218038901778925,0.230265352221422,-0.396913810741526,-0.109046952807202,0.0512198918827942,0.209046999459139,0.483224795156313,11152.9362122001,1.00044382962623
"L[7,3]",-0.0675125587888925,0.00201979466195872,0.221337519425198,-0.486429807040457,-0.219674553379443,-0.0737016735060196,0.0846309667800957,0.371026088196159,12008.690078473,0.999543542479178
"L[7,4]",-0.0180730757493013,0.002100963469231,0.229265881041415,-0.458499424711509,-0.177631849112161,-0.0208668218221835,0.143341080575445,0.426990216318106,11908.0830510071,0.999567442980887
"L[7,5]",0.0092547886184389,0.00201480421443926,0.228321861026118,-0.438215095916081,-0.146496013602763,0.0123303721658935,0.168542171702567,0.449377434490263,12841.9001884011,0.999642904348271
"L[7,6]",0.017638249524902,0.0020105474144411,0.227592957360655,-0.422213544270186,-0.13780229921105,0.0177972367208669,0.174204921765184,0.458599725643152,12814.1262732139,0.999998179842973
"L[7,7]",0.820657301076683,0.00144149828241639,0.0913112774366859,0.608249421888307,0.765785134845056,0.833449763755501,0.888655255386357,0.958215264260289,4012.55112236866,1.00093551761827
"L[7,8]",0,NA,0,0,0,0,0,0,NA,NA
"L[7,9]",0,NA,0,0,0,0,0,0,NA,NA
"L[7,10]",0,NA,0,0,0,0,0,0,NA,NA
"L[7,11]",0,NA,0,0,0,0,0,0,NA,NA
"L[7,12]",0,NA,0,0,0,0,0,0,NA,NA
"L[7,13]",0,NA,0,0,0,0,0,0,NA,NA
"L[7,14]",0,NA,0,0,0,0,0,0,NA,NA
"L[7,15]",0,NA,0,0,0,0,0,0,NA,NA
"L[7,16]",0,NA,0,0,0,0,0,0,NA,NA
"L[7,17]",0,NA,0,0,0,0,0,0,NA,NA
"L[7,18]",0,NA,0,0,0,0,0,0,NA,NA
"L[8,1]",0.043121946907551,0.00194962069981775,0.227056135163808,-0.398813915365241,-0.115636655416035,0.0438615340510527,0.201548142796185,0.474614686018766,13563.3268629473,0.999901339213075
"L[8,2]",0.0389955177718972,0.00207432068598474,0.228941190260557,-0.407022627276345,-0.120880977131509,0.0435075609613369,0.202681420552227,0.473554532152498,12181.3683541284,0.999605509381558
"L[8,3]",0.0532336956106875,0.00195549744690392,0.220170754854611,-0.378834395275003,-0.0974356390929395,0.0592323628638515,0.20378950047496,0.475310910662906,12676.6574883864,0.9998290039702
"L[8,4]",0.0308599100324208,0.00223500569801799,0.230355434070752,-0.430040022392138,-0.123712496844701,0.0309669201803033,0.19111987975889,0.467024431967244,10622.8158773564,0.999895340371795
"L[8,5]",-0.0344205492125737,0.00202207970659913,0.230228974543679,-0.483560720640994,-0.194924636513888,-0.0369774244039076,0.125988881980069,0.413416975054376,12963.5341745014,0.999920686452261
"L[8,6]",-0.0135560892501259,0.0021277844881741,0.228397663588306,-0.44866788682407,-0.1759573777682,-0.0127172701101849,0.144319495190397,0.430332912311425,11522.0044040221,0.999767018175858
"L[8,7]",0.0106879740917303,0.00216304060815506,0.228256562851946,-0.426373169511841,-0.148347259215565,0.0106628758302485,0.170853609239118,0.455694126856024,11135.6917574294,0.999676991880496
"L[8,8]",0.786789500368129,0.00155601352503532,0.0978798399429014,0.567928002140734,0.726487332091882,0.798598752785419,0.860269925591739,0.94167973085519,3956.94274058157,1.0000297500277
"L[8,9]",0,NA,0,0,0,0,0,0,NA,NA
"L[8,10]",0,NA,0,0,0,0,0,0,NA,NA
"L[8,11]",0,NA,0,0,0,0,0,0,NA,NA
"L[8,12]",0,NA,0,0,0,0,0,0,NA,NA
"L[8,13]",0,NA,0,0,0,0,0,0,NA,NA
"L[8,14]",0,NA,0,0,0,0,0,0,NA,NA
"L[8,15]",0,NA,0,0,0,0,0,0,NA,NA
"L[8,16]",0,NA,0,0,0,0,0,0,NA,NA
"L[8,17]",0,NA,0,0,0,0,0,0,NA,NA
"L[8,18]",0,NA,0,0,0,0,0,0,NA,NA
"L[9,1]",0.0621474093800871,0.00215830181127845,0.225639716562874,-0.373427586175745,-0.0915138640661833,0.0626925591857583,0.21913205385278,0.502974592833773,10929.6622275686,0.9997681296055
"L[9,2]",-0.00773665790440202,0.00214983787560385,0.230133587299299,-0.457488815307123,-0.168902071719638,-0.0103457036266646,0.155879305695908,0.44117784872998,11459.0494765606,0.999996524711402
"L[9,3]",0.0316490602736975,0.00217559634480436,0.221681380885035,-0.397391873904693,-0.12325093260843,0.0337750950196395,0.182328159922691,0.460376661428399,10382.4965423315,0.999789694331549
"L[9,4]",-0.0486601872573006,0.00215992456599794,0.227630638981682,-0.478036310250316,-0.210648790883414,-0.0508556642425327,0.109145235362191,0.398143235968946,11106.6801972274,1.00006866592883
"L[9,5]",-0.0110586533761316,0.00208355792469261,0.230309598295179,-0.454927746499801,-0.175404729715013,-0.0117283090974631,0.152228793281257,0.42739258153389,12218.360035248,0.999623367664448
"L[9,6]",-0.0212968201070891,0.00212582297475065,0.228363562884441,-0.462015491345522,-0.176649203375812,-0.0229771591400956,0.136278975416796,0.425680334219731,11539.8304407266,1.00063388783328
"L[9,7]",-0.00672677899770413,0.00217710571897881,0.228416709519481,-0.451575906507983,-0.165370125466054,-0.0038934714109673,0.151962008005074,0.431071257875165,11007.7030343743,0.999650792140418
"L[9,8]",0.00731400929275952,0.00211102112952289,0.22651832455436,-0.442202455655642,-0.14970004086323,0.0113444000000322,0.16333456568123,0.445375475354454,11513.8752828289,0.999734088426237
"L[9,9]",0.753566285345178,0.00172630629982226,0.10351034354616,0.530136423414224,0.68863199574958,0.763323204380483,0.83017147319034,0.924514934998804,3595.27230369467,1.00144834957168
"L[9,10]",0,NA,0,0,0,0,0,0,NA,NA
"L[9,11]",0,NA,0,0,0,0,0,0,NA,NA
"L[9,12]",0,NA,0,0,0,0,0,0,NA,NA
"L[9,13]",0,NA,0,0,0,0,0,0,NA,NA
"L[9,14]",0,NA,0,0,0,0,0,0,NA,NA
"L[9,15]",0,NA,0,0,0,0,0,0,NA,NA
"L[9,16]",0,NA,0,0,0,0,0,0,NA,NA
"L[9,17]",0,NA,0,0,0,0,0,0,NA,NA
"L[9,18]",0,NA,0,0,0,0,0,0,NA,NA
"L[10,1]",0.025228187554194,0.00237692580024345,0.222698476042598,-0.409692715634572,-0.129238877296303,0.0284294624196052,0.184169563714888,0.444069345008697,8778.1549127927,0.999896128928701
"L[10,2]",-0.0589348150963781,0.00231192153811223,0.224987611948834,-0.483913888797157,-0.219382772049328,-0.0596394332204661,0.09894002509009,0.385272739767541,9470.45904403049,1.00034711294247
"L[10,3]",0.0576310554715724,0.00202574872718392,0.213637822341553,-0.359830135903257,-0.0923104672045702,0.0579838877186018,0.210260229106607,0.470055406894043,11122.0574871961,0.999906775494202
"L[10,4]",-0.0487108452606268,0.00250780622794791,0.22714027203493,-0.478179737735974,-0.209899828857627,-0.0502096845014339,0.108359509014279,0.387623732767321,8203.52167673321,0.999693987261401
"L[10,5]",0.0241431634502794,0.00241022568421633,0.22807817682507,-0.424811278377443,-0.133889251811224,0.0265570315533202,0.184447324976611,0.457957986022139,8954.72071093231,1.00030762657559
"L[10,6]",0.000124661656973164,0.00265876965707213,0.232533337649062,-0.447294730916801,-0.163720222695102,-0.000111943390435473,0.163079493160169,0.443637656244949,7649.07682647213,0.999761415620645
"L[10,7]",-0.00588885351700055,0.0026250561492083,0.228877214122732,-0.442690300905729,-0.168182827769447,-0.0121435381177392,0.154554603440191,0.437265477710873,7602.00100532848,0.999802262236911
"L[10,8]",-0.000822277512816672,0.00250821119687394,0.227332635017569,-0.447051241198195,-0.156658261756941,-0.000839204153796284,0.156873725826106,0.436400938115539,8214.76922186844,0.999694824477289
"L[10,9]",0.015187293310313,0.00251935421252216,0.228834641155586,-0.428929824142721,-0.147568211213223,0.0195479115969528,0.17488111634105,0.459118236110107,8250.21133838999,0.999628619919764
"L[10,10]",0.719393651273302,0.00155220528192715,0.109130738041861,0.486049268721419,0.648105114801262,0.728342004348328,0.79997324594852,0.905622794631268,4943.05987108391,1.00068670214797
"L[10,11]",0,NA,0,0,0,0,0,0,NA,NA
"L[10,12]",0,NA,0,0,0,0,0,0,NA,NA
"L[10,13]",0,NA,0,0,0,0,0,0,NA,NA
"L[10,14]",0,NA,0,0,0,0,0,0,NA,NA
"L[10,15]",0,NA,0,0,0,0,0,0,NA,NA
"L[10,16]",0,NA,0,0,0,0,0,0,NA,NA
"L[10,17]",0,NA,0,0,0,0,0,0,NA,NA
"L[10,18]",0,NA,0,0,0,0,0,0,NA,NA
"L[11,1]",0.00369297803050351,0.00206982006265913,0.228882319600281,-0.447137155668553,-0.153977543872439,0.0042542567713162,0.159384041832381,0.441816134147049,12228.1091844793,0.999766718901543
"L[11,2]",0.0138867744637444,0.00194865833292147,0.22857460101845,-0.430461733777337,-0.141501559712431,0.0132479161010344,0.173282808560273,0.453214038559383,13758.9262504699,0.999664276933507
"L[11,3]",-0.00525972977950618,0.00195824956436734,0.225759337855074,-0.438027944302067,-0.163387037030556,-0.00720262438633216,0.152546405700156,0.43600867901595,13290.9299200667,0.999739565586821
"L[11,4]",0.0405510109524777,0.00211628890007112,0.229293789640566,-0.408013242767014,-0.118653604328981,0.0427234115488267,0.203193502604786,0.477214238073423,11739.0965927508,0.999879296499708
"L[11,5]",0.0120544893202255,0.00194574285179128,0.229635345293921,-0.439242094409905,-0.145925342412958,0.0121352795672927,0.174056368496915,0.451799688278879,13928.5716640821,0.999619149225105
"L[11,6]",0.0169715875723804,0.00197017582674008,0.227086419323848,-0.420472389048415,-0.144873985661635,0.0147229834968946,0.17607267378845,0.456991562013383,13285.3301863995,0.999687655071973
"L[11,7]",0.0119863282606913,0.00207368666116866,0.231207697659622,-0.438942700348813,-0.146845562220136,0.0120538989192657,0.172496717569673,0.452537807134841,12431.3504548452,0.9997858988444
"L[11,8]",0.018957119073557,0.0020119200591414,0.226714375731809,-0.422683372855109,-0.140086767936282,0.0204386829879289,0.179459225819682,0.454222345120181,12698.0395987103,0.999829536726815
"L[11,9]",-0.00502475318247224,0.00216605015926724,0.226857476413636,-0.437213768951203,-0.1658003833014,-0.00559451602627973,0.153954277024376,0.43537807951577,10969.0540008512,1.00010586773107
"L[11,10]",-0.0112409327248731,0.00196756605773459,0.223317307234384,-0.452231351332857,-0.169699213053204,-0.0107482635713479,0.145148080379306,0.416648134190938,12882.0838295976,0.999999155752195
"L[11,11]",0.681587888827161,0.00211213120315812,0.117769393040592,0.422382566652386,0.606144536920356,0.691769232409514,0.767085199612072,0.881947876014298,3109.01694048722,1.00123327490495
"L[11,12]",0,NA,0,0,0,0,0,0,NA,NA
"L[11,13]",0,NA,0,0,0,0,0,0,NA,NA
"L[11,14]",0,NA,0,0,0,0,0,0,NA,NA
"L[11,15]",0,NA,0,0,0,0,0,0,NA,NA
"L[11,16]",0,NA,0,0,0,0,0,0,NA,NA
"L[11,17]",0,NA,0,0,0,0,0,0,NA,NA
"L[11,18]",0,NA,0,0,0,0,0,0,NA,NA
"L[12,1]",-0.00896702037355118,0.00207965776433837,0.222675175913407,-0.432150909951986,-0.164704540379508,-0.0131325361964348,0.14798461310659,0.422282598892638,11464.6252811397,0.999601572645018
"L[12,2]",0.0426664070508136,0.00209534239750566,0.22847373538222,-0.40499679212132,-0.116465593867535,0.044827651143386,0.202504564801863,0.48239911997466,11889.4718503,0.999661647844748
"L[12,3]",-0.0351627291035398,0.00193936068128739,0.223440864333767,-0.460590792709685,-0.191393957245495,-0.0368499550683301,0.120466129238163,0.402987798728079,13274.1900862407,0.999640625046035
"L[12,4]",0.0614702565226356,0.00207552009112592,0.224905608852201,-0.3814365485749,-0.094372810203848,0.0632225578413639,0.218914117338764,0.486523209373552,11742.1247255135,0.999664313408645
"L[12,5]",0.0076551642912263,0.00206892652915799,0.232715930493338,-0.451438930197333,-0.150290626970855,0.00849251509459489,0.173023285387,0.458588440927838,12652.0847002519,0.999837090396381
"L[12,6]",-0.00593269759511073,0.00204611776835168,0.230535190367565,-0.447484349890876,-0.167157750028156,-0.00538949319600797,0.157387885697015,0.442489212697252,12694.4299377265,0.999791316010096
"L[12,7]",0.00250240772885932,0.0021421216611758,0.226201590325083,-0.433985540875445,-0.155098153826977,0.00295258827622702,0.159846782558861,0.441413700612274,11150.7233792879,1.0000491198885
"L[12,8]",0.029280913648458,0.0021106237530776,0.230361712553795,-0.413441311005122,-0.133588797004971,0.029529332836083,0.189368017171443,0.482697228980601,11912.3913943619,0.999914752638999
"L[12,9]",-0.00256388619314939,0.0020523748458296,0.232122689878338,-0.461624362592878,-0.162783289979154,-0.0018558210083031,0.159357505628755,0.449928597195896,12791.5102363307,1.00007263899266
"L[12,10]",0.00282743656131214,0.00210938623341984,0.228474107501157,-0.439005394937335,-0.156199407484873,0.00340499409371867,0.162412101495572,0.446796532105042,11731.7220307723,1.00078404210626
"L[12,11]",0.033375603388876,0.0020682534287451,0.235637195278963,-0.434863540920119,-0.132165958772228,0.0335990138817315,0.199139035269923,0.484429023480866,12980.1641201335,0.999666958854827
"L[12,12]",0.632622173475919,0.00224513671910054,0.124198763183699,0.375502678998599,0.54792267319846,0.639310692892722,0.723075153527751,0.850198759406884,3060.1939795281,1.00175041309705
"L[12,13]",0,NA,0,0,0,0,0,0,NA,NA
"L[12,14]",0,NA,0,0,0,0,0,0,NA,NA
"L[12,15]",0,NA,0,0,0,0,0,0,NA,NA
"L[12,16]",0,NA,0,0,0,0,0,0,NA,NA
"L[12,17]",0,NA,0,0,0,0,0,0,NA,NA
"L[12,18]",0,NA,0,0,0,0,0,0,NA,NA
"L[13,1]",0.0353064620419921,0.0024206371891682,0.225669607539656,-0.412902643651014,-0.122607872562987,0.0387011740093562,0.195014166764974,0.461798493684093,8691.34010380402,0.999761036313089
"L[13,2]",0.00683306854564773,0.00259647238009703,0.227843856274059,-0.432537045204995,-0.154113386736068,0.00623525285175942,0.166935816424038,0.451385475070246,7700.29264611098,1.00078550800531
"L[13,3]",-0.0298639875444762,0.00237414762709077,0.218905701827225,-0.458883712345432,-0.18135338940597,-0.0287872204886707,0.120140489566648,0.390698067240814,8501.56161676913,0.999861221993411
"L[13,4]",0.0113140425902016,0.00283199287983437,0.229265584985227,-0.430312963844675,-0.147894839527926,0.00924814397164124,0.175256025021575,0.448725380981982,6553.80358006558,1.00007069215731
"L[13,5]",0.00844157106074423,0.00242759750317613,0.227999429452794,-0.438285806141459,-0.148777362160951,0.00964101239679806,0.164812757287417,0.449539378103331,8820.92554151616,0.999870754065899
"L[13,6]",-0.00652515654204443,0.00261159553406645,0.230576127620162,-0.449841355166294,-0.167194469673483,-0.00687701208821594,0.157393282257486,0.435934213477035,7795.01307288917,0.999799145348985
"L[13,7]",-0.0357234890104224,0.0025213454310522,0.228486168001393,-0.470089366473361,-0.198980089754734,-0.0344219374705006,0.120499471852538,0.420822500478875,8212.11702613467,0.999921063561249
"L[13,8]",0.000387142817465754,0.00237718676909867,0.224684574734651,-0.43616846866327,-0.156841058564686,0.00101428807186617,0.155898636660018,0.433917329859177,8933.4643131985,0.999689772130595
"L[13,9]",0.0473746253821654,0.00272154017166629,0.23088330902685,-0.408473958780147,-0.111858157312512,0.0488358992065309,0.210795710307974,0.486907700938671,7197.06753362355,1.00035367596595
"L[13,10]",-0.00528174388960407,0.0024768127270957,0.223421331841323,-0.431697748489777,-0.162192901961218,-0.00642890683304863,0.148416148391422,0.427450178498655,8136.97405941691,0.999850696472105
"L[13,11]",-0.0177301798589005,0.00256515976506712,0.229973856606042,-0.463676281846984,-0.17916499248788,-0.018733513442999,0.14464579060218,0.433517336529538,8037.63162318654,0.999742209471896
"L[13,12]",0.0204998604616846,0.00277996231823654,0.228706817355562,-0.416632409345323,-0.141140447170461,0.0195973918771343,0.180954617601903,0.459184786487902,6768.31250045877,0.999954452846037
"L[13,13]",0.598136113163274,0.00186490908578862,0.126583424497745,0.337911295327347,0.511727908090553,0.603690249369086,0.690232546240874,0.821163068747197,4607.2136425197,1.00087095256244
"L[13,14]",0,NA,0,0,0,0,0,0,NA,NA
"L[13,15]",0,NA,0,0,0,0,0,0,NA,NA
"L[13,16]",0,NA,0,0,0,0,0,0,NA,NA
"L[13,17]",0,NA,0,0,0,0,0,0,NA,NA
"L[13,18]",0,NA,0,0,0,0,0,0,NA,NA
"L[14,1]",-0.00848604601148679,0.00233840542101666,0.222816778237221,-0.444225444603164,-0.162577538208332,-0.00752713790643149,0.14612254599103,0.427295140501881,9079.37935999381,0.999777562002152
"L[14,2]",-0.0413615562415742,0.00260072997386873,0.221972051585685,-0.466485025095983,-0.197741101570158,-0.0386710628876248,0.110089981593674,0.392842298583997,7284.60598062397,1.00016180307735
"L[14,3]",-0.0794389710334536,0.00232767488301198,0.210959642597384,-0.483932339710153,-0.227738836620992,-0.0810627065792324,0.0671883191747473,0.328415999081245,8213.98908458662,0.999852214124587
"L[14,4]",-0.0449299206123513,0.00266850051147985,0.227494182355895,-0.481224374888062,-0.202958452516733,-0.0456984890671457,0.111620637177202,0.406844738476286,7267.85090256476,1.00010024085302
"L[14,5]",0.0284543223733963,0.00254937933949195,0.226129173073896,-0.416749166800057,-0.128871308653848,0.0344069006899557,0.185356386943942,0.458687315832099,7867.63611727322,1.00012885376875
"L[14,6]",0.0317127528398108,0.00274424675672989,0.227679634073805,-0.412155036740389,-0.12785734646695,0.0340649161332545,0.190960338271001,0.463085847231696,6883.3848283213,0.999655328638544
"L[14,7]",-0.0179467136219414,0.00282757455439451,0.227457990151775,-0.447738091972958,-0.176655102662522,-0.0180937712300259,0.137846230047109,0.424430401416994,6471.0426941795,1.00024483510179
"L[14,8]",-0.0547655496936752,0.00246493854453031,0.223622591553877,-0.487923605055747,-0.210946415759122,-0.0586638970126826,0.102277570285036,0.384133684897247,8230.36622594238,0.999692402324943
"L[14,9]",0.0985183455776162,0.00275995907890124,0.227334835225998,-0.35808336760292,-0.060396232139265,0.10617016657923,0.262744353536333,0.517927027022947,6784.63818528648,0.999925881300346
"L[14,10]",0.0327152456383663,0.00262992846513453,0.22126582629666,-0.400021497712017,-0.12139992320004,0.0339619489726305,0.191554004501517,0.452177756124484,7078.49315432545,0.999780811013723
"L[14,11]",-0.0163851826020355,0.00271388459824174,0.229465590618167,-0.45740281901805,-0.177919380696411,-0.0183932398455573,0.143870680842205,0.430649117958141,7149.11672744821,1.00006798451536
"L[14,12]",-0.00539197783380304,0.0025088901298824,0.226743106566818,-0.435183984460603,-0.167302739371901,-0.00652334244690531,0.154451973529829,0.436228439822812,8167.79631808168,0.999658570810171
"L[14,13]",0.0790581171516725,0.00272643565271279,0.225144172330923,-0.363356791654256,-0.0756913144572997,0.0832213800541299,0.237825591679641,0.501576530228565,6819.16055174248,0.999946760540617
"L[14,14]",0.543130735939387,0.0019333678649678,0.131266372006757,0.284118977876397,0.4512828180995,0.545372758333335,0.637287417902302,0.785014312581096,4609.75636684293,0.999853294476641
"L[14,15]",0,NA,0,0,0,0,0,0,NA,NA
"L[14,16]",0,NA,0,0,0,0,0,0,NA,NA
"L[14,17]",0,NA,0,0,0,0,0,0,NA,NA
"L[14,18]",0,NA,0,0,0,0,0,0,NA,NA
"L[15,1]",-0.0100785942906156,0.00211335301262589,0.223081541326882,-0.440287505515475,-0.16652946417131,-0.0101783944001029,0.146402056832892,0.423038604028315,11142.5137427766,0.999566105318527
"L[15,2]",0.000407079846294293,0.00224813856813764,0.231636288599479,-0.4421106167026,-0.164035200747381,0.00239740061513441,0.161064106024947,0.448331903753588,10616.1499240887,0.999646906889268
"L[15,3]",-0.0787531112262955,0.00205217973560612,0.217435860453497,-0.492739258703144,-0.230560438261983,-0.081502485959601,0.0708655773726683,0.358338057189672,11226.1684114035,0.999738282443943
"L[15,4]",-0.0149616564663332,0.00206044195538516,0.225650218048201,-0.441335411142102,-0.173622246863213,-0.0163880528648324,0.139527164347257,0.430891092215782,11993.6327368691,0.999613372714767
"L[15,5]",0.0415569940441367,0.00221084954584042,0.226467740602785,-0.406289265586032,-0.113617567836783,0.0414321617431094,0.202844993223768,0.473176466003913,10492.8706023857,0.999572166467479
"L[15,6]",0.042506301749701,0.0021549330609057,0.229247800876189,-0.40415903062007,-0.116712288452632,0.045680284232385,0.201789796258799,0.47342397945509,11317.2989554202,0.999612209583148
"L[15,7]",0.00499913581004981,0.00217690787708211,0.231275863136999,-0.43757396686377,-0.15719281476187,0.00391223584053041,0.165063685824636,0.456411272463974,11287.0518266205,0.999771003830171
"L[15,8]",-0.0497845063512403,0.00215719473301685,0.224363640426381,-0.476435035818085,-0.208846113614669,-0.0509784540815827,0.106339913041376,0.386547371969062,10817.4838038441,0.999874542844357
"L[15,9]",-0.0472514210548332,0.00209957852991505,0.224878398555917,-0.480617747844606,-0.204163481229407,-0.0489674796529094,0.103979371732664,0.402299167136826,11471.7911949793,1.00012994623419
"L[15,10]",-0.0543003996700925,0.00208858651240252,0.219739001857682,-0.471709321793526,-0.209129951067348,-0.0583487909217211,0.0947694631850327,0.381483792956723,11069.024703158,0.999645585932986
"L[15,11]",-0.00319170351947114,0.00220123045225319,0.228482607108358,-0.444282798734325,-0.163525084661402,-0.00334985450048385,0.160891401322034,0.430345381345111,10773.9577150247,0.999583757580742
"L[15,12]",-0.0121347274070024,0.00226058156634673,0.228434328060221,-0.455999561288714,-0.172666647394628,-0.0159760367636002,0.149988515144627,0.437373092123172,10211.3314396344,0.999824203135149
"L[15,13]",-0.0206395162345393,0.00218353134401078,0.226874332796911,-0.45537262215647,-0.178958684187959,-0.0215271216300974,0.137473433701253,0.420677651845624,10795.7263966746,0.999742787920201
"L[15,14]",-0.0107725508484192,0.00233957003948063,0.221766182191848,-0.444585404416423,-0.167046493432632,-0.0100593428688006,0.142284320295257,0.410457030554889,8985.00943746113,0.999725756897792
"L[15,15]",0.499748153070424,0.00221465189414091,0.13680830110748,0.232259140355908,0.402846414888707,0.49900467923502,0.598884499104524,0.757796520677962,3816.04911169093,1.00044297420664
"L[15,16]",0,NA,0,0,0,0,0,0,NA,NA
"L[15,17]",0,NA,0,0,0,0,0,0,NA,NA
"L[15,18]",0,NA,0,0,0,0,0,0,NA,NA
"L[16,1]",0.0442332154825554,0.00211062429323906,0.223433578764038,-0.397453509200817,-0.109585492369849,0.0463433242977258,0.196855519723796,0.465842762166867,11206.6296107757,0.999669616854594
"L[16,2]",0.027244582828781,0.00215282812921124,0.22622306431995,-0.419636740012334,-0.126650710570895,0.0253717330103488,0.183483898547631,0.46199155100968,11042.1856100397,0.999768112400597
"L[16,3]",-0.0635235048454663,0.00209932999623443,0.216781467795684,-0.484947327024047,-0.215862314255278,-0.0647882118217449,0.08583060628008,0.35865293028657,10663.085279718,0.999760294659304
"L[16,4]",-0.00826507522695928,0.00203770079632839,0.225426275565638,-0.448140308764142,-0.164152205248591,-0.00963240234371289,0.148098834328365,0.424837863781292,12238.5013822527,0.999624496996355
"L[16,5]",-0.00398130080005473,0.00204003343454929,0.227598607834706,-0.453037560424044,-0.165068468195771,-0.00391183271136908,0.155367734209143,0.434202063740486,12446.9983521915,1.00006371974038
"L[16,6]",0.0322285626617228,0.00210969447709373,0.228059775667956,-0.417322411056496,-0.12551638485442,0.0348284542733605,0.193130261934702,0.463892890902572,11685.7947395508,0.999984622965968
"L[16,7]",0.0305451241723528,0.00230111514174875,0.228299252874902,-0.419533282992107,-0.124041289865884,0.0321302084279489,0.19093261306496,0.469184136050142,9843.10867682083,0.999858968204683
"L[16,8]",-0.00413961878017887,0.00215293443024322,0.227225208140118,-0.447607599734828,-0.163224367453353,-0.00399057883713461,0.15221153902054,0.438070853895852,11139.1336184106,0.999684385933423
"L[16,9]",-0.0100696316802296,0.00226218186565234,0.228601628688383,-0.450779105342466,-0.16885368348129,-0.0107941897181569,0.149967566568141,0.427884328318892,10211.830726003,0.999609004171198
"L[16,10]",-0.0526088772832692,0.00221194744645616,0.224427141697005,-0.486414234274632,-0.208240875724337,-0.0543315656291989,0.102837460642618,0.385538544418051,10294.4025761004,0.99972462974517
"L[16,11]",0.0100145852243433,0.00228965434406648,0.232200332882429,-0.447381155080698,-0.152162351818935,0.0107282805675061,0.172924770994597,0.464521781700054,10284.5626315244,0.999992055914564
"L[16,12]",-0.021158527703521,0.00238661467877989,0.230044258053634,-0.461099876484064,-0.183192934574324,-0.0249576415327402,0.141410642294772,0.426589007150161,9290.90844652909,0.999899458668938
"L[16,13]",0.00868153311123815,0.0021485859980799,0.229875905527955,-0.442810739345212,-0.152881400687673,0.0138922355526731,0.167810979042286,0.448088040238338,11446.7295955621,0.999679928226628
"L[16,14]",-0.00476548271438436,0.00228433779673199,0.224443121358243,-0.440787813401544,-0.164055717240394,-0.00630546589952317,0.150018990653441,0.43046183295914,9653.65887502177,0.999746203596827
"L[16,15]",0.0424374673740112,0.00226584225487645,0.230394288845054,-0.419256087418233,-0.115796690622887,0.0505266622765746,0.207249471301901,0.47352788723802,10339.1318944542,0.99960215859707
"L[16,16]",0.440190031673271,0.00221938396806675,0.141318633571904,0.171705281252957,0.336900210827255,0.439739899089751,0.541705395682655,0.711562431209265,4054.46886725225,1.00060539382564
"L[16,17]",0,NA,0,0,0,0,0,0,NA,NA
"L[16,18]",0,NA,0,0,0,0,0,0,NA,NA
"L[17,1]",-0.0163713480674004,0.00201666794900089,0.227745821944821,-0.459551056308909,-0.175038652028706,-0.0194924191266762,0.145562497460601,0.41176341225799,12753.5780631601,0.999717728543318
"L[17,2]",-0.0230162811087871,0.00203721797974534,0.22722349449567,-0.458013865759707,-0.182232903520767,-0.0255377660830819,0.12960124636524,0.423070106775019,12440.3176102448,0.9999104044065
"L[17,3]",0.0539550173283436,0.00204267465636919,0.221502572211589,-0.372693542450004,-0.0999387753113507,0.0539473105457143,0.208393149076922,0.477710321271996,11758.6955641138,0.999784959431048
"L[17,4]",0.0323670967080025,0.00198609185889914,0.226529729488165,-0.402802584327577,-0.126424807106677,0.0320665000909074,0.191191745519583,0.460834263671458,13009.2347430684,0.999756386304678
"L[17,5]",0.0211808025059127,0.00206230227606199,0.23252582086186,-0.425615261752933,-0.144801911583627,0.0255050306096484,0.185331546867537,0.464300979260386,12712.6980031398,0.99962023391537
"L[17,6]",0.0284677854181281,0.00209181915652431,0.23221357594524,-0.418548718496905,-0.130272570382699,0.0292072028062876,0.190625724477914,0.474138691614927,12323.2977267522,0.999737421679964
"L[17,7]",0.000738908806493252,0.00200538089577948,0.23054137472573,-0.445181099636452,-0.159523774619423,0.00145465834502721,0.161077665922916,0.444766161790342,13216.1211296767,0.999579537491015
"L[17,8]",-0.00349500424602151,0.0020110728650274,0.227563808706746,-0.446867038414973,-0.164029131630344,-0.00421871268856751,0.157932784109856,0.434313514351668,12804.1506524016,0.999646164621228
"L[17,9]",-0.0232150122990675,0.00209867604436756,0.233511237495857,-0.481143506154327,-0.184428552945172,-0.0255818689461912,0.141064876591302,0.427511497260121,12380.117321019,0.999694598536768
"L[17,10]",-0.0133556147073873,0.00214273240248673,0.228001358853038,-0.458413727982726,-0.171372098611237,-0.0140340018410474,0.142754092228837,0.431983683917938,11322.4131097384,0.999741563012173
"L[17,11]",0.00758234514183297,0.00218362509842664,0.233458981781582,-0.446932678309863,-0.153551038697612,0.00842728935211426,0.169896991353502,0.456643785333982,11430.4945062576,0.999770187851675
"L[17,12]",-0.00851340622563064,0.00208188278555395,0.229068408120724,-0.454687682045302,-0.170800374494002,-0.00686195407357309,0.147086641461581,0.431556274353356,12106.4788379518,0.99976837316887
"L[17,13]",-0.0598814243873976,0.00213987695388838,0.226644867874554,-0.489253645771931,-0.219786724664921,-0.0645623672009936,0.095122747580951,0.388241510344272,11217.9674567147,0.99985769596429
"L[17,14]",-0.0126779229902747,0.00224735819649248,0.229485602883693,-0.455846436815791,-0.174994751788287,-0.0139667865065453,0.149870139839986,0.426294152354035,10427.1661267358,0.999674922648048
"L[17,15]",0.0227419379872389,0.002117635993388,0.223541964136885,-0.415504663896519,-0.129039793252866,0.0243265993983931,0.176771255800655,0.454297268508307,11143.343162117,0.999874689669908
"L[17,16]",-0.0035763234175818,0.00212438320853208,0.22356502018349,-0.438969635251678,-0.160492826653537,-0.00532368811868149,0.151206258075608,0.435656909604596,11074.9554099153,0.999888519567694
"L[17,17]",0.366465509928619,0.0023089089480145,0.142767374371612,0.114581861612963,0.263355885008703,0.360359191013922,0.46440639807595,0.659513279153436,3823.35242104582,1.00175219869902
"L[17,18]",0,NA,0,0,0,0,0,0,NA,NA
"L[18,1]",-0.0714700074989784,0.00205114676356266,0.223172850395073,-0.496256944945438,-0.227925852396909,-0.0726779543044631,0.0792160673644455,0.373123473743651,11838.2974657425,0.999947932564347
"L[18,2]",-0.0610678530026094,0.0021945337674908,0.224370616189223,-0.495692534460256,-0.218056748781115,-0.0632199556663762,0.0933837679943876,0.384297313623818,10453.1558565303,0.999891987223148
"L[18,3]",0.145563536145328,0.00213189918019121,0.213907763302183,-0.284034641857358,-0.000257387968711302,0.151497566871698,0.299537273354364,0.536054359989521,10067.4566453156,1.00004807940279
"L[18,4]",0.0324586516572741,0.00213600438199818,0.220392788545058,-0.404095739267322,-0.11954878017017,0.0333890074437725,0.18737422070636,0.456305421526324,10646.0985277801,0.999955759837448
"L[18,5]",-0.0025965714077322,0.00212088493541738,0.227308814793944,-0.444265936332452,-0.162920232518513,-0.000597504111796575,0.15166731329412,0.430535055821871,11486.7809799053,0.999720332256743
"L[18,6]",-0.0450422717325687,0.00223920902595433,0.227830287646813,-0.474808767878581,-0.205835982588769,-0.0487465893042474,0.114974254230285,0.403206554884534,10352.2236241567,0.999638614072141
"L[18,7]",-0.025583808857818,0.002311589004792,0.226136655044286,-0.453936612691642,-0.183004721819356,-0.0295454362907677,0.132680291955813,0.417244714586753,9570.19281320454,0.999813637953779
"L[18,8]",-0.0314934282936377,0.0022369693935425,0.223283031508439,-0.463251416234287,-0.188165170608523,-0.0336957878279339,0.12080089371638,0.407619538929473,9963.02811125919,0.999941606007152
"L[18,9]",0.0351553641126252,0.00225443602919002,0.220929877744696,-0.397413007268157,-0.117134537506094,0.0367552138324721,0.18658150865319,0.460575467233745,9603.57807617429,0.999990297313197
"L[18,10]",0.0102042009555553,0.00222155217477039,0.224136279812933,-0.424040082696423,-0.147193512570758,0.0108929932112804,0.168559456746969,0.443536724403243,10179.1445989693,0.999730831275053
"L[18,11]",-0.013967383679523,0.00224783808808317,0.225656556146549,-0.453038001392316,-0.170943723382498,-0.0150217981037938,0.144211607676037,0.428168727088314,10077.80289965,1.00037689174459
"L[18,12]",-0.00627791455330001,0.00247399645974865,0.230610195174924,-0.456520519292653,-0.169105277046041,-0.00612596344108962,0.156344741475786,0.436160588253007,8688.78116098767,1.00000049160918
"L[18,13]",-0.000108852613928562,0.00214041536427142,0.225700557943689,-0.432095062733471,-0.159040061183751,-0.00147037014160547,0.159724401867188,0.435400937548345,11119.0874484787,0.9998740768431
"L[18,14]",0.0478169791576215,0.00231568210859324,0.222440126183661,-0.394686573102675,-0.102744890675573,0.0505329122898782,0.204662854127464,0.468308748983536,9227.16708996707,1.00002917637998
"L[18,15]",0.0163002284611017,0.00226019178251631,0.224505020839806,-0.415276149326079,-0.137634044029823,0.0158982388534737,0.169149965896607,0.45496297140927,9866.46393733216,0.999666761652502
"L[18,16]",-0.0101061910950206,0.00237876718989673,0.228564343987861,-0.445418943376802,-0.172041468429499,-0.01195112614791,0.146325942293278,0.44242385057242,9232.36750040461,1.00006446091052
"L[18,17]",0.0155434530480346,0.0023878430403616,0.225113942387552,-0.423998273873651,-0.139326271209035,0.0159973346076011,0.174699363642917,0.455887556395361,8887.77876434796,1.00021302065777
"L[18,18]",0.291384084705411,0.00222676672664396,0.141549427095119,0.0567657307266278,0.184977125172988,0.281941338207415,0.385507291434913,0.589363036728844,4040.79469539369,1.00073201162671
"eps[1,1]",0.462163689718368,0.00979200482540874,0.962947286551376,-1.40910875139775,-0.18276505082874,0.465767139746775,1.10407787898004,2.35719566747121,9670.78637184627,1.00019704903928
"eps[1,2]",0.0421741835720236,0.0093030109963541,0.99104630844023,-1.92517548351521,-0.606825397073561,0.0404244794106654,0.704737811850391,1.96314243561538,11348.5618185939,1.0000238107848
"eps[1,3]",-0.0665153387680554,0.00916593986459685,0.99675201512322,-2.02766668342467,-0.728617296841055,-0.0719261584499788,0.605038152598515,1.88746028406142,11825.5197417076,0.999922629081125
"eps[1,4]",0.0293235905555395,0.00916726990083791,0.982038941378887,-1.89316878861245,-0.646109965079329,0.0238915966966707,0.684727187611769,1.98869067717672,11475.6523510059,0.999853797279327
"eps[1,5]",0.135952883965288,0.00915438000216291,0.957268473731093,-1.74191330748996,-0.505647160298533,0.149074022146851,0.774169658636085,1.99960348858703,10934.7696862851,0.999887435738724
"eps[1,6]",0.190624720853034,0.00907744777882924,0.946292316161343,-1.73308302702818,-0.442796469524949,0.206827381861858,0.841869555876654,1.98100583050018,10867.336351856,0.999915001117288
"eps[1,7]",-0.00949858895986528,0.00923289795529413,0.971775672333008,-1.8892518127426,-0.660468746880915,-0.00719686275496793,0.649918362084519,1.89792143514826,11077.8625935449,0.999980225109376
"eps[1,8]",0.0815859191702984,0.00887486729925522,0.958958225831013,-1.83769143198468,-0.551773415538116,0.0882620270503639,0.723627738018991,1.96044040463384,11675.5041252071,0.99972004406507
"eps[1,9]",-0.018672413846764,0.00921350282060031,0.991281844292084,-1.95062119716409,-0.689120884019705,-0.0163178624578267,0.65606434540389,1.92520298627333,11575.6332257175,0.999689752694106
"eps[1,10]",-0.443340131916582,0.0108326319585052,0.970438409089433,-2.32268035155201,-1.1036503093977,-0.43960936668384,0.191865843237584,1.49243460845338,8025.42384747548,1.00001812970344
"eps[1,11]",-0.110003386176827,0.00822445324725476,0.965237469627511,-2.00870194425946,-0.767676486737359,-0.118753508329253,0.54207766411022,1.78799582314552,13773.8158589631,0.999817926973486
"eps[1,12]",-0.0848742864578482,0.00887936415508234,0.971739850808053,-1.967005571791,-0.748453079238161,-0.0971002667257239,0.555096560444015,1.88229404294506,11976.6757553625,0.999847179571465
"eps[1,13]",0.256853303475762,0.00896528970802637,0.941663032587683,-1.59896363838439,-0.369574903657759,0.262009578404094,0.891170279567149,2.09052911469915,11032.2066088472,1.00015254902783
"eps[1,14]",-0.0943387845018788,0.0086167396522175,0.947630637853812,-1.92998725625841,-0.744470336595293,-0.0984351178378083,0.541832137590683,1.80723386686164,12094.6204591985,0.999824217228559
"eps[1,15]",-0.020905201334666,0.00783232259930347,0.978968491042781,-1.97749845271975,-0.674285369106625,-0.0092116961582339,0.624275834524223,1.92761489956678,15622.7072179435,0.999620358374471
"eps[1,16]",0.0370575343536826,0.00809143213973472,0.956068166890877,-1.8489687621826,-0.616559716175077,0.0366581109412071,0.674543575434927,1.92098021364859,13961.3342293876,0.999771407408469
"eps[1,17]",0.12421408662427,0.00823650049589857,0.982210213639062,-1.79303377956947,-0.558615174421509,0.137343310308125,0.79984070885447,2.03489433953438,14220.7805286867,0.999579384852132
"eps[1,18]",-0.0645596294471077,0.00806060591039227,1.0125994462071,-2.04201626950111,-0.759046844186801,-0.0459326453303971,0.611763754077292,1.89185982415847,15781.198907502,0.999722501830751
"eps[2,1]",0.413275315621228,0.00798168891410854,0.916089545030221,-1.36413463853934,-0.210446717396285,0.421828362123237,1.02036752138758,2.1982410397296,13173.0475394444,1.00001300522612
"eps[2,2]",0.0271947671247332,0.00872925126818482,0.970214992054584,-1.85048606942962,-0.628057566656783,0.0296474156189817,0.675507429575039,1.9253866301253,12353.2711186052,0.99977165829778
"eps[2,3]",-0.00965685010430361,0.0083380714640337,0.977517417002348,-1.93329756367526,-0.658526108722943,-0.000717036302532464,0.651867827676162,1.89218372656374,13744.1467094001,0.999653198508923
"eps[2,4]",0.0339610223635194,0.00846222273481763,0.959403141325508,-1.84094164507258,-0.590479599569506,0.0223997772231988,0.673962791246662,1.88734205113923,12853.8541499863,0.999768116577546
"eps[2,5]",0.186195647661731,0.00823521645645471,0.924864176626664,-1.63584730101563,-0.437342193659562,0.194123354426382,0.817667011387873,1.97532322685883,12612.6364705047,0.999797163022116
"eps[2,6]",-0.154585537417627,0.00779182078722023,0.934138970175088,-1.94691678626042,-0.787485277380046,-0.169472232265835,0.465912618305783,1.69271030212173,14372.9220477682,0.999768690779654
"eps[2,7]",0.0110884693676109,0.00869708879903503,0.97860603172705,-1.91066208144896,-0.647247279776723,0.00575334025344816,0.689200589250424,1.94792725063776,12660.9988058822,0.999963227553547
"eps[2,8]",0.147108873880803,0.00780422822996124,0.920888417366932,-1.68025524309466,-0.454888519219184,0.155400815619958,0.756582408290629,1.94682871462584,13923.6820652693,0.999863184229465
"eps[2,9]",-0.0258871314649457,0.00790747680474632,0.965621010148719,-1.91262626839716,-0.685303676374472,-0.0184954385108647,0.626244931236668,1.87097551867963,14912.0571685411,0.999754376202184
"eps[2,10]",0.0615956941277792,0.00842839182533432,0.952235218084473,-1.83633830044631,-0.566770333794966,0.0575975626271916,0.679060471357439,1.94400107233572,12764.3600169825,0.999811391955347
"eps[2,11]",0.0553766556531042,0.00840305373290878,0.955623842630742,-1.79333511101054,-0.592537915843051,0.0595789165652008,0.70001448689294,1.90485780369031,12933.0117547019,0.999740266445131
"eps[2,12]",0.104245287741152,0.00831721378552456,0.95485887558944,-1.82367072292478,-0.529077693988786,0.106432850396425,0.730074576805233,1.96044921061703,13180.2196881969,0.999950652961144
"eps[2,13]",-0.00372104455455637,0.00833252585685633,0.93090754709368,-1.842516291204,-0.626008445838084,-0.00590869725483782,0.615851904202025,1.85613026419416,12481.2982897554,0.999614672056842
"eps[2,14]",-0.220139457207396,0.00785661050845625,0.91727842960812,-2.01474470433572,-0.833011458530792,-0.221161563436076,0.384733559455388,1.61595047535569,13631.1317292932,0.999655386369858
"eps[2,15]",-0.0354570058084801,0.007853165330867,0.95964245725717,-1.92400004223754,-0.682656951408815,-0.0365513223202912,0.603756696161593,1.87569600709461,14932.3935330328,0.99985233102588
"eps[2,16]",-0.0375199575676995,0.00831118941602247,0.991224953862108,-1.95570897585684,-0.711623267274039,-0.0519673282590931,0.634987475037437,1.92598652563637,14223.8804396211,0.999747379732129
"eps[2,17]",-0.0251223534898207,0.00831060057603177,0.992744369538976,-1.9914510181778,-0.683174436805418,-0.0165729697652175,0.627378801458632,1.92834072274681,14269.5423809951,0.999613778807578
"eps[2,18]",-0.0508621446322384,0.00809717329825256,1.01553252228566,-2.03552841410247,-0.739591455790549,-0.039332782205332,0.617688788840792,1.979805582182,15729.7131855079,0.999798997111693
"eps[3,1]",-0.029142357798754,0.00848048652269133,0.931685872534757,-1.82682333736396,-0.647472249497052,-0.0365894181793008,0.602522591410837,1.77195035711397,12069.7280194554,0.999710878061177
"eps[3,2]",-0.111741261430381,0.0100913682047128,1.01089228549733,-2.10778490458184,-0.812023886123874,-0.0943528724091455,0.567558447912537,1.87285839386533,10034.8216786531,0.999678161726959
"eps[3,3]",0.746368497538448,0.0144314110826374,1.06709539743451,-1.31180041380779,0.016671955077803,0.739065241111363,1.5025592541856,2.77499348807295,5467.50133467629,1.00004188505263
"eps[3,4]",-0.0438979412386316,0.00996784798395261,1.01963195916428,-2.02551298315895,-0.730873333200785,-0.0455329019470657,0.639898838639434,1.93555126260201,10463.6707752076,0.999941062553193
"eps[3,5]",0.0659550224056313,0.00904452186199388,0.945326298297899,-1.83527490649138,-0.557176148445875,0.0786898403933778,0.696009086687674,1.9077352002753,10924.265685549,1.00040512213254
"eps[3,6]",0.121214779485457,0.00910722533803644,0.962242469218516,-1.77265175301563,-0.545122196862375,0.126688785301856,0.769847584930505,1.98108938512382,11163.4100409692,0.999801315605112
"eps[3,7]",-0.0180951053774385,0.00890832797020848,0.996930009687223,-1.99059697496743,-0.674609588798399,-0.0234884062194834,0.638250626352235,1.94309990770723,12523.8236420496,0.999699642876511
"eps[3,8]",0.15067988578421,0.00831557734903488,0.938198623105321,-1.6754761055004,-0.466437114478152,0.150946033343811,0.774539983015137,2.01170503591721,12729.3071924447,0.999761255527581
"eps[3,9]",-0.0406478551179607,0.00916381631480474,1.01301099987799,-2.06440982629821,-0.712169746678012,-0.0314622726493611,0.630181949384818,1.94173932601616,12220.1228450332,0.999883211894182
"eps[3,10]",0.631397474816419,0.0128222769172473,1.01490176163678,-1.34915017951678,-0.0553011286884559,0.626652377056857,1.33151560849433,2.58203387281787,6264.95143628953,0.999893674680494
"eps[3,11]",0.0911872058270666,0.00848639077026853,0.981428268824154,-1.82175953086257,-0.557536165842758,0.0790638011326636,0.747003533600766,1.99155538866146,13374.3004365284,0.999622584063704
"eps[3,12]",-0.132520563993017,0.00781391296180031,0.938601986666665,-2.01719093898252,-0.759457328543157,-0.127231048751241,0.481597300542234,1.72657819258465,14428.6533479334,0.999676101820778
"eps[3,13]",-0.215519540719003,0.00820039829814643,0.935369631379168,-2.06081132960514,-0.835658467296014,-0.207609527161662,0.400877529350946,1.61434797630557,13010.5794017247,0.999703685290705
"eps[3,14]",-0.211495923098309,0.00865582762727543,0.957377447260236,-2.07865848931098,-0.855729347167968,-0.201412057057428,0.430373770435221,1.65114887932803,12233.4566342621,0.999841777908942
"eps[3,15]",-0.256952358798486,0.00852175008484614,0.984223266373987,-2.20076858698709,-0.914256500683418,-0.252763462712844,0.400478380571914,1.67174211291924,13339.1964101887,0.999645063159481
"eps[3,16]",-0.0496851328801078,0.00812696282923137,0.995943237399362,-1.97316117036752,-0.732108942553008,-0.0338800591964004,0.61845593513885,1.89381898358358,15018.0182332192,0.999605857551305
"eps[3,17]",0.071745534908661,0.00795809765186194,1.00431566447137,-1.90658039963543,-0.60869564526182,0.0611382187174775,0.75111112515957,2.03570200013332,15926.5586440948,0.999594195642601
"eps[3,18]",-0.169097773495418,0.00793276184517604,0.98276944240289,-2.13106691505841,-0.822628262241997,-0.165119974080888,0.500667974861658,1.74519062880144,15348.0942063696,0.99986285067014
"eps[4,1]",0.119959943566944,0.00806816861509933,0.902713041721357,-1.63703534559123,-0.498980542517504,0.127062762304354,0.732728346629329,1.89586337191599,12518.419530253,0.999999293800558
"eps[4,2]",-0.0625242476141399,0.0109114919070926,1.01852500171268,-2.03449854139118,-0.746682492770503,-0.0574914781096833,0.62968492868317,1.91698684457059,8713.14855062794,0.999655297312483
"eps[4,3]",0.793099371031601,0.00873845239324397,0.890651407995855,-0.985835133017325,0.22048406779633,0.793066735261902,1.37405713092023,2.50286595980842,10388.3474933871,0.999727082990085
"eps[4,4]",0.0509625444425503,0.0100912772718741,1.00501917120142,-1.94549007039565,-0.62128806152687,0.0461872883921085,0.723612520262162,2.01365483435173,9918.73789409151,1.00011283110788
"eps[4,5]",-0.0321011062740031,0.00971765870304295,0.981336483618809,-1.93318348376272,-0.695420268025365,-0.031502881317556,0.633352600760209,1.91942032767388,10197.9436111791,1.00011223413308
"eps[4,6]",-0.315672614013453,0.00966681485234672,0.980666502136003,-2.19306511622377,-0.978924299337496,-0.332622885031398,0.338484696301741,1.63721326846835,10291.4336934263,0.999937306487565
"eps[4,7]",0.0258717638113631,0.010531913114861,1.01842119502763,-1.97705773341161,-0.663874933074724,0.0148289185801554,0.72786059566943,1.98960367016149,9350.61816770685,1.0000417328321
"eps[4,8]",0.263348361711854,0.00861729762247663,0.93894955778749,-1.55316068222746,-0.362810617274012,0.248839272402711,0.901541277167069,2.11128513432897,11872.5043649586,0.999716899254483
"eps[4,9]",-0.136931786177076,0.00991036192976783,1.03296402085507,-2.10588093618779,-0.823010810271165,-0.152536940114195,0.572343227190299,1.89880533593348,10864.0400774623,0.999707219185713
"eps[4,10]",0.00944226578105633,0.0086892288065399,0.947597314659465,-1.84044362441015,-0.628309176083624,0.00706335880612386,0.642720652045261,1.87675480256886,11892.8290435512,0.999747523302905
"eps[4,11]",0.0944713263049844,0.00892588535646344,0.98940246486647,-1.83975464927463,-0.578661430718999,0.0893323050010513,0.761791034059491,2.04805642666608,12286.9295165934,0.99970206656611
"eps[4,12]",-0.146087943924721,0.00911483882693146,1.01741122128922,-2.14703409901459,-0.833631832393361,-0.138912433952559,0.524905566298534,1.82697954011415,12459.3406277839,0.99985381696366
"eps[4,13]",-0.551133293313677,0.00857432708248117,0.941779350471042,-2.38427452799954,-1.17840001087996,-0.561797958520344,0.0731808747887872,1.30655210793325,12064.1918485591,0.999595035267331
"eps[4,14]",-0.568367626237764,0.00801490186410327,0.937220343974631,-2.38125101829511,-1.21614026443591,-0.570898486116535,0.0620005519758844,1.33758539181791,13673.7298697915,0.999733626506733
"eps[4,15]",0.0434218392875688,0.00790403318861452,0.984464960919226,-1.87716608397845,-0.634064594994212,0.043225452851785,0.721178624364467,1.95598676123875,15513.2580384168,0.999650213798545
"eps[4,16]",-0.021855217529956,0.00832423213064751,0.988052668172865,-1.98847601681216,-0.678277161369472,-0.0216353404159758,0.648933976643839,1.89216578511864,14088.7293279469,0.999717348587022
"eps[4,17]",0.0310086941737907,0.00789048717362469,0.980487382733131,-1.9108195164358,-0.628469439561776,0.037632134395599,0.69728277423685,1.92931981557087,15441.0341103901,0.99977094833145
"eps[4,18]",0.0425587408361932,0.00757894958710963,0.991322661720079,-1.88917598013261,-0.643252533654938,0.062229991559713,0.718667000980959,1.99779249999781,17108.5038571246,0.999735241644146
"eps[5,1]",0.0985286331048532,0.00880069118876279,0.895452597885678,-1.67598388444258,-0.501359079259007,0.0866846366403496,0.70811520181786,1.82989330219086,10352.6525168082,0.999632772537501
"eps[5,2]",-0.0534233857903834,0.00981635660348914,0.997442612691879,-1.9870478959135,-0.741471988116827,-0.0455849821103882,0.619523600392176,1.89425803069151,10324.6463027587,1.00026075399631
"eps[5,3]",0.546652577779985,0.00811531087470605,0.860374310600263,-1.13603905617971,-0.023758433982834,0.545175596907009,1.12539574962019,2.23283976337445,11239.9543394354,0.999746932555129
"eps[5,4]",0.226227670651723,0.00877462500450486,0.922089450416163,-1.60141370235716,-0.386168099533086,0.245118968156921,0.840089152419805,2.0147359471815,11043.0484064921,0.999721057188633
"eps[5,5]",-0.39438584136577,0.00901809180682846,0.977898424009617,-2.29731110761679,-1.05349863280449,-0.406658080596455,0.265411331206078,1.57088080728776,11758.669610921,0.999688167055419
"eps[5,6]",0.181254806263739,0.00903371352843924,0.965876774310191,-1.67739534097513,-0.46725813602959,0.183824509208201,0.836978093934234,2.07301937782586,11431.699961814,0.999923601145017
"eps[5,7]",0.0311929927968835,0.0106203768525801,1.02350186881468,-1.98519564632434,-0.669120383555181,0.0386605469781236,0.728160134096119,1.98655199634438,9287.47002243759,0.999878808949133
"eps[5,8]",0.189024253165315,0.00902480544104552,0.957205702876016,-1.69170715045754,-0.446666788702108,0.185069345859702,0.813502775126827,2.12282046981558,11249.5424462783,0.999686702953152
"eps[5,9]",-0.115663796233238,0.00996662258817061,1.02201044469207,-2.15772015782101,-0.793337066029214,-0.114741150434601,0.568297333299349,1.91278209240851,10515.1299109169,0.999848252267866
"eps[5,10]",-0.430965163681656,0.00902809867861809,0.949711156256338,-2.27630794908232,-1.07402800788382,-0.438283702224581,0.220997972141604,1.42920031252117,11065.9953834231,1.00025714388392
"eps[5,11]",0.101464528389236,0.00956108540380752,1.01799468586081,-1.89083970713166,-0.58035781419727,0.105267019405652,0.796512259612273,2.08273297390519,11336.438250383,0.999922620149844
"eps[5,12]",-0.186473453289485,0.00935969984574255,1.01567250242939,-2.17289963468021,-0.871479407296559,-0.183601054639146,0.495963566194098,1.80949797567225,11775.6135969195,1.00010238807986
"eps[5,13]",-0.747123560632923,0.00876577527153482,0.945553040572113,-2.54006924515705,-1.39409866855387,-0.767160458836505,-0.116227549211789,1.12752584718787,11635.662778081,1.00027012023386
"eps[5,14]",-0.209088133211585,0.00890319911539867,0.968049910901411,-2.1636217456562,-0.857799724743987,-0.203569342304616,0.434707598869801,1.68065416823758,11822.3367611903,0.999813336131444
"eps[5,15]",0.0322162851211757,0.00807262829096651,0.971206533797963,-1.86510174885078,-0.62788185674624,0.0306683545556247,0.694008235590104,1.94564729561409,14474.1570220574,0.999717040961427
"eps[5,16]",0.231214785457491,0.00877396017766858,1.00585066217013,-1.73102519241177,-0.443062055159647,0.230600918309059,0.915144090543726,2.21380731132821,13142.4306626517,0.999891665025931
"eps[5,17]",0.170792360090236,0.00801355627935033,0.973829260863943,-1.71217131472846,-0.492615891389151,0.165680523001751,0.82101085919853,2.07019038290308,14767.774658475,0.999951062611742
"eps[5,18]",-0.00724355906333445,0.00801287842901988,0.981175337230271,-1.93278456286084,-0.670344155645462,-0.0204496149307245,0.67408136816263,1.88492868853019,14993.9527917933,0.999562897082474
"eps[6,1]",0.230778512853248,0.00779982842410401,0.888759493671213,-1.52644615455144,-0.356747131676012,0.221213963252772,0.819278768630213,2.03454319037927,12983.6980467892,1.0000480186009
"eps[6,2]",0.116312508251827,0.00914964756480486,0.944884700219214,-1.73915226597675,-0.519880279495502,0.103333139056264,0.758868686057042,1.99351238586768,10664.706358394,0.999709596588744
"eps[6,3]",0.513040259917315,0.00803169335896289,0.870289330483421,-1.26763948384459,-0.0545108782204726,0.529382782372662,1.10884743791435,2.17852862599055,11741.2160603363,0.999632695177316
"eps[6,4]",-0.151253499423167,0.00860713080934651,0.926345369257337,-1.92228337439128,-0.784604356606816,-0.160160956577618,0.488030988289281,1.63179524931365,11583.2135469507,0.999822371652126
"eps[6,5]",0.0122212793765331,0.00927449398785755,0.969022983399444,-1.90056789143711,-0.63813242520345,0.0297449067497485,0.659285106377681,1.93158611765621,10916.6077965237,1.00004683615933
"eps[6,6]",0.070904016178883,0.00891939024055394,0.945435989112,-1.80995654187196,-0.558606397537761,0.0745301823203113,0.69845790105321,1.95750831852197,11235.5394582163,1.00004238515068
"eps[6,7]",0.414456508494299,0.0102091089943373,1.0247959017525,-1.57506573106612,-0.282934274652041,0.404488404218628,1.12095968472139,2.39236199649486,10076.253360956,0.999972904363212
"eps[6,8]",0.0843278620365013,0.00900367248403763,0.946568396185182,-1.77317824426225,-0.55528030665807,0.0995252527372181,0.726351593892339,1.92982505804423,11052.6043253742,0.999888769649847
"eps[6,9]",-0.120281475722007,0.00906503817214313,0.989399179457549,-2.03190760179579,-0.791844554531582,-0.126627501815189,0.548194180971266,1.83393343692614,11912.5247862165,0.999750931069893
"eps[6,10]",-0.519798533528138,0.00793058807446241,0.914781578000492,-2.27232090269385,-1.13991191259339,-0.520012116590022,0.0804613012006521,1.30187903499687,13305.2805100453,0.999677392958584
"eps[6,11]",0.0875428168746433,0.00876457652155443,0.969778501294126,-1.79169575807491,-0.575474745505397,0.0898655574835914,0.736205785637598,1.97929973963384,12242.8697770173,0.999762316386421
"eps[6,12]",-0.131742946154953,0.00879606636455712,0.992519281087746,-2.07079294189748,-0.796929802801996,-0.135765697531513,0.555528669459303,1.80112023454921,12732.1254729463,0.99963612270404
"eps[6,13]",-0.275607820528223,0.00889088520685873,0.931386366318306,-2.10705621943256,-0.880400902751013,-0.277246756822236,0.336044134931795,1.53952542409835,10974.1210636561,1.00016301944902
"eps[6,14]",-0.512238787828909,0.00794710670950937,0.951141401026167,-2.33292591619594,-1.16797502908838,-0.529547606434439,0.129010889605925,1.38627503267514,14324.2562899332,1.00002717016802
"eps[6,15]",-0.0798512862896029,0.00809430749727484,0.953366331061113,-1.9528759616023,-0.712316119692913,-0.0662057415378715,0.539989628549531,1.79628571316713,13872.6753480664,0.999759861394077
"eps[6,16]",0.0722659789670282,0.00784496166662736,0.985854010882893,-1.88773669338729,-0.58063981595177,0.0737229080712148,0.732791935715425,1.99590723856715,15792.2337546076,0.999977477727286
"eps[6,17]",0.0220341591353036,0.00726618232944085,0.960135201590219,-1.84241966606544,-0.621458005900946,0.018535477884125,0.678304560464624,1.91272746022747,17460.3201440752,0.999725871772495
"eps[6,18]",-0.0540839602660352,0.0080147528498839,0.998204420324273,-2.01240800212486,-0.723958489006027,-0.0475808651644403,0.608655577509803,1.94100450673555,15511.6754061311,0.999734979117532
"eps[7,1]",0.00280187293514081,0.00804842527785984,0.904577185047553,-1.79052431452933,-0.595753477241284,-0.00620103334175127,0.606756632902817,1.81057099785049,12631.9217596716,0.999929930660852
"eps[7,2]",0.564004213977575,0.0083741882567714,0.893519437735581,-1.17109711937479,-0.034817891726766,0.562251745793554,1.17611040344266,2.30183008978621,11384.7256536196,0.999968022727934
"eps[7,3]",-0.115083488931809,0.00802075950644063,0.855205970416683,-1.76951319205386,-0.690686920190225,-0.12790174899339,0.449787470658105,1.56986011973829,11368.6909035259,1.00045951539748
"eps[7,4]",0.332278791947918,0.00849819308439881,0.911255966428672,-1.48219026832123,-0.2759519617914,0.344489693747562,0.955287396652182,2.0851516420976,11498.1397047386,0.999708791087477
"eps[7,5]",-0.206986542772041,0.00872437420476903,0.948222602264365,-2.0460109755265,-0.843445569075258,-0.201982468983981,0.428851111010914,1.65354280261294,11812.7778372986,1.0003674479512
"eps[7,6]",-0.218794358540346,0.00819260649972801,0.939050168609857,-2.0349826044508,-0.841867574017838,-0.220373904937764,0.416080128315108,1.65375984886828,13138.1252736973,0.999897700175493
"eps[7,7]",0.0142068290425166,0.00831556721419233,0.966534102368426,-1.93080272282095,-0.635977011787402,0.0248871837652219,0.661089262858097,1.88060104846747,13509.8524945283,0.999882071046704
"eps[7,8]",0.223789247814061,0.00812280454748502,0.935720977392242,-1.64904396558786,-0.409271240834177,0.223774239400196,0.856197625174211,2.03379392611075,13270.2995108502,1.0003506555631
"eps[7,9]",0.035257899770352,0.00934236382426898,0.997054982449009,-1.90687716912094,-0.630461972398932,0.0328448790367524,0.699541020914711,1.9774647219361,11390.02464305,0.999707015573796
"eps[7,10]",-0.281061558721112,0.00848464407650115,0.918480179019451,-2.10525339166143,-0.895432009791107,-0.273881275428443,0.333211149596534,1.51942700137824,11718.5079678602,0.999853095508923
"eps[7,11]",0.073237848821954,0.00880209645640513,0.970498987976744,-1.84050843845978,-0.577042156831322,0.0695353405823801,0.727772649533148,1.98282892252956,12156.7623512515,0.999744964430409
"eps[7,12]",0.122910949103934,0.00816061761367901,0.984398246440427,-1.80122068930526,-0.541845504618642,0.116924399348251,0.807023113408061,2.03925833864556,14551.0926530273,1.00011096167834
"eps[7,13]",0.281389791732072,0.00942219617658637,0.940758057801521,-1.60428836076116,-0.342373522396232,0.303209352979323,0.920636540621512,2.0782984526453,9969.0002998745,0.999758520117521
"eps[7,14]",-0.0722140490927476,0.00832181447893027,0.957159897551828,-1.98426419698598,-0.710478111116947,-0.0607556601424575,0.552038891730278,1.80870339309734,13229.1801241368,0.999609323172868
"eps[7,15]",-0.266464965648724,0.00825374375628452,1.00135951805146,-2.20431678324523,-0.952478530316347,-0.276773718058965,0.420670745252715,1.68422230966582,14718.9929370356,0.999786241379785
"eps[7,16]",0.298227976647043,0.00829274896971793,0.979023136262089,-1.65825019574012,-0.352418054936546,0.295992415367851,0.947901132645262,2.19664723167719,13937.6281092383,1.00013964653437
"eps[7,17]",-0.0834942076690054,0.00824592642130935,0.999746148312317,-2.02213360132947,-0.744292989255818,-0.0871853799328842,0.572185566622117,1.8714196645693,14699.4325143905,0.999599278692665
"eps[7,18]",-0.0421365585437698,0.00762790736961843,0.983995623170654,-1.99387145830017,-0.704057817559691,-0.0382174383928592,0.599865315562773,1.91112639670683,16640.8502479138,0.999702208963626
"eps[8,1]",-0.0137818414016702,0.008573018749135,0.926803843715076,-1.77616933628329,-0.644698614565671,-0.0301831404498794,0.613279571411068,1.81490820941774,11687.136205484,1.00045369630372
"eps[8,2]",0.737115115616935,0.00957314108844499,0.935381694524383,-1.07986844261244,0.102431942193148,0.737308018918722,1.35769868766929,2.54344894342029,9547.04157545834,0.999920559245101
"eps[8,3]",-0.340460042322415,0.00784466313350717,0.841634230959784,-2.01524836015943,-0.894041387906014,-0.335731261472905,0.200950659750006,1.34274566620846,11510.6058789521,0.999952471648623
"eps[8,4]",0.170167573696062,0.00803180971500353,0.923365248670579,-1.6613982448433,-0.441929304791031,0.17778566705706,0.789218403188375,1.94911611139997,13216.6147056562,0.999773711405567
"eps[8,5]",-0.493012479616341,0.00882837494296942,0.947524422487968,-2.28418562616117,-1.16061649036293,-0.521765587337574,0.170450413370171,1.38448994676377,11519.1195762283,0.999978719447864
"eps[8,6]",-0.354487820468845,0.00895834251759734,0.965008742915036,-2.23745663860482,-1.03239913622708,-0.364754864788481,0.309537823864891,1.54712694418674,11603.9852790245,1.00015650478029
"eps[8,7]",0.428333191111677,0.009166269226602,0.991887944099745,-1.54804600247095,-0.221403701912661,0.433335780459708,1.09150446349656,2.3750602384297,11709.5446084822,0.999763096749608
"eps[8,8]",0.468952373245431,0.00826413442174367,0.943341797491552,-1.40600343992705,-0.157819664040162,0.47739697351243,1.10447347199789,2.2912242583413,13029.9698186052,0.999945775087427
"eps[8,9]",-0.0436729876346958,0.00839879535692339,1.00693267879804,-1.99306535822434,-0.725620769767037,-0.0422951891187977,0.637075986676349,1.90635314078934,14373.6436029634,0.999758161734546
"eps[8,10]",-0.0595406092036055,0.00877622418494319,0.922997171981437,-1.85711608976963,-0.677082980775119,-0.0565625880438719,0.567999254885391,1.72554835489761,11060.7690316474,0.999681312458669
"eps[8,11]",-0.106863111133518,0.00874036110740674,0.964636545344278,-1.98157540054067,-0.768661987884323,-0.117993014455567,0.544277777527369,1.82132845785886,12180.5996936946,0.999644900727011
"eps[8,12]",0.0445556166758165,0.00859180519518892,0.957441656954975,-1.81470393700875,-0.611476998420127,0.0478816956965846,0.690288559175405,1.89698786966746,12418.1183653524,1.0000770495276
"eps[8,13]",0.0793852773210102,0.0085095672409679,0.940444339573975,-1.77364019039251,-0.540528724892848,0.0675625802637202,0.712487317967678,1.93678650883459,12213.8123960309,0.999863958348102
"eps[8,14]",-0.350415499241257,0.00900253010906985,0.988141561348573,-2.27996370378522,-1.01170750283783,-0.366413326984277,0.299121913507358,1.64912712400558,12047.839331908,0.999922247177477
"eps[8,15]",-0.150899675923616,0.00828159914295384,0.987981232703563,-2.07199728298314,-0.815325850291359,-0.149302044282276,0.512827500983187,1.79038937042135,14232.0997581013,0.999560922141816
"eps[8,16]",0.097502648789263,0.00800022940569772,0.971311917975201,-1.82256722467805,-0.547902406275354,0.0905539048055846,0.756530645006774,2.00301221716156,14740.5115048077,0.99979704397571
"eps[8,17]",-0.104931126325198,0.00850545359202393,0.997632080269657,-2.00063067569549,-0.783218140179525,-0.114553134734721,0.572175402994324,1.87472821004944,13757.7005860361,0.999763338156114
"eps[8,18]",-0.0539910340211383,0.0075897399780428,0.988696080210129,-2.00934595566407,-0.714345960799871,-0.0686434205695187,0.622411516248664,1.85917762074095,16969.6087734813,0.999599679659721
"eps[9,1]",0.314872579255013,0.00928821727164399,0.90418076370988,-1.48008663736739,-0.295276688255123,0.315176678907924,0.933872019075213,2.09012431802893,9476.45259918184,0.999870506896053
"eps[9,2]",0.194081508797677,0.00944679500185795,0.947353077578851,-1.70478157883739,-0.458466659893484,0.201119354514723,0.837635593115801,2.03744526195644,10056.6829426221,0.999847816058347
"eps[9,3]",-0.853653488942686,0.00864343114213864,0.87057645570114,-2.49064984644522,-1.45481186076258,-0.88750881281494,-0.281569623677285,0.922211766775005,10144.7531131621,0.999740952662091
"eps[9,4]",-0.0974269906081282,0.00929875055074941,0.938700943680364,-1.94165497824348,-0.722499246296788,-0.101666643246427,0.524640855350595,1.76148909390225,10190.7304410562,0.999812133729147
"eps[9,5]",-0.184085390063871,0.00872532105295789,0.938490945323492,-2.04272858212127,-0.803069880979844,-0.181646266233215,0.430451237713906,1.69356212290536,11569.0405059878,1.0001457454698
"eps[9,6]",0.143776909562733,0.00955509758782545,0.951517839555868,-1.71844931107368,-0.494690620690813,0.155162946221597,0.796867076647847,2.01821743239305,9916.61873696808,1.0000608201589
"eps[9,7]",0.124502046930989,0.00883866813276372,0.964494959775204,-1.74937755941747,-0.533962168085794,0.122303413934147,0.783274388909371,2.01929683057303,11907.6557194915,1.00017642886234
"eps[9,8]",0.0730726511391909,0.00860527310546258,0.942800991262253,-1.78675154541893,-0.551950073089397,0.0611273382059369,0.722383820082771,1.94116683905336,12003.5787156592,0.99994881051561
"eps[9,9]",0.0354126298293576,0.00981961847515138,1.01929049489702,-1.97137650257217,-0.667989398029524,0.033466043050527,0.735199930980943,2.02290316007739,10774.7380354121,0.999832598702804
"eps[9,10]",-0.429122208157221,0.00902981956184857,0.943288500454141,-2.26583450163373,-1.07720045688897,-0.422273023252754,0.203584451223968,1.42116774421918,10912.6678266539,0.999856500929881
"eps[9,11]",0.116787838597616,0.00910644551201253,1.01152227740617,-1.91696854977872,-0.568146333905495,0.129961818690344,0.803348840202957,2.0673341949513,12338.2372567818,0.999650923836606
"eps[9,12]",0.0457788740716065,0.00911327430205519,0.986166407372559,-1.8990151275258,-0.598567163527997,0.0516294813977488,0.696856426333883,1.96933873247694,11709.8551968513,0.999590731965508
"eps[9,13]",0.532553189634666,0.00957179130226608,0.931234076917339,-1.27686371179222,-0.108352861915288,0.545578648381313,1.17557998541988,2.32614880475224,9465.23231643699,1.00008958263549
"eps[9,14]",0.125464630056928,0.00893313945314038,0.971183322904651,-1.77233246018693,-0.528950367181359,0.124376154176576,0.771816331243274,2.0498568442675,11819.3666406786,0.999785545594788
"eps[9,15]",0.160351788354281,0.00953615490843133,1.00762221144961,-1.81789863435606,-0.515812701880739,0.1707694072306,0.83280128141412,2.13457198693139,11164.746584863,1.0003103885915
"eps[9,16]",0.361098177021608,0.00829566093308169,0.994359514962258,-1.58187435990184,-0.316702894104463,0.369638506404609,1.04558558934091,2.30243499037554,14367.6216124063,0.999702815575462
"eps[9,17]",-0.147754181297889,0.00812468853644348,0.994109838134526,-2.08252227911248,-0.832777999792544,-0.14810346254422,0.526526600533328,1.82231412400311,14971.154814815,0.99962784560771
"eps[9,18]",-0.169659564344807,0.00793166577061486,0.98526865453015,-2.09644121468129,-0.845661734791232,-0.186781007979864,0.488603668396586,1.81989458725464,15430.5185828547,0.999858724636687
"eps[10,1]",0.729356426382971,0.00905964414781242,0.920893403613114,-1.0852344547015,0.112495785230452,0.745994199945149,1.33938453062787,2.51939999122125,10332.2866263681,0.999797200824793
"eps[10,2]",-0.134085757740477,0.00886759959055733,0.895325267574271,-1.88274907628895,-0.722631335458741,-0.1413662115374,0.448261970211923,1.66118009560276,10194.1151050512,0.99971981594475
"eps[10,3]",-0.000926165499443158,0.00875252118767693,0.886268204308043,-1.76394902555672,-0.582843446321778,0.0126865252115587,0.602013068317039,1.72213550908065,10253.3078309846,1.00010847346113
"eps[10,4]",-0.679462045616567,0.00944787854806221,0.954017450569165,-2.51382435616104,-1.33863574515716,-0.695900825590421,-0.0478103693124935,1.24897826215372,10196.3335471887,0.9997515713451
"eps[10,5]",-0.0773041080531124,0.00817645951957976,0.924712826458346,-1.88160101372118,-0.700235360500473,-0.0780795915875743,0.536029262405411,1.76152277354331,12790.3721634112,0.999944240016621
"eps[10,6]",-0.0433364392336573,0.00832294180120515,0.941728856347038,-1.90767861420155,-0.655592535821761,-0.057982242635887,0.586495829096103,1.8107471079804,12802.595993209,0.999819715817718
"eps[10,7]",-0.29501477788712,0.00947769212205166,0.978675388495528,-2.2061849360208,-0.956775755441126,-0.308664725487037,0.372857699666417,1.6318297476668,10662.8215323043,0.999694077353556
"eps[10,8]",0.0957922181981758,0.00816585435800426,0.926548158085608,-1.71205130825284,-0.520805261708612,0.0903911593882794,0.706194098636137,1.92497776489848,12874.5700477323,0.999672887748069
"eps[10,9]",-0.038079626282212,0.00904325921800189,0.945264266718105,-1.88327277773264,-0.68401078801609,-0.0368326351110863,0.602739381387094,1.79378020504984,10925.8824117458,0.999839520384644
"eps[10,10]",-0.0770688348513074,0.00902048019529788,0.926599945132032,-1.88461850607846,-0.692801056829268,-0.0797542204560093,0.542771169058298,1.72610597169466,10551.767799103,0.99976261546186
"eps[10,11]",-0.188308674232069,0.00853010244990386,0.975094423509757,-2.14009525495895,-0.830075945175514,-0.183708236730505,0.479883856427657,1.70766185412378,13067.2695872305,0.999908624273565
"eps[10,12]",-0.208590794147575,0.00969233138113507,0.97415735392786,-2.12734071457081,-0.866192206985339,-0.206243253360476,0.442753905352843,1.70717451615168,10101.8686717915,1.00054392929894
"eps[10,13]",0.100032291850713,0.00869448942363822,0.92275593500026,-1.74680219778571,-0.508892280470905,0.0952076521719059,0.724233471800155,1.87181323687642,11263.8154781691,0.999706589366295
"eps[10,14]",-0.370419635890911,0.00897633751101522,0.99192102357703,-2.3223225624764,-1.03529110168267,-0.382158531921,0.292092475792248,1.56663796025045,12211.1296644487,0.99979205566243
"eps[10,15]",0.400956974163697,0.00850156054570598,0.9972020489112,-1.55207096106462,-0.279099511735967,0.390012194853395,1.08770264367266,2.32952860576759,13758.4344848053,0.999639496552821
"eps[10,16]",0.194960922616633,0.00826899336945516,0.9774286803578,-1.70900857792313,-0.460871556500501,0.19217323805562,0.857280131444746,2.08750426329639,13972.2024300257,0.999925620837488
"eps[10,17]",-0.0391306438643629,0.00809181479546262,0.975479883130496,-1.95954362862722,-0.698795533131056,-0.0403777954493178,0.606587641989214,1.89597680788995,14532.648414509,0.999856803424511
"eps[10,18]",-0.069972214167909,0.00793128666437007,0.993767889586321,-2.04171988099773,-0.731950545198184,-0.0688883427658049,0.605209067165138,1.88597587854662,15699.3844776984,0.99980149407345
"eps[11,1]",0.17160652585712,0.00792943143606578,0.900748475771265,-1.5931151071492,-0.417668233965993,0.162073032471623,0.773594348160569,1.92422951897763,12903.9590251813,0.999571948050525
"eps[11,2]",-0.0959270624811306,0.00758536420630507,0.883232550012214,-1.81905133566708,-0.687893914112886,-0.104051869666333,0.483145911961179,1.68437150040187,13558.0507661813,0.999676417417746
"eps[11,3]",-0.0455771624333511,0.00739143334510264,0.847952690113561,-1.74703668959373,-0.609043921497343,-0.0452794023568281,0.514020786267442,1.62284043160483,13160.9098689498,0.999926426545291
"eps[11,4]",-0.213297016099077,0.00797232246342324,0.946939891265743,-2.05928365895406,-0.838701113830629,-0.215715901042254,0.416511804734042,1.68390678198249,14108.3138124668,0.999726879244256
"eps[11,5]",0.102714895688678,0.00799680865797426,0.910324564466421,-1.66434249368072,-0.517302195004499,0.111843544010282,0.731510833170444,1.87051751441248,12958.6307415279,0.999802872294296
"eps[11,6]",-0.180578466796599,0.00816593857720474,0.923350772608877,-1.93903704400495,-0.817303753768101,-0.19451943237677,0.457242319351286,1.61070381086917,12785.6030232929,0.999764569359145
"eps[11,7]",0.159921821894133,0.00796895999822457,0.939689295242925,-1.72106725887258,-0.458252159133762,0.169737467719647,0.790714642736451,1.97728212773417,13904.8166105329,0.9996175291432
"eps[11,8]",-0.275971812926264,0.00812202598897423,0.940466774965386,-2.12767551770176,-0.912098719438803,-0.268066357626363,0.358038827833044,1.56451929492953,13407.8198159831,0.999716005627005
"eps[11,9]",-0.133515831354716,0.00811561754764211,0.945655446975627,-1.98181158545817,-0.782024675401162,-0.13763556898803,0.513452535268594,1.73337019441313,13577.5906763084,0.9998406711518
"eps[11,10]",-0.0131141344551075,0.00829025306089807,0.90534763285181,-1.80140630308725,-0.62800507966138,-0.0124652175880464,0.604636853988751,1.74546757257687,11926.009900374,0.999791390838532
"eps[11,11]",-0.0240075083966994,0.00826123004835404,0.971182433235378,-1.94187876073059,-0.678857129036754,-0.0138771405818914,0.618804931692838,1.87266050458477,13820.1324260619,0.999614080360424
"eps[11,12]",-0.0916372642895006,0.00859016295813416,0.967472499461634,-1.97021302721953,-0.752824384374522,-0.0950075720610733,0.546947479826055,1.7848770075261,12684.5321264326,0.999948816976779
"eps[11,13]",-0.127897652117135,0.00851023385951421,0.920439215031099,-1.92325765649393,-0.751740837794343,-0.126600127507509,0.471369028110529,1.72343162097233,11697.882037955,0.999667032684657
"eps[11,14]",-0.0283573018206642,0.00847883977671994,0.971967981990607,-1.94070222031401,-0.678365594491094,-0.0178803536083324,0.638841704148173,1.87619427261664,13141.0800446229,0.999586122426981
"eps[11,15]",0.237750213428705,0.00835180809812996,0.992622331702568,-1.71138616138396,-0.433747583795964,0.25037179359505,0.90685357717261,2.19806385523212,14125.6053811565,0.999975434402217
"eps[11,16]",0.279298768098959,0.00833059458295577,0.989051296234313,-1.69468683072943,-0.380697939550964,0.293812804332979,0.944663137793944,2.22363012532151,14095.6670795556,0.999856476062735
"eps[11,17]",-0.0046509211744212,0.0075382484637804,0.990493071611044,-1.97557326344441,-0.662387950132049,-0.00896222994903149,0.65646848589267,1.92834504750329,17264.8173566481,0.999696327756068
"eps[11,18]",0.00720737672354044,0.00772439190606182,0.984829631388839,-1.85042841882119,-0.668386081831182,0.00806858825517786,0.677514584340279,1.96351553032894,16255.2485331361,0.999664277618315
"eps[12,1]",-0.0573560948076097,0.00910170287075705,0.918404238986528,-1.85175116554928,-0.677064375928204,-0.0627067710236913,0.569860083882527,1.73604584588561,10181.7505292656,0.999717932714635
"eps[12,2]",0.0123194793194171,0.00891802911669757,0.910438956608911,-1.78761146997186,-0.59273124071844,0.00928202823773707,0.620335666252115,1.77775592470798,10422.3077503099,0.999673332766573
"eps[12,3]",0.0551198061147537,0.00823936163076873,0.869751454777191,-1.73405215335189,-0.497409198857906,0.065242061174872,0.621932051011663,1.74062569112185,11143.0273944145,0.999760360332953
"eps[12,4]",-0.362308569258501,0.0101755936276707,0.950030779975776,-2.20695766281691,-0.998250446370591,-0.37259696284971,0.269639582415605,1.49966350301152,8716.77514136096,0.999602418883487
"eps[12,5]",0.0842747171566032,0.0098134762491896,0.945482790054317,-1.75996394650648,-0.551922620509733,0.0760499110846994,0.716625708234161,1.94746361933202,9282.42619387732,0.999952527917665
"eps[12,6]",0.0328113181333083,0.00974831022525459,0.958660955078309,-1.81369709229575,-0.613762818444905,0.0260951233785751,0.674947833534063,1.94868058625864,9671.00028415529,0.99974834099523
"eps[12,7]",-0.114142760188116,0.0100273820032454,0.984659568060533,-2.02174404008751,-0.779702684240369,-0.119080479656095,0.53814836254111,1.84691651328903,9642.66525327291,0.999722538856895
"eps[12,8]",-0.573116267294243,0.00965752683252936,0.979025470072239,-2.50123577777867,-1.23130457934419,-0.577935922431726,0.0804725125332531,1.37524347086627,10276.7580992961,0.999600243375001
"eps[12,9]",0.338053923951077,0.0105381670572802,0.970542951834463,-1.56686777842998,-0.306522955789668,0.331475108741082,0.991762522090896,2.25066546093305,8482.02136677316,1.00092268557275
"eps[12,10]",-0.36812952789494,0.00913686487383326,0.946521363270721,-2.21168404795553,-1.00438609530105,-0.374016453019262,0.278526553598689,1.47684750048186,10731.648434505,0.999836129631353
"eps[12,11]",-0.27022155473022,0.0101536610783473,1.01381763438887,-2.24197688650404,-0.961162224767451,-0.272621416702027,0.424319381939779,1.68107199167017,9969.52246697395,0.999859993123277
"eps[12,12]",-0.403460789505909,0.00966541946818686,0.985071274167464,-2.31395351697601,-1.07935052214554,-0.394766002829372,0.258138557649399,1.54805635421365,10387.0900357191,0.999742280732754
"eps[12,13]",0.468856463166261,0.0104110779025676,0.977867862965456,-1.48588861562398,-0.18814201389007,0.493712235412325,1.14891468100571,2.29908725024197,8822.03862192341,1.00015422471176
"eps[12,14]",0.51686737656503,0.0105658103002016,0.961067433332554,-1.39601547423469,-0.119835388746646,0.534233307098307,1.14893256530576,2.38320462036872,8273.7444725917,0.999936898162495
"eps[12,15]",0.23143098211638,0.007981530652369,0.966864826403777,-1.67988091702767,-0.410436030231489,0.227326268946722,0.886215524336689,2.11221555686098,14674.3593809526,0.999838969122252
"eps[12,16]",0.107674379939282,0.00783508070731936,0.967723064917151,-1.73213634974152,-0.549775446925316,0.107883604461977,0.770549917077625,2.00368397467787,15255.1062112548,0.999732668342606
"eps[12,17]",-0.0193420779533457,0.00807647094598571,0.999131495275948,-1.98637905310699,-0.685749040110945,-0.0313423272714749,0.651252163213311,1.93294097415063,15303.8967998502,0.99970339127901
"eps[12,18]",0.174102718585607,0.00787693437099144,0.977109263105944,-1.72914277433741,-0.477709391569213,0.174758138048088,0.834904435085718,2.07411952193147,15387.6325454637,0.999834783004499
"eps[13,1]",-0.258660375223998,0.00780506123026201,0.875929330191336,-1.99546400918127,-0.849137990270958,-0.258423805750996,0.325049344474729,1.49567591884539,12594.6327615995,0.999641823427701
"eps[13,2]",-0.123278284576999,0.00806580912665735,0.915134563659219,-1.8997874096198,-0.733841331119201,-0.134594867918489,0.475872663278669,1.70596666508923,12872.8300649168,0.999727338592599
"eps[13,3]",-0.267245658773685,0.00803955716005497,0.868908332323217,-1.98256017307103,-0.836688521789351,-0.263836750147142,0.326267335071476,1.41793648390801,11681.0980425539,0.999795364599386
"eps[13,4]",0.117202077294298,0.00847557905069888,0.913354454746021,-1.71680346421352,-0.481398779006899,0.109554217926985,0.74674753396169,1.85711247133224,11612.8801767395,0.999787600027525
"eps[13,5]",0.286411771830264,0.00815269381819952,0.932492153188571,-1.54697206937789,-0.347440137444673,0.302379597096704,0.918632251061157,2.09273217410391,13082.420591244,0.999989709976012
"eps[13,6]",0.387717932025667,0.00871969158268751,0.919723110488668,-1.43016085401526,-0.232201454525753,0.392998134413612,1.02342418136297,2.16164230367905,11125.3056308338,0.999764761803661
"eps[13,7]",0.137267197081096,0.00808058466078924,0.923853069481184,-1.66244316290534,-0.481940941351809,0.139370705401325,0.754923740243303,1.94195109244804,13071.343953977,0.999748002270602
"eps[13,8]",-0.243129795314088,0.00824864330821514,0.940004755331334,-2.06154364972927,-0.891749406381812,-0.239959613409179,0.397568950812314,1.60964383430888,12986.5877140939,0.999946965989622
"eps[13,9]",-0.15691598453362,0.00847910266681877,0.91689987106141,-1.94739176324208,-0.765037930513708,-0.16966528660697,0.448114199278383,1.69775726769352,11693.4869592451,0.999971804171856
"eps[13,10]",-0.423798574045405,0.00848386222108905,0.915062998658895,-2.2196300613485,-1.03643365938359,-0.430828492093342,0.182422280598728,1.38887112066243,11633.6173627663,0.999851255965594
"eps[13,11]",0.0216589290911222,0.00820925985417244,0.954770194407348,-1.84192473693674,-0.628837083457004,0.0174494129570045,0.669289006635084,1.9175455238165,13526.6327792743,0.99983566564279
"eps[13,12]",-0.23874151087663,0.00831267596131552,0.952338965524731,-2.09047020521193,-0.897219828511066,-0.239482766213504,0.411172251740195,1.64163019201607,13125.063259383,1.00011071129277
"eps[13,13]",-0.206762599074767,0.008842488381086,0.942698243619828,-2.00322359904664,-0.852856728719763,-0.213260732951433,0.430334172521348,1.67926850713772,11365.7055385422,0.999590211663661
"eps[13,14]",0.139103793011045,0.00840249495990441,0.952239277007289,-1.72555692628318,-0.514636316285895,0.147091904254812,0.782057960339439,2.00192004948824,12843.271411778,0.999689735783441
"eps[13,15]",0.290768121679302,0.00889162736605207,0.983974270115321,-1.63608921577545,-0.360096237586393,0.281393604943166,0.950098801538141,2.26121953162987,12246.3023296151,0.999589242577736
"eps[13,16]",0.304283215793684,0.00815586880934036,0.99473894735683,-1.66910903011796,-0.358506630375274,0.319785248161067,0.986611108091441,2.19842565221778,14875.7126977013,0.999799500397797
"eps[13,17]",0.0452427573311245,0.00744311872516063,0.97165173222628,-1.82562180140478,-0.6087399869395,0.0411516994817498,0.70360269768504,1.93191904209911,17041.639169513,0.999623819164172
"eps[13,18]",0.0211080671673271,0.00798534160671055,0.972506148833621,-1.88679387755648,-0.642005042717075,0.00904896140269248,0.673674843894408,1.91741066192959,14831.9315496682,0.999578874708108
"eps[14,1]",-0.431761418399495,0.00936305120545594,0.919013975712933,-2.20247468399715,-1.04160820228879,-0.435565823383562,0.160123177621989,1.41159534216378,9634.06195279025,1.00060845811544
"eps[14,2]",0.240181640727603,0.0100367840142499,0.992141690164391,-1.7153388947575,-0.419072250276847,0.248119158118203,0.907091113816034,2.17662222078709,9771.43261659226,0.999726655635563
"eps[14,3]",-1.00661371622627,0.0105250052964755,0.891860477364506,-2.71069903019067,-1.61344430710781,-1.02577769437452,-0.421065273265434,0.816682109507118,7180.40914267027,1.00020720160804
"eps[14,4]",-0.208544058510572,0.0112567018279191,0.944113431397021,-2.05044373813809,-0.863883590403816,-0.216126793991304,0.432284062377468,1.6643975884611,7034.38327157648,0.999806086542207
"eps[14,5]",0.19399075364015,0.00963284205542568,0.95732179250938,-1.64669057298691,-0.462840473537093,0.193541644897913,0.841253844797495,2.08470133706633,9876.589685386,0.999678625997634
"eps[14,6]",0.104367734635786,0.00967498338094265,0.95902426802201,-1.75861654337035,-0.547528820340691,0.117607346164443,0.768859647847609,1.9459353457866,9825.59227988935,0.999890512864561
"eps[14,7]",0.39366023168838,0.00913994503832522,0.961853766980652,-1.49871074439006,-0.257543324420009,0.392728897618872,1.0393019522005,2.25861343877116,11074.6735169838,0.999693831639811
"eps[14,8]",-0.426755297443531,0.00912813985762922,0.952013075713516,-2.27565342953404,-1.06570164404011,-0.434998059673233,0.210355384936402,1.44120040587266,10877.3037308638,0.999881829067167
"eps[14,9]",-0.418675784897134,0.009486635086005,0.96374732419203,-2.31464578900797,-1.07311049577097,-0.440249446870666,0.222119366167436,1.5264088380956,10320.5295093739,0.999675818576518
"eps[14,10]",0.0130371508059012,0.00915237759610819,0.924504618314804,-1.81898005370349,-0.608597627561523,0.023285688208301,0.633281360083258,1.80763073229914,10203.5268423989,0.999677137953951
"eps[14,11]",0.0572497005726568,0.00914434409581984,0.964670922060553,-1.78571980480784,-0.590293902245934,0.0499715858574025,0.710713032125161,1.97701223632512,11128.926030775,0.999995398595442
"eps[14,12]",-0.0657110959912421,0.00897548740747265,0.992356562485788,-2.01575420382282,-0.738624521775004,-0.0498232718589325,0.602329678264088,1.85348858875399,12224.170766806,0.999703263689534
"eps[14,13]",-0.786545592940542,0.011678636464813,0.994395403234085,-2.71537700621744,-1.45769604763172,-0.800249176572281,-0.120582970269731,1.20042469571599,7249.93205403832,0.999845308595624
"eps[14,14]",-0.166591359357325,0.00822124835287881,0.955674397265367,-2.0319661359819,-0.810317372220227,-0.169138129171877,0.461320651522968,1.72943008585879,13512.7694458677,0.9997167371602
"eps[14,15]",0.441083441962885,0.00845734981971342,0.952072547944768,-1.44053034069355,-0.208140393581743,0.455412850105899,1.08922605727683,2.26185131934609,12672.768357682,0.999825207990415
"eps[14,16]",0.0903109875116604,0.00822869079260484,0.960971934705218,-1.73671824373273,-0.567770414748197,0.0853540949897204,0.748444469088461,1.97437695260674,13638.2900330343,1.00000256966878
"eps[14,17]",0.135122129772347,0.00891170112652613,1.00927751453266,-1.88587911047731,-0.546403711766375,0.146257069127782,0.810141875096182,2.10802523023157,12826.257941466,0.999901004480812
"eps[14,18]",0.0250600967246558,0.0084807638997068,0.990852802646659,-1.9272112246359,-0.633520201516649,0.0216410774259316,0.690698075130584,1.9860122066805,13650.493062497,0.999826253859762
"eps[15,1]",-0.430261794130093,0.00767638798341564,0.907487079439446,-2.19964091969926,-1.03863318587739,-0.43475706408646,0.18183420644658,1.36154565725421,13975.490744268,0.999838168080746
"eps[15,2]",-0.303597230642033,0.00863062582290822,0.927960892803243,-2.10191912193742,-0.932933464223543,-0.301229251996564,0.341241255182854,1.50862648675793,11560.4508442665,0.999945881890833
"eps[15,3]",-0.362842555984075,0.00882848907289847,0.899873744396623,-2.15186636330789,-0.971725349942226,-0.368344662973595,0.245574098829274,1.38565615164172,10389.3982365411,1.00002680253294
"eps[15,4]",0.386767840318029,0.00875540899776588,0.901056535279186,-1.38879932976905,-0.220081368808105,0.391254662738235,0.996094787239074,2.10721222588886,10591.3471982007,0.999828729724862
"eps[15,5]",0.082854736709856,0.008582537582048,0.913728626349501,-1.68118142016727,-0.538033063790045,0.0774767994841268,0.697861390534046,1.8813870423687,11334.5174323351,0.999780361273109
"eps[15,6]",0.328198614455746,0.00839200534073527,0.926110642253642,-1.49334183249102,-0.292529160837984,0.317545416487543,0.961122686224119,2.14975072985753,12178.5125096816,0.999691187776148
"eps[15,7]",0.146819872071778,0.00829606629480723,0.924267630349989,-1.64578284984243,-0.480232855225029,0.145873518739468,0.778029368050974,1.97632168280807,12412.2655720367,0.999553146341468
"eps[15,8]",0.00904963910050677,0.00845462772276199,0.923567679331845,-1.78212665762814,-0.610509899614933,0.0106280764466046,0.631843719058996,1.81455757126485,11932.967936055,1.00019135463729
"eps[15,9]",-0.549666955285663,0.00873112182167203,0.94210704373447,-2.38329137613411,-1.19605419260865,-0.563294162537038,0.0928106089451688,1.33586006649592,11642.8795918371,0.999664261235715
"eps[15,10]",-0.0890149472051644,0.00798761528999467,0.900720483206948,-1.88806487123417,-0.691859397715609,-0.0820089085155216,0.517179610716204,1.65689647152073,12715.8617916962,0.999618128714188
"eps[15,11]",0.0418335189420515,0.00820415344309703,0.952624528609355,-1.81065563239999,-0.613905956068937,0.0488143130836396,0.687303444454696,1.89816623546569,13482.6720394881,0.999740498873908
"eps[15,12]",0.0350474461175763,0.0082481562399432,0.973831110790246,-1.88178524640773,-0.63477670902564,0.0442294321176082,0.695030796511845,1.93293666443533,13939.7033488566,0.999773592509582
"eps[15,13]",-0.0741052687808623,0.00869482153327779,0.953528773310957,-1.95102102607886,-0.71647885308166,-0.0793586652543311,0.573596956253633,1.78805612592435,12026.6939904878,0.999741741062144
"eps[15,14]",-0.168404923001932,0.00865041360799176,0.966057599818961,-2.05177563749974,-0.824098020512827,-0.173507402948313,0.488337250491995,1.72840739247064,12471.8907072059,0.999792366889915
"eps[15,15]",0.197025502375048,0.00805129708915749,0.982338598603507,-1.73857111031849,-0.486061951403398,0.204975809277675,0.873674706728485,2.12768210792499,14886.4352735896,0.999599078978252
"eps[15,16]",0.0193003973008887,0.0081825555524068,0.980828629314142,-1.88940115109224,-0.63660252242908,-0.0018549067001545,0.669397865680217,1.95603957118057,14368.3977893174,0.999652183432924
"eps[15,17]",0.118033295156949,0.00767755855825163,0.971665729871611,-1.80139359203417,-0.536868413544658,0.118675764259975,0.777867319796534,1.99871393039496,16017.2331086741,0.999840754622731
"eps[15,18]",-0.0842070467404637,0.00730194651065528,0.980831265002841,-1.99228958751584,-0.739063355360638,-0.0790143160161626,0.566247549537149,1.83963989019,18043.1062864201,0.999786924384136
"eps[16,1]",-0.611964736442748,0.00805470823686691,0.893541018281767,-2.34819988429707,-1.20389800152951,-0.620917494438623,-0.0225854907031328,1.15567968602677,12306.3527618272,0.999750205104584
"eps[16,2]",0.132960030933631,0.00922471514388169,0.936443289101441,-1.70174641836694,-0.497726699795498,0.130235703191119,0.767412083697613,1.94924860120187,10305.2144787957,1.00045911885189
"eps[16,3]",0.430880626826115,0.00899094379479174,0.888083400074233,-1.39340350864681,-0.159187586448135,0.447089033506803,1.03239819009998,2.13648039807917,9756.56493183804,0.999753028756055
"eps[16,4]",0.341060369619042,0.00821775877896206,0.887001899975383,-1.38245641896814,-0.252857032625524,0.33154964808654,0.920842155993041,2.11657180430116,11650.4398557053,0.999623441461478
"eps[16,5]",0.070666342691415,0.00807431926581872,0.933897649589366,-1.74114236959064,-0.571454735949221,0.0696428132247622,0.703981361592122,1.93361403028932,13377.8625389657,0.999707633075003
"eps[16,6]",0.107964119439675,0.00811242839051535,0.9427815005482,-1.75371270325121,-0.514737759689614,0.10468185807171,0.728659747421126,1.94765792815696,13505.8011673753,0.999771115101734
"eps[16,7]",0.0198303578262856,0.00833686735539937,0.943038336475985,-1.8581553803508,-0.613881575394335,0.0284249634737428,0.66168750432256,1.86172758650502,12795.3718869332,0.99974227508694
"eps[16,8]",0.201713601976846,0.00842103238176737,0.952735143839561,-1.70184454172912,-0.442107224198934,0.199688744190208,0.851866325114453,2.04273098001792,12800.1098335073,0.999872606576687
"eps[16,9]",-0.00250083511814707,0.00866914582639004,0.962692560670917,-1.93083673366483,-0.625444379687082,0.00266498439551641,0.634201796647211,1.89787866427277,12331.6904545458,0.999541856879236
"eps[16,10]",-0.330937405058237,0.00895052236720646,0.931762119554074,-2.1205184255154,-0.948389988218354,-0.334964740839514,0.288966126667172,1.48894094143302,10837.1063761056,1.00021236442868
"eps[16,11]",-0.114697538782569,0.00812137669804704,0.960048363600416,-2.00867840352349,-0.752088793206594,-0.109154116011723,0.539120090043491,1.76397894928388,13974.1986694929,0.999641205340328
"eps[16,12]",-0.0729706990938985,0.00854091206068254,0.965964266584495,-1.9662797309826,-0.734762411675408,-0.0724982324381478,0.569755462232157,1.82611039364803,12791.2686865413,0.999674531101292
"eps[16,13]",-0.0672037638323482,0.00884126047823666,1.02213975344715,-2.03605181982473,-0.768337867467081,-0.0835284291764007,0.626351457889316,1.95641535350227,13365.7147168588,0.999761322670888
"eps[16,14]",0.275422704751033,0.00976023264679777,0.988585705317481,-1.67233464331696,-0.379467586419563,0.269647672869897,0.944462536922571,2.2360745124885,10259.0775644974,0.999866469048733
"eps[16,15]",0.0591643652810676,0.00761330019127036,0.954793193007233,-1.84713329668741,-0.579532211498323,0.0589284950072072,0.702634385850241,1.91545287339037,15727.9717230332,0.999814910011662
"eps[16,16]",-0.115773474147286,0.00799228684606253,0.983984459888623,-2.04912144213926,-0.770229824062342,-0.13028997943251,0.541553105327125,1.81628658385019,15157.7365439357,0.999856953753323
"eps[16,17]",0.0584357262591561,0.00804656165994457,0.972937892364453,-1.84943462742644,-0.617268439557923,0.0639410419151751,0.728273885387932,1.95494516627339,14620.0732529057,0.999662900362232
"eps[16,18]",0.047786746195509,0.00795823723287238,0.992221912852832,-1.8920306091084,-0.637522656811195,0.0540927228014235,0.72915685541704,1.98008308090753,15544.7544319227,0.999683006108935
"eps[17,1]",-0.397193417789177,0.00864584296649244,0.890857156206658,-2.14831233240785,-0.982104825661137,-0.393989941515856,0.192010660502697,1.37849359278806,10616.9912533302,0.999807337947678
"eps[17,2]",-0.403821729333051,0.0086679057360979,0.933108680491132,-2.23511131345486,-1.03330052491105,-0.398437348076298,0.219428362383445,1.44385664939308,11588.7368097868,0.999735426900868
"eps[17,3]",0.585672523851598,0.00812438719271563,0.838547090262093,-1.10393075181129,0.0293886026187831,0.598148267960238,1.1412246369362,2.21114228898052,10653.0431674521,1.00003959102677
"eps[17,4]",0.669182724466682,0.00900834784396848,0.904659896660658,-1.17854557637018,0.0820958348803036,0.688793361585812,1.25567342346161,2.42125393271213,10085.1040257266,0.999643515211127
"eps[17,5]",0.249258210322448,0.00886291532497026,0.938375547096874,-1.60759416408186,-0.384959129340573,0.259764965503491,0.873660435129914,2.07862659313963,11209.8593589062,0.999974533912495
"eps[17,6]",-0.0524629084075626,0.00849651456973534,0.947175127895764,-1.92035206735389,-0.682110745767654,-0.060905428957007,0.571840124853368,1.83654564408745,12427.3622409671,0.999923575464427
"eps[17,7]",-0.162608254246012,0.00825327056239443,0.9289108975824,-1.9773945223578,-0.774734985227857,-0.173601001179933,0.46438052108429,1.66506350083504,12667.6469378409,0.999609097828375
"eps[17,8]",-0.186810913900686,0.00894208402406129,0.959756958834319,-2.0862010550871,-0.827317814571999,-0.180265122379686,0.456271456258229,1.71205041315977,11519.8028501016,1.00020091792745
"eps[17,9]",-0.136187605019496,0.00802006573882184,0.950945344340404,-2.0243298639828,-0.765500516387816,-0.136034657469018,0.509572640687754,1.66512511809409,14059.026736639,0.999917725150637
"eps[17,10]",0.0855280705445029,0.00887734544086488,0.924357319991586,-1.74158503727072,-0.522004205684287,0.0919738276210841,0.699079496951541,1.88989193282953,10842.1030309771,0.999661699517843
"eps[17,11]",-0.050039864282348,0.00877925260366073,0.957348302483206,-1.94371563035261,-0.699373326720353,-0.0458626925670001,0.610689181000291,1.82036841352132,11891.1772557418,0.999840871124451
"eps[17,12]",0.015304046225786,0.00905700007118908,0.973409881812257,-1.8618000886836,-0.644920392197326,-0.00761697966962058,0.678797421037828,1.87147546129831,11551.084456648,1.00012613492152
"eps[17,13]",0.523170811099389,0.0120123142897402,1.05235444037567,-1.52648211028798,-0.191508862706954,0.521870823887991,1.23937155573475,2.59988254948255,7674.86425206867,1.00005655222134
"eps[17,14]",-0.171573720588036,0.00840095562190711,0.956140435709001,-2.0061839931844,-0.823914352336554,-0.190074884730585,0.480270058762871,1.71535038634349,12953.4659895388,0.999932378544839
"eps[17,15]",0.0663525628565491,0.00858430262294551,0.965976630526982,-1.80344720190195,-0.586181276127955,0.0634081102700361,0.713110559972626,1.94952429064351,12662.6091165094,0.999990828149262
"eps[17,16]",0.0638000291091926,0.00852542909273708,1.00046650258129,-1.89230089199724,-0.615624402667641,0.0722862219714218,0.743865206548627,2.01606949371091,13771.2261784021,1.00015150187535
"eps[17,17]",-0.0266643137682293,0.00792916056423555,0.964488655003513,-1.91659774980961,-0.662454079373246,-0.0188748264680824,0.608176647726874,1.91700644454142,14795.8466815988,0.999933165564374
"eps[17,18]",0.0783088127969078,0.0075896464402057,0.99726672463922,-1.85614418783054,-0.584371477548437,0.0788180018587082,0.754640375304006,2.02119354677636,17265.5161789787,0.999662266663721
"eps[18,1]",-0.315918878406781,0.00838383093807469,0.896708606606283,-2.06902241325418,-0.904262079009162,-0.312689538260892,0.284988653056162,1.46099080899013,11439.7794615178,1.00023776458165
"eps[18,2]",0.150591274587244,0.00820272912213132,0.935449217517048,-1.69252005664138,-0.471798115215781,0.159372759985162,0.769994022223327,1.99457087597178,13005.3993335517,0.999697733036212
"eps[18,3]",0.466233792764178,0.00791364788118856,0.836282294289439,-1.17132182920395,-0.100475030262683,0.454828567149979,1.02905534256104,2.15243694621752,11167.4073826663,0.999916287351194
"eps[18,4]",0.2651711846033,0.00797843306842228,0.90397453735185,-1.50849377068204,-0.334510550807777,0.269262758634614,0.863834525477164,2.05237640479125,12837.4032413125,0.999604899531396
"eps[18,5]",-0.0581620960565108,0.00822792560194503,0.952332425385299,-1.92319879736838,-0.698604624494695,-0.0751188343373115,0.568176602292262,1.85237356698771,13396.6567823395,0.999869427358269
"eps[18,6]",-0.011221911416372,0.00883496444914094,0.955318288592841,-1.87618395174963,-0.652811776758379,0.00332092225013175,0.623913780875364,1.84498108155289,11691.9398196766,0.999645730930521
"eps[18,7]",0.0153127309946179,0.00818590286869993,0.928114397552658,-1.77868419982986,-0.608936915939235,0.0189637754823303,0.640189773159311,1.82858508749245,12854.9338252643,0.999876319181612
"eps[18,8]",0.0250269242991436,0.00904701968245712,0.989522647497647,-1.96270450283448,-0.633578371537769,0.0317526457874203,0.689925292549495,1.94392215344633,11963.0083716011,0.999744451728702
"eps[18,9]",-0.388312539485341,0.00865360954516813,0.959221599063194,-2.22959118021395,-1.04418112950527,-0.401687979446911,0.254996524206389,1.53925564295149,12286.9278252206,0.999770899401411
"eps[18,10]",0.317662871357434,0.00794071325563115,0.925021525441291,-1.50685179358248,-0.303196786028894,0.338000025971718,0.940292856759718,2.10218241984145,13570.1500759656,1.00011965697812
"eps[18,11]",0.0188141675567016,0.00841297616142276,0.96833142156416,-1.8702319589858,-0.637067580135652,0.0191872128381592,0.664731202354915,1.92842042601915,13247.9515916603,1.0000686887576
"eps[18,12]",0.0737304138518505,0.0081596783942973,0.965758509773712,-1.89306493446358,-0.553309691986591,0.0725927827814564,0.715326575320975,1.99829579120523,14008.4796521882,0.999521819968225
"eps[18,13]",-0.0590201239813384,0.0087704615451937,1.00417431857954,-2.05138462768829,-0.716166370174245,-0.0554512279101885,0.607347314251989,1.9058202810994,13109.1134834151,0.999656218051705
"eps[18,14]",-0.421298501307048,0.00847998991084122,0.960362767140243,-2.31227867150381,-1.07598510469083,-0.428249562342645,0.23250576070499,1.48266109750438,12825.6669290559,0.999662748304915
"eps[18,15]",0.127384233503811,0.00811586905112904,0.972124152837088,-1.77417133611901,-0.531238716184173,0.117859850394095,0.794398250405485,2.03892987127259,14347.4065519293,1.00021320326576
"eps[18,16]",0.0230432759430249,0.00823042338614176,0.982203777601823,-1.87587839131008,-0.638277703700331,0.0356966941826352,0.681930433350833,1.95949374172067,14241.6020777274,0.999652084147617
"eps[18,17]",-0.0716451467127796,0.00808650716327116,0.991773584266609,-2.00151422761537,-0.767246219669423,-0.0730708716712061,0.623198526537875,1.83540402431346,15041.9147261127,0.999566862894484
"eps[18,18]",0.102480396803963,0.00798171175882387,0.996075256855809,-1.85692528680169,-0.55985806417149,0.0993999537649867,0.781567129719757,2.03251707265021,15573.7150350688,0.99967015010781
"eps[19,1]",-0.431774402184676,0.00852812900709308,0.902014923171959,-2.17634657737589,-1.04798417046222,-0.431440371830229,0.16027538354881,1.36906268186922,11187.1618827974,0.999779566026954
"eps[19,2]",-0.249343317728447,0.00858273828602004,0.926657651481557,-2.04581439427502,-0.872040133088331,-0.263192801182787,0.378179737845139,1.57216714047901,11657.0025821284,0.999694223509543
"eps[19,3]",0.857845520499078,0.00816967870312558,0.847113347446712,-0.796358523577764,0.286298392692444,0.853984150669816,1.42596656816878,2.48463719988203,10751.5999232126,0.999828200978161
"eps[19,4]",0.553000084443697,0.00823122755016886,0.907007705384075,-1.22739368621584,-0.0484874729430853,0.548674606330324,1.17513557346651,2.32916145345529,12142.07014649,0.999622366107844
"eps[19,5]",-0.333065473582681,0.0089377746716477,0.935364198773379,-2.15628634011442,-0.974457312631674,-0.34283111353568,0.303652704350487,1.51961347170525,10952.2332215354,0.9998476120716
"eps[19,6]",-0.227670695851298,0.00896110392920625,0.930778598177992,-2.04001215976074,-0.855210162059527,-0.22659979496512,0.392228899449672,1.57780899365977,10788.7157065391,0.99977752968105
"eps[19,7]",-0.401354984586171,0.00879570334730623,0.938752555158867,-2.19987864400114,-1.04468124968684,-0.399423835633712,0.228011239704402,1.46352594455098,11390.9807318629,1.0002617314484
"eps[19,8]",0.0207658507560099,0.00896813027750737,0.993484961402718,-1.92496645473052,-0.632055425254841,0.0078390272885464,0.694692760362251,2.00711026835444,12272.0969612547,0.999672499440268
"eps[19,9]",-0.327955011704541,0.00885547397344598,0.933690615398307,-2.140115993632,-0.964761326064547,-0.334432097818353,0.303902658032799,1.54939320288729,11116.8658621444,0.999770597695347
"eps[19,10]",-0.216262033896282,0.0103893805337262,0.995791604204402,-2.11160523232124,-0.887656604543101,-0.240377298232175,0.444814043927259,1.76468731380985,9186.65936869835,0.99960997319624
"eps[19,11]",0.0316895173422743,0.00828106693385678,0.970356447212549,-1.87837938573479,-0.619769369362674,0.026288113044171,0.69091874814714,1.91693851346279,13730.6153684079,1.00003015989538
"eps[19,12]",-0.0321581578596822,0.00905897964876623,0.968871070085898,-1.89644103171729,-0.695738171362115,-0.0473035759335737,0.620152842299833,1.9063589038661,11438.6141005161,0.99994404846341
"eps[19,13]",-0.0762631651745252,0.00847725285950696,0.998051177081104,-2.01364790910208,-0.76516851250459,-0.0785668532992227,0.602891599556935,1.90360570230072,13861.0250179705,0.999957679874832
"eps[19,14]",-0.316879251574545,0.00872506362272077,0.971722857739904,-2.18088924822301,-0.977254843731442,-0.315262626057411,0.326489967379984,1.60962244219127,12403.5965750915,0.999858807662778
"eps[19,15]",0.097994766210449,0.00834737229189184,0.960259997766827,-1.80808010287677,-0.54001331268141,0.10107071905194,0.73478712126177,1.98730656283757,13233.603191367,0.99967369896315
"eps[19,16]",0.0634474697206418,0.00836506770142312,0.981215473218879,-1.85015058244209,-0.596637882779025,0.0713253989453404,0.734862492984609,1.94819460735531,13759.0945773049,0.999782933161251
"eps[19,17]",0.0768874160201498,0.00794865512991246,0.997515704522084,-1.88536823590016,-0.611637139275838,0.0760788108550367,0.760389904889789,2.00284615612732,15748.9706793983,0.999900927559999
"eps[19,18]",0.184385757361724,0.00799691090959876,0.983700693779115,-1.76833155540812,-0.478982025924322,0.195555653845707,0.861274183828716,2.1062225949667,15131.4811055985,0.999824003039143
"eps[20,1]",-0.01122196580747,0.00885308712326452,0.912825624142013,-1.76592209034272,-0.639275066850885,-0.00536121247102063,0.604254420307396,1.762505456321,10631.295000538,0.999720075825549
"eps[20,2]",-0.470785545844684,0.00868474733797374,0.910468678552434,-2.21515847486701,-1.07598623328341,-0.467162842733862,0.126879438277195,1.329777136365,10990.4542723733,0.999659520617558
"eps[20,3]",0.99855771906129,0.00796577386702618,0.831325650438274,-0.619624883365922,0.440007635400858,0.982495819359591,1.55309935165673,2.61106071644557,10891.4678710375,0.999772362574232
"eps[20,4]",-0.0193122940748951,0.0083918785779231,0.924076423329618,-1.81672658205352,-0.656592298907409,-0.0326211066235498,0.602127756178773,1.83386330264307,12125.4369285962,0.999634643607003
"eps[20,5]",-0.182170921871711,0.00851929766437146,0.93429039412987,-2.00523939129113,-0.819541812837197,-0.173537922786792,0.436779471543248,1.67090398090555,12026.9687310777,0.999632700776955
"eps[20,6]",-0.374205338664528,0.00869050634335842,0.936676521382061,-2.18298718530593,-1.00808209903012,-0.374777496626255,0.248229570963466,1.47831967976606,11616.8694014033,0.999803175266381
"eps[20,7]",-0.24001520691891,0.00853855298005938,0.93486982231654,-2.04694928842999,-0.872516244750982,-0.230011702824533,0.383869778014729,1.6003780572819,11987.6409585106,0.999910052608633
"eps[20,8]",-0.0197346427821611,0.00915449021055994,0.995801808384225,-1.92921564915945,-0.694799883484021,-0.0205488124668436,0.640354569684829,1.95746557143728,11832.5266708637,1.0000129543993
"eps[20,9]",0.140826800615769,0.00864377217635058,0.966742347664365,-1.7662901480779,-0.525461863847652,0.147746141484902,0.801431214636018,1.99010407882589,12508.7773618072,0.999905526048311
"eps[20,10]",0.462154747555218,0.00883161675077562,0.942409275871697,-1.37715341313621,-0.189205082393308,0.473646196724129,1.11275105174126,2.29084120408993,11386.7208835219,0.999810271696036
"eps[20,11]",-0.238590210895878,0.00901659108006077,0.974332509510034,-2.1427686280294,-0.892645886097537,-0.236607969245884,0.418125698817034,1.67386906946956,11676.9558675224,1.00020849676665
"eps[20,12]",-0.1661033452403,0.00955796005160886,0.977899613535529,-2.08311806956131,-0.816333211929444,-0.167715978208846,0.481919549175923,1.77295108539795,10467.8653347345,0.999791775407285
"eps[20,13]",-0.0063284872581643,0.00888736048845687,0.984263384000941,-1.90008591730217,-0.662150101277181,-0.0101301171409791,0.647420373606065,1.94602802641206,12265.2686567885,0.999694483935339
"eps[20,14]",0.176348216152368,0.00873621438264441,0.958948349495682,-1.73310792964593,-0.469157934068484,0.17627521512211,0.820377366401688,2.06445755347307,12048.8019623493,0.999578443427561
"eps[20,15]",-0.109018152626559,0.00846176659415254,0.996368250925225,-2.05604298112879,-0.78786425823388,-0.11599144425244,0.574190523092299,1.7760915512397,13864.9298703549,1.00004896704088
"eps[20,16]",-0.185631233983379,0.00839024713160488,1.01251372184808,-2.15411102625687,-0.883440013334669,-0.187927091887791,0.504263854403708,1.77089215154256,14563.0496176698,0.999647974770809
"eps[20,17]",0.113656607876005,0.00823521792376594,0.998799802337615,-1.8345026622964,-0.558774118910995,0.113202416571803,0.777484204919892,2.06266195717006,14709.7978069039,0.999711549183087
"eps[20,18]",0.278749653430029,0.00841647632148205,1.00458483298761,-1.739261206896,-0.396102692666755,0.284321743338587,0.943475176282756,2.23369920850676,14246.6456388242,0.999702752684833
"eps[21,1]",-0.309559866754117,0.00844177943519519,0.912486529861321,-2.10735924182307,-0.917888840973887,-0.319390801000048,0.29447708605784,1.50636206333597,11683.8217469499,0.999665308815508
"eps[21,2]",-0.740760653488417,0.00957400412781105,0.947512432464923,-2.54946682887203,-1.38309978540621,-0.745418078746588,-0.126872009333098,1.15114613175134,9794.50773326123,0.999907072679033
"eps[21,3]",0.639936339690842,0.00824225367895672,0.833182300714119,-1.01884748032932,0.0971527874190716,0.637898641918238,1.19922096456572,2.29849817710195,10218.5227748443,0.999682434762824
"eps[21,4]",-0.0659764989646582,0.0087470823075029,0.931243816521863,-1.91328571739396,-0.684800095219821,-0.0708559206897899,0.546080642260603,1.78278982276647,11334.4480903642,0.999784921505297
"eps[21,5]",-0.118432839670835,0.00890622736689565,0.958828670491312,-1.98143043563294,-0.751352155774623,-0.131837969644741,0.510021295031373,1.80169495960211,11590.2943947136,0.999736430397179
"eps[21,6]",-0.411101221537188,0.00882790701030713,0.968916946469618,-2.26098657918839,-1.0864316135768,-0.436891488792144,0.248124204009495,1.50894636132725,12046.408993067,0.999887663078717
"eps[21,7]",0.0466388528161767,0.00862247937294109,0.915921167522564,-1.75756484809406,-0.557279753312989,0.0414308864817142,0.667403363143056,1.80102533245854,11283.7086432885,0.999914128883989
"eps[21,8]",-0.0280158385460638,0.00933303008015868,1.02061367056956,-2.03527554325162,-0.709615412041907,-0.0354706228592667,0.65819333917321,1.9748390340976,11958.5199186446,0.999695552245166
"eps[21,9]",0.446211986661906,0.00895745790431971,0.956761979855029,-1.41534463890657,-0.187206574700984,0.44466992270014,1.09822940997117,2.29952974457912,11408.7553169721,0.99993651519727
"eps[21,10]",0.0685596209730148,0.0107264184171635,0.974575138880544,-1.81699368352742,-0.599498053148418,0.060514274186729,0.740919661135952,1.94929116074564,8255.07814945879,1.00018089336552
"eps[21,11]",0.0951410545950172,0.00814355915677628,0.967397124111254,-1.83766427441569,-0.537842481287375,0.0998294797066823,0.744194861878857,1.95091123971835,14111.7564617276,1.00003086051009
"eps[21,12]",-0.00128108950886759,0.00887368170677188,0.973882706267761,-1.90751637881039,-0.66457838380784,-0.0112169315804519,0.671273470670165,1.89678766168825,12044.9669929802,0.999949044180147
"eps[21,13]",0.0380624415521643,0.00865573249278591,1.00189512485877,-1.88689927170146,-0.658670328857033,0.0489765580241545,0.71091025787663,2.00529234058213,13397.9044042627,0.999844645310307
"eps[21,14]",0.345067039271853,0.00797574260186781,0.93623455311438,-1.51360308163989,-0.289235685454601,0.356697128864432,0.962891766475067,2.17067819912658,13779.2973254946,1.00022637943485
"eps[21,15]",-0.146194015253992,0.00811775769568552,0.97347090738172,-2.04544512882702,-0.798586244146752,-0.152097223468371,0.504099175728938,1.7738832586237,14380.4933569946,0.999601260171855
"eps[21,16]",0.0430687870738034,0.00811747014517482,0.979383866761483,-1.85205141091868,-0.621777938250928,0.0356320440429699,0.708842398437841,1.98380365651755,14556.7522746782,0.999793242546262
"eps[21,17]",-0.0104653696119694,0.00810620488626903,1.0004923284854,-1.93842765998362,-0.695554332542341,-0.0184766757185019,0.692730462902491,1.91499736403173,15233.2431047882,0.999719044233414
"eps[21,18]",0.233377035649334,0.00831719162893784,1.00632030797121,-1.75844679425035,-0.429957631001858,0.239562675361814,0.910776586122524,2.20947970218076,14639.2577871143,0.999785974400195
"eps[22,1]",0.180413368936938,0.00862267568549133,0.924470922456962,-1.68050006934497,-0.428136366836557,0.182657134087304,0.801990486392549,1.96342566787898,11494.8261668339,1.00010551154663
"eps[22,2]",-0.223053997096937,0.00880329814375899,0.931669192702678,-2.06899092546249,-0.844611540006931,-0.216459369417239,0.412282470402294,1.5881053997326,11200.3772056144,0.999810178802366
"eps[22,3]",0.0716131640639128,0.00825682503476631,0.859566361276569,-1.62114234450191,-0.492851557458554,0.0620048302795561,0.643001493159252,1.76403489490322,10837.58854662,0.999839077129679
"eps[22,4]",-0.557896594043788,0.00888482725802133,0.918984424767469,-2.32391148742197,-1.18992123531939,-0.560760396444213,0.0472112166154125,1.28479147615681,10698.38751436,0.999980230880342
"eps[22,5]",-0.211312334948355,0.00898192198409529,0.978574295674654,-2.12998811704981,-0.860762367483502,-0.199134089888792,0.443667973924454,1.73251442741516,11869.9544064433,1.00002747121973
"eps[22,6]",-0.0180350816412006,0.0096353671158148,0.995707815156452,-1.9609038721398,-0.687893615303411,-0.0215015811124358,0.646136546991324,1.96514187543163,10678.9191651401,0.999714608714393
"eps[22,7]",0.0406456381050964,0.00851556028720475,0.934016277492644,-1.76932729009043,-0.590528552640001,0.031926491136417,0.677164593997012,1.87758014871667,12030.4655541517,0.999956294893257
"eps[22,8]",-0.0442064348308764,0.00963454231115376,1.03251000585774,-2.06327829871335,-0.747407847648063,-0.0559484548505576,0.640792635052827,2.00783559847988,11484.8773437585,0.99968597001214
"eps[22,9]",0.488082580935362,0.00949037538028118,0.954351941803948,-1.42627838158696,-0.136109487126401,0.50689905650646,1.11857221569101,2.37998358021113,10112.3092251856,0.999784338048341
"eps[22,10]",0.515964383135699,0.00899046052099853,0.969057188636429,-1.42735933264429,-0.126153512167529,0.51933251340479,1.16285334241676,2.39811018459118,11618.0954070504,0.999943145860676
"eps[22,11]",-0.134233013027602,0.00856352696283131,0.981250544933514,-2.06190918477347,-0.801355974566937,-0.125738396360351,0.531177189237236,1.76830873463981,13129.6903229615,0.999656882094049
"eps[22,12]",-0.189006413058358,0.0088080951517476,0.979667690616176,-2.07534264717364,-0.853908517807738,-0.202821609755254,0.463031547049262,1.77208008533554,12370.6800722868,0.999764285478931
"eps[22,13]",0.0823918342121227,0.00889530009118928,1.00694983722488,-1.92047151603105,-0.577859440985716,0.0709262648471441,0.76515623430415,2.04545141282906,12814.2875157731,0.999990682872078
"eps[22,14]",0.517617414307397,0.00817259241700658,0.939076111511653,-1.32516950772063,-0.115478261991343,0.51867010013268,1.15568287125072,2.38612151987937,13203.2821844939,0.999788170093678
"eps[22,15]",-0.104076426816323,0.00789444855800921,0.964978465368761,-2.03086256499342,-0.756027703058885,-0.104143365535843,0.530068655367237,1.78786118445495,14941.412129467,0.999767797774735
"eps[22,16]",0.0826844216294455,0.00805957701374539,0.986613738207616,-1.84008619060814,-0.597366399188486,0.0882162460222292,0.769727713983606,2.01932127869343,14985.4510004418,0.999946888484714
"eps[22,17]",-0.0644320017558023,0.00813297041682681,0.973491514972331,-1.97028894592124,-0.705329923302548,-0.0524480810493823,0.585743715909058,1.81562228452098,14327.3528231184,0.999683585602023
"eps[22,18]",0.0518802993646557,0.00813320172714353,0.996890689983383,-1.89932463175213,-0.622188849127028,0.0522532618654649,0.73750731075053,1.99952308674475,15023.5301131903,0.999679119267679
"eps[23,1]",0.475754731391625,0.0105816799453158,0.969015221355862,-1.44496284093139,-0.165926196492822,0.486154787282101,1.1250444734513,2.37801963448122,8385.94393791536,0.999937052561124
"eps[23,2]",-0.178860945244818,0.00879528683725069,0.955542084344132,-2.06074255410386,-0.803314918868137,-0.183824550886802,0.459104485907674,1.70508295748657,11803.1961198465,0.999643029771694
"eps[23,3]",-0.440707217306408,0.00855926955479666,0.865327343298243,-2.08278113014458,-1.02128483445075,-0.463823292609382,0.128021902815327,1.35747577100073,10220.8601696995,0.999873824096364
"eps[23,4]",-0.337398464871566,0.00907121751173881,0.967915435000599,-2.24465279223784,-0.998658178466636,-0.341344073222288,0.320879815852838,1.53572990986837,11385.2787884721,0.999670002166288
"eps[23,5]",0.209401782210192,0.00905927759141357,0.994346948582363,-1.76083254362561,-0.445651168755042,0.208461254938284,0.876666813600605,2.12307122714245,12047.273111779,0.999735209254119
"eps[23,6]",0.457446142827336,0.00986988913775962,1.02668346294893,-1.5552404582886,-0.225734410003076,0.457285043427291,1.14655504700621,2.45898919836972,10820.5312716133,0.999742723817559
"eps[23,7]",0.00738626696775467,0.00839197809259241,0.984840234105496,-1.93626046816793,-0.654457887798009,-0.00153392170947096,0.665716577757214,1.9463398045268,13772.1860976075,0.999696605054895
"eps[23,8]",-0.00682346020122573,0.00939853722729243,1.03197546219322,-2.01389848664433,-0.705708628320953,-0.0146701516271954,0.699693424095059,2.04332584660022,12056.4155922423,0.99979447839253
"eps[23,9]",0.0197544347415912,0.00941893589507094,0.972621158733414,-1.87015542113543,-0.637071687686941,0.0077423161484362,0.664776646355605,1.95692310249122,10663.106430887,0.99960999616224
"eps[23,10]",0.874045946741181,0.0099567855416371,0.970789145129693,-1.10769318845634,0.23645881628314,0.891187450596103,1.53204500709795,2.71202047578879,9506.30003528179,0.999943289084868
"eps[23,11]",-0.061153944774948,0.00839872275628884,0.964440408519479,-1.93445468260212,-0.721405186055321,-0.0515307036671775,0.601970545169454,1.80960816600234,13186.3411075781,0.999773787750466
"eps[23,12]",-0.192807513696283,0.00833577929750859,0.992210954754103,-2.15320857045059,-0.858287651932205,-0.183394848211706,0.461652525656148,1.76155225729883,14168.230716814,0.999828125338351
"eps[23,13]",0.0705005402723239,0.00804300029039387,0.990542387907756,-1.85551396151077,-0.616359719819458,0.0805105504835693,0.754239629272875,1.99056530797403,15167.358813762,0.999758161622768
"eps[23,14]",0.25343494469947,0.00807002425727537,0.932036133562202,-1.57411691314916,-0.373231689495031,0.245930723673599,0.879865615947494,2.06473940954877,13338.7710685641,0.999755380029188
"eps[23,15]",-0.140934642699587,0.00872495502244173,0.978216185012708,-2.09186631727918,-0.801104807038602,-0.135081166694003,0.52731774699841,1.73041067395545,12570.2320400981,0.999849140298113
"eps[23,16]",0.174752523574362,0.00876148671632347,1.01038413704842,-1.80520423886977,-0.491909595726424,0.166266824313758,0.843523169328843,2.16566374890019,13298.9521903971,0.9997207668394
"eps[23,17]",-0.0847410994348373,0.00832316330495693,1.01835413939031,-2.07302430070902,-0.773134974546803,-0.0748046707513686,0.58966375027577,1.94646267619914,14969.9667069255,0.999624181184141
"eps[23,18]",-0.133891141693254,0.00843183383075782,0.989439442520531,-2.0991473540737,-0.784867272716729,-0.12510513919287,0.533034684805688,1.81872803234376,13770.0132908592,1.00037829339848
"eps[24,1]",0.0655981237143736,0.00915478831599602,0.997602606327552,-1.87761896600982,-0.623856419779491,0.0599043587666747,0.737131579962263,2.0065835745526,11874.5876330209,0.999747300909542
"eps[24,2]",-0.128778426773956,0.00806032427605285,0.916443624769604,-1.92008872355728,-0.749072272252848,-0.142171780284939,0.499596193512827,1.66824972569766,12927.2598958244,0.999618852786441
"eps[24,3]",0.233474850262732,0.00796141532839548,0.884439332685778,-1.53933499429438,-0.364736333226727,0.243910443187781,0.834278695761179,1.95383458483781,12341.1472785365,0.999774143611496
"eps[24,4]",-0.622498074485368,0.0102744099415421,1.02857348790415,-2.5741945265324,-1.32823604566571,-0.641676395857132,0.0651222274102386,1.42787142299191,10022.0570894155,0.999751628699753
"eps[24,5]",0.00431869866391868,0.00877506585715796,1.02281342519063,-2.01074902979259,-0.699532987022269,0.00212019190028267,0.706920277452178,1.98777279082347,13586.0144001333,0.999950660010164
"eps[24,6]",-0.00197889555579554,0.00849438043344742,1.01277466328406,-1.98043874472922,-0.683856628671364,0.000239290581649455,0.68515887993725,1.98130583606772,14215.503309467,0.99978570967007
"eps[24,7]",0.422397951289215,0.00865707644837058,0.979080728619808,-1.51278839938895,-0.228926142802543,0.430796324582701,1.08723785375177,2.31309208888737,12790.7054933457,0.999732523741196
"eps[24,8]",0.00510103633544312,0.00868644726290846,0.999220874086941,-1.95279293636756,-0.680074594445411,0.0110843245521895,0.687323235530343,1.95054017214357,13232.400024836,0.999997076401859
"eps[24,9]",-0.204683931961147,0.00875133167808109,0.956533950844642,-2.06197241517351,-0.84840331015385,-0.207313679887466,0.412565363281479,1.69886036993427,11946.8246824806,0.999744482094029
"eps[24,10]",0.436679761877714,0.00898597094959893,0.95529222912092,-1.4145067403436,-0.206123097117024,0.44406833118986,1.06843920793777,2.31201263448791,11301.6660277975,0.999987884440763
"eps[24,11]",-0.180846219554647,0.00798943300383032,0.97673590253429,-2.04524235306177,-0.854983812446963,-0.178114303423688,0.487005515314819,1.7306924775717,14945.9107582154,0.999979414162143
"eps[24,12]",-0.168787650742897,0.00793552438847436,0.968630048586867,-2.05981656849559,-0.828842736919229,-0.176297324690821,0.485029632721495,1.71639439153906,14899.2570723965,1.00001517582479
"eps[24,13]",-0.0295442102796747,0.00846242501245649,0.992460910139206,-2.00498403034298,-0.695319926618719,-0.0300077024085376,0.658259733498538,1.89153890779487,13754.2576025587,1.00007815472701
"eps[24,14]",-0.12586245110266,0.00816254276314737,0.980191104616854,-2.04796361701778,-0.771736319300947,-0.124765618774015,0.508766069722546,1.79273926528468,14420.1764551514,0.99955807204444
"eps[24,15]",0.0143956520689254,0.00766015695613265,0.998921834909918,-1.97183779053236,-0.665286603150585,0.0216764713008442,0.6857074608814,1.95994714153841,17005.4322601463,0.999605651574635
"eps[24,16]",0.00263201617494095,0.00784889232365397,0.979697257687722,-1.9210633528872,-0.658167775833156,0.00617732391730518,0.663501641780905,1.94697980198915,15579.9852591014,0.999690984850042
"eps[24,17]",0.000737886544190356,0.00846268425228638,0.999510692276949,-1.94210566559642,-0.694707249637372,0.00797959587494038,0.690751024882466,1.92707732590976,13949.4991227152,0.999714585540578
"eps[24,18]",0.0139099678100353,0.00789405558559966,0.981408507522386,-1.92475048765218,-0.645330568599501,0.017013015318646,0.676487122527441,1.91399651372524,15456.0771391637,0.999986211481471
"N_0[1]",145.566739003222,0.522422480814475,41.7919517134546,82.4158605904945,115.86604645866,139.476120439355,168.374604362364,243.514173837201,6399.43441609968,1.00123861889897
"N_0[2]",500.543105514012,4.375452408597,326.157424925588,138.118944228277,310.209246559052,434.518073264445,608.507322345177,1260.59503411,5556.593293284,1.00019718635396
"N_0[3]",43.6814288020141,0.474402560257438,29.5856978368733,6.56729670274859,23.3254327118476,37.8693556842274,56.9421832471665,114.539033440811,3889.28336890096,1.00052007302209
"N_0[4]",876.335288464344,8.19457167864212,610.883219663416,241.697207436008,537.654314264056,749.580366755908,1051.0526877863,2233.05996660689,5557.30041696811,1.00017795023746
"N_0[5]",348.636561560761,0.850190128953749,78.08745455657,223.938548146234,296.570645049225,339.649629676815,389.775400596387,526.230780347587,8435.88043663564,0.999894951061179
"N_0[6]",1270.31603839936,3.39090977189054,303.873870030667,794.03460334265,1059.40477440015,1229.98180932997,1438.82719748895,1982.58784382007,8030.71560041789,1.0000428962469
"N_0[7]",318.908604196492,4.57237667718837,264.596021261441,65.1671313163857,176.888462365599,269.649347606269,397.242017257743,847.977919106263,3348.74915583523,1.00031791538585
"N_0[8]",96.3707813561584,0.254252518749001,23.1451237497705,59.2252980501164,80.2568168474498,93.706081011878,109.279983891991,148.709293355251,8286.83108415629,0.99983777847875
"N_0[9]",489.578759946813,6.6386829102054,508.209147651607,103.779288446595,244.366558027004,377.539675026679,577.037315318802,1519.48384224621,5860.31694812254,0.999794763880068
"N_0[10]",288.609963633691,1.08784024016897,100.731221951865,124.381204002497,216.409384893613,279.374321097447,346.400225403957,513.144442402618,8574.28599384373,0.99990956316996
"N_0[11]",1268.79553064325,3.0415122360071,287.05898190532,783.173419423819,1072.15669004533,1241.69550003417,1432.15872412056,1903.46360340155,8907.65000324871,1.00011118300286
"N_0[12]",948.732157005569,2.45775661736251,230.998424913287,573.659074483896,785.516127798116,924.517550429234,1078.47078808227,1474.85124533931,8833.65205598969,1.00005062968765
"N_0[13]",42.7741409623509,0.182520373894332,14.572018100717,21.8919394161234,33.0912837596448,40.4841571615813,49.553107433829,76.5709065426732,6374.06817957164,1.00011715827033
"N_0[14]",118.111662985892,0.3790593697858,33.7392783882137,63.951856325021,95.5798734460911,114.005844863501,135.244078328646,196.028972037038,7922.40621932482,0.999745704346998
"N_0[15]",200.40404005603,0.501508757725812,46.6458959202845,121.840135322895,168.678952236308,196.238648171796,225.974559018567,306.029345094845,8651.07017750654,1.00000352882612
"N_0[16]",190.479260160822,0.472334916357285,43.9894632769486,119.653731840359,160.038153792517,185.061731582753,214.805325095693,291.829858565203,8673.55674446193,0.99982218883382
"N_0[17]",4951.71608521192,14.1338382511722,1218.78138903763,3030.34759672493,4111.06752031161,4769.03946214295,5608.52192126154,7863.08876144503,7435.86324454827,0.999879269978114
"N_0[18]",488.985788669985,1.3025959026009,118.865959493988,284.417667099214,408.295330627817,476.942314533505,557.524445434328,757.018695512641,8327.13461139034,1.00009216462899
"overdisp[1]",4.45018760583095,0.00088959803021088,0.106263728190482,4.23502528222685,4.38096121602855,4.45221094000107,4.52267309730957,4.65747896876075,14268.6364368213,0.99977628017535
"overdisp[2]",5.60701313185246,0.00046506474835133,0.0602167499558134,5.48446567128893,5.5672695564142,5.60752356293675,5.64692486978744,5.72363521000096,16765.1630221143,0.999672290108826
"overdisp[3]",6.43161668576569,0.00032625233988692,0.0402118944296857,6.35158789156919,6.40450861581197,6.43220956460328,6.45906204358392,6.5098492149974,15191.5398490032,0.999660573501705
"overdisp[4]",5.83162583933989,0.000435535467697988,0.0522033088618458,5.72497247234501,5.79750207772472,5.83226492767908,5.86632439685263,5.93306691921178,14366.4348481276,0.999760249052123
"overdisp[5]",5.69512873077763,0.000432248039737145,0.0574589490149494,5.5821266628589,5.65582226384188,5.69552130750959,5.7344045963989,5.80514607211445,17670.5184260464,0.999912692928876
"overdisp[6]",5.94041270600067,0.000424256675537177,0.0521764207603696,5.83685253310252,5.90552142118419,5.94099350278572,5.97637732032766,6.03994967351197,15124.8542529929,0.99969389924624
"overdisp[7]",6.03582628830881,0.000396168488919426,0.0484932210763551,5.93866212081532,6.00361065091377,6.03578108479678,6.06885992994593,6.12811909084301,14983.1182366972,1.00012887834662
"overdisp[8]",6.1684159843852,0.000369218450608768,0.045926258420913,6.07651893962013,6.13780969164731,6.16886164843266,6.20066134043913,6.25615513031771,15472.3164542506,0.999560847580433
"overdisp[9]",5.41430272608345,0.000521892051986627,0.0668364764653915,5.28175778946554,5.36884006458124,5.41430684562546,5.46051708754641,5.54089850750914,16400.8262173643,0.999643930666599
"overdisp[10]",5.65685658557971,0.000433427193025192,0.0578805114295905,5.53907216638819,5.61835667149821,5.65701122794848,5.6964789649105,5.76861510378928,17833.3284832099,0.999946629008081
"overdisp[11]",5.81216991020555,0.000441012273582216,0.0536947189876656,5.70423405521942,5.77663025679887,5.81212957408835,5.84857840105728,5.91535347016329,14823.8767387336,0.999988642152655
"overdisp[12]",5.79067393728775,0.000455284015826506,0.0555023771633381,5.68048606625976,5.75318658645995,5.79107537486892,5.82857762032858,5.89844255226337,14861.3534103618,0.999637851816157
"overdisp[13]",5.57107311292642,0.000511121476183026,0.0603109081657746,5.45192077172984,5.53122441911677,5.57131934777489,5.61111262485807,5.68944836484479,13923.3415701371,0.999945300303455
"overdisp[14]",6.18686482205627,0.000349776128864592,0.0439157683405408,6.10072987391808,6.15758908952854,6.18704262339402,6.21598208493729,6.27252642367292,15763.7898707071,0.999633748023539
"overdisp[15]",5.73288579684742,0.000458734222158074,0.0561594218092438,5.62141617154149,5.69519901753492,5.73321106417012,5.77092141524171,5.83927031222165,14987.2853175287,0.999739889072393
"overdisp[16]",5.40882653453601,0.000544766885261822,0.066799261359663,5.27743838227728,5.3639122854694,5.40942620335176,5.45414884319624,5.53838513943801,15035.6400405697,0.999802890777787
"overdisp[17]",5.24380113394608,0.000565663965599104,0.0704718668222203,5.10168286121676,5.19750613678706,5.24429347563914,5.29086498765076,5.37983174662947,15520.8150878428,0.999783019323577
"overdisp[18]",5.68740215071398,0.000450648973012831,0.0566704621966822,5.57338294003,5.65046970187915,5.68748229495233,5.72565194441529,5.79698837958394,15813.8180657013,0.999668589148977
"overdisp[19]",5.7775525756691,0.0004154055766963,0.0553722818838571,5.66781491510341,5.73986285815588,5.77821310580131,5.81540467956965,5.88442185018449,17768.0675719061,0.999733992246954
"overdisp[20]",4.86774777936984,0.000700241546699064,0.0852279830370052,4.69340059665905,4.81133343372947,4.86886698613069,4.92426782138043,5.03617485914363,14813.8748747683,0.99983894403116
"overdisp[21]",5.18014051073928,0.000628089188597196,0.0739129850760126,5.03613808458156,5.13013559042518,5.18004756664604,5.23076892170244,5.31993455468482,13848.3760635368,0.999835024282993
"overdisp[22]",4.76244030937133,0.000711243278417799,0.0931643698325343,4.57596358243368,4.7002367548205,4.76395738398865,4.82701648686671,4.94206239315608,17157.8691385561,0.999700664888083
"overdisp[23]",4.98466194093189,0.000686127260089761,0.0825236245173009,4.82032780838305,4.92936043148591,4.98576886447828,5.04029127785472,5.14248302445432,14465.959337727,0.999611389920552
"overdisp[24]",6.01008133066497,0.000376975564834739,0.0504598316187597,5.91146901800655,5.97503925159829,6.0100652974584,6.04573303345575,6.10688441211868,17916.9958353357,0.999670378857663
"overdisp[25]",6.73654212628362,0.000261165576195131,0.0355310705170134,6.66631059354635,6.71327094517185,6.73699361580275,6.76024646945864,6.80746749752992,18509.0751891175,0.999812410293563
"overdisp[26]",6.36992202987502,0.000338112249694127,0.0404456767107469,6.28857406631169,6.34368361882157,6.36986155590294,6.39645989187939,6.45037151220615,14309.4322084735,0.999829300074033
"overdisp[27]",7.05962291430469,0.000227124142090466,0.0291864395129179,7.0025486657877,7.04007346018465,7.05979750631887,7.07948002413815,7.11593175137099,16513.3671363921,0.999683231003131
"overdisp[28]",7.54367922319993,0.000184801942337495,0.023315282977093,7.49799990473935,7.52808346079712,7.54346959643764,7.55960698958008,7.58917362657079,15917.260306939,0.999815427561015
"overdisp[29]",7.2035218329085,0.000218879481654796,0.02694184232928,7.14979760634602,7.18578406703867,7.20375943899868,7.2216551688033,7.25555328685005,15151.1109079394,0.999761458232236
"overdisp[30]",6.35721128858556,0.000313986998457252,0.0408676433759473,6.2768647532521,6.32931879104824,6.3574818049604,6.38480210516243,6.43550346685016,16940.8758363762,0.999633114385634
"overdisp[31]",6.30748111919219,0.00031656974904233,0.0413823085733108,6.22542230491112,6.28049966698791,6.30751435950678,6.33547054895847,6.38830409903017,17087.9752234144,0.999596265582668
"overdisp[32]",6.46622033317987,0.000307731997366582,0.0395683547696609,6.38776709109921,6.43998030800945,6.46621503593958,6.49284731709588,6.54287601290503,16532.9622637107,0.999751609977777
"overdisp[33]",6.78243034321369,0.000256697081462757,0.033907611879252,6.7165867144964,6.76009610765526,6.78243993038613,6.80513474243991,6.84938709393027,17448.2769043628,0.999653152435262
"overdisp[34]",7.35613269069178,0.000200221649819251,0.0250769141758772,7.30696173075949,7.33901583285878,7.35626193365085,7.37308526807749,7.40552651955239,15686.5022443225,0.999684318729833
"overdisp[35]",5.73344492203163,0.000472503110840512,0.0570499873364701,5.62012837105953,5.69658207093925,5.73418379796914,5.7719167556103,5.84419551104568,14578.1280433661,0.999894509963561
"overdisp[36]",7.08032834971785,0.000230125392709116,0.0292714306035019,7.02248876490213,7.06087381622191,7.08059423827807,7.10012004753278,7.13713993235177,16179.2658728391,0.999826308908449
"overdisp[37]",6.42632387181951,0.000335385219895931,0.0405759887874711,6.3443428182193,6.39938135108666,6.42655750600341,6.45354840313933,6.50526407621164,14636.9430884968,0.999805700131423
"overdisp[38]",7.35294519960382,0.000211087773875733,0.0252768304114049,7.30396491235966,7.33569923513325,7.35267708760551,7.37016290134064,7.40307424541431,14339.0067633727,0.99968289732783
"overdisp[39]",6.49976783000303,0.000313798323811975,0.0389523134658033,6.42370583375182,6.4736538432434,6.49969282868928,6.52626872886047,6.57582427940834,15408.6742563994,0.999891236664369
"overdisp[40]",6.40243490789208,0.000324788576677737,0.0407297659009953,6.32206135848081,6.37442305541142,6.40272167107112,6.43057790350077,6.4803770124945,15726.1471780139,0.99975707372618
"overdisp[41]",5.63710218438463,0.000465689360622316,0.0605708024111282,5.51671910770955,5.59741542973298,5.63867210941679,5.67714296040355,5.75360892721303,16917.41574304,0.999768830345351
"overdisp[42]",6.49129233783173,0.000310188816289907,0.0384686191520831,6.41637028667844,6.46554936061548,6.49137319273893,6.51763589415118,6.5659127268053,15380.1624922412,0.999813394278785
"overdisp[43]",6.04425103419008,0.000376052281467041,0.0481691545597101,5.94810159960248,6.01175830068184,6.04472823355378,6.07784015099944,6.13702966205197,16407.4689878404,0.999834466643349
"overdisp[44]",2.94311272334342,0.00194321022439638,0.238192571281936,2.44986239372059,2.78954137250164,2.95257449398921,3.10665699143587,3.37796138823349,15025.0820222735,0.999914474397258
"overdisp[45]",4.74123674735248,0.000772430631885804,0.0919609377898934,4.55375886556702,4.68073952419303,4.74421289587615,4.80407558123977,4.91503536551073,14173.8491643239,0.999913221049557
"overdisp[46]",4.80565816782586,0.000717650569178091,0.0877873597415576,4.63061480877673,4.74605020617973,4.80652759548197,4.86588396600617,4.97670469479068,14963.6626223802,0.999704827178636
"overdisp[47]",5.2004945185945,0.00060547136832381,0.0742689322922541,5.05418172677085,5.15069007677374,5.20236217108211,5.2509108754681,5.34338888076484,15046.2106936252,0.999762835754455
"overdisp[48]",5.70549972833304,0.000451886763162001,0.0577748218375914,5.59068109629961,5.66643880918015,5.7059524738122,5.7452847233208,5.8185549065483,16346.2444694461,0.999732353979655
"overdisp[49]",5.67250712490207,0.000491284274470926,0.0589309775318476,5.55484329563098,5.63226266637889,5.67320260238313,5.71269519601828,5.78767898104808,14388.7002130487,0.999608882059353
"overdisp[50]",4.97221903344067,0.000656601780901935,0.0814361037423174,4.81088243226804,4.91810635518798,4.97302964521113,5.02829592703135,5.12960562674858,15382.6040443853,0.999682276360034
"overdisp[51]",4.48066815526815,0.00091373911948173,0.107424820623592,4.2629048503097,4.40826962988158,4.48374471791487,4.55358337600272,4.68614419643008,13821.8074079232,0.999595425181504
"overdisp[52]",4.25422536222755,0.000982110321751689,0.114703878172123,4.02128920202845,4.17997222624091,4.25648336255129,4.33293620671675,4.47400350743105,13640.668439115,0.999964866714707
"overdisp[53]",4.32884438774793,0.000888298942271479,0.111059552893576,4.10878034980093,4.25372467868652,4.32980258469922,4.40668115310757,4.53949750917061,15631.2443297131,0.999863125813733
"overdisp[54]",4.39738979262229,0.000849161867988922,0.1083755223968,4.18039130019229,4.32382776827362,4.39846684053524,4.47223852860731,4.60534129614512,16288.5130571833,0.999549472921079
"overdisp[55]",5.34045965551364,0.000512015121960322,0.0688846812238323,5.20312631254732,5.29413101229771,5.34110807590694,5.38880309216465,5.47371104546313,18100.0481642257,0.999755320371173
"overdisp[56]",3.87189469736767,0.0012510584236606,0.142012578383406,3.58015707304778,3.77803636157135,3.87531592037644,3.9708297647996,4.1360876696342,12885.4159432327,1.00019378114373
"overdisp[57]",3.1650557841178,0.00161975870808067,0.205635105484807,2.72618658172544,3.03295910623843,3.17168405695007,3.30852561098325,3.54822346741558,16117.3586312215,0.999761816522492
"overdisp[58]",4.1788807139225,0.00106181652632424,0.117639080470002,3.93983589793939,4.10185310881586,4.18072764007929,4.25743901542823,4.40533660043485,12274.5133147822,0.999757653340412
"overdisp[59]",4.90094300552615,0.000688721691895771,0.0836881187644027,4.73239740324729,4.84521658962358,4.90202529932564,4.95727533100157,5.06208084666819,14765.2256150552,0.99965861232634
"overdisp[60]",5.0073213308026,0.000596307385756675,0.0794193447153138,4.84503477327009,4.9548509159597,5.00792779850204,5.06122473492576,5.15765074699922,17738.3092391323,0.999774634970927
"overdisp[61]",4.84253725683655,0.000690198653685151,0.0868023957201967,4.66882380081587,4.7854607867505,4.84324240777552,4.90168789029598,5.00803168997451,15816.6756188776,1.000128778377
"overdisp[62]",5.14342500069558,0.000638149085088367,0.0760664131988935,4.99063032698931,5.09443639103254,5.14338943706202,5.19358829364982,5.29195569322104,14208.282207986,0.999666266012547
"overdisp[63]",5.67495336936056,0.000490784354007497,0.0580895818834704,5.55993986312656,5.63590513720666,5.6751710553427,5.71462976035873,5.78905019316663,14009.2563627742,0.999685136085166
"overdisp[64]",5.73626599492367,0.000455598917988949,0.0569222599880726,5.62234058709194,5.69820559358344,5.73689715707648,5.77491920788505,5.84506530085097,15609.8561590243,0.999660260744826
"overdisp[65]",5.55120011419536,0.000471582671474921,0.0618756831688631,5.42992587813812,5.50883144829791,5.55242119929121,5.59327722729108,5.67004904710718,17215.6861748077,0.99977621050062
"overdisp[66]",5.6358188833807,0.000474458383841747,0.0592596536096657,5.51920297779955,5.59537153380012,5.63639031041871,5.67679417430511,5.75010931362293,15599.9054739671,0.999596705002215
"overdisp[67]",7.11292922002411,0.000231715153813736,0.0283226602268942,7.05693191684707,7.09389229401231,7.11313343120416,7.13223121735509,7.16812237977397,14940.2963104483,0.999618935607015
"overdisp[68]",7.84466965882454,0.000163505893217218,0.0199212278862414,7.80534307824983,7.83126354254703,7.84482821317427,7.85835577296792,7.88323349071325,14844.4935769788,0.999878374762814
"overdisp[69]",7.0124453786537,0.000235880319434577,0.0298181896448891,6.95427375306063,6.99241354422191,7.01294301242703,7.03265245150738,7.06947369368779,15980.0866767925,0.999708912714026
"overdisp[70]",7.85733641649067,0.0001594444031919,0.0197762740903553,7.81891554762417,7.84388661787286,7.85758987137873,7.87038749313573,7.89623163281373,15384.0395105713,0.999667529447458
"overdisp[71]",7.47293599753876,0.000181908003391328,0.0236542976695318,7.42676765210195,7.45677300642239,7.47310279356248,7.48897225711007,7.51862333034791,16908.944601973,0.999783776999339
"overdisp[72]",8.23959550665212,0.000127513549640657,0.0161614001721453,8.20777673264937,8.2289055722457,8.23947594747305,8.2504593609363,8.27117791128625,16063.6893492885,0.999542848502598
"overdisp[73]",5.11937578857403,0.00067469641931895,0.0789748135614765,4.96143383040724,5.06539558465822,5.12062253233995,5.17386997108038,5.27119900290069,13701.2568540856,0.999980069100482
"overdisp[74]",6.75488864560765,0.000258765070091761,0.0335931568548341,6.68753910559692,6.73258711181221,6.75547961014959,6.77737692182634,6.82048664923162,16853.5087880182,1.00005878266436
"overdisp[75]",6.13402857385305,0.000366525374687539,0.0455847889338278,6.04374188206823,6.10332371377315,6.13451849972927,6.1649686400336,6.22382371144613,15467.9159589834,0.999847101571188
"overdisp[76]",7.40011543926697,0.000186407839917357,0.0245683614400374,7.35171415069554,7.38338188056033,7.4002715126199,7.41648647475318,7.44769772324134,17370.9686896265,0.99976139613009
"overdisp[77]",6.26710367874482,0.000339999145260002,0.0434148319562248,6.18199525828449,6.23791122165379,6.26768809950815,6.29685049985323,6.35035144692147,16304.9923063591,0.999668813580139
"overdisp[78]",6.62706500372791,0.000293482449023174,0.0375212472294847,6.55529375911792,6.60176326207913,6.6272512804915,6.65265032460343,6.69994658715483,16345.2009182667,0.999588880521212
"overdisp[79]",6.76355745031149,0.000273543063415521,0.0335466859262696,6.69769289196172,6.74054293960856,6.76420329168419,6.78674394530532,6.82700555010256,15039.9998822979,0.999811667081152
"overdisp[80]",7.84891243398468,0.000170432233548679,0.0200561176695252,7.80949352958579,7.835415931421,7.84891929080221,7.86249344929543,7.88800981551682,13848.1024178989,1.00010094267341
"overdisp[81]",7.61665770024912,0.000177458407538313,0.0219718311950935,7.57387362308349,7.60173922334677,7.6168314487411,7.63153362305439,7.65882117689603,15329.900908494,0.999668232376353
"overdisp[82]",7.68396053026702,0.000166356098797373,0.0211720880058255,7.6421608442047,7.66957099109356,7.6839344937846,7.69837768981736,7.72502141877547,16197.5722824784,0.999711296152942
"overdisp[83]",7.21449514016582,0.000210429866993218,0.0271844689772528,7.16126078148038,7.196163777203,7.21485303323165,7.23274563803485,7.26785002800407,16688.8705663332,0.999625054714824
"overdisp[84]",7.58266179127613,0.000167798058295574,0.0217657019465186,7.53888111096169,7.56838075815809,7.58260733321079,7.59739764527121,7.62485834223255,16825.6361634183,0.999701530909986
"overdisp[85]",7.09038300988948,0.000221328803082711,0.0287826085133739,7.03417792670023,7.07078596629582,7.09045337895,7.10992532998343,7.14602403596641,16911.5895846656,0.999926233419296
"overdisp[86]",7.79689624223579,0.000161618795161802,0.0202631756936117,7.7576655382538,7.78369970177283,7.79638982333301,7.81041861163454,7.83760539981494,15719.2307914097,0.999662528799419
"overdisp[87]",6.18796526022613,0.000377000119188303,0.0457058214852084,6.09877861392332,6.15668659045532,6.18871606850857,6.21912382846208,6.2759736727586,14698.061597228,0.99959731315363
"overdisp[88]",5.69015869879614,0.00048086075284382,0.0575776644165369,5.57606445139937,5.65248327023874,5.69050117743469,5.72862687206939,5.80231913999753,14337.3677271287,0.999695707603045
"overdisp[89]",6.35639207861587,0.000334553652905134,0.0412112006783251,6.27445219264196,6.32849012273271,6.35600524738692,6.38440996738079,6.43570501094668,15173.9616867512,0.999707358311588
"overdisp[90]",7.00415819694673,0.000235439807101721,0.029412860726424,6.94684879497206,6.9843963069209,7.00433611573673,7.02430401635362,7.06083885290279,15606.8316783444,0.99988659939284
"overdisp[91]",6.81296033214106,0.000267696974261554,0.0336215970508386,6.74627251736468,6.79047869980806,6.81265326170296,6.83573910146674,6.87878957019726,15774.2875346724,0.999823152927966
"overdisp[92]",7.30607670613467,0.000203515238491237,0.0255349742907306,7.25521739487294,7.2892419716971,7.30623239729861,7.32264002567182,7.35728481486525,15742.6189499957,0.999666782446641
"overdisp[93]",6.10044085667519,0.000363811448229479,0.0477401001347132,6.00598281373614,6.06821639209977,6.10104992472064,6.13278213229596,6.19249920684563,17219.2380091958,0.999730536398319
"overdisp[94]",6.7712268107411,0.000262561574219165,0.0342920969156949,6.70373210891087,6.74834460579682,6.7710559294149,6.79485444763776,6.83765177890341,17057.9072922735,0.999869813073402
"overdisp[95]",6.99607781544105,0.000239453393567353,0.0296933684863378,6.93680247818666,6.97672441833279,6.99583962257162,7.01593251651424,7.0538984266365,15377.1886702672,0.999771444039904
"overdisp[96]",5.95169402088872,0.000405818878823547,0.0512165572257931,5.84786583995157,5.917560424746,5.95229859728604,5.98715360071917,6.05171954694421,15927.8174789814,0.999714941328042
"overdisp[97]",6.28943517075342,0.000337246431843632,0.0422496081336372,6.20598516432184,6.26124105268506,6.28951611052732,6.31760061268963,6.37141440844696,15694.6141676895,0.999701676366775
"overdisp[98]",5.52787567589627,0.000479457920208416,0.0624350601917356,5.40292653928125,5.48514709560333,5.52852150461505,5.5709028916252,5.64664246444249,16957.2754632673,0.999840323647836
"overdisp[99]",5.87279499880211,0.000407474603763974,0.0509380581003155,5.77265426481057,5.8391673118163,5.87338346577317,5.90709442596527,5.97108074386925,15627.2901835806,0.999821736431516
"overdisp[100]",5.4753692572028,0.000520129685933955,0.062979239776265,5.35094425136236,5.43377893065899,5.47586789114592,5.51758934177927,5.59643711519259,14661.2684227688,0.999671541387973
"overdisp[101]",6.5697016291558,0.000287545070379958,0.0371631671162462,6.49758496984969,6.54414218696912,6.56969126449748,6.59502618358427,6.64159944914708,16703.7346972445,0.999741537138793
"overdisp[102]",6.27068985316656,0.000366213512718613,0.043297052151936,6.1844568814322,6.24194354546211,6.27141439404126,6.29987902052869,6.35335260393773,13978.0930555057,0.999625938740219
"overdisp[103]",5.89603530710891,0.000421955926710097,0.0517927248287895,5.79445983964022,5.86106406144106,5.89696474565219,5.93173462660207,5.99371993688631,15066.1864388107,1.00007051228068
"overdisp[104]",6.00832069172565,0.000377504067741697,0.0482832038853628,5.91219438876537,5.97528659479295,6.00949457336426,6.04088130394787,6.10124434875624,16358.7038267702,1.00005252718541
"overdisp[105]",6.94759247452481,0.000227824014795025,0.0301350065703136,6.88712648270375,6.92755510562309,6.94782937038474,6.96778490646315,7.00639321687237,17496.1937443903,0.999770175376333
"overdisp[106]",6.90539428931456,0.000254245635128816,0.0323010406786869,6.84263396608788,6.88346230829672,6.90583102749009,6.92761416657921,6.96717014084978,16140.8357439867,0.999721166302417
"overdisp[107]",5.93661189153232,0.000390000658264448,0.0505986109263534,5.8364051924696,5.90332026172993,5.93598971397832,5.97040198297426,6.035822711335,16832.4180481719,0.999706984861013
"overdisp[108]",5.76540621512709,0.000460165869084142,0.0561979431596975,5.65403450050176,5.72844454641385,5.76670117655095,5.80349565850327,5.87242561673761,14914.6145626666,0.999854770194414
"overdisp[109]",6.04347727860572,0.00039241085404426,0.0483622631288514,5.94811212078656,6.01159380474716,6.0435923300458,6.07545619773264,6.13733277113481,15189.0708683652,1.00007115636198
"overdisp[110]",5.46338834289568,0.00050645728562263,0.0647611792837444,5.33562902096879,5.42047114485076,5.46387600621579,5.50633278604152,5.58886304821789,16350.9823972758,0.999642916192885
"overdisp[111]",6.59496828789983,0.000288521854966614,0.0359807245660532,6.52454157070604,6.57101248398317,6.59484431174407,6.61933652498343,6.66448671280545,15551.8614357657,0.999655438378407
"overdisp[112]",6.95117665633498,0.000253265214318138,0.0309093869518544,6.89067323424939,6.93054487490869,6.95178443926618,6.9724444643797,7.00944618888026,14894.6291615177,0.999640587450408
"overdisp[113]",8.08914585591201,0.000136975668932804,0.0173424866287517,8.05454130033819,8.07758813446514,8.08908105397435,8.10101944001797,8.12335668936469,16030.0868963654,0.999655481551287
"overdisp[114]",7.86621476582609,0.000156062226219945,0.0195257176274146,7.82772182735922,7.85298915263704,7.86609546277863,7.87970040028613,7.90472715533299,15653.7507087205,0.999707928056239
"overdisp[115]",8.48911873945402,0.000112338104802076,0.0144583770583363,8.46147859922128,8.4793749585168,8.48909948384543,8.49880591992032,8.51688747055712,16564.7508196193,0.999588784015413
"overdisp[116]",7.05965499389495,0.00022843007150553,0.0293739969141737,7.00102187346728,7.04000738315402,7.0600155451648,7.07946234628918,7.1178923104115,16535.5840217107,0.999529728003755
"overdisp[117]",8.02906268071001,0.000137708098436226,0.0181390768551004,7.99314454001519,8.01706127105061,8.02902949104415,8.04105505682745,8.06493404044848,17350.4762117042,0.999565238261744
"overdisp[118]",8.10650649686028,0.00014319831264389,0.0170702270166734,8.07343462171573,8.09491899191921,8.10648666026934,8.11834812700715,8.13900621249461,14210.2851427423,0.999760533234245
"overdisp[119]",8.16240618707333,0.000131139244197671,0.016919567909084,8.12946669769152,8.15099046066467,8.16235857103807,8.17376051945945,8.19553090956508,16646.1262070619,0.999838570165407
"overdisp[120]",6.96247498468896,0.000246272206055215,0.0310244504382765,6.90106834631585,6.94176451828705,6.96251880593912,6.98354353320197,7.02330980053417,15870.0170374944,0.999634205345207
"overdisp[121]",7.89504871443719,0.00015549179917117,0.0189634410022635,7.8575663660503,7.88245775338949,7.89506725050435,7.90776755383464,7.93216299884102,14873.7100904842,0.999677754987116
"overdisp[122]",7.2706015796658,0.000209793740927574,0.0261362016418191,7.21886364553898,7.25291703235668,7.27085078876885,7.2883572029655,7.32213148556405,15520.2920731228,0.99969466533223
"overdisp[123]",6.92660513247351,0.000250515355205861,0.0307615844681497,6.86586721584921,6.90587157693689,6.92634445596579,6.94751238975243,6.98739252815928,15078.172273224,1.00009958687122
"overdisp[124]",6.71236223573759,0.000268363920061554,0.0353594318787656,6.64212133405796,6.68838856689314,6.71230606368389,6.73716768239622,6.7798093003241,17360.5029499902,0.999609717751346
"overdisp[125]",8.09928420206564,0.00013527354209543,0.0175627360946972,8.06417900702051,8.08760019223316,8.09943887068297,8.1111410099241,8.13437649856995,16856.1592975956,0.999685921090935
"overdisp[126]",7.34757755760381,0.000199839850613888,0.0252879953103327,7.29810873830036,7.3302328824472,7.34760803613889,7.36476090347228,7.39625210593445,16012.7016464975,0.999744277859297
"overdisp[127]",7.48600773507631,0.000191185471053471,0.0237931435249462,7.43830245130926,7.46975096535493,7.4861657255034,7.50229341845304,7.53208251229435,15487.9478579757,0.999741659311377
"overdisp[128]",7.69679029056965,0.000168874354425646,0.0212144252796144,7.65505878954037,7.68288356010557,7.69667498897103,7.71100815420669,7.73876904375348,15781.0224605439,0.999748061388304
"overdisp[129]",7.95146952599876,0.000140493550823259,0.0183780317936822,7.91554057481143,7.93893882619533,7.95150344692695,7.96403521997219,7.9870247485921,17111.3872151155,0.999627684175032
"overdisp[130]",8.23849263845804,0.000126463863124445,0.0162402163003519,8.20639262356887,8.22790211549754,8.23844406202431,8.24922026723191,8.27078238688542,16491.1419549155,0.999737029565299
"overdisp[131]",7.56062362244103,0.000194977229629541,0.0237854878776326,7.51268554256333,7.54504393258261,7.56084014982822,7.57650793749029,7.60599908385501,14881.8299309764,0.999592942782806
"overdisp[132]",7.19696235380406,0.000231065620764965,0.026984468978278,7.14404245045157,7.17895224581319,7.19675762739565,7.21540958568416,7.24914173552262,13638.2009481029,0.999945062315956
"overdisp[133]",6.77012488001768,0.00027127001990703,0.0336407775762098,6.70440288449702,6.74760088966633,6.77003980162719,6.79315132855583,6.83455681338452,15379.0125951437,0.99954795815392
"overdisp[134]",6.50288016422285,0.000300189086842781,0.0380511516352876,6.42787558895997,6.47741913835501,6.50310629183264,6.52862244016003,6.57624280397123,16067.4076119335,0.999752771156181
"overdisp[135]",8.42974116625844,0.000120001626618859,0.014940760554844,8.40058050629338,8.41968797803476,8.42988400816257,8.43976117422141,8.45875615171939,15501.407940581,0.999668348123333
"overdisp[136]",5.60541733509103,0.000498533612012229,0.0600500078240458,5.48802045420192,5.56460451562466,5.60575763801295,5.64696048672222,5.71914693998237,14508.9922118684,0.999687907506551
"overdisp[137]",6.83824055745318,0.000264100006471266,0.0332022593276716,6.77314371596639,6.81594813665603,6.83851650111801,6.86081695000531,6.90195894790666,15805.1437786255,0.999714335965623
"overdisp[138]",5.41346366815396,0.00051984170008234,0.0664920480059526,5.27956111515084,5.37034831089398,5.41380247764003,5.45804290528442,5.54183507914431,16360.5233074035,0.999700393790191
"overdisp[139]",6.60396434720462,0.000282393376997796,0.0368324415960008,6.53105431190006,6.57947667856969,6.60390734115733,6.62890609995785,6.67539762989274,17011.8679854184,0.999717568218642
"overdisp[140]",7.21810342204222,0.000213964750736275,0.0270793251853562,7.16512720791216,7.19997263442424,7.21834570617437,7.23648086349951,7.27027359374179,16017.3701110991,0.999711343807408
"overdisp[141]",5.23558459374679,0.000601095479054479,0.0737902319917205,5.08892902495401,5.18661305369859,5.23648486673789,5.2847866998926,5.37744681696738,15069.9158881179,0.999822245839841
"overdisp[142]",6.17140009915909,0.000382284477754988,0.0463707601012516,6.08012716670818,6.1398688693718,6.17190951982095,6.20282323755096,6.26080239588382,14713.4697605611,0.999605207175363
"overdisp[143]",5.71276017472868,0.000466563069525248,0.0565301614165274,5.60007177902471,5.6750667018162,5.71350536792276,5.75050623103957,5.8225685524571,14680.462297451,0.999582730898867
"overdisp[144]",6.42725503363426,0.000313062475992215,0.0398998093408363,6.3488273362031,6.40078437820473,6.42743523662302,6.4543812911319,6.50388032196192,16243.4998746701,0.999903360603434
"overdisp[145]",6.60092373154717,0.000292380455050977,0.0364797110732482,6.52953675127748,6.57661229338269,6.60132103591906,6.62562846854099,6.67185471476708,15567.0422659303,0.999620317166713
"overdisp[146]",6.26612920499653,0.00034068980691193,0.0421516853584004,6.18345592617832,6.23771762201538,6.26627709373346,6.29458182560975,6.34781114735487,15307.758686327,0.999635607880554
"overdisp[147]",6.56919026913395,0.000294744256184205,0.0371899104496815,6.49534559633517,6.54387253417912,6.56967945758302,6.59450201890625,6.64027812974736,15920.6048808105,0.999727033824205
"overdisp[148]",6.67999405089363,0.000283648433652006,0.035393123586172,6.61086015003947,6.6556193214128,6.68038086029333,6.70456875330423,6.74750807923558,15569.5838885542,0.999677088471722
"overdisp[149]",7.27329686411063,0.000218135797519125,0.0265769444850126,7.22059627255576,7.25595015661881,7.27336253740503,7.2913842296699,7.32570269765779,14844.1800855346,0.999873927306701
"overdisp[150]",6.07722698644576,0.000368824611501763,0.0467820378138641,5.98201678590825,6.04658366543646,6.07733540964665,6.10864538943627,6.16886976037706,16088.6085126857,0.999641142914966
"overdisp[151]",5.71286007464928,0.000437058182913571,0.0576641311162607,5.59604502296554,5.6748507846512,5.71377695384191,5.75202583244733,5.82352306871419,17407.3632974523,0.999561007285979
"overdisp[152]",6.15576890186305,0.000374848230754999,0.0469720505700433,6.06329705773908,6.12304963399906,6.15643718134647,6.18871646321597,6.24527610299291,15702.4749343252,0.999739733833985
"overdisp[153]",6.26579219937451,0.000362748710463139,0.0434731647288519,6.17964652387773,6.23636915105419,6.2666294629904,6.29476656260781,6.35125458941412,14362.5237264065,0.999742865096977
"overdisp[154]",6.30164688335109,0.000313788693722649,0.0428525146608959,6.21673843890836,6.27319342465272,6.30137396795017,6.33056057623435,6.38499174318367,18649.9658899967,0.999750433848513
"overdisp[155]",6.90752576544507,0.000257596189443002,0.0324803354850899,6.84317746969158,6.88565783354296,6.90775061536109,6.92972790273074,6.96966328408711,15898.7193862871,0.99954031622274
"overdisp[156]",4.44847871988439,0.000908245876413726,0.105276091189957,4.23546737407965,4.38185802181816,4.4498743217078,4.51949443309799,4.64983795696588,13435.4628878891,1.0002769460825
"overdisp[157]",5.07695731963559,0.000606667751355223,0.0760470567283725,4.92356058618669,5.02640144247359,5.07816323794185,5.12815599424848,5.22497514317355,15713.1407481808,0.99961965881043
"overdisp[158]",5.57311724053836,0.000503684918599816,0.0606690996024506,5.45033754223373,5.53286050094068,5.57304918016061,5.61454805824675,5.6936078392218,14508.3226224596,0.999735986285563
"overdisp[159]",5.41405792861708,0.00052056954088333,0.0671417742033382,5.27935799649494,5.36884093629606,5.41399129836017,5.45963720645853,5.54408312496111,16635.2035555811,0.999655144697841
"overdisp[160]",5.34340282993792,0.000565299763012167,0.069952540278172,5.20509968075957,5.29683402450684,5.344479345101,5.39061156810703,5.47739680255267,15312.615363656,0.999715921385034
"overdisp[161]",5.74333256096646,0.000450107640851703,0.0548545646178534,5.6387767957916,5.70553432390834,5.74398345535389,5.78065061419509,5.84895494961218,14852.2678895746,0.99961230472441
"overdisp[162]",5.35179618356504,0.00053768423650026,0.06632204158812,5.21817049594349,5.30854314604457,5.35181389158429,5.39630077352515,5.47897421275914,15214.621918487,0.999741018156369
"overdisp[163]",5.62166868447534,0.00050978782456182,0.0596437308408789,5.50470204705167,5.58212642771769,5.62203421466421,5.66264717642424,5.73628823622741,13688.3369006128,0.999961952238138
"overdisp[164]",5.80168363098567,0.000437604757575454,0.0550667618723997,5.69164645699762,5.76565172830471,5.8017034127545,5.83830879982946,5.90859410314802,15834.8884526001,0.999894736028977
"overdisp[165]",5.7238705413478,0.00042905257159787,0.0565356773640423,5.60979869535842,5.6862616709594,5.72409114768217,5.76250516421091,5.83141387649022,17362.9766471392,0.999753508369834
"overdisp[166]",5.58120719530627,0.000493086285007626,0.0606097118926333,5.45916415529879,5.54047282705467,5.58207790868009,5.62238772048095,5.69925368565509,15109.0999183735,0.999852551152169
"overdisp[167]",5.3066654238381,0.000628137658507205,0.070191379242036,5.16571707248284,5.26029807586163,5.30849882218391,5.35418153289298,5.43992499052089,12486.9936242338,0.999942367904491
"overdisp[168]",4.61063094288035,0.0007686697224067,0.0988629572054807,4.41587870747671,4.54465853718751,4.612036556454,4.67796297264623,4.79870690003299,16541.985834134,0.999580182815312
"overdisp[169]",5.63238760079573,0.000449521214323203,0.0592728334143257,5.51593133321688,5.5915896702217,5.63321944330374,5.67327966051282,5.74562657212315,17386.4530448673,0.999718739994051
"overdisp[170]",4.63161860820489,0.000784272001274306,0.0976015043580197,4.43764256089605,4.56713996242634,4.63163301874382,4.69900218225844,4.81659261066674,15487.4387388996,0.999551356033433
"overdisp[171]",4.53079683324216,0.000850833107425797,0.105520433676382,4.3153793281804,4.46148373356668,4.53278142261154,4.60218651707655,4.73306149402839,15380.9929615612,0.999559416369435
"overdisp[172]",5.98424005729014,0.000434932259750244,0.0493515932913446,5.8850617706408,5.95127739707771,5.98447804492068,6.01734813817375,6.08025569648623,12875.3520810398,0.999672345809648
"overdisp[173]",5.23785821935344,0.000612570471489485,0.0728678813774968,5.09307424695893,5.18918517183773,5.23819992539024,5.28753723830827,5.37753208052854,14150.1215040457,0.999653434834609
"overdisp[174]",6.47068132041131,0.00031732643645337,0.0392373044581751,6.3943523562193,6.44434004650696,6.47082203474771,6.49747360421926,6.54725840462842,15289.2372348751,0.999566035105073
"overdisp[175]",6.02630815210946,0.000359686038021743,0.0490149530492375,5.93223300454279,5.99292387743261,6.02603879738695,6.05986350988479,6.12186897090103,18569.919529213,0.999873243617157
"overdisp[176]",5.69580950917476,0.000466297129577045,0.0573077200883682,5.58346724801554,5.65809896596526,5.69627547696713,5.73450984952173,5.80608537439039,15104.3060832004,0.999819792315657
"overdisp[177]",6.21422028279613,0.000327053630628777,0.0446871698768606,6.1254940863993,6.18382616282504,6.21437507987484,6.24480663607031,6.29982020337198,18669.2878756226,0.99974786749592
"overdisp[178]",6.70564449906273,0.000297241617408633,0.0350850078723369,6.63532273415436,6.6825289340909,6.70574304137131,6.72985387775695,6.77304590401113,13932.3355318721,1.0000546908708
"overdisp[179]",6.32601529087987,0.000325502766004775,0.0417248390016778,6.24405270431446,6.29739164869887,6.32615068553241,6.35427392989751,6.40726566359002,16431.6044719823,0.999863342830264
"overdisp[180]",4.92827078242706,0.000654521722453111,0.0844891405108775,4.75719918152725,4.87293407065603,4.92856303570907,4.98478006382547,5.09308970698838,16663.0176783828,0.9996427141596
"overdisp[181]",5.96080720073004,0.000383727812277881,0.0489007821914437,5.86413412290879,5.92824524708214,5.96149329247904,5.99335549968564,6.05553188217051,16239.963789737,0.999629814857866
"overdisp[182]",6.40391545694024,0.000330654065859538,0.0404919147630301,6.32575937739602,6.37578618333882,6.4039986886596,6.43195144473362,6.4826036487609,14996.4648275729,0.999724474779812
"overdisp[183]",6.1969878064604,0.000353150011955872,0.0444460729718714,6.10958325775964,6.16699050742054,6.19756733133712,6.22788867027739,6.28124813767165,15839.7506029258,0.99987524196754
"overdisp[184]",5.24454528263068,0.000616492777719216,0.0739820920333486,5.09653162821196,5.19534312860128,5.24565220691803,5.29644420596944,5.3820591317968,14401.1518446209,0.999803249741077
"overdisp[185]",5.17548911525123,0.000583562897005792,0.0726864413715146,5.03008401096749,5.12666224002322,5.1773306832244,5.22414698233795,5.31467962535934,15514.274475034,0.999687979437586
"overdisp[186]",5.71585144460064,0.00045948946298855,0.0566453703302215,5.60208634994848,5.67871069534307,5.71520369311627,5.75377869676237,5.82812435602524,15197.6951114091,0.999718398605824
"overdisp[187]",6.3870581235462,0.000315651114461786,0.0408595908357629,6.30687875519253,6.35989880805688,6.38692553925805,6.41455513560164,6.4663002859308,16756.1165545784,0.99985304390449
"overdisp[188]",6.51949299026394,0.000309971387967566,0.0380674209954812,6.44460205795952,6.49398765482563,6.51937136881517,6.54492114492043,6.59307865815885,15082.1652275611,1.00016658594016
"overdisp[189]",5.70389588800008,0.000456368923156393,0.0569161130441384,5.58813105973224,5.66624212647576,5.70464600297646,5.74221900835652,5.81429323634689,15553.8655445784,0.999701111952062
"overdisp[190]",5.93830241570427,0.000424859581237362,0.0513035410440826,5.83699554958634,5.9037194617,5.93850443248551,5.97335123772111,6.03835734682813,14581.5553301834,1.00004440819805
"overdisp[191]",5.40432776645423,0.000543539059696992,0.0673016081184513,5.27236895375037,5.35807109071174,5.40518837336809,5.45105195051949,5.53260827508078,15331.6665610443,0.999726299410173
"overdisp[192]",4.67236399844036,0.00078528215168022,0.0982367705040523,4.4724406628302,4.60699094504338,4.67407096555836,4.74005914930844,4.86093776022559,15649.3642857322,0.999896126675441
"overdisp[193]",7.22024732421163,0.00020520999611246,0.0274705826532427,7.16543715809464,7.20209540551943,7.2204938088376,7.23883376694996,7.27398003978406,17920.0293895715,0.999737876793974
"overdisp[194]",6.75349898183323,0.000269061953863985,0.03429264479209,6.68605551974241,6.73030784992914,6.75391647449124,6.7766494957974,6.8200829675511,16244.1644993161,1.00013418139419
"overdisp[195]",6.61492342342614,0.000282195616036002,0.0374415657093428,6.54174874722512,6.58961324396876,6.61551273425611,6.64006514911274,6.68637405940873,17603.8426409174,0.999793158240795
"overdisp[196]",6.07250484913464,0.000391499012723508,0.0478892650803941,5.97597945275525,6.04101893186788,6.07291990009771,6.10511988020755,6.1649212685315,14962.8734280852,0.999552522822766
"overdisp[197]",6.20021660819271,0.00036335022487789,0.0438478197382804,6.11103718938981,6.17116256382442,6.20091205844222,6.22971802210892,6.2847392170171,14562.8085692564,0.999639307464345
"overdisp[198]",6.0328634251533,0.000387937509362545,0.0487617323140784,5.93514787495479,5.99994437560907,6.03355945289425,6.06642846249338,6.12712095560404,15799.1857682547,0.999765209297631
"overdisp[199]",5.68241391136767,0.00047064685566489,0.0599782676438764,5.56229115294722,5.6424213261799,5.68250666170044,5.72383379773082,5.79806490645085,16240.4295752134,0.999603336692339
"overdisp[200]",5.26200202735325,0.000554649822468121,0.0704436149664762,5.1214594729366,5.2144964387578,5.2635617571399,5.31023164760326,5.39649514704837,16130.4139470771,0.999902339722894
"overdisp[201]",5.73361901390202,0.000456172056319667,0.0566246162209861,5.61881752410298,5.69604259466933,5.73435233902162,5.77185212283678,5.8448072996404,15408.245400553,0.999901236323913
"overdisp[202]",5.15684460354082,0.00059157153091259,0.0749177987256386,5.0078323825841,5.10590525492693,5.15827273507522,5.20776218126176,5.300860746385,16038.1948400635,0.999628240697948
"overdisp[203]",5.3579243172146,0.000542293862407388,0.0702006295492572,5.21684433242668,5.31251362027826,5.35882658924972,5.40495542042076,5.49490906207596,16757.6314704765,0.999617704083686
"overdisp[204]",5.53008659853992,0.000486742431997555,0.061389915254245,5.41120605046607,5.48830229205606,5.52985102963243,5.57348012025169,5.6476778211072,15907.2699892171,0.999717503429303
"overdisp[205]",5.31739870703832,0.000562962024873372,0.0697971729192598,5.17900445090281,5.27080725992539,5.31881530328785,5.36451037169823,5.45044471884716,15371.5429976375,0.999543133805712
"overdisp[206]",4.82141939096866,0.000710529504606459,0.0879399457869756,4.6463153562703,4.76288754513505,4.82134227283394,4.88047908002657,4.99134047325542,15318.2147539761,1.00029594375691
"overdisp[207]",5.45171245669605,0.000568749604132693,0.0644240717459548,5.32538317197406,5.40803128015079,5.45277871527771,5.49650620934517,5.5779437558726,12830.8114997614,0.999679025575538
"overdisp[208]",6.27816455187058,0.000321076005410024,0.0433177709758994,6.19310636618569,6.24975018483517,6.27832716166958,6.30709340158795,6.36237035440407,18201.8905805139,0.999781398473347
"overdisp[209]",3.99844129355042,0.00110700245240004,0.138108075289759,3.71828392106007,3.90827364178587,4.00130099972731,4.0928937799136,4.25913401924714,15564.7080782604,0.999768808721844
"overdisp[210]",5.41019066707346,0.000522370597703514,0.0670290214149518,5.28084076208663,5.36398024094937,5.41052005465552,5.45609080202736,5.53947076358353,16465.249260963,0.999912247008582
"overdisp[211]",3.16258866024974,0.00178854983425997,0.210255762217226,2.71693923931579,3.02806240863025,3.16969590212593,3.30896517880847,3.55400278302486,13819.5443143676,0.999844153473483
"overdisp[212]",5.34397735747435,0.000565992696223022,0.069490106983748,5.20562677199541,5.29683293328394,5.34443495013462,5.39194589532836,5.47766585763165,15073.8540765836,0.999582751070782
"overdisp[213]",6.83202434779394,0.000259448500043157,0.0330506288783218,6.76660183614828,6.80992674493968,6.83219635972879,6.85395120556439,6.89548686147596,16227.705838406,0.999707204218212
"overdisp[214]",6.78950592797793,0.000264245970415778,0.0332259297101794,6.72350558989098,6.76686037853924,6.79002030539102,6.8122685042304,6.85405330065718,15810.2063167215,0.999758708735736
"overdisp[215]",7.24405259391651,0.000208440360808954,0.0269252414083467,7.1914004890788,7.2261356924463,7.24418815341291,7.26210585143528,7.29742830228162,16686.1283215891,0.99983735031405
"overdisp[216]",7.48254322461787,0.000195984320470128,0.0239107262962154,7.43613299122297,7.46618420447086,7.48253166992124,7.49898965331812,7.52839781908195,14884.7958116555,0.999801935280177
"overdisp[217]",8.02405764743397,0.000138616297287634,0.0181877440704681,7.9884204999722,8.01193137601251,8.02413858702517,8.0363123283352,8.05991530339231,17215.8742249792,0.999701022443501
"overdisp[218]",8.44237108703375,0.000113744528035526,0.0145105619744118,8.41346845927012,8.43264835768047,8.44264661232181,8.45225715888913,8.47055688078992,16274.491910361,0.999629205294171
"overdisp[219]",7.3214955102111,0.000197837015067235,0.0258859778219509,7.26985491771284,7.30442650195301,7.32164679243416,7.33894732702487,7.37207369261273,17120.4055401576,0.999713676399581
"overdisp[220]",8.47142812642973,0.000112452247286317,0.0143536310047453,8.44282707318667,8.46187358145172,8.47145461723924,8.48125377555024,8.49911970063399,16292.4830167336,0.999684329452458
"overdisp[221]",7.04489734219271,0.000230719739169754,0.0287086855192359,6.9870559766523,7.02581259301516,7.04545754875711,7.06402708507197,7.09935821352625,15483.071231178,0.999706612831342
"overdisp[222]",7.51400596157182,0.000179661487011135,0.0232337234842343,7.4683210816727,7.49831172038013,7.51401657126614,7.52993462321237,7.55827421342456,16723.5184175873,0.999624540989447
"overdisp[223]",6.77811490632311,0.00027000293646254,0.0332609992406127,6.71241655241254,6.75546967473262,6.77799282764498,6.80038519600762,6.84276319115539,15175.1715670623,0.999667529041019
"overdisp[224]",7.80869549300038,0.000156163851298199,0.0206504863194745,7.7679512637438,7.79480884282874,7.80897109406005,7.82264263242915,7.84915331519231,17486.3652495144,1.00015705706511
"overdisp[225]",7.52782153472051,0.000187026726283474,0.0229007106456377,7.482618660719,7.512491866342,7.52765343953742,7.54338266564509,7.57183162213462,14993.0702102744,1.00013820476383
"overdisp[226]",7.409606596197,0.000196094253636017,0.0247744855584193,7.3608287535248,7.39309825078146,7.40965722200379,7.42626204691662,7.45765221468736,15961.7151344904,0.999577092949449
"overdisp[227]",7.36883364734544,0.000218149181363507,0.025550348276867,7.31808424058643,7.35132972558568,7.36913314782019,7.3858016631057,7.41909831055425,13717.8633904287,0.999718395299591
"overdisp[228]",7.7679041165276,0.00015549954247656,0.0202197288083547,7.72790420493364,7.75411550868989,7.7680229454469,7.78170687049802,7.80761263088127,16908.0071097962,0.999545624972774
"overdisp[229]",7.93116131424451,0.000148996338919088,0.0184883526591135,7.89421906194488,7.91886399811725,7.93127137791112,7.94364739173705,7.96671253022389,15397.3236500151,0.999790269939296
"overdisp[230]",7.72132757578897,0.000160789983214233,0.0211396102232959,7.67961276873576,7.70722086273954,7.72133452857814,7.73575881364533,7.76259959960309,17285.2621753164,0.999624467967495
"overdisp[231]",6.34960496631468,0.000335723973990902,0.0415415812941746,6.26636995484822,6.32080084172083,6.34985714642859,6.37884882586889,6.42967598692481,15310.921775488,0.999627218032794
"overdisp[232]",7.58669785069354,0.000175268878532223,0.0223216320648182,7.54215571188184,7.57157029589302,7.58699407361512,7.60222450310846,7.6289906993501,16219.6797432071,0.999753328534102
"overdisp[233]",7.25420878193135,0.000221283247312802,0.0265018814350551,7.20250544515384,7.23561931859222,7.25445175126355,7.27221799664432,7.3055120234573,14343.5397492167,0.999972401628451
"overdisp[234]",7.92935482903145,0.000159646314369617,0.0188314433967033,7.89205705245144,7.91669071637502,7.92952077989767,7.94200468897336,7.96581148871478,13913.9175282702,0.999666479129423
"overdisp[235]",7.03832500269736,0.000228336045848542,0.0300326848442711,6.97975545468168,7.01823681583271,7.03800630064094,7.0587800424388,7.09614587361844,17299.7316095167,0.999672919486798
"overdisp[236]",6.94545400024719,0.000241488111603266,0.0310305449045027,6.88424439708159,6.92475749715686,6.9455641492043,6.96637230888302,7.00460167848932,16511.5290564995,0.999637815579418
"overdisp[237]",7.13041538150241,0.000215985735876722,0.0279947243175969,7.07512812708815,7.11138349105916,7.13045818579212,7.1488999286735,7.18451198417219,16799.7279626386,0.99963951893211
"overdisp[238]",8.09629206819511,0.000136707341423771,0.017456379428338,8.06262875050392,8.0843491303229,8.09646883885715,8.10798906890416,8.13001411423067,16305.1452153033,0.999867667242879
"overdisp[239]",6.87784295107271,0.000268076259519484,0.032056476431114,6.81475668930254,6.85591581484596,6.87835365170499,6.8995291725578,6.9394857655351,14299.3026364535,0.999974645490676
"overdisp[240]",7.67773392556731,0.000170455175795732,0.0216352504920214,7.63516674353796,7.66287074809685,7.67760082744111,7.69238777259658,7.72066636637577,16110.2941389866,0.999973888031003
"overdisp[241]",7.06741193207024,0.000227375609466683,0.0289929703783624,7.00982389421431,7.04783052739887,7.0671636825906,7.08728961126973,7.12378659249736,16259.1437711359,0.9997871820048
"overdisp[242]",7.68986602405049,0.000164234104107614,0.0214358774844554,7.64660841364792,7.67563561207969,7.69002157715286,7.70408430281644,7.73192709290574,17035.5375003237,0.999577924486614
"overdisp[243]",6.47636351032613,0.000309081089536447,0.0391999664327218,6.39739609151638,6.45020003504109,6.47670533758154,6.50290660835436,6.55253167849904,16085.2020764508,0.999686059454922
"overdisp[244]",7.36566995903415,0.000201740373247346,0.0252611352412192,7.31503789653596,7.34867490963213,7.36592604219387,7.3827727268108,7.41523267921001,15679.0623774036,0.999592678523738
"overdisp[245]",6.17106052675648,0.000371496305688104,0.0449926858040591,6.08172529895907,6.14097793324287,6.17162860140712,6.20187247859759,6.25722242390764,14668.1329942497,0.999560978586424
"overdisp[246]",6.79494973486908,0.000250315665745236,0.0326486538797053,6.73019792479256,6.77311411923786,6.7951128158817,6.81702444280366,6.85808001158697,17011.9657213301,0.999821330114456
"overdisp[247]",6.64617760808731,0.000282694644399513,0.0360401395596886,6.57367581892459,6.62170867422999,6.64623113697037,6.67126900350431,6.71627427374867,16253.1583363372,0.99974240027045
"overdisp[248]",6.54560829487031,0.000301391794776848,0.0380730648887983,6.46988148475845,6.52007394206241,6.54560278387266,6.57152361621851,6.61926344006351,15957.793049912,0.9997108384327
"overdisp[249]",6.54317092714299,0.000301372320849044,0.0374265014137744,6.46951891595214,6.51814265463255,6.54297841828731,6.56838196415404,6.61615556652709,15422.3920174121,0.999663751509543
"overdisp[250]",6.92131837190013,0.000241497728337684,0.0314867453412612,6.85890331241538,6.90036084207654,6.9215608006232,6.94244349364195,6.98242525796438,16999.2375788049,0.999709995080782
"overdisp[251]",7.24909553464351,0.000195089229616122,0.0259527720352378,7.19783164281857,7.23181753192511,7.24904324867844,7.26653512993923,7.30080186940063,17697.0515706603,0.999554195657024
"overdisp[252]",6.71092003857337,0.000275479383649077,0.0344222368392057,6.64269256478492,6.68745198224094,6.71067326381351,6.73480491447036,6.77808216325051,15613.4893563318,0.99974229122498
"overdisp[253]",6.09675481618806,0.000396966609451927,0.0470841064517647,6.0031084078401,6.06485450882677,6.09726858511748,6.12867336199571,6.18588680905094,14068.270492181,0.999890932866479
"overdisp[254]",6.68614665664608,0.000294158802442201,0.0356489483933329,6.6147668855074,6.66260679117047,6.68614276942875,6.70962223709527,6.75707667511474,14686.8868392379,0.999582143997846
"overdisp[255]",6.75812444292774,0.000282397465648132,0.0347521977161514,6.68928085086967,6.73453792609915,6.75821692385014,6.78137569581359,6.82724029904533,15144.0822301386,0.999916534326461
"overdisp[256]",6.05053785973836,0.000375753630583378,0.0474697087220137,5.95583108965771,6.01825034381887,6.05085947126314,6.08291214770745,6.14133715548819,15959.7749388856,0.999759401104038
"overdisp[257]",3.49808208682598,0.00161239697994123,0.169900202968829,3.15650464346725,3.38785538339711,3.50143130696208,3.61442367051363,3.82084529882958,11103.089569345,0.999752971821377
"overdisp[258]",4.68989312434408,0.000762457067109864,0.0938487712334077,4.4977271048145,4.62734501850468,4.69199056451608,4.75405723732949,4.86826497667787,15150.4800237072,0.999697146340545
"overdisp[259]",5.05635488930891,0.000662967262714885,0.0806159228679558,4.89659411187943,5.00203363783819,5.0564132557512,5.11288839209422,5.20990809518857,14786.2312150772,1.00014613414493
"overdisp[260]",4.88977558630013,0.000691343256301227,0.0867266295083769,4.71620671377519,4.83244178683382,4.89068201778107,4.94787916408548,5.05896121660163,15736.8380462925,0.99975632975046
"overdisp[261]",4.21273688313116,0.000950739223110981,0.11810393986052,3.97757835549617,4.13188503787579,4.2138518381817,4.29623421742849,4.43599375808669,15431.4220242136,0.999873018622365
"overdisp[262]",3.43474023962354,0.00153761965370503,0.173809309511688,3.07635244308638,3.31768162467516,3.44032160185959,3.55556561287824,3.76545593117564,12777.5687269395,0.999687421318764
"overdisp[263]",3.05178056920224,0.00182299174776158,0.211979051813025,2.61231512914052,2.91329326905922,3.06030027950042,3.19753080132771,3.44597402904826,13521.2388629242,1.00000643044932
"overdisp[264]",4.09617047991876,0.00107199585527646,0.124813094028431,3.84960102377917,4.01114336313497,4.0991875380704,4.18316888470371,4.33176781093651,13556.0788384871,0.999991223142652
"overdisp[265]",3.31010356504829,0.00173813326900963,0.179761468386313,2.94427985509529,3.19403412224378,3.316365155379,3.43559822859867,3.63863144769202,10696.1397681191,0.999813939473276
"overdisp[266]",4.35515006808751,0.000908578125724562,0.114733785742855,4.12552570457639,4.27999598418917,4.35648456253663,4.43410310866782,4.57572970630614,15946.2325696297,0.999663033464525
"overdisp[267]",3.75789002959379,0.00124001170908959,0.150274442517701,3.45855286378233,3.65665296978356,3.7608367083285,3.86032247789348,4.04022174456339,14686.5124850934,0.999713779970404
"overdisp[268]",3.13616515410891,0.00172950585714853,0.20044054890976,2.72624494625807,3.01135444221258,3.14395543774251,3.2703184545393,3.51080774598398,13431.5796717477,0.999738813440033
"overdisp[269]",4.45956903998013,0.000948812692773143,0.106744304171465,4.24601627767645,4.3879379371584,4.46157378994218,4.53296406624234,4.66217196810309,12656.9320750643,0.999840595433699
"overdisp[270]",4.72921451469208,0.000790525718617559,0.0944861651048768,4.54099973516006,4.66605087866511,4.73123127506333,4.79345659506105,4.90491039731453,14285.7958019255,0.999780158757826
"overdisp[271]",2.52525233175504,0.00264286937508382,0.291074956247895,1.89760651111684,2.34723355081842,2.54292823952384,2.72200294676319,3.04755317958109,12129.929724164,0.99968370005845
"overdisp[272]",3.07547200020502,0.00221929200616882,0.210624163692869,2.64283240595227,2.93745533969959,3.08195101265137,3.22281213693438,3.46782428727555,9007.15196251797,1.00011490359925
"overdisp[273]",2.23441947413209,0.00302615163676712,0.338429613533374,1.51193565761606,2.0208706773208,2.25392723262184,2.47242325935374,2.83783149542951,12507.0631772287,0.999909107164034
"overdisp[274]",5.76777166978877,0.000434172839555039,0.0559116426867587,5.65798978187046,5.73017244824653,5.76795444137264,5.80575301494062,5.87913745602294,16583.6147514964,0.999609947675819
"overdisp[275]",4.82642326705994,0.000782173302838913,0.0884283616495534,4.65058824374363,4.76744881665622,4.82843267304899,4.88623842259218,4.99557741606656,12781.3633272716,0.99970979631884
"overdisp[276]",5.41356209447759,0.000532310483744839,0.0659498767480663,5.28226803473264,5.37012137166254,5.41324268176394,5.45813604252931,5.54134341614427,15349.6309167862,0.999784810043571
"overdisp[277]",5.55367506784622,0.000507444499840004,0.0608123528257348,5.43353082930164,5.51364319894305,5.55434098472712,5.59438216404669,5.67067667271401,14361.7219384002,0.999789410470647
"overdisp[278]",5.71412998882963,0.000457917825040579,0.0567074705752737,5.59923937414396,5.67643251437921,5.71560640040099,5.75247177759993,5.8225857661925,15335.7653040751,0.999670203040482
"overdisp[279]",4.40602184596293,0.000856107395685504,0.109646509107889,4.18395482814602,4.33259736569428,4.40929486601171,4.47970854715247,4.61691655011665,16403.3715052626,0.999620150528615
"overdisp[280]",5.05335210018604,0.000692741697653573,0.0796088704278041,4.89595687272909,5.00041972228358,5.05403720933153,5.10707418252482,5.20772949409403,13206.2728052821,1.00027626240629
"overdisp[281]",3.89894031118037,0.00118099056880791,0.139518628500299,3.61483124039018,3.80647485583381,3.90336352237427,3.99567120383779,4.16071800346522,13956.3399001192,0.99967206022633
"overdisp[282]",4.83608047291297,0.000715726868196238,0.0867664031583974,4.66229302611554,4.77915033957737,4.83728721903567,4.89531270568663,5.00042561563191,14696.3182219133,0.999643593718515
"overdisp[283]",2.8072024046981,0.00223900620284276,0.252012445855803,2.27937936995259,2.6461028368672,2.82258277783377,2.97919908965913,3.26556892827276,12668.7388903372,0.999924216517699
"overdisp[284]",4.83302798123924,0.000729036792335771,0.0887279745331618,4.65744814612307,4.77323795568057,4.83491156025111,4.89281761549433,5.00277491043544,14812.2912338843,0.999843126558648
"overdisp[285]",3.04372690298279,0.0021645762280249,0.211235737575379,2.60246360557933,2.90790187908581,3.05484702182933,3.18954866188017,3.4322220583799,9523.33412531562,0.999923728480053
"overdisp[286]",2.34624561537281,0.00311234773169153,0.322946551227844,1.65770551520512,2.14377723976506,2.37270354957122,2.57277764098802,2.91294913032791,10766.7610721131,1.0002481858746
"overdisp[287]",3.99480822366599,0.0010473482382861,0.129784113698819,3.73373795248801,3.90906442271094,3.99732851207227,4.08344059056548,4.23975694392358,15355.3902471223,0.999530913925838
"overdisp[288]",4.72539416901931,0.000673935139007373,0.09005892300353,4.54577128487639,4.66474201022388,4.72704334461907,4.78663365692624,4.89984969633511,17857.3617213273,0.999591893080154
"overdisp[289]",4.0664754327235,0.00105483430966059,0.127236316705772,3.80427609275248,3.98200053168549,4.06933810195322,4.15439701190443,4.30287426412045,14549.6880632732,0.999751294926153
"overdisp[290]",1.93994717039495,0.00426119409820474,0.416900282987525,1.038238927586,1.68393492017854,1.96926131977469,2.23502533121755,2.66490018697483,9571.97919846206,0.999810685952843
"overdisp[291]",4.4941544714081,0.000825176857110074,0.106638658148597,4.28300233959525,4.42116663717651,4.49665921826877,4.56753875085636,4.69886707162767,16700.7226898829,0.999661396901286
"overdisp[292]",4.54078634605618,0.000856915505693882,0.101375907146363,4.33444972498274,4.47333214969647,4.54302633531625,4.61002154709499,4.73785380411975,13995.6638884781,0.999801014477444
"overdisp[293]",4.05367424190391,0.00115792369711928,0.128450891385808,3.78952405157046,3.97069696007637,4.0567137723452,4.13911393950244,4.30237941487622,12305.9277494409,0.999648952494359
"overdisp[294]",2.67623929261211,0.00229084296990426,0.256489163857157,2.13488825858735,2.51122731194241,2.69033847725208,2.85579734557495,3.1456158056531,12535.6657087121,0.999938424780877
"overdisp[295]",3.04490489375066,0.00193391527469712,0.202948728002223,2.62753074694256,2.91527233081749,3.0498653479465,3.18708264424347,3.42466882837331,11012.8007082398,0.999711127005704
"overdisp[296]",3.39735632406237,0.0014498817244308,0.173050737942691,3.04331990590195,3.2839246705121,3.4034652306965,3.51518209117021,3.72088465268606,14245.633266748,0.999640810634912
"overdisp[297]",4.15300845680442,0.00103536253861153,0.117870684640079,3.91525767041121,4.07576555899479,4.15540581907977,4.2322612074096,4.37708166451841,12960.648054212,0.999797650945046
"overdisp[298]",4.96122258709484,0.000663713370396957,0.0820872874396629,4.80088277742945,4.90632689171372,4.96148029897485,5.01637251972486,5.11910372823494,15296.4508783766,0.999737449371642
"overdisp[299]",3.91833183061358,0.00116484074115763,0.138179166684635,3.63977206303807,3.82428787654075,3.92058700826865,4.01483488579901,4.17634201510643,14071.8771344906,1.00005696752368
"overdisp[300]",5.33227788072025,0.000574204088459074,0.0687963522180753,5.19567550471688,5.28650884570565,5.33302849983766,5.37963715120194,5.46500385614441,14354.8368770356,1.00002089259694
"overdisp[301]",5.8833746763628,0.00044761004060354,0.0521467289798173,5.77834269706115,5.84842448965447,5.88432154602345,5.9187534180742,5.98361436869648,13572.3328962443,0.99964802708825
"overdisp[302]",6.52946831825542,0.000289426257461493,0.0373682454821489,6.45527385943534,6.50479603725245,6.52953464524379,6.55483953080648,6.60070279049193,16669.7680496204,0.999611898072216
"overdisp[303]",5.5896966160583,0.000504059932152395,0.0614423379933657,5.46622717652547,5.55029141873432,5.59040011231547,5.63100980234426,5.70734134225846,14858.3680822849,0.999586542422315
"overdisp[304]",5.86399768469328,0.000421295268180786,0.0533386743416205,5.7581201986368,5.82835278839188,5.86511430669348,5.89931910382637,5.96714613347638,16029.1787780915,0.999770503807087
"overdisp[305]",6.2019966409229,0.000359134039097888,0.044411288684329,6.11363645960444,6.1730935978445,6.20171932881324,6.23183574097372,6.28853007197671,15292.3282181269,0.9997485930939
"overdisp[306]",6.24400075715042,0.000332156795651983,0.0437033115893747,6.15904454979495,6.21431911975869,6.24459570590023,6.27430291753855,6.32807540231173,17311.8072830991,0.999653672741541
"overdisp[307]",5.93112730827247,0.000415730400672659,0.0513499153920543,5.82923072232135,5.8971027909374,5.93110975978723,5.96549039985655,6.03063016253178,15256.5345545809,0.999945061311836
"overdisp[308]",4.7096142274422,0.000820409126698906,0.0960439639454689,4.51690036626663,4.64550484036857,4.71061749149979,4.77609745161201,4.89232116207759,13705.0046099762,0.999835528995599
"overdisp[309]",5.32736101247532,0.000549659563401648,0.0699303944685298,5.18740471788121,5.28089721113428,5.32778118154743,5.37531161397156,5.46234822838725,16186.1804946905,0.999764378580634
"overdisp[310]",5.60031472534845,0.000483238787214204,0.0617231953727835,5.47792515356363,5.5583508008495,5.60040481608762,5.64345359242639,5.72007625820368,16314.479812733,0.999881388026998
"overdisp[311]",5.56992964634735,0.000504621755065327,0.0602715611753256,5.45078774475804,5.52886824720537,5.57064620919081,5.6119941431673,5.68554129279305,14265.6952524949,0.999688687290115
"overdisp[312]",5.37243092851254,0.00055553368466889,0.0672932725027916,5.2400028554538,5.32724323394595,5.37333786081093,5.41786787972626,5.50104961002262,14673.1211264658,0.999631783235301
"overdisp[313]",6.1325555567183,0.000365610868976063,0.0454268875320794,6.04430132667169,6.10248003973676,6.13293455564329,6.16262158481406,6.22219855941585,15437.8837855299,0.999690073030208
"overdisp[314]",6.42480388097293,0.000315082654039838,0.0400050315353395,6.34631514161739,6.39754539742713,6.42476072834862,6.45162006741332,6.50210844511415,16120.5644470034,0.999605499416373
"overdisp[315]",6.12566713834127,0.000378416711350514,0.0470072279348194,6.03161709472037,6.09457370787648,6.12606670753509,6.15695156015168,6.21716217743118,15430.8080176102,0.999604743539331
"overdisp[316]",6.16814489747716,0.000375358054840432,0.0453746417680162,6.07984909226605,6.13676985549062,6.16819124049009,6.19960841143406,6.25733248528927,14612.8504234002,0.99967144870706
"overdisp[317]",6.47429516582315,0.000297457253079088,0.0388385419665287,6.3966202599696,6.44884770977646,6.47454905222473,6.50065478362408,6.54928801834104,17048.128467293,0.999648357779904
"overdisp[318]",6.7985479452381,0.000287282521866467,0.0339335360391986,6.73139281718773,6.77619591443246,6.79876692162366,6.82182687149305,6.86392162640673,13952.1078963209,0.999710320053476
"overdisp[319]",6.46443431609422,0.000325569121416758,0.0394350248282622,6.38695232605346,6.43833546872488,6.46459533128663,6.49082142430776,6.5422638881151,14671.6116225071,0.999862811432908
"overdisp[320]",5.98853902386726,0.000409891296180545,0.0512372850903093,5.88714773241363,5.95331923871502,5.98879771223631,6.02362386888708,6.08824139675787,15625.5325040979,0.99962548164423
"overdisp[321]",5.98066019087283,0.000402091306453717,0.0489349507916928,5.88325185087018,5.9480065981318,5.9811504705649,6.01404521348314,6.07448001056311,14811.1556199987,0.999943238524337
"overdisp[322]",6.06983969223757,0.000388583614551046,0.0470085027515378,5.97648072704478,6.03891470377348,6.0699193803646,6.10134328079581,6.16163413891087,14634.7015560038,0.99980022298988
"overdisp[323]",6.28421629095701,0.000326375565838871,0.0429138822096567,6.19902670896485,6.25603713114506,6.28474290392526,6.3122508013478,6.37008685082106,17288.6202140602,0.999993442885344
"overdisp[324]",5.19165240894359,0.000570980304204977,0.0732383883610145,5.0434627458111,5.14310712149744,5.19401267730276,5.24117136533448,5.33281988101461,16452.6289199928,0.999624336527184
"overdisp[325]",5.95806870486863,0.000390898845777687,0.0494928085234097,5.85982303890049,5.92504441774354,5.95817117730274,5.99160755814875,6.05440829680647,16030.8083421382,0.999653499970296
"overdisp[326]",6.29605006823442,0.000356077802239053,0.0433767560072604,6.21043895817593,6.26661374093434,6.29624423099738,6.32623554033069,6.38010161668616,14839.6732207585,0.999828997468668
"overdisp[327]",6.13200361715284,0.000356888928007295,0.0457302010707633,6.04128872371058,6.10127396399951,6.13197412112827,6.16287667521255,6.22059513792677,16418.7493267364,0.999627944729016
"overdisp[328]",5.27873423446157,0.000537010544857521,0.0713053486065,5.13768826101406,5.23024235769401,5.28026776647756,5.3284510792547,5.41614702246574,17631.0666645296,0.999632017153611
"overdisp[329]",6.54769907543234,0.000304378351732408,0.0369842564748815,6.47404082881494,6.52230687589794,6.54773200831212,6.57316163347734,6.61828843103291,14764.0756714034,0.999702973903292
"overdisp[330]",5.73838972818542,0.000429144337717661,0.0566987516970736,5.62456357324744,5.69971723662312,5.73936325105406,5.77722262940757,5.84582097500998,17455.818654581,0.999694029586441
"overdisp[331]",6.94698839264945,0.00025514757625159,0.0308222644699508,6.88590523603991,6.92639589063027,6.94696198709506,6.96773946751178,7.00741020945646,14593.0540445581,1.00037210506806
"overdisp[332]",5.65275279913725,0.00047455734885284,0.058994095696714,5.53877906887708,5.6120832675731,5.65273504047188,5.69325089713009,5.76743316884048,15453.9566763105,0.999969144998902
"overdisp[333]",6.88777485991868,0.000260258285642228,0.0313992910960629,6.82650951850645,6.86638125652821,6.88795190714714,6.90876712226245,6.95111134872365,14555.6148966147,0.9996901685651
"overdisp[334]",5.90795173947554,0.000417086260221068,0.0515846612649771,5.80279694784338,5.87447064083432,5.90804358731127,5.94239833798872,6.00826498542929,15296.4058962624,0.999948021369614
"overdisp[335]",6.63944398148016,0.000292338870171483,0.0357184169457641,6.56872100593077,6.61520640616335,6.63967579905118,6.66378372195483,6.70934104238945,14928.3317145671,0.99981351470524
"overdisp[336]",5.85052658811837,0.000431424402660407,0.054454299614871,5.74029567293434,5.81361221499542,5.85093022428798,5.88815705151161,5.95483101674844,15931.4366223859,0.999611656224354
"overdisp[337]",7.50803456965907,0.000191158147450846,0.0237574550694163,7.46034586061414,7.49236325247371,7.50835228214765,7.52420511745601,7.55390040173285,15445.9351495273,0.999713020179663
"overdisp[338]",6.9831199526891,0.000245202334370558,0.0311565520155932,6.92117008612985,6.96280255386998,6.98315424534813,7.00377531573036,7.04399720800001,16145.4286164529,0.999612314653891
"overdisp[339]",6.82520359059932,0.000255480321827319,0.0326986719983497,6.76001829638695,6.8036449728928,6.82553500367799,6.84701581395741,6.88921590163834,16381.1852111123,0.999593738999822
"overdisp[340]",6.6131935613381,0.000298611402074706,0.0366415564649765,6.54014330553956,6.58886751531967,6.61342038934729,6.63815089301581,6.68402655125822,15056.8822298667,1.00010239375315
"overdisp[341]",7.31395464629799,0.000204097234385462,0.0258884746597396,7.26251248289822,7.29694079323236,7.31378371097001,7.33153743100793,7.36370758838712,16089.3569081198,0.999696000388906
"overdisp[342]",7.3967260203826,0.000201012681956885,0.0247071821265479,7.34814225801171,7.38015847658786,7.39662910302468,7.41334777023735,7.44436435760919,15107.7405194825,1.00008681309922
"overdisp[343]",7.37751934819897,0.000200553679779349,0.0256911230898228,7.32666801410187,7.36047753458839,7.37782431248768,7.39476374422295,7.42689825279981,16409.8612909142,0.999620163394985
"overdisp[344]",6.31612721888169,0.000362584105126028,0.0423230648238133,6.23211981512207,6.28761998484796,6.31608910874933,6.34520105079707,6.39679506999117,13625.0057999538,0.999667693140663
"overdisp[345]",6.84405267441372,0.000245828253999598,0.0328301548338558,6.78022920279235,6.82191646883971,6.8443814210007,6.86651524419186,6.90706754017004,17835.3759722875,0.999594932213223
"overdisp[346]",6.93170681634142,0.000257023893343809,0.0306831727655523,6.87063678157577,6.9110388334974,6.93222337416852,6.95250690063618,6.99139277925471,14251.2689131451,1.00005310319683
"overdisp[347]",7.83951555166519,0.000150374321993192,0.0197463878959649,7.80064457261373,7.82613876697934,7.83954965537088,7.8532264319734,7.87692000304129,17243.6009375659,1.00000904984599
"overdisp[348]",8.18527709170325,0.000128439146375628,0.0161600267294649,8.15322901018847,8.17439278966084,8.18538792729298,8.1964192986602,8.21647457329878,15830.3066801713,0.999612912051404
"overdisp[349]",9.47933661501481,6.7870625083112e-05,0.00884286716301221,9.46176959510608,9.47336593358099,9.47933791089451,9.48532188079354,9.49671668094514,16975.4972342099,0.99980327320545
"overdisp[350]",9.21882284313046,7.63381100539044e-05,0.00992463730078902,9.19909896594893,9.21222828400958,9.21888175717664,9.2255162516656,9.23828592240612,16902.3262888453,0.999860302884214
"overdisp[351]",9.53349532029818,6.59562693440953e-05,0.00857010640664615,9.51667416274693,9.5277164272172,9.53351769584078,9.53929440998222,9.55046694038156,16883.4137138753,0.999854558964932
"overdisp[352]",8.87139577138893,9.22330820043876e-05,0.0119957858764867,8.84769976937444,8.86346946311669,8.87142280109282,8.87931938044807,8.89473793532275,16915.4660596811,0.999659350951666
"overdisp[353]",9.90523845790517,5.1013776887417e-05,0.00680834682346354,9.89186904117522,9.90061735542885,9.90521547355103,9.90992110734047,9.91851568125944,17811.8235894004,0.999695820082823
"overdisp[354]",9.71748030940732,6.3485997566808e-05,0.00780841599763208,9.70218635329135,9.71219767612686,9.71751428273857,9.72270162860526,9.73291638358292,15127.598479954,0.99992378768647
"overdisp[355]",9.69058968886302,6.24251768762759e-05,0.00788904094834442,9.67468825184612,9.68531848062696,9.69066033455902,9.69591744628522,9.70585477282748,15970.8804010784,0.999642718196774
"overdisp[356]",9.1945452067033,7.98609308322645e-05,0.0102558791071098,9.17411172581427,9.18774052471821,9.19462996188461,9.20148811132643,9.21455411264311,16492.1414122887,0.999814255548117
"overdisp[357]",9.04109437551594,8.50861526405623e-05,0.0107614161515621,9.01990172748889,9.03394488763044,9.04104729615813,9.04834417676887,9.06171150157851,15996.3566830737,0.999720519037686
"overdisp[358]",8.57354319867794,0.000109264597776287,0.0136569195910977,8.54646208297982,8.56434929210619,8.57372761403703,8.58276067617375,8.59997233884161,15622.3571446878,0.9996198689488
"overdisp[359]",8.80121864378227,9.22552660194271e-05,0.0120323413041085,8.77763997639847,8.79310811086297,8.80124994961406,8.80946954843227,8.82448857653184,17010.5342565961,1.00023390220032
"overdisp[360]",8.4075929053973,0.000124057444489974,0.0147504861822248,8.37812490995926,8.39782959772851,8.40765213196534,8.41736332184314,8.43679276290623,14137.3174060666,0.999772104733592
"overdisp[361]",9.19108982858152,8.19083440207454e-05,0.0100209512548577,9.17136165430803,9.18429289919251,9.19118002771934,9.19786887190297,9.21042086944537,14967.925325002,0.999690048585956
"overdisp[362]",9.08255493550183,8.32838093678006e-05,0.0106609022692984,9.06116045764758,9.07532832017241,9.08257054699939,9.08976783405839,9.1031585668752,16385.7664842988,1.00002101877842
"overdisp[363]",9.02461512540508,8.98227238120529e-05,0.0109140203313584,9.00299899448394,9.0174405605228,9.02465440793742,9.0318054879588,9.04568278902319,14763.7633677657,0.999649533386062
"overdisp[364]",9.27815449180005,7.95977163469355e-05,0.00963111261736656,9.25889411918259,9.27169313888875,9.27824962556228,9.28447497772957,9.29693868431387,14640.3583219349,0.999728434008624
"overdisp[365]",9.64247492789067,6.21664084012648e-05,0.00800937635496417,9.62671145972863,9.63716496686055,9.64242991940063,9.64780868626612,9.65809202299761,16599.1499539751,0.999728834264791
"overdisp[366]",8.96127299967645,8.73680515924223e-05,0.0111506845445437,8.93944907672394,8.95381339506203,8.96129137872222,8.96875011519727,8.98323528092413,16289.1250850346,0.999668752985347
"overdisp[367]",9.05958139300852,8.19475494930113e-05,0.0107913968233944,9.03781851984805,9.0524153708299,9.05965733249005,9.06675912318183,9.08102399019156,17341.369143942,0.999736645904456
"overdisp[368]",9.22534352288047,7.71186289282539e-05,0.00987469846969994,9.20599964264314,9.21870955824914,9.22533027667867,9.23192455541459,9.24517931970036,16395.6669039783,0.999778783482794
"overdisp[369]",9.17487395400705,8.44498306927417e-05,0.0103190936415366,9.15459276789876,9.16795515829523,9.17494506732179,9.18188688199493,9.19509871345677,14930.8846600687,0.999667432599228
"overdisp[370]",9.39319309404762,7.04390819319472e-05,0.0090641105482427,9.37572817064858,9.38696505844719,9.39321116869245,9.39921862011529,9.41107846211648,16558.5770557977,0.999647208608215
"overdisp[371]",6.35823978858626,0.000317661229645622,0.0409923329535969,6.27707738023317,6.33045218231414,6.35864550433148,6.38602219698183,6.4397484662298,16652.4004375215,0.999803886362879
"overdisp[372]",6.66876797452904,0.000278841450386178,0.0357718805718703,6.59691593046232,6.64503256297486,6.66894328973934,6.69287105375372,6.73862041009261,16457.6900224413,0.999739725927338
"overdisp[373]",7.22489029441064,0.000216173303627694,0.0272432558010661,7.17049161797015,7.20691317634174,7.22481117676867,7.24308291404877,7.27804925003483,15882.318360913,0.999605205795716
"overdisp[374]",6.12176710920936,0.000385720725638938,0.0466248005592013,6.03159415348604,6.08993595091391,6.12195480697112,6.15361757626006,6.21125891898668,14611.2719468929,0.999797073872371
"overdisp[375]",6.74991606799589,0.000298807938892323,0.0343827788456651,6.68296172237772,6.7268827331164,6.75015061567554,6.77265560608429,6.81707937874005,13240.2956831595,1.00003380279549
"overdisp[376]",7.08836392642045,0.000227604871659966,0.029553389938763,7.03025007858671,7.06868747435083,7.08857921122346,7.10852312284403,7.14601466900429,16859.7643902947,0.999541180922035
"overdisp[377]",6.75222339102856,0.000265228306610491,0.0348099247582284,6.68340012752718,6.72834953438712,6.75276969883244,6.77637950286717,6.81962995766502,17225.2853140163,0.999736665662668
"overdisp[378]",7.10664731057542,0.00023341679227129,0.0286774584794124,7.0512139765783,7.08678723894432,7.10713059137063,7.12620483461487,7.16273774235886,15094.4442018613,0.99966690242265
"overdisp[379]",6.74274035649532,0.000272838611048544,0.0335704520446518,6.677312466209,6.71997991825106,6.74274266741813,6.76572467935533,6.80724613736386,15139.1927586843,0.999623996646492
"overdisp[380]",6.50442910581165,0.000320857097549369,0.0385364939835454,6.42885190696172,6.47779298927294,6.5045990653967,6.53153899342651,6.57822850965076,14425.1753011751,0.999671825901651
"overdisp[381]",5.72835173206336,0.000425041126603667,0.056237087060949,5.61537699498179,5.69231570250018,5.72959166243554,5.76498447966762,5.83699040257392,17505.8711032364,0.99966163178436
"overdisp[382]",5.57952855834789,0.000481190285041655,0.0600815564394985,5.45968185733263,5.53994500471344,5.58037021971246,5.62085243812924,5.69324971595629,15590.0909311426,0.999957979468131
"overdisp[383]",6.42201725451796,0.000321623603960164,0.040381372174008,6.34109940214753,6.39550474263234,6.42184066777428,6.44928643337433,6.50205135510514,15763.9960163654,0.999634177850347
"overdisp[384]",6.74390337592056,0.000260183245656557,0.0334544542506682,6.67734365251951,6.7212981288511,6.74423015997295,6.76647769837218,6.80955022097192,16532.9078491737,0.99975532943479
"overdisp[385]",6.78540000268004,0.000277798107837244,0.0336235760875069,6.7194249963626,6.76295837202263,6.78568490644614,6.80851793147483,6.85076630662543,14649.7170493777,0.999677247528319
"overdisp[386]",5.7184891987206,0.000484997848326244,0.0571207646613332,5.60616304698023,5.68023433258333,5.71871912316215,5.75778345547365,5.82851221299731,13871.0201125043,0.99990354191631
"overdisp[387]",6.2960531006202,0.000334739794208591,0.0427009024582281,6.21100994442565,6.26739326168874,6.29629191914906,6.32494418141926,6.38092421773352,16272.6924988831,1.00065593500763
"overdisp[388]",6.78984690036385,0.000256100579465444,0.0334825033332398,6.72255204893524,6.76736584466581,6.79024606942609,6.81250523409189,6.85524983181591,17092.8593586525,0.999653156790301
"overdisp[389]",6.82666361437004,0.000265033770809443,0.0324843822575134,6.76281206002817,6.80440323028235,6.82702045081521,6.848985443395,6.8890455143436,15022.6584554119,0.999738253365688
"overdisp[390]",6.37060666565346,0.000314441993601419,0.040402064330446,6.28988642055892,6.34398705016296,6.3710929010409,6.39782617718989,6.44898853602898,16509.2000241863,0.99971407016718
"overdisp[391]",6.68491538144988,0.000278320749115011,0.0355197615101271,6.61583401663974,6.66058789921894,6.68482255795502,6.70862129708452,6.75312875690747,16287.2931411028,1.00031428458187
"overdisp[392]",7.45228421215016,0.000206936799461995,0.0240619266277171,7.40548037353422,7.4357974504118,7.45246185988342,7.46855895550444,7.49860888398066,13520.2692521617,0.999669955773787
"overdisp[393]",7.74149500812916,0.000161756913465882,0.0204606870653586,7.70208075410417,7.72731400841093,7.74151216361671,7.75555079628537,7.78037428981771,15999.8062442322,0.999648028035841
"overdisp[394]",7.06867835745835,0.00023859214305454,0.0294127629835551,7.01078586610138,7.04873794548843,7.06900220696859,7.08851137889744,7.12616424252742,15197.0527332329,0.999700291254681
"overdisp[395]",6.93855957734021,0.000248217474558902,0.03170285579437,6.87670785463769,6.91748694349856,6.9385449779299,6.9596688841016,7.00075075974315,16312.9334771936,0.999813648105133
"sigma_rn[1]",0.163350085980703,0.000923283707694117,0.0603244906144873,0.06312246547975,0.121028844774478,0.15658486907774,0.198261727810949,0.301501632051648,4268.90984111719,1.00101151500913
"sigma_rn[2]",0.176266298187177,0.0012044921322457,0.0759194103918131,0.0608395575967442,0.124066772825572,0.165160431618139,0.214515798822076,0.353934776589892,3972.80929344501,1.00008866757237
"sigma_rn[3]",0.291179120579563,0.00307023396787303,0.1144759214952,0.117404027155189,0.206520037881179,0.275307171643177,0.356423310618417,0.559689573194846,1390.22582514953,1.00274045197855
"sigma_rn[4]",0.201270467154002,0.00187985576804561,0.0892426089082521,0.0704943027507603,0.140023819851699,0.186383699295516,0.248014577840404,0.415257140648039,2253.69664014682,1.0004755650405
"sigma_rn[5]",0.135114652155677,0.000803432859293937,0.0557214334949402,0.045137067410667,0.0951569390679353,0.129132339682043,0.168733831021649,0.258809798002025,4810.00338037935,1.00081622570528
"sigma_rn[6]",0.149978177317967,0.000993242740676015,0.0640401251319216,0.0488715530879098,0.104095880659424,0.14171376161761,0.186733108736847,0.29912550800068,4157.12941305669,0.999566195499016
"sigma_rn[7]",0.167780069135885,0.00127429967006661,0.0789163633283716,0.0520682826800318,0.113535415319869,0.155472292269228,0.206711099155499,0.363615130950512,3835.22622095413,1.00070376542032
"sigma_rn[8]",0.166313405343214,0.000958475766743795,0.0673879591652943,0.0595442538246625,0.119312208216085,0.157953024743552,0.204012034937014,0.329177889345831,4943.13343513376,0.999812216883389
"sigma_rn[9]",0.178860846336592,0.001347792864865,0.0772011422440187,0.0629349594509237,0.125845054192602,0.166721946479722,0.218034827209848,0.362255258287198,3280.96159115914,1.00073020538488
"sigma_rn[10]",0.277013321412217,0.00457500557591339,0.147289550493475,0.0920683736412841,0.175518027364856,0.241922133842123,0.339496157609027,0.657573946746935,1036.47926441624,1.00183124665668
"sigma_rn[11]",0.130062694792436,0.000746904992813779,0.0549065842514893,0.0430768060684731,0.0912110052366222,0.12459423170988,0.161691363698944,0.253678917390066,5404.03469845599,0.999980490403706
"sigma_rn[12]",0.142491589986992,0.000855644697932848,0.0590494383816345,0.0475387541017988,0.0993143691500302,0.136213532303004,0.17807805265517,0.273740921520815,4762.60557151317,1.00009117742429
"sigma_rn[13]",0.378214940946627,0.00651243960357685,0.217854486786172,0.104822621645715,0.211166046857383,0.327636093038359,0.495058296531214,0.917845583627802,1119.03997327655,1.00329146146156
"sigma_rn[14]",0.310553854749241,0.00417984639814207,0.15100357235764,0.108968227052749,0.200079518431164,0.277799567369868,0.387396783764625,0.684563072798941,1305.1300775257,1.0020458145499
"sigma_rn[15]",0.164632523142458,0.000979255064981958,0.0634351578584683,0.0598319430911911,0.120098658537611,0.157733775563104,0.200828135295949,0.312008465581815,4196.31804771387,1.00023194326612
"sigma_rn[16]",0.168714626829177,0.00102541647422664,0.0662256268133141,0.0602402933875807,0.123172012829343,0.160941416006511,0.207021899628087,0.317793610302483,4171.1093361451,1.00010706308725
"sigma_rn[17]",0.13750154441887,0.00080729123591511,0.0562217956294327,0.0452937417620974,0.0972822311426744,0.131610337784667,0.17081878501381,0.265018899178061,4850.08052058868,1.00028949692383
"sigma_rn[18]",0.180253609261139,0.00130073420959115,0.071696717532215,0.067917621703537,0.129892773562371,0.169811018280388,0.219928060488868,0.352362616573637,3038.23541005228,1.00070953729535
"slope[1]",0.0137486619143546,0.00131743445318223,0.0750273524742312,-0.135767801420645,-0.0335793245614275,0.0132981481099314,0.0622442167219851,0.160098700301461,3243.25584557406,1.00045280351837
"slope[2]",0.0100994332842531,0.00131711738142137,0.0755434013808688,-0.141825916640394,-0.0378270627894807,0.0102984064073858,0.0595980296071655,0.158493732047768,3289.607692638,0.999980176534099
"slope[3]",0.0334925362069011,0.00136425426638367,0.0786257391372707,-0.119679771660812,-0.0169293361853267,0.0325200994570555,0.0840767980942564,0.188998901663357,3321.53506102474,1.00021302929158
"slope[4]",0.0168418524852902,0.001346779016141,0.0763713839315388,-0.134068164230139,-0.031364575751342,0.0173720838144352,0.0666966495314893,0.166784508666324,3215.64900778681,1.00029479894063
"slope[5]",0.0117448489590145,0.00133304009813983,0.0745675647655513,-0.137684973566985,-0.0363720113735353,0.0116209702752236,0.0608178552471819,0.159222669172325,3129.05713789179,1.00013628139774
"slope[6]",0.0142905500301454,0.00133103187573226,0.0755940894075891,-0.135707814562331,-0.0340743281009222,0.0146549126368493,0.0633457239823893,0.162474520959641,3225.51278505574,1.00020486513566
"slope[7]",0.0248189467218952,0.00134720329483773,0.0771820512057143,-0.128774768498679,-0.0253520261721848,0.024353625465005,0.0747074261768883,0.175380083917986,3282.20996703867,1.00017973698377
"slope[8]",0.0182979395505423,0.00133738250702547,0.0762498666657957,-0.135727512166992,-0.0307376040642261,0.0182246274767906,0.06853949449359,0.168121158608217,3250.62522014676,1.00074229299621
"slope[9]",0.00619008748996209,0.00135781636279467,0.077107808253938,-0.150109134884871,-0.0437719375512277,0.00721073507547362,0.055941146860006,0.15729933318772,3224.8880391213,1.00022113595547
"slope[10]",0.0151253212310396,0.00137464393935507,0.0766319441992529,-0.138103937072195,-0.0335832635740237,0.0149757993614661,0.0650533465736773,0.16703916765179,3107.7011228812,1.00036980769833
"slope[11]",0.010599610002693,0.00135154521849814,0.0742254041635308,-0.138293724030717,-0.0367741699872904,0.0111901357942911,0.0590012935431111,0.154699346506463,3016.08780911083,1.00020554804231
"slope[12]",-0.00533550527583361,0.00133263956392988,0.0751507319506152,-0.158744229402406,-0.0531433357377094,-0.00432154264179115,0.0445519067515629,0.142674970045477,3180.10181342669,0.999991735758564
"slope[13]",0.011351449131082,0.00137422536551395,0.0795943216496393,-0.148369506574265,-0.0402749590676424,0.0115516452199503,0.0637704164060379,0.165579763524388,3354.65799338524,1.0004688505908
"slope[14]",0.00286384824822284,0.00137705593653326,0.0788263417629396,-0.157811312884074,-0.0476065599200978,0.00426366993436369,0.0549784936663036,0.155393620218928,3276.72187338032,1.00072108619497
"slope[15]",0.0252378833055522,0.00133695405878087,0.0752794223653993,-0.128363374522956,-0.0228492184928593,0.0251548099495498,0.0746941458543888,0.171809711949295,3170.44035978065,1.0003464089175
"slope[16]",0.0561262579960387,0.0013661274116431,0.0783635590501281,-0.0979599475459944,0.00566966855617866,0.0567649595694302,0.106700765489636,0.210246731237758,3290.37876038995,1.00046305325458
"slope[17]",0.0198341223828295,0.00134155736753262,0.0748271959964527,-0.129234447261395,-0.02871615189484,0.02025471151535,0.0680743820437228,0.165793652793227,3111.00310851769,1.00040094708858
"slope[18]",0.0221256311031327,0.00135051781292854,0.0755587987662571,-0.128912040581229,-0.0259541182062304,0.0222609540407139,0.0704740585378603,0.170285106807986,3130.18103788,1.00027237452927
"annual[1]",0.567872486642463,0.00238913886399609,0.168106770832718,0.239108278524292,0.455602908816732,0.564642356214203,0.682148111097525,0.903111401253348,4950.93957299348,0.999778698060423
"annual[2]",0.353477543183284,0.00194398010550969,0.161824514176163,0.0398222357523133,0.246007479341314,0.351964340294208,0.465904905393559,0.669843004807975,6929.54934268421,1.00080635268446
"annual[3]",-0.0809351177530327,0.00195902671051816,0.168557738718124,-0.409081331500784,-0.193134330683054,-0.0810212909625202,0.0325462754591507,0.252656597670138,7403.15219613293,0.999692012255214
"annual[4]",-0.294745315692796,0.00219615851126782,0.18351520860242,-0.658044831613191,-0.416116512268648,-0.291894309587465,-0.169753071521082,0.0578936466274133,6982.59346780409,0.999817057652891
"annual[5]",0.235902070847698,0.00201786215102115,0.171744400003332,-0.0932499247945063,0.118799099208667,0.230964621761988,0.350749850526227,0.58098506496189,7244.06238068869,0.999924033764091
"annual[6]",-0.154476686259287,0.00188003554141692,0.158706678103405,-0.474146087145042,-0.257120144677252,-0.15092998141212,-0.0509350784071476,0.151546693408467,7126.20454676496,1.00011165244877
"annual[7]",0.256976433430495,0.00185223519459859,0.154697740334738,-0.03949058020521,0.152678777347063,0.254318379110059,0.357738171428185,0.576038738056607,6975.50534710083,1.00041246813311
"annual[8]",-0.522269272596482,0.00197689783056085,0.164896979252258,-0.850665337765973,-0.630986855896792,-0.521126366676319,-0.410771003456048,-0.201316880688571,6957.5598376625,0.999734412785877
"annual[9]",0.250184735485319,0.00189615474356376,0.162720414121703,-0.0653739621411732,0.139663347477664,0.249749676394686,0.359552807762818,0.575808915420686,7364.38573362582,0.999919149971814
"annual[10]",-0.68278722403386,0.00204794784556234,0.164202653958976,-1.0038677264263,-0.791612598999258,-0.682061953077396,-0.57027339958821,-0.369361557716512,6428.69111921863,1.00002758791764
"annual[11]",0.0896051494801978,0.00171163404014977,0.148413907779426,-0.197166566672582,-0.00897639774296477,0.088467765843153,0.185137189094964,0.393462234945571,7518.43363865107,1.00011533771864
"annual[12]",-0.170275909775305,0.00179603359780272,0.149635208583746,-0.461546435307597,-0.270569734896262,-0.172753124964058,-0.0725036911804688,0.129395779104483,6941.2657753293,0.999731961758116
"annual[13]",0.709714859096269,0.00195930259928285,0.154960881371621,0.407761105593549,0.603346951220153,0.710402754727412,0.815063396236364,1.01474715990982,6255.19893888695,1.00032666168156
"annual[14]",-0.318248383840501,0.0017835553224431,0.149414017148745,-0.622978029144524,-0.416531246791692,-0.316269891222947,-0.216036566602449,-0.034713553091066,7017.93780407414,0.999837584549127
"annual[15]",-0.316969332004566,0.0018156855647285,0.15088943579067,-0.619298480671108,-0.416175208916059,-0.314591113376753,-0.215281786132691,-0.0275257512902589,6906.15605419458,0.999608294078705
"annual[16]",0.21743173166646,0.00186772567612085,0.14745781272064,-0.0674352057631637,0.119549552032172,0.213545245178129,0.313025427015289,0.51210234717535,6233.17610112381,1.0002485756471
"annual[17]",0.378002863351556,0.00178529412850285,0.146405643843539,0.0959959718571902,0.280057036147381,0.376591303302335,0.47578408882987,0.667518022255313,6725.05877491425,1.00007563690896
"annual[18]",0.0957280814820016,0.00172107383591363,0.140843958845576,-0.176760486305221,0.00075695818796163,0.0966487403306338,0.188512539736621,0.371323950386056,6696.95595437744,1.00008823025166
"annual[19]",-0.56486287958137,0.00193752367882546,0.159832933789492,-0.878963201996326,-0.673432183632366,-0.563522295533433,-0.457445277539336,-0.252867215192537,6805.16257144018,0.999925819397078
"annual[20]",-0.209298098538579,0.00179587248606309,0.153241101801531,-0.510443430405969,-0.312793312352775,-0.211253686981965,-0.107573204758389,0.0921413666881749,7281.14262366011,0.999724531516065
"annual[21]",0.138788172290211,0.00188926677029678,0.154798089015493,-0.162525647620109,0.0365940993307576,0.1364145260108,0.240994290046149,0.448119857125005,6713.43236702715,1.00010976222181
"annual[22]",0.0519272301281862,0.00179271363770273,0.16045723266447,-0.258585106800766,-0.056280205614901,0.0501917074624309,0.161224732773525,0.371712116049156,8011.18481913672,0.999707694494747
"annual[23]",0.442706599145279,0.00217624311780473,0.174770460395249,0.1118830370908,0.322331300257387,0.441135840933254,0.556931128744459,0.799733783202056,6449.42860029463,0.99994026790223
"annual[24]",-0.440737721664004,0.00215828435289386,0.194597545833798,-0.831318566433324,-0.569661761427968,-0.436786454245953,-0.308877268710982,-0.0768976918381276,8129.37941272655,0.999728606908787
"nu[1]",5.31175631311563,0.0970761640819616,6.81024945079668,2.15446460045708,2.78243842400925,3.66581719385485,5.45866866773552,18.0360056598459,4921.53780604548,1.00110695376589
"nu[2]",3.21756076242586,0.0944804665642773,6.4397816881721,2.00588062118628,2.06456994755051,2.25860075373452,2.95653553755027,9.99253160110315,4645.77562588461,1.00066658629526
"nu[3]",10.0598253696187,0.176566234368943,13.0279755676144,2.89266066888972,4.56684787268973,6.6173157277292,10.8068133762255,40.5108491461378,5444.25628351268,1.00040726770475
"nu[4]",3.97289889520462,0.021736621791161,1.31967821247699,2.58278004596709,3.20168209211871,3.70731187065306,4.41190625151538,6.8834352774638,3685.97169231125,1.00069027537252
"N[1,1]",145.566739003222,0.522422480814475,41.7919517134546,82.4158605904945,115.86604645866,139.476120439355,168.374604362364,243.514173837201,6399.43441609968,1.00123861889897
"N[1,2]",500.543105514012,4.375452408597,326.157424925588,138.118944228277,310.209246559052,434.518073264445,608.507322345177,1260.59503411,5556.593293284,1.00019718635396
"N[1,3]",43.6814288020141,0.474402560257438,29.5856978368733,6.56729670274859,23.3254327118476,37.8693556842274,56.9421832471665,114.539033440811,3889.28336890096,1.00052007302209
"N[1,4]",876.335288464344,8.19457167864212,610.883219663416,241.697207436008,537.654314264056,749.580366755908,1051.0526877863,2233.05996660689,5557.30041696811,1.00017795023746
"N[1,5]",348.636561560761,0.850190128953749,78.08745455657,223.938548146234,296.570645049225,339.649629676815,389.775400596387,526.230780347587,8435.88043663564,0.999894951061179
"N[1,6]",1270.31603839936,3.39090977189054,303.873870030667,794.03460334265,1059.40477440015,1229.98180932997,1438.82719748895,1982.58784382007,8030.71560041789,1.0000428962469
"N[1,7]",318.908604196492,4.57237667718837,264.596021261441,65.1671313163857,176.888462365599,269.649347606269,397.242017257743,847.977919106263,3348.74915583523,1.00031791538585
"N[1,8]",96.3707813561584,0.254252518749001,23.1451237497705,59.2252980501164,80.2568168474498,93.706081011878,109.279983891991,148.709293355251,8286.83108415629,0.99983777847875
"N[1,9]",489.578759946813,6.6386829102054,508.209147651607,103.779288446595,244.366558027004,377.539675026679,577.037315318802,1519.48384224621,5860.31694812254,0.999794763880068
"N[1,10]",288.609963633691,1.08784024016897,100.731221951865,124.381204002497,216.409384893613,279.374321097447,346.400225403957,513.144442402618,8574.28599384373,0.99990956316996
"N[1,11]",1268.79553064325,3.0415122360071,287.05898190532,783.173419423819,1072.15669004533,1241.69550003417,1432.15872412056,1903.46360340155,8907.65000324871,1.00011118300286
"N[1,12]",948.732157005569,2.45775661736251,230.998424913287,573.659074483896,785.516127798116,924.517550429234,1078.47078808227,1474.85124533931,8833.65205598969,1.00005062968765
"N[1,13]",42.7741409623509,0.182520373894332,14.572018100717,21.8919394161234,33.0912837596448,40.4841571615813,49.553107433829,76.5709065426732,6374.06817957164,1.00011715827033
"N[1,14]",118.111662985892,0.3790593697858,33.7392783882137,63.951856325021,95.5798734460911,114.005844863501,135.244078328646,196.028972037038,7922.40621932482,0.999745704346998
"N[1,15]",200.40404005603,0.501508757725812,46.6458959202845,121.840135322895,168.678952236308,196.238648171796,225.974559018567,306.029345094845,8651.07017750654,1.00000352882612
"N[1,16]",190.479260160822,0.472334916357285,43.9894632769486,119.653731840359,160.038153792517,185.061731582753,214.805325095693,291.829858565203,8673.55674446193,0.99982218883382
"N[1,17]",4951.71608521192,14.1338382511722,1218.78138903763,3030.34759672493,4111.06752031161,4769.03946214295,5608.52192126154,7863.08876144503,7435.86324454827,0.999879269978114
"N[1,18]",488.985788669985,1.3025959026009,118.865959493988,284.417667099214,408.295330627817,476.942314533505,557.524445434328,757.018695512641,8327.13461139034,1.00009216462899
"N[2,1]",279.404345003189,0.6559049508318,63.031122001865,175.148458826162,236.486459232849,272.042532327321,315.709836828712,424.084972182527,9234.81623802141,1.00019494522546
"N[2,2]",888.217730642382,8.64371575746143,594.136334113432,267.329185194274,574.060808488734,781.739659933443,1071.88223520465,2041.65440688879,4724.66772026716,1.00008638404576
"N[2,3]",75.0516031308569,0.769295775070284,46.2296098154611,13.233947857083,41.8482880805576,67.5500636745147,97.565680355657,185.197718459293,3611.21845549891,1.00059162096495
"N[2,4]",1536.04899272436,12.6176916620773,991.811350458859,473.61779177151,994.995310225356,1345.03931933413,1819.44052166282,3834.63807165497,6178.71733532972,1.0003128046549
"N[2,5]",635.811124014563,1.30133530072243,127.710654063382,425.182404487085,546.396759430327,622.358194145512,710.927926369192,924.482429492301,9631.09876604361,0.999591744109518
"N[2,6]",2369.42925536489,5.8621604407105,531.730702595906,1464.6967222827,1999.82898756739,2318.9201578722,2683.75019918824,3562.47938530673,8227.50347380835,1.00059227682343
"N[2,7]",561.477449228613,6.06443889422381,375.12502588698,124.486543856413,326.773881772314,489.536942307567,701.071646510692,1418.54652489033,3826.22784533342,1.0001735607623
"N[2,8]",175.494912860184,0.394565780511375,37.4308697433617,113.727225461389,149.305739217173,171.448419156097,196.97480321332,260.429524624992,8999.55430594874,0.999929876020663
"N[2,9]",844.921049547133,10.6765321815104,844.46681844254,192.220904405987,447.111100729329,668.499234877207,1006.91487538134,2521.24387566545,6256.11541550057,0.999976416953808
"N[2,10]",433.695005248304,2.86539392277538,180.962722842402,186.507007780644,300.585929743182,401.541431029538,528.705240777388,866.222767061129,3988.49978986005,0.999758676312872
"N[2,11]",2206.75878247084,5.31449419551719,477.099753630823,1430.25547117603,1879.40542901369,2147.94993844588,2470.86191364029,3298.15582649349,8059.24782091559,1.00033164332191
"N[2,12]",1629.58499548025,3.97565039516783,380.245071557403,1022.05566892366,1367.30492373054,1580.94425623521,1831.78485671795,2517.4660820512,9147.67683024453,0.999822773995556
"N[2,13]",91.932855584203,0.350622612768958,25.9761107705623,50.6140231204926,74.1942804466038,88.5812075285086,106.492246738104,151.393726691856,5488.68632457359,1.00035355266815
"N[2,14]",202.832117489415,0.68496677534137,51.1907499428475,119.171308453271,168.00316406244,197.816201425077,230.460722021406,322.239764255629,5585.26741442181,1.0004717845043
"N[2,15]",361.355059671714,0.808338903871803,76.1964643341389,233.202339004484,308.533926705776,353.753543185255,405.270218062166,536.047400703291,8885.51648978816,0.999839889981585
"N[2,16]",362.76960797546,0.76620371812276,74.8921597413511,236.706421935973,310.709206382613,356.557479909655,406.428565997882,530.25411210946,9553.97718062375,0.99976754871591
"N[2,17]",9228.08993386364,21.3097965990138,2035.95082276896,5732.89486710738,7778.60871011231,9074.41147534714,10479.6513107551,13714.5915442828,9128.00687443469,0.999783449628186
"N[2,18]",830.39112814327,1.85024678616338,179.018023429427,529.59099996404,709.733195782752,812.256098701914,931.373544771329,1235.80209549902,9361.25764665239,0.999840972200242
"N[3,1]",432.618036498331,1.03244178424147,95.8834321048493,267.400215877103,365.951822771223,425.355788287066,492.22347812764,641.094670031095,8624.93829439202,0.999955245427163
"N[3,2]",1260.14303057867,9.42137657303903,685.505287139782,418.404649501401,843.736707055964,1138.13242236883,1513.41429928362,2760.94965260507,5294.10915780063,0.999848916455508
"N[3,3]",106.513848507697,1.06118056301906,58.5902886914504,21.5022714034009,61.7528257647147,100.481548741092,140.294271745389,240.260949006547,3048.40526087416,1.00054277458628
"N[3,4]",2163.38211968652,14.8688644315733,1205.2236646183,765.2624067969,1478.5231293486,1952.216708868,2557.13363994917,4814.56384827039,6570.21675576458,1.00014932642504
"N[3,5]",946.415459338076,2.02173671834743,185.091676922322,633.635758491874,818.704183868323,926.241935441063,1058.24863333845,1357.33826079341,8381.55468345346,0.999940575549261
"N[3,6]",3324.95245825765,7.93760371852311,730.801631524203,2149.8316841323,2815.34244597602,3234.02051672586,3724.5901431919,5003.95392410936,8476.57073018502,0.999961343164386
"N[3,7]",804.437190589153,7.8170715583064,492.747732981309,196.597801400176,492.195226352293,712.164154150926,1001.73778687006,1972.71048124509,3973.38908683613,1.00009060693856
"N[3,8]",262.352036448545,0.558816092524359,52.3137479238356,173.195724236975,226.149258370974,257.371184952271,294.111219181279,377.536664833408,8763.82834007277,0.999741848395496
"N[3,9]",1182.22524529099,13.6084671130353,1068.75166895379,279.441119264921,656.561127134623,956.878053556161,1416.47983308003,3285.72181362802,6167.86977470314,1.00000592498596
"N[3,10]",649.662730747572,4.89619630156425,292.002190184785,178.452655052954,445.218200907,615.52159829648,819.351155607536,1325.55790820515,3556.76011133766,1.00010976104359
"N[3,11]",3210.5348558595,7.05555990135268,664.935684172087,2080.65616047991,2765.90896568298,3144.83104279595,3583.16869926842,4700.07210911472,8881.70437678525,0.999816321443491
"N[3,12]",2380.02864557809,6.20357474580503,560.155417321827,1440.31888582239,1979.99685967955,2328.41596409198,2732.85002937716,3628.86430987826,8153.29286140495,0.999968755586562
"N[3,13]",136.547786412594,0.60966392513156,40.539616109142,75.2489239403992,109.290180844942,130.747375540052,156.829024144042,230.878291716163,4421.58794967073,1.00104426135073
"N[3,14]",264.948616865752,0.779333401111318,66.6487986993039,157.209358250015,220.605126269289,257.123315145252,300.080384715701,421.546391886087,7313.71566266308,1.0006253771479
"N[3,15]",524.908379043156,1.26664293101966,110.928535265154,331.046238377723,446.763288111511,517.192370718979,593.638046246735,761.763715875625,7669.69598450452,0.999686972829767
"N[3,16]",539.64690529456,1.24620546595945,106.96667737357,359.641002201473,464.534615081704,529.341873438647,603.059323704924,775.414866202089,7367.4586687032,0.99974347041011
"N[3,17]",13150.6032416755,29.825577017716,2713.49563437016,8683.81591490174,11246.2804265549,12871.7323965252,14705.0333716486,19352.1195918043,8277.14466049362,1.00033067668259
"N[3,18]",1168.90381378533,2.7791577113639,249.761448743791,729.846740377344,994.82834735634,1152.89094035278,1326.46397802439,1709.62295503756,8076.52281366494,0.999884273294562
"N[4,1]",399.541999945446,0.847079853205967,82.5624592380425,264.130530948725,342.670088032293,391.252596522021,446.796320269647,587.167946974837,9499.84535757483,0.999847357952376
"N[4,2]",1117.99474728957,6.36069902688159,494.350334088698,442.83031307571,796.346933586047,1034.51441628487,1338.90719213469,2300.7768864472,6040.32033981184,0.999797212240273
"N[4,3]",122.438807004741,0.5292903752462,38.8850278282421,60.1638128724723,95.914187628917,118.085460281072,143.265060094672,210.737697575651,5397.30343548086,0.999964949086949
"N[4,4]",1954.02878328689,9.14150039000046,786.980803955726,848.839410972449,1445.8254243894,1817.89291758433,2304.63682973331,3790.36944179008,7411.28158302371,0.999860829786263
"N[4,5]",894.454291777167,1.97777791120022,185.101480766728,592.308025460038,767.501036671096,876.703857131245,996.582156416126,1318.22884888032,8759.20602923085,0.999736302087478
"N[4,6]",3180.75362071911,7.87294139855129,730.999803020419,1964.02315484894,2675.94395813817,3102.23804379255,3607.44155732243,4863.65835726786,8621.05631856339,0.999902379382705
"N[4,7]",733.291572108134,5.65783543337765,397.413424965335,206.333567957204,459.902543803409,665.89867360208,908.358973938516,1678.52070535752,4933.83299871848,0.999940087717613
"N[4,8]",255.075879435088,0.555361921760394,50.1012196416617,171.800803761011,220.453277282535,249.069320217855,284.303914569049,369.062996202788,8138.50056988312,0.999632703755171
"N[4,9]",1072.04357706383,12.5738436739231,993.146644251409,283.57246807414,626.852093034285,882.438764494661,1278.29813086378,2898.72413465419,6238.65034736535,1.00010153585172
"N[4,10]",817.969395326852,4.16405823746478,283.048804324955,375.125551370646,615.84173499355,783.88116002433,985.688399340352,1447.31477348403,4620.50090523371,0.999974731062698
"N[4,11]",3064.08349069878,8.70781804329306,785.945538062276,1786.70547301512,2520.77954412267,2969.55988369751,3500.46523569994,4928.32011280561,8146.40907181365,1.00011576268889
"N[4,12]",2114.99574347748,6.71524937677764,575.454868018025,1216.3820420185,1716.68435157719,2035.38525480849,2429.17412889861,3473.51733277715,7343.41794011431,0.999815822778047
"N[4,13]",112.923640210032,0.481106182481482,32.8645198227012,62.3290651981671,90.5495882541385,108.504824685839,130.599661314007,186.992005916731,4666.3005407602,1.00044432774031
"N[4,14]",224.085158258639,0.807102153584109,61.783729756707,121.366620731311,180.591328262418,218.314593540542,260.248693393316,357.56902755178,5859.91386246563,1.00037454757147
"N[4,15]",448.034496348728,1.28597401643914,103.484807740552,279.455774110571,375.48005454399,437.811847872248,508.418077049181,683.46903441991,6475.73110590063,0.999686294490172
"N[4,16]",503.054099202568,1.26041720230962,105.050696784376,322.78523990666,431.305185294698,492.638302492023,563.364436729813,740.056624104304,6946.5510396794,1.00023698899892
"N[4,17]",12784.8374955249,27.7682168240518,2486.6873252744,8514.05216665224,11064.6719270445,12542.0217208169,14245.9629129391,18319.6134495615,8019.48312561269,0.999759032148961
"N[4,18]",1030.24541533558,3.27018249256645,267.303996198529,583.048079552821,845.935000057514,1003.85870333212,1179.36080725098,1642.44914538547,6681.39156927498,0.999977681012222
"N[5,1]",307.407364488025,0.618756077615491,60.9162076775378,205.034414628999,265.936066674359,301.983916154984,342.884887494806,445.074667951642,9692.29807232284,0.999774005276267
"N[5,2]",812.488455740511,3.43260308615835,296.98730922586,373.8832972561,610.853257175163,769.273388678656,957.662147761607,1527.06778855465,7485.63429066201,0.999700873302158
"N[5,3]",120.291025425317,0.319386235413851,29.93595310859,69.7963516398205,99.9573281248113,117.315735878815,137.347783662116,187.986371377321,8785.24320899708,1.00028925882135
"N[5,4]",1455.3974455157,4.40457289883702,399.733015124211,854.726040083317,1190.93271618791,1403.0066832082,1656.6605814769,2377.38644976844,8236.30525770279,0.99961413910822
"N[5,5]",676.772492723511,1.84060588691134,167.685094717539,418.821875022187,560.399331488332,654.836138410927,766.454401741555,1077.98247794648,8299.79388980418,1.00069430100175
"N[5,6]",2227.32742734894,5.97075164191529,548.218585796576,1367.49956969635,1839.4703574025,2161.50972783671,2536.56356335953,3476.39734743815,8430.42553120862,0.999940258605876
"N[5,7]",539.586661379872,3.21363321309817,253.12628251178,180.157928422632,363.496854805787,498.493874694283,666.589007625182,1133.58429405412,6204.14397460694,0.999918843624462
"N[5,8]",206.449424464687,0.454442779963014,40.9262459929022,137.641225013699,178.444767417231,202.755419275224,230.516253579424,297.389103807761,8110.45847068358,0.999916135048309
"N[5,9]",758.650122171389,6.62067780455437,526.165350077703,227.459847410054,467.381152438796,647.918516591885,911.977473529943,1886.36192146096,6315.9630806681,0.999882835914293
"N[5,10]",625.027259682983,3.24633388154452,188.15080512391,325.351261091338,494.926604229039,603.627738359063,728.572503167647,1049.42857301141,3359.12212338158,1.00028799895961
"N[5,11]",2362.99011056163,7.370062647833,652.195724289978,1356.03958851547,1912.51803514498,2274.72178097606,2716.83809404659,3872.96062905419,7830.93349288807,0.999766327406735
"N[5,12]",1514.5467004863,4.92180950263564,425.810394606498,852.496044635784,1220.08877824455,1460.26380624053,1737.39896505253,2486.17051631395,7484.84682409455,0.999779510053596
"N[5,13]",61.6665634508343,0.197183093366545,17.2554022788397,33.3515909367538,50.2168697715096,59.7616226120397,70.9326997254128,101.384599929687,7657.92001932701,1.0000815291211
"N[5,14]",116.341784990747,0.431517724638591,33.625219699735,64.771465631638,92.8482160206527,111.460823346834,134.017148684739,195.413395071247,6072.01705855184,1.00006141119276
"N[5,15]",345.028302716949,0.769742167451276,69.2268929043547,227.245249696653,297.531756359682,339.282547531507,385.079089315181,498.808570071127,8088.33485397679,0.99979650384313
"N[5,16]",387.400180920143,1.21410677261823,98.6206851688331,225.103638269122,317.237732281726,378.104144506888,444.438177867644,610.66694090668,6598.15126202685,0.999869521930303
"N[5,17]",10036.4303290634,24.0659555158594,2117.42946394999,6652.41459778341,8561.25880373521,9772.64517800906,11207.9750612168,15053.4970637472,7741.26054746245,0.999684159736892
"N[5,18]",817.304186327691,1.90847507069889,167.139434374343,526.342892714483,702.088210045967,804.856250897479,916.847532985641,1185.86388180938,7669.8147314628,0.999924434256785
"N[6,1]",400.610009078845,0.753055754376062,73.8919773426146,273.989736827797,350.129741895855,393.95104830148,442.930528807036,562.274713529892,9628.0938261579,1.00013719093935
"N[6,2]",994.419613786288,2.90693021639088,253.585984503065,593.318978258209,821.512278987072,958.460912757634,1126.64786911369,1588.55486043254,7609.94084821364,0.999950081946694
"N[6,3]",187.301091040743,0.498406776690639,46.2366600544263,113.499549304152,155.302482877143,181.929005847352,212.37931270958,293.763233338579,8606.07313597862,1.00029436378981
"N[6,4]",1975.35512930011,4.88244138366137,454.695314861599,1210.55958885165,1655.74324580113,1936.53307307175,2247.23223164226,2961.80987003233,8672.95079530215,1.00015904361172
"N[6,5]",802.593865603341,1.9449257176745,179.422757070271,522.306261309679,676.095736444232,782.87362612434,900.853534433728,1233.55646621315,8510.3812035515,1.000229218918
"N[6,6]",2916.66007284098,5.93086460828789,559.630796729046,1949.41819102593,2541.31222809888,2861.75448598389,3247.54904594196,4132.22727061695,8903.63180009262,0.999945319501361
"N[6,7]",679.041393918099,3.29584858893443,270.583335959238,279.728365965113,476.869559464288,641.848758745925,835.707428355273,1300.98995181885,6740.11939203595,1.00019065524973
"N[6,8]",278.435939286326,0.55538195428236,52.070098742119,186.287752028631,242.32920598738,275.21910123923,309.613055993789,390.336680494902,8790.08902898452,1.00016743807822
"N[6,9]",915.221196060424,6.60474605997826,512.721624811493,313.594074902362,601.274769234736,804.825320408287,1095.12979328155,2152.93927174953,6026.30378734161,0.999824454488026
"N[6,10]",682.776249127378,2.19338369958369,168.870319720146,410.453623974847,567.344636115293,664.470539717736,774.615481790459,1074.02432540748,5927.58005406633,1.00047225171956
"N[6,11]",3085.94235773488,9.58003037281293,817.611428459009,1795.13220437542,2531.67709749373,2979.14040984959,3499.48205336729,4969.35840424497,7283.83559566758,1.00006951900792
"N[6,12]",1816.40585767928,5.40946534782812,465.98363965613,1077.54032993026,1499.42911304429,1763.68311591282,2058.19284929601,2892.81672470504,7420.4911619194,1.00015140083059
"N[6,13]",51.5870690769827,0.381331846550628,19.0649792831233,23.2094540364399,37.3265043179929,48.9147417101412,62.7137109297939,95.4906658729998,2499.57701508791,1.00236698309417
"N[6,14]",128.129384945244,0.396304517449218,33.9107211166282,69.3089192039287,104.759686105152,125.856147597416,147.883662951674,199.478451840158,7321.76869378891,0.999789452240542
"N[6,15]",456.117918340128,0.973384930716522,88.2534057745102,301.862894646563,395.956913532577,451.006269422668,509.317874416126,647.062060945252,8220.41439991599,0.999900400020494
"N[6,16]",564.901963008579,1.37746806762807,121.472486980274,350.621729620061,479.808368994404,557.82122528196,639.242119937975,826.659999624374,7776.6538192609,0.999766597251667
"N[6,17]",14216.716888552,37.3763855979458,2900.5426453718,9352.33325600924,12199.4481181699,13919.0314017358,15892.4851604871,20837.9080853859,6022.32109153659,1.00022015556726
"N[6,18]",1078.22051366517,2.49060684836831,208.390111639234,721.702050438394,933.138344862608,1062.98396519863,1200.04760615703,1531.09216085594,7000.73855015089,0.999872636150862
"N[7,1]",362.505110454503,0.737908190162186,69.4791633134555,244.174790830054,314.315205046008,356.730215361554,403.767848013214,515.803091035513,8865.52580974049,0.999882898945307
"N[7,2]",878.793783424723,2.42633164784613,220.05242680683,539.711822377019,723.942722905776,847.685115998486,996.695452767937,1395.20759881349,8225.30477495659,1.00027259070038
"N[7,3]",197.868849415846,0.941675176809253,58.5579613929118,106.8242223685,155.592422643286,189.668880924914,232.06985920233,333.163894966224,3866.95976604583,1.00073620525644
"N[7,4]",1655.93604261509,4.40618162646386,399.218468428383,1020.94054444666,1372.16168793002,1607.02965249412,1877.69301760188,2583.3261548842,8209.11723736575,0.999878438220633
"N[7,5]",698.063224200313,1.49029520313602,139.408240431553,459.636448377896,601.325087075913,685.515138188603,781.490057544129,1004.35078326193,8750.4882151273,1.00037281860065
"N[7,6]",2565.49883208046,5.25320978945192,509.87614018581,1680.5060031928,2214.40224815593,2525.25885573351,2866.082365029,3666.00141198272,9420.62874584072,1.00017060418851
"N[7,7]",637.705319319821,2.2739539082536,203.583337809976,285.346786104707,492.163096337144,625.920930885446,766.15895370768,1072.25319028953,8015.32517245289,1.00011821976993
"N[7,8]",246.542456987305,0.532397624501619,48.6550824207373,166.053058147663,213.279110158529,241.800187325193,273.700742779334,359.283981268181,8351.87925656105,1.00010998875331
"N[7,9]",758.597381685137,5.16029058814876,407.176131028421,286.449454122731,518.409081900701,683.188870485167,902.99178451695,1625.75100128444,6226.10306929116,0.999979987750827
"N[7,10]",499.810467347878,1.30064424485543,117.804984102272,314.144766161859,420.435850007778,484.626698209036,563.635455736405,770.352400264805,8203.7096805956,1.00001253598358
"N[7,11]",2718.7962107954,7.9975915785712,698.581843606648,1624.98192160496,2245.67045908402,2626.15777145118,3084.85562665005,4347.49871943219,7629.85253696139,1.00004933214619
"N[7,12]",1483.55694577044,3.99642750982127,341.660019364757,935.232988762954,1246.38936834888,1443.42065173688,1672.18938865426,2271.73055062117,7308.77248100083,0.999668443479807
"N[7,13]",38.3192219139602,0.333864636600263,15.4198431287375,15.8717237150696,26.7563456732364,35.9098945389213,47.110024242849,74.4336751721674,2133.13857871784,1.00112875475958
"N[7,14]",83.3552600598635,0.435266242347505,27.0050665199929,41.9941853826662,63.9717617114876,79.5732198798658,98.3323534277067,145.108626685002,3849.28910458326,1.00065157564595
"N[7,15]",397.258292587108,0.97652087551599,83.1316034950109,250.529299842861,340.38677967511,390.687327732958,447.06578939104,581.285884511581,7247.18339207577,0.999840416785184
"N[7,16]",522.345927441695,1.5683853594201,125.207769068115,319.606817635019,433.77700933759,508.921321881873,596.18451346917,803.378483007674,6373.19190251106,0.999775391202725
"N[7,17]",12693.4008488823,32.4362627260239,2539.19582858361,8376.05515272064,10907.4279854382,12455.4725405857,14170.3952565072,18296.3112580192,6128.16955645361,1.00004586559712
"N[7,18]",917.459902101956,2.13074981731466,177.59933230452,622.001862653481,793.957972494703,899.424206392696,1023.77870153693,1313.94712359907,6947.32694706343,1.00075201889495
"N[8,1]",472.419550801136,0.908015047033949,86.0517534950761,326.554295133693,413.313075713971,463.918783299169,523.113759277148,666.652565179673,8981.1791213556,1.00012602657337
"N[8,2]",1265.75023186187,2.76884407233338,269.330513019182,825.547777311742,1078.61000119401,1237.83848798878,1411.89586324612,1879.59825288739,9461.80772543764,0.999866047810268
"N[8,3]",248.420157999821,0.878335253228636,62.8393755431039,146.064479269198,205.173492877293,242.002330652342,282.961200877466,393.459111890005,5118.50454261511,1.000225754044
"N[8,4]",2349.66298767844,5.79875092874974,498.327379392554,1508.33384376761,2006.49589587489,2303.04506469611,2641.30218423572,3456.09011534492,7385.1715503394,1.00001817856608
"N[8,5]",884.818485653843,1.77799336623718,163.269880540089,601.073054851447,771.585094531688,873.213441225611,982.868138129571,1237.3826351258,8432.41316154075,0.999965828343181
"N[8,6]",3226.42869162695,6.51692478585388,590.802808495528,2199.13508829608,2821.79476029992,3190.44743681365,3584.7196941862,4490.35502578535,8218.63484166664,1.00035365646239
"N[8,7]",841.19306792163,3.06747715598932,267.797039248925,383.734424186573,649.007830972338,820.524531061598,1005.0842131712,1423.29597566938,7621.64766114572,0.999861621546253
"N[8,8]",340.08375571491,0.743910338515532,66.7402905641041,234.220098803036,294.326636087849,330.878904184066,376.665528742609,497.642722090112,8048.87156471956,0.999602743835101
"N[8,9]",966.137618631155,4.98932572442868,412.63411041,428.973312455981,706.101427543929,895.057728214187,1138.55975371128,1916.62330460824,6839.84936440591,1.00003300816348
"N[8,10]",590.484400009824,1.43932170930555,133.280910229161,371.837889558973,498.86497945147,575.882259823071,664.574191541409,899.604431691812,8574.72396519668,1.00031375059213
"N[8,11]",3579.6226774636,8.46651646011616,737.320984700523,2343.24203291218,3060.86465278539,3510.5010858527,4023.04332449149,5235.28410263519,7584.09343401323,0.999731045194621
"N[8,12]",1978.35603582674,4.25106019634001,377.217742824172,1336.99297152454,1716.51144029595,1947.70607017899,2199.55756069288,2810.60919514329,7873.89673083802,1.00003427011348
"N[8,13]",59.8771981109854,0.233499857765343,16.5977161669402,32.6965922072832,48.6314275157087,58.0464099909485,68.8848303072223,98.071420012518,5052.69899126661,1.00066631297266
"N[8,14]",108.294146094455,0.361107349173035,29.5895113774169,56.6499400859793,87.9055814625868,106.435799308335,126.431272194148,171.595589667272,6714.33387042201,0.999769873681487
"N[8,15]",482.499453028775,1.25369630533823,105.072874022644,305.965912232834,408.68190958671,471.898024423898,544.8268209937,717.208449761078,7024.19453867459,0.999864585784764
"N[8,16]",781.211152432901,2.00114480092506,164.727626267128,491.389399060819,665.764025912136,769.517407577116,884.205135248145,1134.57248772493,6776.03827889404,1.00034130251481
"N[8,17]",15943.943249292,33.3497384688666,2793.29764895364,11224.5622496688,14047.8240372227,15674.8689870646,17603.4163788239,22139.8681194435,7015.35361124832,0.999996841840302
"N[8,18]",1191.48064248872,2.66508498946365,227.276120153795,801.248728533254,1037.75581908495,1170.36706332927,1320.66878673337,1694.56987773194,7272.52942966313,1.00027507871276
"N[9,1]",282.738795637341,0.617127646712924,57.3721661816237,188.85106955464,243.259120062298,276.179028412736,314.555686211875,415.385834404974,8642.76072613814,1.00044494512494
"N[9,2]",888.881871472833,2.73441275068837,239.445473719204,523.068752647961,723.584397675513,852.466816583953,1013.88537871342,1468.4226541977,7668.05329693103,1.00023336836141
"N[9,3]",134.391761994824,0.359756858266691,32.8622540819041,80.7382138986756,111.644727410578,131.100918504344,153.455605017854,208.476424495624,8344.04301945017,0.999741870407971
"N[9,4]",1480.99795173472,3.81882115712653,345.259095103249,902.4955942537,1242.95570426474,1450.73110311937,1678.26398134253,2255.96928163988,8173.9432076919,0.999953650926835
"N[9,5]",490.462998122883,1.0072077936171,93.6210559674195,333.247700521888,423.794522484453,481.793990447584,547.68958475955,697.013335898871,8639.90396831793,0.999775601622775
"N[9,6]",1825.28442430325,4.84268756339758,398.211405132922,1157.5662246773,1547.88624299734,1790.77426172033,2057.75158374356,2729.00741780819,6761.67804173791,0.99999634281702
"N[9,7]",561.642380756674,1.62249148764058,145.904979356851,300.110174730745,458.827202564528,556.333520291024,651.656826033832,870.257838072224,8086.77524634412,1.00036643284787
"N[9,8]",230.695706477665,0.617251767851735,51.4534072529719,147.618776873557,194.051586359522,225.348420408296,260.276277709516,346.962312170942,6948.70049984738,0.999625214576298
"N[9,9]",556.909513265379,2.48604999560951,205.803585708872,276.396577887407,428.316427768219,527.401567317291,647.822976153503,1015.89153664005,6853.0856215585,1.00019660225163
"N[9,10]",352.137295526446,0.937052112333463,84.5535165199175,209.852875837684,295.522126303788,344.279466932738,399.798758446837,543.69070315946,8142.0892872536,0.999992120932151
"N[9,11]",2106.06005621474,5.11601540762845,448.405845011415,1407.10474224475,1787.05368257364,2051.09539938345,2355.80216972941,3145.04709695622,7682.08030120498,0.999776406588108
"N[9,12]",1198.48879306043,2.5408036592792,232.329490861685,808.144641890842,1040.48297604513,1176.75861936951,1332.3327747885,1724.07969391829,8361.15874325343,0.999920044481494
"N[9,13]",36.8174444588557,0.171504522876845,11.1742166490545,19.0202051959405,28.8341125902863,35.497589201207,43.1770539734712,62.3905181188106,4245.0520475461,1.00137859274426
"N[9,14]",54.2072017190197,0.408067326134599,22.5161278558622,18.9893037284284,37.3704444107388,51.8075245530463,68.5224294539187,104.536300019101,3044.55460458225,1.00084394431268
"N[9,15]",279.440825681042,1.04761015121429,77.2432424189576,149.195369200963,223.824021905807,272.814880421269,327.808086643163,449.112238364829,5436.52757812177,1.00005784083128
"N[9,16]",499.62660537091,1.5302949483531,120.823274522515,303.298064073186,414.218818437789,485.640834127078,568.986830516496,772.60524825292,6233.77200360268,1.00007192106601
"N[9,17]",9235.75150615312,19.6020034384083,1686.07979224275,6344.42692356622,8076.31936104071,9102.22970721516,10228.7801502456,13021.5050137313,7398.69840930699,0.999996891596646
"N[9,18]",694.22756365313,1.64229497116848,138.030338243822,453.476538277799,598.962128826774,683.001163095698,777.602329829349,1000.12975133148,7063.93636649872,1.0000825583873
"N[10,1]",388.964778317283,0.886495407278738,80.3882202158777,261.522391341538,333.672533288036,379.060614004018,432.558365676556,578.88751973718,8223.02947873801,1.00026403433971
"N[10,2]",1173.16886420111,2.82595454512972,252.522999796952,757.526861721036,1002.5001031179,1147.77541827176,1309.40368272265,1755.2730537333,7984.93776419883,0.999931887585096
"N[10,3]",136.027734135524,0.43691199551138,38.2427353781618,76.942333090294,109.636203149047,130.79776501289,155.867443543526,225.579100089294,7661.43214863961,1.00047014892086
"N[10,4]",1903.16385639494,6.97708111493948,561.031916862598,1074.58323763367,1517.59002763219,1810.34788450584,2182.89114772735,3263.9190188068,6465.87930194675,0.999985367949423
"N[10,5]",621.380529643309,1.26206007168303,114.558512734359,427.989903392937,542.174538866634,609.521826990998,689.435750914336,876.705825819668,8239.38277939868,0.999933837807372
"N[10,6]",2479.83458445915,4.94640617786135,459.403898060927,1676.81412129843,2160.38672716755,2448.72019701112,2755.39116206291,3502.4335607319,8626.0068750207,0.999908812639948
"N[10,7]",770.771288709826,2.49088259728789,207.130673996085,425.668050442935,625.502385655526,750.879112493594,894.130756004623,1239.61071537595,6914.84293412933,1.00014170448219
"N[10,8]",303.725765846015,0.791155237959428,63.5046602819663,200.588843259225,259.521358473297,296.670104415314,339.397318266865,450.670581917129,6442.99476895572,0.999979806097822
"N[10,9]",704.26318857792,1.79642608323328,165.666211439743,436.89768736144,592.754231181103,684.860476056494,790.007427845951,1091.83181151413,8504.50766508204,1.00015509002263
"N[10,10]",389.969772820791,1.14185932074626,96.3706013611206,235.903409452492,324.748532019455,377.251320640153,440.406175182889,620.160898366479,7123.01625575537,0.99964702881564
"N[10,11]",2821.04419217908,6.865398151045,601.37827967521,1855.74910391938,2396.46462444827,2753.4213325093,3167.73757826688,4189.7087216769,7672.97917192015,1.00001194194236
"N[10,12]",1569.77802513045,3.65040807379546,314.416523478476,1037.39180755178,1350.0680138442,1539.91052524818,1752.41536652374,2268.65932299928,7418.70138068682,0.999858667472869
"N[10,13]",66.32937563275,0.285116291846943,19.6705197947902,36.5506279456966,53.2474501934886,63.6383819390032,76.3307326327003,111.659125529727,4759.7879426805,0.999988117204353
"N[10,14]",80.5815266186825,0.344341725096046,27.1446682614126,34.4778318701323,61.6547815132669,78.4097786644351,97.1883957855933,139.62410951903,6214.26508379551,0.999897622022336
"N[10,15]",383.914409206803,1.27396060483927,98.4309903132761,218.372993552726,311.449589363308,376.184777940537,445.16286965218,597.821348916823,5969.68908136708,0.999745404841064
"N[10,16]",783.666580993062,1.90636772701317,161.474064061217,504.015217012316,672.211621321489,770.962066669679,880.997831882498,1140.18062642741,7174.50921097242,0.999987493258205
"N[10,17]",11239.4623124704,25.2787976033687,2081.21811164434,7695.89558185659,9821.26436323968,11038.1443783436,12472.5727534662,15859.6680205011,6778.32468490004,0.999870297777266
"N[10,18]",807.178582590664,1.98600146930006,167.80116348992,526.095915529074,691.341466169958,789.800915081086,901.562738177116,1189.60594937305,7138.89188203511,1.00026800747502
"N[11,1]",228.224570070972,0.562622991859494,49.0826707798588,147.997165027505,193.499139816017,222.654942064012,256.867552945717,338.468461435315,7610.64423525313,1.00041933139231
"N[11,2]",580.031986741831,1.19816297015256,113.799505665352,392.523543704994,501.048801401178,568.613632147624,643.720386603601,832.933612881953,9020.8812183466,1.00027498552477
"N[11,3]",71.485741650987,0.181137307188481,16.9267771377842,43.9204733625415,59.801948428653,69.7462440063605,81.0560836470141,109.709175491675,8732.38224757299,0.999902106277599
"N[11,4]",810.888566789582,2.4569096001914,228.155427254139,421.526557152506,656.993592170069,790.475336642006,937.877519268926,1328.59509814396,8623.49376034175,1.00002893737034
"N[11,5]",313.782863331789,0.604750055492769,55.9844463205702,217.419177978856,274.216377393834,308.849793871415,348.206670573686,436.407792411426,8570.04181855034,1.00025384466834
"N[11,6]",1261.21028829003,2.42186576935559,229.090446693664,854.149921513767,1105.66932839005,1246.54189442671,1403.3340554944,1762.01997153584,8947.74956347901,0.999993654421636
"N[11,7]",367.622401306015,1.02341577186345,90.9688354971274,218.591704917982,303.670462115184,358.469422605481,420.631024552871,571.57000090678,7900.98176333089,0.999818233592334
"N[11,8]",161.234914009098,0.460020094371088,37.5519674079421,102.63486365436,134.292514681321,156.613641862999,182.863041916845,248.638712033917,6663.64396937871,1.00029749294058
"N[11,9]",361.983721775435,0.878450728071227,75.5244804812309,234.529107656199,309.657310329901,354.413404830488,407.130588297667,531.34453570217,7391.63781832801,0.999875109206275
"N[11,10]",204.315928356057,0.508488570667394,46.6090741806135,128.75373848609,173.083966347817,199.710668796868,228.724520589351,307.339282734288,8401.92037506234,0.999989237749159
"N[11,11]",1370.12109882187,2.8571366598968,255.454081551477,955.391889021997,1192.207624467,1340.75678181661,1516.1053532054,1954.48771510726,7993.99118168399,1.00016338783065
"N[11,12]",747.378264400455,1.72720317941096,144.475577981103,512.568459687946,647.496683437909,730.435124160872,825.92595686587,1079.92567540671,6996.84130114074,0.999844741564995
"N[11,13]",35.5692569734097,0.149672787159639,10.8302667460236,19.1126580204802,28.2536638241424,34.0929230617889,41.1193857660559,60.7184798321272,5235.91532477169,1.00001480874455
"N[11,14]",33.8250197809492,0.238761757994023,12.4683084109306,14.845601233802,24.6305305008034,32.0958800936522,41.0715318315542,62.7561236885793,2727.00250375215,1.00079152488761
"N[11,15]",222.892384207418,0.539951093153773,45.6393092956528,140.510208981997,191.715788145693,220.379300773747,250.860633322737,320.495733966032,7144.4578251983,0.999991847831938
"N[11,16]",441.360880008878,1.04342625315973,87.1635661083114,293.047117500216,380.933049583409,432.594063013507,492.45394636762,633.795076340577,6978.24898530086,0.999785700221847
"N[11,17]",5756.61260745381,11.9388195768096,1000.15885050405,4034.24200410791,5062.71736088489,5667.12765546501,6355.57602152147,7960.47250286125,7018.02945651355,1.00025782850565
"N[11,18]",393.347309536335,1.1548657741593,84.2739507566718,253.15434112603,334.604363868844,384.753644235187,441.486956647347,585.160159463474,5325.04996098255,1.00030890607733
"N[12,1]",259.240996188709,0.630297496050543,53.5362526774617,169.29977895797,221.433902647927,254.531417544958,291.613109241805,377.591464921384,7214.47569141942,1.00033453098065
"N[12,2]",628.512984765934,1.28362082325195,124.57661273193,426.798840244496,542.933759900168,613.780089543657,697.794267790094,912.899352255159,9418.88574599982,0.999925314606076
"N[12,3]",80.5901033841471,0.191826062791864,18.7201273712966,49.545792669679,68.0257764831994,78.69291479284,90.6012024473519,122.982253549186,9523.62689041364,1.00002017497309
"N[12,4]",855.52337873467,2.13983865133142,188.77824637316,531.0047855441,725.783682658485,840.327430842588,964.301261198022,1266.52332572328,7782.90697027888,0.999745430367784
"N[12,5]",352.553862353678,0.627146769880607,59.8746938410215,246.526135778841,311.620046156403,348.459326751744,388.105095619153,481.989686293874,9114.82283998186,0.999994565450337
"N[12,6]",1355.28823994207,2.87828044890096,255.896000298295,912.509287653478,1182.79815495595,1335.92544147194,1505.4226986601,1914.20040795916,7904.25204535712,1.00058331308845
"N[12,7]",422.232335388623,0.962516118708602,86.2597413917282,271.455128975213,362.799949632843,415.366110039928,473.610448608267,608.916731000353,8031.56690198777,0.999594597580845
"N[12,8]",168.824547263533,0.412585099519322,34.6075440272134,110.451490795572,144.821944329859,165.073587079681,188.538347283128,248.354636708484,7035.8161300088,0.999873321354381
"N[12,9]",387.900909897874,0.926012357057776,81.9994500831568,254.037997917274,330.387949248131,378.420298015786,435.207386180097,579.798618797741,7841.30443576936,1.00034069302703
"N[12,10]",235.692017707977,0.756415918962614,56.7819528768444,142.52042051508,196.70754277836,229.762051996594,267.750274383211,361.742119811427,5635.07018647206,1.00002360742227
"N[12,11]",1511.75724268359,2.99712301433881,264.985816728502,1051.48610868167,1329.44512264666,1490.00865554059,1668.6785948107,2079.37957935989,7816.92816752318,0.999814259428043
"N[12,12]",805.785130369464,1.99012015334651,170.669529415874,532.34873588421,686.966251969083,784.019523877821,902.766297409147,1199.00706774305,7354.50396837718,0.99975186764814
"N[12,13]",35.4909310254454,0.145364533489864,12.2645590267638,18.3407538923131,27.1506308575164,33.3593892119525,41.2884860886846,65.7382554713352,7118.47489469754,0.999850514069239
"N[12,14]",36.6332601137914,0.301676044885312,15.0705012248339,12.2932027828765,25.508011012838,35.3724629440932,46.2222304528653,69.2896429970287,2495.59290332011,1.00101521006037
"N[12,15]",264.073695907603,0.567054479737883,50.0864786855448,177.532892878868,229.666363018203,260.014007921927,293.480440644946,374.004315105554,7801.73919585604,1.00031040920366
"N[12,16]",557.385856954505,1.32714551440525,115.551519910755,362.972260531018,477.449217315969,545.729151481153,626.23729724517,818.452127824698,7580.78601110995,1.00001403635551
"N[12,17]",6450.78151625647,12.1653598717648,1079.99294840158,4529.71570035225,5720.07166984086,6380.95913079329,7106.4863435081,8781.223450998,7881.19219330793,1.00022777910776
"N[12,18]",439.252738435696,1.34393479668167,99.8281667898966,272.349872680014,369.819848402236,428.870042039358,498.983052753641,663.492792701708,5517.59468381891,1.00027310553524
"N[13,1]",219.356438724354,0.47994729479622,43.8454956421417,146.036172038959,188.578801582545,215.437130910107,245.885346516905,315.459983504416,8345.701963402,0.999905388365756
"N[13,2]",539.388500459472,1.19629420182421,109.951091678921,353.258103290999,461.911591449392,528.856067028526,602.988224177518,790.181225358343,8447.40071033358,1.00000916794694
"N[13,3]",72.790206280442,0.18016881863263,17.8039782051856,43.2491921727663,60.7385615276276,70.9778963090601,82.6859348784625,113.434961084382,9765.05842768874,0.999625936257845
"N[13,4]",681.116022939859,1.93437418405918,163.211656667926,416.714400706317,565.435783435072,662.019353661269,774.84908172932,1044.10375043433,7119.03898387949,0.999923035203356
"N[13,5]",303.666308697631,0.614430332913266,54.3977529979563,211.36195464956,266.187182044626,298.592535162561,335.001293355015,425.410621162461,7838.20515192141,1.00032059607328
"N[13,6]",1163.18144466737,2.59092105465932,226.338672225239,776.400135382275,1003.882142102,1143.76616790823,1297.70070491885,1659.39490343706,7631.48697312364,1.0005908937316
"N[13,7]",354.343636958,0.836367629406617,70.997177132459,237.013158099813,304.905728661866,347.853308123804,394.816547275753,515.368150204097,7205.8917142828,1.00019996917054
"N[13,8]",128.169098506924,0.293674613721736,26.3293407562164,84.8762229982872,110.285101675785,125.64145832462,142.717143107001,187.612418217487,8037.98438291282,1.0002462887174
"N[13,9]",361.851060642796,0.909221816722528,77.6299045635285,233.003047701438,307.697322619785,355.311681624919,408.789021140447,535.684515984752,7289.84691620932,0.999861882878501
"N[13,10]",178.161172071419,0.446009596143826,40.166459197787,111.691325268783,151.184203314812,174.068720417152,200.606393880915,269.118866466573,8110.33311163161,1.00002556565151
"N[13,11]",1219.27343677936,2.62925574279675,221.432972583684,849.491702259422,1067.0504719935,1196.72387964166,1346.23027215772,1715.13479759266,7092.81966464563,0.999985890348364
"N[13,12]",610.090636110702,1.42927318021199,117.916085606865,415.84626529294,527.733392821543,597.038975343771,678.174705019463,875.027382934958,6806.37101274137,1.00003673947804
"N[13,13]",45.2282728752516,0.445517256699984,20.760558308164,17.7882735642792,29.945578687752,40.6711575617949,56.4844128240043,95.1824208534633,2171.44581154063,1.00097452063765
"N[13,14]",43.1404597486723,0.136641373981713,11.8345117667547,23.0460523326308,34.8333821316978,42.0696742507337,49.9921398636129,69.4701183267232,7501.29509962555,0.999903823245219
"N[13,15]",239.030702307746,0.522549018714929,45.0505711767327,160.729922632329,208.034453363559,234.994944051675,266.030229393434,338.311642922495,7432.69873414837,1.00001310292759
"N[13,16]",509.176230017602,1.273869298153,112.592223829775,332.472089497042,430.929818609613,494.003960217992,569.125175611883,772.863079459523,7812.08666721145,1.00015315615464
"N[13,17]",5434.97213136755,11.2463874017956,959.172626856377,3842.80998295182,4766.39879258172,5325.47640971856,6016.04530032218,7537.5449704954,7273.90246824492,1.00042428874593
"N[13,18]",432.154801396586,1.06236782237595,91.5735629306235,273.303381589668,370.005807172231,425.249737854033,485.837312219918,635.855731046465,7430.02727207971,0.999984232577148
"N[14,1]",432.146158726027,0.981670680836116,82.730582683628,295.095498985569,374.676548656597,424.711208618797,479.574159747851,615.401434054168,7102.32474009613,1.00006061776359
"N[14,2]",1080.61781142668,2.42241762992836,227.698924189148,719.419197602127,924.167064101565,1053.79250136313,1206.50970908668,1601.03611181201,8835.35329901437,0.999770323294411
"N[14,3]",143.815723163624,0.417440741318202,38.7038662753956,78.2263023981573,116.906049883986,141.012525247535,166.377419584855,229.995503173977,8596.44789161957,0.999775767521438
"N[14,4]",1441.93709934769,3.43023032832483,305.271653996068,883.660478141103,1235.1857165707,1422.34759830841,1628.69145729592,2099.27999920135,7920.02212208289,0.99962093813109
"N[14,5]",652.053925479832,1.26303513469319,109.748969151708,460.524197197344,577.013356812412,643.299979255007,716.966823726449,889.586729047014,7550.40131838738,0.999740914885566
"N[14,6]",2580.5524003063,5.2901847298053,479.228301513933,1746.46681946768,2251.58114242036,2546.44743418171,2873.49521692112,3619.737241286,8206.22160845387,1.00004436100211
"N[14,7]",758.123284812934,1.72514364410572,148.129695667718,510.315275673711,656.093674661844,742.923341787794,843.279389439834,1102.55407430716,7372.82178407251,0.999859122741173
"N[14,8]",253.565974481704,0.545665785878568,50.5370681488936,167.586057395602,218.554268485789,249.904768559499,283.230907400531,364.734264627736,8577.6167720202,0.999836217420124
"N[14,9]",710.637103499701,1.74027248675478,145.165336492208,467.546773740838,611.720453132232,696.397910522751,794.527662482266,1043.9105854647,6958.11082920018,1.00032990120064
"N[14,10]",320.977216872655,1.21187275791784,83.0272487614731,185.586169191817,261.792416947395,312.097851757186,368.128237734185,511.263751188632,4693.8288328859,1.00053820076407
"N[14,11]",2527.76562605586,4.7834712873658,418.115575679344,1813.77547745127,2243.94108008112,2496.14540822372,2776.08107908881,3469.65863653615,7640.22853691798,0.999770990263863
"N[14,12]",1183.07139201918,2.67327820076703,222.109646996923,808.274760613761,1025.05459876399,1163.53059601825,1314.72858811031,1673.95965117756,6903.13759386962,0.999814877994925
"N[14,13]",79.9267680027443,0.57831959779542,31.129150147098,33.6823085449676,57.3031023012318,75.5774312582293,97.9745100022846,149.507104402779,2897.33497532437,1.00074963174517
"N[14,14]",93.2011486086098,0.313623248327352,24.7540760547872,52.3941951367408,76.6015807208406,90.7358730197832,106.637983028013,149.771633571454,6229.84074084801,1.00040146824158
"N[14,15]",540.288248061635,1.16293503871888,100.629325076303,369.181274252616,470.752320582858,529.670877977979,601.707404237044,765.13216799701,7487.52366651239,0.999928552417829
"N[14,16]",1220.99113246134,3.29115644946853,265.77624316647,790.641324939145,1037.6690326689,1193.34670259139,1370.96084855503,1826.97696395065,6521.31624447628,1.00006179774428
"N[14,17]",11537.9087046932,23.3437628111379,1966.65136661336,8084.1951807512,10186.6441504496,11382.4533998406,12714.4355140016,15937.8516509872,7097.62472116291,1.00115979521721
"N[14,18]",895.103915017173,2.02067389798449,173.331053126165,602.47981072298,777.367705548844,875.442578452177,997.217507971081,1292.87953574723,7358.00855451577,0.999838378207835
"N[15,1]",293.866485827574,0.578985250350558,56.0172049191186,199.265766942868,255.173599447994,288.503279823097,326.208878002724,419.135190990256,9360.6901494216,0.999666721912618
"N[15,2]",846.76456255802,2.45854743531858,222.034045895531,504.189333962291,689.592180861011,815.121319938484,970.505437870559,1365.53986978297,8156.08909757712,0.999786629514504
"N[15,3]",76.2285579554414,0.418514769606802,25.1381950906334,38.9993097039561,57.8505351229545,72.0760694211256,90.5546186652467,136.766110444917,3607.83449451649,1.00017300411038
"N[15,4]",997.30040467089,3.47453647522524,255.276305509063,565.146432839681,810.132370163138,975.975340341991,1162.24241108717,1549.89455338236,5397.93016190899,0.999667306430786
"N[15,5]",496.373878005475,0.890788073284924,84.0653297811402,353.520109741678,438.233970826716,488.706050381215,547.374266284511,682.004912899265,8906.0484767348,0.999767035208511
"N[15,6]",1954.47420746784,3.86867499060186,361.569061204538,1338.1618047846,1706.93694824609,1919.53665534536,2160.07184281816,2770.07935434905,8734.90188935086,0.999785506869485
"N[15,7]",631.546530565763,1.57391164177685,124.200604479352,422.091548868884,547.307940220979,619.960492807554,703.691821308993,906.898414629877,6227.11266882546,1.0001657172269
"N[15,8]",168.721967684979,0.48781711025186,40.8316463143578,101.844476022709,140.553444301326,164.110336644362,192.395550156824,261.998718995139,7006.15471215801,1.00001979091725
"N[15,9]",464.988221834595,1.07912447417744,95.2111978231141,298.155885186601,399.564451569169,457.630915351903,521.658804988645,670.645658408579,7784.54033473982,0.999844635372387
"N[15,10]",241.832854334777,0.614729128345743,55.8879933868119,148.641387907764,205.195421248841,236.66508327561,272.839886902471,366.259769631309,8265.50607351529,1.00015261285911
"N[15,11]",1885.87806538646,3.5683739180544,317.67451412709,1332.96077343377,1672.31192305902,1858.25865413354,2068.16853646472,2599.39515815966,7925.45192592104,0.999798462389041
"N[15,12]",854.599969375518,1.66719846920194,151.388461409408,595.861649450491,749.19993885405,841.730675513381,944.027132565129,1188.50863955751,8245.38510971246,1.00028960063992
"N[15,13]",34.2778871929852,0.288679289931158,17.7772167810734,11.2886186354726,21.8489185376733,30.5767329391423,42.7732251281405,79.416222719396,3792.24406201958,1.00019585342916
"N[15,14]",59.7010488733912,0.185189453095893,16.368373119794,32.572955476724,48.746009521838,58.0550183356385,68.5117633981953,97.2080083303516,7812.29320166576,0.99981758895334
"N[15,15]",477.153532059191,1.20397680703409,96.8421196610952,314.932445979042,410.37925777084,468.14632464973,534.074656329901,696.13035479755,6469.8219858738,0.999818850468194
"N[15,16]",974.403215357887,2.33761458486781,192.720040845694,660.745674992272,839.454835083674,952.574696255107,1083.74200713436,1407.0379003383,6796.85400653366,0.999742051132321
"N[15,17]",9104.78213849137,18.8455449873667,1552.51837893394,6409.95770546718,8066.90640184371,8977.03903851696,9999.01022028758,12578.3683974004,6786.66008704526,1.00044545420197
"N[15,18]",655.97902527041,1.53398833700815,134.979542497919,422.431159175096,562.705178015984,647.32554827926,736.892193013615,953.851756282302,7742.68851756185,0.999848517142261
"N[16,1]",202.319645643933,0.401056340590846,38.5758670631002,136.801586256821,176.172839446858,198.625040573024,224.722200891569,287.284120250885,9251.68034839789,0.999587010788203
"N[16,2]",584.743687478093,1.77940702525498,157.735872113728,343.988313744051,474.489937911056,560.690382870536,668.35982339689,960.541533825442,7857.96953803395,0.999753062641199
"N[16,3]",52.2771287395847,0.380613138615115,19.2405011495389,23.7586313178856,38.3637383213611,49.5196936809032,63.0467490098174,97.8121152036091,2555.43717118293,1.00046032100555
"N[16,4]",799.646093134607,2.04688120842707,172.250828475938,502.911091232563,681.738570743612,784.081975215586,900.089212926981,1174.61126632985,7081.69732624136,0.999963869090098
"N[16,5]",370.452939884213,0.689912490361902,63.4557756087907,260.158479509195,326.644252020795,365.658383009708,407.483167424885,509.952095541506,8459.68706797228,1.00020112405328
"N[16,6]",1536.73326761167,3.27029343090293,288.394666056719,1048.32195321583,1339.95834944909,1510.42535361035,1703.97559658461,2169.7150272526,7776.80131323717,1.00013511561493
"N[16,7]",484.182081573261,1.08046322174638,93.4290207203714,329.978449308285,419.722965854631,474.698291438093,538.380004146208,692.127846067074,7477.27953464427,1.000107579561
"N[16,8]",125.696301272131,0.361197797264413,31.0739098697595,77.1977854321942,104.232748325383,121.49643712819,142.714412688177,200.167342918748,7401.1910874569,1.00008563728135
"N[16,9]",299.82466532103,0.943937920225502,72.8739531808241,177.109203051635,250.244474676308,293.87672889307,341.769076976775,458.102601960466,5960.15826899846,0.999687108684923
"N[16,10]",174.290310339509,0.463876404219535,41.7318293834691,102.280781933991,146.461983024746,171.214910517655,197.560414918798,262.916977969648,8093.38652959286,0.99968937707037
"N[16,11]",1408.68058838487,2.79760329886885,243.326067770188,975.215789433145,1242.34146442195,1391.93054018771,1555.69369191215,1932.20856903728,7564.93172609445,0.999695631998624
"N[16,12]",631.775623589929,1.22766940768998,110.404789828607,436.235755107962,555.114798366801,623.786257549903,699.489796379434,864.761727694392,8087.475221942,1.00041332547137
"N[16,13]",24.3742563956442,0.163336084190105,11.1939474241955,9.95886959591052,16.9602308006059,22.0168399732932,28.9229751710517,52.6722889961834,4696.80193513761,1.00045304623108
"N[16,14]",40.0392303220208,0.208881437978749,15.2906465378538,13.6697590054384,30.0068918315607,38.9604715499811,48.0951085542738,74.1416456318491,5358.60816096714,0.999863732093391
"N[16,15]",376.923902619264,0.984747276525808,75.5384397969924,249.001311354727,325.597057239848,370.384623037793,420.187634930545,548.579900623334,5884.18670225464,0.999639554475963
"N[16,16]",761.444852700922,1.8683243363131,154.024739667729,501.970011495029,651.382576000734,746.766715305122,852.623363769891,1099.7895233149,6796.36078198659,0.999842293080431
"N[16,17]",7081.97919978543,15.0227216279474,1269.92354725389,4865.04050242455,6205.78045882843,6989.76084349231,7843.70581202063,9782.23607338672,7145.91609433621,1.0002041638219
"N[16,18]",452.508456335037,1.23803344678836,98.0552739579726,287.491482051673,382.242350455817,443.937240497637,512.253009421863,670.190901782959,6273.02703559271,0.999916920375903
"N[17,1]",230.391932751427,0.476744917349658,43.342562979162,157.972959631104,200.658348927752,225.797681924248,255.19017633577,327.686689914002,8265.26979722183,1.00042406860102
"N[17,2]",752.393699895663,2.05299040555002,185.752884677172,452.488235582084,623.509858280969,729.381731105881,860.098287581297,1170.35001788763,8186.48168162329,1.00000662136957
"N[17,3]",75.5154533898245,0.348951540576082,20.7101998934867,41.9282979712957,61.1610661225231,72.8975277143013,87.0756463868288,123.336079594417,3522.39731456277,1.0008328184414
"N[17,4]",1102.79204003512,2.62811058667146,236.816838264382,718.4963440515,941.388853996146,1075.82356355015,1234.66486825291,1649.34371765051,8119.66077846575,1.00005823285088
"N[17,5]",469.374050672733,0.879721023273355,82.9289282809824,332.664040953968,411.008707276774,461.414418260691,518.419107599988,657.80111925572,8886.32442016653,1.00016420379441
"N[17,6]",1959.97100896966,3.8741957328035,358.784546710965,1349.95093048546,1711.93643031476,1931.26197597087,2169.26233928275,2752.85935244898,8576.38643976843,1.00064563751968
"N[17,7]",614.846824120699,1.38284189863732,118.113747349801,415.805358520682,534.317532371466,603.007917660505,682.337478390404,875.659511873283,7295.51302880849,0.999650039184048
"N[17,8]",169.391221351673,0.560213064889802,47.5547333324186,95.2558537792678,136.039682177443,162.883058383626,195.34781403867,281.661853007391,7205.78061378972,1.00012303998255
"N[17,9]",374.641951875428,0.834397554749925,75.2291030819691,245.724865777975,323.132864702237,368.26929494126,417.929715651919,539.234347485636,8128.78660242946,1.00020651643594
"N[17,10]",192.113523072806,0.75645866771913,51.5107676127168,107.708947694882,156.551280814011,186.138925109252,220.859383988359,309.070020442993,4636.87764897982,1.00099316694203
"N[17,11]",1734.68803992952,3.33612441965344,293.610171567171,1224.46209884088,1534.95148243909,1710.46276666743,1906.9931651866,2397.38597330435,7745.64726363574,1.00015241136818
"N[17,12]",770.423100080082,1.52329165136645,135.270505987358,538.553348817978,677.839405275857,758.404921229612,850.055671398704,1074.99399492347,7885.69735574076,0.99983127330762
"N[17,13]",32.1359117646833,0.291528465960222,22.2462512465408,8.57380879353893,17.7547553866054,26.4390739052454,39.8539696652653,88.2444651330478,5823.06637997874,1.00015897815885
"N[17,14]",57.3917310979802,0.250199224623429,17.8327049706121,28.7007484956588,45.2914949073339,55.2409285482258,67.1195700426956,99.3571576488557,5079.98617241346,0.999927869152697
"N[17,15]",476.313580664082,1.06659816418133,88.5892349632634,330.662751874565,416.465285350346,467.005740828994,525.653982167821,679.94154024575,6898.58847888616,1.00000276898621
"N[17,16]",953.938405010255,2.13588405411806,187.049362127226,652.527473620324,826.192956737462,928.350372013425,1057.3824219711,1378.51771980903,7669.3245419012,1.00043315672017
"N[17,17]",9169.57548363903,18.6101367657459,1597.53807396169,6400.47514267637,8064.21612493566,9038.10211130475,10122.4901411363,12599.6427935575,7368.91090014511,0.999819842779104
"N[17,18]",600.70595256485,1.35831503414405,116.82859695803,404.871990205074,519.418015988092,589.554169635834,669.657227649327,861.899014449611,7397.71007897104,1.00028107603952
"N[18,1]",318.894696728337,0.576133032853272,57.0824646116535,220.762656409421,279.88322411532,314.352486585389,352.542258001866,447.065177457616,9816.57252154029,0.999713023165601
"N[18,2]",1013.62038141196,2.43769959200958,234.850185209751,640.325242523023,846.942260912827,986.013454314101,1146.43354313558,1547.14422841642,9281.57000763185,0.99989374303328
"N[18,3]",136.98295532227,0.381100040247554,32.2784319783858,83.630056543053,114.814256739251,133.559610759638,155.365145630718,209.349167613481,7173.76043588328,0.999896736586185
"N[18,4]",1925.1047292892,4.92081692277769,407.522721705981,1240.9153188946,1640.44580762037,1888.98633397192,2164.7135521134,2842.8405594689,6858.5015502822,0.999837778823526
"N[18,5]",722.057916310556,1.46394462331546,132.305695730713,498.34359360005,629.856395351164,708.919452058958,799.177263179707,1017.5110050714,8167.85057079528,1.00013531620538
"N[18,6]",2862.87573551643,5.45987150291224,505.717213095388,1998.47570660916,2512.08583713428,2814.65011262908,3157.71156196238,4008.13136760758,8579.27577915421,0.999887419124245
"N[18,7]",877.227844153399,1.69045442969657,164.738444150125,607.311613055517,764.575535676739,860.685542110641,970.115378239787,1242.46628805488,9496.92447960023,0.99956985165941
"N[18,8]",241.591129931881,0.790184420391113,69.429312513751,140.764693086426,195.046266264969,229.929105069432,276.278807446801,406.755555401351,7720.2044989757,0.999985813953997
"N[18,9]",537.499733829003,1.14799041136065,103.80962464257,356.860096383324,465.398972091632,530.648962272822,599.94463598425,760.57949319151,8177.08891581707,1.00036642417754
"N[18,10]",293.642366416562,0.991655716229422,73.9154050628551,171.81052724355,243.122332065541,285.182482497873,334.915904453562,461.964815692446,5555.81892965732,1.00048130645963
"N[18,11]",2550.52524163046,4.761090984952,427.497586761778,1813.08646413555,2264.67092773986,2511.49127775505,2796.78505753194,3508.3012768392,8062.2149522312,0.999747205891135
"N[18,12]",1124.1793082366,2.14323962597288,192.733494293622,790.560847245066,992.692774336123,1106.58873389509,1234.14159879267,1552.70965285605,8086.72975753535,0.999747140901342
"N[18,13]",86.4142365981072,1.63469031899894,81.2436698522151,13.7872514168406,34.8817613247653,55.8631393265318,106.232394331729,309.866074468288,2470.06330584049,1.00147403612658
"N[18,14]",77.8326784307873,0.258929085871431,20.3738549528523,44.35679520899,63.6666939228889,75.7575013781129,89.1792430737553,124.726920574667,6191.34127777974,0.999947785360767
"N[18,15]",709.488205021642,1.53815134023208,129.046257759746,495.864068148447,620.733283101379,695.603199684911,783.16963546881,998.27656815032,7038.70385652155,1.00030035822689
"N[18,16]",1482.78193964422,3.15409873595958,266.791738982562,1023.13967736942,1302.54390335705,1457.99910155385,1637.67712526797,2080.70018108086,7154.74544659334,1.00002031477662
"N[18,17]",13467.4842720748,27.0869078371064,2318.84757086095,9402.95973429825,11867.5489552455,13270.0603091862,14903.4743131717,18419.6596842025,7328.67634493807,0.999899188236777
"N[18,18]",951.697594794283,2.05130345311521,177.250083366926,645.649841927007,827.464724183741,937.077787542601,1057.47407042485,1349.0884223442,7466.4313102371,1.0004563082377
"N[19,1]",338.666381230648,0.630737862240719,63.3352664792542,230.109290303887,294.781073835051,333.637106499943,375.842441085068,481.258403964356,10083.0843589356,0.999860891351955
"N[19,2]",1163.32933979879,2.66188686526648,251.519788457108,740.89023701898,984.252021803466,1140.81128182526,1316.48321238724,1728.92713578578,8928.22510811106,0.999820747664994
"N[19,3]",175.94074553325,0.476774809856484,41.6802040469261,108.633508310547,147.424736656111,170.950357347702,199.077003181357,268.10919460179,7642.45815610884,0.999784535422575
"N[19,4]",2281.21062144441,5.26216742774297,477.853912447172,1524.36860494191,1953.06540097554,2219.19983885274,2549.86056700709,3371.36545288766,8246.3348977626,1.00007832901435
"N[19,5]",793.45848645633,1.66425609637522,143.995580134827,544.648833020523,695.15311875253,783.005155924954,877.640796654335,1109.02837446863,7486.14113842133,0.999980457973777
"N[19,6]",3184.44067581179,6.36051565159353,583.217143486503,2163.98302748261,2785.99672200046,3134.51881942054,3536.78402649929,4468.05925010862,8407.67492234845,0.99985077445364
"N[19,7]",999.095620747271,2.34849044158037,203.864992178987,663.96400417034,857.950591732112,977.470070517977,1118.43372167089,1452.36927260182,7535.42437885969,1.00003337847431
"N[19,8]",279.720225800654,1.12985836091009,98.3325981883051,138.430549356102,214.284181359499,264.904549290916,327.687040623177,512.21503822734,7574.37881279915,1.00037119020946
"N[19,9]",544.430143205227,1.23954511500714,107.78188638011,359.162590261984,469.744492795866,534.862783219122,608.286386122607,786.663323972107,7560.78492482695,1.00012709962303
"N[19,10]",370.780215477149,1.13728951192377,101.438292808265,196.176244230765,301.794818496555,361.396358619998,429.846487112808,592.654013292302,7955.3958559362,0.999983587578123
"N[19,11]",2854.62629144253,5.24019076334154,492.649751420374,1988.82273669046,2519.31353205108,2813.7178240128,3143.19645968337,3928.55799045084,8838.57683015678,0.999754280669738
"N[19,12]",1258.41060593077,2.55558200463903,220.938630762095,875.544937114112,1110.03959896233,1240.08748978451,1386.23627027192,1745.26655753003,7474.18208219624,1.00022723041096
"N[19,13]",100.550763853803,2.39371566081612,141.696535585979,12.1152819092568,34.7036028670076,58.6720559025426,108.147845090702,450.864031400137,3504.07458653232,1.00044555713563
"N[19,14]",66.7687129122966,0.233762767362616,17.9054520736959,37.607094826582,54.1798397036287,64.8890003919615,76.8592346400693,108.585782577733,5867.0515089853,1.00059950106883
"N[19,15]",826.048317788718,1.86245486584324,153.670690670539,560.723912542675,720.206686846415,812.018895672956,917.003414524312,1166.56291969319,6807.85931497228,1.0000587376021
"N[19,16]",1735.40580715074,3.79467959174318,323.051558270397,1186.19238927414,1514.301463536,1705.20445257678,1921.45685582412,2462.86891738187,7247.58733267534,0.999663489692688
"N[19,17]",14744.6487075284,33.9487705976953,2905.68511755344,9768.98289532385,12704.1968888914,14474.0437810449,16450.6430259711,21128.0551208507,7325.69772692129,0.99994932582368
"N[19,18]",1108.58952552106,2.58835337741612,217.989548265214,741.977777079036,959.97362843935,1086.12761044599,1234.85036653862,1596.10876111981,7092.90602386571,1.00010632072468
"N[20,1]",181.765807197557,0.415410587132528,38.4767999226627,118.078232054533,154.331838047221,178.134125713066,205.038493623839,265.691887114873,8579.12051396254,0.999813087028079
"N[20,2]",633.532454320932,1.43174349582126,131.65110364953,406.539464238443,543.888958793692,623.32908892496,711.89197425675,921.755186555134,8455.09653950732,0.999904432966507
"N[20,3]",134.299304370378,0.32928986887527,32.3188040354963,82.6855650313368,112.068590384241,130.428999864145,152.579461499994,210.641025546173,9632.82840791117,1.0002578967806
"N[20,4]",1540.08356727306,4.82141788542101,369.833367922307,956.414855327629,1276.08466194669,1494.67641189044,1753.97790043186,2394.02997128307,5883.86413372531,0.999881378847679
"N[20,5]",429.603000283223,0.842703191704427,78.0224526306377,298.766073874427,376.203880716036,421.597820067787,475.926815997667,607.975536813154,8572.15309637197,0.999799558395695
"N[20,6]",1738.77964321792,3.61743764664828,335.000340705952,1157.04246813963,1511.71583495412,1711.65161251244,1936.04380841392,2461.52457163871,8576.07142831806,0.999936147513775
"N[20,7]",523.220181536068,1.21519111735766,106.288990946899,345.032801372079,450.56827124097,512.338909879068,584.754816871577,761.153355884558,7650.45730059642,1.00017747750972
"N[20,8]",168.554221589608,0.907944476400969,78.9259879592418,70.081895410768,120.681845980137,155.150672164069,199.186581650366,337.542199252909,7556.51366437659,1.0005175826878
"N[20,9]",288.414455945643,0.926220799669702,68.781335010237,177.537571021692,239.450310068013,280.910682666959,327.68842251923,443.704431373042,5514.57621086418,1.00020008880145
"N[20,10]",192.611275318376,1.32297238364906,74.1352604739781,66.7169244559243,140.768331354027,187.849906713871,237.947968364817,352.844478102911,3140.13325590898,1.00019497183692
"N[20,11]",1666.05385270326,3.63410492383672,329.196262500164,1077.88016321502,1436.42169381899,1646.16136051917,1867.57702460609,2377.81780174275,8205.68549593888,0.999985403762322
"N[20,12]",712.860621671229,1.5385726686974,133.51038852838,482.202384476529,620.730295583587,702.957517823446,791.767009331805,1011.59779462124,7529.9846835557,0.99976375018419
"N[20,13]",70.4657177555373,3.33458199269965,228.408232526809,4.91425686916531,18.0605599643311,31.8166992613619,60.9369655980356,339.38642590944,4691.81311753361,1.00011822219417
"N[20,14]",30.8660727033244,0.217477939430977,11.6439881447224,12.8788817430817,22.3752268754114,29.413675479097,37.6659856344545,57.4165238285105,2866.63956218895,1.00077477775443
"N[20,15]",492.273106032847,1.26095841948905,100.232708457621,324.478830054791,422.501321561237,481.698206743378,551.591448724871,715.822949325803,6318.54961676338,0.99978457314133
"N[20,16]",1066.79728045039,2.71160995518023,231.163832113972,678.379005006462,903.276013264714,1045.32071682204,1207.76817329021,1574.04384552943,7267.50486853764,1.00051399105035
"N[20,17]",8929.81053141445,18.5887326297072,1666.22888802264,6108.8859643148,7769.12829743696,8779.3552986051,9928.07948905339,12693.8995636506,8034.70170462619,0.999637223060738
"N[20,18]",723.428139430481,1.92503956380788,154.512960792922,476.121068106413,615.078265183806,705.603973506827,809.558257335386,1077.26709289618,6442.44188926512,1.00049389013436
"N[21,1]",149.618781334396,0.317925233562303,30.4461990795675,96.1648163437703,128.860810057297,147.410179052889,167.525726996863,216.608066836863,9170.98889469014,1.00027266568515
"N[21,2]",477.750644653142,1.09545247389917,103.995766285643,294.758049667757,405.211600755074,470.411426028288,540.010081813031,704.272898935857,9012.47841750627,0.999793182281498
"N[21,3]",154.904096959746,0.493832282390799,39.4763713278633,93.2148854074328,127.769473867059,150.65063620262,176.392852613354,244.241773396295,6390.21539482802,0.999933966871971
"N[21,4]",1272.20991697166,3.38862195604828,283.055307105361,802.237727914403,1078.26842387204,1245.45393961769,1429.1539554536,1917.28953294973,6977.44405748067,0.999686620328493
"N[21,5]",341.418748435242,0.694587622285714,62.272955006194,236.003490988357,298.912340923492,335.175669871671,378.065804312031,482.875406929834,8037.94202588034,0.999768473923943
"N[21,6]",1316.86356327657,3.06498367390153,266.300843314411,858.767305074807,1132.57835224529,1292.87953111918,1471.32192427454,1917.71675286295,7548.98830324279,0.999564404831973
"N[21,7]",407.784780664736,0.967131226929052,83.4498168326416,270.378971619735,349.272233219964,399.363520339363,455.467952524314,598.847572243624,7445.2616240748,1.00055693169891
"N[21,8]",142.168673327282,0.838594714798873,71.747524555256,51.5220184854489,96.4995879115766,129.284985968448,170.472345798144,303.433542690299,7319.97505743959,1.00104076214896
"N[21,9]",244.280012003931,0.681550029661121,53.7978765611362,154.606019357622,206.678583550879,238.004512925206,276.271533411524,365.10884258998,6230.67051889014,1.00057382620777
"N[21,10]",188.813381594775,0.724458389967172,56.2815623048381,85.9256936345023,151.878843892497,185.685672885337,221.232031475738,310.772134758774,6035.39079370613,0.99994063113991
"N[21,11]",1293.5694599642,3.11572251638151,279.138311748699,809.716842726116,1102.10287216679,1269.22331747041,1457.01512129448,1923.85802320778,8026.41016774842,0.999746989229634
"N[21,12]",545.953958897649,1.19595519728918,104.993051436852,369.232318920478,471.981130185836,535.154375335331,607.604469909564,782.746996179378,7707.10533877252,1.00037300625864
"N[21,13]",79.4975246283419,5.91585395442155,502.629639670548,3.26729792079485,13.9349607386492,25.8735599938141,50.7505108677775,355.058363382531,7218.73837347904,1.00032288135989
"N[21,14]",26.7553254744688,0.146033802458296,8.32798600576185,13.3256833488403,20.8089237987367,25.7410014712115,31.5852325207012,45.7746326355396,3252.16960258147,1.00033534303785
"N[21,15]",382.85509775807,0.817754151083449,73.4655490928015,258.998815508003,332.103398885176,376.481460218328,424.854394374534,549.977264693037,8070.89956830136,1.00001803726021
"N[21,16]",828.393127409274,2.18993988256604,181.956183358642,534.737806282308,699.185412500666,808.357198197098,930.344541980884,1250.26884600206,6903.49876521711,1.00010072081547
"N[21,17]",7777.61212549819,17.377041844291,1535.71140671071,5163.75012793423,6721.19924019458,7640.10359973404,8697.35704307392,11179.3097298376,7810.29659221403,0.999742482241559
"N[21,18]",727.515509059935,1.98394300182636,158.512910529395,466.84355118003,617.356526837087,710.538414266811,819.035740954388,1084.37303517239,6383.67691837349,1.0004732711379
"N[22,1]",165.350158673706,0.404207932802261,37.5698587101805,105.444562307403,138.361674836695,160.650370245919,187.733874795847,250.489241572198,8639.11904559545,1.00015818413599
"N[22,2]",480.688030883782,1.40587079419176,125.637945495279,279.628675739316,392.572245422759,464.585742428809,551.904048623675,767.569611737008,7986.39588011872,1.00056010314244
"N[22,3]",229.779208298199,1.01185362826764,63.9616661134853,126.596180381152,185.057351852297,223.423670800923,266.62466033374,372.279101544284,3995.80374320547,1.00013180199599
"N[22,4]",1500.97333577247,4.46064977711469,354.945059389439,915.973842581316,1248.46799785568,1464.12998790227,1714.03430973849,2284.11247430382,6331.78293463701,1.00011283868939
"N[22,5]",389.6256145598,0.81665810340977,74.9680147544902,258.204191804906,337.860401413781,383.931121623596,433.94168167676,554.940507694768,8426.97041341067,1.00008025914711
"N[22,6]",1418.92353845668,4.40756736796774,377.483899926981,822.527618765491,1147.5322168897,1370.00590722986,1635.69432092418,2295.99654206822,7334.98024349558,0.999636763498196
"N[22,7]",480.169314653882,1.04585325991666,96.7937230620894,318.174415301084,412.782135212906,471.216776754303,535.96784173382,697.010909072599,8565.50318259494,1.00036358287159
"N[22,8]",170.615104493566,1.16053152026408,97.8574341873605,53.8103066962996,109.485277401436,151.270636715085,206.779605547834,403.903671153944,7110.06822224621,1.00096176806038
"N[22,9]",316.426927574833,0.74411177953587,66.7620398924114,204.521705292407,270.519617066938,310.646188546702,353.449971438224,461.44352169965,8049.75822753706,0.99979988962741
"N[22,10]",226.67586515916,1.68198209063458,91.6341714173412,57.6731326540533,168.009510659948,220.355051258844,278.07551698793,427.050581592706,2968.05660946983,1.00016943866234
"N[22,11]",1523.61727029324,3.4999078173541,304.521648551784,1005.31659126315,1311.21560641099,1501.23153041991,1706.3972197771,2186.05590593427,7570.47505610732,0.999825587496188
"N[22,12]",627.469938924562,1.44071381337477,130.682599079567,400.473102864984,537.171815566945,618.500228457966,705.799825266797,914.756346189537,8227.73103986942,1.00071834630745
"N[22,13]",183.285781446698,34.3308886110706,2888.95514760632,3.35380211168918,15.75448912798,30.4868346845028,64.5386618264428,566.276976591576,7081.2757928289,0.999989113903303
"N[22,14]",36.6749819682676,0.123966830346361,10.2646706240998,20.1512652084104,29.4784189970339,35.4200702345986,42.4198705780498,60.7340913607544,6856.1299760148,1.00051453892806
"N[22,15]",424.291671045972,0.914965713944086,83.3613365638801,282.507475797511,367.218642312177,417.303057515497,471.507077155161,613.223429516313,8300.79518021353,1.00013274046811
"N[22,16]",1003.17060532228,2.29037562707972,202.774324169861,659.664425357727,863.937165058473,986.1948320051,1121.08015336246,1462.01882191217,7838.13064890444,1.00012674862074
"N[22,17]",9058.60117066558,21.4502189876485,1891.92185316701,5919.19675180429,7765.53321279288,8858.69056437513,10153.3333646134,13285.6781524326,7779.34311274872,0.999880601738536
"N[22,18]",1034.80232375473,4.30672880557287,297.42997843797,581.692308218763,818.474213207119,990.327218944061,1209.43048560458,1730.39684814017,4769.51730639188,1.00039633800787
"N[23,1]",182.998955400633,0.465230679463715,42.5471860225131,115.021991120574,153.383996466794,177.635027103815,207.917043273817,281.763715408979,8363.82604170398,1.00036500915503
"N[23,2]",496.701762091178,1.56031736435988,140.847677362512,268.378468040403,399.254651131279,479.61030890748,575.087392428083,815.380667839984,8148.42168785717,1.00065318652733
"N[23,3]",253.742233085861,0.908921409143654,68.8369933007139,140.76516367205,206.56605079148,246.552529006373,292.63770881205,408.120961499914,5735.76195805883,1.00006077390128
"N[23,4]",1404.96467828738,3.5938873286887,324.600292771466,878.362522031848,1184.13284727672,1365.15984525678,1581.73521560585,2145.13439695541,8157.72196464591,0.999730007474969
"N[23,5]",402.818668880052,1.10465447889034,95.2859389123173,248.189037072522,336.451997362747,390.55056389642,457.061984340082,622.064784320687,7440.54452464697,0.999751582481325
"N[23,6]",1525.28138579321,5.91225258593706,481.989122947667,784.64033395702,1177.47115881833,1458.56052154781,1795.51084107661,2652.91299524121,6646.125156363,0.999746453339976
"N[23,7]",522.129844610499,1.21782647686136,110.869653815403,341.07047201059,445.504160324236,509.754559724356,582.959117272067,773.677286443636,8288.09192413077,1.00004013769568
"N[23,8]",184.737949818085,1.37345900912391,115.313962882559,51.9393470370507,113.169468085878,160.41460130637,225.884958993345,451.979930277473,7049.07919606505,1.00086780154836
"N[23,9]",382.622809858207,1.08066032466827,94.6739060056802,227.685956904888,314.075570290919,371.670719105912,438.326488951438,599.934477502054,7675.06702150173,0.999802132777247
"N[23,10]",288.026905765256,1.17235824056662,95.9034667263433,148.471806307195,222.617615431742,272.025301863672,335.24788916256,522.331060892405,6691.87672258456,0.999787120953957
"N[23,11]",1568.45590874765,3.59384817654713,307.825031630308,1043.28340123075,1358.38371876303,1536.77770042687,1750.1258435758,2250.95512597106,7336.49140496671,0.999588917761447
"N[23,12]",628.691173077069,1.76880372125638,156.799636590344,376.992755306735,519.814659688852,613.127811059317,718.449227572963,986.089703504351,7858.34003560305,0.999992928797457
"N[23,13]",235.336100900669,38.5097110813476,3372.63988566343,3.43925999884309,17.042795743249,34.2950066403202,75.4461135815011,750.307642613601,7670.07168420021,0.999854390200372
"N[23,14]",53.0704339265075,0.194987056740707,15.2027378523212,28.4857307328815,42.5581307632957,51.2537262309683,61.525649358207,88.0964595495191,6078.99863746703,1.00002637480477
"N[23,15]",440.212981542543,1.02385623085996,92.2486841530754,286.548820255078,376.469762578898,431.703939483991,493.025254833861,647.488185387153,8117.87584404024,1.00012665296884
"N[23,16]",1148.98229074425,2.87317063142823,252.890985867319,725.33184527025,973.132837074457,1123.49222775861,1291.66030815349,1722.41864503587,7747.18383914744,1.00022936852367
"N[23,17]",9501.50438408719,28.1405550597525,2460.76799777196,5627.33353650801,7812.96166948512,9162.19650089528,10834.2834445611,15268.9838844193,7646.73467616163,0.999762547211
"N[23,18]",1163.54987625805,5.10163333419683,367.313119811489,633.956581874162,900.276049066832,1098.36381065397,1363.5965000127,2048.78469079187,5183.87354007597,1.00013235955464
"N[24,1]",319.716527141811,0.881482656060425,82.9137019839443,182.612846007014,262.9300567849,312.165131154331,368.361096722414,506.718807055977,8847.59163361295,0.999928646043651
"N[24,2]",750.69398318551,2.13187474541996,184.858877721759,455.53979831982,624.146231537094,728.670860700425,849.515285831707,1173.08471360335,7518.95099720255,1.0004032022148
"N[24,3]",348.71566519782,1.06251995230227,98.2167552011932,205.62051726146,280.650520962598,333.026745166253,398.142038078981,584.372609871722,8544.70308321854,0.999845734911191
"N[24,4]",2035.72281792454,5.75116046939837,526.361232064819,1115.72695611756,1666.7907189556,1996.01180724111,2344.26386545157,3180.81787054421,8376.38863061302,0.999917791681573
"N[24,5]",662.64331189154,1.68144896326502,151.23374916422,404.944588996034,560.870680034922,649.630256753219,748.955189081905,1000.07430870074,8089.65606486544,0.999861150375214
"N[24,6]",2709.41315422806,9.63618891645497,867.456813957746,1312.34561935527,2093.90148030373,2610.50269229306,3233.87221443431,4664.53211362121,8103.73282522086,0.999747958562454
"N[24,7]",846.536530398145,2.38208585583988,218.14632286395,510.334442735576,695.402461019468,816.098273967012,964.088489855549,1356.06395730118,8386.50427685834,1.00000098945011
"N[24,8]",296.98757761563,2.4710369386501,208.235361246837,77.4632526410616,173.104361522604,253.636558757401,362.349994875389,771.063374325954,7101.50645556671,1.000566757921
"N[24,9]",594.820497971555,1.55033512734817,135.901640750444,365.920921008352,501.779310417671,580.955057467402,673.906248663381,903.879965040262,7684.19231149755,0.999804005602496
"N[24,10]",669.381330099772,3.94045561385358,227.484128033988,290.108592453085,503.855559221142,651.7144824781,810.796625061798,1170.44349517872,3332.80052766277,1.00139116365188
"N[24,11]",2436.17880247528,5.5084284759868,485.867176970002,1592.58972656558,2100.92150112173,2400.06967692615,2732.24165399087,3494.22096350271,7780.00171364677,0.999725622880718
"N[24,12]",918.620331151663,2.320619315251,206.119945684343,580.824141229083,778.036505970858,896.088789805387,1030.72405533672,1400.26921413939,7889.18668931022,0.999993712453746
"N[24,13]",470.572329982281,90.5730047553993,7646.81784218456,5.0788864015652,27.4220797881925,54.7264847276042,120.719073435958,1375.63453414041,7127.93840681776,1.00000404011247
"N[24,14]",99.5621565516023,0.523313144758637,32.225093281551,49.3758189147532,76.3803760373596,95.6445218759931,118.188738040962,171.618007464795,3791.9716266563,1.00110735834313
"N[24,15]",679.652534089277,2.04029020880697,174.143220126676,409.138111018815,559.415976801047,653.369713304058,770.177318877769,1083.09527278935,7284.99487943884,1.00000071123866
"N[24,16]",2043.54136879864,5.73119708425423,514.001134770358,1178.43274895205,1688.63564066939,2002.0461920852,2339.71375374562,3202.89281340754,8043.35929833562,1.00021004020579
"N[24,17]",14456.0686760814,43.5484847693492,3742.12121274486,8827.56324143632,11935.4769369265,13916.0111902618,16333.7081099713,23367.4383834313,7383.96457053305,1.0000532129163
"N[24,18]",1593.72091648107,4.74569253480406,422.937140954502,976.834223426658,1303.36888035819,1525.34546150772,1809.08415175734,2594.69607754424,7942.41279409137,0.999955506247997
"N[25,1]",217.989197919017,0.869595681218908,81.987247117229,98.3999322346246,163.19606544599,203.866191859738,256.800741903028,415.826898642147,8889.10140051097,0.999698336435477
"N[25,2]",480.80402972592,1.56420979012273,132.694034070903,278.734794180001,390.735567762095,461.974769452211,550.567724312804,793.12330156179,7196.3585818548,1.00045362368422
"N[25,3]",254.35908739814,0.806969239133084,76.7549251152317,130.952719674477,202.707164446796,245.252681681286,294.477229152491,432.244366276123,9046.87405346045,0.999572825241646
"N[25,4]",1186.45754080967,6.13222197177343,482.148435142545,495.847057947861,833.563193439349,1109.33134787508,1453.10496341954,2295.13166235951,6181.95428735952,0.999829952783143
"N[25,5]",444.080701049466,1.62751660824539,148.997031189855,221.843413087365,340.772287848007,421.155304956893,522.536104468239,795.215725097826,8381.16463780687,1.00025748242846
"N[25,6]",1815.1861765659,8.34176365840398,756.258619875947,722.02404602446,1296.75789748537,1693.10494453876,2193.4132939806,3687.38440653897,8219.11228122027,0.999606693528634
"N[25,7]",631.448243960474,2.24062070053116,204.305017037987,309.240037224935,486.615748373201,607.471224257743,747.123560830611,1091.23640014394,8314.21737889009,0.999981959010559
"N[25,8]",201.028297100588,1.84702886347229,156.782091812243,44.3821929699137,110.218222973278,165.843830837962,245.458840996752,568.23772852048,7205.19177778569,1.00070220180437
"N[25,9]",370.323735031025,1.21686847285483,104.12659417565,218.536937682515,299.466673051761,353.364526245766,421.325520054357,623.115132394258,7322.10661595673,1.0002386275264
"N[25,10]",555.591472275329,5.00425573634065,246.06890730895,182.376041903465,370.084645154481,527.432091617833,707.276343009187,1097.65848380332,2417.87859261509,1.00162143955767
"N[25,11]",1528.09298776498,4.47194955850843,396.922643822521,919.730611844667,1253.53206354199,1464.87706429847,1742.52972229803,2462.18524764678,7878.0359508207,0.999669389851841
"N[25,12]",565.27776677869,1.90450810243339,159.832743516438,328.043316933408,454.420116387344,540.750962726521,646.235404441614,951.112050015399,7043.13250523883,1.00016764668109
"N[25,13]",384.596478871542,107.506497688006,9076.27996643563,2.60938493550776,16.098379358493,35.0632134483078,78.965030881742,1103.9803534129,7127.64957325392,1.00014894070718
"N[25,14]",57.6516450274777,0.214918558732766,19.6979003855278,29.7741935537272,44.7467218056188,54.3259023739428,66.7049222245202,104.686474194712,8400.24658463187,1.00015381845467
"N[25,15]",463.386261515502,2.10220651642837,173.136511576168,211.587768633358,346.089101092199,435.443766634254,549.36043406746,874.619139065838,6783.07423221145,1.00000408537173
"N[25,16]",1429.99907717874,6.47070066457414,542.223556080528,641.874810003669,1055.72340120655,1339.86497764083,1702.0653098021,2745.02920349081,7021.8919478248,1.00037697558099
"N[25,17]",9781.75726986161,41.4397874082604,3485.35767069231,4786.1313025374,7381.68298147626,9245.29702648355,11484.3832516747,18220.5181374246,7073.91223615267,0.999693983315739
"N[25,18]",1052.57475312532,3.36514738276583,292.520759575785,602.788475117485,857.753217433902,1014.53070030914,1206.35734010773,1714.64316994991,7556.23064093212,1.00018752166875
"Omega[1,1]",1,NA,0,1,1,1,1,1,NA,NA
"Omega[1,2]",0.0321186309064642,0.00197819773697929,0.222669480543432,-0.391928987680362,-0.126620985439602,0.030929452766492,0.187444348454614,0.456066350123281,12670.1568291913,0.999634801468672
"Omega[1,3]",-0.0220384162427233,0.00251229753110033,0.214804488005216,-0.429683420968977,-0.169599928680789,-0.0224300162314012,0.127331609762913,0.395783368728461,7310.4575387703,1.00124475454089
"Omega[1,4]",-0.0957043084403664,0.00213987123133096,0.22122843429275,-0.511733529668137,-0.249638902956758,-0.0999082978887599,0.054994699304187,0.344457920936195,10688.2501914343,1.00000428172087
"Omega[1,5]",0.00664797694778438,0.00205556790616541,0.226966100600575,-0.432562775718051,-0.149972991233834,0.00983967695873334,0.165650271624165,0.446436404954197,12191.5334861964,0.999696223803087
"Omega[1,6]",0.0157443339942792,0.00212993232374221,0.230403777919904,-0.430804116560788,-0.144137268321398,0.016349952751013,0.177365730983111,0.468532970194328,11701.6629032218,0.999645019228204
"Omega[1,7]",0.00553291593356591,0.00212136982184456,0.228200491488666,-0.434469704027807,-0.154740778724028,0.0112666657489546,0.162319638969688,0.438002917251773,11571.7855898859,1.00054827313264
"Omega[1,8]",0.043121946907551,0.00194962069981775,0.227056135163808,-0.398813915365241,-0.115636655416035,0.0438615340510527,0.201548142796185,0.474614686018766,13563.3268629473,0.999901339213075
"Omega[1,9]",0.0621474093800871,0.00215830181127845,0.225639716562874,-0.373427586175745,-0.0915138640661833,0.0626925591857583,0.21913205385278,0.502974592833773,10929.6622275686,0.9997681296055
"Omega[1,10]",0.025228187554194,0.00237692580024345,0.222698476042598,-0.409692715634572,-0.129238877296303,0.0284294624196052,0.184169563714888,0.444069345008697,8778.1549127927,0.999896128928701
"Omega[1,11]",0.00369297803050351,0.00206982006265913,0.228882319600281,-0.447137155668553,-0.153977543872439,0.0042542567713162,0.159384041832381,0.441816134147049,12228.1091844793,0.999766718901543
"Omega[1,12]",-0.00896702037355118,0.00207965776433837,0.222675175913407,-0.432150909951986,-0.164704540379508,-0.0131325361964348,0.14798461310659,0.422282598892638,11464.6252811397,0.999601572645018
"Omega[1,13]",0.0353064620419921,0.0024206371891682,0.225669607539656,-0.412902643651014,-0.122607872562987,0.0387011740093562,0.195014166764974,0.461798493684093,8691.34010380402,0.999761036313089
"Omega[1,14]",-0.00848604601148679,0.00233840542101666,0.222816778237221,-0.444225444603164,-0.162577538208332,-0.00752713790643149,0.14612254599103,0.427295140501881,9079.37935999381,0.999777562002152
"Omega[1,15]",-0.0100785942906156,0.00211335301262589,0.223081541326882,-0.440287505515475,-0.16652946417131,-0.0101783944001029,0.146402056832892,0.423038604028315,11142.5137427766,0.999566105318527
"Omega[1,16]",0.0442332154825554,0.00211062429323906,0.223433578764038,-0.397453509200817,-0.109585492369849,0.0463433242977258,0.196855519723796,0.465842762166867,11206.6296107757,0.999669616854594
"Omega[1,17]",-0.0163713480674004,0.00201666794900089,0.227745821944821,-0.459551056308909,-0.175038652028706,-0.0194924191266762,0.145562497460601,0.41176341225799,12753.5780631601,0.999717728543318
"Omega[1,18]",-0.0714700074989784,0.00205114676356266,0.223172850395073,-0.496256944945438,-0.227925852396909,-0.0726779543044631,0.0792160673644455,0.373123473743651,11838.2974657425,0.999947932564347
"Omega[2,1]",0.0321186309064642,0.00197819773697929,0.222669480543432,-0.391928987680362,-0.126620985439602,0.030929452766492,0.187444348454614,0.456066350123281,12670.1568291913,0.999634801468672
"Omega[2,2]",1,1.14148197516825e-18,9.36125327521385e-17,1,1,1,1,1,6725.58204469098,0.999499874937461
"Omega[2,3]",-0.0846608524061873,0.00263861556087456,0.22214961289567,-0.510119047063723,-0.237319208051362,-0.0845775295383593,0.0704457191238583,0.344983754383661,7088.24765697551,0.999621377817709
"Omega[2,4]",0.00247092279593085,0.00230549296525801,0.223700817778281,-0.437570396288509,-0.15298233296477,0.00541547339920392,0.159343922954665,0.436682184095873,9414.72286908428,0.999982075646296
"Omega[2,5]",-0.0107452904037306,0.00211095166469469,0.231783767476054,-0.457330460891629,-0.171288191035014,-0.0114875300377204,0.151883435800229,0.444794313313981,12056.1726052436,0.999641427020465
"Omega[2,6]",0.00469552860984005,0.00222671849499308,0.227844238658386,-0.433646177846793,-0.153945235604128,0.00343889842868427,0.168529911547448,0.439344674046244,10469.9707882461,0.999788769915786
"Omega[2,7]",0.0490824189007196,0.00229057076409023,0.230758569191638,-0.402188102099686,-0.11087403393863,0.0529876896880594,0.210481854270695,0.484286233429788,10149.1167498177,1.00056708311781
"Omega[2,8]",0.0404864438388938,0.00211210096828743,0.229181487171775,-0.412392251503141,-0.119233576541244,0.0428335769610046,0.203103154631627,0.474115429268788,11774.1540903335,0.999616688110611
"Omega[2,9]",-0.00428058416764365,0.00222601696213804,0.229004509538636,-0.447470884240385,-0.16437305354225,-0.0065451052589499,0.158187193020091,0.437763568929505,10583.5442614806,1.0000727523298
"Omega[2,10]",-0.0578515942390625,0.00234228439549965,0.223928219639968,-0.48186333166293,-0.214378885832266,-0.0601978670282225,0.0968885134299231,0.38506394007581,9139.83602416461,1.00027638565772
"Omega[2,11]",0.0146046275801455,0.00207371814731474,0.22963552392505,-0.431830717413171,-0.142476778280002,0.0150488278126137,0.172900685816584,0.453357567101882,12262.4906561892,0.999741699887913
"Omega[2,12]",0.0432282011059501,0.0021418225637897,0.227802815497802,-0.406380952668778,-0.113881971759734,0.0472292834416812,0.202647580709209,0.476372420437138,11312.3073396735,0.999754719621353
"Omega[2,13]",0.00774645891618809,0.00259447704049863,0.227035996426005,-0.433222668221163,-0.152012234008747,0.0061954172626941,0.169194063309044,0.443949893450124,7657.54884935203,1.00075836064649
"Omega[2,14]",-0.0405919015937036,0.00266669807486922,0.221865249372804,-0.462506963708362,-0.196574948330873,-0.0399439220159141,0.113845000223025,0.388495070203185,6921.98850477242,0.999978511125463
"Omega[2,15]",-0.000308814939987764,0.00238817950621312,0.231152238394499,-0.445583988876728,-0.163469865670579,0.00164682766705509,0.164646249695794,0.447849284965342,9368.33198285886,0.999717978306686
"Omega[2,16]",0.0290037846406223,0.00230228851803249,0.226927328406398,-0.420119704285293,-0.126139616979525,0.0300918946666789,0.183812869063302,0.466425318005635,9715.25278871859,0.999771198260274
"Omega[2,17]",-0.0235423399792051,0.00214446994065517,0.227190360932196,-0.457918932960599,-0.182414586518211,-0.0249633092205565,0.132376169107348,0.421743004947064,11223.7989048222,0.999833467757379
"Omega[2,18]",-0.0623475473298285,0.00230433807448905,0.224129837341635,-0.492988169990849,-0.217442637055348,-0.0635088401682879,0.0947623837127802,0.380209719093858,9460.34469295582,0.999976706226223
"Omega[3,1]",-0.0220384162427233,0.00251229753110033,0.214804488005216,-0.429683420968977,-0.169599928680789,-0.0224300162314012,0.127331609762913,0.395783368728461,7310.4575387703,1.00124475454089
"Omega[3,2]",-0.0846608524061873,0.00263861556087456,0.22214961289567,-0.510119047063723,-0.237319208051362,-0.0845775295383593,0.0704457191238583,0.344983754383661,7088.24765697551,0.999621377817709
"Omega[3,3]",1,1.03460318333126e-18,9.08559146083421e-17,1,1,1,1,1,7711.85381475799,0.999499874937461
"Omega[3,4]",0.0807602599761076,0.00215130778299246,0.21765537909576,-0.346476407722666,-0.0670031952975804,0.0833749578239649,0.233315846063706,0.490272918669721,10236.0809692597,0.999963424383419
"Omega[3,5]",-0.0258049067375352,0.00219502813478251,0.223421375427571,-0.456994394379717,-0.182961904327766,-0.0253382860756949,0.12668200325278,0.406348697914517,10360.2267278772,0.99968525076712
"Omega[3,6]",-0.0700722661336078,0.00221179643490787,0.219044296344084,-0.476196262713038,-0.223376469979706,-0.0716944888021104,0.0794962498116441,0.361891716360545,9807.84493439129,0.999619362568454
"Omega[3,7]",-0.0737373112458283,0.00215250955639315,0.219595730133189,-0.491547540078218,-0.227321693527352,-0.0773362005636173,0.0737396942469659,0.367275629795135,10407.7680817595,0.99963304171494
"Omega[3,8]",0.0514986898889694,0.00210479150637163,0.22043690346256,-0.37899136337995,-0.0992328858390723,0.0551961924954638,0.203932817072577,0.473451955525514,10968.5807895065,0.999803117897755
"Omega[3,9]",0.0316321233032275,0.002312059388595,0.222238720462565,-0.403928522806275,-0.121634703237802,0.0335000754101719,0.186275706543591,0.460301020768524,9239.35140479387,0.999899560752293
"Omega[3,10]",0.0620509503760878,0.00209519434789787,0.21040041990134,-0.343126282243521,-0.0856825860960515,0.0588600835383812,0.209688028561598,0.46844400922946,10084.2725917904,0.999999102671287
"Omega[3,11]",-0.00703888087585809,0.00212390645382239,0.225366710445466,-0.441001488831795,-0.16581918901399,-0.00645874786705758,0.148766652157771,0.428883643021527,11259.2318438762,0.999854031376887
"Omega[3,12]",-0.0402460500444411,0.00209268754001732,0.224006369534685,-0.470355144424847,-0.196338420230444,-0.0404186404493847,0.114329726153647,0.398524038204071,11458.0828454169,0.999814482697157
"Omega[3,13]",-0.03140762604226,0.00246156333292651,0.218780136668922,-0.4545673037404,-0.184409565504921,-0.0303573584406044,0.12010888312068,0.382619406192545,7899.39353809737,0.999806488246266
"Omega[3,14]",-0.079174688412629,0.00231492124760477,0.208632970534104,-0.480947117161156,-0.224461063503817,-0.0798698543055369,0.0662044297616105,0.323697032772112,8122.5695924304,0.99978149175451
"Omega[3,15]",-0.080090721898727,0.00211654869399979,0.216114209869439,-0.489242386703178,-0.229948357670185,-0.0799759743839492,0.0674110420487752,0.346953980088534,10425.8174863762,0.999868114209674
"Omega[3,16]",-0.0679034163372986,0.00226463873009008,0.21678386674645,-0.481762204426124,-0.222996446310975,-0.0685711361869786,0.0818928565994631,0.354382991347865,9163.38758089311,0.999651648302463
"Omega[3,17]",0.0581878490505831,0.00215586490956158,0.22103819280208,-0.366866442286813,-0.0969732097160748,0.056588168341682,0.213704320867879,0.480926469988521,10512.1501366585,0.999849539590244
"Omega[3,18]",0.155450936678521,0.00222037307002585,0.213303407440995,-0.27607478917335,0.0118965946175352,0.160330370187784,0.308501859649174,0.544016063698941,9228.76704943229,0.999964418507056
"Omega[4,1]",-0.0957043084403664,0.00213987123133096,0.22122843429275,-0.511733529668137,-0.249638902956758,-0.0999082978887599,0.054994699304187,0.344457920936195,10688.2501914343,1.00000428172087
"Omega[4,2]",0.00247092279593085,0.00230549296525801,0.223700817778281,-0.437570396288509,-0.15298233296477,0.00541547339920392,0.159343922954665,0.436682184095873,9414.72286908428,0.999982075646296
"Omega[4,3]",0.0807602599761076,0.00215130778299246,0.21765537909576,-0.346476407722666,-0.0670031952975804,0.0833749578239649,0.233315846063706,0.490272918669721,10236.0809692597,0.999963424383419
"Omega[4,4]",1,1.0974415712041e-18,9.53818091908534e-17,1,1,1,1,1,7553.84896423675,0.999499874937461
"Omega[4,5]",0.00559953651850752,0.00226744249835645,0.231581185118803,-0.449080282225669,-0.154533306612165,0.00616650762762021,0.165640656214627,0.45520855284068,10431.1929696859,0.999616527569864
"Omega[4,6]",-0.00362563062508244,0.00220550520836034,0.226275741219946,-0.4490910608036,-0.161726349961067,-0.00322725612271555,0.15735496427403,0.430200906404624,10525.913990438,0.999863213359161
"Omega[4,7]",-0.0246982554628874,0.00234449447513398,0.229098282012683,-0.460487307347839,-0.18574146190444,-0.0262287103130836,0.136058303643959,0.418319861377904,9548.72173817663,0.999682830645324
"Omega[4,8]",0.0337825571247394,0.00242233703985098,0.228894709597289,-0.415665153432301,-0.123015106594498,0.0370702344837876,0.193770706007034,0.470830529570561,8928.9906877032,1.00032394115917
"Omega[4,9]",-0.0526432348941417,0.0024414268266142,0.224457534358097,-0.475414368881827,-0.210911853709842,-0.0556787739835311,0.100594716037243,0.392641181703431,8452.4177079146,1.00053413834533
"Omega[4,10]",-0.0498393026449245,0.00257814717049772,0.223312824069579,-0.469063938045927,-0.209407912280195,-0.0518520103960071,0.10505709318112,0.385895722375229,7502.60215996907,0.999796894341046
"Omega[4,11]",0.0434804587263808,0.00246194392857313,0.229703704273888,-0.411318314597644,-0.117445302638242,0.0481320922965726,0.203163018708699,0.478154356033823,8705.21862501049,1.00005139370189
"Omega[4,12]",0.0627865716394547,0.00227033189625089,0.224157764719089,-0.378298061870569,-0.0937182666884924,0.0655768717413629,0.221772805128845,0.487011663690721,9748.29971171526,0.999920298756298
"Omega[4,13]",0.0080889200094838,0.0029769950274016,0.230223652225268,-0.437076763967934,-0.151279419730731,0.00848747865096334,0.168381655651549,0.453803377334968,5980.58489964643,0.99986017571726
"Omega[4,14]",-0.0503195316985304,0.00266501554350978,0.223702795096438,-0.477905512612182,-0.203984020823538,-0.0526986578572689,0.101023823594179,0.390734543913354,7046.0111855119,1.00023464798186
"Omega[4,15]",-0.0236066449044982,0.00234484550369708,0.224171942614701,-0.450849234736494,-0.18443022359622,-0.0245198691824311,0.133309290349775,0.411461142773842,9139.74426073795,0.999691109352577
"Omega[4,16]",-0.0176517469241793,0.00220469263851687,0.222939571666579,-0.45044320215898,-0.173319851498387,-0.0141309729763653,0.135116595022417,0.406049566438218,10225.3509073601,1.00000135265272
"Omega[4,17]",0.0410938713255287,0.00223441573966914,0.226219419267553,-0.399902342108981,-0.115461950385348,0.0426244308113619,0.199776424314233,0.475649714444455,10250.1873272345,0.999930254017262
"Omega[4,18]",0.0518830821763998,0.00229443138864859,0.219583865165237,-0.384685093364452,-0.0991649229953663,0.0517191911836941,0.20791016614034,0.468474407812253,9159.05569807512,0.999897860977542
"Omega[5,1]",0.00664797694778438,0.00205556790616541,0.226966100600575,-0.432562775718051,-0.149972991233834,0.00983967695873334,0.165650271624165,0.446436404954197,12191.5334861964,0.999696223803087
"Omega[5,2]",-0.0107452904037306,0.00211095166469469,0.231783767476054,-0.457330460891629,-0.171288191035014,-0.0114875300377204,0.151883435800229,0.444794313313981,12056.1726052436,0.999641427020465
"Omega[5,3]",-0.0258049067375352,0.00219502813478251,0.223421375427571,-0.456994394379717,-0.182961904327766,-0.0253382860756949,0.12668200325278,0.406348697914517,10360.2267278772,0.99968525076712
"Omega[5,4]",0.00559953651850752,0.00226744249835645,0.231581185118803,-0.449080282225669,-0.154533306612165,0.00616650762762021,0.165640656214627,0.45520855284068,10431.1929696859,0.999616527569864
"Omega[5,5]",1,1.12542934035e-18,8.47302985457774e-17,1,1,1,1,1,5668.14572134467,0.999499874937461
"Omega[5,6]",0.0527717629894345,0.00244518404282014,0.232361617912969,-0.391699259830094,-0.111989712152527,0.056351881674598,0.213336944059846,0.497674684286981,9030.37275926249,0.9998359790694
"Omega[5,7]",0.0135906303381962,0.00243887942790224,0.230672128187278,-0.433181952231354,-0.145092955675258,0.0158993673059562,0.172303123701775,0.462835315051248,8945.60224871211,0.999747527408088
"Omega[5,8]",-0.0340298690246441,0.00243492313720965,0.230374346785172,-0.474897640906841,-0.196005983042644,-0.0351844909968062,0.128668928874492,0.406612628041902,8951.53925850336,0.999878087565866
"Omega[5,9]",-0.0118426399530158,0.00243509841721845,0.23058556210397,-0.456499441888448,-0.171495320788414,-0.0119077961884001,0.153122756867885,0.432987207306464,8966.66996312056,0.999760110921157
"Omega[5,10]",0.0240073928199012,0.0026348792158375,0.228688282771776,-0.421028658257791,-0.137340026106599,0.0244965358752347,0.185786974105788,0.459278963396009,7532.97286916865,1.00021134866909
"Omega[5,11]",0.0148258464149703,0.00252585342997,0.229805239153065,-0.430988066448485,-0.148122791207685,0.0178841851282378,0.176687598944865,0.454461630965214,8277.58329702149,0.999709735917565
"Omega[5,12]",0.00748506403943673,0.00257818807799142,0.232406513383979,-0.440167273517748,-0.152818050949027,0.00524577208950523,0.1721207512683,0.453693179162473,8125.823766262,1.00046799801956
"Omega[5,13]",0.0118060475355934,0.00252437313185478,0.224823686839996,-0.42317842131851,-0.14605399794847,0.0142589419587285,0.170689348854304,0.443091158698098,7931.89639069625,0.999734133842507
"Omega[5,14]",0.0343422472030298,0.00259648459793378,0.223394629685699,-0.408004873817201,-0.119746640869065,0.0373330595061998,0.191882705914048,0.457998592142855,7402.4239755731,1.00000585369353
"Omega[5,15]",0.0456095396623048,0.0025735240179064,0.226660602466381,-0.405876702466809,-0.112206284875711,0.0500505420919461,0.203944931226657,0.479035208395172,7757.03276917353,0.999764576765145
"Omega[5,16]",0.000369521098806145,0.00239611594945026,0.226914842799438,-0.439568155032299,-0.156312791191477,-0.000412936316085724,0.158317434863102,0.43372676600785,8968.30044848063,1.00015536769419
"Omega[5,17]",0.0222703251812491,0.00249256346457716,0.23224906415006,-0.425415290382176,-0.144226271437403,0.0244532114903702,0.185202042360389,0.471961116951853,8681.91431802563,0.999714676687712
"Omega[5,18]",-0.00827116787678687,0.00246315982009345,0.226892309713986,-0.446729384734354,-0.167623763532109,-0.00847967127916612,0.148753776599174,0.426217593940036,8485.04928298837,1.00012711250147
"Omega[6,1]",0.0157443339942792,0.00212993232374221,0.230403777919904,-0.430804116560788,-0.144137268321398,0.016349952751013,0.177365730983111,0.468532970194328,11701.6629032218,0.999645019228204
"Omega[6,2]",0.00469552860984005,0.00222671849499308,0.227844238658386,-0.433646177846793,-0.153945235604128,0.00343889842868427,0.168529911547448,0.439344674046244,10469.9707882461,0.999788769915786
"Omega[6,3]",-0.0700722661336078,0.00221179643490787,0.219044296344084,-0.476196262713038,-0.223376469979706,-0.0716944888021104,0.0794962498116441,0.361891716360545,9807.84493439129,0.999619362568454
"Omega[6,4]",-0.00362563062508244,0.00220550520836034,0.226275741219946,-0.4490910608036,-0.161726349961067,-0.00322725612271555,0.15735496427403,0.430200906404624,10525.913990438,0.999863213359161
"Omega[6,5]",0.0527717629894345,0.00244518404282014,0.232361617912969,-0.391699259830094,-0.111989712152527,0.056351881674598,0.213336944059846,0.497674684286981,9030.37275926249,0.9998359790694
"Omega[6,6]",1,1.28443914647129e-18,9.30346211267048e-17,1,1,1,1,1,5246.40870727275,0.999499874937461
"Omega[6,7]",0.0262404854593653,0.00251959046869353,0.228018376091369,-0.411627159996778,-0.135067096590723,0.0302267992321661,0.184499459127679,0.468383570681006,8189.92233101993,1.00065942067422
"Omega[6,8]",-0.0201472939315706,0.00256917724096033,0.227971280598933,-0.459275808416508,-0.183182178087759,-0.0165349015854534,0.141269469987232,0.416523313214746,7873.57820168458,1.00002021971944
"Omega[6,9]",-0.0222276844145134,0.00264169929955442,0.22868878097253,-0.465120897727061,-0.184915864603111,-0.0220865931321295,0.136333355658357,0.416935634147956,7494.1599286831,0.999991144983778
"Omega[6,10]",-0.00354111084592682,0.00283832062931555,0.231046003150628,-0.463691394680322,-0.163013780185315,-0.00487659892310242,0.158139175669363,0.433325744605278,6626.34452833902,0.999807970928792
"Omega[6,11]",0.0192249021314223,0.00252448696811038,0.227889087089828,-0.423522624578049,-0.139215761960358,0.0188829517409093,0.179315080844601,0.459828402253351,8148.93382492863,0.999949560291868
"Omega[6,12]",-0.00406936475917148,0.00250082848468224,0.231852308224844,-0.45268175287761,-0.16714029405507,-0.00412837387941581,0.157457270327008,0.444124924518993,8595.18112800644,0.999839784677725
"Omega[6,13]",0.000559624832667019,0.00259304643345262,0.227405181143993,-0.446365719897995,-0.15710231746948,0.00171710665139257,0.157967929807485,0.43390738077686,7690.95239554175,1.00005388659791
"Omega[6,14]",0.0410228278092054,0.00273438196263799,0.226472567617798,-0.395120350632077,-0.114161946441853,0.0442829322913002,0.195679856547823,0.478968426123196,6859.82199986921,0.999645479704721
"Omega[6,15]",0.0542534983781527,0.00256474568032225,0.227728663884909,-0.38937633722577,-0.101999250728048,0.0548138125108439,0.215825483249299,0.483080359294127,7884.00302282486,0.999928403544164
"Omega[6,16]",0.0430959345394157,0.00250205217129976,0.22776500110061,-0.404472223711927,-0.115283965225139,0.0479081405810526,0.205664900547493,0.479184630628152,8286.69316133519,1.00012479749823
"Omega[6,17]",0.0282123976740813,0.00256281842050776,0.232168941172842,-0.424972059901414,-0.134001520922049,0.028610502847122,0.187860927617362,0.478377914233011,8206.77577388109,0.999779365548078
"Omega[6,18]",-0.0633924330775732,0.00265187323999043,0.229388701933141,-0.502650026868729,-0.226279133867703,-0.0670522501811686,0.0943186720428895,0.38816383534047,7482.35872904471,0.999805598833421
"Omega[7,1]",0.00553291593356591,0.00212136982184456,0.228200491488666,-0.434469704027807,-0.154740778724028,0.0112666657489546,0.162319638969688,0.438002917251773,11571.7855898859,1.00054827313264
"Omega[7,2]",0.0490824189007196,0.00229057076409023,0.230758569191638,-0.402188102099686,-0.11087403393863,0.0529876896880594,0.210481854270695,0.484286233429788,10149.1167498177,1.00056708311781
"Omega[7,3]",-0.0737373112458283,0.00215250955639315,0.219595730133189,-0.491547540078218,-0.227321693527352,-0.0773362005636173,0.0737396942469659,0.367275629795135,10407.7680817595,0.99963304171494
"Omega[7,4]",-0.0246982554628874,0.00234449447513398,0.229098282012683,-0.460487307347839,-0.18574146190444,-0.0262287103130836,0.136058303643959,0.418319861377904,9548.72173817663,0.999682830645324
"Omega[7,5]",0.0135906303381962,0.00243887942790224,0.230672128187278,-0.433181952231354,-0.145092955675258,0.0158993673059562,0.172303123701775,0.462835315051248,8945.60224871211,0.999747527408088
"Omega[7,6]",0.0262404854593653,0.00251959046869353,0.228018376091369,-0.411627159996778,-0.135067096590723,0.0302267992321661,0.184499459127679,0.468383570681006,8189.92233101993,1.00065942067422
"Omega[7,7]",1,1.36707979498071e-18,8.00354504717798e-17,1,1,1,1,1,3427.49680095863,0.999499874937461
"Omega[7,8]",0.00577151571290099,0.00278044251938474,0.229448667234631,-0.441014822401307,-0.154328974293754,0.00610760093840708,0.168841777859503,0.448638636820864,6809.93922865652,0.999811588299617
"Omega[7,9]",-0.0104706808507018,0.002618038165156,0.228441813890807,-0.452723952224365,-0.173395988399002,-0.00883976426749184,0.151514234003975,0.431228323330235,7613.76123279674,0.999644035567713
"Omega[7,10]",-0.00951535427875571,0.00285783512729776,0.228605733169072,-0.45723822017092,-0.169171526832561,-0.0136283372105786,0.149949817985038,0.428027252152508,6398.82002748129,0.999579598983913
"Omega[7,11]",0.0106405382588408,0.0027518568638584,0.230662930062891,-0.433045023708691,-0.151015306165312,0.00814207069250983,0.175871209464606,0.461140450739006,7025.93176686957,0.999866184423735
"Omega[7,12]",0.00781245186566398,0.00274818297573675,0.228240536909979,-0.442122069691595,-0.153249098990068,0.0112872558792874,0.168093252309845,0.440792453502823,6897.540682243,1.00084821567918
"Omega[7,13]",-0.0372274563930125,0.00276046126532132,0.226624390209319,-0.468805596812432,-0.197890384293301,-0.0402964688806011,0.120090944870362,0.409404530348084,6739.84613414748,1.00004289660195
"Omega[7,14]",-0.01284306370718,0.00297995019386219,0.2259557618387,-0.442482147824822,-0.170131810627898,-0.0142226889208843,0.141551570267976,0.430330076673721,5749.48346885931,1.00017860393463
"Omega[7,15]",0.0101699735357901,0.00259483388799815,0.227725145854278,-0.424761333503899,-0.15065193470358,0.00940586078761222,0.170321601584431,0.451232794709613,7701.98831901154,0.999856026419798
"Omega[7,16]",0.0407067305357038,0.00262674368768918,0.226482909822702,-0.398831937774604,-0.116929362539632,0.0449266093298013,0.197459567489089,0.468654182045268,7434.22117713443,0.99986956068615
"Omega[7,17]",-0.00282555673551491,0.00261072987992118,0.230417732504223,-0.444440947849574,-0.164426435983856,-0.00425088809697757,0.159475293421941,0.447089607905584,7789.47015315509,0.999675522176599
"Omega[7,18]",-0.045367638941024,0.00264479247037153,0.22301558936343,-0.482619362911124,-0.199709890321182,-0.0437652145457376,0.107454194818124,0.386818239044325,7110.28887027312,1.00001885482019
"Omega[8,1]",0.043121946907551,0.00194962069981775,0.227056135163808,-0.398813915365241,-0.115636655416035,0.0438615340510527,0.201548142796185,0.474614686018766,13563.3268629473,0.999901339213075
"Omega[8,2]",0.0404864438388938,0.00211210096828743,0.229181487171775,-0.412392251503141,-0.119233576541244,0.0428335769610046,0.203103154631627,0.474115429268788,11774.1540903335,0.999616688110611
"Omega[8,3]",0.0514986898889694,0.00210479150637163,0.22043690346256,-0.37899136337995,-0.0992328858390723,0.0551961924954638,0.203932817072577,0.473451955525514,10968.5807895065,0.999803117897755
"Omega[8,4]",0.0337825571247394,0.00242233703985098,0.228894709597289,-0.415665153432301,-0.123015106594498,0.0370702344837876,0.193770706007034,0.470830529570561,8928.9906877032,1.00032394115917
"Omega[8,5]",-0.0340298690246441,0.00243492313720965,0.230374346785172,-0.474897640906841,-0.196005983042644,-0.0351844909968062,0.128668928874492,0.406612628041902,8951.53925850336,0.999878087565866
"Omega[8,6]",-0.0201472939315706,0.00256917724096033,0.227971280598933,-0.459275808416508,-0.183182178087759,-0.0165349015854534,0.141269469987232,0.416523313214746,7873.57820168458,1.00002021971944
"Omega[8,7]",0.00577151571290099,0.00278044251938474,0.229448667234631,-0.441014822401307,-0.154328974293754,0.00610760093840708,0.168841777859503,0.448638636820864,6809.93922865652,0.999811588299617
"Omega[8,8]",1,1.55403100396655e-18,9.48146822197895e-17,1,1,1,1,1,3722.47534155076,0.999499874937461
"Omega[8,9]",0.00823424006715078,0.00276664410632899,0.227688914882951,-0.443547745343913,-0.147829212141128,0.012735382609633,0.16398369477989,0.442869305703922,6772.93928065118,1.00002526804392
"Omega[8,10]",-0.00278682356410959,0.00268675619272317,0.223564890174347,-0.439885701013933,-0.158459096004202,0.00160905559328015,0.152362021940086,0.429959439551184,6923.89836290534,0.999942409731099
"Omega[8,11]",0.0173558330369235,0.002666546314789,0.226516961181691,-0.431707505464797,-0.140891428778576,0.019218925254779,0.174274041052491,0.457117351621495,7216.11076664437,1.00020652383219
"Omega[8,12]",0.0321597650661456,0.0027124356336524,0.229454685901572,-0.414774283796127,-0.126864458945096,0.030920805868872,0.192928912342878,0.474390162563509,7156.0765922676,0.999857559181014
"Omega[8,13]",-0.00269290688848249,0.0028367788318471,0.222720611790426,-0.429790011853293,-0.156671812231357,-0.00532374132049726,0.154404515860417,0.431059917448325,6164.1027115754,1.00007024689606
"Omega[8,14]",-0.0694255703412995,0.00283263740109991,0.220876921766219,-0.492939999141364,-0.223827011345798,-0.0729844661236507,0.082003506178507,0.363254719972106,6080.21185887376,0.999627393910501
"Omega[8,15]",-0.0623201220155737,0.00268489738377338,0.223828537096577,-0.493697179134801,-0.21652363382207,-0.0659725203402863,0.0953307703288678,0.374720411181577,6949.85156591984,0.99995645808575
"Omega[8,16]",-0.00586320655548198,0.00261851390146132,0.222888661414888,-0.440289436610114,-0.159776745141134,-0.00440876824259204,0.146853237588883,0.423108111926692,7245.46368864194,1.00013235086607
"Omega[8,17]",-0.000791857963868579,0.00276512306972288,0.225730467828112,-0.437738603072891,-0.157171431033456,-0.00209216175275054,0.157602058078269,0.428495437022191,6664.25232451009,1.00008573556988
"Omega[8,18]",-0.0327128948114791,0.00282981420773292,0.227096537353482,-0.459043220771234,-0.197129368109522,-0.0339014275984426,0.124128126135204,0.405777943292825,6440.2863763103,1.00035468201806
"Omega[9,1]",0.0621474093800871,0.00215830181127845,0.225639716562874,-0.373427586175745,-0.0915138640661833,0.0626925591857583,0.21913205385278,0.502974592833773,10929.6622275686,0.9997681296055
"Omega[9,2]",-0.00428058416764365,0.00222601696213804,0.229004509538636,-0.447470884240385,-0.16437305354225,-0.0065451052589499,0.158187193020091,0.437763568929505,10583.5442614806,1.0000727523298
"Omega[9,3]",0.0316321233032275,0.002312059388595,0.222238720462565,-0.403928522806275,-0.121634703237802,0.0335000754101719,0.186275706543591,0.460301020768524,9239.35140479387,0.999899560752293
"Omega[9,4]",-0.0526432348941417,0.0024414268266142,0.224457534358097,-0.475414368881827,-0.210911853709842,-0.0556787739835311,0.100594716037243,0.392641181703431,8452.4177079146,1.00053413834533
"Omega[9,5]",-0.0118426399530158,0.00243509841721845,0.23058556210397,-0.456499441888448,-0.171495320788414,-0.0119077961884001,0.153122756867885,0.432987207306464,8966.66996312056,0.999760110921157
"Omega[9,6]",-0.0222276844145134,0.00264169929955442,0.22868878097253,-0.465120897727061,-0.184915864603111,-0.0220865931321295,0.136333355658357,0.416935634147956,7494.1599286831,0.999991144983778
"Omega[9,7]",-0.0104706808507018,0.002618038165156,0.228441813890807,-0.452723952224365,-0.173395988399002,-0.00883976426749184,0.151514234003975,0.431228323330235,7613.76123279674,0.999644035567713
"Omega[9,8]",0.00823424006715078,0.00276664410632899,0.227688914882951,-0.443547745343913,-0.147829212141128,0.012735382609633,0.16398369477989,0.442869305703922,6772.93928065118,1.00002526804392
"Omega[9,9]",1,2.91206171559216e-18,8.16272610090637e-17,1,1,1,1,1,785.722696731907,0.999499874937461
"Omega[9,10]",0.0209345978948046,0.00275845475844341,0.223911386718082,-0.418164470444513,-0.137590709258038,0.0249411652690324,0.176408482084779,0.448224957730084,6589.01700368971,0.999956638081698
"Omega[9,11]",-0.00895034912784926,0.00292402675783371,0.227526963945869,-0.443102180203157,-0.170385691743664,-0.012040478458268,0.150888306886029,0.432971232389,6054.84539677099,0.999914476886318
"Omega[9,12]",-0.0143190032854353,0.00275813898528072,0.231757024914352,-0.464495589730736,-0.173493037992142,-0.01029136769384,0.146848957427968,0.435558704997505,7060.46851158503,0.999976582950927
"Omega[9,13]",0.0609185572844118,0.00295461190587863,0.226783008905519,-0.382028659412397,-0.0964849654675934,0.0638896184613089,0.221665006475797,0.494095389343798,5891.42209512874,0.999925798037814
"Omega[9,14]",0.115839292869347,0.00310130177658965,0.227775433200609,-0.341979866823302,-0.0431353690710048,0.124269919295534,0.279868412618358,0.537760499565655,5394.18338131283,1.00044407990624
"Omega[9,15]",-0.0537991514287781,0.00270865639303214,0.220823679715235,-0.469696331466921,-0.207589249717296,-0.0561099985356247,0.100244106078757,0.384196376969638,6646.35375296434,0.99966602836183
"Omega[9,16]",-0.00988398938734188,0.00297595159100142,0.229145867057796,-0.461328723296652,-0.166306372937275,-0.0101159137269534,0.148968756432068,0.432851513959708,5928.87552309283,1.00046580991
"Omega[9,17]",-0.024591980636463,0.00275113685544666,0.232491907299477,-0.47220742092879,-0.189577313429627,-0.0236191593310877,0.136156170749714,0.427614949836853,7141.53042605672,0.999592498045336
"Omega[9,18]",0.0373815936711706,0.00293076528384518,0.220851336577506,-0.391215834811734,-0.116338754791746,0.0379375079208069,0.191471075829568,0.461105514738974,5678.55696560472,1.00030091706614
"Omega[10,1]",0.025228187554194,0.00237692580024345,0.222698476042598,-0.409692715634572,-0.129238877296303,0.0284294624196052,0.184169563714888,0.444069345008697,8778.1549127927,0.999896128928701
"Omega[10,2]",-0.0578515942390625,0.00234228439549965,0.223928219639968,-0.48186333166293,-0.214378885832266,-0.0601978670282225,0.0968885134299231,0.38506394007581,9139.83602416461,1.00027638565772
"Omega[10,3]",0.0620509503760878,0.00209519434789787,0.21040041990134,-0.343126282243521,-0.0856825860960515,0.0588600835383812,0.209688028561598,0.46844400922946,10084.2725917904,0.999999102671287
"Omega[10,4]",-0.0498393026449245,0.00257814717049772,0.223312824069579,-0.469063938045927,-0.209407912280195,-0.0518520103960071,0.10505709318112,0.385895722375229,7502.60215996907,0.999796894341046
"Omega[10,5]",0.0240073928199012,0.0026348792158375,0.228688282771776,-0.421028658257791,-0.137340026106599,0.0244965358752347,0.185786974105788,0.459278963396009,7532.97286916865,1.00021134866909
"Omega[10,6]",-0.00354111084592682,0.00283832062931555,0.231046003150628,-0.463691394680322,-0.163013780185315,-0.00487659892310242,0.158139175669363,0.433325744605278,6626.34452833902,0.999807970928792
"Omega[10,7]",-0.00951535427875571,0.00285783512729776,0.228605733169072,-0.45723822017092,-0.169171526832561,-0.0136283372105786,0.149949817985038,0.428027252152508,6398.82002748129,0.999579598983913
"Omega[10,8]",-0.00278682356410959,0.00268675619272317,0.223564890174347,-0.439885701013933,-0.158459096004202,0.00160905559328015,0.152362021940086,0.429959439551184,6923.89836290534,0.999942409731099
"Omega[10,9]",0.0209345978948046,0.00275845475844341,0.223911386718082,-0.418164470444513,-0.137590709258038,0.0249411652690324,0.176408482084779,0.448224957730084,6589.01700368971,0.999956638081698
"Omega[10,10]",1,1.37821025277758e-18,8.94285234793534e-17,1,1,1,1,1,4210.3787769921,0.999499874937461
"Omega[10,11]",-0.019751206772637,0.00256382957757034,0.223196016129436,-0.45185905389641,-0.174967375955556,-0.0231768653728145,0.135837921796331,0.412392493005617,7578.69745412149,1.00024121662304
"Omega[10,12]",-0.0118921057626416,0.00267722831252244,0.223642997012841,-0.444064248044602,-0.166324590474356,-0.00918852622890804,0.143068165141952,0.419417764621724,6978.14177546049,1.00060039715308
"Omega[10,13]",-0.015435267213536,0.00272740130995892,0.218606097029166,-0.43287971083363,-0.170549341142921,-0.0165589429332845,0.134977631867397,0.410355724120107,6424.30943947614,0.99989004025952
"Omega[10,14]",0.0394796436361682,0.00248160994263568,0.213556838685693,-0.381048066455596,-0.107790305313418,0.0447298592383401,0.191469062550641,0.445587722503784,7405.59445674293,1.0004974106595
"Omega[10,15]",-0.0608813962333394,0.00258532292448362,0.218302225770478,-0.475719637163612,-0.214533142122387,-0.0631959085844477,0.0898858570645039,0.370285851812358,7129.9540848864,0.999993585391959
"Omega[10,16]",-0.0614992293638568,0.00254234587991219,0.220264312776348,-0.482661919241938,-0.213909546711742,-0.062868565719199,0.091432927337943,0.374626322392722,7506.18055929816,1.00000496041978
"Omega[10,17]",-0.00736892539108713,0.00278036922786765,0.229041206728089,-0.448279003307559,-0.168404498930581,-0.00682458495242392,0.153408009614932,0.436191545778244,6786.13194929201,1.00001566919906
"Omega[10,18]",0.016453523433412,0.00289585834614114,0.222232075540217,-0.412522937280426,-0.137018939826291,0.0187442196184786,0.168240697604578,0.443302310380589,5889.23462219465,1.00021319631539
"Omega[11,1]",0.00369297803050351,0.00206982006265913,0.228882319600281,-0.447137155668553,-0.153977543872439,0.0042542567713162,0.159384041832381,0.441816134147049,12228.1091844793,0.999766718901543
"Omega[11,2]",0.0146046275801455,0.00207371814731474,0.22963552392505,-0.431830717413171,-0.142476778280002,0.0150488278126137,0.172900685816584,0.453357567101882,12262.4906561892,0.999741699887913
"Omega[11,3]",-0.00703888087585809,0.00212390645382239,0.225366710445466,-0.441001488831795,-0.16581918901399,-0.00645874786705758,0.148766652157771,0.428883643021527,11259.2318438762,0.999854031376887
"Omega[11,4]",0.0434804587263808,0.00246194392857313,0.229703704273888,-0.411318314597644,-0.117445302638242,0.0481320922965726,0.203163018708699,0.478154356033823,8705.21862501049,1.00005139370189
"Omega[11,5]",0.0148258464149703,0.00252585342997,0.229805239153065,-0.430988066448485,-0.148122791207685,0.0178841851282378,0.176687598944865,0.454461630965214,8277.58329702149,0.999709735917565
"Omega[11,6]",0.0192249021314223,0.00252448696811038,0.227889087089828,-0.423522624578049,-0.139215761960358,0.0188829517409093,0.179315080844601,0.459828402253351,8148.93382492863,0.999949560291868
"Omega[11,7]",0.0106405382588408,0.0027518568638584,0.230662930062891,-0.433045023708691,-0.151015306165312,0.00814207069250983,0.175871209464606,0.461140450739006,7025.93176686957,0.999866184423735
"Omega[11,8]",0.0173558330369235,0.002666546314789,0.226516961181691,-0.431707505464797,-0.140891428778576,0.019218925254779,0.174274041052491,0.457117351621495,7216.11076664437,1.00020652383219
"Omega[11,9]",-0.00895034912784926,0.00292402675783371,0.227526963945869,-0.443102180203157,-0.170385691743664,-0.012040478458268,0.150888306886029,0.432971232389,6054.84539677099,0.999914476886318
"Omega[11,10]",-0.019751206772637,0.00256382957757034,0.223196016129436,-0.45185905389641,-0.174967375955556,-0.0231768653728145,0.135837921796331,0.412392493005617,7578.69745412149,1.00024121662304
"Omega[11,11]",1,1.11737641431709e-18,8.68320370004102e-17,1,1,1,1,1,6038.94366976459,0.999499874937461
"Omega[11,12]",0.0460665450795681,0.00312664264407184,0.233801635598251,-0.419500202288269,-0.113625359849907,0.049520597022663,0.21010138391118,0.48948995081248,5591.63218805458,1.00027098239592
"Omega[11,13]",-0.0266638089470036,0.0030918009234548,0.228129788868366,-0.467269632294418,-0.185552654294739,-0.0266338733211621,0.130576325249671,0.414072493436189,5444.28625600373,0.999829773894809
"Omega[11,14]",-0.0258800228943848,0.00297074421563739,0.22758495184377,-0.455167612822328,-0.188236342640603,-0.028484860030944,0.130247427896544,0.420611754129886,5868.89804493281,1.00022753173281
"Omega[11,15]",0.00364503338293544,0.00291210832170356,0.224508518310601,-0.441177665610812,-0.154798302396742,0.00391435083668247,0.161867378850898,0.434127083340497,5943.6139938498,1.00051300445795
"Omega[11,16]",0.0251119652745754,0.00303035382630068,0.230401239930659,-0.421625634181941,-0.135605529414129,0.0288645356435027,0.193329160197257,0.458890589296895,5780.73344249156,1.00067826072413
"Omega[11,17]",0.0106412911250549,0.00302515004820329,0.233073800022427,-0.433567152973444,-0.155702944263798,0.0113094254875165,0.174509950588012,0.471079232371633,5935.98879664545,1.00024200743204
"Omega[11,18]",-0.0199194409380365,0.00290545646049166,0.22643938206677,-0.456352992992494,-0.177179926626395,-0.0212414182653149,0.134632578633856,0.42579544459852,6074.00546951288,0.999769977647515
"Omega[12,1]",-0.00896702037355118,0.00207965776433837,0.222675175913407,-0.432150909951986,-0.164704540379508,-0.0131325361964348,0.14798461310659,0.422282598892638,11464.6252811397,0.999601572645018
"Omega[12,2]",0.0432282011059501,0.0021418225637897,0.227802815497802,-0.406380952668778,-0.113881971759734,0.0472292834416812,0.202647580709209,0.476372420437138,11312.3073396735,0.999754719621353
"Omega[12,3]",-0.0402460500444411,0.00209268754001732,0.224006369534685,-0.470355144424847,-0.196338420230444,-0.0404186404493847,0.114329726153647,0.398524038204071,11458.0828454169,0.999814482697157
"Omega[12,4]",0.0627865716394547,0.00227033189625089,0.224157764719089,-0.378298061870569,-0.0937182666884924,0.0655768717413629,0.221772805128845,0.487011663690721,9748.29971171526,0.999920298756298
"Omega[12,5]",0.00748506403943673,0.00257818807799142,0.232406513383979,-0.440167273517748,-0.152818050949027,0.00524577208950523,0.1721207512683,0.453693179162473,8125.823766262,1.00046799801956
"Omega[12,6]",-0.00406936475917148,0.00250082848468224,0.231852308224844,-0.45268175287761,-0.16714029405507,-0.00412837387941581,0.157457270327008,0.444124924518993,8595.18112800644,0.999839784677725
"Omega[12,7]",0.00781245186566398,0.00274818297573675,0.228240536909979,-0.442122069691595,-0.153249098990068,0.0112872558792874,0.168093252309845,0.440792453502823,6897.540682243,1.00084821567918
"Omega[12,8]",0.0321597650661456,0.0027124356336524,0.229454685901572,-0.414774283796127,-0.126864458945096,0.030920805868872,0.192928912342878,0.474390162563509,7156.0765922676,0.999857559181014
"Omega[12,9]",-0.0143190032854353,0.00275813898528072,0.231757024914352,-0.464495589730736,-0.173493037992142,-0.01029136769384,0.146848957427968,0.435558704997505,7060.46851158503,0.999976582950927
"Omega[12,10]",-0.0118921057626416,0.00267722831252244,0.223642997012841,-0.444064248044602,-0.166324590474356,-0.00918852622890804,0.143068165141952,0.419417764621724,6978.14177546049,1.00060039715308
"Omega[12,11]",0.0460665450795681,0.00312664264407184,0.233801635598251,-0.419500202288269,-0.113625359849907,0.049520597022663,0.21010138391118,0.48948995081248,5591.63218805458,1.00027098239592
"Omega[12,12]",1,5.49544607212601e-18,9.25530464489408e-17,1,1,1,1,1,283.645263651834,0.999499874937461
"Omega[12,13]",0.0273527451616394,0.00303372663951468,0.225728454052977,-0.41558256641481,-0.127135842822222,0.0296278521229643,0.182998729058799,0.463112406737082,5536.30138405594,1.0003278885021
"Omega[12,14]",-0.0172415478416562,0.00284530309711025,0.224388056159835,-0.447041275624856,-0.173701384755098,-0.0150728380659941,0.139787729981328,0.421970995815239,6219.31279044787,0.99965285902478
"Omega[12,15]",-0.00892407585058747,0.00304456828381597,0.226916196357063,-0.448046518907536,-0.166577892612435,-0.0103537798535345,0.148657316308787,0.432191227751614,5554.94230430379,1.00052726923797
"Omega[12,16]",-0.0107830997686811,0.00296034023033987,0.229215709976938,-0.446677652589566,-0.17098651027064,-0.0105999204529276,0.146507274750811,0.444244793857337,5995.22526041808,0.99997782460801
"Omega[12,17]",-0.0124463967635913,0.00328510526002848,0.232270907590316,-0.457562515991642,-0.175299960798905,-0.0111712621391634,0.145450096748707,0.445732544751522,4999.09114062903,1.00065724694176
"Omega[12,18]",-0.0116715999779596,0.00297379524694693,0.226884664671845,-0.453631153850872,-0.172241305180381,-0.0126601124436317,0.144887241962061,0.423520402763232,5820.87347158305,1.00019417284864
"Omega[13,1]",0.0353064620419921,0.0024206371891682,0.225669607539656,-0.412902643651014,-0.122607872562987,0.0387011740093562,0.195014166764974,0.461798493684093,8691.34010380402,0.999761036313089
"Omega[13,2]",0.00774645891618809,0.00259447704049863,0.227035996426005,-0.433222668221163,-0.152012234008747,0.0061954172626941,0.169194063309044,0.443949893450124,7657.54884935203,1.00075836064649
"Omega[13,3]",-0.03140762604226,0.00246156333292651,0.218780136668922,-0.4545673037404,-0.184409565504921,-0.0303573584406044,0.12010888312068,0.382619406192545,7899.39353809737,0.999806488246266
"Omega[13,4]",0.0080889200094838,0.0029769950274016,0.230223652225268,-0.437076763967934,-0.151279419730731,0.00848747865096334,0.168381655651549,0.453803377334968,5980.58489964643,0.99986017571726
"Omega[13,5]",0.0118060475355934,0.00252437313185478,0.224823686839996,-0.42317842131851,-0.14605399794847,0.0142589419587285,0.170689348854304,0.443091158698098,7931.89639069625,0.999734133842507
"Omega[13,6]",0.000559624832667019,0.00259304643345262,0.227405181143993,-0.446365719897995,-0.15710231746948,0.00171710665139257,0.157967929807485,0.43390738077686,7690.95239554175,1.00005388659791
"Omega[13,7]",-0.0372274563930125,0.00276046126532132,0.226624390209319,-0.468805596812432,-0.197890384293301,-0.0402964688806011,0.120090944870362,0.409404530348084,6739.84613414748,1.00004289660195
"Omega[13,8]",-0.00269290688848249,0.0028367788318471,0.222720611790426,-0.429790011853293,-0.156671812231357,-0.00532374132049726,0.154404515860417,0.431059917448325,6164.1027115754,1.00007024689606
"Omega[13,9]",0.0609185572844118,0.00295461190587863,0.226783008905519,-0.382028659412397,-0.0964849654675934,0.0638896184613089,0.221665006475797,0.494095389343798,5891.42209512874,0.999925798037814
"Omega[13,10]",-0.015435267213536,0.00272740130995892,0.218606097029166,-0.43287971083363,-0.170549341142921,-0.0165589429332845,0.134977631867397,0.410355724120107,6424.30943947614,0.99989004025952
"Omega[13,11]",-0.0266638089470036,0.0030918009234548,0.228129788868366,-0.467269632294418,-0.185552654294739,-0.0266338733211621,0.130576325249671,0.414072493436189,5444.28625600373,0.999829773894809
"Omega[13,12]",0.0273527451616394,0.00303372663951468,0.225728454052977,-0.41558256641481,-0.127135842822222,0.0296278521229643,0.182998729058799,0.463112406737082,5536.30138405594,1.0003278885021
"Omega[13,13]",1,1.32289454823839e-18,9.39329697954923e-17,1,1,1,1,1,5041.80045507376,0.999499874937461
"Omega[13,14]",0.127265838642685,0.00286202229968813,0.212586324990182,-0.299286761447943,-0.0174175353798536,0.131723558983486,0.276459902176749,0.528974453797755,5517.27488294296,0.999881372686842
"Omega[13,15]",-0.0326839010633094,0.00282970424757902,0.220557709918592,-0.448913469295657,-0.191134375379798,-0.0323815247671657,0.122976862771563,0.397345789156901,6075.22538045598,0.99977060528721
"Omega[13,16]",0.0122281142613836,0.00276295178530248,0.221584516507684,-0.422042564796809,-0.144405961643887,0.0127569413870494,0.166864615513085,0.424978568043211,6431.79520817641,0.999655213719942
"Omega[13,17]",-0.0885699706064153,0.00308816629755453,0.22670632308065,-0.519297922280587,-0.244138403076187,-0.0906079555062522,0.0670439993020713,0.368402752262334,5389.21994523369,1.00038942508684
"Omega[13,18]",-0.0023483971872429,0.00280057371700027,0.226024411036078,-0.440475825772824,-0.15773205492468,-0.00381481292371637,0.152994122606556,0.437103118691753,6513.53385965163,1.00028969225175
"Omega[14,1]",-0.00848604601148679,0.00233840542101666,0.222816778237221,-0.444225444603164,-0.162577538208332,-0.00752713790643149,0.14612254599103,0.427295140501881,9079.37935999381,0.999777562002152
"Omega[14,2]",-0.0405919015937036,0.00266669807486922,0.221865249372804,-0.462506963708362,-0.196574948330873,-0.0399439220159141,0.113845000223025,0.388495070203185,6921.98850477242,0.999978511125463
"Omega[14,3]",-0.079174688412629,0.00231492124760477,0.208632970534104,-0.480947117161156,-0.224461063503817,-0.0798698543055369,0.0662044297616105,0.323697032772112,8122.5695924304,0.99978149175451
"Omega[14,4]",-0.0503195316985304,0.00266501554350978,0.223702795096438,-0.477905512612182,-0.203984020823538,-0.0526986578572689,0.101023823594179,0.390734543913354,7046.0111855119,1.00023464798186
"Omega[14,5]",0.0343422472030298,0.00259648459793378,0.223394629685699,-0.408004873817201,-0.119746640869065,0.0373330595061998,0.191882705914048,0.457998592142855,7402.4239755731,1.00000585369353
"Omega[14,6]",0.0410228278092054,0.00273438196263799,0.226472567617798,-0.395120350632077,-0.114161946441853,0.0442829322913002,0.195679856547823,0.478968426123196,6859.82199986921,0.999645479704721
"Omega[14,7]",-0.01284306370718,0.00297995019386219,0.2259557618387,-0.442482147824822,-0.170131810627898,-0.0142226889208843,0.141551570267976,0.430330076673721,5749.48346885931,1.00017860393463
"Omega[14,8]",-0.0694255703412995,0.00283263740109991,0.220876921766219,-0.492939999141364,-0.223827011345798,-0.0729844661236507,0.082003506178507,0.363254719972106,6080.21185887376,0.999627393910501
"Omega[14,9]",0.115839292869347,0.00310130177658965,0.227775433200609,-0.341979866823302,-0.0431353690710048,0.124269919295534,0.279868412618358,0.537760499565655,5394.18338131283,1.00044407990624
"Omega[14,10]",0.0394796436361682,0.00248160994263568,0.213556838685693,-0.381048066455596,-0.107790305313418,0.0447298592383401,0.191469062550641,0.445587722503784,7405.59445674293,1.0004974106595
"Omega[14,11]",-0.0258800228943848,0.00297074421563739,0.22758495184377,-0.455167612822328,-0.188236342640603,-0.028484860030944,0.130247427896544,0.420611754129886,5868.89804493281,1.00022753173281
"Omega[14,12]",-0.0172415478416562,0.00284530309711025,0.224388056159835,-0.447041275624856,-0.173701384755098,-0.0150728380659941,0.139787729981328,0.421970995815239,6219.31279044787,0.99965285902478
"Omega[14,13]",0.127265838642685,0.00286202229968813,0.212586324990182,-0.299286761447943,-0.0174175353798536,0.131723558983486,0.276459902176749,0.528974453797755,5517.27488294296,0.999881372686842
"Omega[14,14]",1,1.81242363997902e-18,9.57285213358138e-17,1,1,1,1,1,2789.7370160831,0.999499874937461
"Omega[14,15]",-0.0214299494578545,0.00281354680452213,0.218569369525974,-0.441389334764682,-0.174671688009514,-0.0205331741163479,0.130517319731383,0.402503152551141,6034.90323082783,0.999862297885065
"Omega[14,16]",0.006722928002919,0.00280792807014627,0.219479530329018,-0.415063093860494,-0.142347058945175,0.00866915736509041,0.159531298127634,0.430264926724197,6109.64656369467,0.999729842890618
"Omega[14,17]",-0.037755402794079,0.00286243994407847,0.225823050550253,-0.466143969483069,-0.198337619495163,-0.0384627378657404,0.115970464641274,0.410352349864,6223.91671192923,1.00038697083479
"Omega[14,18]",0.06293174974042,0.00282237967490446,0.214287151790138,-0.353953296087299,-0.0872257454228996,0.0638195306263422,0.214695471941725,0.468070890531141,5764.49667477717,0.999738988141015
"Omega[15,1]",-0.0100785942906156,0.00211335301262589,0.223081541326882,-0.440287505515475,-0.16652946417131,-0.0101783944001029,0.146402056832892,0.423038604028315,11142.5137427766,0.999566105318527
"Omega[15,2]",-0.000308814939987764,0.00238817950621312,0.231152238394499,-0.445583988876728,-0.163469865670579,0.00164682766705509,0.164646249695794,0.447849284965342,9368.33198285886,0.999717978306686
"Omega[15,3]",-0.080090721898727,0.00211654869399979,0.216114209869439,-0.489242386703178,-0.229948357670185,-0.0799759743839492,0.0674110420487752,0.346953980088534,10425.8174863762,0.999868114209674
"Omega[15,4]",-0.0236066449044982,0.00234484550369708,0.224171942614701,-0.450849234736494,-0.18443022359622,-0.0245198691824311,0.133309290349775,0.411461142773842,9139.74426073795,0.999691109352577
"Omega[15,5]",0.0456095396623048,0.0025735240179064,0.226660602466381,-0.405876702466809,-0.112206284875711,0.0500505420919461,0.203944931226657,0.479035208395172,7757.03276917353,0.999764576765145
"Omega[15,6]",0.0542534983781527,0.00256474568032225,0.227728663884909,-0.38937633722577,-0.101999250728048,0.0548138125108439,0.215825483249299,0.483080359294127,7884.00302282486,0.999928403544164
"Omega[15,7]",0.0101699735357901,0.00259483388799815,0.227725145854278,-0.424761333503899,-0.15065193470358,0.00940586078761222,0.170321601584431,0.451232794709613,7701.98831901154,0.999856026419798
"Omega[15,8]",-0.0623201220155737,0.00268489738377338,0.223828537096577,-0.493697179134801,-0.21652363382207,-0.0659725203402863,0.0953307703288678,0.374720411181577,6949.85156591984,0.99995645808575
"Omega[15,9]",-0.0537991514287781,0.00270865639303214,0.220823679715235,-0.469696331466921,-0.207589249717296,-0.0561099985356247,0.100244106078757,0.384196376969638,6646.35375296434,0.99966602836183
"Omega[15,10]",-0.0608813962333394,0.00258532292448362,0.218302225770478,-0.475719637163612,-0.214533142122387,-0.0631959085844477,0.0898858570645039,0.370285851812358,7129.9540848864,0.999993585391959
"Omega[15,11]",0.00364503338293544,0.00291210832170356,0.224508518310601,-0.441177665610812,-0.154798302396742,0.00391435083668247,0.161867378850898,0.434127083340497,5943.6139938498,1.00051300445795
"Omega[15,12]",-0.00892407585058747,0.00304456828381597,0.226916196357063,-0.448046518907536,-0.166577892612435,-0.0103537798535345,0.148657316308787,0.432191227751614,5554.94230430379,1.00052726923797
"Omega[15,13]",-0.0326839010633094,0.00282970424757902,0.220557709918592,-0.448913469295657,-0.191134375379798,-0.0323815247671657,0.122976862771563,0.397345789156901,6075.22538045598,0.99977060528721
"Omega[15,14]",-0.0214299494578545,0.00281354680452213,0.218569369525974,-0.441389334764682,-0.174671688009514,-0.0205331741163479,0.130517319731383,0.402503152551141,6034.90323082783,0.999862297885065
"Omega[15,15]",1,1.51920537311769e-18,1.06603973766401e-16,1,1,1,1,1,4923.95201512644,0.999499874937461
"Omega[15,16]",0.0757684788603561,0.0029958702690594,0.222677282520487,-0.36047332639608,-0.0753841740465431,0.0793468017658567,0.234421625180324,0.488261040112353,5524.66335204935,1.00054977564231
"Omega[15,17]",0.0406030426008047,0.00311983664234329,0.225514802918456,-0.408622622249852,-0.114070370752038,0.0450953883714075,0.195087143678835,0.472250873024111,5225.0012646127,0.999970406090183
"Omega[15,18]",0.00674212465291019,0.00312898242460721,0.222408244832103,-0.42592006559333,-0.143012559546023,0.00772816694259624,0.158779788581807,0.44345419603878,5052.37430953291,1.00027416274321
"Omega[16,1]",0.0442332154825554,0.00211062429323906,0.223433578764038,-0.397453509200817,-0.109585492369849,0.0463433242977258,0.196855519723796,0.465842762166867,11206.6296107757,0.999669616854594
"Omega[16,2]",0.0290037846406223,0.00230228851803249,0.226927328406398,-0.420119704285293,-0.126139616979525,0.0300918946666789,0.183812869063302,0.466425318005635,9715.25278871859,0.999771198260274
"Omega[16,3]",-0.0679034163372986,0.00226463873009008,0.21678386674645,-0.481762204426124,-0.222996446310975,-0.0685711361869786,0.0818928565994631,0.354382991347865,9163.38758089311,0.999651648302463
"Omega[16,4]",-0.0176517469241793,0.00220469263851687,0.222939571666579,-0.45044320215898,-0.173319851498387,-0.0141309729763653,0.135116595022417,0.406049566438218,10225.3509073601,1.00000135265272
"Omega[16,5]",0.000369521098806145,0.00239611594945026,0.226914842799438,-0.439568155032299,-0.156312791191477,-0.000412936316085724,0.158317434863102,0.43372676600785,8968.30044848063,1.00015536769419
"Omega[16,6]",0.0430959345394157,0.00250205217129976,0.22776500110061,-0.404472223711927,-0.115283965225139,0.0479081405810526,0.205664900547493,0.479184630628152,8286.69316133519,1.00012479749823
"Omega[16,7]",0.0407067305357038,0.00262674368768918,0.226482909822702,-0.398831937774604,-0.116929362539632,0.0449266093298013,0.197459567489089,0.468654182045268,7434.22117713443,0.99986956068615
"Omega[16,8]",-0.00586320655548198,0.00261851390146132,0.222888661414888,-0.440289436610114,-0.159776745141134,-0.00440876824259204,0.146853237588883,0.423108111926692,7245.46368864194,1.00013235086607
"Omega[16,9]",-0.00988398938734188,0.00297595159100142,0.229145867057796,-0.461328723296652,-0.166306372937275,-0.0101159137269534,0.148968756432068,0.432851513959708,5928.87552309283,1.00046580991
"Omega[16,10]",-0.0614992293638568,0.00254234587991219,0.220264312776348,-0.482661919241938,-0.213909546711742,-0.062868565719199,0.091432927337943,0.374626322392722,7506.18055929816,1.00000496041978
"Omega[16,11]",0.0251119652745754,0.00303035382630068,0.230401239930659,-0.421625634181941,-0.135605529414129,0.0288645356435027,0.193329160197257,0.458890589296895,5780.73344249156,1.00067826072413
"Omega[16,12]",-0.0107830997686811,0.00296034023033987,0.229215709976938,-0.446677652589566,-0.17098651027064,-0.0105999204529276,0.146507274750811,0.444244793857337,5995.22526041808,0.99997782460801
"Omega[16,13]",0.0122281142613836,0.00276295178530248,0.221584516507684,-0.422042564796809,-0.144405961643887,0.0127569413870494,0.166864615513085,0.424978568043211,6431.79520817641,0.999655213719942
"Omega[16,14]",0.006722928002919,0.00280792807014627,0.219479530329018,-0.415063093860494,-0.142347058945175,0.00866915736509041,0.159531298127634,0.430264926724197,6109.64656369467,0.999729842890618
"Omega[16,15]",0.0757684788603561,0.0029958702690594,0.222677282520487,-0.36047332639608,-0.0753841740465431,0.0793468017658567,0.234421625180324,0.488261040112353,5524.66335204935,1.00054977564231
"Omega[16,16]",1,3.0165785952795e-18,1.04413247488109e-16,1,1,1,1,1,1198.06923688076,0.999499874937461
"Omega[16,17]",-0.00542590947951969,0.00340456112512983,0.23021285869143,-0.450834324904062,-0.169753438899295,-0.00760035324862874,0.154982825583234,0.442260151110593,4572.32280424614,1.00008093161345
"Omega[16,18]",-0.0359006385515448,0.00299544828875883,0.219149542802618,-0.466615967886877,-0.186561657616545,-0.0356487702728804,0.114942472770335,0.388718211091969,5352.50996617572,1.00071763405047
"Omega[17,1]",-0.0163713480674004,0.00201666794900089,0.227745821944821,-0.459551056308909,-0.175038652028706,-0.0194924191266762,0.145562497460601,0.41176341225799,12753.5780631601,0.999717728543318
"Omega[17,2]",-0.0235423399792051,0.00214446994065517,0.227190360932196,-0.457918932960599,-0.182414586518211,-0.0249633092205565,0.132376169107348,0.421743004947064,11223.7989048222,0.999833467757379
"Omega[17,3]",0.0581878490505831,0.00215586490956158,0.22103819280208,-0.366866442286813,-0.0969732097160748,0.056588168341682,0.213704320867879,0.480926469988521,10512.1501366585,0.999849539590244
"Omega[17,4]",0.0410938713255287,0.00223441573966914,0.226219419267553,-0.399902342108981,-0.115461950385348,0.0426244308113619,0.199776424314233,0.475649714444455,10250.1873272345,0.999930254017262
"Omega[17,5]",0.0222703251812491,0.00249256346457716,0.23224906415006,-0.425415290382176,-0.144226271437403,0.0244532114903702,0.185202042360389,0.471961116951853,8681.91431802563,0.999714676687712
"Omega[17,6]",0.0282123976740813,0.00256281842050776,0.232168941172842,-0.424972059901414,-0.134001520922049,0.028610502847122,0.187860927617362,0.478377914233011,8206.77577388109,0.999779365548078
"Omega[17,7]",-0.00282555673551491,0.00261072987992118,0.230417732504223,-0.444440947849574,-0.164426435983856,-0.00425088809697757,0.159475293421941,0.447089607905584,7789.47015315509,0.999675522176599
"Omega[17,8]",-0.000791857963868579,0.00276512306972288,0.225730467828112,-0.437738603072891,-0.157171431033456,-0.00209216175275054,0.157602058078269,0.428495437022191,6664.25232451009,1.00008573556988
"Omega[17,9]",-0.024591980636463,0.00275113685544666,0.232491907299477,-0.47220742092879,-0.189577313429627,-0.0236191593310877,0.136156170749714,0.427614949836853,7141.53042605672,0.999592498045336
"Omega[17,10]",-0.00736892539108713,0.00278036922786765,0.229041206728089,-0.448279003307559,-0.168404498930581,-0.00682458495242392,0.153408009614932,0.436191545778244,6786.13194929201,1.00001566919906
"Omega[17,11]",0.0106412911250549,0.00302515004820329,0.233073800022427,-0.433567152973444,-0.155702944263798,0.0113094254875165,0.174509950588012,0.471079232371633,5935.98879664545,1.00024200743204
"Omega[17,12]",-0.0124463967635913,0.00328510526002848,0.232270907590316,-0.457562515991642,-0.175299960798905,-0.0111712621391634,0.145450096748707,0.445732544751522,4999.09114062903,1.00065724694176
"Omega[17,13]",-0.0885699706064153,0.00308816629755453,0.22670632308065,-0.519297922280587,-0.244138403076187,-0.0906079555062522,0.0670439993020713,0.368402752262334,5389.21994523369,1.00038942508684
"Omega[17,14]",-0.037755402794079,0.00286243994407847,0.225823050550253,-0.466143969483069,-0.198337619495163,-0.0384627378657404,0.115970464641274,0.410352349864,6223.91671192923,1.00038697083479
"Omega[17,15]",0.0406030426008047,0.00311983664234329,0.225514802918456,-0.408622622249852,-0.114070370752038,0.0450953883714075,0.195087143678835,0.472250873024111,5225.0012646127,0.999970406090183
"Omega[17,16]",-0.00542590947951969,0.00340456112512983,0.23021285869143,-0.450834324904062,-0.169753438899295,-0.00760035324862874,0.154982825583234,0.442260151110593,4572.32280424614,1.00008093161345
"Omega[17,17]",1,1.34303437138887e-18,1.15264717623376e-16,1,1,1,1,1,7365.77632355507,0.999499874937461
"Omega[17,18]",0.0359092654344807,0.00309257423843042,0.227109507234149,-0.405852705478921,-0.121801284333829,0.0369790464540278,0.19608677867457,0.469294977703138,5392.99928011205,1.00094100644546
"Omega[18,1]",-0.0714700074989784,0.00205114676356266,0.223172850395073,-0.496256944945438,-0.227925852396909,-0.0726779543044631,0.0792160673644455,0.373123473743651,11838.2974657425,0.999947932564347
"Omega[18,2]",-0.0623475473298285,0.00230433807448905,0.224129837341635,-0.492988169990849,-0.217442637055348,-0.0635088401682879,0.0947623837127802,0.380209719093858,9460.34469295582,0.999976706226223
"Omega[18,3]",0.155450936678521,0.00222037307002585,0.213303407440995,-0.27607478917335,0.0118965946175352,0.160330370187784,0.308501859649174,0.544016063698941,9228.76704943229,0.999964418507056
"Omega[18,4]",0.0518830821763998,0.00229443138864859,0.219583865165237,-0.384685093364452,-0.0991649229953663,0.0517191911836941,0.20791016614034,0.468474407812253,9159.05569807512,0.999897860977542
"Omega[18,5]",-0.00827116787678687,0.00246315982009345,0.226892309713986,-0.446729384734354,-0.167623763532109,-0.00847967127916612,0.148753776599174,0.426217593940036,8485.04928298837,1.00012711250147
"Omega[18,6]",-0.0633924330775732,0.00265187323999043,0.229388701933141,-0.502650026868729,-0.226279133867703,-0.0670522501811686,0.0943186720428895,0.38816383534047,7482.35872904471,0.999805598833421
"Omega[18,7]",-0.045367638941024,0.00264479247037153,0.22301558936343,-0.482619362911124,-0.199709890321182,-0.0437652145457376,0.107454194818124,0.386818239044325,7110.28887027312,1.00001885482019
"Omega[18,8]",-0.0327128948114791,0.00282981420773292,0.227096537353482,-0.459043220771234,-0.197129368109522,-0.0339014275984426,0.124128126135204,0.405777943292825,6440.2863763103,1.00035468201806
"Omega[18,9]",0.0373815936711706,0.00293076528384518,0.220851336577506,-0.391215834811734,-0.116338754791746,0.0379375079208069,0.191471075829568,0.461105514738974,5678.55696560472,1.00030091706614
"Omega[18,10]",0.016453523433412,0.00289585834614114,0.222232075540217,-0.412522937280426,-0.137018939826291,0.0187442196184786,0.168240697604578,0.443302310380589,5889.23462219465,1.00021319631539
"Omega[18,11]",-0.0199194409380365,0.00290545646049166,0.22643938206677,-0.456352992992494,-0.177179926626395,-0.0212414182653149,0.134632578633856,0.42579544459852,6074.00546951288,0.999769977647515
"Omega[18,12]",-0.0116715999779596,0.00297379524694693,0.226884664671845,-0.453631153850872,-0.172241305180381,-0.0126601124436317,0.144887241962061,0.423520402763232,5820.87347158305,1.00019417284864
"Omega[18,13]",-0.0023483971872429,0.00280057371700027,0.226024411036078,-0.440475825772824,-0.15773205492468,-0.00381481292371637,0.152994122606556,0.437103118691753,6513.53385965163,1.00028969225175
"Omega[18,14]",0.06293174974042,0.00282237967490446,0.214287151790138,-0.353953296087299,-0.0872257454228996,0.0638195306263422,0.214695471941725,0.468070890531141,5764.49667477717,0.999738988141015
"Omega[18,15]",0.00674212465291019,0.00312898242460721,0.222408244832103,-0.42592006559333,-0.143012559546023,0.00772816694259624,0.158779788581807,0.44345419603878,5052.37430953291,1.00027416274321
"Omega[18,16]",-0.0359006385515448,0.00299544828875883,0.219149542802618,-0.466615967886877,-0.186561657616545,-0.0356487702728804,0.114942472770335,0.388718211091969,5352.50996617572,1.00071763405047
"Omega[18,17]",0.0359092654344807,0.00309257423843042,0.227109507234149,-0.405852705478921,-0.121801284333829,0.0369790464540278,0.19608677867457,0.469294977703138,5392.99928011205,1.00094100644546
"Omega[18,18]",1,1.92159114095678e-18,1.12860009343246e-16,1,1,1,1,1,3449.51619367612,0.999499874937461
"Sigma[1,1]",0.0303218398772796,0.000341699881252793,0.0231620322053544,0.00398444565221507,0.0146479812778602,0.0245188213234783,0.0393077127174011,0.0909032375387708,4594.76883306927,1.00109770788191
"Sigma[1,2]",0.000825422630411795,8.03364987124934e-05,0.00788963918706492,-0.0148711517646473,-0.00283095092049821,0.000629707963596176,0.00444789379623113,0.0174435894204306,9644.6946944399,0.999681900988107
"Sigma[1,3]",-0.00060796885159402,0.00013810804693107,0.0120633419187032,-0.0248161367659337,-0.00647289181322188,-0.000753166854233604,0.00505947293383213,0.025398041059679,7629.52161175367,1.00101689186556
"Sigma[1,4]",-0.00353468961031767,0.00011455347331252,0.00929369125629862,-0.0249272131781332,-0.00726622581842785,-0.00235251660300394,0.00126845163377641,0.0125979948094253,6582.03152595691,1.00037642726248
"Sigma[1,5]",0.000360715653211822,6.53827560733084e-05,0.00625745535115282,-0.0122363324312187,-0.0025850317379841,0.000144611850414902,0.00304204751829688,0.0144991380955781,9159.44316404709,0.999766876978105
"Sigma[1,6]",0.000591715198205176,7.73018892856179e-05,0.00707495588344214,-0.0131731064176765,-0.00271828765108227,0.000262894593312796,0.00353589178271569,0.0164140412095845,8376.58993263492,0.99971433359101
"Sigma[1,7]",5.37429939988494e-05,8.97781913558971e-05,0.00781701146203495,-0.0160637573358865,-0.00330851448628014,0.000196354399282908,0.00356565822577155,0.0156754075832139,7581.23211293696,1.00071724546848
"Sigma[1,8]",0.00120191029149643,7.83709207502816e-05,0.00752073432012557,-0.0139306499739403,-0.00240953755697906,0.000834325856238107,0.00458532875741153,0.0180317440823189,9208.96018982712,0.999709852991536
"Sigma[1,9]",0.00191922831798884,9.02031679850959e-05,0.00820180869562745,-0.0137857415174039,-0.00197734364882013,0.00127970250848259,0.0056236723490158,0.0199250471510829,8267.52828980452,1.00000438077674
"Sigma[1,10]",0.00165546817641868,0.000152126663337485,0.0127473155127269,-0.0217605921655508,-0.00410349748781821,0.000811962696135648,0.00673519624832161,0.0299080238872951,7021.44973223338,0.999983305904961
"Sigma[1,11]",1.98898697366923e-05,6.24762340995213e-05,0.00600737533961241,-0.013029556906364,-0.00260136836273328,6.51562229532889e-05,0.00273462233839328,0.0122538046636421,9245.70106887092,0.999791618456745
"Sigma[1,12]",-0.000347003311773886,6.94864375940064e-05,0.00639161564579869,-0.0138170457330686,-0.00320404911546792,-0.000205497249686782,0.00262891924131768,0.0124723357620291,8460.99051815483,0.999848374485135
"Sigma[1,13]",0.00268149725141417,0.000213944960464523,0.0173646309076483,-0.0321935781585926,-0.00487168362239953,0.00156791657612007,0.00958562266036531,0.0414377504384352,6587.59651704648,0.999821934856757
"Sigma[1,14]",-0.000233887885334724,0.000155147736258648,0.0139113457126317,-0.0298184973034371,-0.00637668528627828,-0.000278553551717053,0.00581429773092966,0.0288786147755408,8039.83989761279,0.999981183233791
"Sigma[1,15]",7.22149399858667e-05,8.2670407001975e-05,0.00726242431440323,-0.0139540264621022,-0.00351684060420163,-0.000188736904370164,0.00335799839363504,0.0161398625276439,7717.25920275518,1.00017264855164
"Sigma[1,16]",0.0013614212308544,8.13674270302231e-05,0.00746810142778075,-0.0132088251329369,-0.00230414305924823,0.00092534594984221,0.0047158158901932,0.0180688947292168,8424.01728144004,0.999644657750338
"Sigma[1,17]",-0.000190868702985903,6.55535724164359e-05,0.0062630745265436,-0.0128771448939732,-0.00314174755887447,-0.000277131658350193,0.00267596287882448,0.0131476215172944,9128.1429154476,0.999945366094656
"Sigma[1,18]",-0.0021798895308166,8.69610192746457e-05,0.00801001843214566,-0.0201973292123659,-0.0057637962848428,-0.00149153564997119,0.00185055716125239,0.0127772950712145,8484.33460580856,1.00043337046354
"Sigma[2,1]",0.000825422630411795,8.03364987124934e-05,0.00788963918706492,-0.0148711517646473,-0.00283095092049821,0.000629707963596176,0.00444789379623113,0.0174435894204306,9644.6946944399,0.999681900988107
"Sigma[2,2]",0.0368328442812422,0.000566655553543311,0.0352802292471794,0.00370145176937624,0.015392564127282,0.0272779687783913,0.046017027944901,0.125269826772042,3876.3635218181,1.00026290394446
"Sigma[2,3]",-0.00423888603282973,0.000175017535091229,0.014271325200536,-0.0346439620656995,-0.0104511225514394,-0.00298334494027076,0.0026998404223283,0.0226898369863881,6649.14002573218,0.999566825841371
"Sigma[2,4]",0.000348927544311101,0.000109989411477233,0.0098864233932713,-0.0191957621713898,-0.00407135638017619,0.000134960224778707,0.00461431626911632,0.0216189412044009,8079.35431893909,0.999845581588756
"Sigma[2,5]",-0.000282587616319641,7.40034565152062e-05,0.00683891314902286,-0.0151919782591466,-0.00322358458732422,-0.000156959490498372,0.00282005447368172,0.0143390077972663,8540.24179610109,0.999981871686394
"Sigma[2,6]",3.64133325393621e-05,8.84468815918611e-05,0.00772290831920435,-0.0166821391410978,-0.00316818268295103,5.57124584930609e-05,0.00345609708906636,0.0157775662597145,7624.24261294015,0.99984761073778
"Sigma[2,7]",0.00186555341826075,0.000103533449145603,0.0088401262187618,-0.0140776093277231,-0.0022471637450533,0.000997827777799306,0.00519008550943835,0.0218248984889477,7290.47066523538,1.00016800689463
"Sigma[2,8]",0.00136343837232527,9.34041301379703e-05,0.00843389923666206,-0.0146221471630873,-0.00261596567682106,0.000869024875692666,0.0050007192161425,0.0198391681576019,8153.1354139183,0.999761510108662
"Sigma[2,9]",-3.84637405656817e-05,0.00010244037003734,0.00928392151803113,-0.0184559883956982,-0.00415119014203739,-0.000123081703029073,0.00379512959592959,0.0190123137545505,8213.35593389972,1.00017354179699
"Sigma[2,10]",-0.00205677669582965,0.000163604801492206,0.0140989485354911,-0.0310804766803472,-0.00803645923097308,-0.00182563873069725,0.00336338566262547,0.0269995591035441,7426.45168613339,1.00064842195092
"Sigma[2,11]",0.000382533221727696,6.73117761401938e-05,0.00642070990882195,-0.0130132083493707,-0.00245738547182087,0.000216481978939202,0.00319476999300013,0.0145996931621137,9098.79743944616,0.999916845415368
"Sigma[2,12]",0.00125165553954276,8.16806954207996e-05,0.00738243848889627,-0.0127058840693796,-0.00205370452485838,0.000716596520438197,0.00427423912109481,0.0172231856780691,8168.84810882601,0.999883113000633
"Sigma[2,13]",-0.000527363797711253,0.000257787060338133,0.0206343914058338,-0.045649864775492,-0.00731362928316568,0.000228454493861624,0.00775261765003247,0.0389842474339118,6407.09406862168,1.00044444614275
"Sigma[2,14]",-0.0020231585727161,0.000197484754241488,0.0155765555237621,-0.035420797422009,-0.00830261052506874,-0.001384452196009,0.00443157361398396,0.0291850636915775,6221.2221170349,1.00067062670047
"Sigma[2,15]",-0.000186232131376522,9.19000329040501e-05,0.00841591734505529,-0.0186163534924881,-0.00372200222179513,3.30050187015372e-05,0.00367446668761603,0.016871617866187,8386.3230767567,1.0000022056777
"Sigma[2,16]",0.000711684780921756,9.15853837622514e-05,0.00821022219855726,-0.0160776654254825,-0.00288777321829834,0.00059846715755497,0.00440557021537077,0.0181251001445045,8036.32482905735,0.999853773031855
"Sigma[2,17]",-0.000564037539844901,7.59746211285853e-05,0.00687447924507865,-0.0146777724484255,-0.00357787759540581,-0.000371777355488951,0.0024665497533136,0.013304787972597,8187.33431163065,1.00029155530105
"Sigma[2,18]",-0.00176091071582208,9.99336055296315e-05,0.00881927584755869,-0.0200258470323187,-0.00567231674730608,-0.00138496318269614,0.00220078996588444,0.0155990017916237,7788.30121696165,1.00054212357119
"Sigma[3,1]",-0.00060796885159402,0.00013810804693107,0.0120633419187032,-0.0248161367659337,-0.00647289181322188,-0.000753166854233604,0.00505947293383213,0.025398041059679,7629.52161175367,1.00101689186556
"Sigma[3,2]",-0.00423888603282973,0.000175017535091229,0.014271325200536,-0.0346439620656995,-0.0104511225514394,-0.00298334494027076,0.0026998404223283,0.0226898369863881,6649.14002573218,0.999566825841371
"Sigma[3,3]",0.0978883787715875,0.0019736884253322,0.0800259655463042,0.0137837094086131,0.0426505261068087,0.0757940393992938,0.12703757744594,0.313252418911763,1644.01076568408,1.00221670667935
"Sigma[3,4]",0.00458470996877582,0.000192930601664655,0.0165367737706362,-0.0285205713224647,-0.00293640831334538,0.00334716681178159,0.0116554267341852,0.0416472458906481,7346.81887191323,1.00014973216591
"Sigma[3,5]",-0.000862298746205648,0.000110676870938882,0.010233636723282,-0.0229944135224038,-0.00557786109262496,-0.000703182409987001,0.00400743039515593,0.0202251898795627,8549.6088883742,1.00017234692396
"Sigma[3,6]",-0.00328047482676458,0.000132360612397693,0.0115929351092777,-0.0291618168457923,-0.00823922299627491,-0.00223840411933247,0.00253672696236603,0.0184010399329607,7671.30542646684,0.999712427017947
"Sigma[3,7]",-0.00361831023271799,0.000177784187324498,0.0137949078506613,-0.0330769473549106,-0.00926436122191961,-0.00254945946951576,0.00249549729111028,0.0218210752984977,6020.76041769164,1.000041957214
"Sigma[3,8]",0.00266330903600126,0.000138015406814554,0.0129275671796052,-0.0221532087520872,-0.00363158843883189,0.00183809833820478,0.008296675883131,0.0311945227490182,8773.61285627853,1.0000409343598
"Sigma[3,9]",0.00231660806252914,0.000175280952514637,0.0146767734588181,-0.0251152283174566,-0.00462679044662617,0.00125039574268946,0.00827513693565147,0.0353662665519832,7011.18993414143,1.00000066619178
"Sigma[3,10]",0.00486260670473325,0.000266351310127905,0.0229864313288026,-0.0402320932329487,-0.00479508237395904,0.00300838268877942,0.0129218946247856,0.0569413932289408,7447.89300206803,1.00015688242896
"Sigma[3,11]",-0.000295310289804728,0.000103035146744964,0.0099736793974237,-0.021190389735745,-0.00504216991142815,-0.000166654707094229,0.00442739255956131,0.0200287025582267,9370.0092497734,0.999973188533609
"Sigma[3,12]",-0.00203015671707129,0.000127848274812811,0.0109043532906119,-0.0259040836466501,-0.006795653478836,-0.00121562311830002,0.00357071764271176,0.0174843691560662,7274.61616826817,1.0001884938424
"Sigma[3,13]",-0.00114697919561708,0.000377932014685969,0.0319912939440511,-0.0638557191366963,-0.014810720630423,-0.00184684302468362,0.00980983356568392,0.0730047695558618,7165.33083389505,0.999881063596153
"Sigma[3,14]",-0.0067887419758714,0.000307511977929736,0.0247550398282115,-0.0598990186811754,-0.0166919448293004,-0.00465729820188801,0.00394636181967235,0.0415271861496686,6480.42047377737,1.00007642109417
"Sigma[3,15]",-0.0038889050396836,0.000140679677607413,0.0124711772677529,-0.0326917140674756,-0.00947682613902986,-0.00289714076567742,0.0023538512281645,0.0197584510034503,7858.72652498656,1.00022386689816
"Sigma[3,16]",-0.00349701983762364,0.000140423852328313,0.0125267265282736,-0.0312852188673008,-0.00937671310421166,-0.00239725986575567,0.00297784731451982,0.0192997919184846,7957.80745036732,0.999646713472984
"Sigma[3,17]",0.0025403491445556,0.00012199289233837,0.010674046553202,-0.0171402941825549,-0.00280181691840462,0.00168956320800891,0.00710302485631011,0.0265700685521875,7655.77442950664,1.00000510127694
"Sigma[3,18]",0.00894960497905991,0.000213339930754759,0.0150244154425576,-0.0140267105794644,0.000402646480308699,0.00635288905891614,0.0151357838377263,0.0455095902075533,4959.64815517199,1.00029769392206
"Sigma[4,1]",-0.00353468961031767,0.00011455347331252,0.00929369125629862,-0.0249272131781332,-0.00726622581842785,-0.00235251660300394,0.00126845163377641,0.0125979948094253,6582.03152595691,1.00037642726248
"Sigma[4,2]",0.000348927544311101,0.000109989411477233,0.0098864233932713,-0.0191957621713898,-0.00407135638017619,0.000134960224778707,0.00461431626911632,0.0216189412044009,8079.35431893909,0.999845581588756
"Sigma[4,3]",0.00458470996877582,0.000192930601664655,0.0165367737706362,-0.0285205713224647,-0.00293640831334538,0.00334716681178159,0.0116554267341852,0.0416472458906481,7346.81887191323,1.00014973216591
"Sigma[4,4]",0.0484730486627359,0.000959078275784926,0.0493133795545482,0.00496944776577159,0.0196066701281921,0.0347388833678982,0.0615112318092153,0.172438493966393,2643.75633718636,1.00055561000642
"Sigma[4,5]",0.00020081491171106,8.4110998693435e-05,0.00776874711551639,-0.0156468707511184,-0.00333957103131597,0.000105051413788991,0.00355787313564255,0.0164743983403598,8530.93023289517,1.00027054707384
"Sigma[4,6]",-4.59196890263405e-05,9.45098778807585e-05,0.00853366962825042,-0.0172962330982527,-0.00383272294242765,-5.47412446245534e-05,0.00358999403481772,0.0175943885733431,8152.99633728825,0.999890838973175
"Sigma[4,7]",-0.00100448485712128,0.000114179088612757,0.0101598002619122,-0.0231965000508359,-0.00496043245671759,-0.000528642496440235,0.00334652933645078,0.0184361160407906,7917.66633242414,1.00020992251663
"Sigma[4,8]",0.00150271490222795,0.000106622728263908,0.00938490048833149,-0.0168931898316398,-0.0030404229453171,0.000799643006836199,0.00549025608133366,0.0226194673295025,7747.46747806532,1.00025618046661
"Sigma[4,9]",-0.00207788089247882,0.000122117591100013,0.0103003508042256,-0.0246603739862051,-0.00640359185375505,-0.00131422983598611,0.00258360761026627,0.0177306277074268,7114.55226779094,1.00008877857887
"Sigma[4,10]",-0.00435083367183906,0.000287704819177661,0.017756782395651,-0.0458270369901483,-0.00992684216930288,-0.00179545675834923,0.00370680279491294,0.0237848250983861,3809.20435342302,1.00058300100996
"Sigma[4,11]",0.00157097087220988,9.36573023829934e-05,0.00789205114531473,-0.0121693815088168,-0.00215569347704251,0.000805741300232247,0.00454098728023805,0.0193751237852136,7100.62362252892,1.00011272653932
"Sigma[4,12]",0.00217618556646068,0.000100621345024837,0.00830849573757281,-0.0128328531869219,-0.00190333794230869,0.00123727747317122,0.00550317699424516,0.0211612387076627,6818.11883097094,1.00018741232706
"Sigma[4,13]",0.0029632593578924,0.000400006930480596,0.025501910735852,-0.0398953761115287,-0.00755862337567672,0.000358797587170024,0.00970053588758405,0.0668238609562977,4064.53072289434,1.00015696411573
"Sigma[4,14]",-0.00231056789693989,0.000240169444295942,0.0188139214825719,-0.038842857039054,-0.0100821224845891,-0.00199690707058146,0.00454311939552114,0.0368250223326659,6136.53404570232,0.999758988254411
"Sigma[4,15]",-0.00107576546095795,0.00010490270387578,0.00931966456472342,-0.0209365390592926,-0.00505821647710765,-0.000546354680899714,0.00323356864013067,0.0169665147600118,7892.72912402257,0.999712676220114
"Sigma[4,16]",-0.000163247832843101,0.000110988845115918,0.0095278994466342,-0.0185242818317775,-0.00465930249819295,-0.000305973007596545,0.00381156371283713,0.0201597844248233,7369.45999212363,1.00027003402996
"Sigma[4,17]",0.00118832469089322,8.64233963679549e-05,0.00769743151169062,-0.0145103410606216,-0.00231353037652382,0.000793790003256087,0.00448334777856478,0.0184762626846326,7932.84570758899,0.999848516722748
"Sigma[4,18]",0.00193586865576765,0.000111425478875282,0.00994712177866995,-0.0170020635929348,-0.00271985792745254,0.0013473374661069,0.00618373156037538,0.0229917426175076,7969.40414329806,0.999940805935694
"Sigma[5,1]",0.000360715653211822,6.53827560733084e-05,0.00625745535115282,-0.0122363324312187,-0.0025850317379841,0.000144611850414902,0.00304204751829688,0.0144991380955781,9159.44316404709,0.999766876978105
"Sigma[5,2]",-0.000282587616319641,7.40034565152062e-05,0.00683891314902286,-0.0151919782591466,-0.00322358458732422,-0.000156959490498372,0.00282005447368172,0.0143390077972663,8540.24179610109,0.999981871686394
"Sigma[5,3]",-0.000862298746205648,0.000110676870938882,0.010233636723282,-0.0229944135224038,-0.00557786109262496,-0.000703182409987001,0.00400743039515593,0.0202251898795627,8549.6088883742,1.00017234692396
"Sigma[5,4]",0.00020081491171106,8.4110998693435e-05,0.00776874711551639,-0.0156468707511184,-0.00333957103131597,0.000105051413788991,0.00355787313564255,0.0164743983403598,8530.93023289518,1.00027054707384
"Sigma[5,5]",0.0213604592681119,0.000246141604588387,0.0178499470362337,0.00203735487900429,0.00905484311019693,0.0166751611520893,0.0284711058861393,0.0669825115420855,5259.00772569733,1.00101353310019
"Sigma[5,6]",0.00142604281805266,7.79080445287922e-05,0.00625536245391333,-0.00933986068218151,-0.00155998144651931,0.000712917248646484,0.00373940956507137,0.0154893627533226,6446.74289763736,0.999721787996975
"Sigma[5,7]",0.00039743562805624,7.71576353324186e-05,0.00677829449370085,-0.0134424981174178,-0.00246774898032984,0.000216247927439573,0.0031419973878091,0.0147104979671264,7717.61391454879,0.999990174075994
"Sigma[5,8]",-0.000876879257020937,7.36633146018864e-05,0.00645886661624917,-0.0150112348771909,-0.0036888958457331,-0.000509833972000823,0.00213929289709401,0.011916748523424,7687.94235536878,0.999952289165114
"Sigma[5,9]",-0.000233279942214867,7.82864901632513e-05,0.00696891192564667,-0.0148101296274158,-0.00322666447844986,-0.000175611028836382,0.00292302158610216,0.013646658663096,7924.2160229525,0.999691763114149
"Sigma[5,10]",0.00115269468716245,0.00013312355277057,0.010721773063483,-0.0193353724539153,-0.00364674500540329,0.000568889108723341,0.00555252272705224,0.0249739406245038,6486.69416925116,1.00051876041697
"Sigma[5,11]",0.000345835267330155,6.04784514579514e-05,0.00519737203066234,-0.0101870028536645,-0.00199971541280638,0.000187810426753113,0.00250830267095432,0.01173156265767,7385.26842419691,0.999987659404864
"Sigma[5,12]",0.000253068912761706,6.46570004560259e-05,0.00574857666051939,-0.011375550251532,-0.00224893857476449,5.58770260592929e-05,0.00260642984591427,0.0126871039827872,7904.77564802714,1.00088874441027
"Sigma[5,13]",0.0010224469540828,0.000170551360030121,0.0139936606346225,-0.0262969182757095,-0.00515421160597558,0.000425894507304057,0.00633623591780475,0.0325281860021718,6732.12701207238,0.999780663352726
"Sigma[5,14]",0.00161984873688476,0.000140443507087164,0.0114678494051436,-0.0215562348644055,-0.00361810458753094,0.00102332553257982,0.00645872595125552,0.0276275324474371,6667.46324905965,1.00005438923919
"Sigma[5,15]",0.00118140370057089,7.86644251634258e-05,0.00632773617943375,-0.0111786394775183,-0.00180347445880325,0.000710022166394301,0.00385437158166674,0.01517191366626,6470.53187627426,1.00000512891916
"Sigma[5,16]",3.3808544311378e-05,7.15206044045408e-05,0.00643854031468766,-0.0134405414675347,-0.00282200327579446,-5.16536343563391e-06,0.00286495571681645,0.0136181304961475,8104.24360272155,0.99988146426239
"Sigma[5,17]",0.000505397049525986,6.59138295218807e-05,0.00567946384004842,-0.0105349058935933,-0.00194868041139031,0.000281390770179803,0.0027693924230246,0.013194423788955,7424.40387663179,0.999911698153595
"Sigma[5,18]",-0.000400787856197945,7.29040732675882e-05,0.0066507461436049,-0.0152129959976773,-0.00331392474653604,-0.000134212874266905,0.0027924908251994,0.0123578931784359,8322.18096301845,1.00049882323041
"Sigma[6,1]",0.000591715198205176,7.73018892856179e-05,0.00707495588344214,-0.0131731064176765,-0.00271828765108227,0.000262894593312796,0.00353589178271569,0.0164140412095845,8376.58993263492,0.99971433359101
"Sigma[6,2]",3.6413332539362e-05,8.84468815918611e-05,0.00772290831920435,-0.0166821391410978,-0.00316818268295103,5.57124584930609e-05,0.00345609708906636,0.0157775662597144,7624.24261294015,0.99984761073778
"Sigma[6,3]",-0.00328047482676458,0.000132360612397693,0.0115929351092777,-0.0291618168457923,-0.00823922299627491,-0.00223840411933247,0.00253672696236603,0.0184010399329607,7671.30542646684,0.999712427017947
"Sigma[6,4]",-4.59196890263405e-05,9.45098778807585e-05,0.00853366962825042,-0.0172962330982527,-0.00383272294242764,-5.47412446245534e-05,0.00358999403481772,0.0175943885733431,8152.99633728825,0.999890838973175
"Sigma[6,5]",0.00142604281805266,7.79080445287922e-05,0.00625536245391333,-0.00933986068218151,-0.00155998144651931,0.000712917248646484,0.00373940956507137,0.0154893627533226,6446.74289763737,0.999721787996975
"Sigma[6,6]",0.0265940786563283,0.000369392622460179,0.0236081812047494,0.00238842880819535,0.0108359523797175,0.0200827906682912,0.0348692539372121,0.089476069638126,4084.59146021213,0.999639780062934
"Sigma[6,7]",0.000720561045251611,8.75072552500181e-05,0.00750189510825793,-0.0143103154818029,-0.00243895251511893,0.000466365249774073,0.00368484401685952,0.0157161763464584,7349.43327120484,1.00098729876186
"Sigma[6,8]",-0.000533388368210343,8.12957190392331e-05,0.00700788222806371,-0.0155188250445617,-0.00367017488467109,-0.000260952857521287,0.0026980705843489,0.0140204946197812,7430.84557378323,1.00013988103907
"Sigma[6,9]",-0.000765656362447036,9.42421495494332e-05,0.00780843162344641,-0.017149095253454,-0.00392789856303907,-0.000386012733943517,0.00265999777758972,0.0144264451033953,6864.94807542982,0.999779079932896
"Sigma[6,10]",0.000260409842307756,0.000155407629652421,0.0122318456710494,-0.0236203405083432,-0.00484726471485231,-0.000120050182333774,0.00508276626837999,0.0272543917644944,6194.97150413402,1.00020719984349
"Sigma[6,11]",0.000484140022458286,6.68415532423942e-05,0.00565260830315326,-0.0108285093876152,-0.00203059749792506,0.000228349083416283,0.00287526571181768,0.0131860664400453,7151.62473138715,0.999975493932663
"Sigma[6,12]",-4.28303574539709e-05,7.35432161412644e-05,0.00632106916807725,-0.0134985228657913,-0.00272200519553131,-4.92223979186291e-05,0.00266111687469372,0.0134970430818399,7387.47201619389,0.999720181816562
"Sigma[6,13]",0.000284622009272549,0.00020584934938513,0.0166718366417214,-0.032870706060461,-0.00637117696459844,6.31160376516779e-05,0.00626499019111884,0.0368091572226659,6559.45708524694,0.999988121756344
"Sigma[6,14]",0.00251492727135382,0.000189606086636131,0.013853111565873,-0.0233194710234194,-0.00365446104678292,0.00128286312386494,0.00738356078538914,0.03474640221772,5338.14190065427,0.999584870164206
"Sigma[6,15]",0.0015893120144097,8.48568688972341e-05,0.00711004210958205,-0.0115016859790291,-0.00179207272382234,0.000892911259007446,0.0045200570687402,0.0178288296327565,7020.53712126474,0.999804324543578
"Sigma[6,16]",0.00146506854074626,9.17401194580245e-05,0.00740422410811032,-0.0117882623054137,-0.00204043152169418,0.000784958182567459,0.00448539654709819,0.0182360246171517,6513.8913152168,1.00039884029743
"Sigma[6,17]",0.000780201456324813,6.99140204605285e-05,0.00612744130076904,-0.0114536300365666,-0.00205205406415788,0.000377657209423856,0.00320297880441965,0.014591621732895,7681.21222524745,0.999743911488232
"Sigma[6,18]",-0.00227277303101646,0.000107208301983846,0.00801489138596745,-0.0211843974811436,-0.0053442626681086,-0.00128163660773208,0.00177084262712649,0.0114595620690398,5589.05582829061,1.00007000152451
"Sigma[7,1]",5.37429939988494e-05,8.97781913558971e-05,0.00781701146203495,-0.0160637573358865,-0.00330851448628014,0.000196354399282908,0.00356565822577155,0.0156754075832139,7581.23211293696,1.00071724546848
"Sigma[7,2]",0.00186555341826075,0.000103533449145603,0.0088401262187618,-0.0140776093277231,-0.0022471637450533,0.000997827777799306,0.00519008550943835,0.0218248984889477,7290.47066523539,1.00016800689463
"Sigma[7,3]",-0.00361831023271799,0.000177784187324498,0.0137949078506613,-0.0330769473549106,-0.00926436122191961,-0.00254945946951576,0.00249549729111027,0.0218210752984977,6020.76041769164,1.000041957214
"Sigma[7,4]",-0.00100448485712128,0.000114179088612757,0.0101598002619122,-0.0231965000508359,-0.00496043245671759,-0.000528642496440235,0.00334652933645078,0.0184361160407906,7917.66633242413,1.00020992251663
"Sigma[7,5]",0.00039743562805624,7.71576353324186e-05,0.00677829449370085,-0.0134424981174178,-0.00246774898032984,0.000216247927439573,0.0031419973878091,0.0147104979671264,7717.61391454879,0.999990174075994
"Sigma[7,6]",0.000720561045251611,8.75072552500181e-05,0.00750189510825793,-0.0143103154818029,-0.00243895251511893,0.000466365249774073,0.00368484401685952,0.0157161763464584,7349.43327120484,1.00098729876186
"Sigma[7,7]",0.0343771655261679,0.0005894034538922,0.036371948725916,0.00271110649392292,0.0128902905419965,0.0241716355077067,0.0427294785694923,0.132215965517657,3808.09511646576,1.00039160094565
"Sigma[7,8]",0.000334399206891806,9.81322368460846e-05,0.00809572920499256,-0.0161003810654282,-0.00315501992881427,0.000101309483387492,0.00375168732950408,0.0174954678805285,6805.94678758872,1.000090183407
"Sigma[7,9]",-0.000458226683541236,0.000108545984123641,0.0091622039745897,-0.0201015139323192,-0.00392218322939805,-0.000163902555720344,0.0033834189642576,0.0176922611513823,7124.79529790752,0.999859729674468
"Sigma[7,10]",0.000220006594957949,0.000169063360337073,0.0136402336234867,-0.0256002892235091,-0.00548478120162261,-0.000368429194269368,0.0051640066170629,0.0291337046434539,6509.45492194503,0.999987583299116
"Sigma[7,11]",0.000325978914518161,7.72708815610549e-05,0.00644996052838481,-0.0127212676495752,-0.00244629109320808,9.09664150157137e-05,0.00300542839692173,0.0145433901887057,6967.58667265112,0.999705664353671
"Sigma[7,12]",0.000330553289813489,8.6481742978192e-05,0.00697049206912888,-0.0134976982671088,-0.00271098890812894,0.000156241423763993,0.00317980479691743,0.0157816821649348,6496.47852169438,1.00027529924208
"Sigma[7,13]",-0.00334180919217972,0.000254005497532796,0.0194699511758036,-0.0475289164848535,-0.00959717143082088,-0.00142151914597024,0.00498673588795825,0.0304682349739099,5875.48189407535,0.999557598126189
"Sigma[7,14]",-0.0012735308249518,0.000201794601696659,0.0153115768565598,-0.0369872487608828,-0.00684303572066631,-0.000495776734538511,0.00520921602555866,0.0288502358119002,5757.32504261932,0.999941686947889
"Sigma[7,15]",0.000138860236021652,9.26849130440946e-05,0.0078571891676463,-0.0174086536218502,-0.00325188266749869,0.000176286313327523,0.00361878936802116,0.0162353237703079,7186.48171350275,0.999902419381954
"Sigma[7,16]",0.00113853274972778,9.38160371390485e-05,0.00810535566937008,-0.0152766641430405,-0.00242904917680403,0.000809899870742385,0.004594689747886,0.0185943057234855,7464.31545955231,0.999878629100363
"Sigma[7,17]",-9.86492229199954e-05,8.09804261847883e-05,0.00675947849893556,-0.0141263468895384,-0.00295480435390777,-6.3623266309596e-05,0.00279618525099482,0.0136522110246396,6967.32815326083,0.999984411434151
"Sigma[7,18]",-0.00134019064959188,0.000108651241908381,0.00859277857844722,-0.0197508183936521,-0.00493163468499288,-0.000871739174229007,0.00242064995392086,0.0153043090012757,6254.57568607482,1.00038076766591
"Sigma[8,1]",0.00120191029149643,7.83709207502816e-05,0.00752073432012557,-0.0139306499739403,-0.00240953755697906,0.000834325856238107,0.00458532875741153,0.0180317440823189,9208.96018982712,0.999709852991536
"Sigma[8,2]",0.00136343837232527,9.34041301379703e-05,0.00843389923666206,-0.0146221471630873,-0.00261596567682106,0.000869024875692667,0.0050007192161425,0.0198391681576019,8153.13541391831,0.999761510108662
"Sigma[8,3]",0.00266330903600126,0.000138015406814554,0.0129275671796052,-0.0221532087520872,-0.00363158843883189,0.00183809833820478,0.008296675883131,0.0311945227490182,8773.61285627853,1.0000409343598
"Sigma[8,4]",0.00150271490222795,0.000106622728263908,0.00938490048833149,-0.0168931898316398,-0.0030404229453171,0.000799643006836199,0.00549025608133366,0.0226194673295025,7747.46747806532,1.00025618046661
"Sigma[8,5]",-0.000876879257020937,7.36633146018864e-05,0.00645886661624917,-0.0150112348771909,-0.0036888958457331,-0.000509833972000823,0.00213929289709401,0.011916748523424,7687.94235536878,0.999952289165114
"Sigma[8,6]",-0.000533388368210343,8.12957190392331e-05,0.00700788222806371,-0.0155188250445617,-0.00367017488467109,-0.000260952857521287,0.0026980705843489,0.0140204946197812,7430.84557378323,1.00013988103907
"Sigma[8,7]",0.000334399206891806,9.81322368460846e-05,0.00809572920499256,-0.0161003810654282,-0.00315501992881427,0.000101309483387492,0.00375168732950408,0.0174954678805285,6805.94678758872,1.000090183407
"Sigma[8,8]",0.0322007181951894,0.000376195400522474,0.0272159330268378,0.00354552064523567,0.0142354030671617,0.0249491580277054,0.0416209104831575,0.10835808483981,5233.82855417766,0.999947600920877
"Sigma[8,9]",0.000244064622699347,0.000104247844422543,0.00846089675533379,-0.0172183581203009,-0.00339334829905478,0.000272358418552677,0.0038749781382356,0.0183560591802236,6587.16624016204,0.999832368951863
"Sigma[8,10]",-2.6956192834924e-05,0.000158377891883002,0.0129562632683627,-0.026979903780942,-0.00551738537979166,4.57475900622352e-05,0.00526123959013519,0.0272463052272226,6692.22312873598,1.00002912114575
"Sigma[8,11]",0.000413590072348175,7.36592172975895e-05,0.00607417959636071,-0.0120539022510904,-0.00227466226254042,0.00025418445678504,0.00311199881558836,0.0132818242887209,6800.19016549321,1.00034176290834
"Sigma[8,12]",0.000942875005309243,8.0873917164405e-05,0.00668982570648174,-0.0122323698550315,-0.00223814632711809,0.000479146524488428,0.00383240330634728,0.0162943502833302,6842.46600317761,0.999699532181163
"Sigma[8,13]",0.00031849408567827,0.000224241266541083,0.0180420171801831,-0.0369743146938367,-0.00706068554236446,-0.00018055212728098,0.00703096615673831,0.0394295233012708,6473.49934888588,1.00052431125792
"Sigma[8,14]",-0.00373151058146396,0.000188186514370162,0.014546277352559,-0.0375181369696471,-0.00960556392026595,-0.00251986314266296,0.00297041763158681,0.0229950974533741,5974.84621344221,0.999828129127757
"Sigma[8,15]",-0.00190677779961522,9.15167046065925e-05,0.00764534973616933,-0.0196113483767992,-0.00516788214391587,-0.00129529243931376,0.00186918572356636,0.0120706010974098,6979.01235604289,0.9997036371881
"Sigma[8,16]",-0.000206625935743963,9.08020127557042e-05,0.00764953662496081,-0.0165712718014709,-0.00358669608645521,-7.9821428668831e-05,0.00336962304521536,0.0150169424212587,7097.07354727883,0.999970361494982
"Sigma[8,17]",7.02721896430054e-05,7.89470091191398e-05,0.00644913557262771,-0.0132373914744721,-0.00284578471301193,-2.46720048985109e-05,0.0028977313760017,0.0140073969573798,6673.16172682568,1.0001851555974
"Sigma[8,18]",-0.000987606511149449,0.000107984869657798,0.00838871635841257,-0.0188209231729389,-0.00484853355150858,-0.000631596566322512,0.0028999609181558,0.0156962987215613,6034.83226346471,1.0003616560034
"Sigma[9,1]",0.00191922831798884,9.02031679850959e-05,0.00820180869562745,-0.0137857415174039,-0.00197734364882013,0.00127970250848259,0.0056236723490158,0.0199250471510829,8267.52828980452,1.00000438077674
"Sigma[9,2]",-3.84637405656817e-05,0.00010244037003734,0.00928392151803113,-0.0184559883956982,-0.00415119014203739,-0.000123081703029073,0.00379512959592959,0.0190123137545505,8213.35593389972,1.00017354179699
"Sigma[9,3]",0.00231660806252914,0.000175280952514637,0.0146767734588181,-0.0251152283174566,-0.00462679044662617,0.00125039574268946,0.00827513693565147,0.0353662665519832,7011.18993414143,1.00000066619178
"Sigma[9,4]",-0.00207788089247882,0.000122117591100013,0.0103003508042256,-0.0246603739862051,-0.00640359185375505,-0.00131422983598611,0.00258360761026627,0.0177306277074268,7114.55226779094,1.00008877857887
"Sigma[9,5]",-0.000233279942214867,7.82864901632513e-05,0.00696891192564667,-0.0148101296274158,-0.00322666447844986,-0.000175611028836382,0.00292302158610216,0.013646658663096,7924.2160229525,0.999691763114149
"Sigma[9,6]",-0.000765656362447036,9.42421495494332e-05,0.00780843162344641,-0.017149095253454,-0.00392789856303907,-0.000386012733943517,0.00265999777758972,0.0144264451033953,6864.94807542982,0.999779079932896
"Sigma[9,7]",-0.000458226683541236,0.000108545984123641,0.0091622039745897,-0.0201015139323192,-0.00392218322939805,-0.000163902555720344,0.0033834189642576,0.0176922611513823,7124.79529790752,0.999859729674468
"Sigma[9,8]",0.000244064622699347,0.000104247844422543,0.00846089675533379,-0.0172183581203009,-0.00339334829905478,0.000272358418552677,0.0038749781382356,0.0183560591802236,6587.16624016204,0.999832368951863
"Sigma[9,9]",0.0379504737139776,0.000641670590028599,0.0370386679737,0.00396080913199173,0.0158369776706974,0.0277962079249176,0.0475391859371441,0.131228880154167,3331.85774177475,1.00145123571998
"Sigma[9,10]",0.000789532546940025,0.000182945538682973,0.014763605925324,-0.0293430889013501,-0.00472129827859352,0.000762956155841394,0.00679147414735361,0.0305021882808536,6512.40261861784,1.00023741668413
"Sigma[9,11]",-0.000253603557275674,8.42059309145703e-05,0.00667341327395819,-0.0141590807130372,-0.00318409991819915,-0.000182000785097186,0.00269551962945013,0.0138360981446814,6280.7380228663,1.00017974691897
"Sigma[9,12]",-0.000505514489970923,8.90764054344794e-05,0.00742199827037813,-0.0166519981911015,-0.00362376424868793,-0.000152218002041981,0.00293770266337743,0.0141091390986504,6942.50707469237,1.00032669196435
"Sigma[9,13]",0.00493536672852875,0.000286621765675097,0.0208813630904927,-0.0329821356237881,-0.00404513269069163,0.00258494682162077,0.012235963691571,0.0529396681672245,5307.61430613325,1.00026025668591
"Sigma[9,14]",0.00887557709052271,0.000343379517594631,0.0194152763934216,-0.0170781481687552,-0.00141896927968186,0.00463561098421672,0.0144531027984216,0.057550806617525,3196.96868768657,1.00105184133094
"Sigma[9,15]",-0.0015441150741369,9.99932213501138e-05,0.0080391668195805,-0.0188153044309654,-0.00511343058684938,-0.00111660653314879,0.00216790783500044,0.014243545924482,6463.69658832651,0.999815696860469
"Sigma[9,16]",-0.000290227653181661,0.000113603563313315,0.00867633879381668,-0.018631426042643,-0.00407306890959172,-0.000193235995147808,0.00362339508360913,0.0179082024838043,5832.96131985605,1.0000990351398
"Sigma[9,17]",-0.000608910227216457,8.43405494630516e-05,0.00714539917196916,-0.0159982368501294,-0.00373744957840651,-0.000381706110485204,0.00252839110827305,0.0134959162566344,7177.61465382687,0.999646065686111
"Sigma[9,18]",0.00182680213346151,0.000131741452453181,0.0094663017044695,-0.0147164362676735,-0.00268244391696588,0.000825346409057867,0.00527483860518918,0.0230579172124068,5163.1624475969,1.00017621696251
"Sigma[10,1]",0.00165546817641868,0.000152126663337485,0.0127473155127269,-0.0217605921655508,-0.00410349748781821,0.000811962696135648,0.0067351962483216,0.0299080238872951,7021.44973223338,0.999983305904961
"Sigma[10,2]",-0.00205677669582965,0.000163604801492206,0.0140989485354911,-0.0310804766803472,-0.00803645923097308,-0.00182563873069725,0.00336338566262547,0.0269995591035441,7426.45168613339,1.00064842195092
"Sigma[10,3]",0.00486260670473325,0.000266351310127906,0.0229864313288027,-0.0402320932329487,-0.00479508237395904,0.00300838268877942,0.0129218946247856,0.0569413932289408,7447.89300206803,1.00015688242896
"Sigma[10,4]",-0.00435083367183906,0.000287704819177661,0.017756782395651,-0.0458270369901483,-0.00992684216930288,-0.00179545675834923,0.00370680279491294,0.0237848250983861,3809.20435342302,1.00058300100996
"Sigma[10,5]",0.00115269468716245,0.00013312355277057,0.010721773063483,-0.0193353724539153,-0.00364674500540329,0.000568889108723341,0.00555252272705224,0.0249739406245038,6486.69416925116,1.00051876041697
"Sigma[10,6]",0.000260409842307756,0.000155407629652421,0.0122318456710494,-0.0236203405083432,-0.00484726471485231,-0.000120050182333774,0.00508276626837999,0.0272543917644944,6194.97150413402,1.00020719984349
"Sigma[10,7]",0.000220006594957949,0.000169063360337073,0.0136402336234867,-0.0256002892235091,-0.00548478120162261,-0.000368429194269368,0.0051640066170629,0.0291337046434539,6509.45492194503,0.999987583299116
"Sigma[10,8]",-2.6956192834924e-05,0.000158377891883002,0.0129562632683627,-0.026979903780942,-0.00551738537979166,4.57475900622352e-05,0.00526123959013519,0.0272463052272226,6692.22312873598,1.00002912114575
"Sigma[10,9]",0.000789532546940025,0.000182945538682973,0.014763605925324,-0.0293430889013501,-0.00472129827859352,0.000762956155841394,0.00679147414735361,0.0305021882808536,6512.40261861784,1.00023741668413
"Sigma[10,10]",0.0984278801479374,0.0035452933077546,0.121491657380601,0.00847658927166552,0.0308065780428312,0.0585263188515413,0.115257641601819,0.432403513738472,1174.32571676185,1.00139224689922
"Sigma[10,11]",-0.000665507052879678,0.000115472948162928,0.00996014131368055,-0.0213128087205306,-0.00473117318694832,-0.000517756411040743,0.00373167997414036,0.0187794981728795,7439.95814558412,1.00050625565248
"Sigma[10,12]",-0.000504808129493424,0.000136688150691695,0.0110782480287953,-0.0239582648059743,-0.00503146060807476,-0.000218123692949308,0.00412290375255358,0.0221466650196505,6568.71520519732,1.00041817792656
"Sigma[10,13]",-0.00271844978564444,0.00042515840544591,0.034160869890495,-0.0762462490950503,-0.0125634569349438,-0.000872797064907011,0.00901336728205005,0.0646755709877085,6455.89269705202,0.999873808440031
"Sigma[10,14]",0.00238903897207047,0.000315445121947137,0.0267204061853892,-0.0514335828785154,-0.00676050297191587,0.00215821658308301,0.0115717360592617,0.0565047158663321,7175.27382997134,1.00049641186372
"Sigma[10,15]",-0.00281557306842794,0.000153526036084119,0.0126488904624357,-0.0314654916525999,-0.00777491361520113,-0.00192420788748664,0.00286485927901825,0.0208213097864314,6787.98367929441,1.0000520532914
"Sigma[10,16]",-0.00287021905428801,0.000148614666018049,0.0130328465791892,-0.0313523408516225,-0.0079219916925818,-0.00190279017062663,0.00307817055057852,0.0214905645998535,7690.51150160919,1.00031731131428
"Sigma[10,17]",-0.000259962816007869,0.00012277814817941,0.0105797758006424,-0.0231013319756111,-0.0047455956709373,-0.000169186295965873,0.00436660581445645,0.0213005025755781,7425.24471762518,0.999861163945336
"Sigma[10,18]",-0.000483440782167888,0.000201114856528499,0.0150257071052954,-0.0337765933120343,-0.00550476746661823,0.000582578367830439,0.00597629205837915,0.0268879509941774,5581.89330434725,0.999945095278038
"Sigma[11,1]",1.98898697366923e-05,6.24762340995213e-05,0.00600737533961241,-0.013029556906364,-0.00260136836273328,6.51562229532889e-05,0.00273462233839328,0.0122538046636421,9245.70106887092,0.999791618456745
"Sigma[11,2]",0.000382533221727696,6.73117761401938e-05,0.00642070990882195,-0.0130132083493707,-0.00245738547182087,0.000216481978939202,0.00319476999300013,0.0145996931621137,9098.79743944616,0.999916845415368
"Sigma[11,3]",-0.000295310289804728,0.000103035146744964,0.0099736793974237,-0.021190389735745,-0.00504216991142815,-0.000166654707094228,0.00442739255956131,0.0200287025582267,9370.0092497734,0.999973188533609
"Sigma[11,4]",0.00157097087220988,9.36573023829934e-05,0.00789205114531473,-0.0121693815088168,-0.00215569347704251,0.000805741300232247,0.00454098728023805,0.0193751237852136,7100.62362252892,1.00011272653932
"Sigma[11,5]",0.000345835267330155,6.04784514579514e-05,0.00519737203066234,-0.0101870028536645,-0.00199971541280638,0.000187810426753113,0.00250830267095432,0.01173156265767,7385.26842419691,0.999987659404864
"Sigma[11,6]",0.000484140022458286,6.68415532423942e-05,0.00565260830315326,-0.0108285093876152,-0.00203059749792506,0.000228349083416283,0.00287526571181768,0.0131860664400453,7151.62473138715,0.999975493932663
"Sigma[11,7]",0.000325978914518161,7.72708815610549e-05,0.00644996052838481,-0.0127212676495752,-0.00244629109320808,9.09664150157137e-05,0.00300542839692173,0.0145433901887057,6967.58667265112,0.999705664353671
"Sigma[11,8]",0.000413590072348175,7.36592172975895e-05,0.00607417959636071,-0.0120539022510904,-0.00227466226254042,0.00025418445678504,0.00311199881558836,0.0132818242887209,6800.19016549321,1.00034176290834
"Sigma[11,9]",-0.000253603557275674,8.42059309145703e-05,0.00667341327395819,-0.0141590807130372,-0.00318409991819915,-0.000182000785097186,0.00269551962945012,0.0138360981446814,6280.7380228663,1.00017974691897
"Sigma[11,10]",-0.000665507052879678,0.000115472948162928,0.00996014131368055,-0.0213128087205306,-0.00473117318694832,-0.000517756411040743,0.00373167997414036,0.0187794981728795,7439.95814558412,1.00050625565248
"Sigma[11,11]",0.0199306607292119,0.000243342127104555,0.0178307625095639,0.00185561125365762,0.00831944748010406,0.0155237225922452,0.0261440972060665,0.0643529939063631,5369.14621772363,1.00003610768365
"Sigma[11,12]",0.00113758786870069,8.00910205490258e-05,0.00589038874434798,-0.00965161681944088,-0.00148882943859715,0.00060053127755091,0.00339416816801171,0.0138318143820461,5409.0408325683,1.00001506388551
"Sigma[11,13]",-0.00137916102396804,0.000171058557955692,0.0134059973028646,-0.0309293730554033,-0.00677657048462407,-0.000834384547523966,0.00443412186597059,0.0260898084274895,6141.98345545765,0.999946413268756
"Sigma[11,14]",-0.00106736991174689,0.000146551192271634,0.0113661547747633,-0.0250770747782206,-0.00590304591186555,-0.000744819454506622,0.00390827101687557,0.0214172343620398,6015.17711051274,1.00040050939797
"Sigma[11,15]",0.000168092636802395,7.80474773109097e-05,0.00595511483389051,-0.0118624100810201,-0.00252313036458304,5.99579942280323e-05,0.0027765226973235,0.0127371256211476,5821.87049767999,1.00065163425799
"Sigma[11,16]",0.000773107991281617,8.28859315883784e-05,0.00638337822724263,-0.0112691839833861,-0.00221339481486197,0.000415376168722552,0.00341232813350495,0.0151068486059767,5931.15822508328,1.0004951405867
"Sigma[11,17]",0.000202647849715637,6.61543658423298e-05,0.00526763670382844,-0.0106060019350037,-0.00209832505470349,0.000123272424102307,0.00247676890292679,0.0114983299497583,6340.37009475162,0.999861678710688
"Sigma[11,18]",-0.000378421359202341,8.72764032859177e-05,0.00653329666483262,-0.0143099956955443,-0.00322747478513873,-0.000324799322479957,0.00257251232079189,0.0130147929719464,5603.65097715867,0.999721530857296
"Sigma[12,1]",-0.000347003311773886,6.94864375940064e-05,0.00639161564579869,-0.0138170457330686,-0.00320404911546792,-0.000205497249686782,0.00262891924131768,0.0124723357620291,8460.99051815483,0.999848374485135
"Sigma[12,2]",0.00125165553954276,8.16806954207996e-05,0.00738243848889627,-0.0127058840693796,-0.00205370452485838,0.000716596520438197,0.0042742391210948,0.0172231856780691,8168.84810882601,0.999883113000633
"Sigma[12,3]",-0.00203015671707129,0.000127848274812811,0.0109043532906119,-0.0259040836466501,-0.006795653478836,-0.00121562311830002,0.00357071764271176,0.0174843691560662,7274.61616826817,1.0001884938424
"Sigma[12,4]",0.00217618556646068,0.000100621345024837,0.00830849573757281,-0.0128328531869219,-0.00190333794230869,0.00123727747317122,0.00550317699424516,0.0211612387076627,6818.11883097094,1.00018741232706
"Sigma[12,5]",0.000253068912761706,6.46570004560259e-05,0.00574857666051939,-0.011375550251532,-0.00224893857476449,5.58770260592929e-05,0.00260642984591427,0.0126871039827872,7904.77564802715,1.00088874441027
"Sigma[12,6]",-4.28303574539709e-05,7.35432161412644e-05,0.00632106916807725,-0.0134985228657913,-0.00272200519553131,-4.92223979186291e-05,0.00266111687469372,0.0134970430818399,7387.47201619389,0.999720181816562
"Sigma[12,7]",0.000330553289813489,8.6481742978192e-05,0.00697049206912888,-0.0134976982671088,-0.00271098890812894,0.000156241423763993,0.00317980479691743,0.0157816821649348,6496.47852169438,1.00027529924208
"Sigma[12,8]",0.000942875005309243,8.0873917164405e-05,0.00668982570648174,-0.0122323698550315,-0.00223814632711809,0.000479146524488428,0.00383240330634728,0.0162943502833302,6842.46600317761,0.999699532181163
"Sigma[12,9]",-0.000505514489970923,8.90764054344794e-05,0.00742199827037813,-0.0166519981911015,-0.00362376424868793,-0.000152218002041981,0.00293770266337743,0.0141091390986504,6942.50707469237,1.00032669196435
"Sigma[12,10]",-0.000504808129493424,0.000136688150691695,0.0110782480287953,-0.0239582648059743,-0.00503146060807476,-0.000218123692949308,0.00412290375255358,0.0221466650196505,6568.71520519732,1.00041817792656
"Sigma[12,11]",0.00113758786870069,8.00910205490258e-05,0.00589038874434798,-0.00965161681944088,-0.00148882943859715,0.00060053127755091,0.00339416816801171,0.0138318143820461,5409.0408325683,1.00001506388551
"Sigma[12,12]",0.0237902535356858,0.000298638164583954,0.0205044444899829,0.00225993316849337,0.00986334392764675,0.0185541264058096,0.0317117928453304,0.0749340949770491,4714.17173977422,1.00026181212633
"Sigma[12,13]",0.00161221475720017,0.000200385915793813,0.0149384663247419,-0.0275804452372091,-0.00470948979621144,0.000912773103552711,0.00758662855214702,0.0338531758085344,5557.47653169952,0.999967802969261
"Sigma[12,14]",-0.00112128586596919,0.000156839003117153,0.0122849032856974,-0.0284249008837382,-0.00599283132628236,-0.000445532080780598,0.00460190082621223,0.0221168517517769,6135.29341272278,1.00005261156025
"Sigma[12,15]",-0.000255285611782152,8.52134873452577e-05,0.00655029104368135,-0.013825035778292,-0.00318440126164692,-0.00013496954980867,0.00273706419100471,0.0130479948243216,5908.87109820101,1.00038204742058
"Sigma[12,16]",-0.000242373363927638,8.67797299741971e-05,0.00680277600515634,-0.0145170800504217,-0.00329959630786122,-0.000195859893340851,0.00268804620389575,0.014276300640203,6145.19620264401,0.999721452285574
"Sigma[12,17]",-0.000254540170635165,8.47507410442036e-05,0.00585096368344758,-0.0126999272369372,-0.0027009082109701,-0.000132898205005995,0.00221882068119445,0.0119124908133706,4766.15098866367,1.00108263299817
"Sigma[12,18]",-0.000372009224633277,9.09205835695027e-05,0.00712832602888374,-0.0152763694115463,-0.00361157947959805,-0.000219169442371028,0.00290206718354612,0.0141876419772428,6146.82261703507,0.999944634488669
"Sigma[13,1]",0.00268149725141417,0.000213944960464523,0.0173646309076483,-0.0321935781585926,-0.00487168362239953,0.00156791657612007,0.00958562266036531,0.0414377504384352,6587.59651704648,0.999821934856757
"Sigma[13,2]",-0.000527363797711253,0.000257787060338133,0.0206343914058338,-0.045649864775492,-0.00731362928316568,0.000228454493861624,0.00775261765003247,0.0389842474339118,6407.09406862168,1.00044444614275
"Sigma[13,3]",-0.00114697919561708,0.000377932014685969,0.0319912939440511,-0.0638557191366963,-0.014810720630423,-0.00184684302468362,0.00980983356568392,0.0730047695558618,7165.33083389505,0.999881063596153
"Sigma[13,4]",0.0029632593578924,0.000400006930480596,0.025501910735852,-0.0398953761115287,-0.00755862337567672,0.000358797587170024,0.00970053588758405,0.0668238609562977,4064.53072289434,1.00015696411573
"Sigma[13,5]",0.0010224469540828,0.000170551360030121,0.0139936606346225,-0.0262969182757095,-0.00515421160597558,0.000425894507304057,0.00633623591780475,0.0325281860021718,6732.12701207238,0.999780663352726
"Sigma[13,6]",0.000284622009272549,0.00020584934938513,0.0166718366417214,-0.032870706060461,-0.00637117696459844,6.31160376516779e-05,0.00626499019111884,0.0368091572226659,6559.45708524694,0.999988121756344
"Sigma[13,7]",-0.00334180919217972,0.000254005497532796,0.0194699511758036,-0.0475289164848535,-0.00959717143082088,-0.00142151914597024,0.00498673588795825,0.0304682349739099,5875.48189407535,0.999557598126189
"Sigma[13,8]",0.00031849408567827,0.000224241266541083,0.0180420171801831,-0.0369743146938367,-0.00706068554236446,-0.00018055212728098,0.00703096615673831,0.0394295233012708,6473.49934888588,1.00052431125792
"Sigma[13,9]",0.00493536672852875,0.000286621765675097,0.0208813630904927,-0.0329821356237881,-0.00404513269069163,0.00258494682162077,0.012235963691571,0.0529396681672245,5307.61430613325,1.00026025668591
"Sigma[13,10]",-0.00271844978564444,0.00042515840544591,0.034160869890495,-0.0762462490950503,-0.0125634569349438,-0.000872797064907011,0.00901336728205005,0.0646755709877085,6455.89269705202,0.999873808440031
"Sigma[13,11]",-0.00137916102396804,0.000171058557955692,0.0134059973028646,-0.0309293730554033,-0.00677657048462407,-0.000834384547523966,0.00443412186597059,0.0260898084274895,6141.98345545765,0.999946413268756
"Sigma[13,12]",0.00161221475720017,0.000200385915793813,0.0149384663247419,-0.0275804452372091,-0.00470948979621144,0.000912773103552711,0.00758662855214702,0.0338531758085344,5557.47653169952,0.999967802969261
"Sigma[13,13]",0.19050118639595,0.00629787118011651,0.231230252368988,0.0109877820118015,0.0445910999142633,0.107345412976388,0.245082718760488,0.842440516978979,1348.036837227,1.00249870474422
"Sigma[13,14]",0.0192580300630991,0.00077661704746282,0.0429297244360184,-0.0368448998409211,-0.000952559565531791,0.00910184954252453,0.0293892329484188,0.128370454729012,3055.64123857335,1.00059434986062
"Sigma[13,15]",-0.00269706727731801,0.000220628455467338,0.0174436498501849,-0.0423742241285547,-0.00926316255356784,-0.00120629391014953,0.00501869275680967,0.0312426003468294,6251.0312708517,1.00017788164757
"Sigma[13,16]",0.00135252065715981,0.000240313562159221,0.0184312363159934,-0.0343530511466974,-0.00626496066178136,0.000456946352491871,0.00820783010976198,0.041362087679205,5882.37047146957,0.999715872592765
"Sigma[13,17]",-0.00494443709794041,0.000202440894748384,0.0147617831157205,-0.0404222962590773,-0.0105267024928598,-0.00292378181388925,0.00211971185949832,0.0211215385854656,5317.17732753986,1.00055756143547
"Sigma[13,18]",0.000422386041434284,0.000256008663569998,0.0211134258881894,-0.0409237121972595,-0.0077919030445246,-0.000124259737815089,0.00759365186952268,0.0480982709752698,6801.55307390154,1.00007813453442
"Sigma[14,1]",-0.000233887885334724,0.000155147736258648,0.0139113457126317,-0.0298184973034371,-0.00637668528627828,-0.000278553551717053,0.00581429773092966,0.0288786147755408,8039.83989761279,0.999981183233791
"Sigma[14,2]",-0.0020231585727161,0.000197484754241488,0.0155765555237621,-0.035420797422009,-0.00830261052506874,-0.001384452196009,0.00443157361398396,0.0291850636915775,6221.2221170349,1.00067062670047
"Sigma[14,3]",-0.0067887419758714,0.000307511977929736,0.0247550398282115,-0.0598990186811754,-0.0166919448293004,-0.00465729820188801,0.00394636181967235,0.0415271861496686,6480.42047377737,1.00007642109417
"Sigma[14,4]",-0.00231056789693989,0.000240169444295942,0.0188139214825719,-0.038842857039054,-0.0100821224845891,-0.00199690707058146,0.00454311939552114,0.0368250223326659,6136.53404570232,0.999758988254411
"Sigma[14,5]",0.00161984873688476,0.000140443507087164,0.0114678494051436,-0.0215562348644055,-0.00361810458753094,0.00102332553257982,0.00645872595125552,0.0276275324474371,6667.46324905965,1.00005438923919
"Sigma[14,6]",0.00251492727135382,0.000189606086636131,0.013853111565873,-0.0233194710234194,-0.00365446104678292,0.00128286312386494,0.00738356078538914,0.03474640221772,5338.14190065427,0.999584870164206
"Sigma[14,7]",-0.0012735308249518,0.000201794601696659,0.0153115768565598,-0.0369872487608828,-0.00684303572066631,-0.000495776734538511,0.00520921602555866,0.0288502358119002,5757.32504261932,0.999941686947889
"Sigma[14,8]",-0.00373151058146396,0.000188186514370162,0.014546277352559,-0.0375181369696471,-0.00960556392026595,-0.00251986314266296,0.00297041763158681,0.0229950974533741,5974.84621344221,0.999828129127757
"Sigma[14,9]",0.00887557709052271,0.000343379517594631,0.0194152763934216,-0.0170781481687552,-0.00141896927968186,0.00463561098421672,0.0144531027984216,0.057550806617525,3196.96868768657,1.00105184133094
"Sigma[14,10]",0.00238903897207047,0.000315445121947137,0.0267204061853892,-0.0514335828785153,-0.00676050297191587,0.00215821658308301,0.0115717360592617,0.0565047158663321,7175.27382997134,1.00049641186372
"Sigma[14,11]",-0.00106736991174689,0.000146551192271634,0.0113661547747633,-0.0250770747782206,-0.00590304591186555,-0.000744819454506622,0.00390827101687557,0.0214172343620398,6015.17711051274,1.00040050939797
"Sigma[14,12]",-0.00112128586596919,0.000156839003117153,0.0122849032856974,-0.0284249008837382,-0.00599283132628236,-0.000445532080780598,0.00460190082621223,0.0221168517517769,6135.29341272278,1.00005261156025
"Sigma[14,13]",0.0192580300630991,0.00077661704746282,0.0429297244360184,-0.0368448998409211,-0.000952559565531791,0.00910184954252454,0.0293892329484188,0.128370454729012,3055.64123857335,1.00059434986062
"Sigma[14,14]",0.119242925304523,0.00321276746042583,0.126716681827806,0.0118740746523144,0.040031814411537,0.077172599855955,0.150076268916817,0.468626608913926,1555.63963281258,1.0009650199733
"Sigma[14,15]",-0.0015097290047963,0.000176574214265889,0.0141287070744671,-0.0326020416652614,-0.00710695762025807,-0.000680927979275263,0.0049860131307909,0.0259432336433198,6402.51017831425,0.999652343845579
"Sigma[14,16]",0.000922933135627628,0.000184414092158334,0.0142574654339925,-0.0268672295865377,-0.00555643751714995,0.000281947001593144,0.00662211191889426,0.0322881473832577,5977.18151613476,0.999706160348041
"Sigma[14,17]",-0.00152426835464546,0.000144134817383775,0.011792763018152,-0.0277516037509137,-0.00655338071387832,-0.00106988890218437,0.00379173928161862,0.0219591049279106,6694.11760735724,1.00003065995343
"Sigma[14,18]",0.00452158253850958,0.000229176364789424,0.0160204159823251,-0.0227667743906526,-0.00334741764089867,0.00240826862489039,0.0101873205945525,0.0435958416390989,4886.61275997356,1.0000188316178
"Sigma[15,1]",7.22149399858667e-05,8.2670407001975e-05,0.00726242431440323,-0.0139540264621022,-0.00351684060420163,-0.000188736904370164,0.00335799839363504,0.0161398625276439,7717.25920275518,1.00017264855164
"Sigma[15,2]",-0.000186232131376522,9.19000329040501e-05,0.00841591734505529,-0.0186163534924881,-0.00372200222179513,3.30050187015372e-05,0.00367446668761603,0.016871617866187,8386.3230767567,1.0000022056777
"Sigma[15,3]",-0.0038889050396836,0.000140679677607413,0.0124711772677529,-0.0326917140674756,-0.00947682613902986,-0.00289714076567742,0.0023538512281645,0.0197584510034503,7858.72652498656,1.00022386689816
"Sigma[15,4]",-0.00107576546095795,0.00010490270387578,0.00931966456472342,-0.0209365390592926,-0.00505821647710765,-0.000546354680899714,0.00323356864013067,0.0169665147600118,7892.72912402257,0.999712676220114
"Sigma[15,5]",0.00118140370057089,7.86644251634258e-05,0.00632773617943375,-0.0111786394775183,-0.00180347445880325,0.000710022166394301,0.00385437158166674,0.01517191366626,6470.53187627427,1.00000512891916
"Sigma[15,6]",0.0015893120144097,8.48568688972341e-05,0.00711004210958205,-0.0115016859790291,-0.00179207272382234,0.000892911259007446,0.0045200570687402,0.0178288296327565,7020.53712126474,0.999804324543578
"Sigma[15,7]",0.000138860236021652,9.26849130440946e-05,0.0078571891676463,-0.0174086536218502,-0.00325188266749869,0.000176286313327523,0.00361878936802116,0.0162353237703079,7186.48171350274,0.999902419381954
"Sigma[15,8]",-0.00190677779961522,9.15167046065925e-05,0.00764534973616933,-0.0196113483767992,-0.00516788214391587,-0.00129529243931376,0.00186918572356636,0.0120706010974098,6979.01235604289,0.9997036371881
"Sigma[15,9]",-0.0015441150741369,9.99932213501138e-05,0.0080391668195805,-0.0188153044309654,-0.00511343058684938,-0.00111660653314879,0.00216790783500044,0.014243545924482,6463.69658832651,0.999815696860469
"Sigma[15,10]",-0.00281557306842794,0.000153526036084119,0.0126488904624357,-0.0314654916525999,-0.00777491361520113,-0.00192420788748664,0.00286485927901825,0.0208213097864314,6787.98367929441,1.0000520532914
"Sigma[15,11]",0.000168092636802395,7.80474773109097e-05,0.00595511483389051,-0.0118624100810201,-0.00252313036458304,5.99579942280323e-05,0.0027765226973235,0.0127371256211476,5821.87049767999,1.00065163425799
"Sigma[15,12]",-0.000255285611782152,8.52134873452577e-05,0.00655029104368135,-0.013825035778292,-0.00318440126164692,-0.00013496954980867,0.00273706419100471,0.0130479948243216,5908.87109820101,1.00038204742058
"Sigma[15,13]",-0.00269706727731801,0.000220628455467338,0.0174436498501849,-0.0423742241285547,-0.00926316255356784,-0.00120629391014953,0.00501869275680967,0.0312426003468294,6251.0312708517,1.00017788164757
"Sigma[15,14]",-0.0015097290047963,0.000176574214265889,0.0141287070744671,-0.0326020416652614,-0.00710695762025807,-0.000680927979275263,0.0049860131307909,0.0259432336433198,6402.51017831425,0.999652343845579
"Sigma[15,15]",0.0311273839263743,0.000390942792455207,0.0249540561254007,0.00357986146553507,0.014423688483993,0.0248799445921635,0.0403319399361978,0.0973492892339836,4074.32692150862,1.00026076077793
"Sigma[15,16]",0.0023190435879688,0.000102153830300673,0.00770582736653826,-0.0121637327398043,-0.00153154985875407,0.00157435803502526,0.00573864185471231,0.019816744488947,5690.22238679463,1.00059539133149
"Sigma[15,17]",0.00117395709564962,9.09777944905028e-05,0.00645270317725898,-0.0109783623278865,-0.00192116844011765,0.000648769764203307,0.0038428622972891,0.0163817468156681,5030.51638159257,0.999834655709306
"Sigma[15,18]",0.000375910364831812,0.000103702659542921,0.00798806817901638,-0.0154695834872628,-0.00337569571474852,0.000155223770732585,0.00388682891524869,0.0175579185982463,5933.40150129384,0.999976378047501
"Sigma[16,1]",0.0013614212308544,8.13674270302231e-05,0.00746810142778075,-0.0132088251329369,-0.00230414305924823,0.00092534594984221,0.0047158158901932,0.0180688947292168,8424.01728144004,0.999644657750338
"Sigma[16,2]",0.000711684780921756,9.15853837622514e-05,0.00821022219855726,-0.0160776654254825,-0.00288777321829834,0.00059846715755497,0.00440557021537077,0.0181251001445045,8036.32482905735,0.999853773031855
"Sigma[16,3]",-0.00349701983762364,0.000140423852328313,0.0125267265282736,-0.0312852188673008,-0.00937671310421166,-0.00239725986575567,0.00297784731451982,0.0192997919184846,7957.80745036732,0.999646713472984
"Sigma[16,4]",-0.000163247832843101,0.000110988845115918,0.0095278994466342,-0.0185242818317775,-0.00465930249819295,-0.000305973007596545,0.00381156371283713,0.0201597844248233,7369.45999212361,1.00027003402996
"Sigma[16,5]",3.3808544311378e-05,7.15206044045408e-05,0.00643854031468766,-0.0134405414675347,-0.00282200327579446,-5.16536343563391e-06,0.00286495571681645,0.0136181304961475,8104.24360272155,0.99988146426239
"Sigma[16,6]",0.00146506854074626,9.17401194580245e-05,0.00740422410811032,-0.0117882623054137,-0.00204043152169418,0.000784958182567459,0.00448539654709819,0.0182360246171517,6513.8913152168,1.00039884029743
"Sigma[16,7]",0.00113853274972778,9.38160371390485e-05,0.00810535566937008,-0.0152766641430405,-0.00242904917680403,0.000809899870742385,0.00459468974788601,0.0185943057234855,7464.31545955231,0.999878629100363
"Sigma[16,8]",-0.000206625935743963,9.08020127557042e-05,0.00764953662496081,-0.0165712718014709,-0.00358669608645521,-7.9821428668831e-05,0.00336962304521536,0.0150169424212587,7097.07354727883,0.999970361494982
"Sigma[16,9]",-0.000290227653181661,0.000113603563313315,0.00867633879381668,-0.0186314260426429,-0.00407306890959172,-0.000193235995147808,0.00362339508360913,0.0179082024838043,5832.96131985605,1.0000990351398
"Sigma[16,10]",-0.00287021905428801,0.000148614666018049,0.0130328465791892,-0.0313523408516225,-0.0079219916925818,-0.00190279017062663,0.00307817055057852,0.0214905645998535,7690.51150160918,1.00031731131428
"Sigma[16,11]",0.000773107991281617,8.28859315883784e-05,0.00638337822724263,-0.0112691839833861,-0.00221339481486197,0.000415376168722552,0.00341232813350495,0.0151068486059767,5931.15822508328,1.0004951405867
"Sigma[16,12]",-0.000242373363927638,8.67797299741971e-05,0.00680277600515634,-0.0145170800504217,-0.00329959630786122,-0.000195859893340851,0.00268804620389575,0.014276300640203,6145.19620264401,0.999721452285574
"Sigma[16,13]",0.00135252065715981,0.000240313562159221,0.0184312363159934,-0.0343530511466974,-0.00626496066178136,0.000456946352491871,0.00820783010976198,0.041362087679205,5882.37047146957,0.999715872592765
"Sigma[16,14]",0.000922933135627628,0.000184414092158334,0.0142574654339925,-0.0268672295865377,-0.00555643751714995,0.000281947001593144,0.00662211191889426,0.0322881473832577,5977.18151613476,0.999706160348041
"Sigma[16,15]",0.0023190435879688,0.000102153830300673,0.00770582736653826,-0.0121637327398043,-0.00153154985875407,0.00157435803502526,0.00573864185471231,0.019816744488947,5690.22238679463,1.00059539133149
"Sigma[16,16]",0.0328499107237188,0.000413004698871473,0.0269697586052347,0.0036288932771998,0.0151713451473505,0.0259021393946442,0.0428580671649609,0.100992779975467,4264.26448169302,1.00002517285456
"Sigma[16,17]",-0.000105924949116204,9.13673542114001e-05,0.00661162786101569,-0.0141111314128014,-0.00303104666719154,-0.000108628334565652,0.00286290290313647,0.0138423987187911,5236.42279004623,0.999869226900193
"Sigma[16,18]",-0.00110698590844355,0.000105700236943587,0.0080002738078574,-0.0189763548165283,-0.00478116899255955,-0.00074955186509073,0.00273989251954718,0.014875057067241,5728.72242887493,1.00000690913743
"Sigma[17,1]",-0.000190868702985903,6.55535724164359e-05,0.0062630745265436,-0.0128771448939732,-0.00314174755887447,-0.000277131658350193,0.00267596287882448,0.0131476215172944,9128.1429154476,0.999945366094656
"Sigma[17,2]",-0.000564037539844901,7.59746211285853e-05,0.00687447924507865,-0.0146777724484255,-0.00357787759540581,-0.000371777355488951,0.0024665497533136,0.013304787972597,8187.33431163065,1.00029155530105
"Sigma[17,3]",0.0025403491445556,0.00012199289233837,0.010674046553202,-0.0171402941825549,-0.00280181691840462,0.00168956320800891,0.00710302485631011,0.0265700685521875,7655.77442950664,1.00000510127694
"Sigma[17,4]",0.00118832469089322,8.64233963679549e-05,0.00769743151169062,-0.0145103410606216,-0.00231353037652382,0.000793790003256087,0.00448334777856478,0.0184762626846326,7932.84570758899,0.999848516722748
"Sigma[17,5]",0.000505397049525986,6.59138295218808e-05,0.00567946384004842,-0.0105349058935933,-0.00194868041139031,0.000281390770179803,0.0027693924230246,0.013194423788955,7424.40387663179,0.999911698153595
"Sigma[17,6]",0.000780201456324813,6.99140204605285e-05,0.00612744130076904,-0.0114536300365666,-0.00205205406415788,0.000377657209423856,0.00320297880441965,0.014591621732895,7681.21222524745,0.999743911488232
"Sigma[17,7]",-9.86492229199954e-05,8.09804261847883e-05,0.00675947849893556,-0.0141263468895384,-0.00295480435390777,-6.3623266309596e-05,0.00279618525099482,0.0136522110246396,6967.32815326083,0.999984411434151
"Sigma[17,8]",7.02721896430054e-05,7.89470091191398e-05,0.00644913557262771,-0.0132373914744721,-0.00284578471301193,-2.46720048985109e-05,0.0028977313760017,0.0140073969573798,6673.16172682568,1.0001851555974
"Sigma[17,9]",-0.000608910227216457,8.43405494630516e-05,0.00714539917196916,-0.0159982368501294,-0.00373744957840651,-0.000381706110485204,0.00252839110827305,0.0134959162566344,7177.61465382687,0.999646065686111
"Sigma[17,10]",-0.000259962816007869,0.00012277814817941,0.0105797758006424,-0.0231013319756111,-0.0047455956709373,-0.000169186295965873,0.00436660581445645,0.0213005025755781,7425.24471762518,0.999861163945336
"Sigma[17,11]",0.000202647849715637,6.61543658423298e-05,0.00526763670382844,-0.0106060019350037,-0.00209832505470349,0.000123272424102307,0.00247676890292679,0.0114983299497583,6340.37009475162,0.999861678710688
"Sigma[17,12]",-0.000254540170635165,8.47507410442036e-05,0.00585096368344758,-0.0126999272369372,-0.0027009082109701,-0.000132898205005995,0.00221882068119445,0.0119124908133706,4766.15098866367,1.00108263299817
"Sigma[17,13]",-0.00494443709794041,0.000202440894748384,0.0147617831157205,-0.0404222962590773,-0.0105267024928598,-0.00292378181388925,0.00211971185949832,0.0211215385854656,5317.17732753986,1.00055756143547
"Sigma[17,14]",-0.00152426835464546,0.000144134817383775,0.011792763018152,-0.0277516037509137,-0.00655338071387832,-0.00106988890218437,0.00379173928161862,0.0219591049279106,6694.11760735724,1.00003065995343
"Sigma[17,15]",0.00117395709564962,9.09777944905028e-05,0.00645270317725898,-0.0109783623278865,-0.00192116844011765,0.000648769764203307,0.0038428622972891,0.0163817468156681,5030.51638159257,0.999834655709306
"Sigma[17,16]",-0.000105924949116204,9.13673542114001e-05,0.00661162786101569,-0.0141111314128014,-0.00303104666719154,-0.000108628334565652,0.00286290290313647,0.0138423987187911,5236.42279004623,0.999869226900193
"Sigma[17,17]",0.0220671699100843,0.000260793756531819,0.018541151849629,0.00205152315732749,0.00946383249877317,0.0173212811396295,0.0291790573636022,0.0702350169308857,5054.50978165288,1.00025344214625
"Sigma[17,18]",0.00104318856206935,9.2820648987482e-05,0.00711279661706541,-0.0129043160617384,-0.00226713190685101,0.000617404614934851,0.00409699133810232,0.0167347178976434,5872.07481405628,1.00155860707759
"Sigma[18,1]",-0.0021798895308166,8.69610192746457e-05,0.00801001843214566,-0.0201973292123659,-0.0057637962848428,-0.00149153564997119,0.00185055716125239,0.0127772950712145,8484.33460580856,1.00043337046354
"Sigma[18,2]",-0.00176091071582208,9.99336055296315e-05,0.00881927584755869,-0.0200258470323187,-0.00567231674730608,-0.00138496318269614,0.00220078996588444,0.0155990017916237,7788.30121696165,1.00054212357119
"Sigma[18,3]",0.00894960497905991,0.000213339930754759,0.0150244154425576,-0.0140267105794644,0.000402646480308699,0.00635288905891614,0.0151357838377263,0.0455095902075533,4959.64815517199,1.00029769392206
"Sigma[18,4]",0.00193586865576765,0.000111425478875282,0.00994712177866995,-0.0170020635929348,-0.00271985792745254,0.0013473374661069,0.00618373156037538,0.0229917426175076,7969.40414329806,0.999940805935694
"Sigma[18,5]",-0.000400787856197945,7.29040732675882e-05,0.0066507461436049,-0.0152129959976773,-0.00331392474653604,-0.000134212874266905,0.0027924908251994,0.0123578931784359,8322.18096301845,1.00049882323041
"Sigma[18,6]",-0.00227277303101646,0.000107208301983846,0.00801489138596746,-0.0211843974811436,-0.0053442626681086,-0.00128163660773208,0.00177084262712649,0.0114595620690398,5589.05582829061,1.00007000152451
"Sigma[18,7]",-0.00134019064959188,0.000108651241908381,0.00859277857844722,-0.0197508183936521,-0.00493163468499288,-0.000871739174229007,0.00242064995392086,0.0153043090012757,6254.57568607483,1.00038076766591
"Sigma[18,8]",-0.000987606511149449,0.000107984869657798,0.00838871635841257,-0.0188209231729389,-0.00484853355150858,-0.000631596566322512,0.0028999609181558,0.0156962987215613,6034.83226346471,1.0003616560034
"Sigma[18,9]",0.00182680213346151,0.000131741452453181,0.0094663017044695,-0.0147164362676735,-0.00268244391696588,0.000825346409057867,0.00527483860518918,0.0230579172124068,5163.16244759689,1.00017621696251
"Sigma[18,10]",-0.000483440782167888,0.000201114856528499,0.0150257071052954,-0.0337765933120343,-0.00550476746661823,0.000582578367830439,0.00597629205837915,0.0268879509941774,5581.89330434725,0.999945095278038
"Sigma[18,11]",-0.000378421359202341,8.72764032859177e-05,0.00653329666483262,-0.0143099956955443,-0.00322747478513873,-0.000324799322479957,0.00257251232079189,0.0130147929719464,5603.65097715867,0.999721530857296
"Sigma[18,12]",-0.000372009224633277,9.09205835695027e-05,0.00712832602888374,-0.0152763694115463,-0.00361157947959805,-0.000219169442371028,0.00290206718354612,0.0141876419772428,6146.82261703507,0.999944634488669
"Sigma[18,13]",0.000422386041434284,0.000256008663569998,0.0211134258881894,-0.0409237121972595,-0.0077919030445246,-0.000124259737815089,0.00759365186952268,0.0480982709752698,6801.55307390154,1.00007813453442
"Sigma[18,14]",0.00452158253850958,0.000229176364789424,0.0160204159823251,-0.0227667743906526,-0.00334741764089867,0.00240826862489039,0.0101873205945525,0.0435958416390989,4886.61275997356,1.0000188316178
"Sigma[18,15]",0.000375910364831812,0.000103702659542921,0.00798806817901638,-0.0154695834872628,-0.00337569571474852,0.000155223770732585,0.00388682891524869,0.0175579185982463,5933.40150129382,0.999976378047501
"Sigma[18,16]",-0.00110698590844355,0.000105700236943587,0.0080002738078574,-0.0189763548165283,-0.00478116899255955,-0.00074955186509073,0.00273989251954718,0.014875057067241,5728.72242887493,1.00000690913743
"Sigma[18,17]",0.00104318856206935,9.2820648987482e-05,0.00711279661706541,-0.0129043160617384,-0.00226713190685101,0.000617404614934852,0.00409699133810232,0.0167347178976434,5872.07481405628,1.00155860707759
"Sigma[18,18]",0.0376311404041483,0.000571725832564122,0.0316439211652527,0.00461280334361649,0.0168721326352188,0.0288357819368016,0.0483683517987765,0.124159413793623,3063.40880697025,1.00033962321164
"N_sim[1]",0,NA,0,0,0,0,0,0,NA,NA
"N_sim[2]",0,NA,0,0,0,0,0,0,NA,NA
"N_sim[3]",0,NA,0,0,0,0,0,0,NA,NA
"N_sim[4]",0,NA,0,0,0,0,0,0,NA,NA
"N_sim[5]",0,NA,0,0,0,0,0,0,NA,NA
"N_sim[6]",0,NA,0,0,0,0,0,0,NA,NA
"N_sim[7]",0,NA,0,0,0,0,0,0,NA,NA
"N_sim[8]",0,NA,0,0,0,0,0,0,NA,NA
"N_sim[9]",0,NA,0,0,0,0,0,0,NA,NA
"N_sim[10]",0,NA,0,0,0,0,0,0,NA,NA
"N_sim[11]",0,NA,0,0,0,0,0,0,NA,NA
"N_sim[12]",0,NA,0,0,0,0,0,0,NA,NA
"N_sim[13]",0,NA,0,0,0,0,0,0,NA,NA
"N_sim[14]",0,NA,0,0,0,0,0,0,NA,NA
"N_sim[15]",0,NA,0,0,0,0,0,0,NA,NA
"N_sim[16]",0,NA,0,0,0,0,0,0,NA,NA
"N_sim[17]",0,NA,0,0,0,0,0,0,NA,NA
"N_sim[18]",0,NA,0,0,0,0,0,0,NA,NA
"N_sim[19]",0,NA,0,0,0,0,0,0,NA,NA
"N_sim[20]",0,NA,0,0,0,0,0,0,NA,NA
"N_sim[21]",0,NA,0,0,0,0,0,0,NA,NA
"N_sim[22]",0,NA,0,0,0,0,0,0,NA,NA
"N_sim[23]",0,NA,0,0,0,0,0,0,NA,NA
"N_sim[24]",0,NA,0,0,0,0,0,0,NA,NA
"N_sim[25]",0,NA,0,0,0,0,0,0,NA,NA
"N_sim[26]",0,NA,0,0,0,0,0,0,NA,NA
"N_sim[27]",0,NA,0,0,0,0,0,0,NA,NA
"N_sim[28]",0,NA,0,0,0,0,0,0,NA,NA
"N_sim[29]",0,NA,0,0,0,0,0,0,NA,NA
"N_sim[30]",0,NA,0,0,0,0,0,0,NA,NA
"N_sim[31]",0,NA,0,0,0,0,0,0,NA,NA
"N_sim[32]",0,NA,0,0,0,0,0,0,NA,NA
"N_sim[33]",0,NA,0,0,0,0,0,0,NA,NA
"N_sim[34]",0,NA,0,0,0,0,0,0,NA,NA
"N_sim[35]",0,NA,0,0,0,0,0,0,NA,NA
"N_sim[36]",0,NA,0,0,0,0,0,0,NA,NA
"N_sim[37]",0,NA,0,0,0,0,0,0,NA,NA
"N_sim[38]",0,NA,0,0,0,0,0,0,NA,NA
"N_sim[39]",0,NA,0,0,0,0,0,0,NA,NA
"N_sim[40]",0,NA,0,0,0,0,0,0,NA,NA
"N_sim[41]",0,NA,0,0,0,0,0,0,NA,NA
"N_sim[42]",0,NA,0,0,0,0,0,0,NA,NA
"N_sim[43]",0,NA,0,0,0,0,0,0,NA,NA
"N_sim[44]",0,NA,0,0,0,0,0,0,NA,NA
"N_sim[45]",0,NA,0,0,0,0,0,0,NA,NA
"N_sim[46]",0,NA,0,0,0,0,0,0,NA,NA
"N_sim[47]",0,NA,0,0,0,0,0,0,NA,NA
"N_sim[48]",0,NA,0,0,0,0,0,0,NA,NA
"N_sim[49]",0,NA,0,0,0,0,0,0,NA,NA
"N_sim[50]",0,NA,0,0,0,0,0,0,NA,NA
"N_sim[51]",0,NA,0,0,0,0,0,0,NA,NA
"N_sim[52]",0,NA,0,0,0,0,0,0,NA,NA
"N_sim[53]",0,NA,0,0,0,0,0,0,NA,NA
"N_sim[54]",0,NA,0,0,0,0,0,0,NA,NA
"N_sim[55]",0,NA,0,0,0,0,0,0,NA,NA
"N_sim[56]",0,NA,0,0,0,0,0,0,NA,NA
"N_sim[57]",0,NA,0,0,0,0,0,0,NA,NA
"N_sim[58]",0,NA,0,0,0,0,0,0,NA,NA
"N_sim[59]",0,NA,0,0,0,0,0,0,NA,NA
"N_sim[60]",0,NA,0,0,0,0,0,0,NA,NA
"N_sim[61]",0,NA,0,0,0,0,0,0,NA,NA
"N_sim[62]",0,NA,0,0,0,0,0,0,NA,NA
"N_sim[63]",0,NA,0,0,0,0,0,0,NA,NA
"N_sim[64]",0,NA,0,0,0,0,0,0,NA,NA
"N_sim[65]",0,NA,0,0,0,0,0,0,NA,NA
"N_sim[66]",0,NA,0,0,0,0,0,0,NA,NA
"N_sim[67]",0,NA,0,0,0,0,0,0,NA,NA
"N_sim[68]",0,NA,0,0,0,0,0,0,NA,NA
"N_sim[69]",0,NA,0,0,0,0,0,0,NA,NA
"N_sim[70]",0,NA,0,0,0,0,0,0,NA,NA
"N_sim[71]",0,NA,0,0,0,0,0,0,NA,NA
"N_sim[72]",0,NA,0,0,0,0,0,0,NA,NA
"N_sim[73]",0,NA,0,0,0,0,0,0,NA,NA
"N_sim[74]",0,NA,0,0,0,0,0,0,NA,NA
"N_sim[75]",0,NA,0,0,0,0,0,0,NA,NA
"N_sim[76]",0,NA,0,0,0,0,0,0,NA,NA
"N_sim[77]",0,NA,0,0,0,0,0,0,NA,NA
"N_sim[78]",0,NA,0,0,0,0,0,0,NA,NA
"N_sim[79]",0,NA,0,0,0,0,0,0,NA,NA
"N_sim[80]",0,NA,0,0,0,0,0,0,NA,NA
"N_sim[81]",0,NA,0,0,0,0,0,0,NA,NA
"N_sim[82]",0,NA,0,0,0,0,0,0,NA,NA
"N_sim[83]",0,NA,0,0,0,0,0,0,NA,NA
"N_sim[84]",0,NA,0,0,0,0,0,0,NA,NA
"N_sim[85]",0,NA,0,0,0,0,0,0,NA,NA
"N_sim[86]",0,NA,0,0,0,0,0,0,NA,NA
"N_sim[87]",0,NA,0,0,0,0,0,0,NA,NA
"N_sim[88]",0,NA,0,0,0,0,0,0,NA,NA
"N_sim[89]",0,NA,0,0,0,0,0,0,NA,NA
"N_sim[90]",0,NA,0,0,0,0,0,0,NA,NA
"N_sim[91]",0,NA,0,0,0,0,0,0,NA,NA
"N_sim[92]",0,NA,0,0,0,0,0,0,NA,NA
"N_sim[93]",0,NA,0,0,0,0,0,0,NA,NA
"N_sim[94]",0,NA,0,0,0,0,0,0,NA,NA
"N_sim[95]",0,NA,0,0,0,0,0,0,NA,NA
"N_sim[96]",0,NA,0,0,0,0,0,0,NA,NA
"N_sim[97]",0,NA,0,0,0,0,0,0,NA,NA
"N_sim[98]",0,NA,0,0,0,0,0,0,NA,NA
"N_sim[99]",0,NA,0,0,0,0,0,0,NA,NA
"N_sim[100]",0,NA,0,0,0,0,0,0,NA,NA
"N_sim[101]",0,NA,0,0,0,0,0,0,NA,NA
"N_sim[102]",0,NA,0,0,0,0,0,0,NA,NA
"N_sim[103]",0,NA,0,0,0,0,0,0,NA,NA
"N_sim[104]",0,NA,0,0,0,0,0,0,NA,NA
"N_sim[105]",0,NA,0,0,0,0,0,0,NA,NA
"N_sim[106]",0,NA,0,0,0,0,0,0,NA,NA
"N_sim[107]",0,NA,0,0,0,0,0,0,NA,NA
"N_sim[108]",0,NA,0,0,0,0,0,0,NA,NA
"N_sim[109]",0,NA,0,0,0,0,0,0,NA,NA
"N_sim[110]",0,NA,0,0,0,0,0,0,NA,NA
"N_sim[111]",0,NA,0,0,0,0,0,0,NA,NA
"N_sim[112]",0,NA,0,0,0,0,0,0,NA,NA
"N_sim[113]",0,NA,0,0,0,0,0,0,NA,NA
"N_sim[114]",0,NA,0,0,0,0,0,0,NA,NA
"N_sim[115]",0,NA,0,0,0,0,0,0,NA,NA
"N_sim[116]",0,NA,0,0,0,0,0,0,NA,NA
"N_sim[117]",0,NA,0,0,0,0,0,0,NA,NA
"N_sim[118]",0,NA,0,0,0,0,0,0,NA,NA
"N_sim[119]",0,NA,0,0,0,0,0,0,NA,NA
"N_sim[120]",0,NA,0,0,0,0,0,0,NA,NA
"N_sim[121]",0,NA,0,0,0,0,0,0,NA,NA
"N_sim[122]",0,NA,0,0,0,0,0,0,NA,NA
"N_sim[123]",0,NA,0,0,0,0,0,0,NA,NA
"N_sim[124]",0,NA,0,0,0,0,0,0,NA,NA
"N_sim[125]",0,NA,0,0,0,0,0,0,NA,NA
"N_sim[126]",0,NA,0,0,0,0,0,0,NA,NA
"N_sim[127]",0,NA,0,0,0,0,0,0,NA,NA
"N_sim[128]",0,NA,0,0,0,0,0,0,NA,NA
"N_sim[129]",0,NA,0,0,0,0,0,0,NA,NA
"N_sim[130]",0,NA,0,0,0,0,0,0,NA,NA
"N_sim[131]",0,NA,0,0,0,0,0,0,NA,NA
"N_sim[132]",0,NA,0,0,0,0,0,0,NA,NA
"N_sim[133]",0,NA,0,0,0,0,0,0,NA,NA
"N_sim[134]",0,NA,0,0,0,0,0,0,NA,NA
"N_sim[135]",0,NA,0,0,0,0,0,0,NA,NA
"N_sim[136]",0,NA,0,0,0,0,0,0,NA,NA
"N_sim[137]",0,NA,0,0,0,0,0,0,NA,NA
"N_sim[138]",0,NA,0,0,0,0,0,0,NA,NA
"N_sim[139]",0,NA,0,0,0,0,0,0,NA,NA
"N_sim[140]",0,NA,0,0,0,0,0,0,NA,NA
"N_sim[141]",0,NA,0,0,0,0,0,0,NA,NA
"N_sim[142]",0,NA,0,0,0,0,0,0,NA,NA
"N_sim[143]",0,NA,0,0,0,0,0,0,NA,NA
"N_sim[144]",0,NA,0,0,0,0,0,0,NA,NA
"N_sim[145]",0,NA,0,0,0,0,0,0,NA,NA
"N_sim[146]",0,NA,0,0,0,0,0,0,NA,NA
"N_sim[147]",0,NA,0,0,0,0,0,0,NA,NA
"N_sim[148]",0,NA,0,0,0,0,0,0,NA,NA
"N_sim[149]",0,NA,0,0,0,0,0,0,NA,NA
"N_sim[150]",0,NA,0,0,0,0,0,0,NA,NA
"N_sim[151]",0,NA,0,0,0,0,0,0,NA,NA
"N_sim[152]",0,NA,0,0,0,0,0,0,NA,NA
"N_sim[153]",0,NA,0,0,0,0,0,0,NA,NA
"N_sim[154]",0,NA,0,0,0,0,0,0,NA,NA
"N_sim[155]",0,NA,0,0,0,0,0,0,NA,NA
"N_sim[156]",0,NA,0,0,0,0,0,0,NA,NA
"N_sim[157]",0,NA,0,0,0,0,0,0,NA,NA
"N_sim[158]",0,NA,0,0,0,0,0,0,NA,NA
"N_sim[159]",0,NA,0,0,0,0,0,0,NA,NA
"N_sim[160]",0,NA,0,0,0,0,0,0,NA,NA
"N_sim[161]",0,NA,0,0,0,0,0,0,NA,NA
"N_sim[162]",0,NA,0,0,0,0,0,0,NA,NA
"N_sim[163]",0,NA,0,0,0,0,0,0,NA,NA
"N_sim[164]",0,NA,0,0,0,0,0,0,NA,NA
"N_sim[165]",0,NA,0,0,0,0,0,0,NA,NA
"N_sim[166]",0,NA,0,0,0,0,0,0,NA,NA
"N_sim[167]",0,NA,0,0,0,0,0,0,NA,NA
"N_sim[168]",0,NA,0,0,0,0,0,0,NA,NA
"N_sim[169]",0,NA,0,0,0,0,0,0,NA,NA
"N_sim[170]",0,NA,0,0,0,0,0,0,NA,NA
"N_sim[171]",0,NA,0,0,0,0,0,0,NA,NA
"N_sim[172]",0,NA,0,0,0,0,0,0,NA,NA
"N_sim[173]",0,NA,0,0,0,0,0,0,NA,NA
"N_sim[174]",0,NA,0,0,0,0,0,0,NA,NA
"N_sim[175]",0,NA,0,0,0,0,0,0,NA,NA
"N_sim[176]",0,NA,0,0,0,0,0,0,NA,NA
"N_sim[177]",0,NA,0,0,0,0,0,0,NA,NA
"N_sim[178]",0,NA,0,0,0,0,0,0,NA,NA
"N_sim[179]",0,NA,0,0,0,0,0,0,NA,NA
"N_sim[180]",0,NA,0,0,0,0,0,0,NA,NA
"N_sim[181]",0,NA,0,0,0,0,0,0,NA,NA
"N_sim[182]",0,NA,0,0,0,0,0,0,NA,NA
"N_sim[183]",0,NA,0,0,0,0,0,0,NA,NA
"N_sim[184]",0,NA,0,0,0,0,0,0,NA,NA
"N_sim[185]",0,NA,0,0,0,0,0,0,NA,NA
"N_sim[186]",0,NA,0,0,0,0,0,0,NA,NA
"N_sim[187]",0,NA,0,0,0,0,0,0,NA,NA
"N_sim[188]",0,NA,0,0,0,0,0,0,NA,NA
"N_sim[189]",0,NA,0,0,0,0,0,0,NA,NA
"N_sim[190]",0,NA,0,0,0,0,0,0,NA,NA
"N_sim[191]",0,NA,0,0,0,0,0,0,NA,NA
"N_sim[192]",0,NA,0,0,0,0,0,0,NA,NA
"N_sim[193]",0,NA,0,0,0,0,0,0,NA,NA
"N_sim[194]",0,NA,0,0,0,0,0,0,NA,NA
"N_sim[195]",0,NA,0,0,0,0,0,0,NA,NA
"N_sim[196]",0,NA,0,0,0,0,0,0,NA,NA
"N_sim[197]",0,NA,0,0,0,0,0,0,NA,NA
"N_sim[198]",0,NA,0,0,0,0,0,0,NA,NA
"N_sim[199]",0,NA,0,0,0,0,0,0,NA,NA
"N_sim[200]",0,NA,0,0,0,0,0,0,NA,NA
"N_sim[201]",0,NA,0,0,0,0,0,0,NA,NA
"N_sim[202]",0,NA,0,0,0,0,0,0,NA,NA
"N_sim[203]",0,NA,0,0,0,0,0,0,NA,NA
"N_sim[204]",0,NA,0,0,0,0,0,0,NA,NA
"N_sim[205]",0,NA,0,0,0,0,0,0,NA,NA
"N_sim[206]",0,NA,0,0,0,0,0,0,NA,NA
"N_sim[207]",0,NA,0,0,0,0,0,0,NA,NA
"N_sim[208]",0,NA,0,0,0,0,0,0,NA,NA
"N_sim[209]",0,NA,0,0,0,0,0,0,NA,NA
"N_sim[210]",0,NA,0,0,0,0,0,0,NA,NA
"N_sim[211]",0,NA,0,0,0,0,0,0,NA,NA
"N_sim[212]",0,NA,0,0,0,0,0,0,NA,NA
"N_sim[213]",0,NA,0,0,0,0,0,0,NA,NA
"N_sim[214]",0,NA,0,0,0,0,0,0,NA,NA
"N_sim[215]",0,NA,0,0,0,0,0,0,NA,NA
"N_sim[216]",0,NA,0,0,0,0,0,0,NA,NA
"N_sim[217]",0,NA,0,0,0,0,0,0,NA,NA
"N_sim[218]",0,NA,0,0,0,0,0,0,NA,NA
"N_sim[219]",0,NA,0,0,0,0,0,0,NA,NA
"N_sim[220]",0,NA,0,0,0,0,0,0,NA,NA
"N_sim[221]",0,NA,0,0,0,0,0,0,NA,NA
"N_sim[222]",0,NA,0,0,0,0,0,0,NA,NA
"N_sim[223]",0,NA,0,0,0,0,0,0,NA,NA
"N_sim[224]",0,NA,0,0,0,0,0,0,NA,NA
"N_sim[225]",0,NA,0,0,0,0,0,0,NA,NA
"N_sim[226]",0,NA,0,0,0,0,0,0,NA,NA
"N_sim[227]",0,NA,0,0,0,0,0,0,NA,NA
"N_sim[228]",0,NA,0,0,0,0,0,0,NA,NA
"N_sim[229]",0,NA,0,0,0,0,0,0,NA,NA
"N_sim[230]",0,NA,0,0,0,0,0,0,NA,NA
"N_sim[231]",0,NA,0,0,0,0,0,0,NA,NA
"N_sim[232]",0,NA,0,0,0,0,0,0,NA,NA
"N_sim[233]",0,NA,0,0,0,0,0,0,NA,NA
"N_sim[234]",0,NA,0,0,0,0,0,0,NA,NA
"N_sim[235]",0,NA,0,0,0,0,0,0,NA,NA
"N_sim[236]",0,NA,0,0,0,0,0,0,NA,NA
"N_sim[237]",0,NA,0,0,0,0,0,0,NA,NA
"N_sim[238]",0,NA,0,0,0,0,0,0,NA,NA
"N_sim[239]",0,NA,0,0,0,0,0,0,NA,NA
"N_sim[240]",0,NA,0,0,0,0,0,0,NA,NA
"N_sim[241]",0,NA,0,0,0,0,0,0,NA,NA
"N_sim[242]",0,NA,0,0,0,0,0,0,NA,NA
"N_sim[243]",0,NA,0,0,0,0,0,0,NA,NA
"N_sim[244]",0,NA,0,0,0,0,0,0,NA,NA
"N_sim[245]",0,NA,0,0,0,0,0,0,NA,NA
"N_sim[246]",0,NA,0,0,0,0,0,0,NA,NA
"N_sim[247]",0,NA,0,0,0,0,0,0,NA,NA
"N_sim[248]",0,NA,0,0,0,0,0,0,NA,NA
"N_sim[249]",0,NA,0,0,0,0,0,0,NA,NA
"N_sim[250]",0,NA,0,0,0,0,0,0,NA,NA
"N_sim[251]",0,NA,0,0,0,0,0,0,NA,NA
"N_sim[252]",0,NA,0,0,0,0,0,0,NA,NA
"N_sim[253]",0,NA,0,0,0,0,0,0,NA,NA
"N_sim[254]",0,NA,0,0,0,0,0,0,NA,NA
"N_sim[255]",0,NA,0,0,0,0,0,0,NA,NA
"N_sim[256]",0,NA,0,0,0,0,0,0,NA,NA
"N_sim[257]",0,NA,0,0,0,0,0,0,NA,NA
"N_sim[258]",0,NA,0,0,0,0,0,0,NA,NA
"N_sim[259]",0,NA,0,0,0,0,0,0,NA,NA
"N_sim[260]",0,NA,0,0,0,0,0,0,NA,NA
"N_sim[261]",0,NA,0,0,0,0,0,0,NA,NA
"N_sim[262]",0,NA,0,0,0,0,0,0,NA,NA
"N_sim[263]",0,NA,0,0,0,0,0,0,NA,NA
"N_sim[264]",0,NA,0,0,0,0,0,0,NA,NA
"N_sim[265]",0,NA,0,0,0,0,0,0,NA,NA
"N_sim[266]",0,NA,0,0,0,0,0,0,NA,NA
"N_sim[267]",0,NA,0,0,0,0,0,0,NA,NA
"N_sim[268]",0,NA,0,0,0,0,0,0,NA,NA
"N_sim[269]",0,NA,0,0,0,0,0,0,NA,NA
"N_sim[270]",0,NA,0,0,0,0,0,0,NA,NA
"N_sim[271]",0,NA,0,0,0,0,0,0,NA,NA
"N_sim[272]",0,NA,0,0,0,0,0,0,NA,NA
"N_sim[273]",0,NA,0,0,0,0,0,0,NA,NA
"N_sim[274]",0,NA,0,0,0,0,0,0,NA,NA
"N_sim[275]",0,NA,0,0,0,0,0,0,NA,NA
"N_sim[276]",0,NA,0,0,0,0,0,0,NA,NA
"N_sim[277]",0,NA,0,0,0,0,0,0,NA,NA
"N_sim[278]",0,NA,0,0,0,0,0,0,NA,NA
"N_sim[279]",0,NA,0,0,0,0,0,0,NA,NA
"N_sim[280]",0,NA,0,0,0,0,0,0,NA,NA
"N_sim[281]",0,NA,0,0,0,0,0,0,NA,NA
"N_sim[282]",0,NA,0,0,0,0,0,0,NA,NA
"N_sim[283]",0,NA,0,0,0,0,0,0,NA,NA
"N_sim[284]",0,NA,0,0,0,0,0,0,NA,NA
"N_sim[285]",0,NA,0,0,0,0,0,0,NA,NA
"N_sim[286]",0,NA,0,0,0,0,0,0,NA,NA
"N_sim[287]",0,NA,0,0,0,0,0,0,NA,NA
"N_sim[288]",0,NA,0,0,0,0,0,0,NA,NA
"N_sim[289]",0,NA,0,0,0,0,0,0,NA,NA
"N_sim[290]",0,NA,0,0,0,0,0,0,NA,NA
"N_sim[291]",0,NA,0,0,0,0,0,0,NA,NA
"N_sim[292]",0,NA,0,0,0,0,0,0,NA,NA
"N_sim[293]",0,NA,0,0,0,0,0,0,NA,NA
"N_sim[294]",0,NA,0,0,0,0,0,0,NA,NA
"N_sim[295]",0,NA,0,0,0,0,0,0,NA,NA
"N_sim[296]",0,NA,0,0,0,0,0,0,NA,NA
"N_sim[297]",0,NA,0,0,0,0,0,0,NA,NA
"N_sim[298]",0,NA,0,0,0,0,0,0,NA,NA
"N_sim[299]",0,NA,0,0,0,0,0,0,NA,NA
"N_sim[300]",0,NA,0,0,0,0,0,0,NA,NA
"N_sim[301]",0,NA,0,0,0,0,0,0,NA,NA
"N_sim[302]",0,NA,0,0,0,0,0,0,NA,NA
"N_sim[303]",0,NA,0,0,0,0,0,0,NA,NA
"N_sim[304]",0,NA,0,0,0,0,0,0,NA,NA
"N_sim[305]",0,NA,0,0,0,0,0,0,NA,NA
"N_sim[306]",0,NA,0,0,0,0,0,0,NA,NA
"N_sim[307]",0,NA,0,0,0,0,0,0,NA,NA
"N_sim[308]",0,NA,0,0,0,0,0,0,NA,NA
"N_sim[309]",0,NA,0,0,0,0,0,0,NA,NA
"N_sim[310]",0,NA,0,0,0,0,0,0,NA,NA
"N_sim[311]",0,NA,0,0,0,0,0,0,NA,NA
"N_sim[312]",0,NA,0,0,0,0,0,0,NA,NA
"N_sim[313]",0,NA,0,0,0,0,0,0,NA,NA
"N_sim[314]",0,NA,0,0,0,0,0,0,NA,NA
"N_sim[315]",0,NA,0,0,0,0,0,0,NA,NA
"N_sim[316]",0,NA,0,0,0,0,0,0,NA,NA
"N_sim[317]",0,NA,0,0,0,0,0,0,NA,NA
"N_sim[318]",0,NA,0,0,0,0,0,0,NA,NA
"N_sim[319]",0,NA,0,0,0,0,0,0,NA,NA
"N_sim[320]",0,NA,0,0,0,0,0,0,NA,NA
"N_sim[321]",0,NA,0,0,0,0,0,0,NA,NA
"N_sim[322]",0,NA,0,0,0,0,0,0,NA,NA
"N_sim[323]",0,NA,0,0,0,0,0,0,NA,NA
"N_sim[324]",0,NA,0,0,0,0,0,0,NA,NA
"N_sim[325]",0,NA,0,0,0,0,0,0,NA,NA
"N_sim[326]",0,NA,0,0,0,0,0,0,NA,NA
"N_sim[327]",0,NA,0,0,0,0,0,0,NA,NA
"N_sim[328]",0,NA,0,0,0,0,0,0,NA,NA
"N_sim[329]",0,NA,0,0,0,0,0,0,NA,NA
"N_sim[330]",0,NA,0,0,0,0,0,0,NA,NA
"N_sim[331]",0,NA,0,0,0,0,0,0,NA,NA
"N_sim[332]",0,NA,0,0,0,0,0,0,NA,NA
"N_sim[333]",0,NA,0,0,0,0,0,0,NA,NA
"N_sim[334]",0,NA,0,0,0,0,0,0,NA,NA
"N_sim[335]",0,NA,0,0,0,0,0,0,NA,NA
"N_sim[336]",0,NA,0,0,0,0,0,0,NA,NA
"N_sim[337]",0,NA,0,0,0,0,0,0,NA,NA
"N_sim[338]",0,NA,0,0,0,0,0,0,NA,NA
"N_sim[339]",0,NA,0,0,0,0,0,0,NA,NA
"N_sim[340]",0,NA,0,0,0,0,0,0,NA,NA
"N_sim[341]",0,NA,0,0,0,0,0,0,NA,NA
"N_sim[342]",0,NA,0,0,0,0,0,0,NA,NA
"N_sim[343]",0,NA,0,0,0,0,0,0,NA,NA
"N_sim[344]",0,NA,0,0,0,0,0,0,NA,NA
"N_sim[345]",0,NA,0,0,0,0,0,0,NA,NA
"N_sim[346]",0,NA,0,0,0,0,0,0,NA,NA
"N_sim[347]",0,NA,0,0,0,0,0,0,NA,NA
"N_sim[348]",0,NA,0,0,0,0,0,0,NA,NA
"N_sim[349]",0,NA,0,0,0,0,0,0,NA,NA
"N_sim[350]",0,NA,0,0,0,0,0,0,NA,NA
"N_sim[351]",0,NA,0,0,0,0,0,0,NA,NA
"N_sim[352]",0,NA,0,0,0,0,0,0,NA,NA
"N_sim[353]",0,NA,0,0,0,0,0,0,NA,NA
"N_sim[354]",0,NA,0,0,0,0,0,0,NA,NA
"N_sim[355]",0,NA,0,0,0,0,0,0,NA,NA
"N_sim[356]",0,NA,0,0,0,0,0,0,NA,NA
"N_sim[357]",0,NA,0,0,0,0,0,0,NA,NA
"N_sim[358]",0,NA,0,0,0,0,0,0,NA,NA
"N_sim[359]",0,NA,0,0,0,0,0,0,NA,NA
"N_sim[360]",0,NA,0,0,0,0,0,0,NA,NA
"N_sim[361]",0,NA,0,0,0,0,0,0,NA,NA
"N_sim[362]",0,NA,0,0,0,0,0,0,NA,NA
"N_sim[363]",0,NA,0,0,0,0,0,0,NA,NA
"N_sim[364]",0,NA,0,0,0,0,0,0,NA,NA
"N_sim[365]",0,NA,0,0,0,0,0,0,NA,NA
"N_sim[366]",0,NA,0,0,0,0,0,0,NA,NA
"N_sim[367]",0,NA,0,0,0,0,0,0,NA,NA
"N_sim[368]",0,NA,0,0,0,0,0,0,NA,NA
"N_sim[369]",0,NA,0,0,0,0,0,0,NA,NA
"N_sim[370]",0,NA,0,0,0,0,0,0,NA,NA
"N_sim[371]",0,NA,0,0,0,0,0,0,NA,NA
"N_sim[372]",0,NA,0,0,0,0,0,0,NA,NA
"N_sim[373]",0,NA,0,0,0,0,0,0,NA,NA
"N_sim[374]",0,NA,0,0,0,0,0,0,NA,NA
"N_sim[375]",0,NA,0,0,0,0,0,0,NA,NA
"N_sim[376]",0,NA,0,0,0,0,0,0,NA,NA
"N_sim[377]",0,NA,0,0,0,0,0,0,NA,NA
"N_sim[378]",0,NA,0,0,0,0,0,0,NA,NA
"N_sim[379]",0,NA,0,0,0,0,0,0,NA,NA
"N_sim[380]",0,NA,0,0,0,0,0,0,NA,NA
"N_sim[381]",0,NA,0,0,0,0,0,0,NA,NA
"N_sim[382]",0,NA,0,0,0,0,0,0,NA,NA
"N_sim[383]",0,NA,0,0,0,0,0,0,NA,NA
"N_sim[384]",0,NA,0,0,0,0,0,0,NA,NA
"N_sim[385]",0,NA,0,0,0,0,0,0,NA,NA
"N_sim[386]",0,NA,0,0,0,0,0,0,NA,NA
"N_sim[387]",0,NA,0,0,0,0,0,0,NA,NA
"N_sim[388]",0,NA,0,0,0,0,0,0,NA,NA
"N_sim[389]",0,NA,0,0,0,0,0,0,NA,NA
"N_sim[390]",0,NA,0,0,0,0,0,0,NA,NA
"N_sim[391]",0,NA,0,0,0,0,0,0,NA,NA
"N_sim[392]",0,NA,0,0,0,0,0,0,NA,NA
"N_sim[393]",0,NA,0,0,0,0,0,0,NA,NA
"N_sim[394]",0,NA,0,0,0,0,0,0,NA,NA
"N_sim[395]",0,NA,0,0,0,0,0,0,NA,NA
"N_all[1,1]",145.566739003222,0.522422480814475,41.7919517134546,82.4158605904945,115.86604645866,139.476120439355,168.374604362364,243.514173837201,6399.43441609968,1.00123861889897
"N_all[1,2]",500.543105514012,4.375452408597,326.157424925588,138.118944228277,310.209246559052,434.518073264445,608.507322345177,1260.59503411,5556.593293284,1.00019718635396
"N_all[1,3]",43.6814288020141,0.474402560257438,29.5856978368733,6.56729670274859,23.3254327118476,37.8693556842274,56.9421832471665,114.539033440811,3889.28336890096,1.00052007302209
"N_all[1,4]",876.335288464344,8.19457167864212,610.883219663416,241.697207436008,537.654314264056,749.580366755908,1051.0526877863,2233.05996660689,5557.30041696811,1.00017795023746
"N_all[1,5]",348.636561560761,0.850190128953749,78.08745455657,223.938548146234,296.570645049225,339.649629676815,389.775400596387,526.230780347587,8435.88043663564,0.999894951061179
"N_all[1,6]",1270.31603839936,3.39090977189054,303.873870030667,794.03460334265,1059.40477440015,1229.98180932997,1438.82719748895,1982.58784382007,8030.71560041789,1.0000428962469
"N_all[1,7]",318.908604196492,4.57237667718837,264.596021261441,65.1671313163857,176.888462365599,269.649347606269,397.242017257743,847.977919106263,3348.74915583523,1.00031791538585
"N_all[1,8]",96.3707813561584,0.254252518749001,23.1451237497705,59.2252980501164,80.2568168474498,93.706081011878,109.279983891991,148.709293355251,8286.83108415629,0.99983777847875
"N_all[1,9]",489.578759946813,6.6386829102054,508.209147651607,103.779288446595,244.366558027004,377.539675026679,577.037315318802,1519.48384224621,5860.31694812254,0.999794763880068
"N_all[1,10]",288.609963633691,1.08784024016897,100.731221951865,124.381204002497,216.409384893613,279.374321097447,346.400225403957,513.144442402618,8574.28599384373,0.99990956316996
"N_all[1,11]",1268.79553064325,3.0415122360071,287.05898190532,783.173419423819,1072.15669004533,1241.69550003417,1432.15872412056,1903.46360340155,8907.65000324871,1.00011118300286
"N_all[1,12]",948.732157005569,2.45775661736251,230.998424913287,573.659074483896,785.516127798116,924.517550429234,1078.47078808227,1474.85124533931,8833.65205598969,1.00005062968765
"N_all[1,13]",42.7741409623509,0.182520373894332,14.572018100717,21.8919394161234,33.0912837596448,40.4841571615813,49.553107433829,76.5709065426732,6374.06817957164,1.00011715827033
"N_all[1,14]",118.111662985892,0.3790593697858,33.7392783882137,63.951856325021,95.5798734460911,114.005844863501,135.244078328646,196.028972037038,7922.40621932482,0.999745704346998
"N_all[1,15]",200.40404005603,0.501508757725812,46.6458959202845,121.840135322895,168.678952236308,196.238648171796,225.974559018567,306.029345094845,8651.07017750654,1.00000352882612
"N_all[1,16]",190.479260160822,0.472334916357285,43.9894632769486,119.653731840359,160.038153792517,185.061731582753,214.805325095693,291.829858565203,8673.55674446193,0.99982218883382
"N_all[1,17]",4951.71608521192,14.1338382511722,1218.78138903763,3030.34759672493,4111.06752031161,4769.03946214295,5608.52192126154,7863.08876144503,7435.86324454827,0.999879269978114
"N_all[1,18]",488.985788669985,1.3025959026009,118.865959493988,284.417667099214,408.295330627817,476.942314533505,557.524445434328,757.018695512641,8327.13461139034,1.00009216462899
"N_all[2,1]",279.404345003189,0.6559049508318,63.031122001865,175.148458826162,236.486459232849,272.042532327321,315.709836828712,424.084972182527,9234.81623802141,1.00019494522546
"N_all[2,2]",888.217730642382,8.64371575746143,594.136334113432,267.329185194274,574.060808488734,781.739659933443,1071.88223520465,2041.65440688879,4724.66772026716,1.00008638404576
"N_all[2,3]",75.0516031308569,0.769295775070284,46.2296098154611,13.233947857083,41.8482880805576,67.5500636745147,97.565680355657,185.197718459293,3611.21845549891,1.00059162096495
"N_all[2,4]",1536.04899272436,12.6176916620773,991.811350458859,473.61779177151,994.995310225356,1345.03931933413,1819.44052166282,3834.63807165497,6178.71733532972,1.0003128046549
"N_all[2,5]",635.811124014563,1.30133530072243,127.710654063382,425.182404487085,546.396759430327,622.358194145512,710.927926369192,924.482429492301,9631.09876604361,0.999591744109518
"N_all[2,6]",2369.42925536489,5.8621604407105,531.730702595906,1464.6967222827,1999.82898756739,2318.9201578722,2683.75019918824,3562.47938530673,8227.50347380835,1.00059227682343
"N_all[2,7]",561.477449228613,6.06443889422381,375.12502588698,124.486543856413,326.773881772314,489.536942307567,701.071646510692,1418.54652489033,3826.22784533342,1.0001735607623
"N_all[2,8]",175.494912860184,0.394565780511375,37.4308697433617,113.727225461389,149.305739217173,171.448419156097,196.97480321332,260.429524624992,8999.55430594874,0.999929876020663
"N_all[2,9]",844.921049547133,10.6765321815104,844.46681844254,192.220904405987,447.111100729329,668.499234877207,1006.91487538134,2521.24387566545,6256.11541550057,0.999976416953808
"N_all[2,10]",433.695005248304,2.86539392277538,180.962722842402,186.507007780644,300.585929743182,401.541431029538,528.705240777388,866.222767061129,3988.49978986005,0.999758676312872
"N_all[2,11]",2206.75878247084,5.31449419551719,477.099753630823,1430.25547117603,1879.40542901369,2147.94993844588,2470.86191364029,3298.15582649349,8059.24782091559,1.00033164332191
"N_all[2,12]",1629.58499548025,3.97565039516783,380.245071557403,1022.05566892366,1367.30492373054,1580.94425623521,1831.78485671795,2517.4660820512,9147.67683024453,0.999822773995556
"N_all[2,13]",91.932855584203,0.350622612768958,25.9761107705623,50.6140231204926,74.1942804466038,88.5812075285086,106.492246738104,151.393726691856,5488.68632457359,1.00035355266815
"N_all[2,14]",202.832117489415,0.68496677534137,51.1907499428475,119.171308453271,168.00316406244,197.816201425077,230.460722021406,322.239764255629,5585.26741442181,1.0004717845043
"N_all[2,15]",361.355059671714,0.808338903871803,76.1964643341389,233.202339004484,308.533926705776,353.753543185255,405.270218062166,536.047400703291,8885.51648978816,0.999839889981585
"N_all[2,16]",362.76960797546,0.76620371812276,74.8921597413511,236.706421935973,310.709206382613,356.557479909655,406.428565997882,530.25411210946,9553.97718062375,0.99976754871591
"N_all[2,17]",9228.08993386364,21.3097965990138,2035.95082276896,5732.89486710738,7778.60871011231,9074.41147534714,10479.6513107551,13714.5915442828,9128.00687443469,0.999783449628186
"N_all[2,18]",830.39112814327,1.85024678616338,179.018023429427,529.59099996404,709.733195782752,812.256098701914,931.373544771329,1235.80209549902,9361.25764665239,0.999840972200242
"N_all[3,1]",432.618036498331,1.03244178424147,95.8834321048493,267.400215877103,365.951822771223,425.355788287066,492.22347812764,641.094670031095,8624.93829439202,0.999955245427163
"N_all[3,2]",1260.14303057867,9.42137657303903,685.505287139782,418.404649501401,843.736707055964,1138.13242236883,1513.41429928362,2760.94965260507,5294.10915780063,0.999848916455508
"N_all[3,3]",106.513848507697,1.06118056301906,58.5902886914504,21.5022714034009,61.7528257647147,100.481548741092,140.294271745389,240.260949006547,3048.40526087416,1.00054277458628
"N_all[3,4]",2163.38211968652,14.8688644315733,1205.2236646183,765.2624067969,1478.5231293486,1952.216708868,2557.13363994917,4814.56384827039,6570.21675576458,1.00014932642504
"N_all[3,5]",946.415459338076,2.02173671834743,185.091676922322,633.635758491874,818.704183868323,926.241935441063,1058.24863333845,1357.33826079341,8381.55468345346,0.999940575549261
"N_all[3,6]",3324.95245825765,7.93760371852311,730.801631524203,2149.8316841323,2815.34244597602,3234.02051672586,3724.5901431919,5003.95392410936,8476.57073018502,0.999961343164386
"N_all[3,7]",804.437190589153,7.8170715583064,492.747732981309,196.597801400176,492.195226352293,712.164154150926,1001.73778687006,1972.71048124509,3973.38908683613,1.00009060693856
"N_all[3,8]",262.352036448545,0.558816092524359,52.3137479238356,173.195724236975,226.149258370974,257.371184952271,294.111219181279,377.536664833408,8763.82834007277,0.999741848395496
"N_all[3,9]",1182.22524529099,13.6084671130353,1068.75166895379,279.441119264921,656.561127134623,956.878053556161,1416.47983308003,3285.72181362802,6167.86977470314,1.00000592498596
"N_all[3,10]",649.662730747572,4.89619630156425,292.002190184785,178.452655052954,445.218200907,615.52159829648,819.351155607536,1325.55790820515,3556.76011133766,1.00010976104359
"N_all[3,11]",3210.5348558595,7.05555990135268,664.935684172087,2080.65616047991,2765.90896568298,3144.83104279595,3583.16869926842,4700.07210911472,8881.70437678525,0.999816321443491
"N_all[3,12]",2380.02864557809,6.20357474580503,560.155417321827,1440.31888582239,1979.99685967955,2328.41596409198,2732.85002937716,3628.86430987826,8153.29286140495,0.999968755586562
"N_all[3,13]",136.547786412594,0.60966392513156,40.539616109142,75.2489239403992,109.290180844942,130.747375540052,156.829024144042,230.878291716163,4421.58794967073,1.00104426135073
"N_all[3,14]",264.948616865752,0.779333401111318,66.6487986993039,157.209358250015,220.605126269289,257.123315145252,300.080384715701,421.546391886087,7313.71566266308,1.0006253771479
"N_all[3,15]",524.908379043156,1.26664293101966,110.928535265154,331.046238377723,446.763288111511,517.192370718979,593.638046246735,761.763715875625,7669.69598450452,0.999686972829767
"N_all[3,16]",539.64690529456,1.24620546595945,106.96667737357,359.641002201473,464.534615081704,529.341873438647,603.059323704924,775.414866202089,7367.4586687032,0.99974347041011
"N_all[3,17]",13150.6032416755,29.825577017716,2713.49563437016,8683.81591490174,11246.2804265549,12871.7323965252,14705.0333716486,19352.1195918043,8277.14466049362,1.00033067668259
"N_all[3,18]",1168.90381378533,2.7791577113639,249.761448743791,729.846740377344,994.82834735634,1152.89094035278,1326.46397802439,1709.62295503756,8076.52281366494,0.999884273294562
"N_all[4,1]",399.541999945446,0.847079853205967,82.5624592380425,264.130530948725,342.670088032293,391.252596522021,446.796320269647,587.167946974837,9499.84535757483,0.999847357952376
"N_all[4,2]",1117.99474728957,6.36069902688159,494.350334088698,442.83031307571,796.346933586047,1034.51441628487,1338.90719213469,2300.7768864472,6040.32033981184,0.999797212240273
"N_all[4,3]",122.438807004741,0.5292903752462,38.8850278282421,60.1638128724723,95.914187628917,118.085460281072,143.265060094672,210.737697575651,5397.30343548086,0.999964949086949
"N_all[4,4]",1954.02878328689,9.14150039000046,786.980803955726,848.839410972449,1445.8254243894,1817.89291758433,2304.63682973331,3790.36944179008,7411.28158302371,0.999860829786263
"N_all[4,5]",894.454291777167,1.97777791120022,185.101480766728,592.308025460038,767.501036671096,876.703857131245,996.582156416126,1318.22884888032,8759.20602923085,0.999736302087478
"N_all[4,6]",3180.75362071911,7.87294139855129,730.999803020419,1964.02315484894,2675.94395813817,3102.23804379255,3607.44155732243,4863.65835726786,8621.05631856339,0.999902379382705
"N_all[4,7]",733.291572108134,5.65783543337765,397.413424965335,206.333567957204,459.902543803409,665.89867360208,908.358973938516,1678.52070535752,4933.83299871848,0.999940087717613
"N_all[4,8]",255.075879435088,0.555361921760394,50.1012196416617,171.800803761011,220.453277282535,249.069320217855,284.303914569049,369.062996202788,8138.50056988312,0.999632703755171
"N_all[4,9]",1072.04357706383,12.5738436739231,993.146644251409,283.57246807414,626.852093034285,882.438764494661,1278.29813086378,2898.72413465419,6238.65034736535,1.00010153585172
"N_all[4,10]",817.969395326852,4.16405823746478,283.048804324955,375.125551370646,615.84173499355,783.88116002433,985.688399340352,1447.31477348403,4620.50090523371,0.999974731062698
"N_all[4,11]",3064.08349069878,8.70781804329306,785.945538062276,1786.70547301512,2520.77954412267,2969.55988369751,3500.46523569994,4928.32011280561,8146.40907181365,1.00011576268889
"N_all[4,12]",2114.99574347748,6.71524937677764,575.454868018025,1216.3820420185,1716.68435157719,2035.38525480849,2429.17412889861,3473.51733277715,7343.41794011431,0.999815822778047
"N_all[4,13]",112.923640210032,0.481106182481482,32.8645198227012,62.3290651981671,90.5495882541385,108.504824685839,130.599661314007,186.992005916731,4666.3005407602,1.00044432774031
"N_all[4,14]",224.085158258639,0.807102153584109,61.783729756707,121.366620731311,180.591328262418,218.314593540542,260.248693393316,357.56902755178,5859.91386246563,1.00037454757147
"N_all[4,15]",448.034496348728,1.28597401643914,103.484807740552,279.455774110571,375.48005454399,437.811847872248,508.418077049181,683.46903441991,6475.73110590063,0.999686294490172
"N_all[4,16]",503.054099202568,1.26041720230962,105.050696784376,322.78523990666,431.305185294698,492.638302492023,563.364436729813,740.056624104304,6946.5510396794,1.00023698899892
"N_all[4,17]",12784.8374955249,27.7682168240518,2486.6873252744,8514.05216665224,11064.6719270445,12542.0217208169,14245.9629129391,18319.6134495615,8019.48312561269,0.999759032148961
"N_all[4,18]",1030.24541533558,3.27018249256645,267.303996198529,583.048079552821,845.935000057514,1003.85870333212,1179.36080725098,1642.44914538547,6681.39156927498,0.999977681012222
"N_all[5,1]",307.407364488025,0.618756077615491,60.9162076775378,205.034414628999,265.936066674359,301.983916154984,342.884887494806,445.074667951642,9692.29807232284,0.999774005276267
"N_all[5,2]",812.488455740511,3.43260308615835,296.98730922586,373.8832972561,610.853257175163,769.273388678656,957.662147761607,1527.06778855465,7485.63429066201,0.999700873302158
"N_all[5,3]",120.291025425317,0.319386235413851,29.93595310859,69.7963516398205,99.9573281248113,117.315735878815,137.347783662116,187.986371377321,8785.24320899708,1.00028925882135
"N_all[5,4]",1455.3974455157,4.40457289883702,399.733015124211,854.726040083317,1190.93271618791,1403.0066832082,1656.6605814769,2377.38644976844,8236.30525770279,0.99961413910822
"N_all[5,5]",676.772492723511,1.84060588691134,167.685094717539,418.821875022187,560.399331488332,654.836138410927,766.454401741555,1077.98247794648,8299.79388980418,1.00069430100175
"N_all[5,6]",2227.32742734894,5.97075164191529,548.218585796576,1367.49956969635,1839.4703574025,2161.50972783671,2536.56356335953,3476.39734743815,8430.42553120862,0.999940258605876
"N_all[5,7]",539.586661379872,3.21363321309817,253.12628251178,180.157928422632,363.496854805787,498.493874694283,666.589007625182,1133.58429405412,6204.14397460694,0.999918843624462
"N_all[5,8]",206.449424464687,0.454442779963014,40.9262459929022,137.641225013699,178.444767417231,202.755419275224,230.516253579424,297.389103807761,8110.45847068358,0.999916135048309
"N_all[5,9]",758.650122171389,6.62067780455437,526.165350077703,227.459847410054,467.381152438796,647.918516591885,911.977473529943,1886.36192146096,6315.9630806681,0.999882835914293
"N_all[5,10]",625.027259682983,3.24633388154452,188.15080512391,325.351261091338,494.926604229039,603.627738359063,728.572503167647,1049.42857301141,3359.12212338158,1.00028799895961
"N_all[5,11]",2362.99011056163,7.370062647833,652.195724289978,1356.03958851547,1912.51803514498,2274.72178097606,2716.83809404659,3872.96062905419,7830.93349288807,0.999766327406735
"N_all[5,12]",1514.5467004863,4.92180950263564,425.810394606498,852.496044635784,1220.08877824455,1460.26380624053,1737.39896505253,2486.17051631395,7484.84682409455,0.999779510053596
"N_all[5,13]",61.6665634508343,0.197183093366545,17.2554022788397,33.3515909367538,50.2168697715096,59.7616226120397,70.9326997254128,101.384599929687,7657.92001932701,1.0000815291211
"N_all[5,14]",116.341784990747,0.431517724638591,33.625219699735,64.771465631638,92.8482160206527,111.460823346834,134.017148684739,195.413395071247,6072.01705855184,1.00006141119276
"N_all[5,15]",345.028302716949,0.769742167451276,69.2268929043547,227.245249696653,297.531756359682,339.282547531507,385.079089315181,498.808570071127,8088.33485397679,0.99979650384313
"N_all[5,16]",387.400180920143,1.21410677261823,98.6206851688331,225.103638269122,317.237732281726,378.104144506888,444.438177867644,610.66694090668,6598.15126202685,0.999869521930303
"N_all[5,17]",10036.4303290634,24.0659555158594,2117.42946394999,6652.41459778341,8561.25880373521,9772.64517800906,11207.9750612168,15053.4970637472,7741.26054746245,0.999684159736892
"N_all[5,18]",817.304186327691,1.90847507069889,167.139434374343,526.342892714483,702.088210045967,804.856250897479,916.847532985641,1185.86388180938,7669.8147314628,0.999924434256785
"N_all[6,1]",400.610009078845,0.753055754376062,73.8919773426146,273.989736827797,350.129741895855,393.95104830148,442.930528807036,562.274713529892,9628.0938261579,1.00013719093935
"N_all[6,2]",994.419613786288,2.90693021639088,253.585984503065,593.318978258209,821.512278987072,958.460912757634,1126.64786911369,1588.55486043254,7609.94084821364,0.999950081946694
"N_all[6,3]",187.301091040743,0.498406776690639,46.2366600544263,113.499549304152,155.302482877143,181.929005847352,212.37931270958,293.763233338579,8606.07313597862,1.00029436378981
"N_all[6,4]",1975.35512930011,4.88244138366137,454.695314861599,1210.55958885165,1655.74324580113,1936.53307307175,2247.23223164226,2961.80987003233,8672.95079530215,1.00015904361172
"N_all[6,5]",802.593865603341,1.9449257176745,179.422757070271,522.306261309679,676.095736444232,782.87362612434,900.853534433728,1233.55646621315,8510.3812035515,1.000229218918
"N_all[6,6]",2916.66007284098,5.93086460828789,559.630796729046,1949.41819102593,2541.31222809888,2861.75448598389,3247.54904594196,4132.22727061695,8903.63180009262,0.999945319501361
"N_all[6,7]",679.041393918099,3.29584858893443,270.583335959238,279.728365965113,476.869559464288,641.848758745925,835.707428355273,1300.98995181885,6740.11939203595,1.00019065524973
"N_all[6,8]",278.435939286326,0.55538195428236,52.070098742119,186.287752028631,242.32920598738,275.21910123923,309.613055993789,390.336680494902,8790.08902898452,1.00016743807822
"N_all[6,9]",915.221196060424,6.60474605997826,512.721624811493,313.594074902362,601.274769234736,804.825320408287,1095.12979328155,2152.93927174953,6026.30378734161,0.999824454488026
"N_all[6,10]",682.776249127378,2.19338369958369,168.870319720146,410.453623974847,567.344636115293,664.470539717736,774.615481790459,1074.02432540748,5927.58005406633,1.00047225171956
"N_all[6,11]",3085.94235773488,9.58003037281293,817.611428459009,1795.13220437542,2531.67709749373,2979.14040984959,3499.48205336729,4969.35840424497,7283.83559566758,1.00006951900792
"N_all[6,12]",1816.40585767928,5.40946534782812,465.98363965613,1077.54032993026,1499.42911304429,1763.68311591282,2058.19284929601,2892.81672470504,7420.4911619194,1.00015140083059
"N_all[6,13]",51.5870690769827,0.381331846550628,19.0649792831233,23.2094540364399,37.3265043179929,48.9147417101412,62.7137109297939,95.4906658729998,2499.57701508791,1.00236698309417
"N_all[6,14]",128.129384945244,0.396304517449218,33.9107211166282,69.3089192039287,104.759686105152,125.856147597416,147.883662951674,199.478451840158,7321.76869378891,0.999789452240542
"N_all[6,15]",456.117918340128,0.973384930716522,88.2534057745102,301.862894646563,395.956913532577,451.006269422668,509.317874416126,647.062060945252,8220.41439991599,0.999900400020494
"N_all[6,16]",564.901963008579,1.37746806762807,121.472486980274,350.621729620061,479.808368994404,557.82122528196,639.242119937975,826.659999624374,7776.6538192609,0.999766597251667
"N_all[6,17]",14216.716888552,37.3763855979458,2900.5426453718,9352.33325600924,12199.4481181699,13919.0314017358,15892.4851604871,20837.9080853859,6022.32109153659,1.00022015556726
"N_all[6,18]",1078.22051366517,2.49060684836831,208.390111639234,721.702050438394,933.138344862608,1062.98396519863,1200.04760615703,1531.09216085594,7000.73855015089,0.999872636150862
"N_all[7,1]",362.505110454503,0.737908190162186,69.4791633134555,244.174790830054,314.315205046008,356.730215361554,403.767848013214,515.803091035513,8865.52580974049,0.999882898945307
"N_all[7,2]",878.793783424723,2.42633164784613,220.05242680683,539.711822377019,723.942722905776,847.685115998486,996.695452767937,1395.20759881349,8225.30477495659,1.00027259070038
"N_all[7,3]",197.868849415846,0.941675176809253,58.5579613929118,106.8242223685,155.592422643286,189.668880924914,232.06985920233,333.163894966224,3866.95976604583,1.00073620525644
"N_all[7,4]",1655.93604261509,4.40618162646386,399.218468428383,1020.94054444666,1372.16168793002,1607.02965249412,1877.69301760188,2583.3261548842,8209.11723736575,0.999878438220633
"N_all[7,5]",698.063224200313,1.49029520313602,139.408240431553,459.636448377896,601.325087075913,685.515138188603,781.490057544129,1004.35078326193,8750.4882151273,1.00037281860065
"N_all[7,6]",2565.49883208046,5.25320978945192,509.87614018581,1680.5060031928,2214.40224815593,2525.25885573351,2866.082365029,3666.00141198272,9420.62874584072,1.00017060418851
"N_all[7,7]",637.705319319821,2.2739539082536,203.583337809976,285.346786104707,492.163096337144,625.920930885446,766.15895370768,1072.25319028953,8015.32517245289,1.00011821976993
"N_all[7,8]",246.542456987305,0.532397624501619,48.6550824207373,166.053058147663,213.279110158529,241.800187325193,273.700742779334,359.283981268181,8351.87925656105,1.00010998875331
"N_all[7,9]",758.597381685137,5.16029058814876,407.176131028421,286.449454122731,518.409081900701,683.188870485167,902.99178451695,1625.75100128444,6226.10306929116,0.999979987750827
"N_all[7,10]",499.810467347878,1.30064424485543,117.804984102272,314.144766161859,420.435850007778,484.626698209036,563.635455736405,770.352400264805,8203.7096805956,1.00001253598358
"N_all[7,11]",2718.7962107954,7.9975915785712,698.581843606648,1624.98192160496,2245.67045908402,2626.15777145118,3084.85562665005,4347.49871943219,7629.85253696139,1.00004933214619
"N_all[7,12]",1483.55694577044,3.99642750982127,341.660019364757,935.232988762954,1246.38936834888,1443.42065173688,1672.18938865426,2271.73055062117,7308.77248100083,0.999668443479807
"N_all[7,13]",38.3192219139602,0.333864636600263,15.4198431287375,15.8717237150696,26.7563456732364,35.9098945389213,47.110024242849,74.4336751721674,2133.13857871784,1.00112875475958
"N_all[7,14]",83.3552600598635,0.435266242347505,27.0050665199929,41.9941853826662,63.9717617114876,79.5732198798658,98.3323534277067,145.108626685002,3849.28910458326,1.00065157564595
"N_all[7,15]",397.258292587108,0.97652087551599,83.1316034950109,250.529299842861,340.38677967511,390.687327732958,447.06578939104,581.285884511581,7247.18339207577,0.999840416785184
"N_all[7,16]",522.345927441695,1.5683853594201,125.207769068115,319.606817635019,433.77700933759,508.921321881873,596.18451346917,803.378483007674,6373.19190251106,0.999775391202725
"N_all[7,17]",12693.4008488823,32.4362627260239,2539.19582858361,8376.05515272064,10907.4279854382,12455.4725405857,14170.3952565072,18296.3112580192,6128.16955645361,1.00004586559712
"N_all[7,18]",917.459902101956,2.13074981731466,177.59933230452,622.001862653481,793.957972494703,899.424206392696,1023.77870153693,1313.94712359907,6947.32694706343,1.00075201889495
"N_all[8,1]",472.419550801136,0.908015047033949,86.0517534950761,326.554295133693,413.313075713971,463.918783299169,523.113759277148,666.652565179673,8981.1791213556,1.00012602657337
"N_all[8,2]",1265.75023186187,2.76884407233338,269.330513019182,825.547777311742,1078.61000119401,1237.83848798878,1411.89586324612,1879.59825288739,9461.80772543764,0.999866047810268
"N_all[8,3]",248.420157999821,0.878335253228636,62.8393755431039,146.064479269198,205.173492877293,242.002330652342,282.961200877466,393.459111890005,5118.50454261511,1.000225754044
"N_all[8,4]",2349.66298767844,5.79875092874974,498.327379392554,1508.33384376761,2006.49589587489,2303.04506469611,2641.30218423572,3456.09011534492,7385.1715503394,1.00001817856608
"N_all[8,5]",884.818485653843,1.77799336623718,163.269880540089,601.073054851447,771.585094531688,873.213441225611,982.868138129571,1237.3826351258,8432.41316154075,0.999965828343181
"N_all[8,6]",3226.42869162695,6.51692478585388,590.802808495528,2199.13508829608,2821.79476029992,3190.44743681365,3584.7196941862,4490.35502578535,8218.63484166664,1.00035365646239
"N_all[8,7]",841.19306792163,3.06747715598932,267.797039248925,383.734424186573,649.007830972338,820.524531061598,1005.0842131712,1423.29597566938,7621.64766114572,0.999861621546253
"N_all[8,8]",340.08375571491,0.743910338515532,66.7402905641041,234.220098803036,294.326636087849,330.878904184066,376.665528742609,497.642722090112,8048.87156471956,0.999602743835101
"N_all[8,9]",966.137618631155,4.98932572442868,412.63411041,428.973312455981,706.101427543929,895.057728214187,1138.55975371128,1916.62330460824,6839.84936440591,1.00003300816348
"N_all[8,10]",590.484400009824,1.43932170930555,133.280910229161,371.837889558973,498.86497945147,575.882259823071,664.574191541409,899.604431691812,8574.72396519668,1.00031375059213
"N_all[8,11]",3579.6226774636,8.46651646011616,737.320984700523,2343.24203291218,3060.86465278539,3510.5010858527,4023.04332449149,5235.28410263519,7584.09343401323,0.999731045194621
"N_all[8,12]",1978.35603582674,4.25106019634001,377.217742824172,1336.99297152454,1716.51144029595,1947.70607017899,2199.55756069288,2810.60919514329,7873.89673083802,1.00003427011348
"N_all[8,13]",59.8771981109854,0.233499857765343,16.5977161669402,32.6965922072832,48.6314275157087,58.0464099909485,68.8848303072223,98.071420012518,5052.69899126661,1.00066631297266
"N_all[8,14]",108.294146094455,0.361107349173035,29.5895113774169,56.6499400859793,87.9055814625868,106.435799308335,126.431272194148,171.595589667272,6714.33387042201,0.999769873681487
"N_all[8,15]",482.499453028775,1.25369630533823,105.072874022644,305.965912232834,408.68190958671,471.898024423898,544.8268209937,717.208449761078,7024.19453867459,0.999864585784764
"N_all[8,16]",781.211152432901,2.00114480092506,164.727626267128,491.389399060819,665.764025912136,769.517407577116,884.205135248145,1134.57248772493,6776.03827889404,1.00034130251481
"N_all[8,17]",15943.943249292,33.3497384688666,2793.29764895364,11224.5622496688,14047.8240372227,15674.8689870646,17603.4163788239,22139.8681194435,7015.35361124832,0.999996841840302
"N_all[8,18]",1191.48064248872,2.66508498946365,227.276120153795,801.248728533254,1037.75581908495,1170.36706332927,1320.66878673337,1694.56987773194,7272.52942966313,1.00027507871276
"N_all[9,1]",282.738795637341,0.617127646712924,57.3721661816237,188.85106955464,243.259120062298,276.179028412736,314.555686211875,415.385834404974,8642.76072613814,1.00044494512494
"N_all[9,2]",888.881871472833,2.73441275068837,239.445473719204,523.068752647961,723.584397675513,852.466816583953,1013.88537871342,1468.4226541977,7668.05329693103,1.00023336836141
"N_all[9,3]",134.391761994824,0.359756858266691,32.8622540819041,80.7382138986756,111.644727410578,131.100918504344,153.455605017854,208.476424495624,8344.04301945017,0.999741870407971
"N_all[9,4]",1480.99795173472,3.81882115712653,345.259095103249,902.4955942537,1242.95570426474,1450.73110311937,1678.26398134253,2255.96928163988,8173.9432076919,0.999953650926835
"N_all[9,5]",490.462998122883,1.0072077936171,93.6210559674195,333.247700521888,423.794522484453,481.793990447584,547.68958475955,697.013335898871,8639.90396831793,0.999775601622775
"N_all[9,6]",1825.28442430325,4.84268756339758,398.211405132922,1157.5662246773,1547.88624299734,1790.77426172033,2057.75158374356,2729.00741780819,6761.67804173791,0.99999634281702
"N_all[9,7]",561.642380756674,1.62249148764058,145.904979356851,300.110174730745,458.827202564528,556.333520291024,651.656826033832,870.257838072224,8086.77524634412,1.00036643284787
"N_all[9,8]",230.695706477665,0.617251767851735,51.4534072529719,147.618776873557,194.051586359522,225.348420408296,260.276277709516,346.962312170942,6948.70049984738,0.999625214576298
"N_all[9,9]",556.909513265379,2.48604999560951,205.803585708872,276.396577887407,428.316427768219,527.401567317291,647.822976153503,1015.89153664005,6853.0856215585,1.00019660225163
"N_all[9,10]",352.137295526446,0.937052112333463,84.5535165199175,209.852875837684,295.522126303788,344.279466932738,399.798758446837,543.69070315946,8142.0892872536,0.999992120932151
"N_all[9,11]",2106.06005621474,5.11601540762845,448.405845011415,1407.10474224475,1787.05368257364,2051.09539938345,2355.80216972941,3145.04709695622,7682.08030120498,0.999776406588108
"N_all[9,12]",1198.48879306043,2.5408036592792,232.329490861685,808.144641890842,1040.48297604513,1176.75861936951,1332.3327747885,1724.07969391829,8361.15874325343,0.999920044481494
"N_all[9,13]",36.8174444588557,0.171504522876845,11.1742166490545,19.0202051959405,28.8341125902863,35.497589201207,43.1770539734712,62.3905181188106,4245.0520475461,1.00137859274426
"N_all[9,14]",54.2072017190197,0.408067326134599,22.5161278558622,18.9893037284284,37.3704444107388,51.8075245530463,68.5224294539187,104.536300019101,3044.55460458225,1.00084394431268
"N_all[9,15]",279.440825681042,1.04761015121429,77.2432424189576,149.195369200963,223.824021905807,272.814880421269,327.808086643163,449.112238364829,5436.52757812177,1.00005784083128
"N_all[9,16]",499.62660537091,1.5302949483531,120.823274522515,303.298064073186,414.218818437789,485.640834127078,568.986830516496,772.60524825292,6233.77200360268,1.00007192106601
"N_all[9,17]",9235.75150615312,19.6020034384083,1686.07979224275,6344.42692356622,8076.31936104071,9102.22970721516,10228.7801502456,13021.5050137313,7398.69840930699,0.999996891596646
"N_all[9,18]",694.22756365313,1.64229497116848,138.030338243822,453.476538277799,598.962128826774,683.001163095698,777.602329829349,1000.12975133148,7063.93636649872,1.0000825583873
"N_all[10,1]",388.964778317283,0.886495407278738,80.3882202158777,261.522391341538,333.672533288036,379.060614004018,432.558365676556,578.88751973718,8223.02947873801,1.00026403433971
"N_all[10,2]",1173.16886420111,2.82595454512972,252.522999796952,757.526861721036,1002.5001031179,1147.77541827176,1309.40368272265,1755.2730537333,7984.93776419883,0.999931887585096
"N_all[10,3]",136.027734135524,0.43691199551138,38.2427353781618,76.942333090294,109.636203149047,130.79776501289,155.867443543526,225.579100089294,7661.43214863961,1.00047014892086
"N_all[10,4]",1903.16385639494,6.97708111493948,561.031916862598,1074.58323763367,1517.59002763219,1810.34788450584,2182.89114772735,3263.9190188068,6465.87930194675,0.999985367949423
"N_all[10,5]",621.380529643309,1.26206007168303,114.558512734359,427.989903392937,542.174538866634,609.521826990998,689.435750914336,876.705825819668,8239.38277939868,0.999933837807372
"N_all[10,6]",2479.83458445915,4.94640617786135,459.403898060927,1676.81412129843,2160.38672716755,2448.72019701112,2755.39116206291,3502.4335607319,8626.0068750207,0.999908812639948
"N_all[10,7]",770.771288709826,2.49088259728789,207.130673996085,425.668050442935,625.502385655526,750.879112493594,894.130756004623,1239.61071537595,6914.84293412933,1.00014170448219
"N_all[10,8]",303.725765846015,0.791155237959428,63.5046602819663,200.588843259225,259.521358473297,296.670104415314,339.397318266865,450.670581917129,6442.99476895572,0.999979806097822
"N_all[10,9]",704.26318857792,1.79642608323328,165.666211439743,436.89768736144,592.754231181103,684.860476056494,790.007427845951,1091.83181151413,8504.50766508204,1.00015509002263
"N_all[10,10]",389.969772820791,1.14185932074626,96.3706013611206,235.903409452492,324.748532019455,377.251320640153,440.406175182889,620.160898366479,7123.01625575537,0.99964702881564
"N_all[10,11]",2821.04419217908,6.865398151045,601.37827967521,1855.74910391938,2396.46462444827,2753.4213325093,3167.73757826688,4189.7087216769,7672.97917192015,1.00001194194236
"N_all[10,12]",1569.77802513045,3.65040807379546,314.416523478476,1037.39180755178,1350.0680138442,1539.91052524818,1752.41536652374,2268.65932299928,7418.70138068682,0.999858667472869
"N_all[10,13]",66.32937563275,0.285116291846943,19.6705197947902,36.5506279456966,53.2474501934886,63.6383819390032,76.3307326327003,111.659125529727,4759.7879426805,0.999988117204353
"N_all[10,14]",80.5815266186825,0.344341725096046,27.1446682614126,34.4778318701323,61.6547815132669,78.4097786644351,97.1883957855933,139.62410951903,6214.26508379551,0.999897622022336
"N_all[10,15]",383.914409206803,1.27396060483927,98.4309903132761,218.372993552726,311.449589363308,376.184777940537,445.16286965218,597.821348916823,5969.68908136708,0.999745404841064
"N_all[10,16]",783.666580993062,1.90636772701317,161.474064061217,504.015217012316,672.211621321489,770.962066669679,880.997831882498,1140.18062642741,7174.50921097242,0.999987493258205
"N_all[10,17]",11239.4623124704,25.2787976033687,2081.21811164434,7695.89558185659,9821.26436323968,11038.1443783436,12472.5727534662,15859.6680205011,6778.32468490004,0.999870297777266
"N_all[10,18]",807.178582590664,1.98600146930006,167.80116348992,526.095915529074,691.341466169958,789.800915081086,901.562738177116,1189.60594937305,7138.89188203511,1.00026800747502
"N_all[11,1]",228.224570070972,0.562622991859494,49.0826707798588,147.997165027505,193.499139816017,222.654942064012,256.867552945717,338.468461435315,7610.64423525313,1.00041933139231
"N_all[11,2]",580.031986741831,1.19816297015256,113.799505665352,392.523543704994,501.048801401178,568.613632147624,643.720386603601,832.933612881953,9020.8812183466,1.00027498552477
"N_all[11,3]",71.485741650987,0.181137307188481,16.9267771377842,43.9204733625415,59.801948428653,69.7462440063605,81.0560836470141,109.709175491675,8732.38224757299,0.999902106277599
"N_all[11,4]",810.888566789582,2.4569096001914,228.155427254139,421.526557152506,656.993592170069,790.475336642006,937.877519268926,1328.59509814396,8623.49376034175,1.00002893737034
"N_all[11,5]",313.782863331789,0.604750055492769,55.9844463205702,217.419177978856,274.216377393834,308.849793871415,348.206670573686,436.407792411426,8570.04181855034,1.00025384466834
"N_all[11,6]",1261.21028829003,2.42186576935559,229.090446693664,854.149921513767,1105.66932839005,1246.54189442671,1403.3340554944,1762.01997153584,8947.74956347901,0.999993654421636
"N_all[11,7]",367.622401306015,1.02341577186345,90.9688354971274,218.591704917982,303.670462115184,358.469422605481,420.631024552871,571.57000090678,7900.98176333089,0.999818233592334
"N_all[11,8]",161.234914009098,0.460020094371088,37.5519674079421,102.63486365436,134.292514681321,156.613641862999,182.863041916845,248.638712033917,6663.64396937871,1.00029749294058
"N_all[11,9]",361.983721775435,0.878450728071227,75.5244804812309,234.529107656199,309.657310329901,354.413404830488,407.130588297667,531.34453570217,7391.63781832801,0.999875109206275
"N_all[11,10]",204.315928356057,0.508488570667394,46.6090741806135,128.75373848609,173.083966347817,199.710668796868,228.724520589351,307.339282734288,8401.92037506234,0.999989237749159
"N_all[11,11]",1370.12109882187,2.8571366598968,255.454081551477,955.391889021997,1192.207624467,1340.75678181661,1516.1053532054,1954.48771510726,7993.99118168399,1.00016338783065
"N_all[11,12]",747.378264400455,1.72720317941096,144.475577981103,512.568459687946,647.496683437909,730.435124160872,825.92595686587,1079.92567540671,6996.84130114074,0.999844741564995
"N_all[11,13]",35.5692569734097,0.149672787159639,10.8302667460236,19.1126580204802,28.2536638241424,34.0929230617889,41.1193857660559,60.7184798321272,5235.91532477169,1.00001480874455
"N_all[11,14]",33.8250197809492,0.238761757994023,12.4683084109306,14.845601233802,24.6305305008034,32.0958800936522,41.0715318315542,62.7561236885793,2727.00250375215,1.00079152488761
"N_all[11,15]",222.892384207418,0.539951093153773,45.6393092956528,140.510208981997,191.715788145693,220.379300773747,250.860633322737,320.495733966032,7144.4578251983,0.999991847831938
"N_all[11,16]",441.360880008878,1.04342625315973,87.1635661083114,293.047117500216,380.933049583409,432.594063013507,492.45394636762,633.795076340577,6978.24898530086,0.999785700221847
"N_all[11,17]",5756.61260745381,11.9388195768096,1000.15885050405,4034.24200410791,5062.71736088489,5667.12765546501,6355.57602152147,7960.47250286125,7018.02945651355,1.00025782850565
"N_all[11,18]",393.347309536335,1.1548657741593,84.2739507566718,253.15434112603,334.604363868844,384.753644235187,441.486956647347,585.160159463474,5325.04996098255,1.00030890607733
"N_all[12,1]",259.240996188709,0.630297496050543,53.5362526774617,169.29977895797,221.433902647927,254.531417544958,291.613109241805,377.591464921384,7214.47569141942,1.00033453098065
"N_all[12,2]",628.512984765934,1.28362082325195,124.57661273193,426.798840244496,542.933759900168,613.780089543657,697.794267790094,912.899352255159,9418.88574599982,0.999925314606076
"N_all[12,3]",80.5901033841471,0.191826062791864,18.7201273712966,49.545792669679,68.0257764831994,78.69291479284,90.6012024473519,122.982253549186,9523.62689041364,1.00002017497309
"N_all[12,4]",855.52337873467,2.13983865133142,188.77824637316,531.0047855441,725.783682658485,840.327430842588,964.301261198022,1266.52332572328,7782.90697027888,0.999745430367784
"N_all[12,5]",352.553862353678,0.627146769880607,59.8746938410215,246.526135778841,311.620046156403,348.459326751744,388.105095619153,481.989686293874,9114.82283998186,0.999994565450337
"N_all[12,6]",1355.28823994207,2.87828044890096,255.896000298295,912.509287653478,1182.79815495595,1335.92544147194,1505.4226986601,1914.20040795916,7904.25204535712,1.00058331308845
"N_all[12,7]",422.232335388623,0.962516118708602,86.2597413917282,271.455128975213,362.799949632843,415.366110039928,473.610448608267,608.916731000353,8031.56690198777,0.999594597580845
"N_all[12,8]",168.824547263533,0.412585099519322,34.6075440272134,110.451490795572,144.821944329859,165.073587079681,188.538347283128,248.354636708484,7035.8161300088,0.999873321354381
"N_all[12,9]",387.900909897874,0.926012357057776,81.9994500831568,254.037997917274,330.387949248131,378.420298015786,435.207386180097,579.798618797741,7841.30443576936,1.00034069302703
"N_all[12,10]",235.692017707977,0.756415918962614,56.7819528768444,142.52042051508,196.70754277836,229.762051996594,267.750274383211,361.742119811427,5635.07018647206,1.00002360742227
"N_all[12,11]",1511.75724268359,2.99712301433881,264.985816728502,1051.48610868167,1329.44512264666,1490.00865554059,1668.6785948107,2079.37957935989,7816.92816752318,0.999814259428043
"N_all[12,12]",805.785130369464,1.99012015334651,170.669529415874,532.34873588421,686.966251969083,784.019523877821,902.766297409147,1199.00706774305,7354.50396837718,0.99975186764814
"N_all[12,13]",35.4909310254454,0.145364533489864,12.2645590267638,18.3407538923131,27.1506308575164,33.3593892119525,41.2884860886846,65.7382554713352,7118.47489469754,0.999850514069239
"N_all[12,14]",36.6332601137914,0.301676044885312,15.0705012248339,12.2932027828765,25.508011012838,35.3724629440932,46.2222304528653,69.2896429970287,2495.59290332011,1.00101521006037
"N_all[12,15]",264.073695907603,0.567054479737883,50.0864786855448,177.532892878868,229.666363018203,260.014007921927,293.480440644946,374.004315105554,7801.73919585604,1.00031040920366
"N_all[12,16]",557.385856954505,1.32714551440525,115.551519910755,362.972260531018,477.449217315969,545.729151481153,626.23729724517,818.452127824698,7580.78601110995,1.00001403635551
"N_all[12,17]",6450.78151625647,12.1653598717648,1079.99294840158,4529.71570035225,5720.07166984086,6380.95913079329,7106.4863435081,8781.223450998,7881.19219330793,1.00022777910776
"N_all[12,18]",439.252738435696,1.34393479668167,99.8281667898966,272.349872680014,369.819848402236,428.870042039358,498.983052753641,663.492792701708,5517.59468381891,1.00027310553524
"N_all[13,1]",219.356438724354,0.47994729479622,43.8454956421417,146.036172038959,188.578801582545,215.437130910107,245.885346516905,315.459983504416,8345.701963402,0.999905388365756
"N_all[13,2]",539.388500459472,1.19629420182421,109.951091678921,353.258103290999,461.911591449392,528.856067028526,602.988224177518,790.181225358343,8447.40071033358,1.00000916794694
"N_all[13,3]",72.790206280442,0.18016881863263,17.8039782051856,43.2491921727663,60.7385615276276,70.9778963090601,82.6859348784625,113.434961084382,9765.05842768874,0.999625936257845
"N_all[13,4]",681.116022939859,1.93437418405918,163.211656667926,416.714400706317,565.435783435072,662.019353661269,774.84908172932,1044.10375043433,7119.03898387949,0.999923035203356
"N_all[13,5]",303.666308697631,0.614430332913266,54.3977529979563,211.36195464956,266.187182044626,298.592535162561,335.001293355015,425.410621162461,7838.20515192141,1.00032059607328
"N_all[13,6]",1163.18144466737,2.59092105465932,226.338672225239,776.400135382275,1003.882142102,1143.76616790823,1297.70070491885,1659.39490343706,7631.48697312364,1.0005908937316
"N_all[13,7]",354.343636958,0.836367629406617,70.997177132459,237.013158099813,304.905728661866,347.853308123804,394.816547275753,515.368150204097,7205.8917142828,1.00019996917054
"N_all[13,8]",128.169098506924,0.293674613721736,26.3293407562164,84.8762229982872,110.285101675785,125.64145832462,142.717143107001,187.612418217487,8037.98438291282,1.0002462887174
"N_all[13,9]",361.851060642796,0.909221816722528,77.6299045635285,233.003047701438,307.697322619785,355.311681624919,408.789021140447,535.684515984752,7289.84691620932,0.999861882878501
"N_all[13,10]",178.161172071419,0.446009596143826,40.166459197787,111.691325268783,151.184203314812,174.068720417152,200.606393880915,269.118866466573,8110.33311163161,1.00002556565151
"N_all[13,11]",1219.27343677936,2.62925574279675,221.432972583684,849.491702259422,1067.0504719935,1196.72387964166,1346.23027215772,1715.13479759266,7092.81966464563,0.999985890348364
"N_all[13,12]",610.090636110702,1.42927318021199,117.916085606865,415.84626529294,527.733392821543,597.038975343771,678.174705019463,875.027382934958,6806.37101274137,1.00003673947804
"N_all[13,13]",45.2282728752516,0.445517256699984,20.760558308164,17.7882735642792,29.945578687752,40.6711575617949,56.4844128240043,95.1824208534633,2171.44581154063,1.00097452063765
"N_all[13,14]",43.1404597486723,0.136641373981713,11.8345117667547,23.0460523326308,34.8333821316978,42.0696742507337,49.9921398636129,69.4701183267232,7501.29509962555,0.999903823245219
"N_all[13,15]",239.030702307746,0.522549018714929,45.0505711767327,160.729922632329,208.034453363559,234.994944051675,266.030229393434,338.311642922495,7432.69873414837,1.00001310292759
"N_all[13,16]",509.176230017602,1.273869298153,112.592223829775,332.472089497042,430.929818609613,494.003960217992,569.125175611883,772.863079459523,7812.08666721145,1.00015315615464
"N_all[13,17]",5434.97213136755,11.2463874017956,959.172626856377,3842.80998295182,4766.39879258172,5325.47640971856,6016.04530032218,7537.5449704954,7273.90246824492,1.00042428874593
"N_all[13,18]",432.154801396586,1.06236782237595,91.5735629306235,273.303381589668,370.005807172231,425.249737854033,485.837312219918,635.855731046465,7430.02727207971,0.999984232577148
"N_all[14,1]",432.146158726027,0.981670680836116,82.730582683628,295.095498985569,374.676548656597,424.711208618797,479.574159747851,615.401434054168,7102.32474009613,1.00006061776359
"N_all[14,2]",1080.61781142668,2.42241762992836,227.698924189148,719.419197602127,924.167064101565,1053.79250136313,1206.50970908668,1601.03611181201,8835.35329901437,0.999770323294411
"N_all[14,3]",143.815723163624,0.417440741318202,38.7038662753956,78.2263023981573,116.906049883986,141.012525247535,166.377419584855,229.995503173977,8596.44789161957,0.999775767521438
"N_all[14,4]",1441.93709934769,3.43023032832483,305.271653996068,883.660478141103,1235.1857165707,1422.34759830841,1628.69145729592,2099.27999920135,7920.02212208289,0.99962093813109
"N_all[14,5]",652.053925479832,1.26303513469319,109.748969151708,460.524197197344,577.013356812412,643.299979255007,716.966823726449,889.586729047014,7550.40131838738,0.999740914885566
"N_all[14,6]",2580.5524003063,5.2901847298053,479.228301513933,1746.46681946768,2251.58114242036,2546.44743418171,2873.49521692112,3619.737241286,8206.22160845387,1.00004436100211
"N_all[14,7]",758.123284812934,1.72514364410572,148.129695667718,510.315275673711,656.093674661844,742.923341787794,843.279389439834,1102.55407430716,7372.82178407251,0.999859122741173
"N_all[14,8]",253.565974481704,0.545665785878568,50.5370681488936,167.586057395602,218.554268485789,249.904768559499,283.230907400531,364.734264627736,8577.6167720202,0.999836217420124
"N_all[14,9]",710.637103499701,1.74027248675478,145.165336492208,467.546773740838,611.720453132232,696.397910522751,794.527662482266,1043.9105854647,6958.11082920018,1.00032990120064
"N_all[14,10]",320.977216872655,1.21187275791784,83.0272487614731,185.586169191817,261.792416947395,312.097851757186,368.128237734185,511.263751188632,4693.8288328859,1.00053820076407
"N_all[14,11]",2527.76562605586,4.7834712873658,418.115575679344,1813.77547745127,2243.94108008112,2496.14540822372,2776.08107908881,3469.65863653615,7640.22853691798,0.999770990263863
"N_all[14,12]",1183.07139201918,2.67327820076703,222.109646996923,808.274760613761,1025.05459876399,1163.53059601825,1314.72858811031,1673.95965117756,6903.13759386962,0.999814877994925
"N_all[14,13]",79.9267680027443,0.57831959779542,31.129150147098,33.6823085449676,57.3031023012318,75.5774312582293,97.9745100022846,149.507104402779,2897.33497532437,1.00074963174517
"N_all[14,14]",93.2011486086098,0.313623248327352,24.7540760547872,52.3941951367408,76.6015807208406,90.7358730197832,106.637983028013,149.771633571454,6229.84074084801,1.00040146824158
"N_all[14,15]",540.288248061635,1.16293503871888,100.629325076303,369.181274252616,470.752320582858,529.670877977979,601.707404237044,765.13216799701,7487.52366651239,0.999928552417829
"N_all[14,16]",1220.99113246134,3.29115644946853,265.77624316647,790.641324939145,1037.6690326689,1193.34670259139,1370.96084855503,1826.97696395065,6521.31624447628,1.00006179774428
"N_all[14,17]",11537.9087046932,23.3437628111379,1966.65136661336,8084.1951807512,10186.6441504496,11382.4533998406,12714.4355140016,15937.8516509872,7097.62472116291,1.00115979521721
"N_all[14,18]",895.103915017173,2.02067389798449,173.331053126165,602.47981072298,777.367705548844,875.442578452177,997.217507971081,1292.87953574723,7358.00855451577,0.999838378207835
"N_all[15,1]",293.866485827574,0.578985250350558,56.0172049191186,199.265766942868,255.173599447994,288.503279823097,326.208878002724,419.135190990256,9360.6901494216,0.999666721912618
"N_all[15,2]",846.76456255802,2.45854743531858,222.034045895531,504.189333962291,689.592180861011,815.121319938484,970.505437870559,1365.53986978297,8156.08909757712,0.999786629514504
"N_all[15,3]",76.2285579554414,0.418514769606802,25.1381950906334,38.9993097039561,57.8505351229545,72.0760694211256,90.5546186652467,136.766110444917,3607.83449451649,1.00017300411038
"N_all[15,4]",997.30040467089,3.47453647522524,255.276305509063,565.146432839681,810.132370163138,975.975340341991,1162.24241108717,1549.89455338236,5397.93016190899,0.999667306430786
"N_all[15,5]",496.373878005475,0.890788073284924,84.0653297811402,353.520109741678,438.233970826716,488.706050381215,547.374266284511,682.004912899265,8906.0484767348,0.999767035208511
"N_all[15,6]",1954.47420746784,3.86867499060186,361.569061204538,1338.1618047846,1706.93694824609,1919.53665534536,2160.07184281816,2770.07935434905,8734.90188935086,0.999785506869485
"N_all[15,7]",631.546530565763,1.57391164177685,124.200604479352,422.091548868884,547.307940220979,619.960492807554,703.691821308993,906.898414629877,6227.11266882546,1.0001657172269
"N_all[15,8]",168.721967684979,0.48781711025186,40.8316463143578,101.844476022709,140.553444301326,164.110336644362,192.395550156824,261.998718995139,7006.15471215801,1.00001979091725
"N_all[15,9]",464.988221834595,1.07912447417744,95.2111978231141,298.155885186601,399.564451569169,457.630915351903,521.658804988645,670.645658408579,7784.54033473982,0.999844635372387
"N_all[15,10]",241.832854334777,0.614729128345743,55.8879933868119,148.641387907764,205.195421248841,236.66508327561,272.839886902471,366.259769631309,8265.50607351529,1.00015261285911
"N_all[15,11]",1885.87806538646,3.5683739180544,317.67451412709,1332.96077343377,1672.31192305902,1858.25865413354,2068.16853646472,2599.39515815966,7925.45192592104,0.999798462389041
"N_all[15,12]",854.599969375518,1.66719846920194,151.388461409408,595.861649450491,749.19993885405,841.730675513381,944.027132565129,1188.50863955751,8245.38510971246,1.00028960063992
"N_all[15,13]",34.2778871929852,0.288679289931158,17.7772167810734,11.2886186354726,21.8489185376733,30.5767329391423,42.7732251281405,79.416222719396,3792.24406201958,1.00019585342916
"N_all[15,14]",59.7010488733912,0.185189453095893,16.368373119794,32.572955476724,48.746009521838,58.0550183356385,68.5117633981953,97.2080083303516,7812.29320166576,0.99981758895334
"N_all[15,15]",477.153532059191,1.20397680703409,96.8421196610952,314.932445979042,410.37925777084,468.14632464973,534.074656329901,696.13035479755,6469.8219858738,0.999818850468194
"N_all[15,16]",974.403215357887,2.33761458486781,192.720040845694,660.745674992272,839.454835083674,952.574696255107,1083.74200713436,1407.0379003383,6796.85400653366,0.999742051132321
"N_all[15,17]",9104.78213849137,18.8455449873667,1552.51837893394,6409.95770546718,8066.90640184371,8977.03903851696,9999.01022028758,12578.3683974004,6786.66008704526,1.00044545420197
"N_all[15,18]",655.97902527041,1.53398833700815,134.979542497919,422.431159175096,562.705178015984,647.32554827926,736.892193013615,953.851756282302,7742.68851756185,0.999848517142261
"N_all[16,1]",202.319645643933,0.401056340590846,38.5758670631002,136.801586256821,176.172839446858,198.625040573024,224.722200891569,287.284120250885,9251.68034839789,0.999587010788203
"N_all[16,2]",584.743687478093,1.77940702525498,157.735872113728,343.988313744051,474.489937911056,560.690382870536,668.35982339689,960.541533825442,7857.96953803395,0.999753062641199
"N_all[16,3]",52.2771287395847,0.380613138615115,19.2405011495389,23.7586313178856,38.3637383213611,49.5196936809032,63.0467490098174,97.8121152036091,2555.43717118293,1.00046032100555
"N_all[16,4]",799.646093134607,2.04688120842707,172.250828475938,502.911091232563,681.738570743612,784.081975215586,900.089212926981,1174.61126632985,7081.69732624136,0.999963869090098
"N_all[16,5]",370.452939884213,0.689912490361902,63.4557756087907,260.158479509195,326.644252020795,365.658383009708,407.483167424885,509.952095541506,8459.68706797228,1.00020112405328
"N_all[16,6]",1536.73326761167,3.27029343090293,288.394666056719,1048.32195321583,1339.95834944909,1510.42535361035,1703.97559658461,2169.7150272526,7776.80131323717,1.00013511561493
"N_all[16,7]",484.182081573261,1.08046322174638,93.4290207203714,329.978449308285,419.722965854631,474.698291438093,538.380004146208,692.127846067074,7477.27953464427,1.000107579561
"N_all[16,8]",125.696301272131,0.361197797264413,31.0739098697595,77.1977854321942,104.232748325383,121.49643712819,142.714412688177,200.167342918748,7401.1910874569,1.00008563728135
"N_all[16,9]",299.82466532103,0.943937920225502,72.8739531808241,177.109203051635,250.244474676308,293.87672889307,341.769076976775,458.102601960466,5960.15826899846,0.999687108684923
"N_all[16,10]",174.290310339509,0.463876404219535,41.7318293834691,102.280781933991,146.461983024746,171.214910517655,197.560414918798,262.916977969648,8093.38652959286,0.99968937707037
"N_all[16,11]",1408.68058838487,2.79760329886885,243.326067770188,975.215789433145,1242.34146442195,1391.93054018771,1555.69369191215,1932.20856903728,7564.93172609445,0.999695631998624
"N_all[16,12]",631.775623589929,1.22766940768998,110.404789828607,436.235755107962,555.114798366801,623.786257549903,699.489796379434,864.761727694392,8087.475221942,1.00041332547137
"N_all[16,13]",24.3742563956442,0.163336084190105,11.1939474241955,9.95886959591052,16.9602308006059,22.0168399732932,28.9229751710517,52.6722889961834,4696.80193513761,1.00045304623108
"N_all[16,14]",40.0392303220208,0.208881437978749,15.2906465378538,13.6697590054384,30.0068918315607,38.9604715499811,48.0951085542738,74.1416456318491,5358.60816096714,0.999863732093391
"N_all[16,15]",376.923902619264,0.984747276525808,75.5384397969924,249.001311354727,325.597057239848,370.384623037793,420.187634930545,548.579900623334,5884.18670225464,0.999639554475963
"N_all[16,16]",761.444852700922,1.8683243363131,154.024739667729,501.970011495029,651.382576000734,746.766715305122,852.623363769891,1099.7895233149,6796.36078198659,0.999842293080431
"N_all[16,17]",7081.97919978543,15.0227216279474,1269.92354725389,4865.04050242455,6205.78045882843,6989.76084349231,7843.70581202063,9782.23607338672,7145.91609433621,1.0002041638219
"N_all[16,18]",452.508456335037,1.23803344678836,98.0552739579726,287.491482051673,382.242350455817,443.937240497637,512.253009421863,670.190901782959,6273.02703559271,0.999916920375903
"N_all[17,1]",230.391932751427,0.476744917349658,43.342562979162,157.972959631104,200.658348927752,225.797681924248,255.19017633577,327.686689914002,8265.26979722183,1.00042406860102
"N_all[17,2]",752.393699895663,2.05299040555002,185.752884677172,452.488235582084,623.509858280969,729.381731105881,860.098287581297,1170.35001788763,8186.48168162329,1.00000662136957
"N_all[17,3]",75.5154533898245,0.348951540576082,20.7101998934867,41.9282979712957,61.1610661225231,72.8975277143013,87.0756463868288,123.336079594417,3522.39731456277,1.0008328184414
"N_all[17,4]",1102.79204003512,2.62811058667146,236.816838264382,718.4963440515,941.388853996146,1075.82356355015,1234.66486825291,1649.34371765051,8119.66077846575,1.00005823285088
"N_all[17,5]",469.374050672733,0.879721023273355,82.9289282809824,332.664040953968,411.008707276774,461.414418260691,518.419107599988,657.80111925572,8886.32442016653,1.00016420379441
"N_all[17,6]",1959.97100896966,3.8741957328035,358.784546710965,1349.95093048546,1711.93643031476,1931.26197597087,2169.26233928275,2752.85935244898,8576.38643976843,1.00064563751968
"N_all[17,7]",614.846824120699,1.38284189863732,118.113747349801,415.805358520682,534.317532371466,603.007917660505,682.337478390404,875.659511873283,7295.51302880849,0.999650039184048
"N_all[17,8]",169.391221351673,0.560213064889802,47.5547333324186,95.2558537792678,136.039682177443,162.883058383626,195.34781403867,281.661853007391,7205.78061378972,1.00012303998255
"N_all[17,9]",374.641951875428,0.834397554749925,75.2291030819691,245.724865777975,323.132864702237,368.26929494126,417.929715651919,539.234347485636,8128.78660242946,1.00020651643594
"N_all[17,10]",192.113523072806,0.75645866771913,51.5107676127168,107.708947694882,156.551280814011,186.138925109252,220.859383988359,309.070020442993,4636.87764897982,1.00099316694203
"N_all[17,11]",1734.68803992952,3.33612441965344,293.610171567171,1224.46209884088,1534.95148243909,1710.46276666743,1906.9931651866,2397.38597330435,7745.64726363574,1.00015241136818
"N_all[17,12]",770.423100080082,1.52329165136645,135.270505987358,538.553348817978,677.839405275857,758.404921229612,850.055671398704,1074.99399492347,7885.69735574076,0.99983127330762
"N_all[17,13]",32.1359117646833,0.291528465960222,22.2462512465408,8.57380879353893,17.7547553866054,26.4390739052454,39.8539696652653,88.2444651330478,5823.06637997874,1.00015897815885
"N_all[17,14]",57.3917310979802,0.250199224623429,17.8327049706121,28.7007484956588,45.2914949073339,55.2409285482258,67.1195700426956,99.3571576488557,5079.98617241346,0.999927869152697
"N_all[17,15]",476.313580664082,1.06659816418133,88.5892349632634,330.662751874565,416.465285350346,467.005740828994,525.653982167821,679.94154024575,6898.58847888616,1.00000276898621
"N_all[17,16]",953.938405010255,2.13588405411806,187.049362127226,652.527473620324,826.192956737462,928.350372013425,1057.3824219711,1378.51771980903,7669.3245419012,1.00043315672017
"N_all[17,17]",9169.57548363903,18.6101367657459,1597.53807396169,6400.47514267637,8064.21612493566,9038.10211130475,10122.4901411363,12599.6427935575,7368.91090014511,0.999819842779104
"N_all[17,18]",600.70595256485,1.35831503414405,116.82859695803,404.871990205074,519.418015988092,589.554169635834,669.657227649327,861.899014449611,7397.71007897104,1.00028107603952
"N_all[18,1]",318.894696728337,0.576133032853272,57.0824646116535,220.762656409421,279.88322411532,314.352486585389,352.542258001866,447.065177457616,9816.57252154029,0.999713023165601
"N_all[18,2]",1013.62038141196,2.43769959200958,234.850185209751,640.325242523023,846.942260912827,986.013454314101,1146.43354313558,1547.14422841642,9281.57000763185,0.99989374303328
"N_all[18,3]",136.98295532227,0.381100040247554,32.2784319783858,83.630056543053,114.814256739251,133.559610759638,155.365145630718,209.349167613481,7173.76043588328,0.999896736586185
"N_all[18,4]",1925.1047292892,4.92081692277769,407.522721705981,1240.9153188946,1640.44580762037,1888.98633397192,2164.7135521134,2842.8405594689,6858.5015502822,0.999837778823526
"N_all[18,5]",722.057916310556,1.46394462331546,132.305695730713,498.34359360005,629.856395351164,708.919452058958,799.177263179707,1017.5110050714,8167.85057079528,1.00013531620538
"N_all[18,6]",2862.87573551643,5.45987150291224,505.717213095388,1998.47570660916,2512.08583713428,2814.65011262908,3157.71156196238,4008.13136760758,8579.27577915421,0.999887419124245
"N_all[18,7]",877.227844153399,1.69045442969657,164.738444150125,607.311613055517,764.575535676739,860.685542110641,970.115378239787,1242.46628805488,9496.92447960023,0.99956985165941
"N_all[18,8]",241.591129931881,0.790184420391113,69.429312513751,140.764693086426,195.046266264969,229.929105069432,276.278807446801,406.755555401351,7720.2044989757,0.999985813953997
"N_all[18,9]",537.499733829003,1.14799041136065,103.80962464257,356.860096383324,465.398972091632,530.648962272822,599.94463598425,760.57949319151,8177.08891581707,1.00036642417754
"N_all[18,10]",293.642366416562,0.991655716229422,73.9154050628551,171.81052724355,243.122332065541,285.182482497873,334.915904453562,461.964815692446,5555.81892965732,1.00048130645963
"N_all[18,11]",2550.52524163046,4.761090984952,427.497586761778,1813.08646413555,2264.67092773986,2511.49127775505,2796.78505753194,3508.3012768392,8062.2149522312,0.999747205891135
"N_all[18,12]",1124.1793082366,2.14323962597288,192.733494293622,790.560847245066,992.692774336123,1106.58873389509,1234.14159879267,1552.70965285605,8086.72975753535,0.999747140901342
"N_all[18,13]",86.4142365981072,1.63469031899894,81.2436698522151,13.7872514168406,34.8817613247653,55.8631393265318,106.232394331729,309.866074468288,2470.06330584049,1.00147403612658
"N_all[18,14]",77.8326784307873,0.258929085871431,20.3738549528523,44.35679520899,63.6666939228889,75.7575013781129,89.1792430737553,124.726920574667,6191.34127777974,0.999947785360767
"N_all[18,15]",709.488205021642,1.53815134023208,129.046257759746,495.864068148447,620.733283101379,695.603199684911,783.16963546881,998.27656815032,7038.70385652155,1.00030035822689
"N_all[18,16]",1482.78193964422,3.15409873595958,266.791738982562,1023.13967736942,1302.54390335705,1457.99910155385,1637.67712526797,2080.70018108086,7154.74544659334,1.00002031477662
"N_all[18,17]",13467.4842720748,27.0869078371064,2318.84757086095,9402.95973429825,11867.5489552455,13270.0603091862,14903.4743131717,18419.6596842025,7328.67634493807,0.999899188236777
"N_all[18,18]",951.697594794283,2.05130345311521,177.250083366926,645.649841927007,827.464724183741,937.077787542601,1057.47407042485,1349.0884223442,7466.4313102371,1.0004563082377
"N_all[19,1]",338.666381230648,0.630737862240719,63.3352664792542,230.109290303887,294.781073835051,333.637106499943,375.842441085068,481.258403964356,10083.0843589356,0.999860891351955
"N_all[19,2]",1163.32933979879,2.66188686526648,251.519788457108,740.89023701898,984.252021803466,1140.81128182526,1316.48321238724,1728.92713578578,8928.22510811106,0.999820747664994
"N_all[19,3]",175.94074553325,0.476774809856484,41.6802040469261,108.633508310547,147.424736656111,170.950357347702,199.077003181357,268.10919460179,7642.45815610884,0.999784535422575
"N_all[19,4]",2281.21062144441,5.26216742774297,477.853912447172,1524.36860494191,1953.06540097554,2219.19983885274,2549.86056700709,3371.36545288766,8246.3348977626,1.00007832901435
"N_all[19,5]",793.45848645633,1.66425609637522,143.995580134827,544.648833020523,695.15311875253,783.005155924954,877.640796654335,1109.02837446863,7486.14113842133,0.999980457973777
"N_all[19,6]",3184.44067581179,6.36051565159353,583.217143486503,2163.98302748261,2785.99672200046,3134.51881942054,3536.78402649929,4468.05925010862,8407.67492234845,0.99985077445364
"N_all[19,7]",999.095620747271,2.34849044158037,203.864992178987,663.96400417034,857.950591732112,977.470070517977,1118.43372167089,1452.36927260182,7535.42437885969,1.00003337847431
"N_all[19,8]",279.720225800654,1.12985836091009,98.3325981883051,138.430549356102,214.284181359499,264.904549290916,327.687040623177,512.21503822734,7574.37881279915,1.00037119020946
"N_all[19,9]",544.430143205227,1.23954511500714,107.78188638011,359.162590261984,469.744492795866,534.862783219122,608.286386122607,786.663323972107,7560.78492482695,1.00012709962303
"N_all[19,10]",370.780215477149,1.13728951192377,101.438292808265,196.176244230765,301.794818496555,361.396358619998,429.846487112808,592.654013292302,7955.3958559362,0.999983587578123
"N_all[19,11]",2854.62629144253,5.24019076334154,492.649751420374,1988.82273669046,2519.31353205108,2813.7178240128,3143.19645968337,3928.55799045084,8838.57683015678,0.999754280669738
"N_all[19,12]",1258.41060593077,2.55558200463903,220.938630762095,875.544937114112,1110.03959896233,1240.08748978451,1386.23627027192,1745.26655753003,7474.18208219624,1.00022723041096
"N_all[19,13]",100.550763853803,2.39371566081612,141.696535585979,12.1152819092568,34.7036028670076,58.6720559025426,108.147845090702,450.864031400137,3504.07458653232,1.00044555713563
"N_all[19,14]",66.7687129122966,0.233762767362616,17.9054520736959,37.607094826582,54.1798397036287,64.8890003919615,76.8592346400693,108.585782577733,5867.0515089853,1.00059950106883
"N_all[19,15]",826.048317788718,1.86245486584324,153.670690670539,560.723912542675,720.206686846415,812.018895672956,917.003414524312,1166.56291969319,6807.85931497228,1.0000587376021
"N_all[19,16]",1735.40580715074,3.79467959174318,323.051558270397,1186.19238927414,1514.301463536,1705.20445257678,1921.45685582412,2462.86891738187,7247.58733267534,0.999663489692688
"N_all[19,17]",14744.6487075284,33.9487705976953,2905.68511755344,9768.98289532385,12704.1968888914,14474.0437810449,16450.6430259711,21128.0551208507,7325.69772692129,0.99994932582368
"N_all[19,18]",1108.58952552106,2.58835337741612,217.989548265214,741.977777079036,959.97362843935,1086.12761044599,1234.85036653862,1596.10876111981,7092.90602386571,1.00010632072468
"N_all[20,1]",181.765807197557,0.415410587132528,38.4767999226627,118.078232054533,154.331838047221,178.134125713066,205.038493623839,265.691887114873,8579.12051396254,0.999813087028079
"N_all[20,2]",633.532454320932,1.43174349582126,131.65110364953,406.539464238443,543.888958793692,623.32908892496,711.89197425675,921.755186555134,8455.09653950732,0.999904432966507
"N_all[20,3]",134.299304370378,0.32928986887527,32.3188040354963,82.6855650313368,112.068590384241,130.428999864145,152.579461499994,210.641025546173,9632.82840791117,1.0002578967806
"N_all[20,4]",1540.08356727306,4.82141788542101,369.833367922307,956.414855327629,1276.08466194669,1494.67641189044,1753.97790043186,2394.02997128307,5883.86413372531,0.999881378847679
"N_all[20,5]",429.603000283223,0.842703191704427,78.0224526306377,298.766073874427,376.203880716036,421.597820067787,475.926815997667,607.975536813154,8572.15309637197,0.999799558395695
"N_all[20,6]",1738.77964321792,3.61743764664828,335.000340705952,1157.04246813963,1511.71583495412,1711.65161251244,1936.04380841392,2461.52457163871,8576.07142831806,0.999936147513775
"N_all[20,7]",523.220181536068,1.21519111735766,106.288990946899,345.032801372079,450.56827124097,512.338909879068,584.754816871577,761.153355884558,7650.45730059642,1.00017747750972
"N_all[20,8]",168.554221589608,0.907944476400969,78.9259879592418,70.081895410768,120.681845980137,155.150672164069,199.186581650366,337.542199252909,7556.51366437659,1.0005175826878
"N_all[20,9]",288.414455945643,0.926220799669702,68.781335010237,177.537571021692,239.450310068013,280.910682666959,327.68842251923,443.704431373042,5514.57621086418,1.00020008880145
"N_all[20,10]",192.611275318376,1.32297238364906,74.1352604739781,66.7169244559243,140.768331354027,187.849906713871,237.947968364817,352.844478102911,3140.13325590898,1.00019497183692
"N_all[20,11]",1666.05385270326,3.63410492383672,329.196262500164,1077.88016321502,1436.42169381899,1646.16136051917,1867.57702460609,2377.81780174275,8205.68549593888,0.999985403762322
"N_all[20,12]",712.860621671229,1.5385726686974,133.51038852838,482.202384476529,620.730295583587,702.957517823446,791.767009331805,1011.59779462124,7529.9846835557,0.99976375018419
"N_all[20,13]",70.4657177555373,3.33458199269965,228.408232526809,4.91425686916531,18.0605599643311,31.8166992613619,60.9369655980356,339.38642590944,4691.81311753361,1.00011822219417
"N_all[20,14]",30.8660727033244,0.217477939430977,11.6439881447224,12.8788817430817,22.3752268754114,29.413675479097,37.6659856344545,57.4165238285105,2866.63956218895,1.00077477775443
"N_all[20,15]",492.273106032847,1.26095841948905,100.232708457621,324.478830054791,422.501321561237,481.698206743378,551.591448724871,715.822949325803,6318.54961676338,0.99978457314133
"N_all[20,16]",1066.79728045039,2.71160995518023,231.163832113972,678.379005006462,903.276013264714,1045.32071682204,1207.76817329021,1574.04384552943,7267.50486853764,1.00051399105035
"N_all[20,17]",8929.81053141445,18.5887326297072,1666.22888802264,6108.8859643148,7769.12829743696,8779.3552986051,9928.07948905339,12693.8995636506,8034.70170462619,0.999637223060738
"N_all[20,18]",723.428139430481,1.92503956380788,154.512960792922,476.121068106413,615.078265183806,705.603973506827,809.558257335386,1077.26709289618,6442.44188926512,1.00049389013436
"N_all[21,1]",149.618781334396,0.317925233562303,30.4461990795675,96.1648163437703,128.860810057297,147.410179052889,167.525726996863,216.608066836863,9170.98889469014,1.00027266568515
"N_all[21,2]",477.750644653142,1.09545247389917,103.995766285643,294.758049667757,405.211600755074,470.411426028288,540.010081813031,704.272898935857,9012.47841750627,0.999793182281498
"N_all[21,3]",154.904096959746,0.493832282390799,39.4763713278633,93.2148854074328,127.769473867059,150.65063620262,176.392852613354,244.241773396295,6390.21539482802,0.999933966871971
"N_all[21,4]",1272.20991697166,3.38862195604828,283.055307105361,802.237727914403,1078.26842387204,1245.45393961769,1429.1539554536,1917.28953294973,6977.44405748067,0.999686620328493
"N_all[21,5]",341.418748435242,0.694587622285714,62.272955006194,236.003490988357,298.912340923492,335.175669871671,378.065804312031,482.875406929834,8037.94202588034,0.999768473923943
"N_all[21,6]",1316.86356327657,3.06498367390153,266.300843314411,858.767305074807,1132.57835224529,1292.87953111918,1471.32192427454,1917.71675286295,7548.98830324279,0.999564404831973
"N_all[21,7]",407.784780664736,0.967131226929052,83.4498168326416,270.378971619735,349.272233219964,399.363520339363,455.467952524314,598.847572243624,7445.2616240748,1.00055693169891
"N_all[21,8]",142.168673327282,0.838594714798873,71.747524555256,51.5220184854489,96.4995879115766,129.284985968448,170.472345798144,303.433542690299,7319.97505743959,1.00104076214896
"N_all[21,9]",244.280012003931,0.681550029661121,53.7978765611362,154.606019357622,206.678583550879,238.004512925206,276.271533411524,365.10884258998,6230.67051889014,1.00057382620777
"N_all[21,10]",188.813381594775,0.724458389967172,56.2815623048381,85.9256936345023,151.878843892497,185.685672885337,221.232031475738,310.772134758774,6035.39079370613,0.99994063113991
"N_all[21,11]",1293.5694599642,3.11572251638151,279.138311748699,809.716842726116,1102.10287216679,1269.22331747041,1457.01512129448,1923.85802320778,8026.41016774842,0.999746989229634
"N_all[21,12]",545.953958897649,1.19595519728918,104.993051436852,369.232318920478,471.981130185836,535.154375335331,607.604469909564,782.746996179378,7707.10533877252,1.00037300625864
"N_all[21,13]",79.4975246283419,5.91585395442155,502.629639670548,3.26729792079485,13.9349607386492,25.8735599938141,50.7505108677775,355.058363382531,7218.73837347904,1.00032288135989
"N_all[21,14]",26.7553254744688,0.146033802458296,8.32798600576185,13.3256833488403,20.8089237987367,25.7410014712115,31.5852325207012,45.7746326355396,3252.16960258147,1.00033534303785
"N_all[21,15]",382.85509775807,0.817754151083449,73.4655490928015,258.998815508003,332.103398885176,376.481460218328,424.854394374534,549.977264693037,8070.89956830136,1.00001803726021
"N_all[21,16]",828.393127409274,2.18993988256604,181.956183358642,534.737806282308,699.185412500666,808.357198197098,930.344541980884,1250.26884600206,6903.49876521711,1.00010072081547
"N_all[21,17]",7777.61212549819,17.377041844291,1535.71140671071,5163.75012793423,6721.19924019458,7640.10359973404,8697.35704307392,11179.3097298376,7810.29659221403,0.999742482241559
"N_all[21,18]",727.515509059935,1.98394300182636,158.512910529395,466.84355118003,617.356526837087,710.538414266811,819.035740954388,1084.37303517239,6383.67691837349,1.0004732711379
"N_all[22,1]",165.350158673706,0.404207932802261,37.5698587101805,105.444562307403,138.361674836695,160.650370245919,187.733874795847,250.489241572198,8639.11904559545,1.00015818413599
"N_all[22,2]",480.688030883782,1.40587079419176,125.637945495279,279.628675739316,392.572245422759,464.585742428809,551.904048623675,767.569611737008,7986.39588011872,1.00056010314244
"N_all[22,3]",229.779208298199,1.01185362826764,63.9616661134853,126.596180381152,185.057351852297,223.423670800923,266.62466033374,372.279101544284,3995.80374320547,1.00013180199599
"N_all[22,4]",1500.97333577247,4.46064977711469,354.945059389439,915.973842581316,1248.46799785568,1464.12998790227,1714.03430973849,2284.11247430382,6331.78293463701,1.00011283868939
"N_all[22,5]",389.6256145598,0.81665810340977,74.9680147544902,258.204191804906,337.860401413781,383.931121623596,433.94168167676,554.940507694768,8426.97041341067,1.00008025914711
"N_all[22,6]",1418.92353845668,4.40756736796774,377.483899926981,822.527618765491,1147.5322168897,1370.00590722986,1635.69432092418,2295.99654206822,7334.98024349558,0.999636763498196
"N_all[22,7]",480.169314653882,1.04585325991666,96.7937230620894,318.174415301084,412.782135212906,471.216776754303,535.96784173382,697.010909072599,8565.50318259494,1.00036358287159
"N_all[22,8]",170.615104493566,1.16053152026408,97.8574341873605,53.8103066962996,109.485277401436,151.270636715085,206.779605547834,403.903671153944,7110.06822224621,1.00096176806038
"N_all[22,9]",316.426927574833,0.74411177953587,66.7620398924114,204.521705292407,270.519617066938,310.646188546702,353.449971438224,461.44352169965,8049.75822753706,0.99979988962741
"N_all[22,10]",226.67586515916,1.68198209063458,91.6341714173412,57.6731326540533,168.009510659948,220.355051258844,278.07551698793,427.050581592706,2968.05660946983,1.00016943866234
"N_all[22,11]",1523.61727029324,3.4999078173541,304.521648551784,1005.31659126315,1311.21560641099,1501.23153041991,1706.3972197771,2186.05590593427,7570.47505610732,0.999825587496188
"N_all[22,12]",627.469938924562,1.44071381337477,130.682599079567,400.473102864984,537.171815566945,618.500228457966,705.799825266797,914.756346189537,8227.73103986942,1.00071834630745
"N_all[22,13]",183.285781446698,34.3308886110706,2888.95514760632,3.35380211168918,15.75448912798,30.4868346845028,64.5386618264428,566.276976591576,7081.2757928289,0.999989113903303
"N_all[22,14]",36.6749819682676,0.123966830346361,10.2646706240998,20.1512652084104,29.4784189970339,35.4200702345986,42.4198705780498,60.7340913607544,6856.1299760148,1.00051453892806
"N_all[22,15]",424.291671045972,0.914965713944086,83.3613365638801,282.507475797511,367.218642312177,417.303057515497,471.507077155161,613.223429516313,8300.79518021353,1.00013274046811
"N_all[22,16]",1003.17060532228,2.29037562707972,202.774324169861,659.664425357727,863.937165058473,986.1948320051,1121.08015336246,1462.01882191217,7838.13064890444,1.00012674862074
"N_all[22,17]",9058.60117066558,21.4502189876485,1891.92185316701,5919.19675180429,7765.53321279288,8858.69056437513,10153.3333646134,13285.6781524326,7779.34311274872,0.999880601738536
"N_all[22,18]",1034.80232375473,4.30672880557287,297.42997843797,581.692308218763,818.474213207119,990.327218944061,1209.43048560458,1730.39684814017,4769.51730639188,1.00039633800787
"N_all[23,1]",182.998955400633,0.465230679463715,42.5471860225131,115.021991120574,153.383996466794,177.635027103815,207.917043273817,281.763715408979,8363.82604170398,1.00036500915503
"N_all[23,2]",496.701762091178,1.56031736435988,140.847677362512,268.378468040403,399.254651131279,479.61030890748,575.087392428083,815.380667839984,8148.42168785717,1.00065318652733
"N_all[23,3]",253.742233085861,0.908921409143654,68.8369933007139,140.76516367205,206.56605079148,246.552529006373,292.63770881205,408.120961499914,5735.76195805883,1.00006077390128
"N_all[23,4]",1404.96467828738,3.5938873286887,324.600292771466,878.362522031848,1184.13284727672,1365.15984525678,1581.73521560585,2145.13439695541,8157.72196464591,0.999730007474969
"N_all[23,5]",402.818668880052,1.10465447889034,95.2859389123173,248.189037072522,336.451997362747,390.55056389642,457.061984340082,622.064784320687,7440.54452464697,0.999751582481325
"N_all[23,6]",1525.28138579321,5.91225258593706,481.989122947667,784.64033395702,1177.47115881833,1458.56052154781,1795.51084107661,2652.91299524121,6646.125156363,0.999746453339976
"N_all[23,7]",522.129844610499,1.21782647686136,110.869653815403,341.07047201059,445.504160324236,509.754559724356,582.959117272067,773.677286443636,8288.09192413077,1.00004013769568
"N_all[23,8]",184.737949818085,1.37345900912391,115.313962882559,51.9393470370507,113.169468085878,160.41460130637,225.884958993345,451.979930277473,7049.07919606505,1.00086780154836
"N_all[23,9]",382.622809858207,1.08066032466827,94.6739060056802,227.685956904888,314.075570290919,371.670719105912,438.326488951438,599.934477502054,7675.06702150173,0.999802132777247
"N_all[23,10]",288.026905765256,1.17235824056662,95.9034667263433,148.471806307195,222.617615431742,272.025301863672,335.24788916256,522.331060892405,6691.87672258456,0.999787120953957
"N_all[23,11]",1568.45590874765,3.59384817654713,307.825031630308,1043.28340123075,1358.38371876303,1536.77770042687,1750.1258435758,2250.95512597106,7336.49140496671,0.999588917761447
"N_all[23,12]",628.691173077069,1.76880372125638,156.799636590344,376.992755306735,519.814659688852,613.127811059317,718.449227572963,986.089703504351,7858.34003560305,0.999992928797457
"N_all[23,13]",235.336100900669,38.5097110813476,3372.63988566343,3.43925999884309,17.042795743249,34.2950066403202,75.4461135815011,750.307642613601,7670.07168420021,0.999854390200372
"N_all[23,14]",53.0704339265075,0.194987056740707,15.2027378523212,28.4857307328815,42.5581307632957,51.2537262309683,61.525649358207,88.0964595495191,6078.99863746703,1.00002637480477
"N_all[23,15]",440.212981542543,1.02385623085996,92.2486841530754,286.548820255078,376.469762578898,431.703939483991,493.025254833861,647.488185387153,8117.87584404024,1.00012665296884
"N_all[23,16]",1148.98229074425,2.87317063142823,252.890985867319,725.33184527025,973.132837074457,1123.49222775861,1291.66030815349,1722.41864503587,7747.18383914744,1.00022936852367
"N_all[23,17]",9501.50438408719,28.1405550597525,2460.76799777196,5627.33353650801,7812.96166948512,9162.19650089528,10834.2834445611,15268.9838844193,7646.73467616163,0.999762547211
"N_all[23,18]",1163.54987625805,5.10163333419683,367.313119811489,633.956581874162,900.276049066832,1098.36381065397,1363.5965000127,2048.78469079187,5183.87354007597,1.00013235955464
"N_all[24,1]",319.716527141811,0.881482656060425,82.9137019839443,182.612846007014,262.9300567849,312.165131154331,368.361096722414,506.718807055977,8847.59163361295,0.999928646043651
"N_all[24,2]",750.69398318551,2.13187474541996,184.858877721759,455.53979831982,624.146231537094,728.670860700425,849.515285831707,1173.08471360335,7518.95099720255,1.0004032022148
"N_all[24,3]",348.71566519782,1.06251995230227,98.2167552011932,205.62051726146,280.650520962598,333.026745166253,398.142038078981,584.372609871722,8544.70308321854,0.999845734911191
"N_all[24,4]",2035.72281792454,5.75116046939837,526.361232064819,1115.72695611756,1666.7907189556,1996.01180724111,2344.26386545157,3180.81787054421,8376.38863061302,0.999917791681573
"N_all[24,5]",662.64331189154,1.68144896326502,151.23374916422,404.944588996034,560.870680034922,649.630256753219,748.955189081905,1000.07430870074,8089.65606486544,0.999861150375214
"N_all[24,6]",2709.41315422806,9.63618891645497,867.456813957746,1312.34561935527,2093.90148030373,2610.50269229306,3233.87221443431,4664.53211362121,8103.73282522086,0.999747958562454
"N_all[24,7]",846.536530398145,2.38208585583988,218.14632286395,510.334442735576,695.402461019468,816.098273967012,964.088489855549,1356.06395730118,8386.50427685834,1.00000098945011
"N_all[24,8]",296.98757761563,2.4710369386501,208.235361246837,77.4632526410616,173.104361522604,253.636558757401,362.349994875389,771.063374325954,7101.50645556671,1.000566757921
"N_all[24,9]",594.820497971555,1.55033512734817,135.901640750444,365.920921008352,501.779310417671,580.955057467402,673.906248663381,903.879965040262,7684.19231149755,0.999804005602496
"N_all[24,10]",669.381330099772,3.94045561385358,227.484128033988,290.108592453085,503.855559221142,651.7144824781,810.796625061798,1170.44349517872,3332.80052766277,1.00139116365188
"N_all[24,11]",2436.17880247528,5.5084284759868,485.867176970002,1592.58972656558,2100.92150112173,2400.06967692615,2732.24165399087,3494.22096350271,7780.00171364677,0.999725622880718
"N_all[24,12]",918.620331151663,2.320619315251,206.119945684343,580.824141229083,778.036505970858,896.088789805387,1030.72405533672,1400.26921413939,7889.18668931022,0.999993712453746
"N_all[24,13]",470.572329982281,90.5730047553993,7646.81784218456,5.0788864015652,27.4220797881925,54.7264847276042,120.719073435958,1375.63453414041,7127.93840681776,1.00000404011247
"N_all[24,14]",99.5621565516023,0.523313144758637,32.225093281551,49.3758189147532,76.3803760373596,95.6445218759931,118.188738040962,171.618007464795,3791.9716266563,1.00110735834313
"N_all[24,15]",679.652534089277,2.04029020880697,174.143220126676,409.138111018815,559.415976801047,653.369713304058,770.177318877769,1083.09527278935,7284.99487943884,1.00000071123866
"N_all[24,16]",2043.54136879864,5.73119708425423,514.001134770358,1178.43274895205,1688.63564066939,2002.0461920852,2339.71375374562,3202.89281340754,8043.35929833562,1.00021004020579
"N_all[24,17]",14456.0686760814,43.5484847693492,3742.12121274486,8827.56324143632,11935.4769369265,13916.0111902618,16333.7081099713,23367.4383834313,7383.96457053305,1.0000532129163
"N_all[24,18]",1593.72091648107,4.74569253480406,422.937140954502,976.834223426658,1303.36888035819,1525.34546150772,1809.08415175734,2594.69607754424,7942.41279409137,0.999955506247997
"N_all[25,1]",217.989197919017,0.869595681218908,81.987247117229,98.3999322346246,163.19606544599,203.866191859738,256.800741903028,415.826898642147,8889.10140051097,0.999698336435477
"N_all[25,2]",480.80402972592,1.56420979012273,132.694034070903,278.734794180001,390.735567762095,461.974769452211,550.567724312804,793.12330156179,7196.3585818548,1.00045362368422
"N_all[25,3]",254.35908739814,0.806969239133084,76.7549251152317,130.952719674477,202.707164446796,245.252681681286,294.477229152491,432.244366276123,9046.87405346045,0.999572825241646
"N_all[25,4]",1186.45754080967,6.13222197177343,482.148435142545,495.847057947861,833.563193439349,1109.33134787508,1453.10496341954,2295.13166235951,6181.95428735952,0.999829952783143
"N_all[25,5]",444.080701049466,1.62751660824539,148.997031189855,221.843413087365,340.772287848007,421.155304956893,522.536104468239,795.215725097826,8381.16463780687,1.00025748242846
"N_all[25,6]",1815.1861765659,8.34176365840398,756.258619875947,722.02404602446,1296.75789748537,1693.10494453876,2193.4132939806,3687.38440653897,8219.11228122027,0.999606693528634
"N_all[25,7]",631.448243960474,2.24062070053116,204.305017037987,309.240037224935,486.615748373201,607.471224257743,747.123560830611,1091.23640014394,8314.21737889009,0.999981959010559
"N_all[25,8]",201.028297100588,1.84702886347229,156.782091812243,44.3821929699137,110.218222973278,165.843830837962,245.458840996752,568.23772852048,7205.19177778569,1.00070220180437
"N_all[25,9]",370.323735031025,1.21686847285483,104.12659417565,218.536937682515,299.466673051761,353.364526245766,421.325520054357,623.115132394258,7322.10661595673,1.0002386275264
"N_all[25,10]",555.591472275329,5.00425573634065,246.06890730895,182.376041903465,370.084645154481,527.432091617833,707.276343009187,1097.65848380332,2417.87859261509,1.00162143955767
"N_all[25,11]",1528.09298776498,4.47194955850843,396.922643822521,919.730611844667,1253.53206354199,1464.87706429847,1742.52972229803,2462.18524764678,7878.0359508207,0.999669389851841
"N_all[25,12]",565.27776677869,1.90450810243339,159.832743516438,328.043316933408,454.420116387344,540.750962726521,646.235404441614,951.112050015399,7043.13250523883,1.00016764668109
"N_all[25,13]",384.596478871542,107.506497688006,9076.27996643563,2.60938493550776,16.098379358493,35.0632134483078,78.965030881742,1103.9803534129,7127.64957325392,1.00014894070718
"N_all[25,14]",57.6516450274777,0.214918558732766,19.6979003855278,29.7741935537272,44.7467218056188,54.3259023739428,66.7049222245202,104.686474194712,8400.24658463187,1.00015381845467
"N_all[25,15]",463.386261515502,2.10220651642837,173.136511576168,211.587768633358,346.089101092199,435.443766634254,549.36043406746,874.619139065838,6783.07423221145,1.00000408537173
"N_all[25,16]",1429.99907717874,6.47070066457414,542.223556080528,641.874810003669,1055.72340120655,1339.86497764083,1702.0653098021,2745.02920349081,7021.8919478248,1.00037697558099
"N_all[25,17]",9781.75726986161,41.4397874082604,3485.35767069231,4786.1313025374,7381.68298147626,9245.29702648355,11484.3832516747,18220.5181374246,7073.91223615267,0.999693983315739
"N_all[25,18]",1052.57475312532,3.36514738276583,292.520759575785,602.788475117485,857.753217433902,1014.53070030914,1206.35734010773,1714.64316994991,7556.23064093212,1.00018752166875
"N_all[26,1]",226.18282664281,1.09899976507178,100.223995381357,91.0598505322763,159.421660028747,206.355841618141,270.224853604053,477.207327554981,8316.64615668218,0.999714452394581
"N_all[26,2]",496.90609215926,1.98807299038652,173.998226266759,240.916127750845,378.6661443063,472.250427501125,585.583905468089,920.079452278044,7659.93337176352,1.00050450231435
"N_all[26,3]",278.382693424587,1.52331580954652,137.209321797221,102.929545898528,190.334535631754,251.066556507286,334.03959023794,601.566894037002,8113.10948279818,0.999917702343217
"N_all[26,4]",1238.30711148114,7.53829875272134,583.409573928539,410.865385128929,823.879166667976,1141.19893205047,1533.65878751368,2608.2062199493,5989.63576358959,0.999736635802351
"N_all[26,5]",457.926008616203,1.99733614105663,180.339163907476,207.435317029913,337.670789115111,425.162408654195,543.215271546199,884.792877598804,8152.25550605464,1.00022192050987
"N_all[26,6]",1877.94117603344,10.1156246574284,891.677582874294,670.149124323342,1282.01687354767,1708.13607540668,2284.46709932801,4068.42719920649,7770.165768738,0.999904815141005
"N_all[26,7]",664.24587235704,3.01585198976514,274.708297418913,282.753436710842,481.213721892816,615.942474890714,791.973792623433,1301.70728560333,8297.04617735939,0.999821228242468
"N_all[26,8]",210.109636531449,2.16244728310412,184.856354413348,41.2478925178645,109.431664698786,168.75565473239,254.613065073461,616.913858241782,7307.6495214622,1.00070076703806
"N_all[26,9]",381.354145672443,1.62114719255941,138.184838780045,186.044836897984,287.598093062238,358.157649011659,448.179237410847,707.980722399927,7265.67379038205,1.00052107586709
"N_all[26,10]",597.908532886161,7.19021102292412,425.964565633826,168.979537600032,346.279938348384,503.523895454444,724.154440670581,1586.18341976085,3509.6489088316,1.00043629349362
"N_all[26,11]",1565.10232183645,5.91680144490988,488.951025995123,830.097315116738,1222.34613667052,1490.7962424336,1820.33442330854,2710.33793323667,6828.99402086313,0.999767703217811
"N_all[26,12]",570.810552729712,2.39134216580458,191.611164430364,286.212750554501,440.000441433306,541.574642500901,665.981965184402,1043.89117488612,6420.34220792696,1.00020129443821
"N_all[26,13]",427.651841076528,84.6777387326273,7200.82225753999,2.13226498592931,15.451138913012,35.4627182214031,80.6589442912716,1366.25132982343,7231.45483840673,1.00009084837464
"N_all[26,14]",61.7890482587071,0.396366415401093,34.443071886234,21.200566493086,41.0748081471097,54.36881602435,73.198770724099,144.495615819475,7551.09715348376,1.00048115818813
"N_all[26,15]",486.515979355119,2.5399126589214,213.489817641126,197.036628323096,345.676081550705,447.905379698092,579.258812414024,1007.73075800409,7065.07485035267,1.00005671005995
"N_all[26,16]",1548.59876320002,8.82290946561275,701.956344048715,609.378884374656,1079.97692640878,1415.08245062063,1870.31651839752,3222.63151216577,6329.89580336556,1.0010534988325
"N_all[26,17]",10140.9941403258,49.4012099042513,4184.29733608828,4470.78133473176,7356.18708222913,9391.40365873297,12015.1494754,20561.9292913926,7174.14094640085,0.999634946495986
"N_all[26,18]",1099.5092353663,4.67196259379287,396.878345334303,538.951701245365,827.621699669407,1036.65989283601,1287.81857437442,2042.40474860742,7216.32514441982,0.999923094164065
"N_all[27,1]",235.0150149566,1.38848092721774,121.327401369644,82.6509824512075,155.346500814088,210.586213176227,284.19499420369,537.106902467062,7635.50832033632,0.999749673229582
"N_all[27,2]",515.505874846965,2.55693736210181,219.393461920682,207.204897051502,367.526362454695,477.730974420028,621.406071202212,1052.33257211201,7362.19275794149,1.00019316734411
"N_all[27,3]",307.146081630286,2.36977151431842,209.635196765254,85.0492042524627,183.583343928413,261.134790445773,371.251330428204,802.514769527112,7825.56046385645,0.999795067467625
"N_all[27,4]",1294.74877270726,8.80157759125461,707.489333084218,366.331657854052,804.590249531995,1153.88040328813,1625.9840539765,3025.41548166528,6461.28278557006,0.999802272248275
"N_all[27,5]",473.58883900161,2.55738215347364,217.713170791011,187.124468247169,328.818224477149,430.238853064431,566.053086790317,1008.43916398499,7247.33181295587,1.00033083889332
"N_all[27,6]",1945.35237084837,12.5795440245251,1063.42868743702,615.463803205936,1249.21129127502,1735.45363169798,2388.05372607976,4474.86976626677,7146.39381193335,1.00007021396439
"N_all[27,7]",700.143386334426,4.06701730644644,361.118353110686,261.777223060437,468.458942321763,628.968591444009,845.591680758674,1531.65271834709,7884.0084542926,0.999832581074974
"N_all[27,8]",221.010644252801,2.53011606647968,215.414008078649,37.6501637404739,108.21178969407,170.252986260268,269.077905541803,688.479043485338,7248.81463172549,1.00107470868531
"N_all[27,9]",396.984800196513,2.26758277340294,182.987138748548,160.06938650773,277.343879888083,360.185138355081,475.738777787,853.823390803251,6512.0066405492,1.00080529461181
"N_all[27,10]",652.902288011986,9.88067943235781,680.133326399013,148.909287564663,329.883634388119,497.714300892968,768.297999653376,2037.28400672006,4738.21204894266,1.00017344888521
"N_all[27,11]",1608.19379536992,7.89389476317162,599.908073165084,740.951674611351,1194.55122100833,1500.44948272475,1906.97850258585,3066.7906669983,5775.46223196785,0.999696534465024
"N_all[27,12]",580.756369066837,2.9635195474256,233.739956564045,248.84817410394,422.036748338497,539.757627091527,691.644235972492,1150.13390581131,6220.85853771901,1.00029989334297
"N_all[27,13]",466.982837813591,77.7720953135056,6435.80242056118,1.83665539533448,15.0311000371468,34.8699934674482,87.438439567129,1621.72425820711,6847.90624936023,0.999960384335698
"N_all[27,14]",66.9467631541342,0.667027662516271,58.5511951938105,16.6253973824392,38.1373083121181,54.5946774956062,79.0633230839035,190.467627685295,7705.19863843303,1.00113241213757
"N_all[27,15]",510.69333830478,3.21212194853606,259.246356706336,175.269573456555,340.96311843086,460.246313225441,619.69910025068,1140.91624366252,6513.90279855641,0.999898879448643
"N_all[27,16]",1688.87620778836,11.6748111625668,889.929223660951,571.744457018362,1099.64061184752,1504.22952005155,2059.14735730303,3852.03522033389,5810.46925491754,1.00049418862827
"N_all[27,17]",10550.092098589,60.8494890314707,4954.2381535621,4081.14061732923,7270.34936707917,9620.6455124,12641.3438815735,22886.303927548,6628.87588693591,0.999698780129433
"N_all[27,18]",1157.53657964754,6.46769549331311,518.92378672094,472.475766419623,811.002786999211,1067.74436236114,1383.3668405652,2386.91824625513,6437.36342153187,1.00031900062669
"eps_all[1,1]",0,NA,0,0,0,0,0,0,NA,NA
"eps_all[1,2]",0,NA,0,0,0,0,0,0,NA,NA
"eps_all[1,3]",0,NA,0,0,0,0,0,0,NA,NA
"eps_all[1,4]",0,NA,0,0,0,0,0,0,NA,NA
"eps_all[1,5]",0,NA,0,0,0,0,0,0,NA,NA
"eps_all[1,6]",0,NA,0,0,0,0,0,0,NA,NA
"eps_all[1,7]",0,NA,0,0,0,0,0,0,NA,NA
"eps_all[1,8]",0,NA,0,0,0,0,0,0,NA,NA
"eps_all[1,9]",0,NA,0,0,0,0,0,0,NA,NA
"eps_all[1,10]",0,NA,0,0,0,0,0,0,NA,NA
"eps_all[1,11]",0,NA,0,0,0,0,0,0,NA,NA
"eps_all[1,12]",0,NA,0,0,0,0,0,0,NA,NA
"eps_all[1,13]",0,NA,0,0,0,0,0,0,NA,NA
"eps_all[1,14]",0,NA,0,0,0,0,0,0,NA,NA
"eps_all[1,15]",0,NA,0,0,0,0,0,0,NA,NA
"eps_all[1,16]",0,NA,0,0,0,0,0,0,NA,NA
"eps_all[1,17]",0,NA,0,0,0,0,0,0,NA,NA
"eps_all[1,18]",0,NA,0,0,0,0,0,0,NA,NA
"eps_all[2,1]",0.462163689718368,0.00979200482540874,0.962947286551376,-1.40910875139775,-0.18276505082874,0.465767139746775,1.10407787898004,2.35719566747121,9670.78637184627,1.00019704903928
"eps_all[2,2]",0.0421741835720236,0.0093030109963541,0.99104630844023,-1.92517548351521,-0.606825397073561,0.0404244794106654,0.704737811850391,1.96314243561538,11348.5618185939,1.0000238107848
"eps_all[2,3]",-0.0665153387680554,0.00916593986459685,0.99675201512322,-2.02766668342467,-0.728617296841055,-0.0719261584499788,0.605038152598515,1.88746028406142,11825.5197417076,0.999922629081125
"eps_all[2,4]",0.0293235905555395,0.00916726990083791,0.982038941378887,-1.89316878861245,-0.646109965079329,0.0238915966966707,0.684727187611769,1.98869067717672,11475.6523510059,0.999853797279327
"eps_all[2,5]",0.135952883965288,0.00915438000216291,0.957268473731093,-1.74191330748996,-0.505647160298533,0.149074022146851,0.774169658636085,1.99960348858703,10934.7696862851,0.999887435738724
"eps_all[2,6]",0.190624720853034,0.00907744777882924,0.946292316161343,-1.73308302702818,-0.442796469524949,0.206827381861858,0.841869555876654,1.98100583050018,10867.336351856,0.999915001117288
"eps_all[2,7]",-0.00949858895986528,0.00923289795529413,0.971775672333008,-1.8892518127426,-0.660468746880915,-0.00719686275496793,0.649918362084519,1.89792143514826,11077.8625935449,0.999980225109376
"eps_all[2,8]",0.0815859191702984,0.00887486729925522,0.958958225831013,-1.83769143198468,-0.551773415538116,0.0882620270503639,0.723627738018991,1.96044040463384,11675.5041252071,0.99972004406507
"eps_all[2,9]",-0.018672413846764,0.00921350282060031,0.991281844292084,-1.95062119716409,-0.689120884019705,-0.0163178624578267,0.65606434540389,1.92520298627333,11575.6332257175,0.999689752694106
"eps_all[2,10]",-0.443340131916582,0.0108326319585052,0.970438409089433,-2.32268035155201,-1.1036503093977,-0.43960936668384,0.191865843237584,1.49243460845338,8025.42384747548,1.00001812970344
"eps_all[2,11]",-0.110003386176827,0.00822445324725476,0.965237469627511,-2.00870194425946,-0.767676486737359,-0.118753508329253,0.54207766411022,1.78799582314552,13773.8158589631,0.999817926973486
"eps_all[2,12]",-0.0848742864578482,0.00887936415508234,0.971739850808053,-1.967005571791,-0.748453079238161,-0.0971002667257239,0.555096560444015,1.88229404294506,11976.6757553625,0.999847179571465
"eps_all[2,13]",0.256853303475762,0.00896528970802637,0.941663032587683,-1.59896363838439,-0.369574903657759,0.262009578404094,0.891170279567149,2.09052911469915,11032.2066088472,1.00015254902783
"eps_all[2,14]",-0.0943387845018788,0.0086167396522175,0.947630637853812,-1.92998725625841,-0.744470336595293,-0.0984351178378083,0.541832137590683,1.80723386686164,12094.6204591985,0.999824217228559
"eps_all[2,15]",-0.020905201334666,0.00783232259930347,0.978968491042781,-1.97749845271975,-0.674285369106625,-0.0092116961582339,0.624275834524223,1.92761489956678,15622.7072179435,0.999620358374471
"eps_all[2,16]",0.0370575343536826,0.00809143213973472,0.956068166890877,-1.8489687621826,-0.616559716175077,0.0366581109412071,0.674543575434927,1.92098021364859,13961.3342293876,0.999771407408469
"eps_all[2,17]",0.12421408662427,0.00823650049589857,0.982210213639062,-1.79303377956947,-0.558615174421509,0.137343310308125,0.79984070885447,2.03489433953438,14220.7805286867,0.999579384852132
"eps_all[2,18]",-0.0645596294471077,0.00806060591039227,1.0125994462071,-2.04201626950111,-0.759046844186801,-0.0459326453303971,0.611763754077292,1.89185982415847,15781.198907502,0.999722501830751
"eps_all[3,1]",0.413275315621228,0.00798168891410854,0.916089545030221,-1.36413463853934,-0.210446717396285,0.421828362123237,1.02036752138758,2.1982410397296,13173.0475394444,1.00001300522612
"eps_all[3,2]",0.0271947671247332,0.00872925126818482,0.970214992054584,-1.85048606942962,-0.628057566656783,0.0296474156189817,0.675507429575039,1.9253866301253,12353.2711186052,0.99977165829778
"eps_all[3,3]",-0.00965685010430361,0.0083380714640337,0.977517417002348,-1.93329756367526,-0.658526108722943,-0.000717036302532464,0.651867827676162,1.89218372656374,13744.1467094001,0.999653198508923
"eps_all[3,4]",0.0339610223635194,0.00846222273481763,0.959403141325508,-1.84094164507258,-0.590479599569506,0.0223997772231988,0.673962791246662,1.88734205113923,12853.8541499863,0.999768116577546
"eps_all[3,5]",0.186195647661731,0.00823521645645471,0.924864176626664,-1.63584730101563,-0.437342193659562,0.194123354426382,0.817667011387873,1.97532322685883,12612.6364705047,0.999797163022116
"eps_all[3,6]",-0.154585537417627,0.00779182078722023,0.934138970175088,-1.94691678626042,-0.787485277380046,-0.169472232265835,0.465912618305783,1.69271030212173,14372.9220477682,0.999768690779654
"eps_all[3,7]",0.0110884693676109,0.00869708879903503,0.97860603172705,-1.91066208144896,-0.647247279776723,0.00575334025344816,0.689200589250424,1.94792725063776,12660.9988058822,0.999963227553547
"eps_all[3,8]",0.147108873880803,0.00780422822996124,0.920888417366932,-1.68025524309466,-0.454888519219184,0.155400815619958,0.756582408290629,1.94682871462584,13923.6820652693,0.999863184229465
"eps_all[3,9]",-0.0258871314649457,0.00790747680474632,0.965621010148719,-1.91262626839716,-0.685303676374472,-0.0184954385108647,0.626244931236668,1.87097551867963,14912.0571685411,0.999754376202184
"eps_all[3,10]",0.0615956941277792,0.00842839182533432,0.952235218084473,-1.83633830044631,-0.566770333794966,0.0575975626271916,0.679060471357439,1.94400107233572,12764.3600169825,0.999811391955347
"eps_all[3,11]",0.0553766556531042,0.00840305373290878,0.955623842630742,-1.79333511101054,-0.592537915843051,0.0595789165652008,0.70001448689294,1.90485780369031,12933.0117547019,0.999740266445131
"eps_all[3,12]",0.104245287741152,0.00831721378552456,0.95485887558944,-1.82367072292478,-0.529077693988786,0.106432850396425,0.730074576805233,1.96044921061703,13180.2196881969,0.999950652961144
"eps_all[3,13]",-0.00372104455455637,0.00833252585685633,0.93090754709368,-1.842516291204,-0.626008445838084,-0.00590869725483782,0.615851904202025,1.85613026419416,12481.2982897554,0.999614672056842
"eps_all[3,14]",-0.220139457207396,0.00785661050845625,0.91727842960812,-2.01474470433572,-0.833011458530792,-0.221161563436076,0.384733559455388,1.61595047535569,13631.1317292932,0.999655386369858
"eps_all[3,15]",-0.0354570058084801,0.007853165330867,0.95964245725717,-1.92400004223754,-0.682656951408815,-0.0365513223202912,0.603756696161593,1.87569600709461,14932.3935330328,0.99985233102588
"eps_all[3,16]",-0.0375199575676995,0.00831118941602247,0.991224953862108,-1.95570897585684,-0.711623267274039,-0.0519673282590931,0.634987475037437,1.92598652563637,14223.8804396211,0.999747379732129
"eps_all[3,17]",-0.0251223534898207,0.00831060057603177,0.992744369538976,-1.9914510181778,-0.683174436805418,-0.0165729697652175,0.627378801458632,1.92834072274681,14269.5423809951,0.999613778807578
"eps_all[3,18]",-0.0508621446322384,0.00809717329825256,1.01553252228566,-2.03552841410247,-0.739591455790549,-0.039332782205332,0.617688788840792,1.979805582182,15729.7131855079,0.999798997111693
"eps_all[4,1]",-0.029142357798754,0.00848048652269133,0.931685872534757,-1.82682333736396,-0.647472249497052,-0.0365894181793008,0.602522591410837,1.77195035711397,12069.7280194554,0.999710878061177
"eps_all[4,2]",-0.111741261430381,0.0100913682047128,1.01089228549733,-2.10778490458184,-0.812023886123874,-0.0943528724091455,0.567558447912537,1.87285839386533,10034.8216786531,0.999678161726959
"eps_all[4,3]",0.746368497538448,0.0144314110826374,1.06709539743451,-1.31180041380779,0.016671955077803,0.739065241111363,1.5025592541856,2.77499348807295,5467.50133467629,1.00004188505263
"eps_all[4,4]",-0.0438979412386316,0.00996784798395261,1.01963195916428,-2.02551298315895,-0.730873333200785,-0.0455329019470657,0.639898838639434,1.93555126260201,10463.6707752076,0.999941062553193
"eps_all[4,5]",0.0659550224056313,0.00904452186199388,0.945326298297899,-1.83527490649138,-0.557176148445875,0.0786898403933778,0.696009086687674,1.9077352002753,10924.265685549,1.00040512213254
"eps_all[4,6]",0.121214779485457,0.00910722533803644,0.962242469218516,-1.77265175301563,-0.545122196862375,0.126688785301856,0.769847584930505,1.98108938512382,11163.4100409692,0.999801315605112
"eps_all[4,7]",-0.0180951053774385,0.00890832797020848,0.996930009687223,-1.99059697496743,-0.674609588798399,-0.0234884062194834,0.638250626352235,1.94309990770723,12523.8236420496,0.999699642876511
"eps_all[4,8]",0.15067988578421,0.00831557734903488,0.938198623105321,-1.6754761055004,-0.466437114478152,0.150946033343811,0.774539983015137,2.01170503591721,12729.3071924447,0.999761255527581
"eps_all[4,9]",-0.0406478551179607,0.00916381631480474,1.01301099987799,-2.06440982629821,-0.712169746678012,-0.0314622726493611,0.630181949384818,1.94173932601616,12220.1228450332,0.999883211894182
"eps_all[4,10]",0.631397474816419,0.0128222769172473,1.01490176163678,-1.34915017951678,-0.0553011286884559,0.626652377056857,1.33151560849433,2.58203387281787,6264.95143628953,0.999893674680494
"eps_all[4,11]",0.0911872058270666,0.00848639077026853,0.981428268824154,-1.82175953086257,-0.557536165842758,0.0790638011326636,0.747003533600766,1.99155538866146,13374.3004365284,0.999622584063704
"eps_all[4,12]",-0.132520563993017,0.00781391296180031,0.938601986666665,-2.01719093898252,-0.759457328543157,-0.127231048751241,0.481597300542234,1.72657819258465,14428.6533479334,0.999676101820778
"eps_all[4,13]",-0.215519540719003,0.00820039829814643,0.935369631379168,-2.06081132960514,-0.835658467296014,-0.207609527161662,0.400877529350946,1.61434797630557,13010.5794017247,0.999703685290705
"eps_all[4,14]",-0.211495923098309,0.00865582762727543,0.957377447260236,-2.07865848931098,-0.855729347167968,-0.201412057057428,0.430373770435221,1.65114887932803,12233.4566342621,0.999841777908942
"eps_all[4,15]",-0.256952358798486,0.00852175008484614,0.984223266373987,-2.20076858698709,-0.914256500683418,-0.252763462712844,0.400478380571914,1.67174211291924,13339.1964101887,0.999645063159481
"eps_all[4,16]",-0.0496851328801078,0.00812696282923137,0.995943237399362,-1.97316117036752,-0.732108942553008,-0.0338800591964004,0.61845593513885,1.89381898358358,15018.0182332192,0.999605857551305
"eps_all[4,17]",0.071745534908661,0.00795809765186194,1.00431566447137,-1.90658039963543,-0.60869564526182,0.0611382187174775,0.75111112515957,2.03570200013332,15926.5586440948,0.999594195642601
"eps_all[4,18]",-0.169097773495418,0.00793276184517604,0.98276944240289,-2.13106691505841,-0.822628262241997,-0.165119974080888,0.500667974861658,1.74519062880144,15348.0942063696,0.99986285067014
"eps_all[5,1]",0.119959943566944,0.00806816861509933,0.902713041721357,-1.63703534559123,-0.498980542517504,0.127062762304354,0.732728346629329,1.89586337191599,12518.419530253,0.999999293800558
"eps_all[5,2]",-0.0625242476141399,0.0109114919070926,1.01852500171268,-2.03449854139118,-0.746682492770503,-0.0574914781096833,0.62968492868317,1.91698684457059,8713.14855062794,0.999655297312483
"eps_all[5,3]",0.793099371031601,0.00873845239324397,0.890651407995855,-0.985835133017325,0.22048406779633,0.793066735261902,1.37405713092023,2.50286595980842,10388.3474933871,0.999727082990085
"eps_all[5,4]",0.0509625444425503,0.0100912772718741,1.00501917120142,-1.94549007039565,-0.62128806152687,0.0461872883921085,0.723612520262162,2.01365483435173,9918.73789409151,1.00011283110788
"eps_all[5,5]",-0.0321011062740031,0.00971765870304295,0.981336483618809,-1.93318348376272,-0.695420268025365,-0.031502881317556,0.633352600760209,1.91942032767388,10197.9436111791,1.00011223413308
"eps_all[5,6]",-0.315672614013453,0.00966681485234672,0.980666502136003,-2.19306511622377,-0.978924299337496,-0.332622885031398,0.338484696301741,1.63721326846835,10291.4336934263,0.999937306487565
"eps_all[5,7]",0.0258717638113631,0.010531913114861,1.01842119502763,-1.97705773341161,-0.663874933074724,0.0148289185801554,0.72786059566943,1.98960367016149,9350.61816770685,1.0000417328321
"eps_all[5,8]",0.263348361711854,0.00861729762247663,0.93894955778749,-1.55316068222746,-0.362810617274012,0.248839272402711,0.901541277167069,2.11128513432897,11872.5043649586,0.999716899254483
"eps_all[5,9]",-0.136931786177076,0.00991036192976783,1.03296402085507,-2.10588093618779,-0.823010810271165,-0.152536940114195,0.572343227190299,1.89880533593348,10864.0400774623,0.999707219185713
"eps_all[5,10]",0.00944226578105633,0.0086892288065399,0.947597314659465,-1.84044362441015,-0.628309176083624,0.00706335880612386,0.642720652045261,1.87675480256886,11892.8290435512,0.999747523302905
"eps_all[5,11]",0.0944713263049844,0.00892588535646344,0.98940246486647,-1.83975464927463,-0.578661430718999,0.0893323050010513,0.761791034059491,2.04805642666608,12286.9295165934,0.99970206656611
"eps_all[5,12]",-0.146087943924721,0.00911483882693146,1.01741122128922,-2.14703409901459,-0.833631832393361,-0.138912433952559,0.524905566298534,1.82697954011415,12459.3406277839,0.99985381696366
"eps_all[5,13]",-0.551133293313677,0.00857432708248117,0.941779350471042,-2.38427452799954,-1.17840001087996,-0.561797958520344,0.0731808747887872,1.30655210793325,12064.1918485591,0.999595035267331
"eps_all[5,14]",-0.568367626237764,0.00801490186410327,0.937220343974631,-2.38125101829511,-1.21614026443591,-0.570898486116535,0.0620005519758844,1.33758539181791,13673.7298697915,0.999733626506733
"eps_all[5,15]",0.0434218392875688,0.00790403318861452,0.984464960919226,-1.87716608397845,-0.634064594994212,0.043225452851785,0.721178624364467,1.95598676123875,15513.2580384168,0.999650213798545
"eps_all[5,16]",-0.021855217529956,0.00832423213064751,0.988052668172865,-1.98847601681216,-0.678277161369472,-0.0216353404159758,0.648933976643839,1.89216578511864,14088.7293279469,0.999717348587022
"eps_all[5,17]",0.0310086941737907,0.00789048717362469,0.980487382733131,-1.9108195164358,-0.628469439561776,0.037632134395599,0.69728277423685,1.92931981557087,15441.0341103901,0.99977094833145
"eps_all[5,18]",0.0425587408361932,0.00757894958710963,0.991322661720079,-1.88917598013261,-0.643252533654938,0.062229991559713,0.718667000980959,1.99779249999781,17108.5038571246,0.999735241644146
"eps_all[6,1]",0.0985286331048532,0.00880069118876279,0.895452597885678,-1.67598388444258,-0.501359079259007,0.0866846366403496,0.70811520181786,1.82989330219086,10352.6525168082,0.999632772537501
"eps_all[6,2]",-0.0534233857903834,0.00981635660348914,0.997442612691879,-1.9870478959135,-0.741471988116827,-0.0455849821103882,0.619523600392176,1.89425803069151,10324.6463027587,1.00026075399631
"eps_all[6,3]",0.546652577779985,0.00811531087470605,0.860374310600263,-1.13603905617971,-0.023758433982834,0.545175596907009,1.12539574962019,2.23283976337445,11239.9543394354,0.999746932555129
"eps_all[6,4]",0.226227670651723,0.00877462500450486,0.922089450416163,-1.60141370235716,-0.386168099533086,0.245118968156921,0.840089152419805,2.0147359471815,11043.0484064921,0.999721057188633
"eps_all[6,5]",-0.39438584136577,0.00901809180682846,0.977898424009617,-2.29731110761679,-1.05349863280449,-0.406658080596455,0.265411331206078,1.57088080728776,11758.669610921,0.999688167055419
"eps_all[6,6]",0.181254806263739,0.00903371352843924,0.965876774310191,-1.67739534097513,-0.46725813602959,0.183824509208201,0.836978093934234,2.07301937782586,11431.699961814,0.999923601145017
"eps_all[6,7]",0.0311929927968835,0.0106203768525801,1.02350186881468,-1.98519564632434,-0.669120383555181,0.0386605469781236,0.728160134096119,1.98655199634438,9287.47002243759,0.999878808949133
"eps_all[6,8]",0.189024253165315,0.00902480544104552,0.957205702876016,-1.69170715045754,-0.446666788702108,0.185069345859702,0.813502775126827,2.12282046981558,11249.5424462783,0.999686702953152
"eps_all[6,9]",-0.115663796233238,0.00996662258817061,1.02201044469207,-2.15772015782101,-0.793337066029214,-0.114741150434601,0.568297333299349,1.91278209240851,10515.1299109169,0.999848252267866
"eps_all[6,10]",-0.430965163681656,0.00902809867861809,0.949711156256338,-2.27630794908232,-1.07402800788382,-0.438283702224581,0.220997972141604,1.42920031252117,11065.9953834231,1.00025714388392
"eps_all[6,11]",0.101464528389236,0.00956108540380752,1.01799468586081,-1.89083970713166,-0.58035781419727,0.105267019405652,0.796512259612273,2.08273297390519,11336.438250383,0.999922620149844
"eps_all[6,12]",-0.186473453289485,0.00935969984574255,1.01567250242939,-2.17289963468021,-0.871479407296559,-0.183601054639146,0.495963566194098,1.80949797567225,11775.6135969195,1.00010238807986
"eps_all[6,13]",-0.747123560632923,0.00876577527153482,0.945553040572113,-2.54006924515705,-1.39409866855387,-0.767160458836505,-0.116227549211789,1.12752584718787,11635.662778081,1.00027012023386
"eps_all[6,14]",-0.209088133211585,0.00890319911539867,0.968049910901411,-2.1636217456562,-0.857799724743987,-0.203569342304616,0.434707598869801,1.68065416823758,11822.3367611903,0.999813336131444
"eps_all[6,15]",0.0322162851211757,0.00807262829096651,0.971206533797963,-1.86510174885078,-0.62788185674624,0.0306683545556247,0.694008235590104,1.94564729561409,14474.1570220574,0.999717040961427
"eps_all[6,16]",0.231214785457491,0.00877396017766858,1.00585066217013,-1.73102519241177,-0.443062055159647,0.230600918309059,0.915144090543726,2.21380731132821,13142.4306626517,0.999891665025931
"eps_all[6,17]",0.170792360090236,0.00801355627935033,0.973829260863943,-1.71217131472846,-0.492615891389151,0.165680523001751,0.82101085919853,2.07019038290308,14767.774658475,0.999951062611742
"eps_all[6,18]",-0.00724355906333445,0.00801287842901988,0.981175337230271,-1.93278456286084,-0.670344155645462,-0.0204496149307245,0.67408136816263,1.88492868853019,14993.9527917933,0.999562897082474
"eps_all[7,1]",0.230778512853248,0.00779982842410401,0.888759493671213,-1.52644615455144,-0.356747131676012,0.221213963252772,0.819278768630213,2.03454319037927,12983.6980467892,1.0000480186009
"eps_all[7,2]",0.116312508251827,0.00914964756480486,0.944884700219214,-1.73915226597675,-0.519880279495502,0.103333139056264,0.758868686057042,1.99351238586768,10664.706358394,0.999709596588744
"eps_all[7,3]",0.513040259917315,0.00803169335896289,0.870289330483421,-1.26763948384459,-0.0545108782204726,0.529382782372662,1.10884743791435,2.17852862599055,11741.2160603363,0.999632695177316
"eps_all[7,4]",-0.151253499423167,0.00860713080934651,0.926345369257337,-1.92228337439128,-0.784604356606816,-0.160160956577618,0.488030988289281,1.63179524931365,11583.2135469507,0.999822371652126
"eps_all[7,5]",0.0122212793765331,0.00927449398785755,0.969022983399444,-1.90056789143711,-0.63813242520345,0.0297449067497485,0.659285106377681,1.93158611765621,10916.6077965237,1.00004683615933
"eps_all[7,6]",0.070904016178883,0.00891939024055394,0.945435989112,-1.80995654187196,-0.558606397537761,0.0745301823203113,0.69845790105321,1.95750831852197,11235.5394582163,1.00004238515068
"eps_all[7,7]",0.414456508494299,0.0102091089943373,1.0247959017525,-1.57506573106612,-0.282934274652041,0.404488404218628,1.12095968472139,2.39236199649486,10076.253360956,0.999972904363212
"eps_all[7,8]",0.0843278620365013,0.00900367248403763,0.946568396185182,-1.77317824426225,-0.55528030665807,0.0995252527372181,0.726351593892339,1.92982505804423,11052.6043253742,0.999888769649847
"eps_all[7,9]",-0.120281475722007,0.00906503817214313,0.989399179457549,-2.03190760179579,-0.791844554531582,-0.126627501815189,0.548194180971266,1.83393343692614,11912.5247862165,0.999750931069893
"eps_all[7,10]",-0.519798533528138,0.00793058807446241,0.914781578000492,-2.27232090269385,-1.13991191259339,-0.520012116590022,0.0804613012006521,1.30187903499687,13305.2805100453,0.999677392958584
"eps_all[7,11]",0.0875428168746433,0.00876457652155443,0.969778501294126,-1.79169575807491,-0.575474745505397,0.0898655574835914,0.736205785637598,1.97929973963384,12242.8697770173,0.999762316386421
"eps_all[7,12]",-0.131742946154953,0.00879606636455712,0.992519281087746,-2.07079294189748,-0.796929802801996,-0.135765697531513,0.555528669459303,1.80112023454921,12732.1254729463,0.99963612270404
"eps_all[7,13]",-0.275607820528223,0.00889088520685873,0.931386366318306,-2.10705621943256,-0.880400902751013,-0.277246756822236,0.336044134931795,1.53952542409835,10974.1210636561,1.00016301944902
"eps_all[7,14]",-0.512238787828909,0.00794710670950937,0.951141401026167,-2.33292591619594,-1.16797502908838,-0.529547606434439,0.129010889605925,1.38627503267514,14324.2562899332,1.00002717016802
"eps_all[7,15]",-0.0798512862896029,0.00809430749727484,0.953366331061113,-1.9528759616023,-0.712316119692913,-0.0662057415378715,0.539989628549531,1.79628571316713,13872.6753480664,0.999759861394077
"eps_all[7,16]",0.0722659789670282,0.00784496166662736,0.985854010882893,-1.88773669338729,-0.58063981595177,0.0737229080712148,0.732791935715425,1.99590723856715,15792.2337546076,0.999977477727286
"eps_all[7,17]",0.0220341591353036,0.00726618232944085,0.960135201590219,-1.84241966606544,-0.621458005900946,0.018535477884125,0.678304560464624,1.91272746022747,17460.3201440752,0.999725871772495
"eps_all[7,18]",-0.0540839602660352,0.0080147528498839,0.998204420324273,-2.01240800212486,-0.723958489006027,-0.0475808651644403,0.608655577509803,1.94100450673555,15511.6754061311,0.999734979117532
"eps_all[8,1]",0.00280187293514081,0.00804842527785984,0.904577185047553,-1.79052431452933,-0.595753477241284,-0.00620103334175127,0.606756632902817,1.81057099785049,12631.9217596716,0.999929930660852
"eps_all[8,2]",0.564004213977575,0.0083741882567714,0.893519437735581,-1.17109711937479,-0.034817891726766,0.562251745793554,1.17611040344266,2.30183008978621,11384.7256536196,0.999968022727934
"eps_all[8,3]",-0.115083488931809,0.00802075950644063,0.855205970416683,-1.76951319205386,-0.690686920190225,-0.12790174899339,0.449787470658105,1.56986011973829,11368.6909035259,1.00045951539748
"eps_all[8,4]",0.332278791947918,0.00849819308439881,0.911255966428672,-1.48219026832123,-0.2759519617914,0.344489693747562,0.955287396652182,2.0851516420976,11498.1397047386,0.999708791087477
"eps_all[8,5]",-0.206986542772041,0.00872437420476903,0.948222602264365,-2.0460109755265,-0.843445569075258,-0.201982468983981,0.428851111010914,1.65354280261294,11812.7778372986,1.0003674479512
"eps_all[8,6]",-0.218794358540346,0.00819260649972801,0.939050168609857,-2.0349826044508,-0.841867574017838,-0.220373904937764,0.416080128315108,1.65375984886828,13138.1252736973,0.999897700175493
"eps_all[8,7]",0.0142068290425166,0.00831556721419233,0.966534102368426,-1.93080272282095,-0.635977011787402,0.0248871837652219,0.661089262858097,1.88060104846747,13509.8524945283,0.999882071046704
"eps_all[8,8]",0.223789247814061,0.00812280454748502,0.935720977392242,-1.64904396558786,-0.409271240834177,0.223774239400196,0.856197625174211,2.03379392611075,13270.2995108502,1.0003506555631
"eps_all[8,9]",0.035257899770352,0.00934236382426898,0.997054982449009,-1.90687716912094,-0.630461972398932,0.0328448790367524,0.699541020914711,1.9774647219361,11390.02464305,0.999707015573796
"eps_all[8,10]",-0.281061558721112,0.00848464407650115,0.918480179019451,-2.10525339166143,-0.895432009791107,-0.273881275428443,0.333211149596534,1.51942700137824,11718.5079678602,0.999853095508923
"eps_all[8,11]",0.073237848821954,0.00880209645640513,0.970498987976744,-1.84050843845978,-0.577042156831322,0.0695353405823801,0.727772649533148,1.98282892252956,12156.7623512515,0.999744964430409
"eps_all[8,12]",0.122910949103934,0.00816061761367901,0.984398246440427,-1.80122068930526,-0.541845504618642,0.116924399348251,0.807023113408061,2.03925833864556,14551.0926530273,1.00011096167834
"eps_all[8,13]",0.281389791732072,0.00942219617658637,0.940758057801521,-1.60428836076116,-0.342373522396232,0.303209352979323,0.920636540621512,2.0782984526453,9969.0002998745,0.999758520117521
"eps_all[8,14]",-0.0722140490927476,0.00832181447893027,0.957159897551828,-1.98426419698598,-0.710478111116947,-0.0607556601424575,0.552038891730278,1.80870339309734,13229.1801241368,0.999609323172868
"eps_all[8,15]",-0.266464965648724,0.00825374375628452,1.00135951805146,-2.20431678324523,-0.952478530316347,-0.276773718058965,0.420670745252715,1.68422230966582,14718.9929370356,0.999786241379785
"eps_all[8,16]",0.298227976647043,0.00829274896971793,0.979023136262089,-1.65825019574012,-0.352418054936546,0.295992415367851,0.947901132645262,2.19664723167719,13937.6281092383,1.00013964653437
"eps_all[8,17]",-0.0834942076690054,0.00824592642130935,0.999746148312317,-2.02213360132947,-0.744292989255818,-0.0871853799328842,0.572185566622117,1.8714196645693,14699.4325143905,0.999599278692665
"eps_all[8,18]",-0.0421365585437698,0.00762790736961843,0.983995623170654,-1.99387145830017,-0.704057817559691,-0.0382174383928592,0.599865315562773,1.91112639670683,16640.8502479138,0.999702208963626
"eps_all[9,1]",-0.0137818414016702,0.008573018749135,0.926803843715076,-1.77616933628329,-0.644698614565671,-0.0301831404498794,0.613279571411068,1.81490820941774,11687.136205484,1.00045369630372
"eps_all[9,2]",0.737115115616935,0.00957314108844499,0.935381694524383,-1.07986844261244,0.102431942193148,0.737308018918722,1.35769868766929,2.54344894342029,9547.04157545834,0.999920559245101
"eps_all[9,3]",-0.340460042322415,0.00784466313350717,0.841634230959784,-2.01524836015943,-0.894041387906014,-0.335731261472905,0.200950659750006,1.34274566620846,11510.6058789521,0.999952471648623
"eps_all[9,4]",0.170167573696062,0.00803180971500353,0.923365248670579,-1.6613982448433,-0.441929304791031,0.17778566705706,0.789218403188375,1.94911611139997,13216.6147056562,0.999773711405567
"eps_all[9,5]",-0.493012479616341,0.00882837494296942,0.947524422487968,-2.28418562616117,-1.16061649036293,-0.521765587337574,0.170450413370171,1.38448994676377,11519.1195762283,0.999978719447864
"eps_all[9,6]",-0.354487820468845,0.00895834251759734,0.965008742915036,-2.23745663860482,-1.03239913622708,-0.364754864788481,0.309537823864891,1.54712694418674,11603.9852790245,1.00015650478029
"eps_all[9,7]",0.428333191111677,0.009166269226602,0.991887944099745,-1.54804600247095,-0.221403701912661,0.433335780459708,1.09150446349656,2.3750602384297,11709.5446084822,0.999763096749608
"eps_all[9,8]",0.468952373245431,0.00826413442174367,0.943341797491552,-1.40600343992705,-0.157819664040162,0.47739697351243,1.10447347199789,2.2912242583413,13029.9698186052,0.999945775087427
"eps_all[9,9]",-0.0436729876346958,0.00839879535692339,1.00693267879804,-1.99306535822434,-0.725620769767037,-0.0422951891187977,0.637075986676349,1.90635314078934,14373.6436029634,0.999758161734546
"eps_all[9,10]",-0.0595406092036055,0.00877622418494319,0.922997171981437,-1.85711608976963,-0.677082980775119,-0.0565625880438719,0.567999254885391,1.72554835489761,11060.7690316474,0.999681312458669
"eps_all[9,11]",-0.106863111133518,0.00874036110740674,0.964636545344278,-1.98157540054067,-0.768661987884323,-0.117993014455567,0.544277777527369,1.82132845785886,12180.5996936946,0.999644900727011
"eps_all[9,12]",0.0445556166758165,0.00859180519518892,0.957441656954975,-1.81470393700875,-0.611476998420127,0.0478816956965846,0.690288559175405,1.89698786966746,12418.1183653524,1.0000770495276
"eps_all[9,13]",0.0793852773210102,0.0085095672409679,0.940444339573975,-1.77364019039251,-0.540528724892848,0.0675625802637202,0.712487317967678,1.93678650883459,12213.8123960309,0.999863958348102
"eps_all[9,14]",-0.350415499241257,0.00900253010906985,0.988141561348573,-2.27996370378522,-1.01170750283783,-0.366413326984277,0.299121913507358,1.64912712400558,12047.839331908,0.999922247177477
"eps_all[9,15]",-0.150899675923616,0.00828159914295384,0.987981232703563,-2.07199728298314,-0.815325850291359,-0.149302044282276,0.512827500983187,1.79038937042135,14232.0997581013,0.999560922141816
"eps_all[9,16]",0.097502648789263,0.00800022940569772,0.971311917975201,-1.82256722467805,-0.547902406275354,0.0905539048055846,0.756530645006774,2.00301221716156,14740.5115048077,0.99979704397571
"eps_all[9,17]",-0.104931126325198,0.00850545359202393,0.997632080269657,-2.00063067569549,-0.783218140179525,-0.114553134734721,0.572175402994324,1.87472821004944,13757.7005860361,0.999763338156114
"eps_all[9,18]",-0.0539910340211383,0.0075897399780428,0.988696080210129,-2.00934595566407,-0.714345960799871,-0.0686434205695187,0.622411516248664,1.85917762074095,16969.6087734813,0.999599679659721
"eps_all[10,1]",0.314872579255013,0.00928821727164399,0.90418076370988,-1.48008663736739,-0.295276688255123,0.315176678907924,0.933872019075213,2.09012431802893,9476.45259918184,0.999870506896053
"eps_all[10,2]",0.194081508797677,0.00944679500185795,0.947353077578851,-1.70478157883739,-0.458466659893484,0.201119354514723,0.837635593115801,2.03744526195644,10056.6829426221,0.999847816058347
"eps_all[10,3]",-0.853653488942686,0.00864343114213864,0.87057645570114,-2.49064984644522,-1.45481186076258,-0.88750881281494,-0.281569623677285,0.922211766775005,10144.7531131621,0.999740952662091
"eps_all[10,4]",-0.0974269906081282,0.00929875055074941,0.938700943680364,-1.94165497824348,-0.722499246296788,-0.101666643246427,0.524640855350595,1.76148909390225,10190.7304410562,0.999812133729147
"eps_all[10,5]",-0.184085390063871,0.00872532105295789,0.938490945323492,-2.04272858212127,-0.803069880979844,-0.181646266233215,0.430451237713906,1.69356212290536,11569.0405059878,1.0001457454698
"eps_all[10,6]",0.143776909562733,0.00955509758782545,0.951517839555868,-1.71844931107368,-0.494690620690813,0.155162946221597,0.796867076647847,2.01821743239305,9916.61873696808,1.0000608201589
"eps_all[10,7]",0.124502046930989,0.00883866813276372,0.964494959775204,-1.74937755941747,-0.533962168085794,0.122303413934147,0.783274388909371,2.01929683057303,11907.6557194915,1.00017642886234
"eps_all[10,8]",0.0730726511391909,0.00860527310546258,0.942800991262253,-1.78675154541893,-0.551950073089397,0.0611273382059369,0.722383820082771,1.94116683905336,12003.5787156592,0.99994881051561
"eps_all[10,9]",0.0354126298293576,0.00981961847515138,1.01929049489702,-1.97137650257217,-0.667989398029524,0.033466043050527,0.735199930980943,2.02290316007739,10774.7380354121,0.999832598702804
"eps_all[10,10]",-0.429122208157221,0.00902981956184857,0.943288500454141,-2.26583450163373,-1.07720045688897,-0.422273023252754,0.203584451223968,1.42116774421918,10912.6678266539,0.999856500929881
"eps_all[10,11]",0.116787838597616,0.00910644551201253,1.01152227740617,-1.91696854977872,-0.568146333905495,0.129961818690344,0.803348840202957,2.0673341949513,12338.2372567818,0.999650923836606
"eps_all[10,12]",0.0457788740716065,0.00911327430205519,0.986166407372559,-1.8990151275258,-0.598567163527997,0.0516294813977488,0.696856426333883,1.96933873247694,11709.8551968513,0.999590731965508
"eps_all[10,13]",0.532553189634666,0.00957179130226608,0.931234076917339,-1.27686371179222,-0.108352861915288,0.545578648381313,1.17557998541988,2.32614880475224,9465.23231643699,1.00008958263549
"eps_all[10,14]",0.125464630056928,0.00893313945314038,0.971183322904651,-1.77233246018693,-0.528950367181359,0.124376154176576,0.771816331243274,2.0498568442675,11819.3666406786,0.999785545594788
"eps_all[10,15]",0.160351788354281,0.00953615490843133,1.00762221144961,-1.81789863435606,-0.515812701880739,0.1707694072306,0.83280128141412,2.13457198693139,11164.746584863,1.0003103885915
"eps_all[10,16]",0.361098177021608,0.00829566093308169,0.994359514962258,-1.58187435990184,-0.316702894104463,0.369638506404609,1.04558558934091,2.30243499037554,14367.6216124063,0.999702815575462
"eps_all[10,17]",-0.147754181297889,0.00812468853644348,0.994109838134526,-2.08252227911248,-0.832777999792544,-0.14810346254422,0.526526600533328,1.82231412400311,14971.154814815,0.99962784560771
"eps_all[10,18]",-0.169659564344807,0.00793166577061486,0.98526865453015,-2.09644121468129,-0.845661734791232,-0.186781007979864,0.488603668396586,1.81989458725464,15430.5185828547,0.999858724636687
"eps_all[11,1]",0.729356426382971,0.00905964414781242,0.920893403613114,-1.0852344547015,0.112495785230452,0.745994199945149,1.33938453062787,2.51939999122125,10332.2866263681,0.999797200824793
"eps_all[11,2]",-0.134085757740477,0.00886759959055733,0.895325267574271,-1.88274907628895,-0.722631335458741,-0.1413662115374,0.448261970211923,1.66118009560276,10194.1151050512,0.99971981594475
"eps_all[11,3]",-0.000926165499443158,0.00875252118767693,0.886268204308043,-1.76394902555672,-0.582843446321778,0.0126865252115587,0.602013068317039,1.72213550908065,10253.3078309846,1.00010847346113
"eps_all[11,4]",-0.679462045616567,0.00944787854806221,0.954017450569165,-2.51382435616104,-1.33863574515716,-0.695900825590421,-0.0478103693124935,1.24897826215372,10196.3335471887,0.9997515713451
"eps_all[11,5]",-0.0773041080531124,0.00817645951957976,0.924712826458346,-1.88160101372118,-0.700235360500473,-0.0780795915875743,0.536029262405411,1.76152277354331,12790.3721634112,0.999944240016621
"eps_all[11,6]",-0.0433364392336573,0.00832294180120515,0.941728856347038,-1.90767861420155,-0.655592535821761,-0.057982242635887,0.586495829096103,1.8107471079804,12802.595993209,0.999819715817718
"eps_all[11,7]",-0.29501477788712,0.00947769212205166,0.978675388495528,-2.2061849360208,-0.956775755441126,-0.308664725487037,0.372857699666417,1.6318297476668,10662.8215323043,0.999694077353556
"eps_all[11,8]",0.0957922181981758,0.00816585435800426,0.926548158085608,-1.71205130825284,-0.520805261708612,0.0903911593882794,0.706194098636137,1.92497776489848,12874.5700477323,0.999672887748069
"eps_all[11,9]",-0.038079626282212,0.00904325921800189,0.945264266718105,-1.88327277773264,-0.68401078801609,-0.0368326351110863,0.602739381387094,1.79378020504984,10925.8824117458,0.999839520384644
"eps_all[11,10]",-0.0770688348513074,0.00902048019529788,0.926599945132032,-1.88461850607846,-0.692801056829268,-0.0797542204560093,0.542771169058298,1.72610597169466,10551.767799103,0.99976261546186
"eps_all[11,11]",-0.188308674232069,0.00853010244990386,0.975094423509757,-2.14009525495895,-0.830075945175514,-0.183708236730505,0.479883856427657,1.70766185412378,13067.2695872305,0.999908624273565
"eps_all[11,12]",-0.208590794147575,0.00969233138113507,0.97415735392786,-2.12734071457081,-0.866192206985339,-0.206243253360476,0.442753905352843,1.70717451615168,10101.8686717915,1.00054392929894
"eps_all[11,13]",0.100032291850713,0.00869448942363822,0.92275593500026,-1.74680219778571,-0.508892280470905,0.0952076521719059,0.724233471800155,1.87181323687642,11263.8154781691,0.999706589366295
"eps_all[11,14]",-0.370419635890911,0.00897633751101522,0.99192102357703,-2.3223225624764,-1.03529110168267,-0.382158531921,0.292092475792248,1.56663796025045,12211.1296644487,0.99979205566243
"eps_all[11,15]",0.400956974163697,0.00850156054570598,0.9972020489112,-1.55207096106462,-0.279099511735967,0.390012194853395,1.08770264367266,2.32952860576759,13758.4344848053,0.999639496552821
"eps_all[11,16]",0.194960922616633,0.00826899336945516,0.9774286803578,-1.70900857792313,-0.460871556500501,0.19217323805562,0.857280131444746,2.08750426329639,13972.2024300257,0.999925620837488
"eps_all[11,17]",-0.0391306438643629,0.00809181479546262,0.975479883130496,-1.95954362862722,-0.698795533131056,-0.0403777954493178,0.606587641989214,1.89597680788995,14532.648414509,0.999856803424511
"eps_all[11,18]",-0.069972214167909,0.00793128666437007,0.993767889586321,-2.04171988099773,-0.731950545198184,-0.0688883427658049,0.605209067165138,1.88597587854662,15699.3844776984,0.99980149407345
"eps_all[12,1]",0.17160652585712,0.00792943143606578,0.900748475771265,-1.5931151071492,-0.417668233965993,0.162073032471623,0.773594348160569,1.92422951897763,12903.9590251813,0.999571948050525
"eps_all[12,2]",-0.0959270624811306,0.00758536420630507,0.883232550012214,-1.81905133566708,-0.687893914112886,-0.104051869666333,0.483145911961179,1.68437150040187,13558.0507661813,0.999676417417746
"eps_all[12,3]",-0.0455771624333511,0.00739143334510264,0.847952690113561,-1.74703668959373,-0.609043921497343,-0.0452794023568281,0.514020786267442,1.62284043160483,13160.9098689498,0.999926426545291
"eps_all[12,4]",-0.213297016099077,0.00797232246342324,0.946939891265743,-2.05928365895406,-0.838701113830629,-0.215715901042254,0.416511804734042,1.68390678198249,14108.3138124668,0.999726879244256
"eps_all[12,5]",0.102714895688678,0.00799680865797426,0.910324564466421,-1.66434249368072,-0.517302195004499,0.111843544010282,0.731510833170444,1.87051751441248,12958.6307415279,0.999802872294296
"eps_all[12,6]",-0.180578466796599,0.00816593857720474,0.923350772608877,-1.93903704400495,-0.817303753768101,-0.19451943237677,0.457242319351286,1.61070381086917,12785.6030232929,0.999764569359145
"eps_all[12,7]",0.159921821894133,0.00796895999822457,0.939689295242925,-1.72106725887258,-0.458252159133762,0.169737467719647,0.790714642736451,1.97728212773417,13904.8166105329,0.9996175291432
"eps_all[12,8]",-0.275971812926264,0.00812202598897423,0.940466774965386,-2.12767551770176,-0.912098719438803,-0.268066357626363,0.358038827833044,1.56451929492953,13407.8198159831,0.999716005627005
"eps_all[12,9]",-0.133515831354716,0.00811561754764211,0.945655446975627,-1.98181158545817,-0.782024675401162,-0.13763556898803,0.513452535268594,1.73337019441313,13577.5906763084,0.9998406711518
"eps_all[12,10]",-0.0131141344551075,0.00829025306089807,0.90534763285181,-1.80140630308725,-0.62800507966138,-0.0124652175880464,0.604636853988751,1.74546757257687,11926.009900374,0.999791390838532
"eps_all[12,11]",-0.0240075083966994,0.00826123004835404,0.971182433235378,-1.94187876073059,-0.678857129036754,-0.0138771405818914,0.618804931692838,1.87266050458477,13820.1324260619,0.999614080360424
"eps_all[12,12]",-0.0916372642895006,0.00859016295813416,0.967472499461634,-1.97021302721953,-0.752824384374522,-0.0950075720610733,0.546947479826055,1.7848770075261,12684.5321264326,0.999948816976779
"eps_all[12,13]",-0.127897652117135,0.00851023385951421,0.920439215031099,-1.92325765649393,-0.751740837794343,-0.126600127507509,0.471369028110529,1.72343162097233,11697.882037955,0.999667032684657
"eps_all[12,14]",-0.0283573018206642,0.00847883977671994,0.971967981990607,-1.94070222031401,-0.678365594491094,-0.0178803536083324,0.638841704148173,1.87619427261664,13141.0800446229,0.999586122426981
"eps_all[12,15]",0.237750213428705,0.00835180809812996,0.992622331702568,-1.71138616138396,-0.433747583795964,0.25037179359505,0.90685357717261,2.19806385523212,14125.6053811565,0.999975434402217
"eps_all[12,16]",0.279298768098959,0.00833059458295577,0.989051296234313,-1.69468683072943,-0.380697939550964,0.293812804332979,0.944663137793944,2.22363012532151,14095.6670795556,0.999856476062735
"eps_all[12,17]",-0.0046509211744212,0.0075382484637804,0.990493071611044,-1.97557326344441,-0.662387950132049,-0.00896222994903149,0.65646848589267,1.92834504750329,17264.8173566481,0.999696327756068
"eps_all[12,18]",0.00720737672354044,0.00772439190606182,0.984829631388839,-1.85042841882119,-0.668386081831182,0.00806858825517786,0.677514584340279,1.96351553032894,16255.2485331361,0.999664277618315
"eps_all[13,1]",-0.0573560948076097,0.00910170287075705,0.918404238986528,-1.85175116554928,-0.677064375928204,-0.0627067710236913,0.569860083882527,1.73604584588561,10181.7505292656,0.999717932714635
"eps_all[13,2]",0.0123194793194171,0.00891802911669757,0.910438956608911,-1.78761146997186,-0.59273124071844,0.00928202823773707,0.620335666252115,1.77775592470798,10422.3077503099,0.999673332766573
"eps_all[13,3]",0.0551198061147537,0.00823936163076873,0.869751454777191,-1.73405215335189,-0.497409198857906,0.065242061174872,0.621932051011663,1.74062569112185,11143.0273944145,0.999760360332953
"eps_all[13,4]",-0.362308569258501,0.0101755936276707,0.950030779975776,-2.20695766281691,-0.998250446370591,-0.37259696284971,0.269639582415605,1.49966350301152,8716.77514136096,0.999602418883487
"eps_all[13,5]",0.0842747171566032,0.0098134762491896,0.945482790054317,-1.75996394650648,-0.551922620509733,0.0760499110846994,0.716625708234161,1.94746361933202,9282.42619387732,0.999952527917665
"eps_all[13,6]",0.0328113181333083,0.00974831022525459,0.958660955078309,-1.81369709229575,-0.613762818444905,0.0260951233785751,0.674947833534063,1.94868058625864,9671.00028415529,0.99974834099523
"eps_all[13,7]",-0.114142760188116,0.0100273820032454,0.984659568060533,-2.02174404008751,-0.779702684240369,-0.119080479656095,0.53814836254111,1.84691651328903,9642.66525327291,0.999722538856895
"eps_all[13,8]",-0.573116267294243,0.00965752683252936,0.979025470072239,-2.50123577777867,-1.23130457934419,-0.577935922431726,0.0804725125332531,1.37524347086627,10276.7580992961,0.999600243375001
"eps_all[13,9]",0.338053923951077,0.0105381670572802,0.970542951834463,-1.56686777842998,-0.306522955789668,0.331475108741082,0.991762522090896,2.25066546093305,8482.02136677316,1.00092268557275
"eps_all[13,10]",-0.36812952789494,0.00913686487383326,0.946521363270721,-2.21168404795553,-1.00438609530105,-0.374016453019262,0.278526553598689,1.47684750048186,10731.648434505,0.999836129631353
"eps_all[13,11]",-0.27022155473022,0.0101536610783473,1.01381763438887,-2.24197688650404,-0.961162224767451,-0.272621416702027,0.424319381939779,1.68107199167017,9969.52246697395,0.999859993123277
"eps_all[13,12]",-0.403460789505909,0.00966541946818686,0.985071274167464,-2.31395351697601,-1.07935052214554,-0.394766002829372,0.258138557649399,1.54805635421365,10387.0900357191,0.999742280732754
"eps_all[13,13]",0.468856463166261,0.0104110779025676,0.977867862965456,-1.48588861562398,-0.18814201389007,0.493712235412325,1.14891468100571,2.29908725024197,8822.03862192341,1.00015422471176
"eps_all[13,14]",0.51686737656503,0.0105658103002016,0.961067433332554,-1.39601547423469,-0.119835388746646,0.534233307098307,1.14893256530576,2.38320462036872,8273.7444725917,0.999936898162495
"eps_all[13,15]",0.23143098211638,0.007981530652369,0.966864826403777,-1.67988091702767,-0.410436030231489,0.227326268946722,0.886215524336689,2.11221555686098,14674.3593809526,0.999838969122252
"eps_all[13,16]",0.107674379939282,0.00783508070731936,0.967723064917151,-1.73213634974152,-0.549775446925316,0.107883604461977,0.770549917077625,2.00368397467787,15255.1062112548,0.999732668342606
"eps_all[13,17]",-0.0193420779533457,0.00807647094598571,0.999131495275948,-1.98637905310699,-0.685749040110945,-0.0313423272714749,0.651252163213311,1.93294097415063,15303.8967998502,0.99970339127901
"eps_all[13,18]",0.174102718585607,0.00787693437099144,0.977109263105944,-1.72914277433741,-0.477709391569213,0.174758138048088,0.834904435085718,2.07411952193147,15387.6325454637,0.999834783004499
"eps_all[14,1]",-0.258660375223998,0.00780506123026201,0.875929330191336,-1.99546400918127,-0.849137990270958,-0.258423805750996,0.325049344474729,1.49567591884539,12594.6327615995,0.999641823427701
"eps_all[14,2]",-0.123278284576999,0.00806580912665735,0.915134563659219,-1.8997874096198,-0.733841331119201,-0.134594867918489,0.475872663278669,1.70596666508923,12872.8300649168,0.999727338592599
"eps_all[14,3]",-0.267245658773685,0.00803955716005497,0.868908332323217,-1.98256017307103,-0.836688521789351,-0.263836750147142,0.326267335071476,1.41793648390801,11681.0980425539,0.999795364599386
"eps_all[14,4]",0.117202077294298,0.00847557905069888,0.913354454746021,-1.71680346421352,-0.481398779006899,0.109554217926985,0.74674753396169,1.85711247133224,11612.8801767395,0.999787600027525
"eps_all[14,5]",0.286411771830264,0.00815269381819952,0.932492153188571,-1.54697206937789,-0.347440137444673,0.302379597096704,0.918632251061157,2.09273217410391,13082.420591244,0.999989709976012
"eps_all[14,6]",0.387717932025667,0.00871969158268751,0.919723110488668,-1.43016085401526,-0.232201454525753,0.392998134413612,1.02342418136297,2.16164230367905,11125.3056308338,0.999764761803661
"eps_all[14,7]",0.137267197081096,0.00808058466078924,0.923853069481184,-1.66244316290534,-0.481940941351809,0.139370705401325,0.754923740243303,1.94195109244804,13071.343953977,0.999748002270602
"eps_all[14,8]",-0.243129795314088,0.00824864330821514,0.940004755331334,-2.06154364972927,-0.891749406381812,-0.239959613409179,0.397568950812314,1.60964383430888,12986.5877140939,0.999946965989622
"eps_all[14,9]",-0.15691598453362,0.00847910266681877,0.91689987106141,-1.94739176324208,-0.765037930513708,-0.16966528660697,0.448114199278383,1.69775726769352,11693.4869592451,0.999971804171856
"eps_all[14,10]",-0.423798574045405,0.00848386222108905,0.915062998658895,-2.2196300613485,-1.03643365938359,-0.430828492093342,0.182422280598728,1.38887112066243,11633.6173627663,0.999851255965594
"eps_all[14,11]",0.0216589290911222,0.00820925985417244,0.954770194407348,-1.84192473693674,-0.628837083457004,0.0174494129570045,0.669289006635084,1.9175455238165,13526.6327792743,0.99983566564279
"eps_all[14,12]",-0.23874151087663,0.00831267596131552,0.952338965524731,-2.09047020521193,-0.897219828511066,-0.239482766213504,0.411172251740195,1.64163019201607,13125.063259383,1.00011071129277
"eps_all[14,13]",-0.206762599074767,0.008842488381086,0.942698243619828,-2.00322359904664,-0.852856728719763,-0.213260732951433,0.430334172521348,1.67926850713772,11365.7055385422,0.999590211663661
"eps_all[14,14]",0.139103793011045,0.00840249495990441,0.952239277007289,-1.72555692628318,-0.514636316285895,0.147091904254812,0.782057960339439,2.00192004948824,12843.271411778,0.999689735783441
"eps_all[14,15]",0.290768121679302,0.00889162736605207,0.983974270115321,-1.63608921577545,-0.360096237586393,0.281393604943166,0.950098801538141,2.26121953162987,12246.3023296151,0.999589242577736
"eps_all[14,16]",0.304283215793684,0.00815586880934036,0.99473894735683,-1.66910903011796,-0.358506630375274,0.319785248161067,0.986611108091441,2.19842565221778,14875.7126977013,0.999799500397797
"eps_all[14,17]",0.0452427573311245,0.00744311872516063,0.97165173222628,-1.82562180140478,-0.6087399869395,0.0411516994817498,0.70360269768504,1.93191904209911,17041.639169513,0.999623819164172
"eps_all[14,18]",0.0211080671673271,0.00798534160671055,0.972506148833621,-1.88679387755648,-0.642005042717075,0.00904896140269248,0.673674843894408,1.91741066192959,14831.9315496682,0.999578874708108
"eps_all[15,1]",-0.431761418399495,0.00936305120545594,0.919013975712933,-2.20247468399715,-1.04160820228879,-0.435565823383562,0.160123177621989,1.41159534216378,9634.06195279025,1.00060845811544
"eps_all[15,2]",0.240181640727603,0.0100367840142499,0.992141690164391,-1.7153388947575,-0.419072250276847,0.248119158118203,0.907091113816034,2.17662222078709,9771.43261659226,0.999726655635563
"eps_all[15,3]",-1.00661371622627,0.0105250052964755,0.891860477364506,-2.71069903019067,-1.61344430710781,-1.02577769437452,-0.421065273265434,0.816682109507118,7180.40914267027,1.00020720160804
"eps_all[15,4]",-0.208544058510572,0.0112567018279191,0.944113431397021,-2.05044373813809,-0.863883590403816,-0.216126793991304,0.432284062377468,1.6643975884611,7034.38327157648,0.999806086542207
"eps_all[15,5]",0.19399075364015,0.00963284205542568,0.95732179250938,-1.64669057298691,-0.462840473537093,0.193541644897913,0.841253844797495,2.08470133706633,9876.589685386,0.999678625997634
"eps_all[15,6]",0.104367734635786,0.00967498338094265,0.95902426802201,-1.75861654337035,-0.547528820340691,0.117607346164443,0.768859647847609,1.9459353457866,9825.59227988935,0.999890512864561
"eps_all[15,7]",0.39366023168838,0.00913994503832522,0.961853766980652,-1.49871074439006,-0.257543324420009,0.392728897618872,1.0393019522005,2.25861343877116,11074.6735169838,0.999693831639811
"eps_all[15,8]",-0.426755297443531,0.00912813985762922,0.952013075713516,-2.27565342953404,-1.06570164404011,-0.434998059673233,0.210355384936402,1.44120040587266,10877.3037308638,0.999881829067167
"eps_all[15,9]",-0.418675784897134,0.009486635086005,0.96374732419203,-2.31464578900797,-1.07311049577097,-0.440249446870666,0.222119366167436,1.5264088380956,10320.5295093739,0.999675818576518
"eps_all[15,10]",0.0130371508059012,0.00915237759610819,0.924504618314804,-1.81898005370349,-0.608597627561523,0.023285688208301,0.633281360083258,1.80763073229914,10203.5268423989,0.999677137953951
"eps_all[15,11]",0.0572497005726568,0.00914434409581984,0.964670922060553,-1.78571980480784,-0.590293902245934,0.0499715858574025,0.710713032125161,1.97701223632512,11128.926030775,0.999995398595442
"eps_all[15,12]",-0.0657110959912421,0.00897548740747265,0.992356562485788,-2.01575420382282,-0.738624521775004,-0.0498232718589325,0.602329678264088,1.85348858875399,12224.170766806,0.999703263689534
"eps_all[15,13]",-0.786545592940542,0.011678636464813,0.994395403234085,-2.71537700621744,-1.45769604763172,-0.800249176572281,-0.120582970269731,1.20042469571599,7249.93205403832,0.999845308595624
"eps_all[15,14]",-0.166591359357325,0.00822124835287881,0.955674397265367,-2.0319661359819,-0.810317372220227,-0.169138129171877,0.461320651522968,1.72943008585879,13512.7694458677,0.9997167371602
"eps_all[15,15]",0.441083441962885,0.00845734981971342,0.952072547944768,-1.44053034069355,-0.208140393581743,0.455412850105899,1.08922605727683,2.26185131934609,12672.768357682,0.999825207990415
"eps_all[15,16]",0.0903109875116604,0.00822869079260484,0.960971934705218,-1.73671824373273,-0.567770414748197,0.0853540949897204,0.748444469088461,1.97437695260674,13638.2900330343,1.00000256966878
"eps_all[15,17]",0.135122129772347,0.00891170112652613,1.00927751453266,-1.88587911047731,-0.546403711766375,0.146257069127782,0.810141875096182,2.10802523023157,12826.257941466,0.999901004480812
"eps_all[15,18]",0.0250600967246558,0.0084807638997068,0.990852802646659,-1.9272112246359,-0.633520201516649,0.0216410774259316,0.690698075130584,1.9860122066805,13650.493062497,0.999826253859762
"eps_all[16,1]",-0.430261794130093,0.00767638798341564,0.907487079439446,-2.19964091969926,-1.03863318587739,-0.43475706408646,0.18183420644658,1.36154565725421,13975.490744268,0.999838168080746
"eps_all[16,2]",-0.303597230642033,0.00863062582290822,0.927960892803243,-2.10191912193742,-0.932933464223543,-0.301229251996564,0.341241255182854,1.50862648675793,11560.4508442665,0.999945881890833
"eps_all[16,3]",-0.362842555984075,0.00882848907289847,0.899873744396623,-2.15186636330789,-0.971725349942226,-0.368344662973595,0.245574098829274,1.38565615164172,10389.3982365411,1.00002680253294
"eps_all[16,4]",0.386767840318029,0.00875540899776588,0.901056535279186,-1.38879932976905,-0.220081368808105,0.391254662738235,0.996094787239074,2.10721222588886,10591.3471982007,0.999828729724862
"eps_all[16,5]",0.082854736709856,0.008582537582048,0.913728626349501,-1.68118142016727,-0.538033063790045,0.0774767994841268,0.697861390534046,1.8813870423687,11334.5174323351,0.999780361273109
"eps_all[16,6]",0.328198614455746,0.00839200534073527,0.926110642253642,-1.49334183249102,-0.292529160837984,0.317545416487543,0.961122686224119,2.14975072985753,12178.5125096816,0.999691187776148
"eps_all[16,7]",0.146819872071778,0.00829606629480723,0.924267630349989,-1.64578284984243,-0.480232855225029,0.145873518739468,0.778029368050974,1.97632168280807,12412.2655720367,0.999553146341468
"eps_all[16,8]",0.00904963910050677,0.00845462772276199,0.923567679331845,-1.78212665762814,-0.610509899614933,0.0106280764466046,0.631843719058996,1.81455757126485,11932.967936055,1.00019135463729
"eps_all[16,9]",-0.549666955285663,0.00873112182167203,0.94210704373447,-2.38329137613411,-1.19605419260865,-0.563294162537038,0.0928106089451688,1.33586006649592,11642.8795918371,0.999664261235715
"eps_all[16,10]",-0.0890149472051644,0.00798761528999467,0.900720483206948,-1.88806487123417,-0.691859397715609,-0.0820089085155216,0.517179610716204,1.65689647152073,12715.8617916962,0.999618128714188
"eps_all[16,11]",0.0418335189420515,0.00820415344309703,0.952624528609355,-1.81065563239999,-0.613905956068937,0.0488143130836396,0.687303444454696,1.89816623546569,13482.6720394881,0.999740498873908
"eps_all[16,12]",0.0350474461175763,0.0082481562399432,0.973831110790246,-1.88178524640773,-0.63477670902564,0.0442294321176082,0.695030796511845,1.93293666443533,13939.7033488566,0.999773592509582
"eps_all[16,13]",-0.0741052687808623,0.00869482153327779,0.953528773310957,-1.95102102607886,-0.71647885308166,-0.0793586652543311,0.573596956253633,1.78805612592435,12026.6939904878,0.999741741062144
"eps_all[16,14]",-0.168404923001932,0.00865041360799176,0.966057599818961,-2.05177563749974,-0.824098020512827,-0.173507402948313,0.488337250491995,1.72840739247064,12471.8907072059,0.999792366889915
"eps_all[16,15]",0.197025502375048,0.00805129708915749,0.982338598603507,-1.73857111031849,-0.486061951403398,0.204975809277675,0.873674706728485,2.12768210792499,14886.4352735896,0.999599078978252
"eps_all[16,16]",0.0193003973008887,0.0081825555524068,0.980828629314142,-1.88940115109224,-0.63660252242908,-0.0018549067001545,0.669397865680217,1.95603957118057,14368.3977893174,0.999652183432924
"eps_all[16,17]",0.118033295156949,0.00767755855825163,0.971665729871611,-1.80139359203417,-0.536868413544658,0.118675764259975,0.777867319796534,1.99871393039496,16017.2331086741,0.999840754622731
"eps_all[16,18]",-0.0842070467404637,0.00730194651065528,0.980831265002841,-1.99228958751584,-0.739063355360638,-0.0790143160161626,0.566247549537149,1.83963989019,18043.1062864201,0.999786924384136
"eps_all[17,1]",-0.611964736442748,0.00805470823686691,0.893541018281767,-2.34819988429707,-1.20389800152951,-0.620917494438623,-0.0225854907031328,1.15567968602677,12306.3527618272,0.999750205104584
"eps_all[17,2]",0.132960030933631,0.00922471514388169,0.936443289101441,-1.70174641836694,-0.497726699795498,0.130235703191119,0.767412083697613,1.94924860120187,10305.2144787957,1.00045911885189
"eps_all[17,3]",0.430880626826115,0.00899094379479174,0.888083400074233,-1.39340350864681,-0.159187586448135,0.447089033506803,1.03239819009998,2.13648039807917,9756.56493183804,0.999753028756055
"eps_all[17,4]",0.341060369619042,0.00821775877896206,0.887001899975383,-1.38245641896814,-0.252857032625524,0.33154964808654,0.920842155993041,2.11657180430116,11650.4398557053,0.999623441461478
"eps_all[17,5]",0.070666342691415,0.00807431926581872,0.933897649589366,-1.74114236959064,-0.571454735949221,0.0696428132247622,0.703981361592122,1.93361403028932,13377.8625389657,0.999707633075003
"eps_all[17,6]",0.107964119439675,0.00811242839051535,0.9427815005482,-1.75371270325121,-0.514737759689614,0.10468185807171,0.728659747421126,1.94765792815696,13505.8011673753,0.999771115101734
"eps_all[17,7]",0.0198303578262856,0.00833686735539937,0.943038336475985,-1.8581553803508,-0.613881575394335,0.0284249634737428,0.66168750432256,1.86172758650502,12795.3718869332,0.99974227508694
"eps_all[17,8]",0.201713601976846,0.00842103238176737,0.952735143839561,-1.70184454172912,-0.442107224198934,0.199688744190208,0.851866325114453,2.04273098001792,12800.1098335073,0.999872606576687
"eps_all[17,9]",-0.00250083511814707,0.00866914582639004,0.962692560670917,-1.93083673366483,-0.625444379687082,0.00266498439551641,0.634201796647211,1.89787866427277,12331.6904545458,0.999541856879236
"eps_all[17,10]",-0.330937405058237,0.00895052236720646,0.931762119554074,-2.1205184255154,-0.948389988218354,-0.334964740839514,0.288966126667172,1.48894094143302,10837.1063761056,1.00021236442868
"eps_all[17,11]",-0.114697538782569,0.00812137669804704,0.960048363600416,-2.00867840352349,-0.752088793206594,-0.109154116011723,0.539120090043491,1.76397894928388,13974.1986694929,0.999641205340328
"eps_all[17,12]",-0.0729706990938985,0.00854091206068254,0.965964266584495,-1.9662797309826,-0.734762411675408,-0.0724982324381478,0.569755462232157,1.82611039364803,12791.2686865413,0.999674531101292
"eps_all[17,13]",-0.0672037638323482,0.00884126047823666,1.02213975344715,-2.03605181982473,-0.768337867467081,-0.0835284291764007,0.626351457889316,1.95641535350227,13365.7147168588,0.999761322670888
"eps_all[17,14]",0.275422704751033,0.00976023264679777,0.988585705317481,-1.67233464331696,-0.379467586419563,0.269647672869897,0.944462536922571,2.2360745124885,10259.0775644974,0.999866469048733
"eps_all[17,15]",0.0591643652810676,0.00761330019127036,0.954793193007233,-1.84713329668741,-0.579532211498323,0.0589284950072072,0.702634385850241,1.91545287339037,15727.9717230332,0.999814910011662
"eps_all[17,16]",-0.115773474147286,0.00799228684606253,0.983984459888623,-2.04912144213926,-0.770229824062342,-0.13028997943251,0.541553105327125,1.81628658385019,15157.7365439357,0.999856953753323
"eps_all[17,17]",0.0584357262591561,0.00804656165994457,0.972937892364453,-1.84943462742644,-0.617268439557923,0.0639410419151751,0.728273885387932,1.95494516627339,14620.0732529057,0.999662900362232
"eps_all[17,18]",0.047786746195509,0.00795823723287238,0.992221912852832,-1.8920306091084,-0.637522656811195,0.0540927228014235,0.72915685541704,1.98008308090753,15544.7544319227,0.999683006108935
"eps_all[18,1]",-0.397193417789177,0.00864584296649244,0.890857156206658,-2.14831233240785,-0.982104825661137,-0.393989941515856,0.192010660502697,1.37849359278806,10616.9912533302,0.999807337947678
"eps_all[18,2]",-0.403821729333051,0.0086679057360979,0.933108680491132,-2.23511131345486,-1.03330052491105,-0.398437348076298,0.219428362383445,1.44385664939308,11588.7368097868,0.999735426900868
"eps_all[18,3]",0.585672523851598,0.00812438719271563,0.838547090262093,-1.10393075181129,0.0293886026187831,0.598148267960238,1.1412246369362,2.21114228898052,10653.0431674521,1.00003959102677
"eps_all[18,4]",0.669182724466682,0.00900834784396848,0.904659896660658,-1.17854557637018,0.0820958348803036,0.688793361585812,1.25567342346161,2.42125393271213,10085.1040257266,0.999643515211127
"eps_all[18,5]",0.249258210322448,0.00886291532497026,0.938375547096874,-1.60759416408186,-0.384959129340573,0.259764965503491,0.873660435129914,2.07862659313963,11209.8593589062,0.999974533912495
"eps_all[18,6]",-0.0524629084075626,0.00849651456973534,0.947175127895764,-1.92035206735389,-0.682110745767654,-0.060905428957007,0.571840124853368,1.83654564408745,12427.3622409671,0.999923575464427
"eps_all[18,7]",-0.162608254246012,0.00825327056239443,0.9289108975824,-1.9773945223578,-0.774734985227857,-0.173601001179933,0.46438052108429,1.66506350083504,12667.6469378409,0.999609097828375
"eps_all[18,8]",-0.186810913900686,0.00894208402406129,0.959756958834319,-2.0862010550871,-0.827317814571999,-0.180265122379686,0.456271456258229,1.71205041315977,11519.8028501016,1.00020091792745
"eps_all[18,9]",-0.136187605019496,0.00802006573882184,0.950945344340404,-2.0243298639828,-0.765500516387816,-0.136034657469018,0.509572640687754,1.66512511809409,14059.026736639,0.999917725150637
"eps_all[18,10]",0.0855280705445029,0.00887734544086488,0.924357319991586,-1.74158503727072,-0.522004205684287,0.0919738276210841,0.699079496951541,1.88989193282953,10842.1030309771,0.999661699517843
"eps_all[18,11]",-0.050039864282348,0.00877925260366073,0.957348302483206,-1.94371563035261,-0.699373326720353,-0.0458626925670001,0.610689181000291,1.82036841352132,11891.1772557418,0.999840871124451
"eps_all[18,12]",0.015304046225786,0.00905700007118908,0.973409881812257,-1.8618000886836,-0.644920392197326,-0.00761697966962058,0.678797421037828,1.87147546129831,11551.084456648,1.00012613492152
"eps_all[18,13]",0.523170811099389,0.0120123142897402,1.05235444037567,-1.52648211028798,-0.191508862706954,0.521870823887991,1.23937155573475,2.59988254948255,7674.86425206867,1.00005655222134
"eps_all[18,14]",-0.171573720588036,0.00840095562190711,0.956140435709001,-2.0061839931844,-0.823914352336554,-0.190074884730585,0.480270058762871,1.71535038634349,12953.4659895388,0.999932378544839
"eps_all[18,15]",0.0663525628565491,0.00858430262294551,0.965976630526982,-1.80344720190195,-0.586181276127955,0.0634081102700361,0.713110559972626,1.94952429064351,12662.6091165094,0.999990828149262
"eps_all[18,16]",0.0638000291091926,0.00852542909273708,1.00046650258129,-1.89230089199724,-0.615624402667641,0.0722862219714218,0.743865206548627,2.01606949371091,13771.2261784021,1.00015150187535
"eps_all[18,17]",-0.0266643137682293,0.00792916056423555,0.964488655003513,-1.91659774980961,-0.662454079373246,-0.0188748264680824,0.608176647726874,1.91700644454142,14795.8466815988,0.999933165564374
"eps_all[18,18]",0.0783088127969078,0.0075896464402057,0.99726672463922,-1.85614418783054,-0.584371477548437,0.0788180018587082,0.754640375304006,2.02119354677636,17265.5161789787,0.999662266663721
"eps_all[19,1]",-0.315918878406781,0.00838383093807469,0.896708606606283,-2.06902241325418,-0.904262079009162,-0.312689538260892,0.284988653056162,1.46099080899013,11439.7794615178,1.00023776458165
"eps_all[19,2]",0.150591274587244,0.00820272912213132,0.935449217517048,-1.69252005664138,-0.471798115215781,0.159372759985162,0.769994022223327,1.99457087597178,13005.3993335517,0.999697733036212
"eps_all[19,3]",0.466233792764178,0.00791364788118856,0.836282294289439,-1.17132182920395,-0.100475030262683,0.454828567149979,1.02905534256104,2.15243694621752,11167.4073826663,0.999916287351194
"eps_all[19,4]",0.2651711846033,0.00797843306842228,0.90397453735185,-1.50849377068204,-0.334510550807777,0.269262758634614,0.863834525477164,2.05237640479125,12837.4032413125,0.999604899531396
"eps_all[19,5]",-0.0581620960565108,0.00822792560194503,0.952332425385299,-1.92319879736838,-0.698604624494695,-0.0751188343373115,0.568176602292262,1.85237356698771,13396.6567823395,0.999869427358269
"eps_all[19,6]",-0.011221911416372,0.00883496444914094,0.955318288592841,-1.87618395174963,-0.652811776758379,0.00332092225013175,0.623913780875364,1.84498108155289,11691.9398196766,0.999645730930521
"eps_all[19,7]",0.0153127309946179,0.00818590286869993,0.928114397552658,-1.77868419982986,-0.608936915939235,0.0189637754823303,0.640189773159311,1.82858508749245,12854.9338252643,0.999876319181612
"eps_all[19,8]",0.0250269242991436,0.00904701968245712,0.989522647497647,-1.96270450283448,-0.633578371537769,0.0317526457874203,0.689925292549495,1.94392215344633,11963.0083716011,0.999744451728702
"eps_all[19,9]",-0.388312539485341,0.00865360954516813,0.959221599063194,-2.22959118021395,-1.04418112950527,-0.401687979446911,0.254996524206389,1.53925564295149,12286.9278252206,0.999770899401411
"eps_all[19,10]",0.317662871357434,0.00794071325563115,0.925021525441291,-1.50685179358248,-0.303196786028894,0.338000025971718,0.940292856759718,2.10218241984145,13570.1500759656,1.00011965697812
"eps_all[19,11]",0.0188141675567016,0.00841297616142276,0.96833142156416,-1.8702319589858,-0.637067580135652,0.0191872128381592,0.664731202354915,1.92842042601915,13247.9515916603,1.0000686887576
"eps_all[19,12]",0.0737304138518505,0.0081596783942973,0.965758509773712,-1.89306493446358,-0.553309691986591,0.0725927827814564,0.715326575320975,1.99829579120523,14008.4796521882,0.999521819968225
"eps_all[19,13]",-0.0590201239813384,0.0087704615451937,1.00417431857954,-2.05138462768829,-0.716166370174245,-0.0554512279101885,0.607347314251989,1.9058202810994,13109.1134834151,0.999656218051705
"eps_all[19,14]",-0.421298501307048,0.00847998991084122,0.960362767140243,-2.31227867150381,-1.07598510469083,-0.428249562342645,0.23250576070499,1.48266109750438,12825.6669290559,0.999662748304915
"eps_all[19,15]",0.127384233503811,0.00811586905112904,0.972124152837088,-1.77417133611901,-0.531238716184173,0.117859850394095,0.794398250405485,2.03892987127259,14347.4065519293,1.00021320326576
"eps_all[19,16]",0.0230432759430249,0.00823042338614176,0.982203777601823,-1.87587839131008,-0.638277703700331,0.0356966941826352,0.681930433350833,1.95949374172067,14241.6020777274,0.999652084147617
"eps_all[19,17]",-0.0716451467127796,0.00808650716327116,0.991773584266609,-2.00151422761537,-0.767246219669423,-0.0730708716712061,0.623198526537875,1.83540402431346,15041.9147261127,0.999566862894484
"eps_all[19,18]",0.102480396803963,0.00798171175882387,0.996075256855809,-1.85692528680169,-0.55985806417149,0.0993999537649867,0.781567129719757,2.03251707265021,15573.7150350688,0.99967015010781
"eps_all[20,1]",-0.431774402184676,0.00852812900709308,0.902014923171959,-2.17634657737589,-1.04798417046222,-0.431440371830229,0.16027538354881,1.36906268186922,11187.1618827974,0.999779566026954
"eps_all[20,2]",-0.249343317728447,0.00858273828602004,0.926657651481557,-2.04581439427502,-0.872040133088331,-0.263192801182787,0.378179737845139,1.57216714047901,11657.0025821284,0.999694223509543
"eps_all[20,3]",0.857845520499078,0.00816967870312558,0.847113347446712,-0.796358523577764,0.286298392692444,0.853984150669816,1.42596656816878,2.48463719988203,10751.5999232126,0.999828200978161
"eps_all[20,4]",0.553000084443697,0.00823122755016886,0.907007705384075,-1.22739368621584,-0.0484874729430853,0.548674606330324,1.17513557346651,2.32916145345529,12142.07014649,0.999622366107844
"eps_all[20,5]",-0.333065473582681,0.0089377746716477,0.935364198773379,-2.15628634011442,-0.974457312631674,-0.34283111353568,0.303652704350487,1.51961347170525,10952.2332215354,0.9998476120716
"eps_all[20,6]",-0.227670695851298,0.00896110392920625,0.930778598177992,-2.04001215976074,-0.855210162059527,-0.22659979496512,0.392228899449672,1.57780899365977,10788.7157065391,0.99977752968105
"eps_all[20,7]",-0.401354984586171,0.00879570334730623,0.938752555158867,-2.19987864400114,-1.04468124968684,-0.399423835633712,0.228011239704402,1.46352594455098,11390.9807318629,1.0002617314484
"eps_all[20,8]",0.0207658507560099,0.00896813027750737,0.993484961402718,-1.92496645473052,-0.632055425254841,0.0078390272885464,0.694692760362251,2.00711026835444,12272.0969612547,0.999672499440268
"eps_all[20,9]",-0.327955011704541,0.00885547397344598,0.933690615398307,-2.140115993632,-0.964761326064547,-0.334432097818353,0.303902658032799,1.54939320288729,11116.8658621444,0.999770597695347
"eps_all[20,10]",-0.216262033896282,0.0103893805337262,0.995791604204402,-2.11160523232124,-0.887656604543101,-0.240377298232175,0.444814043927259,1.76468731380985,9186.65936869835,0.99960997319624
"eps_all[20,11]",0.0316895173422743,0.00828106693385678,0.970356447212549,-1.87837938573479,-0.619769369362674,0.026288113044171,0.69091874814714,1.91693851346279,13730.6153684079,1.00003015989538
"eps_all[20,12]",-0.0321581578596822,0.00905897964876623,0.968871070085898,-1.89644103171729,-0.695738171362115,-0.0473035759335737,0.620152842299833,1.9063589038661,11438.6141005161,0.99994404846341
"eps_all[20,13]",-0.0762631651745252,0.00847725285950696,0.998051177081104,-2.01364790910208,-0.76516851250459,-0.0785668532992227,0.602891599556935,1.90360570230072,13861.0250179705,0.999957679874832
"eps_all[20,14]",-0.316879251574545,0.00872506362272077,0.971722857739904,-2.18088924822301,-0.977254843731442,-0.315262626057411,0.326489967379984,1.60962244219127,12403.5965750915,0.999858807662778
"eps_all[20,15]",0.097994766210449,0.00834737229189184,0.960259997766827,-1.80808010287677,-0.54001331268141,0.10107071905194,0.73478712126177,1.98730656283757,13233.603191367,0.99967369896315
"eps_all[20,16]",0.0634474697206418,0.00836506770142312,0.981215473218879,-1.85015058244209,-0.596637882779025,0.0713253989453404,0.734862492984609,1.94819460735531,13759.0945773049,0.999782933161251
"eps_all[20,17]",0.0768874160201498,0.00794865512991246,0.997515704522084,-1.88536823590016,-0.611637139275838,0.0760788108550367,0.760389904889789,2.00284615612732,15748.9706793983,0.999900927559999
"eps_all[20,18]",0.184385757361724,0.00799691090959876,0.983700693779115,-1.76833155540812,-0.478982025924322,0.195555653845707,0.861274183828716,2.1062225949667,15131.4811055985,0.999824003039143
"eps_all[21,1]",-0.01122196580747,0.00885308712326452,0.912825624142013,-1.76592209034272,-0.639275066850885,-0.00536121247102063,0.604254420307396,1.762505456321,10631.295000538,0.999720075825549
"eps_all[21,2]",-0.470785545844684,0.00868474733797374,0.910468678552434,-2.21515847486701,-1.07598623328341,-0.467162842733862,0.126879438277195,1.329777136365,10990.4542723733,0.999659520617558
"eps_all[21,3]",0.99855771906129,0.00796577386702618,0.831325650438274,-0.619624883365922,0.440007635400858,0.982495819359591,1.55309935165673,2.61106071644557,10891.4678710375,0.999772362574232
"eps_all[21,4]",-0.0193122940748951,0.0083918785779231,0.924076423329618,-1.81672658205352,-0.656592298907409,-0.0326211066235498,0.602127756178773,1.83386330264307,12125.4369285962,0.999634643607003
"eps_all[21,5]",-0.182170921871711,0.00851929766437146,0.93429039412987,-2.00523939129113,-0.819541812837197,-0.173537922786792,0.436779471543248,1.67090398090555,12026.9687310777,0.999632700776955
"eps_all[21,6]",-0.374205338664528,0.00869050634335842,0.936676521382061,-2.18298718530593,-1.00808209903012,-0.374777496626255,0.248229570963466,1.47831967976606,11616.8694014033,0.999803175266381
"eps_all[21,7]",-0.24001520691891,0.00853855298005938,0.93486982231654,-2.04694928842999,-0.872516244750982,-0.230011702824533,0.383869778014729,1.6003780572819,11987.6409585106,0.999910052608633
"eps_all[21,8]",-0.0197346427821611,0.00915449021055994,0.995801808384225,-1.92921564915945,-0.694799883484021,-0.0205488124668436,0.640354569684829,1.95746557143728,11832.5266708637,1.0000129543993
"eps_all[21,9]",0.140826800615769,0.00864377217635058,0.966742347664365,-1.7662901480779,-0.525461863847652,0.147746141484902,0.801431214636018,1.99010407882589,12508.7773618072,0.999905526048311
"eps_all[21,10]",0.462154747555218,0.00883161675077562,0.942409275871697,-1.37715341313621,-0.189205082393308,0.473646196724129,1.11275105174126,2.29084120408993,11386.7208835219,0.999810271696036
"eps_all[21,11]",-0.238590210895878,0.00901659108006077,0.974332509510034,-2.1427686280294,-0.892645886097537,-0.236607969245884,0.418125698817034,1.67386906946956,11676.9558675224,1.00020849676665
"eps_all[21,12]",-0.1661033452403,0.00955796005160886,0.977899613535529,-2.08311806956131,-0.816333211929444,-0.167715978208846,0.481919549175923,1.77295108539795,10467.8653347345,0.999791775407285
"eps_all[21,13]",-0.0063284872581643,0.00888736048845687,0.984263384000941,-1.90008591730217,-0.662150101277181,-0.0101301171409791,0.647420373606065,1.94602802641206,12265.2686567885,0.999694483935339
"eps_all[21,14]",0.176348216152368,0.00873621438264441,0.958948349495682,-1.73310792964593,-0.469157934068484,0.17627521512211,0.820377366401688,2.06445755347307,12048.8019623493,0.999578443427561
"eps_all[21,15]",-0.109018152626559,0.00846176659415254,0.996368250925225,-2.05604298112879,-0.78786425823388,-0.11599144425244,0.574190523092299,1.7760915512397,13864.9298703549,1.00004896704088
"eps_all[21,16]",-0.185631233983379,0.00839024713160488,1.01251372184808,-2.15411102625687,-0.883440013334669,-0.187927091887791,0.504263854403708,1.77089215154256,14563.0496176698,0.999647974770809
"eps_all[21,17]",0.113656607876005,0.00823521792376594,0.998799802337615,-1.8345026622964,-0.558774118910995,0.113202416571803,0.777484204919892,2.06266195717006,14709.7978069039,0.999711549183087
"eps_all[21,18]",0.278749653430029,0.00841647632148205,1.00458483298761,-1.739261206896,-0.396102692666755,0.284321743338587,0.943475176282756,2.23369920850676,14246.6456388242,0.999702752684833
"eps_all[22,1]",-0.309559866754117,0.00844177943519519,0.912486529861321,-2.10735924182307,-0.917888840973887,-0.319390801000048,0.29447708605784,1.50636206333597,11683.8217469499,0.999665308815508
"eps_all[22,2]",-0.740760653488417,0.00957400412781105,0.947512432464923,-2.54946682887203,-1.38309978540621,-0.745418078746588,-0.126872009333098,1.15114613175134,9794.50773326123,0.999907072679033
"eps_all[22,3]",0.639936339690842,0.00824225367895672,0.833182300714119,-1.01884748032932,0.0971527874190716,0.637898641918238,1.19922096456572,2.29849817710195,10218.5227748443,0.999682434762824
"eps_all[22,4]",-0.0659764989646582,0.0087470823075029,0.931243816521863,-1.91328571739396,-0.684800095219821,-0.0708559206897899,0.546080642260603,1.78278982276647,11334.4480903642,0.999784921505297
"eps_all[22,5]",-0.118432839670835,0.00890622736689565,0.958828670491312,-1.98143043563294,-0.751352155774623,-0.131837969644741,0.510021295031373,1.80169495960211,11590.2943947136,0.999736430397179
"eps_all[22,6]",-0.411101221537188,0.00882790701030713,0.968916946469618,-2.26098657918839,-1.0864316135768,-0.436891488792144,0.248124204009495,1.50894636132725,12046.408993067,0.999887663078717
"eps_all[22,7]",0.0466388528161767,0.00862247937294109,0.915921167522564,-1.75756484809406,-0.557279753312989,0.0414308864817142,0.667403363143056,1.80102533245854,11283.7086432885,0.999914128883989
"eps_all[22,8]",-0.0280158385460638,0.00933303008015868,1.02061367056956,-2.03527554325162,-0.709615412041907,-0.0354706228592667,0.65819333917321,1.9748390340976,11958.5199186446,0.999695552245166
"eps_all[22,9]",0.446211986661906,0.00895745790431971,0.956761979855029,-1.41534463890657,-0.187206574700984,0.44466992270014,1.09822940997117,2.29952974457912,11408.7553169721,0.99993651519727
"eps_all[22,10]",0.0685596209730148,0.0107264184171635,0.974575138880544,-1.81699368352742,-0.599498053148418,0.060514274186729,0.740919661135952,1.94929116074564,8255.07814945879,1.00018089336552
"eps_all[22,11]",0.0951410545950172,0.00814355915677628,0.967397124111254,-1.83766427441569,-0.537842481287375,0.0998294797066823,0.744194861878857,1.95091123971835,14111.7564617276,1.00003086051009
"eps_all[22,12]",-0.00128108950886759,0.00887368170677188,0.973882706267761,-1.90751637881039,-0.66457838380784,-0.0112169315804519,0.671273470670165,1.89678766168825,12044.9669929802,0.999949044180147
"eps_all[22,13]",0.0380624415521643,0.00865573249278591,1.00189512485877,-1.88689927170146,-0.658670328857033,0.0489765580241545,0.71091025787663,2.00529234058213,13397.9044042627,0.999844645310307
"eps_all[22,14]",0.345067039271853,0.00797574260186781,0.93623455311438,-1.51360308163989,-0.289235685454601,0.356697128864432,0.962891766475067,2.17067819912658,13779.2973254946,1.00022637943485
"eps_all[22,15]",-0.146194015253992,0.00811775769568552,0.97347090738172,-2.04544512882702,-0.798586244146752,-0.152097223468371,0.504099175728938,1.7738832586237,14380.4933569946,0.999601260171855
"eps_all[22,16]",0.0430687870738034,0.00811747014517482,0.979383866761483,-1.85205141091868,-0.621777938250928,0.0356320440429699,0.708842398437841,1.98380365651755,14556.7522746782,0.999793242546262
"eps_all[22,17]",-0.0104653696119694,0.00810620488626903,1.0004923284854,-1.93842765998362,-0.695554332542341,-0.0184766757185019,0.692730462902491,1.91499736403173,15233.2431047882,0.999719044233414
"eps_all[22,18]",0.233377035649334,0.00831719162893784,1.00632030797121,-1.75844679425035,-0.429957631001858,0.239562675361814,0.910776586122524,2.20947970218076,14639.2577871143,0.999785974400195
"eps_all[23,1]",0.180413368936938,0.00862267568549133,0.924470922456962,-1.68050006934497,-0.428136366836557,0.182657134087304,0.801990486392549,1.96342566787898,11494.8261668339,1.00010551154663
"eps_all[23,2]",-0.223053997096937,0.00880329814375899,0.931669192702678,-2.06899092546249,-0.844611540006931,-0.216459369417239,0.412282470402294,1.5881053997326,11200.3772056144,0.999810178802366
"eps_all[23,3]",0.0716131640639128,0.00825682503476631,0.859566361276569,-1.62114234450191,-0.492851557458554,0.0620048302795561,0.643001493159252,1.76403489490322,10837.58854662,0.999839077129679
"eps_all[23,4]",-0.557896594043788,0.00888482725802133,0.918984424767469,-2.32391148742197,-1.18992123531939,-0.560760396444213,0.0472112166154125,1.28479147615681,10698.38751436,0.999980230880342
"eps_all[23,5]",-0.211312334948355,0.00898192198409529,0.978574295674654,-2.12998811704981,-0.860762367483502,-0.199134089888792,0.443667973924454,1.73251442741516,11869.9544064433,1.00002747121973
"eps_all[23,6]",-0.0180350816412006,0.0096353671158148,0.995707815156452,-1.9609038721398,-0.687893615303411,-0.0215015811124358,0.646136546991324,1.96514187543163,10678.9191651401,0.999714608714393
"eps_all[23,7]",0.0406456381050964,0.00851556028720475,0.934016277492644,-1.76932729009043,-0.590528552640001,0.031926491136417,0.677164593997012,1.87758014871667,12030.4655541517,0.999956294893257
"eps_all[23,8]",-0.0442064348308764,0.00963454231115376,1.03251000585774,-2.06327829871335,-0.747407847648063,-0.0559484548505576,0.640792635052827,2.00783559847988,11484.8773437585,0.99968597001214
"eps_all[23,9]",0.488082580935362,0.00949037538028118,0.954351941803948,-1.42627838158696,-0.136109487126401,0.50689905650646,1.11857221569101,2.37998358021113,10112.3092251856,0.999784338048341
"eps_all[23,10]",0.515964383135699,0.00899046052099853,0.969057188636429,-1.42735933264429,-0.126153512167529,0.51933251340479,1.16285334241676,2.39811018459118,11618.0954070504,0.999943145860676
"eps_all[23,11]",-0.134233013027602,0.00856352696283131,0.981250544933514,-2.06190918477347,-0.801355974566937,-0.125738396360351,0.531177189237236,1.76830873463981,13129.6903229615,0.999656882094049
"eps_all[23,12]",-0.189006413058358,0.0088080951517476,0.979667690616176,-2.07534264717364,-0.853908517807738,-0.202821609755254,0.463031547049262,1.77208008533554,12370.6800722868,0.999764285478931
"eps_all[23,13]",0.0823918342121227,0.00889530009118928,1.00694983722488,-1.92047151603105,-0.577859440985716,0.0709262648471441,0.76515623430415,2.04545141282906,12814.2875157731,0.999990682872078
"eps_all[23,14]",0.517617414307397,0.00817259241700658,0.939076111511653,-1.32516950772063,-0.115478261991343,0.51867010013268,1.15568287125072,2.38612151987937,13203.2821844939,0.999788170093678
"eps_all[23,15]",-0.104076426816323,0.00789444855800921,0.964978465368761,-2.03086256499342,-0.756027703058885,-0.104143365535843,0.530068655367237,1.78786118445495,14941.412129467,0.999767797774735
"eps_all[23,16]",0.0826844216294455,0.00805957701374539,0.986613738207616,-1.84008619060814,-0.597366399188486,0.0882162460222292,0.769727713983606,2.01932127869343,14985.4510004418,0.999946888484714
"eps_all[23,17]",-0.0644320017558023,0.00813297041682681,0.973491514972331,-1.97028894592124,-0.705329923302548,-0.0524480810493823,0.585743715909058,1.81562228452098,14327.3528231184,0.999683585602023
"eps_all[23,18]",0.0518802993646557,0.00813320172714353,0.996890689983383,-1.89932463175213,-0.622188849127028,0.0522532618654649,0.73750731075053,1.99952308674475,15023.5301131903,0.999679119267679
"eps_all[24,1]",0.475754731391625,0.0105816799453158,0.969015221355862,-1.44496284093139,-0.165926196492822,0.486154787282101,1.1250444734513,2.37801963448122,8385.94393791536,0.999937052561124
"eps_all[24,2]",-0.178860945244818,0.00879528683725069,0.955542084344132,-2.06074255410386,-0.803314918868137,-0.183824550886802,0.459104485907674,1.70508295748657,11803.1961198465,0.999643029771694
"eps_all[24,3]",-0.440707217306408,0.00855926955479666,0.865327343298243,-2.08278113014458,-1.02128483445075,-0.463823292609382,0.128021902815327,1.35747577100073,10220.8601696995,0.999873824096364
"eps_all[24,4]",-0.337398464871566,0.00907121751173881,0.967915435000599,-2.24465279223784,-0.998658178466636,-0.341344073222288,0.320879815852838,1.53572990986837,11385.2787884721,0.999670002166288
"eps_all[24,5]",0.209401782210192,0.00905927759141357,0.994346948582363,-1.76083254362561,-0.445651168755042,0.208461254938284,0.876666813600605,2.12307122714245,12047.273111779,0.999735209254119
"eps_all[24,6]",0.457446142827336,0.00986988913775962,1.02668346294893,-1.5552404582886,-0.225734410003076,0.457285043427291,1.14655504700621,2.45898919836972,10820.5312716133,0.999742723817559
"eps_all[24,7]",0.00738626696775467,0.00839197809259241,0.984840234105496,-1.93626046816793,-0.654457887798009,-0.00153392170947096,0.665716577757214,1.9463398045268,13772.1860976075,0.999696605054895
"eps_all[24,8]",-0.00682346020122573,0.00939853722729243,1.03197546219322,-2.01389848664433,-0.705708628320953,-0.0146701516271954,0.699693424095059,2.04332584660022,12056.4155922423,0.99979447839253
"eps_all[24,9]",0.0197544347415912,0.00941893589507094,0.972621158733414,-1.87015542113543,-0.637071687686941,0.0077423161484362,0.664776646355605,1.95692310249122,10663.106430887,0.99960999616224
"eps_all[24,10]",0.874045946741181,0.0099567855416371,0.970789145129693,-1.10769318845634,0.23645881628314,0.891187450596103,1.53204500709795,2.71202047578879,9506.30003528179,0.999943289084868
"eps_all[24,11]",-0.061153944774948,0.00839872275628884,0.964440408519479,-1.93445468260212,-0.721405186055321,-0.0515307036671775,0.601970545169454,1.80960816600234,13186.3411075781,0.999773787750466
"eps_all[24,12]",-0.192807513696283,0.00833577929750859,0.992210954754103,-2.15320857045059,-0.858287651932205,-0.183394848211706,0.461652525656148,1.76155225729883,14168.230716814,0.999828125338351
"eps_all[24,13]",0.0705005402723239,0.00804300029039387,0.990542387907756,-1.85551396151077,-0.616359719819458,0.0805105504835693,0.754239629272875,1.99056530797403,15167.358813762,0.999758161622768
"eps_all[24,14]",0.25343494469947,0.00807002425727537,0.932036133562202,-1.57411691314916,-0.373231689495031,0.245930723673599,0.879865615947494,2.06473940954877,13338.7710685641,0.999755380029188
"eps_all[24,15]",-0.140934642699587,0.00872495502244173,0.978216185012708,-2.09186631727918,-0.801104807038602,-0.135081166694003,0.52731774699841,1.73041067395545,12570.2320400981,0.999849140298113
"eps_all[24,16]",0.174752523574362,0.00876148671632347,1.01038413704842,-1.80520423886977,-0.491909595726424,0.166266824313758,0.843523169328843,2.16566374890019,13298.9521903971,0.9997207668394
"eps_all[24,17]",-0.0847410994348373,0.00832316330495693,1.01835413939031,-2.07302430070902,-0.773134974546803,-0.0748046707513686,0.58966375027577,1.94646267619914,14969.9667069255,0.999624181184141
"eps_all[24,18]",-0.133891141693254,0.00843183383075782,0.989439442520531,-2.0991473540737,-0.784867272716729,-0.12510513919287,0.533034684805688,1.81872803234376,13770.0132908592,1.00037829339848
"eps_all[25,1]",0.0655981237143736,0.00915478831599602,0.997602606327552,-1.87761896600982,-0.623856419779491,0.0599043587666747,0.737131579962263,2.0065835745526,11874.5876330209,0.999747300909542
"eps_all[25,2]",-0.128778426773956,0.00806032427605285,0.916443624769604,-1.92008872355728,-0.749072272252848,-0.142171780284939,0.499596193512827,1.66824972569766,12927.2598958244,0.999618852786441
"eps_all[25,3]",0.233474850262732,0.00796141532839548,0.884439332685778,-1.53933499429438,-0.364736333226727,0.243910443187781,0.834278695761179,1.95383458483781,12341.1472785365,0.999774143611496
"eps_all[25,4]",-0.622498074485368,0.0102744099415421,1.02857348790415,-2.5741945265324,-1.32823604566571,-0.641676395857132,0.0651222274102386,1.42787142299191,10022.0570894155,0.999751628699753
"eps_all[25,5]",0.00431869866391868,0.00877506585715796,1.02281342519063,-2.01074902979259,-0.699532987022269,0.00212019190028267,0.706920277452178,1.98777279082347,13586.0144001333,0.999950660010164
"eps_all[25,6]",-0.00197889555579554,0.00849438043344742,1.01277466328406,-1.98043874472922,-0.683856628671364,0.000239290581649455,0.68515887993725,1.98130583606772,14215.503309467,0.99978570967007
"eps_all[25,7]",0.422397951289215,0.00865707644837058,0.979080728619808,-1.51278839938895,-0.228926142802543,0.430796324582701,1.08723785375177,2.31309208888737,12790.7054933457,0.999732523741196
"eps_all[25,8]",0.00510103633544312,0.00868644726290846,0.999220874086941,-1.95279293636756,-0.680074594445411,0.0110843245521895,0.687323235530343,1.95054017214357,13232.400024836,0.999997076401859
"eps_all[25,9]",-0.204683931961147,0.00875133167808109,0.956533950844642,-2.06197241517351,-0.84840331015385,-0.207313679887466,0.412565363281479,1.69886036993427,11946.8246824806,0.999744482094029
"eps_all[25,10]",0.436679761877714,0.00898597094959893,0.95529222912092,-1.4145067403436,-0.206123097117024,0.44406833118986,1.06843920793777,2.31201263448791,11301.6660277975,0.999987884440763
"eps_all[25,11]",-0.180846219554647,0.00798943300383032,0.97673590253429,-2.04524235306177,-0.854983812446963,-0.178114303423688,0.487005515314819,1.7306924775717,14945.9107582154,0.999979414162143
"eps_all[25,12]",-0.168787650742897,0.00793552438847436,0.968630048586867,-2.05981656849559,-0.828842736919229,-0.176297324690821,0.485029632721495,1.71639439153906,14899.2570723965,1.00001517582479
"eps_all[25,13]",-0.0295442102796747,0.00846242501245649,0.992460910139206,-2.00498403034298,-0.695319926618719,-0.0300077024085376,0.658259733498538,1.89153890779487,13754.2576025587,1.00007815472701
"eps_all[25,14]",-0.12586245110266,0.00816254276314737,0.980191104616854,-2.04796361701778,-0.771736319300947,-0.124765618774015,0.508766069722546,1.79273926528468,14420.1764551514,0.99955807204444
"eps_all[25,15]",0.0143956520689254,0.00766015695613265,0.998921834909918,-1.97183779053236,-0.665286603150585,0.0216764713008442,0.6857074608814,1.95994714153841,17005.4322601463,0.999605651574635
"eps_all[25,16]",0.00263201617494095,0.00784889232365397,0.979697257687722,-1.9210633528872,-0.658167775833156,0.00617732391730518,0.663501641780905,1.94697980198915,15579.9852591014,0.999690984850042
"eps_all[25,17]",0.000737886544190356,0.00846268425228638,0.999510692276949,-1.94210566559642,-0.694707249637372,0.00797959587494038,0.690751024882466,1.92707732590976,13949.4991227152,0.999714585540578
"eps_all[25,18]",0.0139099678100353,0.00789405558559966,0.981408507522386,-1.92475048765218,-0.645330568599501,0.017013015318646,0.676487122527441,1.91399651372524,15456.0771391637,0.999986211481471
"eps_all[26,1]",0.0120029426732226,0.0114564841818182,1.00235322401307,-1.97875318492473,-0.655396993241289,0.0189897687144758,0.692787123729485,1.97006732299139,7654.8884009307,0.999707068102084
"eps_all[26,2]",0.0105546438888285,0.0112130806153554,1.00567565974142,-1.97082485296316,-0.670632201763784,0.0189622892699335,0.680191962440633,1.97105163806902,8043.88752150631,1.00027571387653
"eps_all[26,3]",0.0032687160436311,0.0112362701648286,1.00193572127655,-1.98006447275461,-0.678530148314907,0.00145273842176677,0.681657646640206,1.93909478386538,7951.24939000349,1.0004613796879
"eps_all[26,4]",2.14559557410271e-05,0.0113504575305652,1.02202148881672,-2.02166342212196,-0.688556171371155,0.000502642828289002,0.691643847300608,2.00616769283334,8107.6187516389,0.999676818163211
"eps_all[26,5]",0.0198558402884111,0.0113037164285534,0.998826344972717,-1.91957550036088,-0.655634149937529,0.0128373729711482,0.712925298069888,1.95771722731151,7807.95801660147,0.9998262057396
"eps_all[26,6]",0.000220632268336156,0.0110732566515358,1.00205004035885,-1.97042162117353,-0.655154262196951,-0.00888107047562887,0.668159893530969,1.9762337934199,8188.9475193898,1.00034520185658
"eps_all[26,7]",-0.00322177753208366,0.0111691181344758,0.999748745180537,-1.9972712509545,-0.66397150126778,0.00399425673568694,0.657928429329896,1.97023558724619,8012.05582301321,1.00056608257597
"eps_all[26,8]",-0.0172653876980409,0.0110816557286894,1.00437163515466,-2.01542370997628,-0.686843658290134,-0.00982171994182694,0.670098007079123,1.93406560468842,8214.47042740088,1.00012026472445
"eps_all[26,9]",0.0110186939142079,0.0113477328543299,1.01027973134502,-1.93545494453107,-0.667500247721033,0.00495745099116028,0.683073285056838,2.01705879806839,7926.20086138571,0.999800412176279
"eps_all[26,10]",-0.0194065470442069,0.0110636860773694,0.993336783980449,-1.93622503891963,-0.686925039017544,-0.0192278017944432,0.639730890448709,1.9567562196714,8061.0821479594,0.999969620437846
"eps_all[26,11]",-0.0208711516562558,0.0112505561916185,1.00628109451246,-2.01457293760624,-0.683378185852983,-0.0170381588492405,0.645808319905318,1.93308031868632,8000.01204192699,0.99984219386963
"eps_all[26,12]",0.00340355114250783,0.0114370781141274,1.00346113512995,-1.9459598580544,-0.679770995141441,-0.00539023879727709,0.684505629582752,1.99509013280007,7697.87648692415,0.999854241046637
"eps_all[26,13]",-0.0138459078504679,0.011315890827995,0.997244811131867,-1.98061003793692,-0.685389411980922,-0.0138993558277164,0.664636819814169,1.95470169298823,7766.51298664635,0.999626026290284
"eps_all[26,14]",-0.0148444819295971,0.0115168942061029,0.994382863009534,-1.96272031917514,-0.673970696331614,-0.00530110697219894,0.664628705399697,1.93323512659502,7454.80876971682,0.999744635431832
"eps_all[26,15]",0.016498300626223,0.0114389153903386,0.995681085448174,-1.97084134750411,-0.649227803490593,0.0212455022782473,0.678551966491911,1.98634235462995,7576.53822762511,1.00001332470426
"eps_all[26,16]",-0.0121154147786214,0.0112115962650773,1.00859380056733,-1.99888956945396,-0.688553495705147,-0.00970723481014397,0.662867643820621,1.9718801052714,8092.77914227955,1.00005811170159
"eps_all[26,17]",-0.0225712719204714,0.0111310137562991,0.997047638081108,-1.98813062167734,-0.664727029733568,-0.035141931640879,0.63595210255574,1.96373277175797,8023.47269705409,0.999761367187136
"eps_all[26,18]",-0.0187565510019303,0.0114462962881352,1.00062791746331,-1.98428827727211,-0.683760038089268,-0.017430712336458,0.666457211213674,1.94181372410935,7642.14483250111,0.999816761008239
"eps_all[27,1]",-0.0141673209926229,0.0111919730951087,0.995540616272419,-1.96213637045294,-0.678579697813795,-0.0287436559274194,0.649290779200621,1.92562744472941,7912.33472379351,0.999919675253679
"eps_all[27,2]",0.00817857081577551,0.0110141643649045,0.999671074642189,-1.96841204263833,-0.668637787342307,0.0117337685963481,0.687622044669598,1.96286551701222,8237.7981388305,0.999814008154234
"eps_all[27,3]",-0.0017769810028018,0.01118304610131,1.00922772359347,-2.01924125890144,-0.683697737502924,0.000107579962229735,0.67955566003133,1.97208071938169,8144.38159398698,0.999816584310883
"eps_all[27,4]",-0.0151662382916194,0.0113984205994521,0.998427552577071,-1.97080185150598,-0.696831264052754,-0.0258309771534051,0.669791233021278,1.93803586960556,7672.62120842137,1.00038866053052
"eps_all[27,5]",-0.00804331381408503,0.0113034252561975,1.00743333371865,-1.98428909934808,-0.683552941527313,-0.00778020883592056,0.680878475238571,1.92587449937148,7943.51096586605,0.999757394662073
"eps_all[27,6]",-0.00887634766094909,0.0114386366079377,1.004401421564,-1.99991725882095,-0.695225255673629,0.0106452688177889,0.674885039368057,1.95497866862459,7710.20829800315,0.999790816784742
"eps_all[27,7]",-0.0206564668072788,0.0110878003593651,0.988751337330441,-1.96995936923061,-0.685945644460969,-0.0127773728893096,0.64933889413113,1.88569076481081,7952.12819175261,0.999724789971768
"eps_all[27,8]",-0.011511461403011,0.0110338458246342,0.991355973915279,-1.98483451244732,-0.658464399682724,0.00591700822879322,0.656053357186035,1.90115896163253,8072.4512953953,0.999965089728037
"eps_all[27,9]",-0.000653762551917163,0.0111733968840146,1.00707764329441,-1.97305004765982,-0.686108933406401,0.00481884945291586,0.683962659170825,1.94162450162186,8123.72959432967,1.00009318679073
"eps_all[27,10]",-0.00805388659596076,0.0111337674628401,1.00089146242097,-1.95398956957041,-0.680690981056719,-0.00169345806963829,0.666386102211727,1.94620573158085,8081.45718657238,0.999952228864026
"eps_all[27,11]",-0.0125336348994579,0.011270821281618,0.995820470126419,-1.98629092827665,-0.686568903067186,-0.024855301832397,0.663013592335715,1.93628428695009,7806.40308001555,0.999987856055885
"eps_all[27,12]",0.00725860974676715,0.0111918484025079,1.00122680610611,-1.92210163631518,-0.664279543829976,-0.00803256558289355,0.687260151875184,2.00005799870471,8003.1563143148,1.00036056842563
"eps_all[27,13]",-0.000565052638582396,0.0112698613133089,1.00437324430345,-1.99693597789342,-0.674823345885046,-0.00108096989691305,0.678318871560497,1.94567742205171,7942.42507434223,0.999687684183768
"eps_all[27,14]",-0.00880619822193711,0.0112706438753328,0.995533110473215,-1.96321619684314,-0.670745232225509,-0.00723172689636882,0.645001885046525,1.93836864055186,7802.14402385716,1.00014625775684
"eps_all[27,15]",-0.00795070487818401,0.0111628006133209,0.999096050703525,-1.99018924438793,-0.674075426417914,0.00364487719032475,0.649678988081773,1.95269265615552,8010.65723722996,0.999763664727972
"eps_all[27,16]",-0.0127984242873556,0.0111805446061201,1.00444292214977,-1.91477252055198,-0.680770973469968,-0.0268924516959892,0.643202755218374,1.96169785182651,8070.94910046632,0.999892890240138
"eps_all[27,17]",0.00918220296360476,0.0112211616322395,0.998667950413821,-1.96062209555264,-0.669217307065466,0.0137919987266692,0.679402659504954,1.97525256515249,7920.75516054951,1.00029938104382
"eps_all[27,18]",-0.000630257322418249,0.0115279981462516,1.00403881226859,-1.97753160517172,-0.690449928425424,-0.00276638253833346,0.682646168249501,1.96664651547487,7585.65709210123,1.00019311083359
"lp__",3722267.1530119,1.39794881838358,35.8311164697256,3722198.11167521,3722243.26711321,3722265.95054868,3722290.65100849,3722338.91397419,656.958806391824,1.00594445138145
