"","mean","se_mean","sd","2.5%","25%","50%","75%","97.5%","n_eff","Rhat"
"tot_var",0.313146444496955,0.00412624511769374,0.0871739734948908,0.19765712372896,0.252938502414465,0.295128933519758,0.350581579568021,0.520039275874195,446.337767948065,1.00667999429285
"var_props[1]",0.247280391328497,0.00630623840866915,0.0965753597088495,0.0916714954166664,0.175882734904724,0.236611527900212,0.304028415498729,0.470990445853375,234.526486963405,1.01569789003688
"var_props[2]",0.171048997639026,0.0023655229337744,0.111465575721595,0.020379354896262,0.0865223798543937,0.14835365833815,0.232789358359575,0.439317587641097,2220.37946029074,1.00219523364774
"var_props[3]",0.0313067359505567,0.00167752130325997,0.0439621254644909,0.00101576961305288,0.00550516520583912,0.0144118114012072,0.0374675789135498,0.162828831199557,686.78574853651,1.00322664708937
"var_props[4]",0.25448366976827,0.00273246821411967,0.0870908000823021,0.113957638889363,0.190493670887425,0.244423386282065,0.309280400960555,0.447038850300829,1015.86108361688,1.00528688580435
"var_props[5]",0.295880205313649,0.00654722718159643,0.101648102769942,0.12137589973439,0.219143685240454,0.285954866391486,0.364944973620818,0.511621520161976,241.037010730541,1.00937088880459
"nu_prop[1]",0.542475759080507,0.00309011827217637,0.22566359575376,0.111509444856574,0.366307934646479,0.554918506750899,0.716463225719968,0.929271235214306,5333.01498263247,1.00004188536334
"nu_prop[2]",0.744246300536749,0.0107461547287607,0.237585375334368,0.178617773972452,0.584165150022484,0.826529594164794,0.945546261351408,0.994547712965646,488.802286717982,1.00809516321257
"nu_prop[3]",0.430510175905596,0.00652145250333914,0.201640784406951,0.0781274695692492,0.276245573972765,0.423170367602392,0.575479950367841,0.811021597936511,956.022437781212,1.00487849186646
"nu_prop[4]",0.490420066982837,0.0138683690390986,0.192320871203652,0.131104109372355,0.356334252245041,0.48342888480948,0.62267129066732,0.906705591201785,192.310083207848,1.02338132508509
"slope_mu",0.154906925106936,0.00636230939537406,0.27349135751785,-0.359709063267901,0.000574915701874283,0.138043905638705,0.29403712116209,0.78602880998728,1847.81140928551,1.00005941239228
"eps_slope[1]",0.00383021061936975,0.0163082140207949,0.470349172673858,-0.990299036912831,-0.21524046451826,-0.00337994795222177,0.214517259358009,0.987372721976445,831.817330340158,1.00312724468474
"eps_slope[2]",0.113764691488604,0.0110133892530997,0.489730208822491,-0.829899381988959,-0.11018340241041,0.0746489536315678,0.341966184071223,1.17890441229103,1977.29655727217,1.00256205513007
"eps_slope[3]",0.0223333622585807,0.0223390385384975,0.501080866052946,-0.955166471485622,-0.189984400546721,0.00309440601277164,0.224521961796231,1.06332989475686,503.13749598277,1.00916698646395
"eps_slope[4]",0.0881858102136546,0.0202770153712,0.45684163681969,-0.820505707692628,-0.125552571695831,0.0505091085278784,0.272751493750462,1.10678449324457,507.601967792096,1.00758335476938
"eps_slope[5]",-0.0564613874737557,0.0122888692122704,0.481008086399368,-1.09606854415673,-0.255254523024065,-0.0416257120520384,0.143076150054833,0.875562549411306,1532.07812135591,1.0008737815886
"eps_slope[6]",-0.086017422794083,0.0322752231364584,0.597588136266787,-1.66903338357023,-0.3103578353137,-0.0288645606144777,0.186223402245366,1.06743431884,342.819428845101,1.01737868112275
"eps_slope[7]",0.105969986982957,0.0142266241498984,0.574928606836254,-1.05058390876073,-0.152043087562823,0.062416765393711,0.374746335580121,1.37824999689777,1633.14264990647,1.00099871752558
"eps_slope[8]",0.00734944706698083,0.00953741466212427,0.440472350751928,-0.877652153143636,-0.217713266948733,-0.00208130289154168,0.204809141243527,1.02228612750556,2132.92691333207,1.00026288231139
"eps_slope[9]",-0.115029661699048,0.013751493317172,0.490316890885772,-1.17653340991715,-0.342672134437853,-0.0724193279177385,0.110250757086716,0.867452813046595,1271.31738155764,1.00224060824897
"eps_slope[10]",-0.0378688229521054,0.0121122221767299,0.514018043059425,-1.21254044102348,-0.26291669052769,-0.021500495596019,0.19499124330357,0.956289405485937,1800.98074896676,1.00282139699056
"eps_slope[11]",0.187628488753939,0.0154663439651809,0.624211596325608,-0.949801941387282,-0.112732490774315,0.100386712590773,0.444067334987525,1.65241897221117,1628.87716903103,1.0031016583905
"eps_slope[12]",-0.407838820926425,0.0163974713692224,0.625941094064863,-1.92701953067202,-0.705158170414611,-0.283205013126233,-0.0227627844748167,0.578340063205056,1457.17988211859,1.00328491516291
"eps_slope[13]",0.0988827090642224,0.0102477656292232,0.484468078700289,-0.860657086923439,-0.115970803462187,0.0666712372501601,0.316937957980754,1.14266304503795,2234.97137507258,1.00106839671505
"eps_slope[14]",-0.0170540305627326,0.0507928168684825,0.600647049577264,-1.42017714876297,-0.216716703597662,0.0102876993817904,0.234329263262965,1.13984064186472,139.840864155727,1.02952050076607
"eps_slope[15]",0.0651504315813006,0.0186442107095131,0.507920780024133,-0.980280221646971,-0.16094302800851,0.0257383040345358,0.25977802975402,1.1753894280442,742.170959900726,1.00441052722364
"eps_annual[1]",0.28079640306191,0.0151363290818805,0.512437223859357,-0.669142086269763,-0.0625162259583999,0.277671741642125,0.612417317894064,1.31306288244337,1146.14672283615,1.00208398434166
"eps_annual[2]",0.561081143367638,0.0102992998013102,0.534400369747253,-0.439827264373493,0.220327381778209,0.54131236475685,0.889944322798632,1.71771587121595,2692.26682414103,1.00035913874277
"eps_annual[3]",0.648779073675547,0.0113445001585793,0.515504265053683,-0.258177390029575,0.279507618370146,0.612845773074686,0.969451097544401,1.76977864366016,2064.87513483449,1.00121876114937
"eps_annual[4]",1.00681259951476,0.0121550408601963,0.536131824115207,0.0566987824508527,0.618243414230578,0.968681269890056,1.34905716400266,2.16426293186006,1945.49593692613,1.00161105027473
"eps_annual[5]",1.25525174654857,0.0120337464709067,0.57435282343533,0.241159313556698,0.856946444044332,1.21199317825388,1.61240316172629,2.48059423640826,2278.01094176811,1.00072453424427
"eps_annual[6]",-0.319315362791229,0.00894368283905507,0.464156038710444,-1.28391023418192,-0.609613338104013,-0.298680272517445,-0.0153805643669678,0.545364730591297,2693.36511248248,1.00092767511327
"eps_annual[7]",-1.43055534128624,0.014616573057867,0.625156771797299,-2.81138282797216,-1.80559330158171,-1.38804373084668,-0.998515680739626,-0.325655875755516,1829.30767495731,1.00284035913509
"eps_annual[8]",0.139141395215987,0.00882245488092342,0.459030630273243,-0.798828429811012,-0.142734405220368,0.145464694163567,0.423989303325482,1.06116772745512,2707.10088194926,0.999588493151377
"eps_annual[9]",-0.318187602510187,0.00767170461566101,0.420859727535873,-1.1888790261656,-0.594132180960561,-0.311586327494488,-0.0431050093852869,0.488027633744186,3009.47675884229,1.00160708612987
"eps_annual[10]",-0.23632851845355,0.00727237958249136,0.413049478239731,-1.06190871569917,-0.49570863613897,-0.232612639303769,0.0340270534224893,0.600054924428915,3225.90131914195,1.00065177306712
"eps_annual[11]",0.259681464349531,0.00903160719649067,0.436788013137329,-0.578470249093208,-0.0215899179533415,0.253628679657038,0.528892652975008,1.11875707882699,2338.89831470834,0.999969614229014
"eps_annual[12]",-0.340371303585044,0.00859970542354299,0.445446439194676,-1.27496722220001,-0.627425200511377,-0.327714626784856,-0.0301848272680771,0.507208003211679,2683.01952479489,1.00154327897211
"eps_annual[13]",-0.109780895078018,0.0086093314626826,0.436102196031509,-0.999831312575341,-0.38713812462363,-0.0979106304091272,0.182910107333023,0.720640201209605,2565.88796600242,1.00009681473956
"eps_annual[14]",0.139560129689875,0.00823239782590194,0.43135324997178,-0.715185516430988,-0.139470133547461,0.135067021548946,0.408220642373296,1.01218327056279,2745.44944168971,1.00003935013341
"eps_annual[15]",0.494057133082788,0.00987518948191309,0.466643664949266,-0.349751958117733,0.18200941679484,0.461588329657183,0.787513096502319,1.46698923044261,2232.95449978837,1.00019517460411
"eps_annual[16]",-0.988121767252965,0.0139311179554565,0.527398301185561,-2.13135200883684,-1.31878448614678,-0.963286617955407,-0.631792349589511,-0.0670209704062961,1433.19575853071,1.00232783900891
"eps_annual[17]",1.2545312521198,0.0144448664122089,0.50891300080106,0.332149271364955,0.889016483208764,1.22443551537015,1.57498096629246,2.32989674807938,1241.25220101391,1.00197813698394
"eps_annual[18]",0.00439352381494023,0.0063311627148223,0.379818689449225,-0.747532169107053,-0.229933666051226,-0.00252829122647467,0.244719123651318,0.769524163524979,3599.03202601472,1.00002790422628
"eps_annual[19]",-1.78741987266446,0.0147069852535825,0.642916637235151,-3.18576024456813,-2.18735313085175,-1.72541178923685,-1.36006635482438,-0.663884641567853,1911.0058433635,1.00101411442404
"eps_annual[20]",-0.0835338426668154,0.00835608566463043,0.442793176911993,-0.979020951297064,-0.374614875561822,-0.0577024934899242,0.209367331634597,0.755419178464476,2807.9933375753,1.00038862162079
"eps_annual[21]",-1.88820140744351,0.0161290708894864,0.643745557946294,-3.29940268047085,-2.28858887255884,-1.83770408924879,-1.42577758714472,-0.771104698716458,1592.97804108976,1.00221644681459
"eps_annual[22]",0.37555365696805,0.0099685669978084,0.465846640643055,-0.532044456738672,0.0656097781118453,0.349106581724712,0.676146699669839,1.33004669460674,2183.83826753768,0.999783401654872
"eps_annual[23]",-0.608601275092363,0.0129281017145551,0.520230768749432,-1.71685317392097,-0.942983928011243,-0.588235615486236,-0.254819999013903,0.362853908191914,1619.28222545848,1.00557014135031
"eps_annual[24]",0.192255916669785,0.00979242806080278,0.531298644296496,-0.83586689421586,-0.148287664805022,0.158402467409424,0.521732046240947,1.3007378812011,2943.72093193528,1.00105324361863
"eps_annual[25]",0.357974328059519,0.0114849550749102,0.555136764132292,-0.681183909651272,-0.0251646052165963,0.322362662185692,0.706165243560841,1.52875341121661,2336.36869088312,1.00104302094435
"eps_annual[26]",0.256227084871138,0.0104011939081151,0.648944520056988,-0.978914313627729,-0.146825337607009,0.224880145502798,0.656274509371958,1.61353904905922,3892.68044106628,0.999292799802442
"het[1]",1.22681060957048,0.0338593651513719,0.808118478500423,0.181603184477481,0.647830216904948,1.06821721904077,1.60557001047693,3.23610745693084,569.629474398094,1.00454287548682
"het[2]",0.533612180259756,0.0122098725316027,0.523094025681965,0.0124589914488135,0.168154266800011,0.376711159617324,0.73749444057771,1.89694819286261,1835.427607327,1.00237156554935
"eps_sigma_rn[1]",1.2356377643639,0.0246535696987946,1.14668432649089,0.180070194754944,0.532867657139882,0.912487406897192,1.56661221715755,4.18102285679428,2163.35668320013,1.0015370086249
"eps_sigma_rn[2]",0.743951677044921,0.0118809905587512,0.642584531537501,0.121872586649816,0.343965502003238,0.568002519474965,0.938259463382973,2.39064036991666,2925.19776039386,1.00029488761443
"eps_sigma_rn[3]",1.47627580449067,0.0211811723073883,1.18005215230921,0.239911261538564,0.721278051767438,1.17079834870918,1.87774091217353,4.52406092356937,3103.86208816673,1.00067655779103
"eps_sigma_rn[4]",0.767324475645592,0.0129717893919832,0.709973223466287,0.120896754478483,0.352155600870061,0.565019579919468,0.948745706709982,2.5620820426845,2995.60234244734,1.00062163490065
"eps_sigma_rn[5]",0.823976671525061,0.0167485591356812,0.83549040988297,0.105944048092743,0.327783412771779,0.598945767801301,1.02209481470482,2.98001178367736,2488.44494355583,0.99969183441284
"eps_sigma_rn[6]",0.935493697619486,0.0178412090634219,1.00411618971288,0.094183179565444,0.344861062014593,0.62826716304207,1.16164177866101,3.54038112045712,3167.52006171063,1.00015866051776
"eps_sigma_rn[7]",1.53724524600971,0.034498044631577,1.82380804421949,0.161105241351039,0.528812671449229,0.994199322538325,1.8975410913777,6.19104436293379,2794.91943976597,1.00077553669274
"eps_sigma_rn[8]",1.02757504211037,0.0403679165013095,0.905515724225805,0.146216976621313,0.442810158820352,0.762699580648059,1.3136735175073,3.21482459322603,503.175309851562,1.0091199519913
"eps_sigma_rn[9]",1.8496961246059,0.0278311670394406,1.51918092366697,0.327687526942991,0.897772991915487,1.43428016155082,2.2783718469088,6.05985732376457,2979.58761799287,1.00095825799682
"eps_sigma_rn[10]",1.69419232474181,0.0247027784243703,1.32769586804144,0.314105512836852,0.833133883556707,1.33083525022008,2.15271439575221,5.25835768754366,2888.72101940074,1.00184542054138
"eps_sigma_rn[11]",9.63471694767934,0.186763004428599,7.23884232302994,1.97891407856519,4.90925605250938,7.56311564483772,11.9590502392177,29.3922702486619,1502.29952630446,1.00509023330022
"eps_sigma_rn[12]",1.33307002230595,0.0226584806159439,1.27223894263657,0.177191083804944,0.563727937849256,0.965557042626061,1.6944232596281,4.44698583084212,3152.65030433396,1.00099136017662
"eps_sigma_rn[13]",1.12464548907286,0.018040523139079,0.972062348334402,0.162315476989717,0.506738045312754,0.86879959383837,1.40825711528897,3.71481500846926,2903.28713084805,1.0013424645407
"eps_sigma_rn[14]",1.56837004321493,0.0366648572747587,1.29234000163067,0.251966837788369,0.732658748152517,1.23170216354473,2.00237698531184,4.61557950531102,1242.37749812138,1.00195616897967
"eps_sigma_rn[15]",1.52707299075948,0.05453991855419,1.76792946564321,0.145053735438246,0.525214420477124,1.02833121722684,1.94570968079796,5.89915131264019,1050.75362796683,1.00075303163738
"eps_sigma_tn[1]",1.68539182581706,0.0332153954022973,2.02560007031948,0.145831463727489,0.573227425787311,1.13506361680682,2.01671983400985,6.65436624703046,3719.02033798033,0.999762055321611
"eps_sigma_tn[2]",2.08312250448306,0.0382146475130227,2.19327649811107,0.233873080491478,0.771754424745747,1.42683637576271,2.53880401688535,7.90554264772011,3294.0262359249,1.00105170739279
"eps_sigma_tn[3]",1.41764202185119,0.0346173447472323,1.61358540767822,0.148711894338166,0.484351981874625,0.918337306277159,1.73749368111527,5.5675386013845,2172.68321450135,1.00122940422675
"eps_sigma_tn[4]",1.45278412829025,0.0313550872338772,1.79227330934677,0.13298630471645,0.519667630668908,0.941829917937108,1.78883509256636,5.57676337610024,3267.32584300694,1.00184317299815
"eps_sigma_tn[5]",1.71464307433739,0.033547181490231,1.9711964842518,0.168426459244525,0.597610967615875,1.12472140677937,2.08029200547279,6.8847613177638,3452.6118385258,1.00046337713282
"eps_sigma_tn[6]",1.31920833840214,0.0295081483314868,1.60969018732707,0.128168930072501,0.462692629345304,0.848695074168011,1.58240327621151,5.26015953036883,2975.77901890323,1.00042147560742
"eps_sigma_tn[7]",1.63994068927145,0.0350423039366576,1.93415137989518,0.162317946527241,0.566455557322403,1.03646758912493,1.95243568629911,6.74237794489863,3046.46097785879,1.0003381198704
"eps_sigma_tn[8]",1.70992372252771,0.032187209446755,1.96029606088884,0.191088290652255,0.615442481942877,1.16237271879613,2.10051699312212,6.15603124505846,3709.16952045687,0.999625062473808
"eps_sigma_tn[9]",0.974091931375347,0.0235456893954691,1.30299806747511,0.0951087352314859,0.306686072340561,0.594471883989841,1.13397181077252,4.02801653488166,3062.41978428921,1.00190817273654
"eps_sigma_tn[10]",1.04621379226877,0.025057554336293,1.25847793460857,0.111683800243147,0.352239076728087,0.680988852494829,1.25712650342349,4.23842633409219,2522.39936858945,1.00177594645914
"eps_sigma_tn[11]",1.2162056796802,0.0220727239173261,1.3754554736876,0.117434211691239,0.421804420114459,0.814852151804071,1.51899375894247,4.68107883750058,3883.12355593641,0.999317307767506
"eps_sigma_tn[12]",1.57541436919701,0.030832220556827,1.70755514426801,0.206525568636891,0.574839753378107,1.05160339190364,1.95060864771746,6.2922218679256,3067.18426501574,1.00110117621159
"eps_sigma_tn[13]",1.30722019251793,0.0270472198048935,1.52759056468089,0.141043397478175,0.474502663850104,0.820698439702904,1.58280073589331,5.34780697107123,3189.83833951975,0.999972640313774
"eps_sigma_tn[14]",1.19743233154064,0.0215493675177266,1.31758577306766,0.135814030465155,0.444247259342878,0.796565669030977,1.44085849135991,4.77181407455903,3738.42556257395,1.00050460981069
"eps_sigma_tn[15]",1.90559188190523,0.0367413713503277,2.02755142255487,0.21472517914058,0.710240854923473,1.32488255363881,2.46877169389902,6.64630283593063,3045.32067509259,1.00001871633726
"eps_sigma_tn[16]",2.07186845969876,0.0407404286778036,2.2556550702182,0.214227101186126,0.725433577526042,1.34377669473395,2.60259719478447,8.09825163136932,3065.44966425372,1.00029293148533
"eps_sigma_tn[17]",1.03461409391268,0.0246284640437248,1.38344278402835,0.0995807032219634,0.345418767632793,0.625290319862107,1.21026810777933,4.2127850031358,3155.35152401404,1.00021761036333
"eps_sigma_tn[18]",0.890274585227653,0.0229563914484838,1.26567627407523,0.0959344292411219,0.293940093994733,0.558119563549273,1.07237103798013,3.62457836409971,3039.75117342947,1.00192642823446
"eps_sigma_tn[19]",1.99394607964142,0.0360019294822376,2.12100284483815,0.210337844157022,0.751830093183155,1.42442096201216,2.47629981248917,7.37707015644443,3470.81086450638,0.999712157838442
"eps_sigma_tn[20]",1.36040416401607,0.0307682728948717,1.58061676078056,0.144624900635005,0.486073559577223,0.911441215621211,1.69086314933061,5.09310522412392,2639.04580435879,1.00021255296509
"eps_sigma_tn[21]",1.50470316309194,0.09129866116102,1.80451937571021,0.144303041406042,0.490099289950883,0.958746402074116,1.82550610218466,6.06257692261754,390.655804260742,1.00763512808656
"eps_sigma_tn[22]",1.82654457623248,0.0350070902704621,1.99052003851348,0.175401990760343,0.629710852425486,1.21615815479727,2.26476291693884,7.20146572738916,3233.11445328586,1.00049834265156
"eps_sigma_tn[23]",2.23171589716985,0.0447480277548871,2.49881651052001,0.20289478966686,0.779786913871924,1.48051053756,2.75742305013946,8.63923142289686,3118.32183745616,1.00034369727372
"eps_sigma_tn[24]",2.88232609953389,0.0685539749175109,3.34448748649982,0.269656588956823,1.04334473219326,1.90227492719412,3.57527693279054,11.1706509544413,2380.09267761426,1.00038273335657
"eps_sigma_tn[25]",1.98476676974783,0.0460626089183513,2.27929921188743,0.193478327730445,0.680057920814796,1.31605837078512,2.38158927010845,8.00919644721115,2448.5310540328,0.999503259909709
"eps_sigma_tn[26]",1.48646434594212,0.0404061700892343,1.8571460018848,0.144810973213717,0.497843345513749,0.907552093521785,1.76072673410837,6.55595366948108,2112.50001185944,1.00063631409014
"L[1,1]",1,NA,0,1,1,1,1,1,NA,NA
"L[1,2]",0,NA,0,0,0,0,0,0,NA,NA
"L[1,3]",0,NA,0,0,0,0,0,0,NA,NA
"L[1,4]",0,NA,0,0,0,0,0,0,NA,NA
"L[1,5]",0,NA,0,0,0,0,0,0,NA,NA
"L[1,6]",0,NA,0,0,0,0,0,0,NA,NA
"L[1,7]",0,NA,0,0,0,0,0,0,NA,NA
"L[1,8]",0,NA,0,0,0,0,0,0,NA,NA
"L[1,9]",0,NA,0,0,0,0,0,0,NA,NA
"L[1,10]",0,NA,0,0,0,0,0,0,NA,NA
"L[1,11]",0,NA,0,0,0,0,0,0,NA,NA
"L[1,12]",0,NA,0,0,0,0,0,0,NA,NA
"L[1,13]",0,NA,0,0,0,0,0,0,NA,NA
"L[1,14]",0,NA,0,0,0,0,0,0,NA,NA
"L[1,15]",0,NA,0,0,0,0,0,0,NA,NA
"L[2,1]",-0.14208682654325,0.00639736366697699,0.234461595579653,-0.59626965940804,-0.30818160941226,-0.145925497546004,0.0207635707046325,0.318975917215436,1343.20207285947,1.00183513220123
"L[2,2]",0.960273493525496,0.00144469772472194,0.0522334825334892,0.799747105140767,0.94484053778586,0.981431852937972,0.995623654852329,0.999952701752145,1307.20586258381,1.00058492241699
"L[2,3]",0,NA,0,0,0,0,0,0,NA,NA
"L[2,4]",0,NA,0,0,0,0,0,0,NA,NA
"L[2,5]",0,NA,0,0,0,0,0,0,NA,NA
"L[2,6]",0,NA,0,0,0,0,0,0,NA,NA
"L[2,7]",0,NA,0,0,0,0,0,0,NA,NA
"L[2,8]",0,NA,0,0,0,0,0,0,NA,NA
"L[2,9]",0,NA,0,0,0,0,0,0,NA,NA
"L[2,10]",0,NA,0,0,0,0,0,0,NA,NA
"L[2,11]",0,NA,0,0,0,0,0,0,NA,NA
"L[2,12]",0,NA,0,0,0,0,0,0,NA,NA
"L[2,13]",0,NA,0,0,0,0,0,0,NA,NA
"L[2,14]",0,NA,0,0,0,0,0,0,NA,NA
"L[2,15]",0,NA,0,0,0,0,0,0,NA,NA
"L[3,1]",0.30717538502576,0.00571761554624307,0.223358386551545,-0.177085540951411,0.16201358225729,0.327365155454723,0.476697327928077,0.68586645322511,1526.07060707972,1.00469668064988
"L[3,2]",-0.158113318115686,0.00816180691402775,0.230561727441434,-0.579469223032459,-0.325453976272167,-0.169611612608455,-0.00126040489032762,0.292330285601305,797.997998403803,1.00683193124895
"L[3,3]",0.877182522433073,0.00197028013302653,0.09041244563289,0.658286155849856,0.821067023015538,0.894936414920157,0.948904792367489,0.994918535976497,2105.71929884443,1.00213676030224
"L[3,4]",0,NA,0,0,0,0,0,0,NA,NA
"L[3,5]",0,NA,0,0,0,0,0,0,NA,NA
"L[3,6]",0,NA,0,0,0,0,0,0,NA,NA
"L[3,7]",0,NA,0,0,0,0,0,0,NA,NA
"L[3,8]",0,NA,0,0,0,0,0,0,NA,NA
"L[3,9]",0,NA,0,0,0,0,0,0,NA,NA
"L[3,10]",0,NA,0,0,0,0,0,0,NA,NA
"L[3,11]",0,NA,0,0,0,0,0,0,NA,NA
"L[3,12]",0,NA,0,0,0,0,0,0,NA,NA
"L[3,13]",0,NA,0,0,0,0,0,0,NA,NA
"L[3,14]",0,NA,0,0,0,0,0,0,NA,NA
"L[3,15]",0,NA,0,0,0,0,0,0,NA,NA
"L[4,1]",-0.131144174567737,0.00472996292042112,0.222269034573642,-0.541399812979539,-0.29076175108248,-0.141998014195804,0.0129376137185136,0.336460143269031,2208.22058432371,1.00025439155635
"L[4,2]",0.18622978657696,0.00478869099261109,0.232042075885391,-0.288566589207263,0.0275898589107515,0.205584157406635,0.352723023188061,0.598830609334884,2348.00953971968,1.00276732881408
"L[4,3]",0.0200864418592606,0.00730141161701563,0.238841168868278,-0.458354042677316,-0.146465571785116,0.0270372607376821,0.191738452796497,0.470109770629708,1070.0515757204,1.00332217466241
"L[4,4]",0.883495057167625,0.00166738253106131,0.0830803036029956,0.684921124243695,0.83856016521725,0.900612356437544,0.947926255743046,0.990810640426481,2482.70806804035,1.00122947803444
"L[4,5]",0,NA,0,0,0,0,0,0,NA,NA
"L[4,6]",0,NA,0,0,0,0,0,0,NA,NA
"L[4,7]",0,NA,0,0,0,0,0,0,NA,NA
"L[4,8]",0,NA,0,0,0,0,0,0,NA,NA
"L[4,9]",0,NA,0,0,0,0,0,0,NA,NA
"L[4,10]",0,NA,0,0,0,0,0,0,NA,NA
"L[4,11]",0,NA,0,0,0,0,0,0,NA,NA
"L[4,12]",0,NA,0,0,0,0,0,0,NA,NA
"L[4,13]",0,NA,0,0,0,0,0,0,NA,NA
"L[4,14]",0,NA,0,0,0,0,0,0,NA,NA
"L[4,15]",0,NA,0,0,0,0,0,0,NA,NA
"L[5,1]",-0.095416298299789,0.00553172463644172,0.243259415367168,-0.527442575973079,-0.274505734960395,-0.101826858868882,0.0714417609051073,0.403349535817329,1933.82963287674,1.00149277744023
"L[5,2]",0.0127272628187562,0.00599438465840582,0.243747555401742,-0.455881648899241,-0.162240020997754,0.015768987768687,0.181097471553822,0.482547141322449,1653.45097032499,1.00184461583116
"L[5,3]",-0.0582417729667969,0.00805686565133146,0.242779427333336,-0.511437759540099,-0.234115484073642,-0.0607617357021765,0.109986030378901,0.392407631309204,908.011861276965,1.00676318389977
"L[5,4]",-0.0756706389537202,0.00575132050583283,0.242942674648205,-0.5428408248385,-0.245495355890922,-0.0753983699871174,0.0909039867790272,0.404763765488392,1784.31890248414,1.0006691121957
"L[5,5]",0.858618095343155,0.00203786031045414,0.0888857070606934,0.650449335417092,0.812646236791744,0.873511800714405,0.926190711444542,0.981144323135243,1902.45783829179,1.00123169775216
"L[5,6]",0,NA,0,0,0,0,0,0,NA,NA
"L[5,7]",0,NA,0,0,0,0,0,0,NA,NA
"L[5,8]",0,NA,0,0,0,0,0,0,NA,NA
"L[5,9]",0,NA,0,0,0,0,0,0,NA,NA
"L[5,10]",0,NA,0,0,0,0,0,0,NA,NA
"L[5,11]",0,NA,0,0,0,0,0,0,NA,NA
"L[5,12]",0,NA,0,0,0,0,0,0,NA,NA
"L[5,13]",0,NA,0,0,0,0,0,0,NA,NA
"L[5,14]",0,NA,0,0,0,0,0,0,NA,NA
"L[5,15]",0,NA,0,0,0,0,0,0,NA,NA
"L[6,1]",-0.0125932548066649,0.00732672524465614,0.25542407969217,-0.495685494488633,-0.194408236307972,-0.016852054791666,0.169020329989228,0.464905157666344,1215.35699048657,1.00275308134677
"L[6,2]",0.01441978040934,0.0045907653891416,0.247601785363187,-0.467296272812731,-0.159788946163805,0.0149283412093367,0.188942784752058,0.487727061252454,2908.95729965003,1.00081309984431
"L[6,3]",-0.0872117779144982,0.00417060161647856,0.248818806658338,-0.555618264467603,-0.263883498415644,-0.0856074030595261,0.0787533765085946,0.408999843064716,3559.33603368519,1.00014958920844
"L[6,4]",-0.0232502654058077,0.00931198215001298,0.252187998297836,-0.49522524510857,-0.198736753140961,-0.0209027597955554,0.158678992911008,0.460003656161123,733.439945628905,1.00563307214055
"L[6,5]",0.089196415520405,0.00532537852417669,0.244686378952656,-0.401724227955405,-0.0730150234076777,0.0867339205985318,0.256733547161949,0.562936248213557,2111.1477214715,0.999568458169191
"L[6,6]",0.813379977998472,0.00226738254407941,0.100475938017002,0.584605362630649,0.757136612241796,0.825106002379987,0.890744187639141,0.963118623726211,1963.69729134249,1.00074648424494
"L[6,7]",0,NA,0,0,0,0,0,0,NA,NA
"L[6,8]",0,NA,0,0,0,0,0,0,NA,NA
"L[6,9]",0,NA,0,0,0,0,0,0,NA,NA
"L[6,10]",0,NA,0,0,0,0,0,0,NA,NA
"L[6,11]",0,NA,0,0,0,0,0,0,NA,NA
"L[6,12]",0,NA,0,0,0,0,0,0,NA,NA
"L[6,13]",0,NA,0,0,0,0,0,0,NA,NA
"L[6,14]",0,NA,0,0,0,0,0,0,NA,NA
"L[6,15]",0,NA,0,0,0,0,0,0,NA,NA
"L[7,1]",0.0233003724199053,0.00409171865364378,0.245208346722506,-0.448064850253208,-0.145863422798819,0.0184671346672718,0.199221202563768,0.49130566522408,3591.36024083031,1.00053771395134
"L[7,2]",-0.0640231589855009,0.00726635967808866,0.253068186340874,-0.525870967197665,-0.244344340020377,-0.0597938400343107,0.112988480611938,0.427370033179147,1212.94559834626,1.00264791291958
"L[7,3]",-0.0379736550457681,0.00406558800315229,0.234092917478627,-0.492064035197854,-0.199459906136822,-0.0377100220075024,0.124519993649665,0.417207032091325,3315.35330309705,1.00118285990062
"L[7,4]",-0.118846057093174,0.00706093142706051,0.246836446740019,-0.568176283901099,-0.302719077525148,-0.12400200932108,0.0532307567633604,0.373082105899419,1222.06578327502,1.00259479766289
"L[7,5]",0.121262280970787,0.00498555466134834,0.240607669528167,-0.360281166608145,-0.0368536955463529,0.124786440754849,0.297803920239379,0.564005479442905,2329.12055902595,1.00001693881864
"L[7,6]",0.060766238120602,0.00862347423370551,0.249722180522783,-0.411811338543119,-0.11155153914807,0.0607825549266494,0.240404273862677,0.522120207260015,838.590033850292,1.00570575504448
"L[7,7]",0.767586337509351,0.00282777954438806,0.110215121227121,0.528196536521587,0.693592100902823,0.779173360096886,0.850546334186973,0.944113739873501,1519.11715535755,1.00415471647052
"L[7,8]",0,NA,0,0,0,0,0,0,NA,NA
"L[7,9]",0,NA,0,0,0,0,0,0,NA,NA
"L[7,10]",0,NA,0,0,0,0,0,0,NA,NA
"L[7,11]",0,NA,0,0,0,0,0,0,NA,NA
"L[7,12]",0,NA,0,0,0,0,0,0,NA,NA
"L[7,13]",0,NA,0,0,0,0,0,0,NA,NA
"L[7,14]",0,NA,0,0,0,0,0,0,NA,NA
"L[7,15]",0,NA,0,0,0,0,0,0,NA,NA
"L[8,1]",0.0934078558089094,0.00415221290653667,0.232197155796434,-0.376376927233396,-0.0603778008340681,0.105790233965345,0.253926241793671,0.534019795111523,3127.19212193135,0.999516862398044
"L[8,2]",-0.0514733076598967,0.0063129950586518,0.237553628211793,-0.500599982996503,-0.221771590065076,-0.0605529845824711,0.111909219397486,0.403007494166707,1415.9647340979,1.00249603789422
"L[8,3]",0.00777318296798423,0.00449825283622406,0.230834657856027,-0.452560212866663,-0.151456428549553,0.00904533773563077,0.166776720514314,0.450366988153206,2633.3846823612,1.001957114319
"L[8,4]",-0.125979030735552,0.00513738178425955,0.236270068284684,-0.556066986504901,-0.295627124322693,-0.132227841210422,0.0408121802495704,0.350839655647446,2115.11376024578,1.00267724056722
"L[8,5]",0.167138279788044,0.00935816523079792,0.247564729541088,-0.35248462976964,0.00244983968657023,0.177022484904118,0.346111873204061,0.597966422122228,699.835750088945,1.00649781778513
"L[8,6]",0.0632376152254506,0.00584043662099191,0.241389221227348,-0.410937131511675,-0.110545788802523,0.0687245992742091,0.236164568356177,0.516726874593064,1708.22516849177,1.00264606238906
"L[8,7]",0.0974935703601081,0.00581718210488604,0.243788971106443,-0.382320992080041,-0.0720420205122283,0.103912606540498,0.270608165226306,0.560894988847583,1756.31653484113,1.00022009328915
"L[8,8]",0.720559802372762,0.00257022414952428,0.117073485898988,0.471735807029889,0.640541538950073,0.731981473775392,0.807828046435137,0.913829032878612,2074.79455650241,1.00232531862733
"L[8,9]",0,NA,0,0,0,0,0,0,NA,NA
"L[8,10]",0,NA,0,0,0,0,0,0,NA,NA
"L[8,11]",0,NA,0,0,0,0,0,0,NA,NA
"L[8,12]",0,NA,0,0,0,0,0,0,NA,NA
"L[8,13]",0,NA,0,0,0,0,0,0,NA,NA
"L[8,14]",0,NA,0,0,0,0,0,0,NA,NA
"L[8,15]",0,NA,0,0,0,0,0,0,NA,NA
"L[9,1]",0.132541253521478,0.00459220768234707,0.224878668472055,-0.307851289002263,-0.0195926338809425,0.134907872169419,0.297678369551876,0.553213578961211,2398.0237534617,1.0024276027083
"L[9,2]",-0.0808718759833995,0.00459951087974184,0.22500211690907,-0.515570513136087,-0.230459028741242,-0.0857261013861878,0.0718609720334004,0.363425193041603,2393.03972097123,1.00052467683713
"L[9,3]",0.112726548016021,0.00736586179257143,0.236116910366707,-0.352699095453203,-0.0531702530259425,0.119797461806254,0.278356659057972,0.542230220089982,1027.55967303309,1.0037776349856
"L[9,4]",0.0822792694075877,0.00529136974772742,0.225447388388127,-0.372401221672965,-0.0687542106492444,0.0833291368112478,0.242070400534301,0.506531661794682,1815.32420096113,1.00034219195118
"L[9,5]",0.0468837110167383,0.00515207517034895,0.228372522060559,-0.413875310406514,-0.0985947965469545,0.0493219616443906,0.198702103353484,0.49297813204518,1964.82246227097,0.999538896590907
"L[9,6]",0.0276504534127565,0.00633588472022032,0.246511859679413,-0.442681469394667,-0.150764615252134,0.0291347775863319,0.202502613146093,0.498902199327459,1513.77421185138,1.00283264357302
"L[9,7]",0.0403462238130543,0.00665758774320498,0.245645680538247,-0.450716851966685,-0.130011172363098,0.050927582967852,0.222766485807372,0.485856309612874,1361.39598639753,1.00358884610487
"L[9,8]",0.173689557896836,0.00522817510457093,0.23025075003125,-0.2945663893108,0.0133792852685466,0.185291219343763,0.333958577624271,0.608827397748638,1939.55392019928,1.00308985825811
"L[9,9]",0.68721002221602,0.00272936658233827,0.124331225142602,0.418891032473541,0.609416318466759,0.696020836985175,0.778100125241206,0.899795661358356,2075.08880105878,0.999781496806857
"L[9,10]",0,NA,0,0,0,0,0,0,NA,NA
"L[9,11]",0,NA,0,0,0,0,0,0,NA,NA
"L[9,12]",0,NA,0,0,0,0,0,0,NA,NA
"L[9,13]",0,NA,0,0,0,0,0,0,NA,NA
"L[9,14]",0,NA,0,0,0,0,0,0,NA,NA
"L[9,15]",0,NA,0,0,0,0,0,0,NA,NA
"L[10,1]",-0.0754990674020923,0.00447536866588362,0.221163408463487,-0.502958036317455,-0.227284069353321,-0.0815316673806043,0.0761136177256078,0.370916881899036,2442.13076770911,1.00125647157671
"L[10,2]",0.135800730918448,0.0101814655882969,0.233201408565817,-0.322532128169265,-0.0219097415365479,0.14707089530404,0.303918905553855,0.551506161720829,524.616255221643,1.00948528146013
"L[10,3]",-0.134236453117728,0.00428052525762122,0.224238548164792,-0.537498692968482,-0.306376767286171,-0.141211669000582,0.0149881171335472,0.331252069106169,2744.26734522183,1.00361038879148
"L[10,4]",0.173842140480851,0.00540275139292568,0.22049934763656,-0.266160144775275,0.0230008313521374,0.178843977950983,0.338668353989342,0.580250613986318,1665.65345452198,1.0013948610715
"L[10,5]",0.00387040478132414,0.00615864787334461,0.239182355473176,-0.472332389965332,-0.16226231224111,0.00682099192709589,0.179709417997904,0.458486230732215,1508.29930121458,1.00200774991053
"L[10,6]",0.101386751300703,0.00633598469915298,0.249121462920316,-0.40037867535156,-0.0675082854428369,0.101993515792004,0.277788901842701,0.573108234779477,1545.94504452293,1.00304299947931
"L[10,7]",0.0292206892164576,0.00586458885252824,0.246155029982883,-0.442284910514658,-0.149991446903815,0.0330048775833858,0.215904814392417,0.492168128560211,1761.7419197139,1.00044705288609
"L[10,8]",-0.0662350607305575,0.00508458635181485,0.232123432252457,-0.497387031377449,-0.224037899556884,-0.0769212076656505,0.0926038847267319,0.383716109136444,2084.13915278614,1.00113952385913
"L[10,9]",0.0408984766271267,0.00717686213684889,0.224084923233235,-0.383511362374192,-0.118059286408177,0.0368898272838969,0.195016432070541,0.465095960371581,974.891014435948,1.00524164988382
"L[10,10]",0.638749705577282,0.00264025631116444,0.127975516163444,0.364360764509766,0.552007960107897,0.648506192366301,0.73181656506115,0.862875007248989,2349.42508208141,0.999840062093635
"L[10,11]",0,NA,0,0,0,0,0,0,NA,NA
"L[10,12]",0,NA,0,0,0,0,0,0,NA,NA
"L[10,13]",0,NA,0,0,0,0,0,0,NA,NA
"L[10,14]",0,NA,0,0,0,0,0,0,NA,NA
"L[10,15]",0,NA,0,0,0,0,0,0,NA,NA
"L[11,1]",-0.21101398433337,0.00523372182769974,0.19922671778126,-0.577066967002525,-0.350813395064885,-0.214054045024877,-0.0712468719731073,0.201204572771007,1449.01835860107,1.00103405908765
"L[11,2]",0.0844873757849104,0.00518275453874453,0.206049806920619,-0.331296912561369,-0.0561288449039034,0.0904938596736861,0.237234557502718,0.464100705900974,1580.60423973301,1.00018661017064
"L[11,3]",-0.0779364375892638,0.00482337285922333,0.214059281535267,-0.485025904033777,-0.22838504030629,-0.0800431222999627,0.0701700725948693,0.343809480696495,1969.54748642935,0.999657626465157
"L[11,4]",-0.191028434269742,0.00617336674071574,0.213106250240906,-0.567816300078127,-0.346614133260513,-0.201658553422949,-0.0502999743072445,0.249256555832765,1191.64863314503,1.00330856088687
"L[11,5]",0.0348899249103097,0.00551605267083293,0.225030851501902,-0.405707526051539,-0.118001110349576,0.0417831762076487,0.187703622604104,0.457786487316244,1664.28354072732,1.00225982551885
"L[11,6]",-0.0632553418961219,0.00627302321528618,0.22789645869839,-0.506599584993288,-0.221353956521743,-0.064462418866664,0.100024406542045,0.38635200452688,1319.84023572426,1.00167807029942
"L[11,7]",0.0428132481697747,0.00738570232978122,0.23378065821238,-0.418992724835634,-0.11333608451315,0.0438705299951735,0.20739016465624,0.475735387953394,1001.9211721691,1.00708571456939
"L[11,8]",0.037071313018184,0.00517557571330422,0.223509941492251,-0.391834973190799,-0.116116185648006,0.0343673604600838,0.190381060476367,0.467606225258225,1864.98935484791,1.00069287741159
"L[11,9]",-0.205567961551545,0.00553342972617643,0.212592931906195,-0.58956229590879,-0.355464252358329,-0.217663771003203,-0.0583255645302112,0.231147998222156,1476.07642886389,0.999673649875874
"L[11,10]",-0.0506495973962359,0.00499714573962045,0.216460671332492,-0.47600969550761,-0.192516523857262,-0.05437032978187,0.0911453870454917,0.380973536559475,1876.35051507159,1.00086938355889
"L[11,11]",0.602125584980888,0.00297439487280931,0.132161860230439,0.328413122124695,0.513290475314393,0.613096097551959,0.694900880439294,0.839942147739535,1974.30860398486,1.00098333692868
"L[11,12]",0,NA,0,0,0,0,0,0,NA,NA
"L[11,13]",0,NA,0,0,0,0,0,0,NA,NA
"L[11,14]",0,NA,0,0,0,0,0,0,NA,NA
"L[11,15]",0,NA,0,0,0,0,0,0,NA,NA
"L[12,1]",-0.0291366048856567,0.00418395410293269,0.227535638093618,-0.469212760552347,-0.18579794341153,-0.0237934796891941,0.133474510297628,0.407968592776868,2957.50190532336,1.00043543305341
"L[12,2]",0.0365962707543189,0.00470457417190293,0.236985307936526,-0.440207814841695,-0.131264607406033,0.0415331551674355,0.213536426111114,0.47930612588279,2537.4775290574,1.00141210849512
"L[12,3]",-0.0580193668409199,0.00412416482280713,0.237504730386405,-0.507521538911823,-0.219842414171975,-0.0669015985284855,0.10146497892462,0.418883780749843,3316.44271870837,0.999454390869319
"L[12,4]",-0.0919746905963231,0.00469390682015191,0.233570640275757,-0.524576086218922,-0.257400429273178,-0.104047015229789,0.0708216635988554,0.361518434585453,2476.0965461298,1.00131427851858
"L[12,5]",-0.00508251487878685,0.00489756662772856,0.247989072445248,-0.477780607304154,-0.182232362264169,0.000170419726367371,0.177126086021227,0.469271873610039,2563.91948280542,1.00024856870746
"L[12,6]",-0.00115679023681466,0.00938725592439488,0.254000215205741,-0.476330736527717,-0.187123308702306,-0.00641738614993481,0.179446640490296,0.485348359797766,732.134467011614,1.00490762489957
"L[12,7]",-0.0183498159674263,0.0063118604883366,0.254096495483962,-0.499222985543991,-0.195353340976024,-0.025168812503478,0.168528529207689,0.470894267649919,1620.62512808172,0.999696726838663
"L[12,8]",-0.0112981644056171,0.00472351090036017,0.239924085292763,-0.477634876121936,-0.177025874104887,-0.0112644162630396,0.154623368401071,0.465041535351248,2579.98898422599,1.00105168663837
"L[12,9]",-0.166119121111533,0.00466664892613314,0.231441242571698,-0.580033114175514,-0.336160392236089,-0.176878780111905,-0.0107550980730483,0.314265971345345,2459.63828686755,1.00156491113201
"L[12,10]",0.028253966679039,0.00496341100738437,0.238392630714814,-0.449782057952241,-0.131197652835868,0.0336402151006028,0.200755676181512,0.475266898130029,2306.88090058337,1.00186512263632
"L[12,11]",0.165374456507682,0.00441797401574646,0.2241864993955,-0.289154682220237,0.014664546660121,0.171758792155938,0.32566886152109,0.58683078236312,2574.97250922159,1.00092550914365
"L[12,12]",0.531640541059287,0.00292573761828712,0.139910789348729,0.25966298656972,0.436814448403116,0.528667041512155,0.633660925391969,0.800806553853421,2286.81831634338,0.999918368424467
"L[12,13]",0,NA,0,0,0,0,0,0,NA,NA
"L[12,14]",0,NA,0,0,0,0,0,0,NA,NA
"L[12,15]",0,NA,0,0,0,0,0,0,NA,NA
"L[13,1]",-0.11507065138771,0.00394173804008085,0.219315895479317,-0.527760928213496,-0.26694256735563,-0.122517578342939,0.0365760241340232,0.321340242947631,3095.74158941141,1.00074546876132
"L[13,2]",0.151240475993622,0.00417933595995242,0.235275957691817,-0.320319141400777,-0.00393154508079401,0.152597851612435,0.318937025114548,0.58750312055472,3169.13348584847,1.00004680694861
"L[13,3]",-0.0780464886262517,0.00410189451605272,0.2326699615301,-0.525659748260925,-0.243024771993837,-0.0757534203374286,0.0777756768839913,0.393123319895984,3217.44891610306,1.00211051066939
"L[13,4]",0.0738056829370848,0.0039666304593582,0.236875338898327,-0.398716723145365,-0.0815173637287194,0.0751849501060007,0.240350760634551,0.526434121426555,3566.12212913733,0.999674436428909
"L[13,5]",-0.0534889268397619,0.00777607520806789,0.247156299098252,-0.510989450247354,-0.230579873828054,-0.0524053363792051,0.121070155905157,0.422939533665669,1010.23512006109,1.00412108210204
"L[13,6]",0.00506417995023158,0.0045403670199662,0.241433582000295,-0.467093297587943,-0.166981594336918,0.0149418753691521,0.169026856464792,0.475003269187262,2827.57045262457,1.00047279461671
"L[13,7]",-0.0371751348674048,0.00426251590333059,0.23876995884748,-0.503638608945117,-0.200194048935951,-0.0419195137082315,0.126475940741909,0.430890870990968,3137.81506991665,1.00153902999674
"L[13,8]",-0.0817345903533804,0.00432073517813385,0.235628766927213,-0.537138199787074,-0.24567198145002,-0.0769321528192459,0.0775176190608602,0.37969843129526,2974.0024602296,0.999684765929574
"L[13,9]",-0.0713111879557297,0.00408865539302305,0.226854456831376,-0.518187747655395,-0.225062459048513,-0.0726351981543248,0.0810184713221792,0.388120870920299,3078.4607130565,0.999468179402197
"L[13,10]",-0.0328342629793102,0.00457471370113271,0.22786119790142,-0.465087614806857,-0.192086929383308,-0.0402478594482454,0.136492791130879,0.400735626459195,2480.92087130505,1.00066366992767
"L[13,11]",0.0655237389907993,0.0044671112220927,0.225856832534321,-0.381801471944252,-0.089991148979196,0.0699504674015554,0.221141972575749,0.504999393627655,2556.30656332626,1.00051369566652
"L[13,12]",0.0123093140810499,0.00490843157341652,0.244713415607287,-0.469281232359445,-0.159887034806446,0.00916835447286292,0.183190224202912,0.488992140400217,2485.59333359336,1.00196726034128
"L[13,13]",0.496994113510521,0.00685050724023641,0.155142972122377,0.197627128901944,0.384451681866182,0.496529545524784,0.604514446204799,0.809057270951521,512.883532234104,1.008911396123
"L[13,14]",0,NA,0,0,0,0,0,0,NA,NA
"L[13,15]",0,NA,0,0,0,0,0,0,NA,NA
"L[14,1]",0.0896817334984132,0.00455816863870839,0.220455220378534,-0.336661244741285,-0.0597572402372415,0.0928414932958486,0.24039932840362,0.517455320116136,2339.16036849747,1.00096069010999
"L[14,2]",-0.126408648927138,0.00605125395699543,0.234001896209927,-0.569290590104749,-0.297076571735902,-0.128833892924718,0.0409185456119159,0.321444918575275,1495.36769467815,1.00348547814453
"L[14,3]",0.231513210695898,0.0124844227305939,0.239013670487304,-0.246433826728845,0.0759354186471136,0.237574849526819,0.397428018451135,0.711774903866806,366.529176539058,1.01354490495322
"L[14,4]",-0.0242579990341071,0.00454653507035194,0.223867091558232,-0.44715737672597,-0.186008318905142,-0.0179119697416713,0.130575224639365,0.419173501577278,2424.48456262971,1.00126502197024
"L[14,5]",0.0854654245094462,0.00486464086663437,0.233045661545443,-0.384197645321918,-0.0702982203370589,0.0854332488873315,0.253711878252158,0.52738652478119,2294.98830613793,1.000310389866
"L[14,6]",-0.0437974841082352,0.00705307652498431,0.238294064548416,-0.484208021250872,-0.220200758816562,-0.0438681952676917,0.117177779387348,0.439746728379886,1141.48250133975,1.00469507500624
"L[14,7]",0.0310082569008961,0.00806414364782266,0.25124600276237,-0.453418746862844,-0.149940463736029,0.0278195500043054,0.216316483190542,0.491583217625651,970.692806836228,1.00364687903205
"L[14,8]",0.0901803678296897,0.0046853480277472,0.22724744546212,-0.369038042961188,-0.0616051318516831,0.0932954402100183,0.247638785516679,0.523522551005867,2352.41699446243,1.00213998163092
"L[14,9]",0.203105254280081,0.00590148215125618,0.220468784483828,-0.239138740389114,0.0557143276821415,0.208084369458823,0.361266151152578,0.60855677677951,1395.63553745751,1.00395273106726
"L[14,10]",-0.140960461444579,0.00461237971251116,0.219319646369417,-0.538234792138942,-0.293137270670346,-0.149763564932587,0.00786286864434201,0.306412539179756,2261.02293371888,1.00015360143932
"L[14,11]",0.0213544251293505,0.00410474347363483,0.212625421136937,-0.408993836254848,-0.126961230942455,0.0305983613866384,0.163531115375976,0.427900654716294,2683.23266054388,1.00235716503957
"L[14,12]",-0.0765882901009749,0.00435144390193945,0.224028026858631,-0.498618518972558,-0.224832322173949,-0.0895494148629954,0.0736193830967099,0.380688419515711,2650.56176911152,1.00025467397137
"L[14,13]",0.0316105628588326,0.00473166873957446,0.226370992510494,-0.401340528361766,-0.127591860526793,0.0254371768650627,0.18464641528003,0.469404151225303,2288.82656373566,0.999506408475389
"L[14,14]",0.367539804329186,0.0028417447608716,0.14251432255902,0.111806483415732,0.268281267194227,0.357691810977444,0.468584738186474,0.657718736223328,2515.05154103517,1.0017000681938
"L[14,15]",0,NA,0,0,0,0,0,0,NA,NA
"L[15,1]",-0.0585798376753837,0.00463895417940639,0.233012719148014,-0.520402550592604,-0.218820866748352,-0.0526490804288792,0.105278335225359,0.381712609873786,2523.01068699235,1.00189273716856
"L[15,2]",0.117779382875295,0.012908632850214,0.24824526363703,-0.358736768456396,-0.0535258179816288,0.111786565028572,0.282578166760984,0.645701779332794,369.829410270784,1.01386937439995
"L[15,3]",0.085093104275891,0.00618136781704559,0.241073289904744,-0.408776531185596,-0.0754629886276028,0.0943723176247038,0.268548853603512,0.525324215631121,1520.99930648325,1.00014105444145
"L[15,4]",0.241762755561201,0.0116680683226985,0.254184052416957,-0.298195994114561,0.0773325504113511,0.253864309744298,0.436246004825617,0.671536746008902,474.568241660969,1.00603284205766
"L[15,5]",-0.0594290278693225,0.00468857267116014,0.227225771401642,-0.484779638313337,-0.2196888851377,-0.0585746786808455,0.0930350149947541,0.388887211289248,2348.73418772225,1.00070817593004
"L[15,6]",-0.0811134629938779,0.00519970117286999,0.236988696143473,-0.534062884795896,-0.250271505581402,-0.0828604611982913,0.0792682870450886,0.385521127502251,2077.29651408515,1.00200113237508
"L[15,7]",-0.0794829243773189,0.00457637685093318,0.230487865244474,-0.504745740449373,-0.244700722673419,-0.0803398726963785,0.074179915096158,0.381982441982075,2536.60340360997,1.00000167974789
"L[15,8]",-0.051742909561896,0.00713577505488159,0.233966120971601,-0.493400345899242,-0.216103585529904,-0.0596446064332953,0.114520095655276,0.395593874649686,1075.03758312913,1.00392597450384
"L[15,9]",-0.105684388798579,0.00428106009540678,0.223675283242593,-0.516093692883996,-0.264183945711031,-0.117744726403819,0.0477765004780443,0.345792863467451,2729.81580158924,1.00007445216726
"L[15,10]",-0.096238868512063,0.00460760528251247,0.224932941420939,-0.507472278689161,-0.254126295535775,-0.104952815671544,0.0540348100353855,0.361974811385654,2383.17311005749,1.00409858215578
"L[15,11]",0.0447341782517933,0.00461653962439785,0.222530921105531,-0.384661949536679,-0.11419008999819,0.0436237753315831,0.196800408695744,0.472273795926682,2323.526318635,1.00319890390453
"L[15,12]",0.0315227477043028,0.00448888041419709,0.226688827265526,-0.4183389607644,-0.123419902060143,0.0330281759656697,0.187485939931495,0.464466493121331,2550.25824286513,1.00049099245254
"L[15,13]",-0.00542966297124032,0.00514736155310279,0.231867595295888,-0.453653519651205,-0.162623251784495,-0.00600125305011849,0.150808226190972,0.457261812711462,2029.13418340723,1.00148478411762
"L[15,14]",-0.00161528246070991,0.0045162574716037,0.235181331287197,-0.457779859034819,-0.169117203397142,0.00215468037600134,0.160659325810558,0.461242867867533,2711.74159507708,1.00044758875631
"L[15,15]",0.296179682537124,0.00329118115749948,0.148337275569819,0.0560074148749444,0.182025222293444,0.282693783135119,0.395045928855556,0.617645417881066,2031.40735564327,1.00236955353069
"eps[1,1]",-0.9215557000517,0.0176449216368702,0.83822949068727,-2.54668349509033,-1.46971286838427,-0.92562052649731,-0.378052602307944,0.740251133057739,2256.76534647109,1.00126671598143
"eps[1,2]",-0.081268206390442,0.0182293886208942,0.84403597318632,-1.73253030707001,-0.639818824615535,-0.0783601947469666,0.495617100228356,1.54564129163355,2143.76761886265,1.00086265978426
"eps[1,3]",0.032497008090743,0.0178776708505482,0.836832878376975,-1.66433033763237,-0.516170862623973,0.0321562504394828,0.600668540111495,1.6215935455868,2191.06668503649,1.00251471311486
"eps[1,4]",-0.463229876542075,0.0148000867595254,0.842811291181983,-2.11711001487574,-1.01741016710421,-0.461629903650998,0.0475444744547897,1.23737770057593,3242.8896298078,1.00136606515194
"eps[1,5]",0.159528867331542,0.0177247879441564,1.00514771829682,-1.81911760184901,-0.511983728162551,0.171629861273677,0.80999173312357,2.15453264021747,3215.86408978729,1.00073457962662
"eps[1,6]",-0.0597641772398741,0.0206611035860574,1.02382024570651,-2.11054307573134,-0.761616382853318,-0.0427038775980826,0.641034573056651,1.87571953841377,2455.50258970431,0.999965492730327
"eps[1,7]",0.173077944014628,0.0340667329065671,1.04393661838713,-1.89208623891209,-0.525769609983792,0.167862577878519,0.842365638547004,2.18865159826824,939.046919469616,1.00603210979709
"eps[1,8]",0.38969955551912,0.0160050724631164,0.896019952685332,-1.41223927590893,-0.201931525082504,0.391272006879992,1.0240386153438,2.13138406515989,3134.15212146745,0.999493442336646
"eps[1,9]",0.122604032519948,0.0144852390003008,0.891176795135595,-1.70061255068832,-0.47938557233705,0.148427814140068,0.754594081247783,1.82529625234044,3785.09172824469,1.00013237009643
"eps[1,10]",-0.0608046105317872,0.0197588468204204,1.01877141500699,-2.08617039287773,-0.753997493272481,-0.0607297108998172,0.671948203351418,1.85950451984791,2658.46111919762,1.00234251625049
"eps[1,11]",0.952211083251484,0.0170813177502534,0.953249672596639,-1.02471879258834,0.367876205028711,0.952496174122419,1.58440254527962,2.79503192122988,3114.37271854106,1.00049754742404
"eps[1,12]",-0.049290515150298,0.0195950713961659,0.981948959916365,-1.9669565651692,-0.738694309323335,-0.055564839617307,0.62093815711753,1.86792888899091,2511.21633972137,1.0014844050383
"eps[1,13]",-0.0213950562141083,0.0164388605193643,0.934075516542122,-1.86855208252367,-0.647258698107009,-0.0169754862010788,0.609822983427393,1.79306262807537,3228.64693886349,0.999821961285676
"eps[1,14]",0.112966828185739,0.0122191377375202,0.94257585394178,-1.73628974059868,-0.517460934088786,0.130624124123168,0.738469604960482,1.94992126626573,5950.47314821692,0.999907717840577
"eps[1,15]",-0.0876424466037115,0.0138149260278808,0.977548302348805,-2.03657896314672,-0.722502236337037,-0.0902669477501764,0.565111501953736,1.83207599439326,5007.01997555291,1.0008382841232
"eps[2,1]",-0.0251326074236598,0.0280051314893495,0.900044470734337,-1.81414124118316,-0.632394272412993,-0.00425890342866699,0.588983092553044,1.61047473701317,1032.8867452177,1.00507293683401
"eps[2,2]",0.460645454845898,0.0156202354735334,0.806357156916911,-1.14739907644978,-0.0434614489425902,0.450485941848783,0.984280656004674,2.05159659410509,2664.89275911662,1.00059979768679
"eps[2,3]",-0.746654204653298,0.0237030046113413,0.915468257439498,-2.48927341235352,-1.36945175238312,-0.741010461924565,-0.145260280431997,1.07324788381335,1491.69412301729,1.00255474561335
"eps[2,4]",-0.883456950605863,0.0288707104963478,0.878848296426138,-2.51553310603674,-1.51484113000353,-0.916285263025883,-0.321095004906732,0.931296244242914,926.643933344574,1.00431109104933
"eps[2,5]",0.18453324409135,0.0193526714977383,1.04185544196033,-1.85098677743701,-0.500776338478964,0.149507958765772,0.879595524334971,2.27608039090438,2898.23154832214,1.00012083198378
"eps[2,6]",0.0207966072479601,0.0179540593215054,1.00583187365649,-1.99105556975899,-0.63918201424235,0.0448786391066216,0.703652021857438,1.96624310305009,3138.52415901238,1.00042075007542
"eps[2,7]",0.164874620927855,0.0190145527835087,1.0062315731817,-1.81140676112675,-0.512875646553057,0.166782839238414,0.869596156135315,2.07955866012946,2800.4230904363,0.999682435947301
"eps[2,8]",0.50309367564359,0.0148459512119079,0.902480090107802,-1.2368146067317,-0.0987068998609268,0.484235161873269,1.06685857757949,2.33084499795565,3695.38082661045,0.999694398582881
"eps[2,9]",-0.525456659422093,0.0204558996262485,0.88756481915826,-2.31174021468876,-1.11056591335436,-0.531739415542325,0.0690153451169267,1.18751427979463,1882.62140013557,1.00173924168333
"eps[2,10]",0.246427005783524,0.0211163400046398,0.961389260749244,-1.66026675726528,-0.431743885715754,0.263361140440058,0.927879094941436,2.0501010051043,2072.81833092244,1.00060288889533
"eps[2,11]",1.09540609745985,0.0132150626602953,0.905215057492478,-0.768833945936256,0.536486186370585,1.07584323833151,1.6938620475821,2.90787482818495,4692.07651327967,0.999814838228471
"eps[2,12]",0.0112564598630938,0.0136741823579362,0.970209393716445,-1.90326350063036,-0.609066822089316,0.000250477963808267,0.658221368769155,1.89594570572733,5034.17392421779,0.999295722816914
"eps[2,13]",-0.130962132678231,0.0136594482626035,0.910568569004238,-1.92049126582689,-0.741120517243213,-0.125721368304409,0.460437901150557,1.71393679472265,4443.84595170015,1.00023920429626
"eps[2,14]",-0.14664492655053,0.0131386578671492,0.945262385816928,-2.0467413552814,-0.774831299980617,-0.164437526559274,0.485054898508898,1.73181289369307,5176.10104666851,0.999698525241288
"eps[2,15]",-0.160055333274436,0.0146106622295796,0.934424212072217,-1.97923686563974,-0.781087104254961,-0.185254507029282,0.496478019521157,1.64088766289495,4090.2359771685,0.999882758141029
"eps[3,1]",-0.928130191247467,0.0130941446805223,0.793093875545619,-2.41856481523016,-1.45293831430294,-0.924856632605005,-0.430738263534472,0.72672816462174,3668.55404824291,1.00044312419902
"eps[3,2]",0.370244782481595,0.0132387053419284,0.795787165974239,-1.17169931551066,-0.164740522732931,0.355946375753332,0.902304525272785,1.98947450778413,3613.29008643348,1.00138183601736
"eps[3,3]",-0.4959709431227,0.0142227695212088,0.864200097764743,-2.24930210072928,-1.06135061530141,-0.504422680395399,0.0709543966552497,1.20371634067499,3691.98797156429,1.0012986716633
"eps[3,4]",0.48307924176166,0.0317028545522074,0.844946898938979,-1.20909689172456,-0.0839141212726004,0.484703297601362,1.05260400017766,2.08691986710404,710.333171917736,1.00785368078358
"eps[3,5]",-0.0518177506919015,0.0184823967291622,0.943868523516296,-2.00015796883818,-0.649062213779938,-0.0567444689056263,0.569915040524762,1.76471410704945,2607.9930525357,0.999815456446497
"eps[3,6]",-0.0527193125083045,0.0158927517614337,0.962610079948959,-1.98448432643822,-0.690300915024606,-0.0406404939453672,0.572978062416285,1.86715863349162,3668.61899409756,1.00051894093159
"eps[3,7]",-0.0425863957818406,0.0168854610402298,0.952424954049864,-1.89381446461792,-0.684151451009889,-0.0430423879505783,0.579861225226766,1.83580643396608,3181.52752629594,0.999524989855461
"eps[3,8]",0.0952696912748087,0.0179447394295349,0.858555455484527,-1.64275945892549,-0.485910373196309,0.105744012055294,0.689814258830034,1.717035195486,2289.08748759366,1.0021689884881
"eps[3,9]",-0.608041458337163,0.0187914094582575,0.84761322851996,-2.20541655869667,-1.1955608836993,-0.608182238581268,-0.0627902342823472,1.11628290791121,2034.58922653057,1.00159577436426
"eps[3,10]",0.0887260461174952,0.0131347632369356,0.881706227844787,-1.63323703785095,-0.493256105376518,0.0839587865978053,0.671141795596728,1.80506610487891,4506.12587601164,0.999267020465107
"eps[3,11]",0.343770059656217,0.013229085633322,0.874031776258383,-1.42611335049639,-0.254424058285795,0.370968794706207,0.911843896526062,2.07378143378029,4365.10594439242,1.00056529582802
"eps[3,12]",0.302034493969978,0.0166019956831564,0.955619617224434,-1.59416899491944,-0.31122341122424,0.290780522621043,0.94636204220544,2.19948549150357,3313.21424390302,1.00092780699257
"eps[3,13]",0.121225362567972,0.0134966153741476,0.935994251529908,-1.71015998522758,-0.496045667570667,0.106058911656766,0.735283984384915,1.99510706782508,4809.46335319253,0.999720992756876
"eps[3,14]",-0.100028258678903,0.0187213339130375,1.00887808441017,-2.05264472878407,-0.823593620729543,-0.08550015661769,0.630375754335696,1.77176360407798,2904.04804646864,1.0001658141085
"eps[3,15]",0.188727393455573,0.0121298699576959,0.991252792015005,-1.80919758784045,-0.462847730724392,0.220885640075584,0.832325287106016,2.13006509957974,6678.15596214581,0.999856635663262
"eps[4,1]",-1.17065546309505,0.0231680166152011,0.769178311941317,-2.59323584700583,-1.70416356883442,-1.17684209537143,-0.677299711469402,0.404842020622706,1102.24045947075,1.00490001274816
"eps[4,2]",0.576836145814788,0.0132552982589682,0.798656666823581,-1.03877663781518,0.0601849984338485,0.586233539251411,1.11192743983979,2.08967540610409,3630.28928680941,0.999862919892941
"eps[4,3]",-0.553887836839355,0.0242015564406867,0.816558617208544,-2.10262959841322,-1.0936178811887,-0.572697283722017,-0.0196213927091338,1.12371117108349,1138.38231041563,1.00426490211623
"eps[4,4]",0.490009693727928,0.013542749602427,0.79389159591796,-1.06331852482829,-0.0227012004106056,0.472018317692651,0.999327743230347,2.03641421544317,3436.43957414423,1.00086813068567
"eps[4,5]",0.0063638728401178,0.0152610035749554,0.928864244032967,-1.78063314972859,-0.637970872635908,0.00701184980313898,0.621908595528081,1.8543694662233,3704.57424007751,1.00084135710078
"eps[4,6]",-0.0276023421292628,0.0141652828727885,0.950418900701844,-1.89521783200132,-0.655565641024328,-0.0335391604331276,0.607648697742694,1.86840369473692,4501.73188557518,0.999572312573935
"eps[4,7]",0.0497149915340237,0.026914315523944,0.979871521923316,-1.87891082236235,-0.60584333084337,0.0685729243742049,0.72286674208696,1.87711510507385,1325.47515894075,1.0055996137245
"eps[4,8]",0.0755093300969178,0.0151012028798392,0.869167164917453,-1.68215943204471,-0.515921451703144,0.0909477818080316,0.690565340151964,1.72760531825813,3312.71091190611,1.00016233759147
"eps[4,9]",0.313744533999052,0.0212411655648636,0.869995989625979,-1.41608785020656,-0.263845832063666,0.287409120905772,0.928315109091505,1.95884735968024,1677.55903825748,1.00278389754188
"eps[4,10]",-0.0492435440532837,0.012464816979907,0.863232313378766,-1.75007587369422,-0.613468009514294,-0.0643372865366923,0.543810677135918,1.64057301599388,4796.04849189446,0.999784078327375
"eps[4,11]",0.449209069070422,0.0230374883211451,0.87383712421437,-1.32462040519581,-0.123093535059537,0.465471879804317,1.05321566156564,2.10075747314969,1438.76785641036,1.00641554105627
"eps[4,12]",-0.383169680946489,0.0275870624432757,0.950466976600817,-2.1663834443183,-1.0215791315567,-0.395534142450056,0.23515436277317,1.50423828614344,1187.03397257777,1.00564663329962
"eps[4,13]",0.495882135010429,0.0140373113242435,0.943633492828975,-1.36400016740832,-0.123859722997377,0.515632576780142,1.1371332888113,2.33811806128967,4518.96346668156,1.00001623342507
"eps[4,14]",0.0890163468303652,0.0134599492046119,0.965546870680207,-1.78917868145763,-0.552702665607239,0.103460501543,0.737849430379515,1.95158894936721,5145.88266598066,1.00070724090356
"eps[4,15]",0.0738072405766,0.0137178406640786,0.93963212622152,-1.79291718699976,-0.584524488497232,0.110335898458014,0.704215876845496,1.90009695603692,4691.85093549469,0.999512708948219
"eps[5,1]",0.124575992096486,0.0153979402235642,0.75574723117958,-1.3784121784433,-0.356112250280018,0.110435494699956,0.607780202000611,1.62690018483993,2408.95047106252,0.999780746377514
"eps[5,2]",0.293720601060356,0.0154671935507836,0.822065435783682,-1.36462665430025,-0.247205974136694,0.290258335081078,0.856345480631505,1.90868994329181,2824.81321664693,1.00076332532905
"eps[5,3]",0.465660186925264,0.0164090520577415,0.826332692611836,-1.23526938790128,-0.0536098986253603,0.490131124949076,0.995895632121679,2.06363679122658,2535.96283727052,0.999666485251736
"eps[5,4]",0.577995753248323,0.0173937644704624,0.834050201849681,-1.04619958619913,0.00782139107419337,0.56639258722408,1.13461442501244,2.22787200195246,2299.30833498327,1.00036439451334
"eps[5,5]",0.0704880176606328,0.0249518393064813,1.04138918472018,-1.96586008905486,-0.640578148862622,0.0724600059743521,0.806249384793146,2.10399425709147,1741.89108472386,1.00300870718933
"eps[5,6]",-0.0362791675695329,0.0244724071741636,1.04326689450643,-2.13178718488862,-0.768293529642774,-0.0356039554587792,0.677880637981339,1.96907907052721,1817.34538701265,1.00205954788181
"eps[5,7]",0.0120630704609372,0.0202582340420985,1.03532350687163,-2.00413117775997,-0.704457793452538,-2.02484704482989e-05,0.710961494081408,2.08725162606855,2611.8545073981,0.999974413478225
"eps[5,8]",0.187068108078991,0.0209020579296751,0.933056722670827,-1.61552118521052,-0.451000099886935,0.183853408073541,0.809099759550839,1.96103914214163,1992.68200331034,1.00057776107862
"eps[5,9]",0.801039888666884,0.018780382426164,0.888585353416191,-0.986374866749136,0.216350979416752,0.83133518841441,1.43243113839997,2.46403076721522,2238.66669256502,1.0005739526157
"eps[5,10]",-0.477080526280007,0.0251393802696942,0.923794142443659,-2.24171969105521,-1.12140807872014,-0.47317108803804,0.160300747593424,1.31508883946674,1350.33421995552,1.00291293193064
"eps[5,11]",-0.567256975802866,0.0193437255128361,0.910939999227086,-2.29900295207226,-1.21762599131957,-0.580464209601353,0.0364723707935172,1.26496453210227,2217.68215945757,1.00044869377355
"eps[5,12]",-0.713628994120219,0.0172760392026822,0.945993502937644,-2.55541854438169,-1.38369540758935,-0.712150641725305,-0.054512724976377,1.15745181213159,2998.38879068687,0.999991439965049
"eps[5,13]",0.392474312491299,0.0140004157701935,0.918133110992673,-1.42973639484365,-0.200115999077413,0.364283470122046,0.983463402130017,2.21074866281493,4300.60379080252,0.999416638291629
"eps[5,14]",0.395173303525004,0.0143390815037424,0.98629381043988,-1.54738427242672,-0.270447599946549,0.419194406726963,1.04484067250298,2.36876125296537,4731.18520157736,1.00160689358223
"eps[5,15]",0.00653033668500395,0.0124055510938246,0.955477301302717,-1.88946872584495,-0.637257031367727,0.0128551178820145,0.631781453772756,1.93027503562164,5932.10220501021,0.999300501397378
"eps[6,1]",0.803310801963533,0.0202019916169654,0.790067411085594,-0.880355421875782,0.301310186685494,0.85308670183435,1.32885947937216,2.29736865308812,1529.46633933925,1.00306424952539
"eps[6,2]",-0.480422796571669,0.0178363356934561,0.875047127426185,-2.15530002244276,-1.05350548904386,-0.524393668558328,0.098964378493574,1.25106325871299,2406.86433676067,1.00283944589915
"eps[6,3]",0.556169009641414,0.0153701325863842,0.837269550962509,-1.15436121428403,-0.0176180786940699,0.58150924932692,1.11828378353652,2.13963368946933,2967.39504577243,1.00005856711029
"eps[6,4]",-0.0558368652939259,0.0124085465085567,0.800582422296555,-1.63868449638263,-0.5787000605852,-0.0746809771021484,0.460727823101076,1.52731241924052,4162.65363031694,1.00075261644057
"eps[6,5]",-0.163777923284973,0.0201277616047818,0.976738048960603,-2.04293379829238,-0.833473726960221,-0.184233906805356,0.500835167803052,1.72556006970184,2354.86086426524,1.00307544396169
"eps[6,6]",0.00691347646112131,0.0202619627656289,0.941874773414776,-1.80671686565765,-0.647055271368393,0.000652869320813258,0.646538618845775,1.84914542248982,2160.84345234818,1.0002325240406
"eps[6,7]",-0.105440822187172,0.0215408274700583,0.952055044286635,-1.95207962808639,-0.719133871356772,-0.112681609675789,0.507014525399211,1.7619285755413,1953.43674279503,1.00476323263498
"eps[6,8]",-0.619338472094331,0.0217840432092817,0.892049540260005,-2.32255402135883,-1.24609825755704,-0.657456450062074,-0.0207746723613901,1.15536037900785,1676.87607304442,1.00295926679262
"eps[6,9]",0.0111894747551405,0.016067292814372,0.831636474233346,-1.61073603486886,-0.539504269344692,-0.0034851312801522,0.537971109678199,1.68297322900855,2679.05506516717,1.00054612823898
"eps[6,10]",-0.00216398512394008,0.0144350443512376,0.871389128277865,-1.74875094220019,-0.581089336688029,0.039666704895829,0.591832848981673,1.6255004082324,3644.08106292366,1.00194261148966
"eps[6,11]",-0.383047946690136,0.0138059251290739,0.857761445006552,-2.09086120893626,-0.944394002462734,-0.375695582468949,0.20297528426778,1.34937537027869,3860.13075030688,1.00195933029677
"eps[6,12]",-0.194685360818295,0.0140911897159428,0.938409113122155,-2.04536650602659,-0.808333599788192,-0.195089053400131,0.422583997994827,1.66359820039409,4434.95389409917,1.00070020417839
"eps[6,13]",0.361479909258803,0.0129403885633223,0.935783836120512,-1.51246848730954,-0.256944558342783,0.377357158960473,0.981120151817201,2.18826785324634,5229.4551697137,0.999703016738596
"eps[6,14]",0.257512816402123,0.0208260795550245,0.959805745293956,-1.64768903906063,-0.375049932638747,0.252793075946643,0.939296940733465,2.11504858424791,2123.9859734365,1.00096116365604
"eps[6,15]",-0.0893954840357267,0.012992845860714,0.987439045127965,-2.04975048304839,-0.750575327021554,-0.0883324762893313,0.612143490304929,1.80949261354558,5775.79831203503,0.999946394970566
"eps[7,1]",-0.606574339481878,0.0161516749787154,0.757588119945692,-2.04532319547364,-1.08895704690971,-0.636430148288974,-0.115683982906253,0.944480961374856,2200.04304457707,1.00323204916774
"eps[7,2]",0.963831388318678,0.0198921653951847,0.876589067822157,-0.84882318300938,0.397781413096763,0.972698358715081,1.54355817664687,2.64360182431938,1941.90498761198,1.00114636542646
"eps[7,3]",-0.96816146639522,0.0545343724091382,0.935581652299913,-3.06668005807403,-1.55510758094831,-0.97991264192868,-0.347209210364125,0.834088869397444,294.322018582317,1.01754019191555
"eps[7,4]",-0.0370377455917743,0.0152427479340047,0.794755315419425,-1.57586725220396,-0.586579393744385,-0.0340805227352376,0.489393001891002,1.50873756013773,2718.56891488222,1.00054382787271
"eps[7,5]",-0.204428788380149,0.0163759224345357,0.956458881994192,-2.09878437069679,-0.822581395286447,-0.206294436958013,0.446442753524076,1.62602925917944,3411.30902978482,1.00008382940514
"eps[7,6]",-0.0728527408418933,0.0259124020414278,0.975243807319491,-1.93057446490937,-0.743527612968572,-0.0668768522510992,0.593237815456062,1.89188520529593,1416.48198647639,1.00315445687062
"eps[7,7]",-0.0902069651795354,0.0270413721161638,0.995687946893499,-2.01313282014669,-0.771725738707109,-0.0960382738636948,0.585763746552038,1.75614249607339,1355.7794620507,1.00217767144339
"eps[7,8]",-0.52339614385502,0.015934252383577,0.869281632695232,-2.18323823676272,-1.13604936799493,-0.518189492811276,0.0770219940133578,1.21178030348555,2976.16923741528,1.00314724729752
"eps[7,9]",-0.577631734423657,0.0132497435678451,0.825142838232444,-2.19988957255159,-1.13483086468005,-0.576973665633295,-0.0619437583397932,1.03457934764611,3878.31716995279,0.999715051164238
"eps[7,10]",-0.100206592016371,0.0180880225091265,0.890417558952955,-1.86710834136353,-0.69708066845768,-0.105424340609951,0.509080113699702,1.6692899190847,2423.28922779171,1.00238446587507
"eps[7,11]",0.0468733512515171,0.0137172786046963,0.857950457662146,-1.61138947598933,-0.516591121345394,0.0307981535278578,0.621115743744595,1.74951976773692,3911.90682036076,1.00191448375387
"eps[7,12]",0.0869842652542152,0.0149770968600818,0.916330248305932,-1.71865698668766,-0.523450177032206,0.102512435361773,0.741258915869974,1.82741154539301,3743.24944621815,0.999662912648293
"eps[7,13]",0.36622473810218,0.014208852439913,0.943878067627514,-1.48501669939576,-0.280178964899708,0.38481721719401,1.00830377657636,2.22330505316404,4412.79529353924,0.999853361866474
"eps[7,14]",-0.234954514318059,0.0131234224662119,0.99402712702355,-2.14992516226675,-0.897475540273996,-0.253767362431887,0.439544397146727,1.72605078543816,5737.2299039583,0.99992496278186
"eps[7,15]",-0.0776416136254222,0.0135980009214495,0.989530644995588,-2.0322689515526,-0.726347434029647,-0.079457217122967,0.572820024709651,1.85536272552299,5295.51697460237,0.999841514323162
"eps[8,1]",0.144832089446918,0.0139235667978004,0.74872559116411,-1.27243861733912,-0.333188830371203,0.109887935624154,0.611482348841071,1.70394360759672,2891.64083737519,1.00015788848901
"eps[8,2]",-0.358208304910559,0.0212788729472876,0.852305351590879,-1.99283067574662,-0.922700709179846,-0.369526584802181,0.183103595913565,1.34257649989803,1604.32809077403,1.00400264254263
"eps[8,3]",0.519033936066563,0.0170102043623294,0.839966122648674,-1.22008578430317,-0.00745234567591244,0.532934522717899,1.08358054788476,2.14685424510483,2438.39735441484,0.999745556534357
"eps[8,4]",-0.692143785370794,0.016368768854574,0.829641855382173,-2.26793258680426,-1.26205756689699,-0.71238636788116,-0.128614333175502,0.97208377116498,2568.91228780261,1.00107567588194
"eps[8,5]",0.113940436977262,0.0277410940687065,1.03446062773229,-1.93982514551384,-0.565900291663296,0.126679660681304,0.824558738717284,2.06273516535804,1390.53127597532,1.00339775818177
"eps[8,6]",-0.222443881061081,0.0210368566078275,1.04005035003834,-2.25842347221631,-0.878526726046049,-0.247557690356145,0.472792164490209,1.86729936992074,2444.25794543661,1.00093499172873
"eps[8,7]",0.0487157495520379,0.0234906709266173,1.02069359756647,-1.99407732668279,-0.606515395199057,0.0576339084157675,0.766481310957723,1.98256680949678,1887.99108473503,1.00288183823247
"eps[8,8]",0.509968806342021,0.018789245832117,0.933972004077405,-1.36801027335589,-0.0850693898514753,0.522391485781569,1.15720319438423,2.33454199157801,2470.86501101237,1.000065976927
"eps[8,9]",-0.287333045417666,0.0174472156536085,0.843395020182247,-1.942644927637,-0.83405049154663,-0.30688479862363,0.278534966471985,1.37003229099239,2336.73684548437,0.999812486318485
"eps[8,10]",-1.19571927874714,0.0166318296052822,0.888280391036988,-2.92690468865465,-1.79736075002709,-1.21521217855074,-0.600393730588422,0.611828255299226,2852.46350218466,0.999993428289039
"eps[8,11]",0.47213377505087,0.0179411082750566,0.850676543853307,-1.16373701305454,-0.122326804931183,0.481815093651364,1.05515979775502,2.12187327178978,2248.17638434141,1.00219092565998
"eps[8,12]",0.14882247026295,0.012848762253481,0.913027343751104,-1.69319505957669,-0.433734823238309,0.184106027209807,0.726441396979462,1.9878842459647,5049.46053065295,0.999630805074313
"eps[8,13]",0.202825365070106,0.0148948939414408,0.90249043922833,-1.58865958680627,-0.397183695019388,0.222377147975785,0.7715132282548,1.93865467690978,3671.21981889014,1.00171437314799
"eps[8,14]",0.135125985350284,0.0215122994592733,0.956441185269697,-1.77106062946693,-0.511217970880519,0.133374413982212,0.782658538410185,1.94638443916954,1976.70958596205,1.0019000462338
"eps[8,15]",-0.00181425906735143,0.0121332831006448,0.967295223701677,-1.93014633188674,-0.641087929311904,-0.0134333801956586,0.649251021902492,1.88468591821263,6355.67124663416,0.999221260954976
"eps[9,1]",0.354311028149586,0.0104790818258638,0.751355010845086,-1.13199071552751,-0.12456808984562,0.365937073735255,0.842978514970646,1.86753964315119,5140.95628652262,1.00000144088026
"eps[9,2]",-0.238255627391791,0.0145168210484284,0.792990965435626,-1.81376605125387,-0.784240069513878,-0.233962894072759,0.310260524397803,1.33615930658246,2983.96299055383,1.00032878773368
"eps[9,3]",0.242181571816643,0.0323815857836274,0.809251705141161,-1.36315667366707,-0.288764623963298,0.218674963299442,0.761374925335216,1.91922400318733,624.555475380558,1.00779780382307
"eps[9,4]",-0.293645457738182,0.0204248260951295,0.800012023162715,-1.80619479435318,-0.85704895367512,-0.301322960863459,0.252648082045728,1.29467349425353,1534.17991545998,1.00295817959397
"eps[9,5]",-0.100669667849828,0.0445714980602234,0.998782524704151,-2.32550691695398,-0.745637120694983,-0.0795362340001853,0.567426187637623,1.83271327909334,502.142994298181,1.00828881594275
"eps[9,6]",-0.108643137189751,0.021815125988601,0.957437046356331,-2.01250421152363,-0.748160781607618,-0.0920168309277917,0.538755232944476,1.72641053214904,1926.21608199002,1.00253423711435
"eps[9,7]",-0.0841158840464264,0.0138586142188455,0.926491810271599,-1.86207165886721,-0.69720375412052,-0.101735488690689,0.532095688857702,1.78553197344244,4469.34168813872,1.00078133469966
"eps[9,8]",-0.279453311842338,0.0191215589960597,0.863554854588724,-1.92729538297483,-0.868444343880131,-0.314848377216681,0.313224268597523,1.45377658642141,2039.54487075867,1.00037670043
"eps[9,9]",-0.29512939034822,0.0162320553582911,0.810259811876527,-1.92802678128756,-0.856513007468856,-0.29567117006528,0.260209776037284,1.2934046640044,2491.73336391318,1.00062074666007
"eps[9,10]",-0.396000410461118,0.0141954922111618,0.903666471186539,-2.16365737743558,-0.991804463662804,-0.413645741626766,0.197170447568279,1.38702848490775,4052.42910955377,0.999784546941289
"eps[9,11]",0.216704476167515,0.0136811097388465,0.834816501734403,-1.4430365146805,-0.345769679495808,0.207957028879785,0.808412239600041,1.85820830767359,3723.39745293216,1.00163386054124
"eps[9,12]",-0.258557046329452,0.0148454627776755,0.932420780814884,-2.05268762895041,-0.868409604307103,-0.280231199485124,0.36153735557348,1.62716276440068,3944.90371172211,1.00107211501575
"eps[9,13]",0.182129938319049,0.012353951178907,0.931211974503723,-1.68623878998048,-0.456077232756009,0.190992296269874,0.836171379149922,1.96308424863716,5681.79215038284,0.999617420923848
"eps[9,14]",0.140996375621535,0.0131304642043255,0.968772369645633,-1.81775626459017,-0.498396517027023,0.144334309430236,0.812456448511752,2.01442967330046,5443.56392685201,1.00077285673787
"eps[9,15]",0.0742116362628822,0.0132751629215233,0.95594272676456,-1.77010485096071,-0.568590714772107,0.0661222468073323,0.72971330174866,2.01057121158399,5185.4210579937,0.999384272399417
"eps[10,1]",1.00500720879802,0.019173678122405,0.758350488423645,-0.549910934275748,0.491859310578405,1.03406658284091,1.52407299627,2.39293221120074,1564.33253136821,1.0014457569695
"eps[10,2]",0.0199079745207005,0.0132717212071243,0.812234224126149,-1.56647705078742,-0.51713504909869,0.0217720034273664,0.549692585284566,1.61286535592123,3745.48506414856,1.00081624871271
"eps[10,3]",0.301015786091208,0.0126905310373125,0.76009708184909,-1.21702780110819,-0.213760330540179,0.301619838353034,0.818145948910587,1.82997314878575,3587.3895540617,1.00008081293098
"eps[10,4]",-0.540826529028618,0.0152906934866011,0.779694731866362,-2.08202002508816,-1.07858247854386,-0.538828011474252,-0.0360032561891668,1.01704568945243,2600.12863658838,0.999448204100877
"eps[10,5]",-0.261953965289958,0.0126132034931894,0.828691342023421,-1.88961678614375,-0.805545384072136,-0.289998895063202,0.280944041825638,1.35617432628156,4316.53034268001,0.999867906849835
"eps[10,6]",0.0231449361899187,0.0249632396290027,0.921926524250627,-1.72595927091027,-0.609645688992368,0.00123792031457458,0.661507106428532,1.77103084216098,1363.92575014312,1.00289987198892
"eps[10,7]",-0.0145607682086249,0.0121551311415091,0.892031802928919,-1.78321474184248,-0.613522181421792,0.00350783678237756,0.569050278037528,1.72973419301087,5385.69033497939,0.999730960726813
"eps[10,8]",0.0062599151154067,0.0187444731510369,0.838502164146535,-1.63118772137432,-0.573644547657047,0.0254483956440347,0.594160486907671,1.58345212582197,2001.06824028731,1.00279794211354
"eps[10,9]",-0.399365869031477,0.0125724819569722,0.830389951200273,-2.05015755272776,-0.95237779334087,-0.424706891093701,0.148580744237435,1.27776996742351,4362.36628255021,1.00095055814179
"eps[10,10]",-0.184043035631499,0.0130009989388111,0.845483502066655,-1.82094436324651,-0.728702963559028,-0.174335814431706,0.367326148331521,1.48368156705263,4229.18642536529,0.999141823298477
"eps[10,11]",-0.146228557357858,0.0134535702790595,0.822010223795045,-1.73750574134748,-0.705329923613665,-0.152054166479433,0.400900532927609,1.43690432545527,3733.18347510145,1.00043455302852
"eps[10,12]",-0.0276543908673192,0.0119870962461832,0.927490030873075,-1.84064919679856,-0.65411830336041,-0.0484037163139256,0.607211754535876,1.75629996864192,5986.74163263881,1.00026780871253
"eps[10,13]",0.0659180474888642,0.012678593741406,0.893611923316863,-1.71803379900691,-0.531760082056882,0.0757949441766444,0.687805543538701,1.80929093020165,4967.7043103459,0.999587050002498
"eps[10,14]",-0.00807352988722203,0.0229186958679275,0.954945449251127,-1.89804210302511,-0.653486399638342,-0.0175414462501931,0.632976026741559,1.79260053757383,1736.11034058845,1.00269783102295
"eps[10,15]",-0.0674014060836692,0.0185064188209519,0.968758395721581,-1.91904204019283,-0.740801487225214,-0.070444255537765,0.58062499928594,1.84725804967049,2740.22475656205,1.00119466781017
"eps[11,1]",-0.0760105210596532,0.0141700709939802,0.766323225751925,-1.57060497770025,-0.589075772687753,-0.0811487830534453,0.431335283155861,1.4734887882647,2924.69056767668,1.000320615981
"eps[11,2]",0.86627282984937,0.0208289535590616,0.828618476368883,-0.791080180703913,0.311258334212606,0.897520327080257,1.43287786947751,2.45675586623805,1582.6115191422,1.00208634575412
"eps[11,3]",-0.115242131580632,0.0124799642005189,0.776247424243508,-1.60991398713373,-0.650958806509237,-0.103177315538594,0.400299921855107,1.45383147238812,3868.77671328413,1.00268905790435
"eps[11,4]",0.0708064163527295,0.0129031446147903,0.809967966710207,-1.52652933789083,-0.475823001634109,0.0580494006076536,0.602677998241564,1.68207667447708,3940.4385323597,1.00094249239422
"eps[11,5]",0.152610062624723,0.0218760419106561,0.838297216642161,-1.54396284426409,-0.407387055015424,0.167978605791422,0.716449830987862,1.76473411776524,1468.44794191453,1.00300657758914
"eps[11,6]",0.159016826107423,0.0175298877623227,0.962072357666987,-1.73605207386306,-0.501199916980343,0.184824262068027,0.808274517936653,2.00488537558737,3012.01549943232,1.00079369472425
"eps[11,7]",0.0362483585138249,0.020560464951109,0.992901714775017,-1.96707121302317,-0.630708961379706,0.0929909607263484,0.696911678711486,1.94809166709621,2332.09725881116,1.00097024619036
"eps[11,8]",0.0528497802304633,0.0141876815349059,0.880460933460527,-1.67106178823669,-0.529940908147318,0.0541608797964962,0.644361092913389,1.80256804315146,3851.21104741784,0.999915542419309
"eps[11,9]",-0.209548994404953,0.0140762591738296,0.848828257388554,-1.85641544461863,-0.777727391885495,-0.19223506616646,0.357252600436951,1.42848921566735,3636.34556971398,0.999571636817765
"eps[11,10]",0.649170725972031,0.0220208643719686,0.900562765983638,-1.11464857916763,0.0480478721923248,0.670669362602537,1.27966748348676,2.36461961509056,1672.47351774783,1.00204779757866
"eps[11,11]",-0.246432905267131,0.0131416127736659,0.857179649819369,-1.90134835936855,-0.793899211729124,-0.25879614130363,0.333711686158597,1.43656569653415,4254.47887332334,1.00004846799737
"eps[11,12]",0.131096347197587,0.0200279160350303,0.969031718515577,-1.7454894342679,-0.544712143351053,0.122133814896071,0.7937548372894,2.03962227928589,2341.01642814707,1.00112375469235
"eps[11,13]",-0.390654230742064,0.0193971407733294,0.957531169620672,-2.21622892999117,-1.06779021568055,-0.413326494590877,0.264903241095183,1.49427259763913,2436.85902095553,1.00119816037989
"eps[11,14]",-0.467158280939282,0.0120515101772726,0.957557254777453,-2.3258763031888,-1.08801523638141,-0.509796552419369,0.142946972600115,1.507474855185,6313.15654157267,0.999618984205924
"eps[11,15]",-0.0797959553297069,0.0133942276728786,0.988042646835116,-2.09560111391905,-0.737478150550288,-0.106211118346126,0.62153494401484,1.8264296001862,5441.46734667174,0.99930330623311
"eps[12,1]",-0.59580598601593,0.012274205357333,0.738122781244255,-2.09703600754147,-1.03932210986321,-0.629717759939928,-0.122473709917426,0.86583152894826,3616.34993974327,1.00110846666031
"eps[12,2]",0.703214935424681,0.0212209911773524,0.836577685803719,-0.938001269989858,0.124328626214936,0.715575784442095,1.28500923273104,2.30946448734847,1554.10809698824,1.00217733171668
"eps[12,3]",-0.9006349300354,0.0237861489871392,0.804103000185193,-2.37273006941846,-1.45674854433402,-0.923111928842792,-0.362676073660382,0.775017282287109,1142.81279839085,1.00551515203272
"eps[12,4]",0.70639995607503,0.0138486114598304,0.815114168489608,-0.95167598264886,0.167716541765066,0.729621845067925,1.24796658814532,2.27718539592942,3464.37122646485,0.999611541166761
"eps[12,5]",-0.288005554977673,0.0142229810293925,0.831183597895349,-1.93129280515533,-0.825696041159711,-0.277637198646897,0.245034934262573,1.40580199543447,3415.1726787618,0.999399049331649
"eps[12,6]",-0.047412872105693,0.017241734212726,0.97774045034722,-1.93337297625299,-0.677970414813905,-0.0673492582523659,0.614891738599122,1.90761481738891,3215.77217961058,1.00240050818248
"eps[12,7]",-0.135236691176861,0.0169652971078958,0.97612149706092,-2.06863308307487,-0.799021728000471,-0.110273065952056,0.49861135157739,1.8264625002042,3310.43309615026,0.999666144143363
"eps[12,8]",-0.692168875528642,0.0151359291334245,0.86479462731462,-2.36776396380362,-1.25495764757243,-0.709487366917936,-0.116784240864035,1.03230543628934,3264.43326156226,1.00182386337407
"eps[12,9]",-0.654786402486149,0.0150873630837347,0.853732098360569,-2.29246008664508,-1.28436752126061,-0.654710328937531,-0.109749530797651,1.07185835385948,3201.96467620254,0.999860074906778
"eps[12,10]",0.466000868231993,0.0135365633692038,0.853554357087691,-1.22623951514705,-0.0983241646799947,0.452622514026061,1.04325329345511,2.15758251924191,3975.99221920196,1.00014982121248
"eps[12,11]",0.0767958370963973,0.0135809874327974,0.834493506462759,-1.63399926329845,-0.475199573660385,0.118193937074144,0.628303231039269,1.67136948486075,3775.57610223197,0.999703238958505
"eps[12,12]",0.0132416064394449,0.0133937338938087,0.933040921181695,-1.82660615647429,-0.582859361938664,-0.000727839409923238,0.651486831996228,1.82522010184177,4852.86321766511,0.999362489613079
"eps[12,13]",0.156612981904114,0.0144632305604584,0.933418856896532,-1.65127825555946,-0.480129940422945,0.187564227785572,0.774982273578668,1.98812658486745,4165.07208029707,0.999900332058992
"eps[12,14]",-0.353006067950188,0.013846698548193,0.965207858537564,-2.23237759488621,-1.0129359784505,-0.366194681940315,0.283645782580878,1.5765956162192,4859.02600682705,1.00063389867879
"eps[12,15]",0.102436100032908,0.0140642809629722,0.947872324708516,-1.76833755494992,-0.532836871115666,0.0889389974466216,0.730599748823095,1.95904489769598,4542.18291068877,1.00068046105163
"eps[13,1]",-0.6601830803505,0.0116199075248796,0.721923451513293,-2.1040418953643,-1.12105612114583,-0.650120496355048,-0.210603031471929,0.805520905122017,3859.90802569264,1.00096481976156
"eps[13,2]",0.90290723182512,0.0124901715855057,0.798346439736042,-0.72524965826679,0.407497606282068,0.914929761939668,1.42428073573624,2.40887864266447,4085.50716566132,0.999894798892631
"eps[13,3]",-0.202503558026957,0.0191149260531552,0.771980840398467,-1.65121262865865,-0.741810425690336,-0.215076761106315,0.321425576193923,1.31865268535473,1631.05196988052,1.00248275238284
"eps[13,4]",0.833817768477884,0.0119345473284099,0.78506030567992,-0.727153637525509,0.321706908537665,0.861034371492083,1.37871571189026,2.33734980216926,4327.0721424761,0.999783854294703
"eps[13,5]",-0.508258064255258,0.0355554633849775,0.859275785085066,-2.07105095984446,-1.08168904927307,-0.512890727835944,0.0574219187826488,1.2572060771445,584.053270864013,1.00811657488433
"eps[13,6]",0.00647970749308552,0.0143862051141029,0.917225343447857,-1.77184396306912,-0.631213347273342,0.0182578968884286,0.606914790163179,1.78885986402407,4064.99107076596,1.00002263491767
"eps[13,7]",-0.0398077273196979,0.0160763746264437,0.920218958849667,-1.83961569510757,-0.666545289647154,-0.040871948831629,0.578372673351832,1.77178063401836,3276.46940719376,1.00066076591201
"eps[13,8]",-0.305298710095512,0.0329138289489688,0.859382974545642,-1.92490041481088,-0.879002176786809,-0.340643198443283,0.26709302060149,1.41248033333555,681.736702144187,1.00607835948649
"eps[13,9]",-0.0551315013462505,0.0137372297207574,0.833448371135735,-1.67888469539146,-0.604828636309891,-0.0576598296760088,0.483330434476143,1.64020048052325,3680.94291811643,1.00027136542946
"eps[13,10]",0.265782651827503,0.0173828880137696,0.877189221253156,-1.3816728177742,-0.375096680718697,0.26339376878893,0.878349041602119,2.0399657065182,2546.49429991363,1.00212905627106
"eps[13,11]",-0.127952449717246,0.0121657957276936,0.839556945329051,-1.74804508772592,-0.677844672349831,-0.153766054978538,0.433755418543386,1.56774635196953,4762.32771112122,0.999525407496777
"eps[13,12]",-0.370886523268278,0.0148059287196032,0.945178579231386,-2.19993339076882,-1.02369510693856,-0.385557537440072,0.289810208489792,1.46040470083222,4075.27042447913,1.00033385531977
"eps[13,13]",-0.0629985742746763,0.0137036047531317,0.970032882547458,-1.94192472787954,-0.696677960707457,-0.0700331016814034,0.580336004129314,1.83384696790762,5010.75611140515,0.999847381066788
"eps[13,14]",-0.034929737315986,0.01571422567955,0.93657474225756,-1.94176618917227,-0.652624322604025,-0.0293027061297003,0.640755439279072,1.70546561899442,3552.21227749681,1.00099893609791
"eps[13,15]",0.122455255350481,0.0123333619138324,0.949881506127285,-1.77989412088728,-0.49271518969088,0.127018937838752,0.732883325747326,1.9978432453654,5931.65540212784,1.00025461869094
"eps[14,1]",-0.545638961496811,0.0281932571475287,0.787127170059585,-2.01154215806426,-1.08758445017771,-0.567873598351985,-0.0275381243455294,1.03403598771889,779.469815835629,1.00410067188916
"eps[14,2]",0.0544877402971261,0.0118248569448715,0.788667110913847,-1.49447011581758,-0.460396782063709,0.0459461346268788,0.571789227146802,1.61328365624092,4448.31639370455,1.0000136385963
"eps[14,3]",-0.0732986021546262,0.0114658091828185,0.769820804668329,-1.63071622376653,-0.581177561827769,-0.0658937159694819,0.436162654139049,1.44181051325729,4507.85427338693,1.00077034779378
"eps[14,4]",0.278959588290102,0.0162838874753509,0.795284441480024,-1.27389198912613,-0.244228912411885,0.262732790851715,0.792589604749733,1.92121623661446,2385.22189424712,1.00173695753503
"eps[14,5]",0.285108713639317,0.0162346898788009,0.844273002891943,-1.4298428993014,-0.284711588653476,0.289606622822116,0.864524002264507,1.91053675514588,2704.44286220559,0.999347978615127
"eps[14,6]",0.134026404459975,0.0174777556579647,0.974650632160005,-1.79102607015805,-0.488453065195773,0.124232356003455,0.793822096727873,2.05349117598797,3109.75812030294,0.999999767752079
"eps[14,7]",0.0583326448105973,0.0290958385168702,1.04028761627205,-1.98672950690999,-0.6703151837407,0.0768149725801188,0.780616126638758,2.12873703147932,1278.33624227247,1.00161159671163
"eps[14,8]",-0.141135503938058,0.0149010167465789,0.863678017597289,-1.82031486711384,-0.703252627081574,-0.139071472246999,0.447414429020701,1.54706320102903,3359.47896758335,0.999864585337814
"eps[14,9]",0.982472582818401,0.0284221616295442,0.887380757842474,-0.746217852599134,0.384432961561723,0.982491171285952,1.5904376065881,2.63120898119009,974.778192325026,1.0032231198639
"eps[14,10]",0.467990151415499,0.0145225037484241,0.883917362787237,-1.26216996500913,-0.112636628628111,0.470382897661854,1.06986475928876,2.20039650195069,3704.59157884465,1.00054009138728
"eps[14,11]",-0.206505771312386,0.0280974984629585,0.909979960193522,-2.03255467547897,-0.812972986921087,-0.20617734051133,0.410440943965498,1.46862197552119,1048.88613428993,1.00618324844722
"eps[14,12]",-0.232664479869507,0.0170319625947889,0.980935216114453,-2.16848099052392,-0.914980559766611,-0.234437807252803,0.425828583777035,1.7281222771,3317.04423498218,1.00111919090074
"eps[14,13]",-0.0265945607873654,0.0234047737684366,0.991478206435267,-1.92598594128072,-0.702219418675703,-0.0236367032413601,0.659053137027897,1.87740553041635,1794.55779557091,1.00239729450325
"eps[14,14]",0.252770725589852,0.028505284309659,0.973268793180061,-1.691990713257,-0.423778934536523,0.269845126671563,0.934556589911664,2.14163701032007,1165.77528239188,1.00469105283976
"eps[14,15]",-0.249886614857461,0.0191572521678236,0.974157286742938,-2.18873009673063,-0.896636700172425,-0.243885093309608,0.441368580972362,1.60221982687738,2585.78097034056,1.00083183014269
"eps[15,1]",0.988294015118402,0.0157925873875631,0.757579271113237,-0.629544833364099,0.506495342429626,1.01287942622168,1.4757641569485,2.45762265132201,2301.17468918295,1.00177968202338
"eps[15,2]",-0.487304779662849,0.0140096726321638,0.794192570439715,-2.06462812911069,-0.997693882280741,-0.471632312571612,0.0166683804681177,1.09507807069826,3213.62846625173,0.999521651370872
"eps[15,3]",0.529483442739334,0.0123540915543629,0.754623498732982,-0.954861765504226,0.0168506429034882,0.539778957588557,1.02366142284578,2.02046289141397,3731.1182964247,1.00084085204424
"eps[15,4]",0.180772152082569,0.0136996443897486,0.794583059894073,-1.4099082060005,-0.330278728500986,0.178867150815268,0.676254139593085,1.78287063694632,3364.03120478629,0.999660568532728
"eps[15,5]",-0.170699785680382,0.0159442941702308,0.873403846488166,-1.8229801564351,-0.734363650797375,-0.17440062206807,0.371074514867712,1.69901092264939,3000.67944673418,0.999475305612336
"eps[15,6]",0.205487305378911,0.0218955449110866,1.02568354670925,-1.81889195885928,-0.475249489002651,0.217377768665443,0.919119878307377,2.19735791966468,2194.39730934411,1.00181701967951
"eps[15,7]",0.106600239616687,0.0206319918335744,1.03278473501877,-1.94960289539423,-0.582861570157006,0.112772243521991,0.815716040987275,2.12407218834623,2505.74750184044,1.00051368629627
"eps[15,8]",0.242910396261141,0.0150838956806628,0.894910741434542,-1.52420499305284,-0.35413302382515,0.248289477344013,0.824148398027594,1.98422785605819,3519.91682539567,0.999515020207466
"eps[15,9]",1.20892942869937,0.0165671936251889,0.869866532695766,-0.506674346615247,0.658196619765404,1.20589854082212,1.81619345879471,2.87778643042338,2756.81325477341,1.00073056334394
"eps[15,10]",0.464665531923308,0.0132801340364417,0.871976235638018,-1.26335918409691,-0.148028009136193,0.463433950312568,1.0547430217297,2.14241689496302,4311.26165419102,0.999865155318323
"eps[15,11]",-0.628161042772547,0.0135393223127305,0.853983658317445,-2.32481098666968,-1.18141674585617,-0.650262190194964,-0.0595760447704749,1.08750270866495,3978.3708700427,0.999417464981831
"eps[15,12]",-0.249859513191096,0.0141024251739814,0.923163750330647,-2.04737576701868,-0.881528841879168,-0.232806420710242,0.342169806001464,1.56787190028847,4285.18797403263,0.999755691993175
"eps[15,13]",-0.09143580231103,0.0150802279640483,0.962128929516996,-1.97982060156073,-0.726733798781977,-0.115790301873257,0.545935563317009,1.81498849201856,4070.52787569808,1.00053109496363
"eps[15,14]",0.314375750093788,0.0187034718754138,0.959407189624312,-1.55724575703657,-0.350577004630227,0.330224202237333,0.987392429982609,2.19036232885328,2631.24613620084,1.00051910879969
"eps[15,15]",-0.299891517177949,0.0234598796406241,0.976151757156888,-2.12013732225228,-0.945357869220295,-0.327172920434642,0.349501307472859,1.64504138951241,1731.34302410031,1.00195119193037
"eps[16,1]",0.563741211486159,0.0205209408950591,0.749320481771474,-0.848221587966954,0.0580967076957788,0.550278625845753,1.05523508119874,2.10934201145461,1333.33926396918,1.0023970472055
"eps[16,2]",-0.761408237715368,0.0192358854751485,0.821329538151516,-2.33069182062274,-1.32891780116433,-0.765563984872026,-0.245661729630422,0.964034711963854,1823.10011517624,1.00334421343615
"eps[16,3]",0.18597418104968,0.0160248870748227,0.790346359880983,-1.38406209973347,-0.325273567917122,0.201333975472317,0.695788254608462,1.7575024069175,2432.45580970254,1.00036527936986
"eps[16,4]",-0.312009615515453,0.0382900478254301,0.879268363285592,-2.02667637217326,-0.894950670631485,-0.342705960490888,0.269268967618181,1.4976269651816,527.31615515587,1.00942325346235
"eps[16,5]",0.461602346410008,0.02161775579683,0.878152115607898,-1.32993172362629,-0.117279562262157,0.502808398819147,1.06593164227263,2.07461496662475,1650.13049686437,1.00123980366331
"eps[16,6]",0.547175592165408,0.0231757789612157,0.907365217819825,-1.28322318195003,-0.0672263203940037,0.549245618083392,1.16906205435412,2.28741381567667,1532.83558641983,1.00063517965761
"eps[16,7]",0.473671231411479,0.0207957442431641,0.933428120955959,-1.39878767149084,-0.162136205500477,0.492885295026342,1.11200675976211,2.22943144170894,2014.71131646317,1.00181911409551
"eps[16,8]",0.551784821163645,0.0153257847567235,0.932833345667313,-1.28080378852589,-0.0665720721912439,0.530842542339816,1.18748456333211,2.34796700918648,3704.78219606579,0.999645697198943
"eps[16,9]",0.429950746057839,0.0261258214501055,0.905515103365073,-1.29821434800769,-0.194393438201382,0.403827568172735,1.0239557583487,2.30524674361652,1201.30003015204,1.00145181987618
"eps[16,10]",0.121717019508274,0.0197512075490681,0.960909686912699,-1.82311173793433,-0.504044184863907,0.119352382002299,0.743299249555369,2.00445087854479,2366.88870795911,1.00110931833672
"eps[16,11]",-1.26389882160383,0.0169728565552249,0.962410719338165,-3.1547906155452,-1.9049795021866,-1.25082398234082,-0.646651518728647,0.673134857764962,3215.22241883095,0.999940014211913
"eps[16,12]",-0.445588096917405,0.0312542627317233,0.967480083835192,-2.26215752549944,-1.109606177146,-0.438161716702639,0.223666295024642,1.41994025666349,958.220703072488,1.00234375638988
"eps[16,13]",-0.104668056520897,0.015060353503797,0.968091070201199,-2.05080148946483,-0.753724243917285,-0.103684416703492,0.56688416994658,1.82107919244462,4132.01696928207,1.00293649166151
"eps[16,14]",-0.15548803613823,0.0303307787243789,0.949995505646432,-2.00319434432157,-0.8183812459812,-0.16863728229558,0.489508068879413,1.63973374171154,981.01575003753,1.00243565032104
"eps[16,15]",-0.257654009559968,0.0135390529201311,0.973920884956902,-2.1693963880506,-0.929219240976074,-0.247144363218393,0.358199300702183,1.67274121797497,5174.52853871401,0.999778960623386
"eps[17,1]",0.400332409861876,0.0132073601988216,0.738863952745538,-1.04592983016484,-0.0859172081933379,0.426647461988559,0.894697042968393,1.84095613246122,3129.65822765019,1.00043316112885
"eps[17,2]",-0.224017544458056,0.0126175974094697,0.774458723041781,-1.76805710293117,-0.751831029443667,-0.193475088043097,0.278667837270047,1.27793599345277,3767.4128875232,1.00134394055476
"eps[17,3]",0.466788610762291,0.0116049348670692,0.780697011898007,-1.07171215559103,-0.0347276969061256,0.466103177015921,0.976058676973154,2.04175068521865,4525.63599149196,0.999814433371116
"eps[17,4]",0.336527109391217,0.0152510370451251,0.814167362755761,-1.27954700562414,-0.19713117054417,0.356835600037219,0.884033780279357,1.92992298640579,2849.89346835282,1.0000644998729
"eps[17,5]",-0.0570069785642606,0.0133140124361525,0.837053665329906,-1.73928333252619,-0.595127019131186,-0.0689820993572585,0.515048140447274,1.61359342364783,3952.65298789318,0.99981641935209
"eps[17,6]",-0.103321644763068,0.0174652572844716,0.828160769954202,-1.69343997564686,-0.687638516408785,-0.0938545613721565,0.472231476453077,1.52790641511456,2248.42980049918,1.00335919212095
"eps[17,7]",-0.0721888798901943,0.0174648481297958,0.862588700427644,-1.71181190437742,-0.667416438283388,-0.0884130056128288,0.48708361722974,1.68526747809903,2439.37125894612,1.00176248539107
"eps[17,8]",0.683299108466373,0.0200396721712374,0.881719250885248,-1.12953699670436,0.092168731447108,0.689970664042648,1.30798613510278,2.33999442405783,1935.88440257262,1.00187454673335
"eps[17,9]",0.137121587680545,0.0129573278915288,0.840620702138651,-1.55376550644814,-0.38533589777773,0.152987820426503,0.662984783446599,1.80706323380971,4208.90636962813,1.00042453018555
"eps[17,10]",-0.198997857667457,0.0158356676772451,0.866855568634257,-1.83521668482793,-0.780180748565471,-0.198221878034292,0.347822630430174,1.5495509730524,2996.544478566,1.00180059420604
"eps[17,11]",0.108881923229757,0.029006211278931,0.999335475348562,-1.77960932436001,-0.599582825782989,0.1119330348704,0.809402298799321,2.02697330313388,1186.97233621102,1.00353906957945
"eps[17,12]",-0.106526767421902,0.0135501379585305,0.91634841749662,-1.95619242938235,-0.695535685041612,-0.11004045962757,0.492883299486503,1.66952688679565,4573.3436304551,0.999294719695387
"eps[17,13]",-0.0927464742747961,0.0129375312855661,0.895964902269142,-1.87066254779496,-0.697706001775059,-0.100427707397873,0.53194892324712,1.65668832029544,4795.999936009,1.00025226729536
"eps[17,14]",-0.0301622672677631,0.0132360076401887,0.964321404758062,-1.92093513089441,-0.677441684178541,-0.0637356166085253,0.634593223021312,1.81533253026539,5307.98387914919,0.999603021583316
"eps[17,15]",0.124084444172785,0.0131357402877846,0.950745574468845,-1.76518423881202,-0.507457094319414,0.162352957847509,0.76242009361848,1.90441372077753,5238.65162675002,1.00139722315842
"eps[18,1]",-0.0402028043427507,0.010861277233676,0.722228658302076,-1.42004293016819,-0.530500241133983,-0.0439289974576387,0.430549593748401,1.42886968082667,4421.68333166457,0.999587631081543
"eps[18,2]",-0.150451543167876,0.0115605522333294,0.77356086638922,-1.71981257199298,-0.649173174284529,-0.143355241476643,0.364969918711131,1.38783331939815,4477.46110301751,1.00019910560153
"eps[18,3]",0.751709058773888,0.0113881873823872,0.746481546110448,-0.710001652885172,0.268493257583783,0.774073327478241,1.24356994014594,2.20018086328697,4296.63975965081,0.999557580478717
"eps[18,4]",0.338382792922043,0.0188265252440497,0.781388643314938,-1.25356581898379,-0.16185655022414,0.355662955708813,0.881024133177893,1.82370690633251,1722.6373047102,1.00270037220412
"eps[18,5]",-0.194876946627458,0.0118376798274514,0.820064198722638,-1.84164317504208,-0.74020415724599,-0.211738997109705,0.356116083110107,1.38323139623545,4799.13012814626,0.999455449599501
"eps[18,6]",-0.212743095100483,0.0297851223946497,0.852954783089078,-1.83639653815567,-0.776990744024018,-0.231547871678763,0.354458503572187,1.42585564562299,820.074371369382,1.00568376194845
"eps[18,7]",-0.160714655357418,0.03309629386185,0.860127993727956,-1.84204533515416,-0.765989686063089,-0.162281435517952,0.404417036598019,1.52003334415326,675.40992294132,1.00752896864462
"eps[18,8]",-0.148535031843143,0.0145416419303449,0.875063606461472,-1.92610974189949,-0.724552061101504,-0.163361339120735,0.42312900841572,1.55638554124538,3621.19866179199,1.000121558083
"eps[18,9]",-0.0935527352740537,0.0132967621912109,0.825830637316932,-1.70463709207998,-0.645577479201831,-0.0816896211831224,0.460218005297426,1.53867224441106,3857.3600485078,1.0005781691856
"eps[18,10]",-0.172619766643546,0.0125723302551416,0.834212096950628,-1.8194843122849,-0.724265101380571,-0.194593471022593,0.384451506431227,1.4592001726445,4402.72343290001,0.999891614433587
"eps[18,11]",0.00213412330825905,0.0163755083346176,0.853046612208927,-1.57125981056429,-0.587873340250523,-0.0139017924337196,0.558301785253396,1.73221631604275,2713.66319425507,1.0025209516749
"eps[18,12]",0.0312514302023826,0.0301881356123,0.985534109060734,-1.85372659837217,-0.628817470787564,0.0339114782628366,0.69302144094782,1.93207274166496,1065.78777600597,1.00330558728096
"eps[18,13]",-0.16750529501838,0.0134412407899901,0.935895393312058,-2.00879857541554,-0.773818080149989,-0.1653613856524,0.433237257874434,1.68528369150464,4848.14830799879,0.999172404732351
"eps[18,14]",-0.0424886221458689,0.0154732538108667,0.959276895717894,-1.931264880486,-0.690530479523486,-0.0479587771808897,0.612975019588253,1.81339156337714,3843.48039647584,1.00028657812803
"eps[18,15]",0.281914395085108,0.0142830016208274,0.983363839012245,-1.64784533194435,-0.370314262832583,0.285947886214514,0.923423186289174,2.19583707155255,4740.12175514101,0.999478793446937
"eps[19,1]",-0.832547097271314,0.0169817925144309,0.790841893498346,-2.30696164120017,-1.3662022620753,-0.861137853844459,-0.333694992300538,0.786000765519741,2168.76389137132,1.00041241298278
"eps[19,2]",0.322636370909273,0.0222983489479519,0.838002685968447,-1.36786463623889,-0.257670282367525,0.336795994452487,0.921474869449141,1.90644178769832,1412.35999051219,1.00489496254931
"eps[19,3]",0.524533086134419,0.0174648897064767,0.77703470735297,-1.09680129516029,0.0357230233819544,0.552544939012803,1.02978142553031,1.97249305264224,1979.47098621918,1.00215221182609
"eps[19,4]",-0.12577719065237,0.0169215799699738,0.831514758935249,-1.82886695711261,-0.665293054786264,-0.146152394613021,0.426724734264023,1.52426115842972,2414.67175882277,1.00173189555095
"eps[19,5]",-0.53567236591204,0.0195675963547266,0.8819138200894,-2.26115036015968,-1.10346470080451,-0.564811990190304,0.0276931522986515,1.27947286641573,2031.3152758253,1.00069311915034
"eps[19,6]",-0.712298177326734,0.0295716959277972,0.930740508020178,-2.40072821613359,-1.36448978037326,-0.746367009099394,-0.0933774291927661,1.1391755042936,990.614699052648,1.00319078728179
"eps[19,7]",-0.461018081771862,0.0207779631788021,0.92686851357321,-2.2572246199957,-1.08384840738982,-0.47518537706788,0.141582080829286,1.38471440453944,1989.89570013949,1.00203383549268
"eps[19,8]",-0.67706411807956,0.0167801636182562,0.913780211827741,-2.38660797963428,-1.27604899898172,-0.721939461058775,-0.104987940834129,1.21011915428973,2965.45348149313,1.00208808916725
"eps[19,9]",-0.962981372008065,0.02023541937346,0.903344795826779,-2.65499221565161,-1.58804637588213,-0.981476557950719,-0.367511596433883,0.909157731876369,1992.88700353271,1.00106119112824
"eps[19,10]",-0.522994542733013,0.0161807663745226,0.918393826693373,-2.35672126987341,-1.14160786087426,-0.535056922213269,0.0957026568457472,1.27371990994514,3221.51187700593,1.0013047225396
"eps[19,11]",0.930198205258634,0.0146465575123566,0.856360510860656,-0.849591944247476,0.38693122115479,0.962658308423914,1.49674780412318,2.60043546289412,3418.55162378459,0.999513535084414
"eps[19,12]",0.165192656630832,0.014114894396353,0.911371208140885,-1.62444900937558,-0.440981899755266,0.198307515147666,0.753516935179265,1.88994785179174,4169.03309006527,0.999665977968245
"eps[19,13]",0.23334752187991,0.0158520844060658,0.926522763029378,-1.60443875669456,-0.382159062740747,0.243491072776874,0.875800750316694,2.01377267385189,3416.16968965878,0.999805422886395
"eps[19,14]",0.216613918717464,0.0134839441447682,0.958902431183844,-1.62187509986981,-0.444064614824062,0.196748840527222,0.866168240947284,2.0884712309828,5057.25613317455,0.999774085478672
"eps[19,15]",0.119820009528346,0.0120683018494199,0.983817999862152,-1.83759565289005,-0.524837045777108,0.134556333052854,0.767121986103737,2.00349917819296,6645.64594554468,0.999332749251055
"eps[20,1]",0.384380444931723,0.0181166326069963,0.799559673192541,-1.30747923366077,-0.141991152563773,0.429990694112985,0.937620856858724,1.88689348715491,1947.810977777,1.00037891738329
"eps[20,2]",-0.261019766693785,0.0164521433995047,0.818750634799627,-1.85599488960229,-0.805165647837562,-0.285686969994824,0.257969219410634,1.44443671386336,2476.61401918497,1.00100264523088
"eps[20,3]",-0.498171283817334,0.0210123744226415,0.832790930896873,-2.07660012468441,-1.05280460808931,-0.533477131148006,0.0425419008525984,1.19752104404497,1570.80296440481,1.00134315800989
"eps[20,4]",-0.818415756775251,0.0224510587270643,0.877853810000896,-2.50658077827174,-1.42144803320212,-0.828445838978366,-0.251884360636605,0.9415037572954,1528.87065506964,1.00037296914394
"eps[20,5]",-0.312709968887012,0.013310147889452,0.840616763441564,-1.95842161865367,-0.885816691054166,-0.31313869456889,0.254517628055247,1.37802202266531,3988.69042695455,1.0009560413073
"eps[20,6]",0.143846363086271,0.0157478150524465,0.844922208256949,-1.54092506785452,-0.410858022043789,0.138602544153112,0.707472176444631,1.82396381702028,2878.67634811228,0.999484119945182
"eps[20,7]",0.445209321664709,0.0171566041667277,0.878764401863424,-1.31747761156219,-0.110798943943552,0.469491800021956,1.02608475583705,2.08944603752602,2623.50712735745,1.00152874684456
"eps[20,8]",0.170869488633663,0.0162160970692407,0.882269562817624,-1.56351216591431,-0.415444379197062,0.148191511763104,0.772174672153816,1.90162239240296,2960.12412891583,1.0014378675472
"eps[20,9]",-0.0509180726489982,0.0179235817599709,0.868436144236177,-1.77814651853374,-0.647287199786452,-0.0322619513772028,0.568700710549169,1.59765444898764,2347.61123032402,1.00094247039348
"eps[20,10]",0.229282180621041,0.0208046177662911,0.902073408052703,-1.59209838824006,-0.362082567762561,0.218947699622414,0.861936774098386,1.95756868499166,1880.02783333417,1.00452519945101
"eps[20,11]",0.726071778072808,0.0130413098812671,0.856981745306103,-0.998802206810613,0.157714604914897,0.758704196774501,1.2967555356665,2.38973110459706,4318.17971604551,0.999937627127748
"eps[20,12]",0.247634868718685,0.0174131741614102,0.970885372651429,-1.64607021893293,-0.432837985121395,0.266551845382115,0.910232454099837,2.06995928544229,3108.70870047144,1.00178591242929
"eps[20,13]",0.31261135329146,0.0166068727178928,0.921885307101937,-1.50476850230334,-0.309486523188747,0.324690769237832,0.970865023859438,2.06334796326739,3081.61282206225,1.0028823690926
"eps[20,14]",-0.236321186619434,0.0163254652080606,0.986601588826235,-2.16519860517731,-0.951050803502074,-0.226472428986906,0.449587279986048,1.67609631595641,3652.18265514662,0.999908924970963
"eps[20,15]",-0.259439439486802,0.017348650521027,1.00179577285129,-2.21606965714611,-0.933428070216081,-0.27561823132152,0.421777594211595,1.71398696455577,3334.47136827161,1.00016185627478
"eps[21,1]",0.303666254555723,0.013840681333146,0.740196341942763,-1.21224441351096,-0.172603599562398,0.301308034774007,0.806628380471482,1.74389946667043,2860.08493065766,0.999973903598554
"eps[21,2]",-0.00768659950647915,0.0168463272023408,0.838383630064476,-1.61581235272677,-0.596835557738861,0.010419949875161,0.554854474602136,1.6390696904946,2476.70976496977,1.00195390102669
"eps[21,3]",-0.072494726344311,0.0146480159034895,0.809672669473544,-1.69312871150797,-0.615059091649232,-0.100322937080204,0.461401138280148,1.55558936868229,3055.3527222195,1.00148460414686
"eps[21,4]",0.792515521715665,0.0354655329462768,0.930254214110724,-1.11111752703368,0.18363798301459,0.821478892681629,1.43424105583964,2.56431070364376,688.002967220829,1.00576995257652
"eps[21,5]",-0.641609773182827,0.0327249664219594,0.924144785698947,-2.38344719173531,-1.28070953005095,-0.675083446631199,-0.0346985118756014,1.15754749907771,797.483333680643,1.00296611169247
"eps[21,6]",0.0954853436963236,0.03152558812525,0.904019188506233,-1.68726146844003,-0.512157228229614,0.103707433803955,0.682021446244824,1.78278998259428,822.297373394762,1.00655175500417
"eps[21,7]",-0.364484128693811,0.0186741627523884,0.955254476518238,-2.24169489785333,-1.0018626659962,-0.389530170514944,0.266241781959845,1.55955084757949,2616.71174704573,1.00014309401986
"eps[21,8]",-0.629927176066244,0.0185235272274121,0.898574815091324,-2.36764061960407,-1.25085913950848,-0.644048030998838,-0.0248469070047228,1.17606025223144,2353.21229216704,1.00220020246087
"eps[21,9]",-0.390147282303662,0.0134540035258777,0.839725035011607,-2.02839378920999,-0.953570673968332,-0.387444658777496,0.151186206559642,1.27866123903931,3895.57103446943,0.999703995386278
"eps[21,10]",0.538812059599978,0.025058490897831,0.920652088887443,-1.28706913100615,-0.068042237824801,0.560949834781355,1.1631966003697,2.30685612781284,1349.83678791797,1.00232543164883
"eps[21,11]",-0.126931215863838,0.014093008424355,0.890890220733102,-1.85555183659465,-0.7276341655526,-0.139567567680328,0.436318961613608,1.63853543761056,3996.14244366721,1.00167409267575
"eps[21,12]",-0.0177921617370287,0.0154096132356321,0.953317005315071,-1.88819690835755,-0.670817479250012,-0.00931137532382493,0.590767851133268,1.86352019044587,3827.28852265804,0.999649659704244
"eps[21,13]",-0.227945884718245,0.0174962994830784,0.928688067763834,-2.09031494718106,-0.839485258782578,-0.218357112351138,0.420223275675833,1.58371036032217,2817.39230008781,1.00155103117901
"eps[21,14]",-0.282023531862022,0.0143002179720631,0.992415224834995,-2.20061063244041,-0.959604795110585,-0.263023075390929,0.413999840082206,1.70862509937554,4816.16682608749,0.999998820818661
"eps[21,15]",0.217083607728673,0.0483419589009731,1.04202985565646,-1.76268267274895,-0.497295464157476,0.189028420613021,0.877522902582026,2.63048117146972,464.634907773889,1.00874720691649
"eps[22,1]",0.0528383271283744,0.0185591465658517,0.769607280029366,-1.42112625472803,-0.470468191031094,0.0457677636840635,0.579745947540909,1.55880494458259,1719.5797866879,1.00094069679426
"eps[22,2]",-0.558266997797948,0.0166181207852387,0.875296218906285,-2.29051223047839,-1.13076933132077,-0.55902499003307,0.00494762580950167,1.21527028333076,2774.25439283738,0.999738432917273
"eps[22,3]",0.576324868206464,0.0161065301873448,0.861321304569527,-1.14909724208607,0.00911304374633995,0.605619337870287,1.1599721359651,2.2206568102648,2859.73899396558,1.00237954337758
"eps[22,4]",-0.778332748873426,0.0189684451254774,0.873223973996687,-2.47705221809069,-1.38704022652583,-0.77408533248949,-0.2024149431499,0.979606674634248,2119.27754288195,1.00203938831117
"eps[22,5]",0.672511011464756,0.0247310466206284,0.919622791336611,-1.18610202437758,0.0331680448662938,0.682927646331267,1.28012214251958,2.45831855304134,1382.72068482897,1.00050831594498
"eps[22,6]",-0.161042994399987,0.0181776750204041,0.896166630865552,-1.90106870376614,-0.784272403460661,-0.18153979622604,0.449816532410622,1.59858153061513,2430.52933866967,1.00170930399178
"eps[22,7]",0.815913151710211,0.0207903038949202,0.940979547250339,-1.08293946985919,0.188031956822732,0.833250544010299,1.47635294326125,2.61968160132579,2048.51285073347,1.00442527488328
"eps[22,8]",0.0950526911464402,0.014163933541159,0.906629298634001,-1.67728811442317,-0.503808634610983,0.072406059480265,0.678574353032312,1.90661446229327,4097.24315690642,1.00074081546818
"eps[22,9]",-0.465905785130646,0.0215210220321759,0.980688755647875,-2.3580078806112,-1.13825702728285,-0.48931252737493,0.226984579223015,1.41158630399369,2076.5223382385,1.00025252598893
"eps[22,10]",-0.166961795182644,0.0212547323691017,0.922776058157392,-1.99595234820088,-0.809549267343369,-0.163140552695123,0.470631058731448,1.56899283385788,1884.869792254,1.00328916008532
"eps[22,11]",0.866028609975742,0.017187958195554,0.890582313853892,-0.917818717456026,0.284806415969528,0.88544305848653,1.49217790791827,2.53652234758335,2684.72344211713,1.00329554867314
"eps[22,12]",-0.289383601282117,0.0180627084348112,0.948176283547369,-2.10674345964581,-0.921530447612455,-0.304037461918423,0.371736204595293,1.58032591506082,2755.57625106189,1.00040967051211
"eps[22,13]",-0.487980668122931,0.035753846217608,0.961934615140271,-2.33793716068626,-1.14060291399157,-0.474223097314432,0.16574894385571,1.44486344483548,723.84498600483,1.00695019403909
"eps[22,14]",0.198833312302621,0.0124842376871785,0.954809284521215,-1.66468945159301,-0.453022693724609,0.162393079882675,0.856037023583557,2.10490923474788,5849.37156569146,0.999399313073418
"eps[22,15]",0.0119357146663178,0.0119264725391168,0.982385282574757,-1.95973990929506,-0.637056775663903,0.0206904921682635,0.687743639615645,1.89819905191881,6784.8409280642,0.999456860152623
"eps[23,1]",0.703434670167623,0.0195405165394758,0.837192972176066,-1.01823540453766,0.17026095347364,0.71107898783258,1.26397389281195,2.30060542300226,1835.60430850415,1.00400541994618
"eps[23,2]",-0.39680879854993,0.0209094981111352,1.03850176250354,-2.41641136420294,-1.1079503906161,-0.398859047932377,0.307369382392632,1.57335202895421,2466.76205155015,1.00106664903064
"eps[23,3]",0.163736178363218,0.0162796918032653,0.863664066538848,-1.49537898706121,-0.390591406994679,0.128544074119821,0.716908615118953,1.94070216614309,2814.4746666695,1.0002122669372
"eps[23,4]",-0.294034769717725,0.0299476711919102,0.877025430339738,-2.01367332247768,-0.898022274775587,-0.285029849630025,0.30453290730574,1.35341437543408,857.626635329769,1.00348044114184
"eps[23,5]",0.186527282121749,0.017865766822754,0.906190361367571,-1.57940748373717,-0.437618298844269,0.190912833132629,0.783308212370223,2.01519790808169,2572.73795830775,0.999805090438153
"eps[23,6]",-0.495775368199694,0.0264431053153117,0.962991332561577,-2.3175846940036,-1.19869840441248,-0.478515876631028,0.141060164397502,1.45530035018732,1326.23305228359,1.00439601821906
"eps[23,7]",0.0331587239473579,0.0223611625132449,0.97272604702126,-1.79175868985903,-0.621054038393324,0.0221152254332378,0.701813244371644,1.96130403047379,1892.31021914946,1.0025074125219
"eps[23,8]",0.60512114756587,0.0178556557094852,0.946015643290473,-1.30124304066083,-0.0085370944228974,0.638365474019856,1.22716641730435,2.41135607788355,2807.01691206823,0.999806797583007
"eps[23,9]",0.848806705511711,0.0429745790776414,1.03274836371393,-1.27434513376669,0.194213873704504,0.895631393579432,1.52678777372293,2.86910587232338,577.51832326406,1.00530032666238
"eps[23,10]",-0.825165054269884,0.0228275044550433,0.959468106588423,-2.6513719253184,-1.50041628046741,-0.854720216746854,-0.209570011503673,1.15354272518162,1766.62435612021,1.00229350221316
"eps[23,11]",-0.217721528313726,0.0161585867425435,0.9035792759144,-2.0083996222375,-0.828771662193295,-0.227643283655527,0.387579085385115,1.53066754804577,3126.98483635154,1.00037218008193
"eps[23,12]",-0.294623771503542,0.0175499727910275,1.01665604265862,-2.29146279570486,-0.9799718164032,-0.303574570883688,0.38236024904129,1.70215348828172,3355.79326132612,1.0004417316934
"eps[23,13]",-0.574006613839487,0.0179910631670055,1.04482396272563,-2.56137918742676,-1.29794120751844,-0.568413202815216,0.0960163732352395,1.52741625740081,3372.66023508377,1.00040258831922
"eps[23,14]",0.306637072693652,0.0132517802684317,0.948540248196375,-1.5925309180898,-0.319974639983392,0.320248981367057,0.922493054061251,2.15140500399911,5123.45675363425,0.999783628568944
"eps[23,15]",0.206131047906103,0.0192073764437795,1.0075167855907,-1.81631331300837,-0.464570027264008,0.211041866567045,0.924452820233315,2.16497669564093,2751.49345713974,1.00080890464629
"eps[24,1]",-1.27218586317783,0.024780632517765,0.885644520133745,-2.87564360778848,-1.90187085976378,-1.32224811414874,-0.701830884777947,0.586340426522175,1277.30350760211,1.00534176542984
"eps[24,2]",0.237230619144751,0.0197625563256816,1.01513013501513,-1.82813093845822,-0.441581448596044,0.236115698659434,0.926822575732148,2.22067865641396,2638.50061219148,1.00093281791438
"eps[24,3]",-1.32606442722724,0.0236316755277568,0.848151472321862,-2.93917774692293,-1.90188587937998,-1.33465287228201,-0.750653274859636,0.365375956010485,1288.12441145913,1.0025366811694
"eps[24,4]",-0.622559113958928,0.0271093589303226,0.900547664154653,-2.33102471670927,-1.25106463723281,-0.662094662350827,-0.0045722916449333,1.1383889368593,1103.50654351736,1.00209543206213
"eps[24,5]",0.999733969637408,0.0209751174720547,0.919066318780658,-0.85684714043642,0.380094100060754,1.04121925641141,1.6232835744724,2.72531564142354,1919.92780321007,1.00397451291508
"eps[24,6]",0.621947184230652,0.0284258986981914,0.928627331701541,-1.25191864554619,0.010077125809512,0.626113784926791,1.28622361959799,2.34335363824228,1067.22137665388,1.00647511505066
"eps[24,7]",0.40633561904784,0.0253073239746595,0.879937819391748,-1.29411795604011,-0.19114487041173,0.402978645659236,1.01841764847565,2.07169241440804,1208.95884847085,1.00280715102716
"eps[24,8]",0.329563949193776,0.0140051793449804,0.870344484905849,-1.42146052104494,-0.255851902535194,0.354151539412071,0.885284700408896,2.01907996576438,3861.93548221892,0.99947952587954
"eps[24,9]",-0.45774732344303,0.0124743154729044,0.883066943657632,-2.18938706995396,-1.06066830119732,-0.443778388880922,0.138260147717775,1.27248010857274,5011.33931543354,1.00045406770452
"eps[24,10]",0.157891399918142,0.0169725344267517,0.891210922980078,-1.59716011085886,-0.412262544995283,0.155362852186198,0.754557218872731,1.92038558352523,2757.19577874121,1.00073009566073
"eps[24,11]",0.243095400283102,0.0117360408661427,0.833765360842087,-1.43191610261219,-0.295687963724009,0.237170853779714,0.80078601460224,1.84757866176524,5047.12975736789,1.00110952372454
"eps[24,12]",-0.00412835384309676,0.0133237661121887,0.980009495758422,-1.92222189595546,-0.658109882750348,0.00139440701485212,0.642130831126313,1.86656136225365,5410.11587200427,1.00093216168482
"eps[24,13]",0.00978111871769649,0.013967464682975,0.980351550786612,-1.93165995138701,-0.658080814242901,0.0160578958370791,0.660544776820088,1.88891487507828,4926.38689788088,0.999998655736002
"eps[24,14]",0.109223644615666,0.0154785646621299,0.948246835536675,-1.70724647894334,-0.514118167581656,0.09002254956974,0.721860537514077,2.05211346014611,3753.02478531802,1.00060057470889
"eps[24,15]",-0.0272397645817415,0.0116051795848554,0.960395763347788,-1.88803390953877,-0.7040389510449,-0.0179448767410185,0.598127263979266,1.88120300352136,6848.5201896687,0.999511565548784
"eps[25,1]",0.0229870459152075,0.0222731701491158,0.976893011357988,-1.89209854069669,-0.639789586735523,0.0340291531524104,0.72681119873101,1.90377361298567,1923.66718190224,1.00258397368403
"eps[25,2]",0.19355773021338,0.0176491560811624,0.985408006668647,-1.77110691080278,-0.466882737521795,0.177286574035701,0.867794539562275,2.13309763224219,3117.34081491256,1.00018118067007
"eps[25,3]",0.0657209659719575,0.0189646226441293,0.887556725078102,-1.72290239099557,-0.504135487077153,0.0638675358803482,0.65454780487081,1.79511977196503,2190.30112830532,1.00016975389721
"eps[25,4]",1.04181679948157,0.0300728954011554,0.954844101236824,-0.917474674876655,0.415105831123983,1.09386065299166,1.69664439418117,2.81333524145344,1008.12515499665,1.00221539281064
"eps[25,5]",-0.157708779221251,0.017149809390466,0.885122309477043,-1.85516130098279,-0.759696542653093,-0.152910846071787,0.419853668346647,1.61861271084443,2663.71636908817,1.00019837219091
"eps[25,6]",-0.0891553438449793,0.0165047621002962,1.00743308081789,-2.07809000754585,-0.743513284042835,-0.112034201861577,0.599757108928648,1.891313559175,3725.75143643156,1.00037982335318
"eps[25,7]",-0.175178386898021,0.0160193321775756,1.00133187869874,-2.12119341561839,-0.86767813604668,-0.189115037861656,0.533227271826531,1.83593085243016,3907.21465656565,0.999405648134558
"eps[25,8]",-0.0690303605467847,0.0273892706088881,1.02169117414937,-2.15341966588542,-0.751954123910001,-0.0449292018692568,0.622380010340506,1.81575651651411,1391.48442528306,1.00375659426496
"eps[25,9]",0.0313467526108276,0.0148891688121155,0.989163874505331,-1.92028085240491,-0.623756112411731,0.0599749731430186,0.681442628492136,1.96548255181747,4413.62657736603,0.999988988213732
"eps[25,10]",-0.321846313416496,0.0143060159478576,0.920736270410629,-2.09125633581487,-0.934811077822689,-0.362416434724155,0.280446454480638,1.56370090965861,4142.21935347722,1.00106843874927
"eps[25,11]",-0.553108923090906,0.0122700498836829,0.883306178270538,-2.24163338546934,-1.13661652819512,-0.537263566515902,0.02318422641304,1.24470876732751,5182.38745690927,1.00121193367202
"eps[25,12]",0.0357840423034752,0.0131040305465056,1.00478555169615,-1.93463281625667,-0.624462570888535,0.0254478386061547,0.716776692562264,1.96696418497491,5879.45362862505,1.00008872767442
"eps[25,13]",-0.0309977291632176,0.0218058423967376,1.03678352163366,-2.04119928878673,-0.766042287063402,-0.0512528741570448,0.703051945938956,2.02095143836751,2260.63493272259,1.00164211944525
"eps[25,14]",-0.00999150257874764,0.0175121458468248,0.989722670030712,-1.99222048734662,-0.658094700482673,4.40589287824698e-05,0.690799843418703,1.91776159961891,3194.09850215168,1.00131962164028
"eps[25,15]",0.352873225936303,0.0136022447671405,0.97131806589372,-1.59645898024449,-0.286546929268374,0.367917149099816,1.00162222333608,2.23222621858211,5099.19666084047,1.00054620160742
"eps[26,1]",-0.0331567619199548,0.0156298951274803,0.972238190337316,-1.89143553947086,-0.699945162047462,-0.0354051666021962,0.664852483704819,1.8650480553276,3869.30732037908,0.999768249225568
"eps[26,2]",-0.0439919432726676,0.0236986999884581,1.03994689332975,-2.07095121978071,-0.759323952365409,-0.0409748478245483,0.672011116237984,1.94100761129994,1925.6319254118,1.00143451935942
"eps[26,3]",-0.0484524610874447,0.0146296407140907,0.969326935946648,-1.94700860705383,-0.672527547823457,-0.0635028301830037,0.574888174552,1.94828522994892,4390.08815718147,1.00029723486455
"eps[26,4]",-0.147125051099108,0.015740889018385,0.905396033279126,-1.85884223667021,-0.751088241579436,-0.171187197712651,0.43403430745495,1.7237297671163,3308.4049429888,1.00006426506491
"eps[26,5]",0.378611195853395,0.0197120544038867,0.896361124573054,-1.42737041762767,-0.211812655268223,0.391381863760544,1.01636819475854,2.07794664036116,2067.77008218144,1.00187359090784
"eps[26,6]",-0.0260740846663168,0.0155991599775446,0.991884923440897,-1.93583386971942,-0.697115076405177,-0.0449935660634382,0.605132646873183,1.98681274628353,4043.15279535452,1.00090870637804
"eps[26,7]",-0.0152242314197635,0.0167698905797738,0.975671924150861,-1.87305133027566,-0.715699354281684,-0.0265998385570657,0.666262905667281,1.84556221441782,3384.91025055011,1.00090702825012
"eps[26,8]",0.0182400932477043,0.0154256755280535,1.00303603567014,-1.90713826630183,-0.674966787796256,0.0166862706283356,0.737962511186215,1.94751245301826,4228.09452655572,1.00049201674482
"eps[26,9]",-0.0549068912560718,0.0185510067385913,1.01479070850301,-2.01097252327388,-0.764904688107946,-0.0608190202473332,0.634776667849119,1.92200250062974,2992.38864382023,1.0000724053605
"eps[26,10]",-0.0271982430680892,0.0147856499536144,0.982555162250846,-1.95591893180788,-0.672466446614999,-0.0477320587525959,0.646749166216871,1.91747851550512,4416.04045336042,0.999572394985089
"eps[26,11]",0.0324948755110215,0.0184604863806347,1.00518359144735,-1.9815124052606,-0.646921872166844,0.0523327469783065,0.708883928900963,1.97221130044999,2964.86212839143,1.00034713413586
"eps[26,12]",0.0155068144581124,0.0133107697402211,1.01828642653031,-2.00508637250341,-0.675157134050167,0.0413842470766457,0.706812865827369,1.95333344217564,5852.3941574434,1.00020189731576
"eps[26,13]",-0.0060935077476828,0.0220439165538655,0.992246899451556,-1.93725387290409,-0.690173852986425,0.0120605497525384,0.658313855024363,1.92394708328048,2026.1051679729,1.00254408102939
"eps[26,14]",0.0195985891689984,0.030208923381127,1.03338024790748,-2.03820981684571,-0.676181273133114,0.0155379925035156,0.735492156837952,2.01428528532086,1170.17230957059,1.00209327395859
"eps[26,15]",-0.00579789699795697,0.0173092445011079,0.9916303447199,-1.9075490817296,-0.696671771159161,-0.0102784483093782,0.6505918839942,1.94389829078329,3282.03638205581,1.00087599905397
"N_0[1]",387.39675459782,3.09335918450735,97.7416925668995,200.924564993538,318.253760989734,389.200101023031,450.646250996282,587.015171199788,998.387210104295,1.00344044551808
"N_0[2]",142.072114927042,0.490964455034224,28.1011700287421,94.8669047867696,123.303092691265,139.081899341513,158.086006746909,203.670630872109,3276.03628408719,0.999403683204896
"N_0[3]",381.745396932017,1.29365528953553,76.9049188730644,251.497366176433,330.35712801649,376.665211309881,423.424009911945,558.853283729234,3534.03706033066,1.00172583542122
"N_0[4]",177.262197496744,0.633453558657667,34.8118223478779,115.279301135124,152.898485955389,174.628016706012,198.466738072866,253.606983093002,3020.11831139147,1.00124847575005
"N_0[5]",522.255094056282,11.1928769780122,493.665750749903,83.5839140569834,255.70812392994,411.394032452019,628.006457133018,1617.58885513598,1945.28185234335,0.99971424921214
"N_0[6]",367.294819026337,15.6633574959674,704.993521801509,24.7996931426526,112.974232878664,215.701052436774,402.310799310235,1658.48102473665,2025.81849620664,1.00279469413135
"N_0[7]",129.109225537696,5.03599018235356,225.036030341795,6.07355020469022,32.3014485901491,67.4289820436787,133.332524699739,690.548178453901,1996.79907532929,0.999779904538707
"N_0[8]",281.753985571921,2.14131761026995,61.1421976107349,186.797661248475,239.619785261418,272.813938911085,315.212026320568,430.214324962369,815.304635148884,1.00346975948881
"N_0[9]",426.140047723525,1.71291460369865,99.9615563056764,277.978343381867,361.278431089548,408.657792736054,471.229612213373,666.966150540163,3405.60750371498,1.00118772428478
"N_0[10]",105.64178545806,0.843636157822878,43.44940969764,42.7659507901217,75.5120946926148,98.9918617887256,125.796882063075,209.697996788945,2652.51220444714,1.00108098100209
"N_0[11]",23.7441171041173,0.433324282381534,15.8997351326418,8.99765842292059,14.9552939655328,19.5792681452866,26.3747457768078,67.4209827342769,1346.33682988931,1.00189871288729
"N_0[12]",16.9656011397122,0.204651741242814,10.0271920382022,4.94237197908801,10.3975929522256,15.0108685050058,20.7285861346568,41.1826302534432,2400.64408314253,1.00199818779226
"N_0[13]",120.697434660464,0.404285963532352,24.6461723309068,78.6764360213371,104.348812921274,118.136060161635,135.1396680675,174.645344693388,3716.39301498541,1.00059692638278
"N_0[14]",209.535932632754,0.669566915083492,42.6489571535895,141.129201222613,181.328921955649,203.785599600922,230.950616005861,311.492073387876,4057.22283092089,0.999972339990203
"N_0[15]",301.942932205585,1.09525349050361,59.6333053384086,189.814848824572,263.735495465646,299.710280407658,337.507323311565,426.312238964423,2964.47964088052,0.999593442636693
"overdisp[1]",6.17809949261142,0.00060924029197869,0.0435335126958148,6.09163204713815,6.14882811185934,6.17911175697606,6.20770800539358,6.26445608094589,5105.8751125206,0.999438017187711
"overdisp[2]",5.31194079862798,0.00164478882295456,0.0711152411776461,5.17145723547507,5.26523458310586,5.31200145825165,5.36090785007866,5.44469402214874,1869.41224141133,1.0048655503205
"overdisp[3]",6.26465160643893,0.00130382761208385,0.0435099214432214,6.17581006170859,6.23523326379418,6.26479548887806,6.29460972513279,6.34507222167645,1113.61802044288,1.00310701239416
"overdisp[4]",5.94773908895139,0.000644280035590552,0.049031267482734,5.8495737454771,5.91468626349947,5.94859240780688,5.98031390277485,6.04339773004536,5791.57776680315,0.999505767297241
"overdisp[5]",5.70513694173533,0.00115254960636016,0.0583231461503,5.58950845267553,5.66564343106367,5.70561445601677,5.74326606041306,5.81840122362111,2560.72318174095,1.00196201422851
"overdisp[6]",6.13590894585322,0.000984468992370859,0.0465544725167019,6.04679284928304,6.10298618464552,6.13597878179059,6.16906670550979,6.22709400564674,2236.24167558686,1.00177405017067
"overdisp[7]",6.57852611916369,0.000882466158465027,0.037385474420709,6.50399638921946,6.55370434682675,6.57844988649635,6.60468015233826,6.65055228340677,1794.77360124963,1.00304247948104
"overdisp[8]",5.91309035692462,0.000752422528576005,0.0515882036463555,5.81185904866171,5.87872841856493,5.91300777138596,5.94901087204731,6.01089153264717,4700.8590572256,1.00074315840185
"overdisp[9]",5.92640302328732,0.00126550727998985,0.053133715878981,5.82149197857298,5.89089183011124,5.92670792668356,5.96328659064829,6.0247014306902,1762.83263770734,1.00206629028319
"overdisp[10]",5.95466088809976,0.000692574788952962,0.0499339145558307,5.85585780141471,5.91992147353478,5.95422058914942,5.98966378372533,6.0495369498472,5198.25848197168,0.999443989456479
"overdisp[11]",6.5756521120277,0.00057245698011129,0.0372508105165308,6.50324574775916,6.55044186956124,6.57584579912681,6.60153647732933,6.64744354129458,4234.34015511923,1.00183575942853
"overdisp[12]",6.39677050601961,0.000780742296125649,0.0419787735706715,6.31614941817832,6.36724279108394,6.39697381447234,6.42544221096642,6.47680597897601,2890.97327854919,1.00175385079095
"overdisp[13]",6.26191857587279,0.00121862210591388,0.0432188158191553,6.17694651482182,6.23264549599224,6.26334996538619,6.29019984123191,6.34581067141463,1257.78850792029,1.00430301952696
"overdisp[14]",6.00856914741502,0.000710730723206046,0.0493571466910419,5.90964366633437,5.97550242353314,6.00979638671494,6.04239870625581,6.10704428388359,4822.69627995883,1.00005026433105
"overdisp[15]",5.56070119670167,0.00253328687696967,0.0613677586453034,5.43402576722857,5.52114668130823,5.56171495916072,5.60369865161787,5.67405749464675,586.829282272556,1.00750883641166
"overdisp[16]",6.42881208578424,0.000687852384046922,0.0399664534022943,6.35076382205381,6.40052591805885,6.42875060500285,6.45605917893376,6.50858911583978,3375.98670924202,1.00117017099988
"overdisp[17]",6.20575076569735,0.00140919197887065,0.0469603155249239,6.11312757630624,6.17496561221544,6.207990617722,6.23727596771565,6.29583136139489,1110.5079897421,1.00326786541079
"overdisp[18]",6.84238561193285,0.000785043981481824,0.0330033148182645,6.77778142803786,6.82033356682745,6.8432855342222,6.86414906264691,6.90713400935068,1767.36865127504,1.00134842243284
"overdisp[19]",6.78431381517879,0.000460120874452215,0.0339575400016312,6.71853123893685,6.76083281417518,6.7835216548359,6.80738977184494,6.85253537428996,5446.63871772137,0.999840374422332
"overdisp[20]",5.69891504479259,0.00084537425189453,0.0584173519082766,5.5839611571667,5.65870960536869,5.70053915647614,5.74044287972259,5.80840171694625,4775.13550676317,1.00010998770459
"overdisp[21]",6.15990947634209,0.000641575135518215,0.0451348482331348,6.07195714770917,6.12890227759109,6.1610931713868,6.19152477985672,6.24498560649846,4949.13071281322,1.00013197462018
"overdisp[22]",5.86243083784812,0.000654812042177764,0.0516868228409176,5.76099873357918,5.82952569331934,5.86159968793434,5.89765109308381,5.96464876603882,6230.54962013716,1.00021061399809
"overdisp[23]",5.86718900995051,0.00144893374701527,0.0531299386001381,5.76195073188592,5.83190893936429,5.86786102570376,5.90426784280591,5.96765994790367,1344.56428990181,1.00216766521842
"overdisp[24]",6.37512337718461,0.000498537787160635,0.0402239935653585,6.29283037921013,6.34909069129662,6.375706596452,6.40132169404999,6.45499441663464,6509.89838702216,0.999546363453765
"overdisp[25]",5.46302626635387,0.000861150944651494,0.0665262229781464,5.32911833907388,5.42124147700417,5.46266495637978,5.50739800392433,5.59406602665487,5967.9773959623,0.99971227474375
"overdisp[26]",4.9440432883527,0.00123761144781571,0.0822416880696691,4.77792979296709,4.89147971353945,4.9411938383749,5.00131063287193,5.10568179898656,4415.86101662486,0.999990329416251
"overdisp[27]",4.94884799659998,0.00105719964131317,0.0783862097111277,4.79243874909765,4.89673547842008,4.95061336586129,5.00028214097088,5.10110550012385,5497.50098581872,0.999948522668795
"overdisp[28]",5.42409573156185,0.00159778078946527,0.0649954387484322,5.29827562169427,5.37899657044306,5.42399320639593,5.46956672205749,5.54624827751716,1654.74611119411,1.00319654874484
"overdisp[29]",5.60521700163044,0.000819033929396516,0.0582902836183998,5.48844108695919,5.56667474048319,5.60449025239993,5.64605416501736,5.71756256588951,5065.10613819742,0.999370314710711
"overdisp[30]",6.08906170024103,0.00064981243945639,0.0477805500767246,5.99275490344306,6.05651884862791,6.09107100824786,6.1204894990281,6.1792591940532,5406.62500785371,0.99961952271472
"overdisp[31]",6.80855208973195,0.000469694371065492,0.03342135961323,6.74038539394865,6.78746297162797,6.80864057732894,6.83098140856854,6.87438080522123,5063.11178319792,0.999951502051186
"overdisp[32]",6.06334736243328,0.00079397956447272,0.0492224608546579,5.96207411135084,6.03049766834713,6.06425589713453,6.09844835168358,6.15534458207017,3843.3328257736,1.00100454151891
"overdisp[33]",6.50556638348483,0.000516685053276557,0.0379057440294653,6.42997993867225,6.48099774817873,6.50645628889617,6.53081763411231,6.57892309347891,5382.18044910886,0.999715484833286
"overdisp[34]",6.32348353102686,0.00069691224796246,0.0433698405873705,6.23842074981024,6.2927647030299,6.32349127167965,6.35193353942281,6.41147480938334,3872.74995333749,1.00034997037731
"overdisp[35]",6.02696499240152,0.00084003991528704,0.0477971539926882,5.93228926846413,5.99522116749339,6.0273463561808,6.06069052030907,6.11665572358263,3237.45865670197,1.00139798792528
"overdisp[36]",5.90899181317283,0.000614554424205957,0.0526380093172091,5.80616004465013,5.87447016649017,5.90819199927759,5.94404164953439,6.00884978644439,7336.31911795392,0.999886413123416
"overdisp[37]",6.67802943846221,0.000473983019834358,0.0352673549146764,6.60841864392295,6.65449867091216,6.67899833655679,6.70155003415672,6.74711402916578,5536.3075723054,0.999835639429528
"overdisp[38]",6.40245640320485,0.00098860590285947,0.0419308689121539,6.31811780001899,6.37518415168814,6.40322233676161,6.43190327657658,6.47975303520248,1798.95924992573,1.00298170062415
"overdisp[39]",6.93946177564235,0.000423750542048913,0.0310149740739937,6.87818502853125,6.9184521118529,6.94061368640586,6.96045667739462,6.99873382662454,5357.00820353141,0.999857309560197
"overdisp[40]",6.98663698332895,0.000695275976152684,0.0313004990272163,6.92571406333035,6.96523399748022,6.98695780027084,7.00801134625382,7.04658057172961,2026.69350753517,1.00251140864754
"overdisp[41]",6.96358081640952,0.000386751368507999,0.0309412372044432,6.90219124762823,6.94229304822101,6.9640263186891,6.98383465919255,7.02534304531175,6400.46655063573,0.999753705593821
"overdisp[42]",6.42348608902191,0.00120017281781845,0.0412580776582551,6.34355491263787,6.39519475597962,6.42439992575556,6.45171664425119,6.50385464630335,1181.76304545321,1.00420107144914
"overdisp[43]",6.73703315864819,0.000809259447013112,0.0335861507403702,6.67080884396571,6.71410837879225,6.73728891791184,6.76000206783439,6.80230609453919,1722.44320206795,1.0014764783858
"overdisp[44]",6.71586826476437,0.000516988296185398,0.03545861653124,6.64788329917198,6.69176480287815,6.71582271126032,6.74089590566237,6.78518599038396,4704.16071823123,1.0000837087833
"overdisp[45]",6.60167552513382,0.000498900972123243,0.0366681187586138,6.52974613282157,6.57576556767237,6.6018674023381,6.62845354580584,6.67044643285314,5401.92509914555,1.00245614400605
"overdisp[46]",6.42267060209163,0.000556196161692226,0.0393934706154876,6.3449334029048,6.39660362074474,6.42276682661221,6.44961876374946,6.49792374500934,5016.4040967117,0.999818022734549
"overdisp[47]",5.90485067704901,0.00100410000174305,0.0518517463692564,5.80512835943714,5.86824992171481,5.90611256292431,5.94098222954035,6.00464955105433,2666.69189160538,1.00141110819379
"overdisp[48]",5.80841495783182,0.00117678886745361,0.0552289606675235,5.69861396843706,5.7709232489921,5.80823937299874,5.84719058656219,5.91134603962803,2202.60508962557,1.00177478518491
"overdisp[49]",5.92699217449441,0.000841271378215414,0.0508690349482148,5.82741062025181,5.89162845833702,5.92742577223315,5.96199411530308,6.02714059351745,3656.24062633099,0.999625846563897
"overdisp[50]",6.08604112658274,0.000941946137107179,0.0484968493871816,5.98868753749963,6.05435326670259,6.08682780700945,6.11958009561193,6.17618623512016,2650.78748809243,1.00207807317126
"overdisp[51]",5.92775485904547,0.000602399350166841,0.0496809532583874,5.82853730596899,5.89397901095947,5.92959519135054,5.96124722268766,6.02025389036223,6801.59629784897,0.999483224427382
"overdisp[52]",5.68717233173777,0.000950288588202263,0.0572192396977912,5.57045566806872,5.64921705191382,5.68875163708616,5.7284668469318,5.79480365878934,3625.54364577614,1.00007003775266
"overdisp[53]",6.27883524056249,0.000563925971480536,0.0430729285154677,6.19363248218938,6.24963218389314,6.28038126050159,6.30741026376305,6.3622043659919,5833.97559295476,0.999445449362717
"overdisp[54]",7.16400375651429,0.000364414956781877,0.0273387242715108,7.10865641710575,7.14654342845191,7.16368789453978,7.18191360776069,7.21784014014595,5628.12977147272,0.999563156906497
"overdisp[55]",5.52162327636289,0.000797302478872567,0.063029183105141,5.39169318702499,5.48044941927864,5.52388366599666,5.56413609013194,5.64642200762085,6249.38280618907,0.999866092889053
"overdisp[56]",6.12356011049285,0.000630275466484512,0.0465448470751448,6.03017755419271,6.09434400573828,6.12369891502657,6.15484046041719,6.21461196715312,5453.58906865598,1.00031939863456
"overdisp[57]",6.10500251657749,0.000575257083007138,0.0465730409468517,6.01354686372709,6.07477827581396,6.10441950424134,6.136608943781,6.19879503057161,6554.58563738211,0.999462851514386
"overdisp[58]",6.30531788139976,0.000512140375758228,0.040890310992114,6.22488652686095,6.2781107236448,6.30690456060297,6.33205562686627,6.38289224188229,6374.7446867578,0.999644658234291
"overdisp[59]",6.52696721186152,0.000478010982169757,0.0385359756101372,6.45066895504387,6.50169081092071,6.52643310043979,6.55298112065617,6.60386370252383,6499.15609451207,0.999461443771372
"overdisp[60]",5.82084498922862,0.000646293044270087,0.0530462923774723,5.71414486551467,5.7860184706488,5.82220759498692,5.85576329750234,5.92562077040548,6736.76046463766,1.00045918723286
"overdisp[61]",5.72957192299404,0.000772097227017544,0.0581079129561939,5.61525394703187,5.69036946901999,5.72892832737325,5.76910844075022,5.84162572938711,5664.0433582169,1.00146293048048
"overdisp[62]",5.61212889233745,0.000745044469830596,0.0578369890847871,5.49689040892398,5.57287516955067,5.61411635063916,5.65127517142998,5.72389156204279,6026.24745738151,0.999704434786725
"overdisp[63]",6.18963866513973,0.000517640090164638,0.0435188129966658,6.10313867458297,6.16067266762574,6.19018290447672,6.21763195738337,6.27639443891912,7068.02820714037,0.999702449543615
"overdisp[64]",6.02763807742659,0.000982049434455716,0.0482880608373727,5.93081665971137,5.99564137049625,6.02823887990678,6.06100355189869,6.11993324558467,2417.75800992475,1.00116409927328
"overdisp[65]",6.52038033806592,0.000452721098662001,0.037559748227841,6.44501172961517,6.49569108095175,6.51990496780159,6.54542112244585,6.59617910177262,6883.09676557886,0.999579547676373
"overdisp[66]",6.89005331026287,0.000442976472069774,0.0309272086839231,6.82855465391661,6.86905390687865,6.89049925785147,6.91194568537124,6.9513865266546,4874.38837672308,1.0003785226357
"overdisp[67]",6.60947594366417,0.000619773469463937,0.035575571003449,6.54198036821224,6.58423137543175,6.60990372656675,6.63335750791254,6.6770903456828,3294.86629565242,1.00113183124437
"overdisp[68]",6.28780206012426,0.000598885956661803,0.0421545038918692,6.20437067061716,6.25833374954869,6.28865833110847,6.3160827970759,6.37023796958568,4954.49855753576,1.00050262049743
"overdisp[69]",5.77992962512991,0.000704492679312936,0.0548589567265828,5.67042630709802,5.74292098549746,5.78013878618198,5.8177849960721,5.88550374970377,6063.76161275688,1.00101317780925
"overdisp[70]",6.58220270025379,0.000477341600273775,0.0372754540263765,6.50779398796429,6.55867446777123,6.58327919552191,6.60616372760726,6.6549874604452,6097.9985184984,0.999799506773578
"overdisp[71]",6.3977982646594,0.000591520052203712,0.0400650616585689,6.32012765400446,6.37142300680295,6.3972847299808,6.42496955484059,6.47544496442321,4587.67546193731,1.00158486003205
"overdisp[72]",5.46970559371665,0.00166027382071964,0.0655640922092613,5.33950790940843,5.42480478853354,5.46949825608952,5.51501562380251,5.59282287114373,1559.45434536045,1.0031789859838
"overdisp[73]",5.79244336608433,0.00141465959919667,0.0553089631561816,5.68617291310314,5.75469234579559,5.79303005904855,5.83031125670578,5.89790958285945,1528.57633795777,1.00274541296042
"overdisp[74]",5.20006177564747,0.00143779902100385,0.0742334944654054,5.05134030791186,5.15029369269031,5.20083082554046,5.25377108262201,5.33476271696058,2665.65194534144,1.00083597461735
"overdisp[75]",5.22445512434014,0.00111064057600888,0.0712008502463238,5.0838412394649,5.17603922971295,5.22660288181956,5.27115539694787,5.36232554152398,4109.82460448806,1.0002646980191
"overdisp[76]",4.87233973514421,0.00289775996484066,0.0880022041908083,4.7054483603575,4.81399968481664,4.8733029092581,4.93466406091139,5.04296437132727,922.278923962402,1.00457380655882
"overdisp[77]",5.51846573500285,0.000806582055598666,0.0626118742398948,5.39504118601242,5.47741647919327,5.51899487014768,5.56166110997121,5.63950902666625,6025.82197495758,1.00008648819415
"overdisp[78]",6.01876638769752,0.000841823510441986,0.0486157617774597,5.92467860930227,5.98684362164382,6.01882897957916,6.05004690234641,6.11515737409224,3335.124796852,1.00019114598811
"overdisp[79]",6.70533317971955,0.00050428149939571,0.0357397075083837,6.63652845196243,6.68067129331655,6.70654009604081,6.72921722148692,6.7744601238633,5022.91601849041,0.999657491916467
"overdisp[80]",6.36420144618021,0.000551766925226077,0.0406829279763458,6.28340142476321,6.33766080141733,6.36530204281768,6.39002578402802,6.44490053120597,5436.42093181954,1.00076273684923
"overdisp[81]",6.1629064779955,0.000667514125594919,0.0463550580209308,6.07093484376737,6.13351064237295,6.16316309863252,6.19312141199503,6.25332027263205,4822.5122233642,1.00092855317613
"overdisp[82]",6.03786823324015,0.00118407636060881,0.0483901496920517,5.94346135398039,6.0052727215118,6.03735279216135,6.07070006569316,6.13348508728181,1670.14627638039,1.00387255883156
"overdisp[83]",5.92510636811472,0.000783485448991783,0.0493958111281188,5.82670917079553,5.89190283589871,5.92404238775295,5.95756398529312,6.02406310015392,3974.82829356073,1.0005267278726
"overdisp[84]",5.49732252610407,0.00139839693091055,0.0652210324999039,5.37381453646257,5.45112866353589,5.49832036793431,5.54241893482041,5.62768808145174,2175.27623516551,1.0020319360103
"overdisp[85]",5.74044885319893,0.000779940082041336,0.0578451209696675,5.62748758370806,5.70073074144059,5.73990919344696,5.77997465441603,5.85367945501542,5500.61169215782,0.999990331828085
"overdisp[86]",5.97170325923152,0.000618276623809815,0.049091006858169,5.86972632895416,5.93980372627009,5.97399822676514,6.00381731733971,6.06646716648383,6304.31965714182,1.00049151502469
"overdisp[87]",6.3632051612704,0.00119642968763188,0.0417983158229413,6.27821967061143,6.33595407968346,6.36307682764597,6.39134075558043,6.44215671574236,1220.51523409258,1.00294219508266
"overdisp[88]",6.50185238466637,0.00165398898819761,0.0395516246486798,6.42517026217838,6.47508285167094,6.50066318375344,6.52767881075363,6.58703669505449,571.825380334814,1.00735462675878
"overdisp[89]",6.61375298698201,0.000620139405576771,0.035926419808621,6.54433155439667,6.58771368297241,6.61365184695418,6.63866479541569,6.68368785978392,3356.21074575297,1.0012436367866
"overdisp[90]",6.00387091708685,0.000549125563928782,0.0476127148407767,5.9090291498088,5.97283537069413,6.00559785987889,6.03537463505996,6.09518366123872,7518.00423620011,0.999390489273951
"overdisp[91]",6.67586770461033,0.000387786390253225,0.0340559298195571,6.60720723128566,6.65322800464375,6.6769891493252,6.69893394056639,6.74036670247731,7712.59201417282,0.999516259465741
"overdisp[92]",6.77827663981994,0.000451215402386705,0.0343787496816693,6.71136389825773,6.75507455022386,6.77941207255792,6.8014324653528,6.8437319139672,5805.13499691316,0.999427860523692
"overdisp[93]",6.46905111575629,0.000735653700747666,0.0399557980019626,6.38908510293047,6.44222114838467,6.46936519349999,6.49682822465779,6.54704068949421,2949.93719367591,1.00110506976908
"overdisp[94]",5.80080370545219,0.0018480506890718,0.0553631581578754,5.69605455536982,5.76308232341917,5.80287466598512,5.84036283582614,5.9062108896007,897.457630304796,1.00405022406419
"overdisp[95]",5.97264288870563,0.000596159651166707,0.0499143390944625,5.87393726536627,5.93893306039106,5.97472869008018,6.00582069019836,6.06971504640378,7010.12063990467,0.999845335267027
"overdisp[96]",5.77666080628123,0.00108682894952119,0.0554627508366058,5.66613119894542,5.73949471249995,5.77777014441054,5.81343313251794,5.88201240521921,2604.23646463472,1.00175787489298
"overdisp[97]",5.47610302983916,0.000785508092395825,0.063227974995833,5.35077096693242,5.4345397361485,5.47913387115514,5.51934378391042,5.59726188347978,6479.13782854242,0.999779194729088
"overdisp[98]",5.01332113070845,0.00135492844896462,0.0807858953953002,4.85095609314725,4.95965980283171,5.01356234400643,5.06582106290977,5.17503352788672,3554.98982906043,1.00035254160439
"overdisp[99]",6.0930581444797,0.000560712132178737,0.0480350043090898,5.99564994813168,6.06177446937856,6.0926034595268,6.12480157538861,6.18575727808004,7338.98097476974,0.999721433146465
"overdisp[100]",5.93681280915648,0.000636231566939777,0.0488541590030382,5.83868235602725,5.90414996983998,5.93606885823502,5.97000347278515,6.0315095202414,5896.20611736791,0.999637678672305
"overdisp[101]",6.90151645343554,0.000422622154145854,0.0308006713516706,6.84156361153359,6.87979367613456,6.90129526387165,6.92309858359055,6.96166089637336,5311.48362465039,1.00054903781387
"overdisp[102]",6.58693757581313,0.000455404450919247,0.0369405408049014,6.51324032587676,6.56322178740139,6.58619546797313,6.61097507911618,6.66003328263709,6579.78884258146,0.999430204660391
"overdisp[103]",6.90524358619279,0.000399262632452157,0.0310769246883423,6.84398655619937,6.88476092520331,6.90483917521174,6.92613255886245,6.96634188900995,6058.41109153162,0.999290932638701
"overdisp[104]",6.8236772932272,0.000429711283491975,0.0332956549137512,6.7586032695391,6.80112553683787,6.8245165172186,6.84563790168998,6.88687480916667,6003.73629296685,0.999425338930243
"overdisp[105]",6.41338104120817,0.00055363142463532,0.0405494252814619,6.3332480254615,6.3861705510293,6.41317396918996,6.44074675707547,6.49206468551343,5364.48382579223,0.999744130753637
"overdisp[106]",6.91842588278368,0.00165555946426927,0.0335375904017206,6.84486446248242,6.89753113353619,6.91884587352925,6.94072087605967,6.98120581634595,410.368620194244,1.00832451247321
"overdisp[107]",6.68060583546008,0.000409101139589897,0.0345065973011141,6.61397715383415,6.65662105131901,6.68143247199697,6.70337665367515,6.74628697335475,7114.47557355418,0.99986006222213
"overdisp[108]",6.80401136235063,0.000413363568042668,0.0334065219471962,6.73778325029608,6.78233998400466,6.80480666955533,6.82565137719598,6.8684960660371,6531.27740469837,0.999817861681953
"overdisp[109]",7.03702873603771,0.000406022234578125,0.0289737636198741,6.98098282289054,7.01779154526081,7.0375404661646,7.05678033551473,7.0924123366507,5092.25556170801,0.999468048331689
"overdisp[110]",7.04062162710499,0.000379967037269614,0.0288479441360719,6.98322495322295,7.02266052419033,7.04027885293878,7.05940976426083,7.09844209807416,5764.18474444801,0.999303375755341
"overdisp[111]",6.49697435178236,0.000463118720807338,0.0376261466975339,6.42270850393895,6.47197945541848,6.49805731714561,6.52099025369976,6.57021065395952,6600.77326093771,0.99952090255176
"overdisp[112]",6.35087945984883,0.000575915434500365,0.0395216561236987,6.27031104579693,6.32583613950924,6.35187073500143,6.37592481439726,6.43017941360104,4709.2617995368,0.999786256815466
"overdisp[113]",5.266537776069,0.000765855553237741,0.0696063692931952,5.12610361677678,5.22105781398713,5.2669468694007,5.31256449395056,5.40082848561859,8260.45997172269,0.999892707534339
"overdisp[114]",6.12439395789415,0.000730226532965986,0.045854863061158,6.03347155976143,6.09374985754147,6.12580783396255,6.15422272124215,6.21410336516203,3943.26154447329,1.00032902135149
"overdisp[115]",5.69869658636273,0.000874250888623723,0.0568070217745779,5.58234006428208,5.66110807115484,5.70068123391754,5.73868615370546,5.80489332225787,4222.13268495479,1.00128863104475
"overdisp[116]",6.6484378039482,0.00053546050184401,0.0364530268999216,6.57643398302732,6.62554881999983,6.64775288988852,6.67271603354851,6.72082538956606,4634.60057048613,0.999827527379773
"overdisp[117]",6.3176218218208,0.000941109023944338,0.0428272711455134,6.23335190702736,6.28867631966592,6.31798713032723,6.34675067790107,6.39890520331827,2070.90859520056,1.00209675405698
"overdisp[118]",6.72351431114788,0.000574044984814905,0.0343738488750936,6.65529124447777,6.70030010613623,6.72409611543157,6.74795984065036,6.78870334183625,3585.62174033615,1.0007844344973
"overdisp[119]",6.22365716985877,0.000822914347761723,0.0434099054889299,6.13626743038585,6.19368038355577,6.22401671891731,6.25440800474437,6.30437833662632,2782.71296665408,1.0008382704452
"overdisp[120]",6.31642120577861,0.000583702430168013,0.0403702112121949,6.23742306724473,6.28762399857584,6.31609943482703,6.34391767877865,6.39512964419426,4783.42578550596,1.00077564280413
"overdisp[121]",6.58783510515741,0.000557440993490065,0.0373723591810804,6.51335709509193,6.5618616439582,6.58706885672768,6.61235952651215,6.66007330694053,4494.72600144114,1.00223473347023
"overdisp[122]",6.57346471392232,0.00117532483224188,0.0372552085245295,6.50093272265203,6.54795302357186,6.57441878546323,6.59832013666096,6.64416407122949,1004.75036610314,1.00405263474852
"overdisp[123]",5.68659156524338,0.00107861701338702,0.0583940195890222,5.57064627158858,5.64794710388402,5.6875428104712,5.72834342836725,5.79366105370893,2930.90815889121,1.00063396166053
"overdisp[124]",5.89967715811097,0.000747779071252584,0.0513835366091655,5.79926239831759,5.86645810491472,5.90023661742861,5.93573663893086,5.99865622466454,4721.73242904618,0.999851655563785
"overdisp[125]",5.45919764470126,0.000844754301557168,0.0659221305378878,5.32557359016371,5.41510365200036,5.46109780910298,5.5035257432671,5.58729560251405,6089.78059433171,1.00019392702165
"overdisp[126]",5.59529940418523,0.000699057686585351,0.058890209255519,5.47904120209921,5.55697111615503,5.59667298852394,5.63287778092902,5.71146207793694,7096.76074806634,0.999434134133655
"overdisp[127]",4.85153469028219,0.00120420543001013,0.0873237735839805,4.680892014673,4.79557344441223,4.85309662638336,4.90915067907037,5.02038798494906,5258.52360102562,1.00021713898004
"overdisp[128]",5.7699517889343,0.000768911393632725,0.055308685083386,5.65500906562251,5.73492740440773,5.77163543590376,5.80605879836589,5.87587246768399,5174.09114321558,1.00016344513294
"overdisp[129]",5.14545531177315,0.00127555193351867,0.0748369786225437,4.99523004898242,5.09478156881168,5.14816324374649,5.20039311059614,5.28700098569833,3442.20079198083,1.00118747780019
"overdisp[130]",5.42297910175385,0.00081965713284861,0.0662791289532686,5.28921833658875,5.38184606660356,5.42281039276897,5.46577590331763,5.54941729851466,6538.66578200124,0.999937117670998
"overdisp[131]",5.60610037847485,0.00102418945431639,0.0594253146964615,5.48858127692745,5.56543640658434,5.60595248693259,5.64769478686922,5.72012955840164,3366.52916375075,1.000893012578
"overdisp[132]",5.62178922108229,0.00125191555879613,0.060162637600977,5.50156299169138,5.58175780344613,5.62214819244117,5.6632645241818,5.73547980129594,2309.42393322418,1.00109388064992
"overdisp[133]",4.62116677751581,0.00137949496307804,0.0959490342135659,4.43167436458809,4.55389846724927,4.6230146846612,4.69162993548837,4.80663080575879,4837.72277020516,0.999371284896313
"overdisp[134]",5.26961960393579,0.00106995410615299,0.0715826539431555,5.12503510786022,5.22119141551062,5.27097212812184,5.31934814973606,5.40494185998245,4475.95067858577,1.00134491218344
"overdisp[135]",3.69571952305805,0.00252395493731115,0.162108839615437,3.35447001902259,3.58902410387682,3.70777031536677,3.80374192789054,3.99081922874183,4125.24931343248,1.00006217839964
"overdisp[136]",5.18099393771282,0.00115880944550475,0.0760825653126711,5.02851802793925,5.12990059477953,5.18189716969141,5.23627529758678,5.32732385083338,4310.68454055842,1.00032668339764
"overdisp[137]",4.70389102856267,0.00490526855240107,0.100348712171286,4.48111152494369,4.63852753002998,4.7073021503248,4.7733152994267,4.88773115106325,418.502472975677,1.00820750953143
"overdisp[138]",5.23509929701758,0.00197599584961619,0.0731340311843122,5.09204502371478,5.18709346136733,5.2359045821085,5.28455993409785,5.37642022012389,1369.83093315262,1.00260477989359
"overdisp[139]",5.54156377278338,0.000777619916173524,0.0621579481151664,5.41524552844326,5.49957493439447,5.54263620390825,5.58333781493409,5.66004913449266,6389.37810305794,0.999503811568751
"overdisp[140]",5.7371709246178,0.000743146334085449,0.0551508179080538,5.62719667615413,5.7012118172273,5.73585328152931,5.77567781022405,5.84297222457256,5507.50925480367,1.00022522247748
"overdisp[141]",6.30565897276699,0.000556883628226252,0.0410561693607889,6.2231592464339,6.278180515387,6.30650261079971,6.33311030424829,6.38462705422808,5435.35546749174,1.00048896051386
"overdisp[142]",6.49833298902962,0.000520482055814114,0.0381815382487894,6.42169648729214,6.47194584074271,6.49962023859187,6.52309710036759,6.57388284752023,5381.40056094706,0.999992233253514
"overdisp[143]",6.65779429548694,0.000431489127430387,0.0344530419175186,6.58885501780844,6.63502607504038,6.65858946402097,6.68120585135606,6.72334631252052,6375.51733904947,0.999721541897839
"overdisp[144]",7.31624357043331,0.00036735269439854,0.0263661374209775,7.26445821463671,7.29825469212901,7.31698091898924,7.33361245414204,7.36693142724461,5151.41529905819,1.00019732591906
"overdisp[145]",6.79331593365066,0.000421827336814001,0.033234857550811,6.72774809346841,6.77091256987527,6.79465314476012,6.8159997676916,6.85845459360796,6207.52105358294,0.999645969690955
"overdisp[146]",5.96968613769077,0.000744689827323527,0.0500868552272643,5.87267298066698,5.93418243832078,5.96917158555834,6.00518672337536,6.07030763928293,4523.73011338701,1.00062244920927
"overdisp[147]",6.79025075793286,0.000512238609162625,0.0331962970841485,6.72575721319783,6.76762181994245,6.79030160830288,6.81374066515361,6.85260434415158,4199.85857106183,0.999908132073041
"overdisp[148]",6.34999241836853,0.000479421357877792,0.0405053636543027,6.26949551615242,6.32300426124941,6.35114796076128,6.37721790378774,6.42793373219825,7138.22636289871,0.999486380997086
"overdisp[149]",6.44801854078099,0.00063568133178262,0.0395917157221389,6.36970840750158,6.42086175144936,6.44846806586428,6.47444939755661,6.52656177457973,3879.0888734505,1.00134949398148
"overdisp[150]",6.8113584172298,0.000426423052325283,0.0324753940118529,6.74653027664356,6.78921253189221,6.81236495915838,6.83252562118765,6.87517136884757,5799.99352610878,1.00050686594168
"overdisp[151]",6.23509484006897,0.000820919735841941,0.0447452269232289,6.14273846444671,6.20588166256367,6.23531094056891,6.26557265997771,6.32234653477919,2970.92738116042,1.00305870000553
"overdisp[152]",6.10939616089053,0.000600070942233944,0.0464647844822249,6.0168778353498,6.07834451871068,6.10969911771965,6.1405195083006,6.19799953848625,5995.73818203147,0.999676509322534
"overdisp[153]",5.9712878864876,0.00111217002919207,0.0502630404450745,5.8718501972953,5.93823611012503,5.97230653618406,6.00535543863746,6.07106205016853,2042.46741486914,1.00321209391085
"overdisp[154]",6.17585661433739,0.000610006286271758,0.0442154571963621,6.09004922445663,6.14644770078687,6.17588216209684,6.20657146063617,6.25962753416974,5253.87358666378,1.00071426348703
"overdisp[155]",6.37626670797227,0.00127982427864249,0.0429246592187595,6.29138194728805,6.34714894620266,6.37607017731386,6.40472854203737,6.46013057709323,1124.89768420121,1.00608210224124
"overdisp[156]",7.34011566679831,0.000569725549902548,0.0246935207896742,7.29056310828242,7.32337962717476,7.34048530393536,7.35722161761596,7.38596420503629,1878.60138919543,1.0005167224024
"overdisp[157]",7.03795174276971,0.000355895958473153,0.0295164121847034,6.98114524584115,7.01831461201216,7.0387114331616,7.05770750359285,7.09616346673298,6878.2985215138,0.999320396451149
"overdisp[158]",5.91517860952425,0.000860195769380899,0.051286045607727,5.81099592968056,5.88085468845342,5.91648677243003,5.95169112945108,6.01218500761601,3554.70711871945,0.999832605022636
"overdisp[159]",6.4725429764634,0.000741206532058898,0.03882057916551,6.39902575072589,6.44587754681336,6.47212846345919,6.49977446416954,6.54906988036041,2743.12466236697,1.00178972480021
"overdisp[160]",5.37811539246865,0.000836124809954083,0.0662743190750147,5.24621909144592,5.33420310526453,5.38038299529036,5.42351296453727,5.50547260204952,6282.72901404966,0.999253675006769
"overdisp[161]",5.77288852924395,0.000685763455525282,0.0538764224885051,5.66502405439037,5.73710535385861,5.77376674635386,5.81000590413372,5.87817554380675,6172.32555159708,0.99957981045117
"overdisp[162]",5.86372807234897,0.000722831815275788,0.050183947560788,5.76384690118698,5.82922329950352,5.8630632817256,5.89774003446508,5.96371192520603,4820.08971895115,1.00150443656129
"overdisp[163]",6.31294677725572,0.00123071720547665,0.0437155919389949,6.22977007021452,6.28400478505613,6.31382508869294,6.34344543794601,6.39914148463232,1261.7002311601,1.00354393821348
"overdisp[164]",5.92609136344697,0.00161648339293841,0.0533443594458065,5.82167509296975,5.89059701328651,5.92637806690532,5.96198947059459,6.02905246975481,1089.01663716819,1.00264604802964
"overdisp[165]",6.32728152470716,0.000556707824938428,0.0421314046394983,6.24460918156776,6.29933225707343,6.32736677519032,6.35560705504868,6.40725519872963,5727.39618232066,0.999819275299576
"overdisp[166]",6.19128294005249,0.000945771002371127,0.0435906891042188,6.10657983468084,6.16146205761865,6.1917954717016,6.22006728164746,6.2752202193697,2124.29819791387,1.002519051037
"overdisp[167]",5.86123388626638,0.00064168033264613,0.052568419036464,5.75413717233636,5.82789476779713,5.85970819291412,5.8957432253294,5.96597396421083,6711.38843495063,0.999562174407944
"overdisp[168]",6.45992191348107,0.000488394250656624,0.0391803931234118,6.38115829933422,6.43583959200246,6.45895586255255,6.48489017362409,6.53681518876083,6435.71039674743,0.999578986584438
"overdisp[169]",7.31711410694063,0.000310575237766383,0.0252344705267433,7.26978876701425,7.30009891983208,7.31685876811446,7.33461601163996,7.36514988658501,6601.68412796935,1.00005212913421
"overdisp[170]",7.09911959221047,0.000392846280707828,0.0280125805569643,7.04332631420952,7.08038358922888,7.0986545570402,7.11792007338548,7.15358533302883,5084.64861320246,1.00015428772912
"overdisp[171]",6.25444885551687,0.00120052854534232,0.0453389962163444,6.16495962537699,6.22409700158764,6.25516903309039,6.28434011831575,6.34386326744138,1426.26038582228,1.00230121673443
"overdisp[172]",6.48357464575949,0.000634927618276398,0.0393265788502972,6.40424689472136,6.45723368995257,6.48395042288509,6.51165003059412,6.55736006013432,3836.40013452067,1.00062065230588
"overdisp[173]",6.30427030710791,0.000996328277934589,0.0433862074512531,6.21768105500599,6.275770107853,6.30430821829323,6.33353633028612,6.3881718147179,1896.26253040789,1.00102031289502
"overdisp[174]",6.02529916733743,0.000748836179796403,0.0482870811990122,5.92892029115588,5.99445356214132,6.02520363302347,6.0584765334249,6.11958997988346,4158.03624647109,1.00000735207688
"overdisp[175]",6.20697203352835,0.000516486151695264,0.0453901673661936,6.11722117037456,6.17632349664851,6.2073367685848,6.23740273054309,6.29264648825902,7723.35869643019,0.999605774000223
"overdisp[176]",5.61934057463739,0.000857013343217654,0.0604300884917573,5.49979940656728,5.5809340593885,5.617761046231,5.66099357092935,5.7350576759051,4972.00198132681,1.00140932664144
"overdisp[177]",5.36533044276406,0.000995727186562609,0.0679296735643665,5.23113675199055,5.32038104669769,5.36714523737185,5.41437795533879,5.49335089783134,4654.12802195323,1.00130150337017
"overdisp[178]",5.93476658873637,0.000953395023531245,0.050664017476077,5.8333241761617,5.90351162229377,5.93563866960126,5.96872601293442,6.02912865662073,2823.9271461473,1.00075227150402
"overdisp[179]",6.87212357786262,0.00171746859771879,0.0343202138813529,6.78912111083082,6.85059846848655,6.87330465503933,6.8956964534013,6.93556866115031,399.321194055292,1.0074442800459
"overdisp[180]",6.56350692703249,0.000467148529740391,0.0369771277686146,6.49055233219605,6.53938099330368,6.56316124554213,6.58806928156257,6.63596860241857,6265.50924569932,0.999246655722307
"overdisp[181]",7.19847517559343,0.000360449991508538,0.0276532995859122,7.14393460481793,7.1804043134389,7.19756359524997,7.21756271463544,7.25296896228005,5885.77800982055,0.999730931463766
"overdisp[182]",7.33037909012279,0.000774397776999236,0.0264728223004982,7.28233387556456,7.3121257629951,7.3307805095688,7.34854950325396,7.38006346562496,1168.61725272978,1.00394960017956
"overdisp[183]",5.85433551134809,0.000740305472040739,0.0530861803275473,5.745863928641,5.82010826342128,5.85644151466877,5.88972012024376,5.95547572570105,5142.10614107172,1.00073871936058
"overdisp[184]",6.43159521030606,0.000585548040502347,0.0394814311656191,6.3533726423177,6.40439573499226,6.4325667707308,6.45964574295075,6.50682737783382,4546.32742398135,1.00129466135213
"overdisp[185]",5.64623533728574,0.000774043936310067,0.0586919001630221,5.53208954051961,5.60692467667215,5.64678961336078,5.68626629991636,5.75558210296672,5749.4342871816,0.999775543940888
"overdisp[186]",5.02959619428745,0.00167674201309385,0.0815620022405026,4.86105314544403,4.97429364742653,5.03201018471613,5.08756449902278,5.18616610874747,2366.15540289495,1.00159460591152
"overdisp[187]",6.60486465771134,0.000504676068529251,0.0366840507134255,6.53338170118066,6.57919710245953,6.60534478138154,6.62892286416497,6.67933020751872,5283.59046670956,0.999611412794642
"overdisp[188]",5.6029652615181,0.000977967805254258,0.0584259791043304,5.48922470552479,5.56295586511643,5.60398184217637,5.64220067761684,5.71627986453045,3569.13423477488,1.00053919514945
"overdisp[189]",4.54321967949785,0.00147417023455874,0.0991912732342478,4.35101569265726,4.47682952092977,4.5452369599671,4.60969418977734,4.73042552615203,4527.42905875391,1.00019953075492
"overdisp[190]",4.94096900037883,0.00117721853596953,0.0811252712908644,4.78040652771993,4.88763185403672,4.94201932411536,4.99375187544204,5.09825115319982,4748.95594647106,0.999305683537107
"overdisp[191]",5.24468903866341,0.00176246016111723,0.0729716217951942,5.10491283223387,5.19450316453247,5.24499100864219,5.29701478402822,5.381420948816,1714.23113693293,1.00188378440382
"overdisp[192]",5.7401482564105,0.000705525270103406,0.0541480749098195,5.63186760001721,5.7048282370734,5.7392577888646,5.77729146308541,5.84476906127791,5890.34720267733,0.999842238471952
"overdisp[193]",5.76163102690343,0.00222956589036638,0.057675061048295,5.64451327733951,5.72218613832063,5.76305726152611,5.8022053207397,5.87003056414216,669.168520858109,1.00706658539231
"overdisp[194]",5.83086027265142,0.000741726486874031,0.0526280048654924,5.72616147884703,5.79519917107093,5.83130931540545,5.86704320606138,5.93307696696896,5034.38281954489,1.00020642339857
"overdisp[195]",5.94895299941972,0.000611513642369329,0.0491520368459203,5.84970300400055,5.91709674034758,5.94964903340264,5.98017120039736,6.04759716565171,6460.56854626487,0.999306709081438
"overdisp[196]",4.62194943407458,0.00156314131705869,0.0980740573585484,4.42618331687102,4.55651241514353,4.62548748438552,4.68608870153355,4.81674469759812,3936.51399794492,0.999751531406044
"overdisp[197]",4.71327533013712,0.00122690450576975,0.0932541938774311,4.52732582941054,4.65129006010952,4.71114951757033,4.77752384896027,4.89350266062936,5777.17098887458,0.999506839250123
"overdisp[198]",4.31974900934049,0.00431473139430715,0.117395758867874,4.07658009577285,4.24220779845287,4.32396426879781,4.4032632837556,4.53577048777021,740.282163758355,1.00613325154788
"overdisp[199]",4.93655002366977,0.00304552689610632,0.0825837886908401,4.77699320015615,4.88209364008394,4.93771244296644,4.99272862361263,5.09778407865813,735.300273767133,1.00786592135158
"overdisp[200]",5.18462439253838,0.0018059682243281,0.072700156496126,5.03607709168193,5.13753577211826,5.18835839796191,5.23446587221304,5.3222150048049,1620.50539801774,1.00353051113537
"overdisp[201]",5.33832268011745,0.00331725818268671,0.0717996333226013,5.17471532492758,5.29374148856606,5.34088930590739,5.38582151554541,5.47021406530309,468.474444148623,1.00584800547085
"overdisp[202]",5.64716968784993,0.000880872916815079,0.0567302738322754,5.53516078489576,5.60841918929195,5.64871295286698,5.68761394178521,5.75555816720432,4147.660921774,1.00043820863256
"overdisp[203]",6.08755156824014,0.00106405738555868,0.0477202182812251,5.997246133292,6.05500410056422,6.08768037877031,6.11935942455808,6.18003655260225,2011.2902214341,1.00196374376227
"overdisp[204]",5.67291045047323,0.000975637435309357,0.0592203497036365,5.55428575083412,5.63234776069353,5.67473395575544,5.71530640427421,5.78461578666177,3684.38515234549,1.00163547759107
"overdisp[205]",5.89535406550864,0.00252618766448308,0.0546691973761866,5.78939591663337,5.85939247968223,5.89428818080212,5.93068288816673,6.02083941963745,468.332369212377,1.00803248535577
"overdisp[206]",5.89565237608294,0.00149232262373962,0.0519340740680443,5.79524122474887,5.86115872972937,5.89526840115659,5.93169706104175,5.99178107127584,1211.0981480632,1.00375672277665
"overdisp[207]",5.05825410457106,0.00245659250014877,0.0782380840611973,4.9058829275805,5.00619546598719,5.05845923655164,5.10994511244322,5.204936999631,1014.30874550817,1.00436518650509
"overdisp[208]",5.12288388967596,0.000916487061275365,0.0750555189963051,4.98351155975546,5.07441442966357,5.12226463644168,5.17341447682219,5.26820602674867,6706.75726812765,0.999723444670533
"overdisp[209]",5.24885173361786,0.000906226361508814,0.0711224338293578,5.1068647426821,5.20213707100752,5.24995219745584,5.29571636324319,5.38861594236408,6159.42025805903,0.999425491731532
"overdisp[210]",5.20037022781643,0.00113070426937961,0.073354566021247,5.05435464704706,5.15058575966863,5.20154879443882,5.25243078687005,5.34028152315052,4208.78014626798,0.999960851164581
"overdisp[211]",4.0615869843464,0.00164461759222428,0.127121894961259,3.80309446068655,3.97935436474382,4.06435174265401,4.14690262662031,4.30525077488898,5974.62777061593,0.999708823168878
"overdisp[212]",4.85983840699562,0.00133457370401466,0.0852023810912261,4.69101383316529,4.79793564075918,4.8603448991605,4.92024784376565,5.02651162690903,4075.85135369058,1.00077132215451
"overdisp[213]",4.6645688568584,0.00120323976437978,0.09556387573477,4.47545187034125,4.60016129951888,4.66912791469085,4.72820790965262,4.85009360817686,6307.87615249326,0.999584697178952
"overdisp[214]",2.62460233285515,0.00413561557264541,0.253322166202057,2.09797788302275,2.45321548583428,2.62794403401963,2.80167927854857,3.09083340708876,3752.02792670829,1.00102235206042
"overdisp[215]",3.95263984845459,0.0019790128373041,0.135024440814911,3.68030072856642,3.86387714891299,3.95776562143267,4.04172327128615,4.2102735787448,4655.08432057244,0.999817656331019
"overdisp[216]",5.35645579268846,0.00108407770430595,0.0679648766367638,5.21834694871756,5.31087535024388,5.35750322318664,5.40455883576855,5.48695321608528,3930.50398302729,1.00139322284386
"overdisp[217]",5.68673931664359,0.000734867137344016,0.0573637284174531,5.56741199293755,5.64963359420362,5.68846250374593,5.72576879595498,5.7965418482758,6093.36353124787,0.999744735296213
"overdisp[218]",6.63638798969559,0.000477344809913542,0.0360423297657895,6.56341367802492,6.61352006566332,6.63596109467573,6.66067653136853,6.70655161064267,5701.13469716364,0.999713674899311
"overdisp[219]",6.25703490997664,0.00192642574921459,0.0447541069655656,6.15311296146003,6.22895552534837,6.25870906354334,6.28750467307407,6.34161690183878,539.710965657133,1.0063189718719
"overdisp[220]",5.69546459172705,0.000688647722894904,0.055509474744528,5.58610346062501,5.65872257644577,5.69731532356969,5.73194678501034,5.80118454779226,6497.40598559647,0.999657288524429
"overdisp[221]",5.63834051568918,0.000908298329427732,0.0583235847444899,5.51838423184505,5.6000971439045,5.63855401655923,5.67995627936567,5.75087884506293,4123.17138822383,1.00177798845742
"overdisp[222]",6.29515835309656,0.000725108017231013,0.0422951770725518,6.21346355769851,6.26586917712076,6.2950512349148,6.32349253613303,6.37854686701179,3402.32879753496,1.00101045506786
"overdisp[223]",6.43004441428252,0.000492533773084675,0.0390479829741948,6.35127097129711,6.40449615770388,6.43147732712948,6.45538762642597,6.50530404065934,6285.28795990554,0.999445480118651
"overdisp[224]",6.24631265115463,0.000535627197545277,0.0442027526458807,6.15902777895749,6.21705406757529,6.245749862187,6.27691295104699,6.33101753464087,6810.41203788184,1.00032694913122
"overdisp[225]",6.2401745710198,0.000509103537093,0.0437891996292182,6.15186523051671,6.21286874522089,6.24010841221857,6.26980841330868,6.32717045614608,7398.12705926143,0.999918556934592
"overdisp[226]",6.41758488754768,0.000574653427020614,0.0408230697338001,6.33386762675907,6.39016981190227,6.41744577573091,6.44565409357307,6.49866450298148,5046.60502323837,1.00015826616677
"overdisp[227]",6.44012938480115,0.00052992069598173,0.0391674346791821,6.36287292499747,6.41413226315321,6.44104950214007,6.46539545940104,6.51586739267475,5462.96594606967,0.999362095821229
"overdisp[228]",6.36132269942347,0.000749380762664816,0.0411177797047653,6.27966668019519,6.33377091830278,6.36205275351179,6.38926697182754,6.4386886127638,3010.60813307315,1.00141834976329
"overdisp[229]",5.83083630338077,0.000869506844564233,0.0548354385507129,5.72310178064947,5.79263368512947,5.83061775646972,5.86764822111088,5.93573223905201,3977.19268712121,1.00152338676039
"overdisp[230]",3.29998948000674,0.00523472533242142,0.199977080411293,2.89287602745183,3.1701808530196,3.30882318229042,3.43866436913629,3.67440958076698,1459.39431117398,1.00196771718898
"overdisp[231]",5.0092370890019,0.00139146467134475,0.0801737770303634,4.84963789688172,4.95500031301874,5.0095941161347,5.06412089399796,5.16297444360788,3319.86420145673,1.00228536685527
"overdisp[232]",4.80210838454101,0.00219060629730683,0.089570887945277,4.63057419028825,4.74305844011592,4.80336299455731,4.8621107111334,4.97339082789591,1671.87997289988,1.00163268615889
"overdisp[233]",5.37168812034742,0.000965234695509088,0.0671300693441954,5.23549557159157,5.32658611362156,5.37329145979617,5.41641529520362,5.50267326385793,4836.91374694255,1.00061563798961
"overdisp[234]",5.98300069101939,0.000623165292480083,0.0487099783780881,5.88516988568518,5.95157278452031,5.982543276702,6.01739354113164,6.07778949189378,6109.83327561859,1.00101835128388
"overdisp[235]",4.79431018296023,0.00131834174240788,0.0887332461417665,4.61801166698852,4.73160237870223,4.79440317475717,4.85887468280142,4.95999384838737,4530.1932931828,0.999797825919482
"overdisp[236]",6.23159495079973,0.000638642496323502,0.0438068343056571,6.14548122069475,6.20367063961019,6.23066213772014,6.26032128805906,6.31783566479123,4705.09192170032,1.00040529557861
"overdisp[237]",5.40897546944695,0.000998107283278616,0.0656167882917022,5.28192342912411,5.36406704173083,5.4096538738296,5.45369102832515,5.53742956853411,4321.90771702564,1.00156555380007
"overdisp[238]",6.40643355577602,0.000567787401536729,0.0402222491719243,6.3285490589304,6.38054092269422,6.4062946419676,6.43473082863201,6.48198193063454,5018.35292274628,1.00058108443452
"overdisp[239]",5.65909190996161,0.00119149191472022,0.0595377774465513,5.53638682349673,5.61991407819885,5.65978583862807,5.7005714770485,5.77262697430683,2496.91085505609,1.00259789749095
"overdisp[240]",3.07115903063805,0.00399672684162137,0.196942219789501,2.66743531404678,2.94494769779221,3.07672447248576,3.21420445209429,3.44366284442186,2428.11204275589,1.00306203643183
"overdisp[241]",3.96864441848129,0.00279043169845546,0.132315573099785,3.71219788451762,3.87789295954835,3.97128052377339,4.06299193790366,4.21711770148283,2248.42875560772,1.00081085028835
"overdisp[242]",3.87455620147341,0.00202838364041142,0.135601096503634,3.60526606572137,3.78362658968623,3.87728284693505,3.9638290639528,4.13658878437038,4469.16310072352,1.00001260849309
"overdisp[243]",3.41218762044972,0.00212905579240342,0.160098961274887,3.08162333653138,3.30861426854317,3.41466617476208,3.52127016993905,3.70966612426687,5654.61373418609,1.00022497434548
"overdisp[244]",3.37125068836794,0.00219520129982728,0.16315790678402,3.03991526678861,3.26761243786156,3.37412372345208,3.48133636114158,3.67787379687135,5524.17651901435,0.999920918988752
"overdisp[245]",3.13015584027321,0.00240912731716405,0.178780856233734,2.76676267827365,3.0093942931399,3.13769909336171,3.25546682180396,3.46779154584842,5507.09440695003,0.999499651135671
"overdisp[246]",3.53657481365917,0.00245772018133493,0.158106277115836,3.22257565599134,3.42497250078101,3.53768652543655,3.64432609645464,3.83596108943804,4138.40846592658,1.0006748022262
"overdisp[247]",3.10710817356812,0.00245880882958714,0.17957369370591,2.7428305117686,2.9897534676941,3.10644081952724,3.23195654700348,3.44351225998912,5333.78988869752,0.999618584829777
"overdisp[248]",3.10582150581205,0.00274342002384815,0.179000311761083,2.75010201234229,2.9896725113164,3.10722703441036,3.2301139702758,3.44753248340228,4257.18934411882,1.00025712801294
"overdisp[249]",3.34668743797634,0.00309692558328027,0.161558451155519,3.02722116157194,3.23195458065703,3.35165936210065,3.45940210312633,3.65104623930513,2721.43410158099,1.00207175041351
"overdisp[250]",3.45880765622903,0.00250918993337431,0.162322909736629,3.12737547084217,3.35218914078089,3.46522843533213,3.5695734813515,3.76432490765011,4184.97208176738,0.999570572967669
"overdisp[251]",3.02097079581913,0.0027578623926828,0.189291361436913,2.62866193922545,2.90054254764297,3.02588777690835,3.15121554209409,3.38314884532548,4711.03579740946,1.00115813697867
"overdisp[252]",3.03079553814859,0.00255741041181848,0.185665825431578,2.66432459947155,2.90733371677839,3.03448692095726,3.15619860044084,3.37945261234481,5270.6367699216,1.00105619224996
"overdisp[253]",3.03172123582368,0.00639675041856816,0.189038198289767,2.67323397565639,2.90961490790778,3.03513208697494,3.16262013663976,3.40286549729648,873.333916071755,1.00495345098102
"overdisp[254]",2.26367703129562,0.00419738882655695,0.258684284985891,1.7172132810685,2.10524393591133,2.27435434616131,2.44449536832339,2.72736399907806,3798.2337481309,1.00055227631483
"overdisp[255]",2.61113763251002,0.00740642537413814,0.217167744941667,2.17812358428049,2.46713860114717,2.62265982647927,2.76238398738709,3.01045874171069,859.752288933349,1.00571588823432
"overdisp[256]",2.57197479994989,0.00589336829078122,0.224649115007136,2.11821251945458,2.41907554242097,2.57887475568115,2.73337574416331,2.98618776239906,1453.05569187274,1.00379154085524
"overdisp[257]",2.34401809010482,0.00348674404331123,0.238702090012822,1.84148504563185,2.19354477923341,2.348772225467,2.50964691102847,2.78732581926309,4686.75561009176,0.999702072473828
"overdisp[258]",2.70300240798447,0.00565265073005501,0.214907683190766,2.29624751476317,2.55983524314096,2.70440755536555,2.84635114677215,3.11161166957812,1445.43837612172,1.00258151109042
"overdisp[259]",2.11867726474967,0.00500340826107797,0.266235225453328,1.56511473247348,1.93707069931893,2.12406205848545,2.29842869347945,2.6351350032248,2831.3864535858,1.00130640210571
"overdisp[260]",2.10684213729147,0.00891549719373016,0.276961306915762,1.55197203872878,1.92731150596665,2.11481455873704,2.29839719355821,2.61791197004508,965.043887860965,1.00466921105409
"overdisp[261]",1.6353224111837,0.00661508307454819,0.338811187133972,0.877706283943296,1.43432336131769,1.64473500311782,1.8631637170676,2.25374547813452,2623.28139047447,1.00035141830064
"overdisp[262]",4.78126856580772,0.0010957336831484,0.087064131510029,4.60462691838368,4.72466825390361,4.78345532840277,4.84160528643433,4.94285603372657,6313.47579763173,0.999553641326165
"overdisp[263]",4.90045914643954,0.0012300348673892,0.0830945301696984,4.73575568896988,4.84608056908835,4.90320786372212,4.95626551056047,5.05471932100375,4563.62581740339,1.00144823913297
"overdisp[264]",4.95339912210133,0.00119061638585461,0.0808954050668697,4.78703947594032,4.90083094335888,4.95668810024554,5.00684444254663,5.10658438071718,4616.40600740973,1.00012611255128
"overdisp[265]",5.22646608137243,0.000973119343464532,0.0685010170213,5.09068635358548,5.18270077523094,5.22702948294781,5.27194771594962,5.35713691835289,4955.20730138109,0.99981747611552
"overdisp[266]",5.99855190411068,0.00171378982471635,0.0489895618294779,5.90281678781058,5.96611615089914,5.99876697663466,6.03017216911303,6.09557334927647,817.13157067932,1.00566104509701
"overdisp[267]",6.40724992683875,0.00070934876348008,0.0404768465640037,6.329185622206,6.37809424079501,6.40705259326006,6.43475880476028,6.48830711728913,3256.06982043007,1.00116808624009
"overdisp[268]",6.40708502557915,0.000528810868621736,0.0399251569098291,6.3289100382109,6.3797045430183,6.40818155626617,6.43454698606575,6.48252001022488,5700.23181896249,0.999481814147373
"overdisp[269]",6.45419286570425,0.000878281360046622,0.0387668224591428,6.37757203588824,6.42831607921702,6.45429905358644,6.48072995902443,6.53033038547294,1948.28765714175,1.00252298340647
"overdisp[270]",6.52090014114819,0.000735789688623696,0.0364078439960831,6.44788046427564,6.49674066205159,6.52174474802904,6.54529037113149,6.59068545062592,2448.40088914377,1.00197971836016
"overdisp[271]",6.62096951903257,0.000460344260851978,0.0361008999542567,6.55079277294555,6.59702111462182,6.62043775080262,6.64500071983215,6.69173285877286,6149.9359217329,0.999496638270963
"overdisp[272]",6.07967430320597,0.00061091840008659,0.0483553032941699,5.98488198635485,6.04808547951248,6.07942780260418,6.11191352259665,6.17452350926629,6265.01062377881,0.999653295685122
"overdisp[273]",6.66440791833496,0.000373932019537963,0.0350718918613368,6.59242774069345,6.64199111641054,6.66472406721582,6.68724255377726,6.73318180095739,8796.96930541221,0.999253115290801
"overdisp[274]",6.73446758913532,0.000428674954753792,0.0339861244119262,6.66792581979507,6.71243504457675,6.7333368710703,6.75778349473986,6.8010611108356,6285.60469311046,0.999645784572312
"overdisp[275]",6.29805586962022,0.000522477184448062,0.0416072824529977,6.2162137713758,6.26975507882872,6.29773030186174,6.32586192972655,6.37802381102841,6341.6758761211,1.00081753354564
"overdisp[276]",6.66095671503362,0.000491748508429157,0.035772272832816,6.5908882301795,6.63737383077418,6.66079053883451,6.68549742520186,6.73071216259709,5291.84318700565,0.999427675831771
"overdisp[277]",6.44000008211367,0.000509939728163219,0.0401501454930374,6.36175307852338,6.41288430292495,6.44032265278836,6.46732771131906,6.51858650886203,6199.21288465329,1.00027089052568
"overdisp[278]",6.34324295158839,0.00105501227374409,0.0409709236632271,6.2628816485974,6.3144956998637,6.3439274178757,6.37097964570699,6.42047332562042,1508.12203575797,1.00237547324316
"overdisp[279]",6.77120407018988,0.00154163593780747,0.0349768995141893,6.70235674476962,6.74802873726201,6.77097583033527,6.79400155177038,6.85001366183453,514.753095597905,1.00784814337203
"overdisp[280]",6.11723238677863,0.00064273780232963,0.0456491409410892,6.02681167491616,6.08659412525545,6.11802876776374,6.14921979003114,6.20547647101639,5044.26078434065,1.00005069450293
"overdisp[281]",5.96687993454991,0.0016764874212216,0.049671780942485,5.87014886414599,5.93401826354857,5.96829270427608,6.00034238993034,6.05960085970468,877.847071441415,1.00486246879941
"overdisp[282]",4.88738162553832,0.00101861852564589,0.0862542832344143,4.70852672771244,4.82947863585322,4.89189230374857,4.94643212617412,5.05140330625808,7170.31442439312,0.999461116141525
"overdisp[283]",5.27542005458589,0.00107655559941221,0.0715187156368361,5.12967725193801,5.22760289011205,5.2774510522947,5.3264452330472,5.40946311936171,4413.33083883021,0.999725505150941
"overdisp[284]",5.675728656307,0.000797815092020039,0.0567824379596553,5.5633347729251,5.63614777010858,5.67750637904741,5.71394376445748,5.78159881230965,5065.51464400259,0.999732627076638
"overdisp[285]",5.38219857223037,0.00107303992765097,0.0676820319083856,5.2487517721932,5.33759068737104,5.3843903309992,5.4268222664222,5.51271626700478,3978.46014786902,1.00042611211262
"overdisp[286]",5.66704608942582,0.00174963518026996,0.059548715197898,5.54707576599257,5.62805724700158,5.66769313544993,5.70670702581166,5.77832841830357,1158.37662785905,1.00294844469181
"overdisp[287]",6.63697932559104,0.000612665297581497,0.0371307214481756,6.56332678216111,6.61247850310138,6.63764210396368,6.66202852595429,6.7113713708758,3672.99393802072,0.999513473663518
"overdisp[288]",7.01070747893988,0.000363290422402109,0.0289976123486887,6.95252097230281,6.99159369914317,7.01044628549998,7.03006328341656,7.06921777185632,6371.13169779451,0.999489122354465
"overdisp[289]",5.77749143587114,0.00111159318388798,0.0544947444715493,5.67179015448268,5.73950116235239,5.77679228493793,5.81434710716841,5.88589762949788,2403.35259581303,1.0005468558355
"overdisp[290]",6.25993836548569,0.000549120737399361,0.0437360573337893,6.17137356326851,6.23187069703649,6.25963571708632,6.28966786228845,6.34605555993025,6343.71363943728,1.00024151658187
"overdisp[291]",6.44527963750072,0.000906670606810726,0.0401255363508471,6.36569279791826,6.41868563771647,6.44534028788198,6.47310219407716,6.52165095651455,1958.58591904581,1.0020843954303
"overdisp[292]",6.58965486338697,0.00063281119555607,0.0373179921725548,6.51483998057373,6.56472852819831,6.58946268948674,6.61422836482582,6.66388563545138,3477.66889180402,1.00119898088162
"overdisp[293]",6.03658264581778,0.000617222842367754,0.0472648571800532,5.94340404289163,6.00506544403021,6.03642805752615,6.0677013962885,6.13012766844501,5863.98322796744,0.999083823654806
"overdisp[294]",5.45831132667465,0.00114471873430688,0.0637663561232298,5.33338473600151,5.41513899770301,5.45961573783188,5.50312886668953,5.58016659127467,3103.02746545189,1.00047954206477
"overdisp[295]",5.33185232951792,0.000922094419221837,0.0673468499200411,5.19913577007417,5.28584538375781,5.33422177520043,5.37607674085731,5.45777254179868,5334.37799457225,0.999358317107223
"overdisp[296]",5.72132760509234,0.000987160389385526,0.0561546374487272,5.61131423542242,5.68123779295989,5.72238610883766,5.75924273491811,5.83061251544864,3235.90538000167,1.0002068500586
"overdisp[297]",6.51193177570379,0.000476642624231546,0.037982168384602,6.43604061951805,6.48693956503378,6.51282102187237,6.53688406927154,6.58528620467385,6350.00044394137,0.999486119852513
"overdisp[298]",5.96335907445628,0.00069924433316639,0.0493006602242468,5.86525706805061,5.92990053916102,5.96499147369242,5.99695050156659,6.05780643326748,4971.04345644038,1.00146381120004
"overdisp[299]",6.47208732423586,0.000751690574468535,0.0383510582952189,6.39726883940435,6.44574097804782,6.47217125455699,6.49828853812574,6.54608444913089,2603.01395456133,1.00230306710117
"overdisp[300]",6.45699682039916,0.000484512282085865,0.0395313347377682,6.37860629880563,6.43094202515202,6.45774758747084,6.48356762083794,6.53478825082965,6656.92057012897,0.999676328840656
"overdisp[301]",6.39276867316394,0.000571428392122221,0.0397640408922286,6.31540090580981,6.36598434265004,6.39327682302961,6.42019372880008,6.47018207161614,4842.36356742382,1.00005476521502
"overdisp[302]",6.07955278086268,0.000636941827933984,0.0460088393706853,5.9863160833225,6.05026459972394,6.07909792195926,6.10998558457577,6.16697642597024,5217.74698445222,0.999472796693157
"overdisp[303]",4.89898318238633,0.00108717338795698,0.0846872823060657,4.72858642167627,4.84395537419353,4.90208417675421,4.95522699632039,5.06640748732598,6067.90490695939,0.999955715589919
"overdisp[304]",5.55612882864244,0.000985935424627759,0.0612467941559234,5.43384730889205,5.51485987176841,5.55563005361772,5.59940323767114,5.67088680836028,3858.95558905377,1.0013315124535
"overdisp[305]",6.04487549533488,0.000859147450464585,0.0476129664264232,5.95059395971117,6.01380948528373,6.04492573240059,6.07883623328581,6.13461024320419,3071.24928896747,1.00078526506762
"overdisp[306]",5.91031382565635,0.000854536476314096,0.0515230619175901,5.80469158721824,5.87714012975016,5.91220771419751,5.94675643093357,6.00883745948435,3635.31558037146,1.00079347199968
"overdisp[307]",5.91961368209794,0.000748302618624107,0.0498334594338477,5.82165567013592,5.88598379449089,5.9212522846226,5.95377837525696,6.01559004233966,4434.93790780727,1.00019002065388
"overdisp[308]",5.76367269282667,0.000883868068116995,0.0557905872721553,5.65364689298933,5.72620796837202,5.76269683205443,5.80150367898362,5.87532712366392,3984.25363446071,1.00055117906188
"overdisp[309]",5.77148037887216,0.00135073604024184,0.0564962990438047,5.65891665302682,5.73376423555254,5.7721142531434,5.80957329971767,5.87888163141023,1749.4398797629,1.00174345489053
"overdisp[310]",5.40350471383619,0.00295374993132215,0.0692392145187514,5.25007440785313,5.35883694568787,5.40430774775119,5.44971639813984,5.53733722552004,549.486232698598,1.00695150082811
"overdisp[311]",6.18808729161794,0.000567861552477585,0.0465217224093225,6.09531488116271,6.15802095965911,6.18767996793116,6.21917842355893,6.28206231926939,6711.60888486256,0.999587557124089
"overdisp[312]",6.53572254185202,0.000554575640150456,0.0372255595427766,6.46439706054288,6.50947994978725,6.53526063695734,6.56143421031354,6.60852580453401,4505.68566676367,0.999909516980127
"overdisp[313]",7.01383296931362,0.000366409717492111,0.0296387235010085,6.95522950571122,6.99469652640862,7.01382626087318,7.0331814386197,7.07191480020645,6543.12209734382,0.99915685278151
"overdisp[314]",6.79565504005939,0.000515845536044227,0.0332548563442641,6.72978321484675,6.77412133949223,6.79564578095242,6.81764952946184,6.86132439327332,4155.95464049726,0.999460542971507
"overdisp[315]",6.39956283058169,0.000583121952638044,0.0400891551542789,6.32128575438074,6.37273178731509,6.40004680752248,6.42655005159055,6.47726653124229,4726.44953147901,0.999867528483033
"overdisp[316]",6.49291155791695,0.000461888642848783,0.0378345428822911,6.41741656908765,6.46804523211828,6.49185143442636,6.51812505324553,6.56822819899618,6709.68937397755,0.999538013075539
"overdisp[317]",6.64134439854042,0.000450298150821654,0.0351312390064373,6.57320119273803,6.61854659544319,6.64089383902388,6.66542786802838,6.7100748687823,6086.76600589479,0.99974442026007
"overdisp[318]",6.4606312365746,0.000514228222192971,0.0382684516703965,6.38569558395949,6.43502717835049,6.4615061959665,6.48646755727182,6.53432155326675,5538.21696897371,1.00124445711994
"overdisp[319]",6.41191814246328,0.000563534860588367,0.0394058864356812,6.33615736445865,6.38473289629464,6.41266347192334,6.43803306986173,6.48944416866049,4889.68214906973,1.00117703203228
"overdisp[320]",6.64182313514494,0.000425797638912351,0.03479139788144,6.57342838385675,6.61828037039126,6.64125818268567,6.66471305531174,6.70969973962022,6676.32176584575,0.999534031912583
"overdisp[321]",7.3089776110367,0.000349456765206936,0.0256898599730486,7.2583986827596,7.29138612791631,7.30877455766375,7.32605025037013,7.36086010528301,5404.26416033159,0.999762354711762
"overdisp[322]",6.70484597177998,0.000430934103912597,0.0340116730708931,6.63729474226666,6.68287186088345,6.70394830567276,6.72827140606455,6.77211972929756,6229.2284889229,0.999948621105285
"overdisp[323]",6.63462128978765,0.000921272070769183,0.0360278713569563,6.56470063058494,6.61033247468219,6.63541889588785,6.65938188398203,6.70330111964994,1529.3306626111,1.00252472712305
"overdisp[324]",5.65733546656796,0.000816667886924506,0.0589237211045057,5.53957474084251,5.61821996298244,5.65803628121878,5.69854264879034,5.77099227167659,5205.82270690356,1.00098644668585
"overdisp[325]",6.36063516162612,0.000556472582399417,0.0401915915019707,6.27928011492852,6.33486432791,6.36055908413945,6.38710517496915,6.44122289930907,5216.5438770085,0.999829463057927
"overdisp[326]",6.9204282788197,0.000555655174163048,0.0307223406646472,6.86048602734939,6.89887275519884,6.92127837803314,6.9419225722785,6.97892466735269,3057.01715241964,1.00083484719703
"overdisp[327]",6.96136838822694,0.000402035784250163,0.0304439345266494,6.90133839575347,6.94154914553229,6.96149323161479,6.9809628467108,7.02190380546553,5734.1907772799,0.999535381515348
"overdisp[328]",5.50160303642127,0.0013163898883321,0.0656272067586152,5.37429962581443,5.45594085947679,5.50170049112605,5.54660784999087,5.62746142214079,2485.41414049661,1.0014192456429
"overdisp[329]",6.16977831978317,0.000873238845142515,0.0469017814119362,6.07970560856403,6.13748454790936,6.16994078181925,6.20059179498012,6.26145484180955,2884.7792354952,1.0005735345876
"overdisp[330]",5.97674519853204,0.000703317062144868,0.0507436230098131,5.87693754374693,5.94304314692824,5.97755006033268,6.01159203088035,6.07092519822111,5205.4782611394,0.999484585725038
"overdisp[331]",6.20924674424645,0.000581573818267337,0.0432182788724868,6.1227226523286,6.18106054314637,6.2089502803026,6.23857697575623,6.29306178415296,5522.36669586727,0.999108457529636
"overdisp[332]",5.35898279753027,0.000962744573371214,0.0680794309725616,5.2232126705495,5.3134793001462,5.36074077957971,5.40616507282318,5.4873228318238,5000.45675285643,0.999525275457773
"overdisp[333]",6.83665135955546,0.000528347911828349,0.032823374814583,6.7711934880284,6.8145789968373,6.83721293171487,6.85992024803968,6.89739388498496,3859.4593714323,1.00047456689259
"sigma_rn[1]",0.267801257779789,0.00678980588863959,0.088320083716343,0.115586078654102,0.204807802796616,0.263027120651232,0.320771971054473,0.476425499616251,169.201507065965,1.02509315597862
"sigma_rn[2]",0.227949967936896,0.00337211839401643,0.0658607824788103,0.109398212572771,0.181540002431533,0.224259659676675,0.272433105759705,0.367815918175446,381.459244254892,1.01123060327177
"sigma_rn[3]",0.28781967194048,0.00479188263999664,0.0776364556567217,0.147757627880625,0.232799416985378,0.283734562784333,0.336776802611574,0.443311033790517,262.493802738521,1.0174747231335
"sigma_rn[4]",0.229838999833295,0.00440931592283052,0.0717454743720245,0.0969727103643165,0.178223652112154,0.229067698265915,0.280790169370682,0.373589444963032,264.756474576631,1.01161947276968
"sigma_rn[5]",0.232999786698008,0.00546359881524369,0.0831867591365782,0.0920945209235087,0.171968494596282,0.227064855842599,0.285471952772564,0.405915383344711,231.819948831624,1.01567134777777
"sigma_rn[6]",0.238043524328764,0.00385972058126754,0.0830685459500981,0.0948692636037874,0.174922473896212,0.234327233021389,0.290368260970894,0.421930065829835,463.192464791583,1.00252053653328
"sigma_rn[7]",0.281043309831914,0.00485655539977144,0.104775580460261,0.10565239485745,0.209201318631059,0.272466687249313,0.34115438551103,0.513335422848285,465.439735021916,1.00406775192703
"sigma_rn[8]",0.253253221465381,0.00805200055466469,0.0883046652216422,0.102565419734592,0.191956765993255,0.246569996592335,0.303436297678094,0.457088869671235,120.270662847635,1.04363594271092
"sigma_rn[9]",0.30811950628442,0.00471650351463468,0.0826578329897932,0.158700165388151,0.250270546033613,0.30241350772337,0.362176621043364,0.479880334079149,307.133865650961,1.01236578658682
"sigma_rn[10]",0.299850684296955,0.0042386510729615,0.0809047761056817,0.155990523917348,0.243235776240278,0.295851584554951,0.352955524218495,0.473311718887198,364.328366967932,1.01043848158646
"sigma_rn[11]",0.533311633018913,0.00466057042752222,0.135951068244141,0.31233647895889,0.439956645333028,0.518799067521408,0.608474526088227,0.83107907586885,850.91680077681,1.00702950641956
"sigma_rn[12]",0.27452307302724,0.00400562033241129,0.0831031019448865,0.128738361704345,0.216068052817087,0.269498415554494,0.32663496173629,0.447387975710563,430.42243869734,1.01130417479893
"sigma_rn[13]",0.260554386541338,0.00455939191544681,0.0760146933756973,0.127739623441584,0.207137160244037,0.254465678149193,0.307692446400966,0.417717399035904,277.95932372914,1.0136557439807
"sigma_rn[14]",0.292786367568171,0.00759708952109045,0.0924764249654224,0.13133196952017,0.231256780380198,0.286992651627212,0.346352138204857,0.503958029985248,148.172488978115,1.03021291402978
"sigma_rn[15]",0.280411707657184,0.00845472717392502,0.111505862060314,0.0997413934618388,0.195719416377718,0.269727236317412,0.355755395370365,0.514666630629836,173.938693421682,1.02250125921099
"slope[1]",0.0295712601428342,0.00124844981446527,0.0524497541946454,-0.076550419492872,-0.00461625259876115,0.0303072242112464,0.062171025674981,0.133845273566876,1765.00010735283,0.999773929597972
"slope[2]",0.0373611798951094,0.00115640731641514,0.051964528745312,-0.0673352195515404,0.00529703263836342,0.0351407721477649,0.0714073453535123,0.139806789045053,2019.26038347193,0.999174080912297
"slope[3]",0.0306081022427024,0.00114245466899203,0.0514970862506692,-0.0719486360076545,-0.0028698078918637,0.0307338125061521,0.0632556459874835,0.132711048304555,2031.8299616129,1.00017516690011
"slope[4]",0.0351746392833577,0.0010988988883496,0.0513128157852193,-0.0679910243020703,0.0017959086630707,0.0356259786777914,0.0666473258719076,0.140347668581105,2180.40026552493,0.999443586965475
"slope[5]",0.0258625704640858,0.001152011590617,0.0519354837935876,-0.0781425832246127,-0.00816783967829921,0.027419132523856,0.0588544252862023,0.1304702352327,2032.42564344474,0.999312527512795
"slope[6]",0.0256010470226206,0.00160710606343387,0.057274738376277,-0.0868847054141591,-0.0104994161164787,0.0267883588593706,0.0625309697341293,0.140096839814994,1270.09775637621,1.0043649294601
"slope[7]",0.0376923838530983,0.00128376670213659,0.0576736192610144,-0.0697354080123543,0.000758913497893945,0.0354953806626678,0.0722295579729541,0.155595794027277,2018.28363256326,0.99943718566222
"slope[8]",0.0301236232357156,0.0012279315473296,0.0518874421558898,-0.0714364452552481,-0.00466477144116715,0.0289456103040883,0.0649391229407685,0.135241375528092,1785.56724358338,0.999995307020133
"slope[9]",0.0230322492636778,0.00132916181950371,0.0537193423811588,-0.0818168509650064,-0.0129973678977659,0.023338884565164,0.0575166670317184,0.129457376905234,1633.44930279484,1.00013983969075
"slope[10]",0.0276376654188498,0.00120806682100711,0.053323275524005,-0.0808018754586273,-0.00610973572903256,0.0294606037890017,0.0610062136647482,0.13135552095166,1948.2815818123,0.999844293161748
"slope[11]",0.0430539833379939,0.00126182896642103,0.0590883542077321,-0.0658727154411727,0.00292930722142582,0.0407468013750258,0.0787269808367212,0.164715309245629,2192.81908208538,1.0007815745895
"slope[12]",0.00457085561743897,0.00125966587216404,0.055874546086053,-0.109216070344515,-0.0314656770457623,0.00565350410396251,0.0410258563599801,0.115068326086396,1967.5115454847,0.999690975554374
"slope[13]",0.0367149518304703,0.00127247914602843,0.0534774370378093,-0.0676171252179377,0.00286151968587911,0.0346967209859364,0.0713724489269238,0.146643284693251,1766.19976579779,1.00070123118369
"slope[14]",0.0300902396209603,0.00241693019362893,0.0562197269938646,-0.0874479513987733,-0.00526828402404026,0.0300018465559674,0.0678072102936345,0.139108395387897,541.064761703675,1.005989182272
"slope[15]",0.0338795478580846,0.00114642650349684,0.0527144260016206,-0.0719910168701236,0.000475086019098619,0.0344745774609394,0.066034865160543,0.141595544770992,2114.29960415172,0.999379925126897
"annual[1]",0.0727139524494206,0.00529404480250016,0.136562245143565,-0.199800211415951,-0.0163864679864547,0.0721393517413262,0.161820626676343,0.34919395294106,665.405017958332,1.00434191283653
"annual[2]",0.149100496060528,0.00276501447156969,0.137580541156218,-0.119991443968795,0.0599657711244532,0.14682318088345,0.236506280775868,0.433538213828801,2475.82081232078,1.00012761186128
"annual[3]",0.170822941151897,0.00258353141074248,0.129746180977906,-0.0705626345235027,0.081295890731481,0.163541485444408,0.259396534219951,0.429791703449027,2522.09635621361,1.00026686133692
"annual[4]",0.266733572024128,0.00251604128757877,0.131396026897863,0.0164847294226513,0.17520840571022,0.261205284008099,0.354182596296351,0.533105856291822,2727.27505233505,0.999694642262156
"annual[5]",0.334383979606134,0.00361985792345771,0.141884000988379,0.0666751488224413,0.23606732108625,0.333741098472279,0.43093580600453,0.615947958263674,1536.32749491851,1.00152003761144
"annual[6]",-0.0841697103870234,0.00231505291559327,0.120427610765431,-0.330242045022757,-0.160736019665826,-0.0803210558115509,-0.00458391048673198,0.142421324567623,2706.01560028628,1.00096152665505
"annual[7]",-0.382625626962009,0.00309413081914729,0.156647700058213,-0.704510242337641,-0.483047220237026,-0.37733021718331,-0.27690882645772,-0.0869094946556551,2563.13040491147,1.00071390934264
"annual[8]",0.0394124257088091,0.00229068801008901,0.120895565074429,-0.197877644589736,-0.0382384062750912,0.0391792930314429,0.114307677181936,0.284168935241197,2785.40822538258,0.999596406427245
"annual[9]",-0.086346573943312,0.0034139447703909,0.111794074041769,-0.300513868735,-0.159256148180894,-0.0845700395431636,-0.0110316242940515,0.129563762551165,1072.32044007397,1.00605974226022
"annual[10]",-0.0639828798246855,0.00282881696497934,0.108976383620917,-0.28228446190971,-0.140116020607956,-0.0634788195024527,0.00929613112723927,0.15232193500424,1484.07239776686,1.00352749991866
"annual[11]",0.0697963242933867,0.0025615506188983,0.114713478855592,-0.151283805486421,-0.00645792531378157,0.0707565147013912,0.140822385197754,0.301305501235038,2005.5016164103,1.00026001060822
"annual[12]",-0.0908030162052693,0.00233724332580719,0.11613469742965,-0.321384724561383,-0.166031931614874,-0.0892557424461535,-0.00821173453351985,0.129338526137909,2468.9717968157,1.00173035002886
"annual[13]",-0.0275736535712022,0.00281454277312985,0.113949597728879,-0.251516331695948,-0.104514962880096,-0.0263263033645199,0.0493281499825471,0.189241560291449,1639.11674307255,1.00107683219623
"annual[14]",0.0379047845214396,0.00247390644468124,0.113210181258725,-0.185058840722972,-0.0369251714643964,0.0363536391423665,0.117260952161859,0.261318574729433,2094.13380505357,1.00077137293307
"annual[15]",0.133654517680369,0.00242367756750979,0.122258510937796,-0.0930037094398347,0.0486091904700187,0.131588036312565,0.21140890632681,0.382524362280005,2544.5355183363,1.00032052049304
"annual[16]",-0.26384489068102,0.00347777786403727,0.13457287611045,-0.538603395191235,-0.350482409917313,-0.261266945396784,-0.167262769543012,-0.0171828874465741,1497.30884768508,1.00067942680245
"annual[17]",0.334423502910678,0.00270684315661249,0.123959718939901,0.0909498082715875,0.249025257778783,0.332625115348984,0.416626425132437,0.583467819835219,2097.1764955446,1.00028735533941
"annual[18]",0.000520958350140618,0.00167213790116437,0.0988965902958254,-0.196529410808417,-0.0633054966812999,-0.00060046230293105,0.0652172687357857,0.192606059659075,3497.9891277418,1.0004809319144
"annual[19]",-0.4744969423361,0.00346869474522765,0.146180767078545,-0.76025324732616,-0.573086987171972,-0.478421083526091,-0.377632651367714,-0.181518075968047,1776.02186508705,1.0013148697593
"annual[20]",-0.0201173540805056,0.00216204907252698,0.114902968493638,-0.249048469655632,-0.0989119670117706,-0.015827520599264,0.0562375048340338,0.201368114359341,2824.43382209971,1.00047757540349
"annual[21]",-0.502401376372199,0.00292843734315817,0.147279052810454,-0.794143304940711,-0.599541188913193,-0.50357273404754,-0.400676628845338,-0.215402474646182,2529.3567738695,0.999986719442506
"annual[22]",0.102722946108133,0.00262825593457874,0.123635681085784,-0.128627493259654,0.0169270635276188,0.101510766418477,0.185034394991188,0.353348586623744,2212.85187467663,0.999576726190591
"annual[23]",-0.165333291732956,0.00551570253330653,0.140407377583915,-0.447419663307977,-0.255904232288739,-0.157319235917756,-0.0691624339406171,0.0959803902361629,648.004741334994,1.01145622941509
"annual[24]",0.0513423542386701,0.00254368581205859,0.140012703056478,-0.218941401048465,-0.0397591894197843,0.0479916939228135,0.14032174999939,0.337522841683646,3029.75802815009,1.00065080703226
"annual[25]",0.0944756873386144,0.00346478621779437,0.146143398354475,-0.170592255830895,-0.00656950768432123,0.0853772602836472,0.189686375146788,0.393173594045823,1779.12112993449,1.0011592018463
"annual[26]",0.0689834463914188,0.00265997569031527,0.171392024601692,-0.260477748481741,-0.0390327286737216,0.0613706368298278,0.173667124834155,0.433073391785521,4151.69922318802,0.99937129361188
"nu[1]",5.35122592223375,0.204437502915898,8.72467701361228,2.15222415693985,2.79149015763064,3.60413282821251,5.45988819332047,17.9358170668414,1821.28361902604,1.00017524591217
"nu[2]",3.40432377661184,0.108918154224404,3.71289625937527,2.01096435493549,2.11517948696416,2.41975611421195,3.4236894205171,11.1970940045791,1162.0507194735,1.00213039073666
"nu[3]",7.5474454584846,0.49252650336985,21.4398797280383,2.4660258440737,3.47536009072316,4.72622894539105,7.23993501153461,25.5991911122583,1894.89643576602,1.00171723783177
"nu[4]",5.2473304603532,0.149244498552066,4.79685124980539,2.20578765613486,3.21196763530462,4.13711351339894,5.61271076100548,15.2550528684173,1033.03691282016,1.0046385678681
"N[1,1]",387.39675459782,3.09335918450735,97.7416925668995,200.924564993538,318.253760989734,389.200101023031,450.646250996282,587.015171199788,998.387210104295,1.00344044551808
"N[1,2]",142.072114927042,0.490964455034224,28.1011700287421,94.8669047867696,123.303092691265,139.081899341513,158.086006746909,203.670630872109,3276.03628408719,0.999403683204896
"N[1,3]",381.745396932017,1.29365528953553,76.9049188730644,251.497366176433,330.35712801649,376.665211309881,423.424009911945,558.853283729234,3534.03706033066,1.00172583542122
"N[1,4]",177.262197496744,0.633453558657667,34.8118223478779,115.279301135124,152.898485955389,174.628016706012,198.466738072866,253.606983093002,3020.11831139147,1.00124847575005
"N[1,5]",522.255094056282,11.1928769780122,493.665750749903,83.5839140569834,255.70812392994,411.394032452019,628.006457133018,1617.58885513598,1945.28185234335,0.99971424921214
"N[1,6]",367.294819026337,15.6633574959674,704.993521801509,24.7996931426526,112.974232878664,215.701052436774,402.310799310235,1658.48102473665,2025.81849620664,1.00279469413135
"N[1,7]",129.109225537696,5.03599018235356,225.036030341795,6.07355020469022,32.3014485901491,67.4289820436787,133.332524699739,690.548178453901,1996.79907532929,0.999779904538707
"N[1,8]",281.753985571921,2.14131761026995,61.1421976107349,186.797661248475,239.619785261418,272.813938911085,315.212026320568,430.214324962369,815.304635148884,1.00346975948881
"N[1,9]",426.140047723525,1.71291460369865,99.9615563056764,277.978343381867,361.278431089548,408.657792736054,471.229612213373,666.966150540163,3405.60750371498,1.00118772428478
"N[1,10]",105.64178545806,0.843636157822878,43.44940969764,42.7659507901217,75.5120946926148,98.9918617887256,125.796882063075,209.697996788945,2652.51220444714,1.00108098100209
"N[1,11]",23.7441171041173,0.433324282381534,15.8997351326418,8.99765842292059,14.9552939655328,19.5792681452866,26.3747457768078,67.4209827342769,1346.33682988931,1.00189871288729
"N[1,12]",16.9656011397122,0.204651741242814,10.0271920382022,4.94237197908801,10.3975929522256,15.0108685050058,20.7285861346568,41.1826302534432,2400.64408314253,1.00199818779226
"N[1,13]",120.697434660464,0.404285963532352,24.6461723309068,78.6764360213371,104.348812921274,118.136060161635,135.1396680675,174.645344693388,3716.39301498541,1.00059692638278
"N[1,14]",209.535932632754,0.669566915083492,42.6489571535895,141.129201222613,181.328921955649,203.785599600922,230.950616005861,311.492073387876,4057.22283092089,0.999972339990203
"N[1,15]",301.942932205585,1.09525349050361,59.6333053384086,189.814848824572,263.735495465646,299.710280407658,337.507323311565,426.312238964423,2964.47964088052,0.999593442636693
"N[2,1]",329.363539740709,2.40615347554465,96.0223624079787,193.303338442727,260.749829313845,312.18562072141,379.924519847448,557.107450449166,1592.56850501951,1.0006628202255
"N[2,2]",159.263203349921,0.669481475568405,28.6990277602207,112.405564377873,139.210267802594,155.528113440579,174.451790450852,229.961237169101,1837.62647574882,1.00087126473942
"N[2,3]",397.128610310016,1.37987431493393,76.7910620928084,255.341916576308,347.045867297538,394.346281840619,444.388021252194,562.231671331855,3097.007714686,1.00041766730381
"N[2,4]",180.855717159783,0.571190354410661,30.6991346026,125.610175078743,160.098018616173,179.193855008533,199.167545246865,247.637346347968,2888.62081334624,1.00043804126505
"N[2,5]",606.457063685236,11.6395467912342,535.642661024364,115.733086901052,315.839264373831,486.09330078021,747.326248885474,1826.05686881071,2117.76700055732,1.000226737496
"N[2,6]",383.580624364129,15.1576565017817,701.739768345579,31.4248814680339,127.38667245193,238.895291357144,428.828810311336,1701.3128266066,2143.32513169369,1.00299606637314
"N[2,7]",147.630797475505,6.34710240163606,238.987794478666,8.42255305944605,38.8659932087324,80.0845739279623,155.273725353902,755.617794416233,1417.75253492528,1.00022184699696
"N[2,8]",348.001638703466,1.28385406132193,61.7891252849378,245.235509774693,305.856041816256,340.348735890521,381.838162352369,491.912116395946,2316.28916587364,1.00199360458398
"N[2,9]",496.734209956539,1.88189468340182,95.6540280507535,324.704947679683,431.232263239544,493.671144994356,550.597288981652,700.290820745672,2583.54419822764,1.00030489507985
"N[2,10]",105.72096556098,0.706446817749724,25.08511585785,66.1293446330614,88.8728784460162,102.611238824449,118.560614348039,161.61309877405,1260.87860659866,1.00379423339432
"N[2,11]",55.6686344947461,0.304645823561978,16.4336614088242,32.1664205324997,45.2671753812908,53.2127464431084,63.2294674397576,91.5792752092662,2909.90098880015,1.00034256989155
"N[2,12]",18.66032387329,0.153069640993142,8.15242231955105,7.4495774131552,13.2602941861421,17.416729892258,22.2576360571521,37.4040426903792,2836.58114259188,1.00172659193239
"N[2,13]",135.092279508129,0.443579571806177,24.0675124790723,92.1369660119423,118.814701439997,133.211606426818,149.601933278795,190.415225675715,2943.87480463252,1.00038917585982
"N[2,14]",262.401428846627,1.55744623081258,49.7011931142006,170.241556405295,228.808218833683,260.769556587299,293.572376655895,362.480438467825,1018.37447348028,1.0059030526992
"N[2,15]",310.282649845845,0.957405671892228,53.9454973325077,212.25918931541,275.838286367532,306.470004010682,341.662257619367,423.846477081927,3174.81490495267,1.00139188636461
"N[3,1]",398.035946138613,4.5521758788115,92.701253842517,234.843364292102,331.589577853388,390.875567423626,460.072125326835,587.290858021108,414.699154747344,1.01250580489131
"N[3,2]",215.123353581221,0.619958455841088,35.7161174428015,152.931902642477,191.131583541992,212.345706988459,236.458524766742,293.290332695446,3318.96986312665,1.00108599303298
"N[3,3]",381.693090912477,1.96203104809953,112.071059892406,214.657128444186,305.455592644531,363.880281211928,438.563291987406,644.956704418906,3262.68545804135,1.00091456176884
"N[3,4]",176.158376224178,1.88485926765414,38.6094019730266,118.295222717433,147.887728100351,170.296765353588,198.120402981563,265.948808336101,419.593054785907,1.01088716872815
"N[3,5]",760.378838803994,14.6017582916793,616.378161845853,169.742279018432,412.63121488639,621.097896721321,917.923857693598,2212.41177202061,1781.90348186547,0.999716374114508
"N[3,6]",466.300170023907,16.1934945252489,716.902383473098,41.1843755372388,161.432216811248,291.52370513502,536.674227145224,1903.70894688497,1959.92246536038,1.00364048597899
"N[3,7]",195.786909708264,8.18170084552959,314.011040167311,11.86835232247,54.4325903891142,105.290279210362,210.827243980549,1026.21097603992,1472.99964795373,1.00042232005324
"N[3,8]",516.745896016676,2.72677793976581,92.5464415061649,346.526688647022,456.771862887172,511.526355843203,572.316487645586,704.883403793527,1151.91359843252,1.00377612801118
"N[3,9]",473.738058688681,1.49911100112851,87.4559525037444,311.356097352362,415.63348244863,467.597335183438,527.252116146706,661.259847960081,3403.38566961578,1.00161408860034
"N[3,10]",137.977788475956,0.371749921162097,25.6627977154058,93.5497724306631,120.791438697653,136.225220046316,152.440912426543,195.866684405942,4765.47539090731,1.00003310004268
"N[3,11]",182.430688967725,0.833080893105622,44.031634541099,98.6364775970243,154.370248072996,182.243512158877,209.912353767862,274.082371183529,2793.54239971959,1.00218113559116
"N[3,12]",24.9590624009809,0.172230083539646,6.7344800720374,14.722783213709,20.2036132809887,24.0176125145088,28.7699521893351,39.9527159404826,1528.9388629027,1.00586768405993
"N[3,13]",159.391495544676,0.724625934072538,30.0992681226247,111.858321064268,139.385144661344,155.255762029014,174.742134366182,229.573384046935,1725.37747869203,1.00055976183323
"N[3,14]",262.816205088885,2.21425579352519,80.726132600561,135.771853172503,207.207801819181,250.637167346558,305.907945270626,453.398626472005,1329.14607939884,1.00328449694339
"N[3,15]",303.933581871612,3.30925001048568,72.3179942166305,194.977490487598,250.258241797259,293.506750018703,346.852680275455,474.478873986591,477.566205305912,1.0093804569507
"N[4,1]",374.779876968479,1.13993487663222,66.2666038853499,256.265563666154,330.334817603126,370.850587370303,411.712671702901,523.101863098788,3379.32020771856,0.99997320817542
"N[4,2]",293.930591649821,0.890768471294884,47.2441190335718,214.900773159642,262.449967197156,288.79432256517,320.180324338447,404.193168535002,2812.97476734889,1.00023887148882
"N[4,3]",361.387983285666,1.40066806228247,67.4652563732808,243.744062715113,315.244261880449,358.213460041883,401.852673864387,506.979915429398,2320.01021957745,1.00341959892214
"N[4,4]",253.934766162876,0.667910659817548,41.2798032591532,183.100921953247,226.802903805862,250.438945271622,277.261644160643,342.397131736938,3819.78120836056,0.999850254777891
"N[4,5]",911.822034303418,16.5729870379607,713.934413302121,235.315089649048,517.590747987709,743.88155814928,1086.1661269261,2598.37888719538,1855.73112332544,1.0005647869839
"N[4,6]",547.912227381579,17.3306527855148,782.799759303656,51.6507294988342,206.365249835683,356.43133619904,637.984728188048,2166.87434065319,2040.19427296946,1.00249440288957
"N[4,7]",218.10207804273,7.64787295023839,339.620811794861,15.6501029392613,65.3277660243741,124.113510399279,239.792042012985,1061.14598837058,1972.00159645838,1.00007779150588
"N[4,8]",614.178048077945,1.93312291375067,101.520672856999,427.855816369616,545.776045728812,609.824376965761,675.799148537995,829.649484813542,2757.97317465707,1.00067203606508
"N[4,9]",448.016393301162,2.90522184067317,96.6298519480346,305.957702948419,381.736986215953,432.334433883053,499.039488585169,676.29414485073,1106.27736716629,1.00369859757499
"N[4,10]",186.946873576686,0.5896639681362,33.8919726375203,130.188707163699,163.509600781382,184.390978660988,206.183194884943,263.341851254275,3303.57760094904,1.00003846942113
"N[4,11]",313.467799373892,1.11435292052712,68.8626738180173,202.061907171553,268.344335375963,305.834242787611,347.209082336231,468.609982831533,3818.75900731416,1.00226872317056
"N[4,12]",36.9104342836153,0.351197955595382,9.74389972298926,20.8319105733098,29.8065281763608,35.7625677027803,43.2376127937973,58.4994466045765,769.771191191174,1.00907788001995
"N[4,13]",222.079911541508,0.88959987158992,41.1877049148561,154.593592685301,193.855535113889,216.595586692331,244.420791542041,319.667771993162,2143.60993965062,1.00075665223617
"N[4,14]",253.039535365047,2.17950733918993,54.245422353423,167.507762766282,215.535527762282,244.798590468443,282.755854795673,377.648145863068,619.454651385165,1.00557474237628
"N[4,15]",463.042871115488,1.21952422738476,78.1048913883164,319.967902951395,412.36394699431,459.537976216952,508.582843647308,632.899565965109,4101.81057606177,0.999819970420096
"N[5,1]",369.959867249074,3.46246458375392,80.3796294493486,248.330330819772,313.852181041245,356.650896040247,412.951706573283,559.710440360972,538.916300476151,1.0102381010702
"N[5,2]",469.854373506095,1.14788704069191,74.4387405321312,339.552232416622,417.177584297648,463.906959705036,513.903834627912,638.884685625876,4205.32657084358,0.999831765636212
"N[5,3]",367.08827230204,2.46537356105694,80.9419103989069,246.851626893334,309.973737314738,351.756716329058,409.399223585979,563.289807534135,1077.90734774618,1.00271752908631
"N[5,4]",407.814385510175,1.0705345697918,65.879087487838,288.478403336439,363.360842830164,403.48942041546,449.200074221052,554.19445256501,3786.9865068243,1.00097601544692
"N[5,5]",1229.45897814711,19.460487845142,842.283433641377,346.06285389051,736.360786213525,1044.26912892331,1452.68347871578,3248.46199406955,1873.30749817809,1.00155235049309
"N[5,6]",701.876543059639,18.5764277339679,852.822397823565,85.5863324188253,283.272783401521,489.728188390988,842.103847097521,2722.59977042674,2107.62232766185,1.00200471365458
"N[5,7]",268.843563231607,7.48768158583529,366.894671997781,23.8637886543374,90.7892340869529,166.654243819167,298.365795179285,1204.97545903202,2400.97741370291,1.00018277166193
"N[5,8]",792.936368739609,1.97786449621773,131.925403913741,563.290003079832,704.744683061046,780.761520318223,866.305623722061,1079.41656240096,4449.0142383656,0.999694874721556
"N[5,9]",635.331005813209,2.0363612630148,115.698316727526,435.503255140245,560.316078090652,624.703795868289,699.728968939778,896.814601075493,3228.08102527244,1.00025303332155
"N[5,10]",278.640325089958,1.28492909378043,51.7364591632493,187.538516944213,242.71224766083,275.758707860073,310.255686109738,389.781838317344,1621.19434189645,1.00004675397994
"N[5,11]",631.120228280996,3.64145225868248,156.277134189057,330.569211754656,527.332093160945,630.512782482383,729.73461714021,938.344527230096,1841.7964691253,1.0029967415927
"N[5,12]",42.8605176924029,0.21441498622203,9.62165990296327,26.6066629932513,36.2250882225344,41.9534300772108,48.5476179420048,64.2226651460188,2013.67663413178,1.00041325323847
"N[5,13]",391.23575332695,1.21734224929548,65.8194587721462,272.670570029889,345.920656912519,387.44774826551,429.81901524157,535.787391413291,2923.36621559105,0.999864969027957
"N[5,14]",345.967659258808,1.89397463753436,72.0498231747663,238.519603429907,294.388201616006,336.29901159018,383.798602638775,512.711947374721,1447.16323429134,1.00102927903302
"N[5,15]",679.117254308436,1.71274500139192,110.289025359809,485.084865954021,604.370719165253,670.917650828763,743.314172615895,922.353162046766,4146.47623098909,0.999998219468543
"N[6,1]",551.113246204584,3.64547461956911,106.725534729733,388.357640126535,473.832941156091,536.554858427559,611.176437801089,795.963627568717,857.094130455829,1.00508042141719
"N[6,2]",734.761449010622,2.64548304801967,131.561924847795,492.930845623429,643.651940415893,728.524787505857,821.603105712517,1004.51051429084,2473.15008061968,1.00093761297663
"N[6,3]",604.047462904971,2.11976924228534,115.737614231881,413.856916250658,524.815919819855,588.116778008777,669.111987646506,877.660225278087,2981.06797440022,1.0011013609753
"N[6,4]",689.123398136575,4.0597811360297,120.070854761433,475.544422371362,603.803914711171,684.676683283356,771.481275894544,942.188417454645,874.721823835929,1.0051899827813
"N[6,5]",1681.59675603817,24.1089744773948,959.92144638564,553.341908115619,1086.64415697994,1484.21327407379,2011.51425611925,4092.25220475593,1585.3089629152,1.00421986980914
"N[6,6]",921.188914032834,20.3118119209149,982.172650825192,135.947672190824,417.393257040907,687.427915268853,1118.43884945521,3158.010453523,2338.18214915084,1.00282415320161
"N[6,7]",354.021872838551,8.55283109859192,424.587527027843,38.5791423792829,134.601696182038,235.332678899841,412.916877850636,1378.44354155273,2464.41970378414,0.99986080717505
"N[6,8]",1204.25823481648,9.42849683694728,230.760685867268,801.206420710147,1034.13309934583,1187.35901005214,1359.12776575129,1667.01265838073,599.016413819196,1.00766792789092
"N[6,9]",1265.16385709301,7.4031585390372,247.113387217147,808.488712954004,1089.63897906082,1258.55300545486,1431.12572922648,1763.5470174543,1114.18792506851,1.00274036965258
"N[6,10]",348.905702977165,1.09009336555336,64.9659442683888,241.521656184033,307.332907064371,341.555473705727,382.939547579552,505.109011785314,3551.76413486928,1.00026382449387
"N[6,11]",526.265408311681,1.88042917279161,114.454765927392,335.690416843588,454.793907510748,513.106857589293,583.303587158342,792.435461930514,3704.70646063917,0.999707303977262
"N[6,12]",39.2308745161132,0.192247257422658,8.73375020833758,25.4653816207543,33.1035709518852,38.0601178930141,44.0633374228477,59.4340364386173,2063.86472086668,1.00348521619148
"N[6,13]",617.377072483588,1.78033264547319,111.825486726576,431.663997154364,543.066946416911,604.498861269995,678.247445615916,864.252859652057,3945.29319477212,1.00046424641807
"N[6,14]",715.877816895695,2.38546682762636,125.010670008346,480.405008043309,630.861295810666,709.326497524238,794.587705718827,975.847663104491,2746.29636717641,1.00092704720819
"N[6,15]",1034.6717261464,4.91551928359522,171.360394765537,728.275876544818,918.380900941161,1027.32367149601,1139.39657622396,1395.87780273232,1215.29608708949,1.00607210718366
"N[7,1]",650.348656546762,2.68059272454576,116.235280808027,434.868332555038,572.368361930863,650.581404348737,727.01998249344,886.764566281546,1880.2442500088,1.00394551717051
"N[7,2]",609.405703480998,3.2311416728086,128.591243161225,408.80336027554,517.630176622638,590.768107617764,686.688437136869,900.74509747702,1583.83811025412,1.00228357442133
"N[7,3]",761.227702412336,9.13652791845828,216.659941230721,414.567305817671,602.779865742324,729.92582057834,897.414558053037,1241.17216569964,562.334683681052,1.00850769645242
"N[7,4]",613.483601150343,2.00655817333382,96.8262390190959,448.261839246577,547.389005438215,604.864626321949,672.112003769543,824.353365882756,2328.53417257564,1.00172138128392
"N[7,5]",1440.16097702704,15.4800465766158,698.581557346146,535.132786611363,982.925242763603,1314.65173249112,1743.86593643951,3093.34926447951,2036.52481307245,1.00096877422546
"N[7,6]",815.245832465239,16.288198640057,785.181456999685,141.723226836317,394.489199307694,641.386406641417,995.592859084924,2553.26228040536,2323.77435854569,1.00217636402781
"N[7,7]",316.400474859829,7.65027097989992,348.920125020262,39.7953642448985,130.916118987336,222.670234933289,373.56636412242,1172.30605267711,2080.16795473082,1.0001412199265
"N[7,8]",957.089810914264,3.14289081455938,163.993595246646,683.949687896074,844.936764668288,940.524273909925,1053.00564401782,1327.74461902301,2722.67113255285,1.00177317011445
"N[7,9]",1187.45671192051,5.95238818990653,217.186052271901,798.872246035023,1042.18524646295,1176.06699694626,1315.01331013133,1652.57774378776,1331.31666994292,1.0013215912647
"N[7,10]",320.263411834713,1.06123599153477,59.6723553732364,215.85139371477,279.66445436051,316.344986683211,355.940026070602,448.186577048795,3161.71281873242,1.00083934632383
"N[7,11]",336.445421366004,1.37961053669475,76.7846567823332,218.16409036157,286.591213436895,324.948542033189,373.176368262743,516.536719129354,3097.6752764498,1.00039568331319
"N[7,12]",32.2973768226154,0.209993542487082,6.92609394532418,20.8499086181617,27.5031248097444,31.6515254925303,36.2562240834206,48.3317276190011,1087.83963002832,1.00462306344354
"N[7,13]",645.521444121798,3.34211319335181,171.326273730403,369.810231549578,528.65353067719,624.497312748168,742.007705581282,1054.54000166533,2627.88060050181,1.00164695828606
"N[7,14]",825.005496778822,9.28928105911154,190.660483806357,483.384788740223,687.167195750928,814.052889309753,956.743469127481,1198.58102893348,421.266743013397,1.01033095476139
"N[7,15]",908.45751523878,2.74270943247989,146.557164441776,652.354138132131,807.803837931275,893.575591490028,994.62139370732,1225.2174523996,2855.31815885352,1.00048676337021
"N[8,1]",383.159502817037,1.51437110452136,65.8214254607209,269.875700257241,337.76374986304,376.662066789632,423.404421706152,526.772020855685,1889.16520493174,1.001019717437
"N[8,2]",553.358685673189,2.52595072698272,100.269280062295,372.696700222793,483.266736602226,549.167428902542,618.019203966367,759.234630231478,1575.7453859753,1.0004392791919
"N[8,3]",353.700218706465,3.36028553220505,89.0099553524163,229.036407434142,290.045750529644,338.128211977061,401.181812948383,566.373996886764,701.656902982841,1.00650721889553
"N[8,4]",455.249629324291,1.53642262463707,72.9023465505493,326.496056338324,404.336779417434,450.547117209402,501.098621846114,616.898283729673,2251.44647851873,1.00152748228832
"N[8,5]",959.613729013391,7.45113401570641,393.120947534835,424.275284711313,712.522846789362,891.499219580346,1116.49437076826,1929.30521502058,2783.6050934235,1.00018813309217
"N[8,6]",556.316063072525,9.05975228784924,460.202706899518,110.966242202823,297.512224909023,451.179329594432,664.765034459648,1720.5932878417,2580.27319646716,1.00068997420205
"N[8,7]",200.829295251329,3.6435223153592,202.103009057492,29.005176036597,95.3532805547025,148.210342104824,239.689080728498,658.033205432161,3076.82426387238,1.00050074181195
"N[8,8]",550.831600746085,5.48127794964618,121.731895038174,371.009064638377,462.597959504931,532.734577734693,621.225206621875,830.636277129653,493.225038372666,1.00953905666658
"N[8,9]",581.835464516111,1.80534114165329,106.05370686812,409.135776928523,510.225090200565,570.256918882297,637.738335526686,821.700334774984,3450.90613921325,0.99983010753163
"N[8,10]",254.0126799497,3.23640696890662,71.2105247146403,136.378635194147,200.448970539637,246.75176747406,302.600390684573,402.337945690693,484.130135008733,1.00835007730985
"N[8,11]",310.202731139199,1.41910531367038,74.2217136560979,200.009169966358,261.77583947503,298.804929181212,344.649145558867,480.306874210774,2735.47469805648,1.00126391551662
"N[8,12]",24.8171989448117,0.0815860481835455,5.1261803413416,16.2472622296878,21.3128564660765,24.3372888217521,27.7726882203128,36.2308193441044,3947.80748844398,1.00031266060549
"N[8,13]",574.419579607792,5.69256073383574,105.586485011658,395.52918620431,503.634258004713,565.593426831822,631.787570254587,827.431220138389,344.033963802233,1.01445681343716
"N[8,14]",396.991217553692,3.38013827722158,85.7449114151089,266.061823156511,337.278010748419,383.517217143425,443.407418191074,599.659388316347,643.498854044106,1.00440738943049
"N[8,15]",641.838388443495,1.92041080201533,106.58680126322,458.618509282848,570.521670372679,632.058075578165,701.032745163455,883.069635087836,3080.4813061041,0.999509584606552
"N[9,1]",425.765037881401,1.54047419251732,72.934411843718,303.457608668123,377.056154412279,417.27657848104,466.268321006878,592.604745186152,2241.58966782027,1.00152181506175
"N[9,2]",541.465398560598,1.32475765009292,85.7503262105726,385.471594060985,484.112550273996,535.454281642082,592.085197227292,724.636920822227,4189.85206768083,1.00146484711709
"N[9,3]",450.952316925842,2.97139728924388,76.9580895069417,301.11167441409,401.121700133916,447.319328500961,495.119793954764,610.953904781622,670.790819014484,1.00697065753202
"N[9,4]",410.646783745646,0.882562728213066,59.2054561545824,306.659631091924,370.973079292413,407.929017478522,444.785102533612,538.724727381139,4500.20499865774,1.0002752049758
"N[9,5]",1027.43368525425,10.945799072299,290.718617071382,570.969821166216,825.95630853999,986.70051719917,1177.54953299151,1682.60200736995,705.424834101172,1.00792782244542
"N[9,6]",548.155953292296,8.62296741760869,420.077713288598,110.179297082497,296.492738081522,450.500836721892,665.780894192651,1643.73133640616,2373.26258301165,1.00069902553324
"N[9,7]",226.171431794312,4.04633118368055,212.557938258554,36.6471680683427,108.398753624243,169.29010517023,265.93480147761,771.837664822567,2759.50894301743,0.999884490443003
"N[9,8]",731.807040838353,3.03315445897262,126.448223027325,498.70019936388,642.811617213781,725.670334596971,814.560216864588,993.403724915675,1737.94651835286,1.0018817288388
"N[9,9]",615.897848302335,1.6880746867906,100.203845270402,433.986561303159,550.102109427624,612.161251841272,673.36131700993,833.443724666098,3523.59074227987,1.0007214894975
"N[9,10]",151.548996375618,3.48667560323776,43.6182205542745,93.7952020333266,122.73196201192,142.645687913993,171.001814720693,270.34075639995,156.499445256496,1.02389401123298
"N[9,11]",533.299189792941,1.71530093682177,105.733353592938,350.848080224725,466.072981093122,523.681987267042,591.910336797975,774.522139344491,3799.64799385029,1.00005643678253
"N[9,12]",29.1000681829368,0.0926860926985381,5.66064143137452,19.519225531628,25.1582394514625,28.6183373431543,32.5641544702253,41.4654829856502,3729.94255146931,1.00016047314376
"N[9,13]",632.223193034877,1.70170217459158,99.9121260126499,448.369470940663,566.689995370529,627.130494082475,690.355225915419,849.248862631442,3447.22231970982,1.00126551907647
"N[9,14]",531.739106141777,1.93693276394507,89.3233483906324,379.926991497265,470.832223990311,524.227641880021,581.024818125681,735.338419329279,2126.67388726161,1.00170318851522
"N[9,15]",703.671797587569,1.83771066247665,111.080136906284,511.823618895004,630.199107366049,693.845108514939,763.922227249308,949.155651223762,3653.57933693969,1.00057612890502
"N[10,1]",438.128419122819,1.67870456432062,78.2247403725868,310.337804144069,381.585654349706,429.593744691207,483.742058886296,612.548505332712,2171.39942398831,1.00228980563697
"N[10,2]",483.260829785615,1.42890376776307,78.4298060613283,354.460398647251,428.509956969861,474.01080223123,529.488667212881,664.777786532371,3012.70299658266,1.00236366919521
"N[10,3]",470.470474597237,1.23251481472268,76.1472504135905,340.273966642386,420.576480366564,463.350074043071,513.823222282421,648.410728113655,3817.01754214394,1.00049350069386
"N[10,4]",363.830157125274,1.35559613829443,54.1857156387395,268.433015662237,326.184632652288,360.295619610422,396.342210317913,486.310433457903,1597.75056976919,1.00256182856578
"N[10,5]",923.169873450253,2.83603582527126,161.742863371852,627.801577147741,817.139857990799,912.568470348564,1021.41638016674,1283.10697601418,3252.57132779092,0.999534289392154
"N[10,6]",489.780428341528,7.3482539737643,352.127808487619,99.9601520156419,278.313477185569,410.29613514402,591.946983375049,1385.43084946407,2296.3195926374,1.00049470948117
"N[10,7]",208.781693518581,3.78153429311633,193.803132138976,39.7438194987027,103.914423371592,155.832572596837,249.055261185006,695.511483771706,2626.54893692968,1.00013446704223
"N[10,8]",645.73939679212,1.66573524573317,104.814609413144,472.161507988101,574.731143096214,633.372830264126,703.350307311127,887.686216750134,3959.42107333014,1.00016255363377
"N[10,9]",530.490856743675,1.32931889905432,84.8448833337917,375.892345344222,473.739952900194,524.593925943012,582.614546777436,709.723604215317,4073.7366968527,0.999390678801583
"N[10,10]",119.876206729358,0.684922032579158,24.9199800135329,80.9665990725425,103.076699523199,115.852289675483,132.213900258795,181.793598706104,1323.77174061802,1.00406895818697
"N[10,11]",583.401130682558,2.01462943511925,116.135574900427,364.004061508514,509.527779976739,579.019418167835,650.571559618692,833.795924265791,3323.07542162669,1.00110227540708
"N[10,12]",24.9360366332113,0.0885098655539471,4.97626877176925,16.5384199379224,21.5736083005131,24.4056758132894,27.7735196497959,36.1948414711231,3160.99854268396,1.00260738112735
"N[10,13]",637.610139001391,1.84798839319172,102.021973226573,451.045235689539,570.156130513615,634.779804643839,697.522269531369,856.119191611978,3047.81750957956,1.00313402660523
"N[10,14]",568.035716830802,2.59449039362046,97.2172969611785,388.933719613446,501.712254173001,564.607181680871,630.013999088925,768.903942142605,1404.05121433979,1.00169627974572
"N[10,15]",711.12043873707,1.91902510133272,110.391185170034,510.411094528341,637.772104320245,706.064432457631,776.083190227117,950.636003415618,3309.08163308788,1.00108329001455
"N[11,1]",549.873086637077,4.27282251089733,110.442768632668,360.242152111874,469.811183018362,545.548051383589,624.447610490092,774.795795391338,668.10521914503,1.0035887080786
"N[11,2]",457.90576578879,2.61204679595699,87.4994790248457,324.084625705213,397.010302629103,444.895585392223,505.850409599155,665.227029252154,1122.14512727671,1.00676920796917
"N[11,3]",537.491083120457,2.00118450036516,92.6027059725298,369.594249685848,477.355323791468,532.48081726991,595.597306646475,734.950115961281,2141.27819248245,1.00239303930052
"N[11,4]",306.97066572003,2.12226322329149,58.7262568889162,217.139796467031,265.45418307224,298.491906137477,339.869367876625,441.656878287188,765.713218871953,1.00486524560787
"N[11,5]",819.753027182573,2.8265569056606,137.683485327231,595.535131569512,720.791192482125,805.067179599446,896.593421934092,1135.52201732585,2372.729532441,1.00055749122048
"N[11,6]",459.881296399031,6.92930820526118,334.435780683225,99.9567220624453,262.195585261407,394.333058381416,557.397327864036,1282.60750474025,2329.4088129046,1.0005175550974
"N[11,7]",202.521904904279,4.08167414586778,192.350911298194,40.7929527040035,100.634096720109,153.758402937738,244.824322428293,660.255091360813,2220.8122038439,1.00119275025484
"N[11,8]",648.35848511758,1.62883434652015,106.324877388553,464.441298232754,579.795413827569,638.863059225207,707.843064577211,889.162945510629,4261.04326685952,1.00054533224249
"N[11,9]",467.049470727533,1.50366761666108,84.0506563925025,329.715780158668,409.794867288891,457.617434222019,511.871143966813,669.643121142009,3124.48558449191,0.999417886407057
"N[11,10]",101.244327114241,1.24848446693623,25.9563687823802,64.7372109875675,82.5585339490738,96.4455837762393,115.048865938604,165.296406476499,432.236646342766,1.01057642288117
"N[11,11]",522.548173004295,1.57779478639198,106.418370724415,343.14901935165,454.852824538652,509.160404291503,576.430081083209,777.866783730026,4549.17011833891,0.999861773407985
"N[11,12]",23.6192555823417,0.0884297273462978,4.74160276033643,15.9931746372144,20.1901461920994,23.1584728304551,26.3918654150442,34.4436952468241,2875.10534595116,1.00404098678172
"N[11,13]",622.588329899889,1.97756507339941,113.874207644194,409.610391814913,545.214863046318,621.758803288521,691.702551978744,858.875728793466,3315.80643274828,1.00232797303921
"N[11,14]",569.328582389541,4.78589119553086,118.803598990894,361.154510861536,484.511356359595,561.358752707182,647.91746219485,807.711820453562,616.216825696087,1.00825669390023
"N[11,15]",650.247494124623,1.82284419981494,102.376309013819,468.736799298388,582.518328841693,645.263754843216,710.577682060281,871.105219488919,3154.27703661966,1.00051009989447
"N[12,1]",590.919385598117,2.52132327397512,101.45429647247,406.958379854954,524.049051030639,584.655601937347,650.557062628283,809.117475277297,1619.13783701786,1.00134425331761
"N[12,2]",621.152068583217,3.39720897066101,111.288620516423,426.577136759884,543.193654713746,618.994279751838,692.76653635822,850.038162088138,1073.14150943072,1.00465494678342
"N[12,3]",557.320976240062,2.23255699498499,101.128864431878,370.319938530936,484.620151049283,554.829111917206,624.821942626789,762.273609850676,2051.84784080763,1.00086511660657
"N[12,4]",358.310278380207,2.10952093172989,61.0240524844572,257.649271452118,315.923705013577,352.274552437322,394.32433522705,493.118164147255,836.824548205002,1.00361332778742
"N[12,5]",946.91361860251,2.97326466069223,148.803894378031,685.140367653238,846.376611691707,940.242226912669,1033.61586822788,1281.07892736495,2504.73311005108,1.00183761458193
"N[12,6]",509.585335989296,6.62897824112232,312.159009934661,140.838012610184,315.946229918033,446.720467703468,630.273717497516,1275.43380900719,2217.47413186591,1.00097732135288
"N[12,7]",214.818731555672,4.04077089025033,173.950007886808,50.3421837055768,119.255292347638,174.860296183845,256.622146700413,622.75928222173,1853.19214977809,0.99992552916366
"N[12,8]",746.339315615297,5.72713770890146,136.020646300666,501.460213724396,647.30044607635,741.495307539172,838.86119022195,1014.94109996698,564.071836539672,1.00844802256423
"N[12,9]",474.954775904705,1.4006026506665,78.5516447266981,326.521143374502,422.01204738338,472.077542398514,522.240948097877,644.51510618731,3145.43473037912,1.0006683838778
"N[12,10]",143.804035875736,0.569124307868772,26.4668399090133,99.8602478901094,125.532470183251,141.332336452738,158.289481188036,202.357747553026,2162.66828062518,0.99989941575453
"N[12,11]",545.897232345934,1.85310546172193,116.073339205058,363.516642838583,468.200111921594,531.363744453907,607.249202342242,813.798376184439,3923.41894404308,1.00150235677462
"N[12,12]",27.347006320737,0.0895923869801532,5.39451922927659,18.1374054650923,23.6356858720749,26.8243259626591,30.5134133292076,39.5048643571528,3625.46132014808,1.00041475716771
"N[12,13]",606.044273481291,3.10058422725562,130.207070160246,407.428777088761,509.789531037399,589.761275446679,682.937218957831,894.967609231605,1763.52681114726,1.00237766899028
"N[12,14]",453.676757036581,1.39529631344919,81.8714817896739,315.85232168238,400.197323725572,444.467874008785,498.231812565904,642.829401820493,3442.96341531098,0.99976720225104
"N[12,15]",692.241985132209,2.45059323894213,118.193424258684,493.282682219172,613.947845057798,679.252569136819,756.574008035823,967.680573576919,2326.18455665672,0.999984018693396
"N[13,1]",472.741433523497,1.30131424191223,77.674327780319,328.78850899265,421.420543579997,468.555687247337,518.723172136628,641.406817080525,3562.79341658541,1.00075059434355
"N[13,2]",695.708687183759,1.8892423260538,116.725818757544,510.454655634574,618.504236676222,681.039160382606,758.908812549663,973.344289259638,3817.31961739276,0.999833392296756
"N[13,3]",371.187086212757,1.26643372564228,64.8023348662459,264.464568825063,328.705016332203,364.797898417225,404.966154277711,523.18890183003,2618.28171728144,1.00143821588942
"N[13,4]",414.370300027559,1.16239126085577,65.0679386799606,306.595817812451,369.13584978452,408.280673979101,452.453331548097,562.091188566864,3133.49802349249,1.00150384841258
"N[13,5]",846.875023755899,2.36877756254976,131.94415854187,607.299535313554,755.628071432276,840.172797023501,928.880382494475,1126.5962538198,3102.64276484986,1.001918701107
"N[13,6]",471.328471955631,5.69872425295374,260.348286581763,146.086069531145,313.260558646804,425.40201684047,560.183739336147,1131.3580022174,2087.15239963549,1.00163197724421
"N[13,7]",178.04217661406,2.66858821824035,116.792906277884,48.3368334821041,109.546504769472,152.54499774723,213.913715973806,455.325929249475,1915.44551322721,1.00062740596821
"N[13,8]",536.831342726875,1.33535325556731,84.4953574588417,389.457206401636,479.75303647566,530.337935223247,585.334611551702,726.494145955123,4003.80904226218,0.999651221413113
"N[13,9]",312.686762148427,2.51635388453006,62.600623782156,212.38457034161,269.827861635706,305.164196088858,346.512812029569,459.03341885861,618.89059982052,1.00942158704265
"N[13,10]",180.415018911194,0.465229894719957,30.6743862467468,125.704351959428,160.121271559388,177.810112340612,197.63678155834,249.800526150337,4347.26921776812,0.999292785348873
"N[13,11]",621.578480223529,1.98617818102049,127.166581053716,400.904225882184,538.543648981018,612.207733832799,685.132154759382,907.802520985752,4099.29881513068,1.00031784609561
"N[13,12]",27.4687285706254,0.159572915973066,5.75114803809832,17.4501683174071,23.3712168782174,27.0766740618447,30.9866005901655,40.1969755867786,1298.94490571592,1.00472868286082
"N[13,13]",712.295942200257,2.28042385235416,127.81969396318,478.170623779748,625.391172399389,705.211640689909,791.005328342228,991.02913270081,3141.6977207576,0.999902517381294
"N[13,14]",287.45672137982,1.69657724673704,60.3010406709805,196.597411208872,245.85271819123,277.190160195678,318.446131205689,433.718528728266,1263.28790442627,1.00131430700599
"N[13,15]",776.08991275076,2.81699218797556,131.313697086561,555.857484397877,688.736320041583,764.98703941638,847.610192560233,1067.70362392161,2172.94519343763,1.00160573783129
"N[14,1]",398.948913251001,1.19079597272288,68.5647218355998,272.653821554174,353.598297734816,395.004423431909,438.490276391473,554.150129409051,3315.32968670011,0.999598436244151
"N[14,2]",881.688697231686,3.96189560995989,158.949857909809,580.614489628961,772.863780070485,880.879649312665,979.743800798816,1204.69791341633,1609.58616831145,1.00218935089286
"N[14,3]",321.195036179085,1.1093027875812,58.402407852832,225.738147290536,281.63450053921,314.4477753415,352.907462900206,454.571439558975,2771.79621286531,1.00275595839373
"N[14,4]",533.95654715034,2.41583729623259,88.4673846294379,370.462201699521,474.26153385675,531.10224841054,588.614465362888,719.95209691759,1341.00690256422,1.00078819045533
"N[14,5]",750.131297824438,3.80684665088207,139.025609937669,538.653925790926,651.585186154736,729.823812649053,830.674929791042,1077.93058417285,1333.7021545727,1.0047169791206
"N[14,6]",454.923175893806,4.84215160908156,228.451154154281,157.924922406341,314.28627596733,413.738361995122,549.162600127534,1000.84357194017,2225.92202418567,1.00148763343752
"N[14,7]",159.243778410163,1.96717851513228,87.9062242072801,47.7124624765067,104.148944927419,141.632298670413,193.655299829169,379.000992066822,1996.8788067762,1.0014044258645
"N[14,8]",453.639975005963,2.10182611281543,77.7963924199663,319.385137027667,401.758897411984,445.754425875878,497.102800525594,629.740033476166,1370.01508755824,1.00410039642244
"N[14,9]",284.258987368266,2.19063265518632,66.6992776954326,186.754841044724,238.145808018759,272.196818915515,318.631157111873,441.127247241899,927.049976231909,1.00228175708642
"N[14,10]",217.636367764133,0.618197522888835,38.2415301801606,151.628455261264,192.191669027573,213.572965777797,239.549872383124,300.35043733687,3826.62586097429,1.00068423684543
"N[14,11]",617.854454514638,2.16225975417219,128.490551996177,394.930713373337,536.031247531646,607.38593967674,684.845552036031,913.319025112585,3531.23532095986,1.00017522611374
"N[14,12]",23.3913493918411,0.212964845916616,5.33066250518637,14.7421184750661,19.6082084310609,22.8054729831297,26.3515693597653,35.2822205354796,626.536726797756,1.00681082936868
"N[14,13]",791.14855707575,4.23011911820845,205.40443996529,461.50615174001,646.277347342292,766.657148845302,906.288448292887,1266.60170001497,2357.84069846199,1.00034087603396
"N[14,14]",254.240701254064,1.62796108918021,55.2365114003474,171.288932216239,216.691099091589,244.15203374374,282.804396607364,388.042136149021,1151.23621491522,1.00142152578077
"N[14,15]",987.431275165055,14.6192521723799,258.932477599498,577.905300469184,787.606988038435,957.105455699372,1164.8719455164,1531.90344304094,313.705937675401,1.01332369335916
"N[15,1]",369.42049081339,4.19061737829228,87.4331814107638,229.312597670246,306.681789100292,358.955596813914,421.307170753353,568.461697727453,435.307894331151,1.00970968034614
"N[15,2]",974.645056947342,4.30748617480719,164.526889047162,665.791288167679,866.642024732008,971.210151587972,1075.15023105186,1309.02043524966,1458.90155580098,1.00222010291337
"N[15,3]",318.649731331759,1.86258612404279,63.2988872033346,223.65893740773,274.118215830601,309.468746894554,352.495713308576,469.052360213275,1154.94000275537,1.00456475635623
"N[15,4]",617.822422604937,3.07490406745117,100.146019599023,432.996937120825,549.856423974052,610.574212999892,679.14309443944,830.363313312319,1060.72851301354,1.00274679329597
"N[15,5]",875.454724353645,2.67590068915293,151.979209144873,587.713384436908,773.099900361078,868.886779564535,973.977181314184,1185.81714790831,3225.73270668853,1.0001626522955
"N[15,6]",489.66352173039,3.60214461047245,191.019736774247,216.433949205363,366.78062185026,460.864738776517,568.089367463188,967.5987554432,2812.12225109447,1.00104822092831
"N[15,7]",169.164432693675,1.64323216426139,76.9833991243445,66.5523066920648,121.974397250413,155.540979270895,200.322176501474,341.241788341925,2194.80687442206,1.00148314329675
"N[15,8]",463.023508201258,3.46457358557131,86.9353818030646,322.68762846217,401.534926352756,451.535733199027,511.911810848209,667.345540029069,629.641799900602,1.01219470329555
"N[15,9]",396.432334614147,1.43504869155547,73.7013188958519,275.307521932603,347.781474749998,388.664866301793,434.839909896799,568.359327592297,2637.65047670391,1.0001992141469
"N[15,10]",282.779055092485,1.04990526653635,50.6138145241105,194.567607957307,248.637210816495,279.81031380359,311.099500772141,396.484445324206,2324.00955911299,1.00047777394825
"N[15,11]",553.087047678703,1.7179318138572,114.701973995348,348.425874155234,477.752882336112,546.302851157993,620.439317184705,809.842129484116,4457.89607247494,1.00026915789177
"N[15,12]",21.1360843504704,0.074709539452363,4.35274029354215,13.7531418386158,18.1755574406144,20.806450173233,23.6503957767626,30.9868940338991,3394.48108532775,0.999635549384918
"N[15,13]",831.446374807976,3.00932242994051,163.919010140147,553.251487495462,728.877027215271,819.822990324786,914.676262775254,1176.97304126812,2967.02497038893,1.0004794527336
"N[15,14]",317.5295790393,1.06892926582298,57.5354420014239,223.536664128593,279.703597433296,310.85872032011,348.756594415807,450.087363149968,2897.16328160669,1.00023956387969
"N[15,15]",839.565936443282,2.78140027249879,149.921890744974,586.003476308309,739.514278036416,828.140918286212,924.730342219045,1184.20139452106,2905.381157669,1.00020052953358
"N[16,1]",575.165336020395,1.88826281992334,96.3251394328608,397.397287618556,509.328023757517,571.495154842587,633.950951351833,780.565529616091,2602.28230627838,1.00067133907818
"N[16,2]",995.619851426775,3.93057295978343,162.147671655295,700.764965797693,885.895865511525,987.705913069414,1097.73455266932,1340.71788366862,1701.80466359099,1.00301861578015
"N[16,3]",492.276452136016,1.27410859221735,83.8119017649471,347.038663970854,436.891217241212,484.458645031356,538.386351300699,680.538255718408,4327.115639658,0.999376796066038
"N[16,4]",713.697229876559,2.98998870479461,112.091396285875,515.456713805221,638.165908961764,705.188193368923,782.686597996768,959.084485559021,1405.41784214351,1.00244877983534
"N[16,5]",934.500893566566,3.46073125545859,165.326592037017,673.915862964769,819.287767170383,913.757110971347,1024.55541581271,1313.53690501015,2282.17885098718,1.00171970978946
"N[16,6]",556.612449963642,1.86177891553862,110.993086656986,375.543209543239,482.847341341309,543.498767169638,615.150073659895,815.442852028825,3554.14909898773,1.00046336218193
"N[16,7]",196.35111924657,0.885438146442522,45.1280711818091,130.084231024716,167.538233976941,188.601595002689,217.920068872768,306.212795963866,2597.62877706672,1.00038958341866
"N[16,8]",597.78596893996,3.96353673716423,112.607590991259,413.334771351797,516.570030135354,582.679970722999,666.374600367082,846.424594559847,807.178451833188,1.00789084577034
"N[16,9]",783.917077977765,3.92716095500058,156.334418432038,495.935430647169,674.653084307764,780.793475822608,884.898088052787,1117.88433082616,1584.7173119759,1.00093674872088
"N[16,10]",377.251791360121,1.42672746558403,71.9022045322746,250.235350799354,327.265029540869,374.613550405021,423.35000665264,528.249473974242,2539.81666564838,1.00082100761105
"N[16,11]",319.111402484001,1.21201363103942,72.2714951324282,186.933662880472,272.299377914007,316.14172661652,360.551841658949,472.453400614162,3555.6505377281,1.00086491611352
"N[16,12]",19.4157566248562,0.0658426611409516,4.11845062121507,12.5334045274971,16.6385717917653,19.0090255247343,21.8188447673707,28.7406729302575,3912.48761715205,0.99936022111535
"N[16,13]",860.146813265131,5.14446321695436,232.351468588503,507.967550633781,703.367444287474,821.801439802842,984.037594072245,1401.06199459318,2039.90860941909,1.00105858320242
"N[16,14]",521.676416719575,2.50127881783616,102.856245969914,342.062291258632,449.328817549602,515.301716005921,591.893317360115,730.44803822621,1690.97477218395,1.00058248101736
"N[16,15]",775.643590556046,2.26980749209988,130.648832144585,551.215701141233,687.95012229118,762.605556205514,854.576297270985,1056.66425454624,3313.0883212037,1.00059246582949
"N[17,1]",526.978510182578,1.69577849233931,89.2448297963941,379.868682068017,464.610199775095,517.650177085347,577.996757016786,732.4860535082,2769.66909911734,1.00206619899822
"N[17,2]",645.013438049654,1.86058537154241,102.011621144783,466.262420085009,577.263767185772,637.634096006963,702.904906702967,869.626069616686,3006.07695659597,1.00109092904489
"N[17,3]",445.148496675568,2.16839094621138,77.6099328811529,317.275450432147,391.664757151817,435.620278004142,488.918929117554,620.40175190045,1281.03042675337,1.00421705637598
"N[17,4]",491.385747971104,2.64197155532047,88.2324355113272,353.255140351824,429.037953340776,478.851588825744,543.390001411701,697.079697725806,1115.32197669458,1.00397212927325
"N[17,5]",825.02972789791,2.85419074826423,135.916677547842,576.491721212552,734.689096526318,819.183207886048,907.970670471976,1105.99638332214,2267.66820786209,1.00354348821988
"N[17,6]",509.927298893993,1.95227295859602,85.872891822714,348.691569212798,451.871378136084,506.995952324495,563.708579989371,687.577366117516,1934.77781506799,1.00257935956973
"N[17,7]",197.763104222683,0.950495237408341,37.6031019050698,130.980543740254,171.27399047243,195.887414685802,222.082803447008,275.390799199525,1565.119322229,1.00168333583492
"N[17,8]",612.875427658935,3.43570696423992,111.013275688479,430.494063251707,536.248596085607,600.941033383375,677.467852361044,849.30429528018,1044.04112236799,1.00358414389469
"N[17,9]",753.602687188331,2.97514976717922,138.487437768536,527.984825771634,660.898423994234,741.082719886526,827.161377265664,1070.4670347847,2166.72151104238,1.0025210967244
"N[17,10]",285.850277846578,1.05123146611026,51.8877706176031,194.294811803185,251.233143459631,281.828557472813,315.47216040847,398.639705350479,2436.31432568549,1.00311180029786
"N[17,11]",114.249631455422,3.04764094685427,66.2551106795302,29.2495075696023,61.3538025525768,101.063069490914,153.057028114906,266.416639987213,472.618989969522,1.01005363366319
"N[17,12]",11.233758178079,0.0514404752587164,2.77701776066215,6.67615052768048,9.26550374766128,10.89897648648,12.9132695322495,17.4351134168444,2914.38799906794,1.00065250436942
"N[17,13]",560.699020412818,1.64097366403707,97.2233528885949,395.379667182415,495.048814555963,550.890322370901,613.929739594334,787.678181402374,3510.24933948796,1.00013091663784
"N[17,14]",419.23475247891,1.28504793942877,72.8465006317212,294.530988920297,372.053889547325,411.579314854494,459.462929965314,583.785303706374,3213.50314426805,0.999432544061043
"N[17,15]",442.96418239004,7.09587238114434,126.966363535372,263.427508260748,345.566705962028,419.623747116711,520.791262742606,734.721096364859,320.159040598456,1.00850291938299
"N[18,1]",840.44720108204,3.07456874612892,134.990766638736,582.108115608354,749.108691836271,837.994638732015,926.780343799996,1113.2849556041,1927.70117152952,1.00487788403836
"N[18,2]",887.689219001169,2.38357088721218,136.124944436104,649.726169498319,796.215523787708,878.129787225078,968.542858528009,1187.71848876923,3261.51429469742,1.00013655435069
"N[18,3]",748.773536235636,2.0609832567652,125.276597317967,539.048922054735,664.651171282872,736.813278579135,815.560060177759,1023.96396917758,3694.80030196029,0.999626518790831
"N[18,4]",751.543823208045,2.04861838061135,110.512629417496,552.043993484119,677.009529535259,744.643377810135,817.563872455573,990.864326904112,2910.0583312769,1.00142682126998
"N[18,5]",1140.4556938106,2.73950716530943,167.441833793158,838.489146030157,1030.90797212545,1130.02569140528,1238.41590777139,1508.28381410042,3735.79521900447,1.00251464608398
"N[18,6]",702.887075898194,2.13474887346064,108.470341416945,503.045988544029,631.953676720128,699.09263326771,768.02335955591,933.006511075474,2581.83466859445,1.00045005190225
"N[18,7]",274.069728871049,0.791838766140225,45.9251629126269,193.162123094268,243.30939094815,272.184024812138,300.791598764187,370.890505037165,3363.78238254152,0.999773667391697
"N[18,8]",1056.18538655134,16.3709726508688,240.843529090491,665.538754333619,885.29970594555,1030.97453759576,1196.27293881063,1654.38463811896,216.431763780188,1.02109177761752
"N[18,9]",1242.05871704781,6.52101094463832,219.879384909031,838.570771745652,1096.32279721428,1237.68493403466,1372.35588599545,1720.58548183399,1136.94424730224,1.0022448101222
"N[18,10]",369.015378511302,0.995120862704653,60.2603323466003,260.575623289901,328.525193733473,366.93734401342,402.721900614075,498.537989758908,3667.00398975353,1.00026191043649
"N[18,11]",151.815580421776,0.757301831433873,38.8121318158369,88.4335735550281,126.464711290806,148.095907671204,171.31489341772,237.519427766379,2626.61839329861,1.00146979833128
"N[18,12]",14.7790973375862,0.13377624773095,3.41773921420727,8.79929973715948,12.426118841942,14.5373094234015,16.7179229952519,22.41929434203,652.709332279612,1.00777146981751
"N[18,13]",763.56113002453,2.18963525977634,121.800084161656,547.387700196884,680.270328230897,752.62335909792,832.93984640375,1032.40793802928,3094.22307789867,1.00001087680479
"N[18,14]",663.244870174188,1.73144709067499,106.878655075682,480.110662575756,594.033795589611,654.166938007384,720.446477613776,906.338539396253,3810.33807391519,0.999509910576619
"N[18,15]",696.647671600629,5.25724404164359,141.332807981869,474.294905093696,597.457069700573,675.953080644213,774.019933718362,1028.38018345354,722.719379195719,1.00064269871337
"N[19,1]",853.596164913845,2.32298205999648,138.458552712502,601.859449824919,760.62741908627,849.200678183839,934.953860747182,1154.39844710299,3552.61269758083,1.00239150470563
"N[19,2]",897.498579880493,2.45720972630965,139.003393551068,663.900070618945,801.666248333172,885.030205095747,977.580173052685,1222.59460399491,3200.12066714317,0.999967599515573
"N[19,3]",925.7293845431,2.61664115104294,150.816702809078,649.559638931935,824.11440742518,922.443217569174,1016.13640319096,1241.25958346712,3322.08354139209,1.00136989526956
"N[19,4]",837.246083262902,2.6970107879081,123.757541146332,614.381955796311,753.750627775375,832.579608430936,912.649295740391,1094.22742703081,2105.61020573033,1.00223404597954
"N[19,5]",1109.28062914615,2.60125608859561,166.664140977418,803.656605043054,1000.05087408333,1101.14747031422,1204.87929451862,1471.2329959928,4105.04683992062,1.00030306149965
"N[19,6]",672.89871744287,1.9190813447798,105.14071854992,479.872269615155,602.003122370964,667.777706225083,737.753680778138,902.8610232883,3001.61587793334,1.00002415371267
"N[19,7]",264.460978913956,0.737195365552642,44.9678175471293,180.175244312875,234.930593126136,262.289872585127,291.590981715344,357.313996930526,3720.81800204038,1.00002831195878
"N[19,8]",997.486908507947,5.36877725369045,178.885214169212,666.725598773069,875.290498293471,994.43730941031,1114.04688653736,1366.11475735323,1110.1920649798,1.00513441633866
"N[19,9]",1274.01244444341,8.20242232655659,241.825614408311,821.893783481417,1103.05102309908,1268.69145199124,1439.24162562447,1751.88755875086,869.201259062634,1.00473193582574
"N[19,10]",354.122161734815,1.14897989263946,59.1952849092838,247.291807778441,314.838682789362,350.44561482343,390.844259464561,481.559649664215,2654.29612666671,1.00313619554331
"N[19,11]",149.07745056627,1.13362529745499,41.1541157617934,91.0051424294325,121.368991369214,142.044669618405,168.617618821568,248.578976542365,1317.91527621251,1.00367612271655
"N[19,12]",14.714247781562,0.0824965476622516,3.41850495223195,8.91024963620485,12.2214178624527,14.31994790395,16.7925854590137,22.3810324914508,1717.12091407037,1.00286966856904
"N[19,13]",745.418953931115,4.04078725693409,133.695917445951,537.774958883247,648.156462568007,726.355716933021,820.584064237674,1064.04169743072,1094.72319438992,1.00371621143383
"N[19,14]",705.025069276374,2.08238301377066,122.230821127257,503.985478195132,622.029663315108,691.175083624805,771.135464756302,995.427335185806,3445.4046342479,1.00163618252589
"N[19,15]",899.46610465985,2.50572326415926,154.583425924325,617.862395050822,794.34918507371,898.237825278669,997.67452689667,1207.3648747774,3805.9199167149,1.00001644630165
"N[20,1]",429.903407429862,3.67540133763331,102.035224128447,277.583014552092,357.911472957556,415.40978634612,484.98441623075,666.883175225773,770.709491459063,1.00318099610497
"N[20,2]",651.781032152079,2.12853335204032,108.627326363237,444.001670275893,578.062773099615,650.609943175392,721.250319090402,880.589452366375,2604.45742090476,1.00132476268541
"N[20,3]",631.7886940292,2.53860937567199,115.807220964103,417.099346974233,552.392519558898,627.903681889189,706.93562503977,872.810391874406,2081.03565195868,1.00087329524508
"N[20,4]",559.200780885404,3.15488919508044,101.532570413408,375.872909973694,490.447366806629,558.100263355129,620.330136575994,776.106946615019,1035.7204242557,0.99990350166601
"N[20,5]",638.037707465867,1.87549283322884,102.711535943095,449.094957613929,569.020803161696,633.213997421262,701.261855121941,856.018460047176,2999.21520750828,1.00012255779184
"N[20,6]",346.854762298991,1.57844022668763,62.9715847274162,244.837305090698,302.154691621068,340.430726276627,381.022926817483,487.366063307493,1591.59646078303,1.00190900513159
"N[20,7]",136.654684688613,1.06265877367966,32.4183825546851,86.8565546881976,112.933290519356,132.601114649883,154.878319734499,212.169548682616,930.668513850092,1.00262181453966
"N[20,8]",479.118200604694,2.97882238057606,99.6301190048549,330.564620256171,405.929421924437,464.529981236725,537.051204715253,707.437279079846,1118.64447467142,1.00567255622494
"N[20,9]",519.296066009509,3.04518351787498,134.628061923159,329.756362499336,423.040630723623,496.53857266865,588.551218844837,850.380515708894,1954.53857732401,1.00216369380437
"N[20,10]",182.474358485072,1.8317303757778,37.9648132960172,117.069992531133,157.515898152574,177.696837002208,202.755749807503,268.25343804455,429.575438439556,1.01112829719005
"N[20,11]",217.569899274858,0.72672835627347,48.913326024739,134.983029912761,186.091209915655,212.451030238145,242.051406483536,332.963891385169,4530.12491625487,0.999381379484462
"N[20,12]",11.1433547375417,0.0459713085171418,2.56727825362641,6.91892582153848,9.30856905382557,10.8508068442764,12.7029908736061,16.8864632948504,3118.68960706001,1.00002233730411
"N[20,13]",601.736659154626,1.82044281367596,105.122294174683,421.692996875961,531.60310821453,591.560787778789,661.319829470513,830.236371061039,3334.53729385659,0.999399305708051
"N[20,14]",479.851679493936,3.65689318004794,96.6366453195101,306.147910106592,411.592201417329,475.456065585418,541.257990268988,673.825693988627,698.327494667629,1.00612546484798
"N[20,15]",774.954895490625,10.4898926439705,193.858933996466,445.044759791113,628.759587327554,761.700805550309,910.853790555624,1159.35083488002,341.530546824612,1.01001944883612
"N[21,1]",481.789151168523,1.37852924907222,79.078420669694,342.515037840092,428.06603214147,477.767203362552,529.658800974649,652.463706164652,3290.66751411957,0.999269789360682
"N[21,2]",613.482547756224,1.60037475034002,94.3104362308607,444.68753935908,550.296808175736,607.62573234408,671.162552364106,817.864106560944,3472.7708374141,0.999639544757562
"N[21,3]",577.782804028445,1.68626973823059,101.48951972729,404.506291829596,507.994063252314,567.942137307223,637.191838731285,801.790763939882,3622.33241444799,1.00048851214492
"N[21,4]",451.71361992118,2.33273879836556,92.1875776744481,305.50881990408,387.026497774693,437.553241469607,502.741287109626,668.481585608621,1561.75383784203,1.00122951964807
"N[21,5]",604.061455662882,1.57198979334332,96.6574546804023,433.078043853404,539.613980609827,597.453264340786,660.886454065973,819.877931072988,3780.6917114513,1.00054093931905
"N[21,6]",369.671390992248,0.895998186770115,57.4233396907557,268.000860898813,331.907430126317,365.515263113093,401.515015458475,500.630369344661,4107.35870647786,1.00022543755208
"N[21,7]",168.138441750338,0.655373743479726,33.1164785892314,106.330239610921,144.95752674859,167.435166108146,190.500180959031,234.803224207275,2553.34926305466,0.999931180219331
"N[21,8]",547.932976153149,2.09483199002556,96.9001776604969,372.465944596609,480.871473211937,541.9640416753,608.560174990231,752.338729603477,2139.68948226138,1.00191529102869
"N[21,9]",535.655448893849,2.13266968839844,98.992469759533,354.631458756837,466.373456902951,532.260040332629,601.658318552351,736.865788256349,2154.55272531461,1.0027936920366
"N[21,10]",192.681303458969,0.62060179414986,36.4188836348162,133.710000930818,167.746860529113,187.923249360714,212.386538410901,277.931054287121,3443.71501737774,0.999626861048877
"N[21,11]",345.02766039585,1.68708350378107,78.6603962664297,195.761177195257,294.054974058984,343.602401854511,393.003315448504,511.174049857268,2173.89769455561,1.0020332515143
"N[21,12]",13.1207347031715,0.0712457668614057,3.10304371390978,8.14102312660227,10.8882108232327,12.7597377758878,14.96987697268,20.0455288334118,1896.9577432682,1.00046081928245
"N[21,13]",683.342949553651,6.76514456833788,137.449148144433,434.069414128494,589.074588957592,671.354605006908,770.988923048617,967.019883870092,412.790735637302,1.01060994439712
"N[21,14]",424.697787222981,1.20653826233264,72.8800353927944,295.06217660683,375.608449045584,420.140825836214,467.140828066501,579.381565381388,3648.67307365034,0.999436426071316
"N[21,15]",572.369772315877,5.50185286191963,174.946587583986,272.635867361113,450.349249460079,567.851562157552,676.703259437598,959.459367215358,1011.09743381262,1.00333830238142
"N[22,1]",326.614277148179,0.974178804500094,57.1180257002281,222.851175840481,288.790848546972,324.385679981129,360.235676150557,448.369254109495,3437.70829851111,1.001391293207
"N[22,2]",380.156915332112,1.13931023616599,64.332960223452,274.324876434927,336.464016869635,374.674998350674,416.755661351445,524.09205051653,3188.47541303193,1.0012439582343
"N[22,3]",362.441594450305,1.22123420763874,69.1957357243363,252.653213590393,316.282644480216,352.975508346247,397.489086831719,535.932888935347,3210.41178723456,1.00040442185534
"N[22,4]",340.365301320556,1.99616080050107,59.7505505286819,229.012029395383,298.653954215939,338.646428636323,380.963437408138,461.132235796701,895.968572693864,1.00621086324785
"N[22,5]",314.907034935626,3.9233320059172,82.483234265401,185.249949998139,251.789185898876,305.894728450726,370.02925916901,489.534735351222,441.99895366259,1.00181288609925
"N[22,6]",230.492532194734,0.652965557925077,40.6572006717298,158.795190203556,203.089907774337,227.433973295145,254.804607272154,317.634254862744,3876.98747913943,0.999944838101957
"N[22,7]",89.079173877365,0.793886633949504,30.7165860387708,41.0144369326692,66.7623438744759,85.1608612839917,107.79174408748,159.04994789621,1497.02450511331,1.00117356268586
"N[22,8]",266.734520946217,2.19021102768373,56.7392033194309,178.542081045547,225.676931238198,257.245329554166,298.268539552897,399.399892471827,671.111289262233,1.00585505558328
"N[22,9]",282.221872273412,1.02602300472406,54.5327249767452,187.339713226112,246.004782667781,278.187245713077,312.997245550032,402.033025973369,2824.88129435175,1.00161058313417
"N[22,10]",157.169271374951,1.01292660896461,33.0801726550388,99.0528234369482,134.102456873464,155.217661275832,177.302862055494,227.354786056617,1066.54596086506,1.00081489443749
"N[22,11]",163.17116216207,1.31237940509505,54.9077611198359,96.3121385868581,127.461472415927,150.560523314302,183.256484483375,303.80058895501,1750.44576054643,1.0026594895949
"N[22,12]",7.97967179196506,0.0428899303142233,2.08502763959529,4.74457433174147,6.52723375494077,7.66774405827032,9.13387197291224,12.894534004579,2363.26787626369,1.00066451787846
"N[22,13]",415.833028789588,2.18153786031381,76.8506390642735,276.423753821403,363.108474632905,412.817100824853,464.09257325815,575.195546048908,1240.99335937094,1.00381752920537
"N[22,14]",200.832296283179,2.11102608201876,53.1380515876051,121.956652462687,160.800604533148,193.015833896772,231.753916120134,324.381446321577,633.612963187401,1.00646574740743
"N[22,15]",434.442581973116,1.91411400930025,80.9453180503438,285.127733411066,382.252002296758,432.114289282125,481.001112834593,602.442011441084,1788.33083130822,1.00105843629686
"N[23,1]",379.753642543902,5.1385451625169,77.0449267708023,264.76502711131,330.370952853673,367.501412348556,414.512599718337,586.056839320325,224.805916885522,1.01828777505774
"N[23,2]",384.735818876545,1.69126798391656,79.779879959173,261.733821271881,330.568063682199,372.557780679079,425.203218250035,576.569050844072,2225.1633680595,1.00226167078547
"N[23,3]",518.081702639778,3.23222338727372,119.186247442462,309.627819870217,432.492769188393,510.158329846438,598.173710911966,762.84791650004,1359.72022016641,1.00473564985815
"N[23,4]",316.530672737402,0.837548372137951,51.4433248734664,225.140216350989,282.641148600785,312.403125544136,346.489467307548,428.537504652333,3772.57830016355,1.00024956249568
"N[23,5]",427.794803665794,1.37076686227816,71.1196079757539,295.618865033619,380.390768141688,425.927410230846,471.504936057286,575.467491064766,2691.85408103684,0.99998622202806
"N[23,6]",254.838267686826,0.706169932074683,43.9085518694125,171.521475146738,225.82473217394,253.67493371418,281.229453288887,348.261400220049,3866.15965433517,1.00043489551392
"N[23,7]",141.591034880774,0.746978815433031,31.3730136016258,83.350555723537,119.958184786925,141.2474860325,162.154106709463,205.742359298826,1763.98913182208,1.00219014347418
"N[23,8]",348.806762236088,1.03625254840066,60.4906629116253,248.97962013039,308.701208284523,340.776436569088,383.730129449836,485.904007615418,3407.57532419719,1.00009846457926
"N[23,9]",297.180637426418,5.58518004917556,106.253157521491,153.384371259778,219.756144400851,276.907788024324,351.648489183484,586.130018800896,361.917291948526,1.0091304507733
"N[23,10]",152.601231826895,1.13290462178677,32.3344391345206,93.60439490331,129.747736078347,151.488570552274,174.026418172445,217.100109766029,814.599177554257,1.0050783532578
"N[23,11]",395.538462641269,2.94782923182686,112.485945410458,181.304488667601,318.977141494139,396.258904405933,470.826265841627,616.129891085883,1456.10228443723,1.00368495366926
"N[23,12]",8.75318115664712,0.0544820326343419,2.38013846040992,4.98359671143925,7.04388867019993,8.49044624703945,10.1934820269817,14.094623431733,1908.52494289771,1.00220862465221
"N[23,13]",383.572634471622,2.1471453387461,75.766287427759,251.157174194306,333.820001896335,377.735861519956,428.537032823558,547.115410640851,1245.17137831695,1.00508744443063
"N[23,14]",281.408242760401,1.03129112127944,53.2020790584265,193.498219633231,247.360259910947,275.764620940331,308.913149088122,404.053906357869,2661.305005806,1.00021890429813
"N[23,15]",448.133644034394,1.90339770567908,86.746407020424,313.010439850014,389.475795883008,437.947357822256,495.342405565524,642.252657648596,2077.0354469001,1.00264644028045
"N[24,1]",420.973167678201,5.09284135949641,109.767996699047,234.315293388895,339.93171639442,411.465375238923,494.813059109231,641.099195534163,464.54862616049,1.01196667479498
"N[24,2]",311.389868963346,3.04164721000592,114.59111601327,134.563892945238,231.421159426371,293.528254330936,373.120313772637,585.806976030786,1419.33272902163,1.00448939031288
"N[24,3]",520.562454319984,4.30036334347747,115.302177039772,314.434233530133,444.283670715027,515.181437956665,591.813670784766,757.012101810791,718.893757118869,1.00450696965729
"N[24,4]",248.136249960103,0.836061982692566,45.3675098369255,172.561948791226,217.509079152534,244.588789225548,274.185174073869,349.94121838275,2944.50931624404,1.00020045915117
"N[24,5]",377.678469686685,2.70016668221696,80.7653506083404,257.059703045778,319.808699885471,366.042698033312,421.564203683597,571.918393652517,894.682653568599,1.00687462764431
"N[24,6]",190.183696535147,2.08504585409066,52.9650190493188,112.850044288685,150.985294241007,181.365787129516,220.755641069679,313.442137599638,645.278276802619,1.0091782376766
"N[24,7]",123.175424798891,0.493096451069998,25.8253350158482,81.9396051232971,105.476030250023,119.880818396115,137.576756903662,182.129212837195,2743.01494912698,0.99980023603886
"N[24,8]",373.189024812675,1.09292497088497,68.7600410839982,259.067686878874,327.386335129667,365.373546824219,409.683323889549,528.861145045015,3958.14370343867,0.99966894191022
"N[24,9]",415.626851311314,3.5137779964002,149.877078769578,184.82928017662,302.955133870362,390.344145944949,507.893476502811,757.084905450954,1819.37323574188,1.00129763451023
"N[24,10]",86.7578364182259,0.861546365119555,26.4549808520855,49.8806597598843,68.5605274330605,81.5560035002882,99.584788520829,149.44266443952,942.882540918359,1.00405777743342
"N[24,11]",244.167739748264,1.05114236888445,59.7111449565674,153.667242150912,206.273643719783,235.015074691746,270.792669392031,388.325469484443,3226.91639928665,0.999495756442731
"N[24,12]",6.09153700521252,0.0529197353611617,2.15911386648682,2.79117012573228,4.59933076871445,5.75246531135614,7.25921352747081,11.1999224965945,1664.62252002869,1.00160136087283
"N[24,13]",246.644627649232,3.71723480682757,102.510141728158,120.506283236836,169.053745073791,221.869200158003,300.104656144141,498.100354506665,760.490297822339,1.00781708319642
"N[24,14]",376.991743529627,2.41887006587668,76.6168047383066,237.181493593915,325.148772320136,375.804488691913,422.920618907086,540.701527903096,1003.28193378683,1.00356919983621
"N[24,15]",435.433257441653,2.46684928486238,89.254345436377,268.608723890346,373.690188157025,432.162022366458,494.086232558097,616.378050775418,1309.10205800887,1.00315741319624
"N[25,1]",298.884686322971,2.71038681534429,83.1526796854833,187.833576662154,241.74055708727,280.571779865948,338.760316473325,508.74059114932,941.217398851516,1.00496018965673
"N[25,2]",392.085367728619,3.94302377160958,175.135509504354,142.720977166936,268.193675080573,365.504036372343,482.710267003215,819.375425971344,1972.82984634805,1.00391524463284
"N[25,3]",312.88897848435,2.42251020664598,82.4628895211602,199.502482882425,256.193840668574,295.234854930104,351.880931506141,524.217776149786,1158.73964469113,1.00064043435599
"N[25,4]",243.67383612272,3.0110912387563,70.1351354620822,142.426259890089,190.930862585088,233.190848336389,285.347792884983,398.68052447549,542.529614860693,1.00187056998723
"N[25,5]",604.257799434706,5.65996021894701,134.723624560305,367.363529945343,505.299195106158,594.898110682826,696.780719342727,888.652449651159,566.579372843142,1.00408987312352
"N[25,6]",275.740492961927,2.55110345084641,65.9183975476017,142.423419083562,233.504550554389,273.543469414954,315.459270733828,408.041853426089,667.662742622195,1.00402291111839
"N[25,7]",174.012401111459,0.970630019112656,39.2190556109054,103.373720152914,147.893812782262,172.582645331909,197.013197336822,258.085156228773,1632.62644107857,1.00205601105515
"N[25,8]",489.58904094453,2.2244318101713,103.345766453577,299.370322964781,422.553158783814,484.994906824424,551.910314592694,707.407527049612,2158.47581544807,1.00036283444726
"N[25,9]",315.302446145664,1.50616689773853,83.7264302035477,197.77992715524,262.550903801352,300.533360001152,349.591078307903,531.291295949611,3090.14566996378,1.00130781727341
"N[25,10]",115.219843867501,0.40817144304246,24.0300472926259,70.3818754320741,99.3032138694915,114.074683075566,130.608738276542,166.088217936127,3465.96375954079,1.00016273200782
"N[25,11]",515.301559793034,3.48178852880733,133.52813683564,259.083989078524,427.772101746598,516.207023430774,601.08059689909,781.948019944742,1470.75657354068,1.00329961308365
"N[25,12]",7.89597438079402,0.0795173464446842,4.27706110004448,2.56054709247718,5.05450528563825,7.09540412150052,9.65978172389639,18.2311671781808,2893.12468652791,0.999425080014741
"N[25,13]",313.24026805309,4.66282529594855,156.726152409924,96.5291334186041,200.217362967095,285.98773540843,392.108378726217,691.601933457907,1129.75599888271,1.00653372160227
"N[25,14]",350.279734037707,1.0479733165626,65.8743521111761,235.133482045144,305.662605353729,345.405719347423,388.490527755136,488.839440615939,3951.22957718193,1.00127224970936
"N[25,15]",391.341607166964,8.00669934567933,150.186303062032,194.536460970969,275.218846687333,359.412215607976,475.358130623758,736.801074270793,351.846805345614,1.00641735371262
"N[26,1]",358.867466041142,2.69742809276171,156.352130808142,144.868722282793,255.064868171289,332.489841875721,427.379128353682,752.200715444123,3359.75691266133,0.999740334686722
"N[26,2]",482.199481885848,5.29101829902412,242.718639955076,162.19061767515,315.289639891084,436.333264562223,594.512648980832,1093.46073122914,2104.39728478677,1.00304857775221
"N[26,3]",358.588385098235,1.47170179698296,81.5432844873995,233.964420825912,306.074625929101,345.52221097013,395.724185559415,557.857781144944,3069.98858432424,1.00047044377101
"N[26,4]",370.218451189218,1.83709948707949,72.3984370694475,233.096772720682,322.00018051376,368.783847645452,419.727287585899,513.448515290355,1553.07714878838,1.00227508472351
"N[26,5]",613.306088542199,1.90715966353151,111.22922974221,429.915877775089,537.564646756471,600.796006122747,677.126235536244,877.363362622251,3401.44735665866,1.0008284699677
"N[26,6]",307.740724329243,3.98167313116688,126.02111497725,112.825491691067,223.696727790878,290.521654655224,369.54629755476,594.771834058639,1001.74094755334,1.00606626898779
"N[26,7]",181.006404897286,1.48200161301704,76.882621066076,69.150673005391,130.15829327019,167.488647546198,217.122801133701,366.515789944281,2691.28077415562,0.999718305619634
"N[26,8]",523.145520199453,3.58758776800706,200.86681361694,233.260071383587,388.879876965321,490.646824082894,626.461116053108,993.930557829654,3134.81063503688,1.00075797282744
"N[26,9]",392.281607742002,3.73074403576804,183.363442357976,151.929292537328,272.343748505493,356.48623000814,468.024611259523,851.745690016908,2415.65328264013,1.00129650727578
"N[26,10]",120.129274478556,0.5620480266208,28.494209229087,76.6654390520747,101.352745667225,116.151137552237,133.771042533981,189.727541497991,2570.1967094672,1.00097645645047
"N[26,11]",339.159585914848,1.88872502376409,101.756327867811,211.53529865582,277.206096668754,319.430150995823,377.136174146054,581.473241531866,2902.58791874184,1.00053173244454
"N[26,12]",8.28863203177379,0.096504974828259,5.16419379963265,2.30881861025014,4.93230229337998,7.07894628136885,10.1834591651913,21.1284466381767,2863.55586560248,1.00068479167324
"N[26,13]",381.531618861288,6.27495968226497,228.854066849935,71.6473785673762,225.028359367413,336.210528021013,481.932747146407,945.099065550497,1330.13398372371,1.00527916838474
"N[26,14]",388.036139242955,1.4368050462011,81.9538732706392,253.836469111061,335.426376676605,378.203673667062,429.354638074148,578.956807148952,3253.44357023657,1.00160713719814
"N[26,15]",679.837818863156,7.57124674945799,205.164093414856,301.729730904874,524.819167265731,679.098230383288,828.358612889137,1065.36751461592,734.290501761873,1.00386304054953
"N[27,1]",412.634048452669,3.92648605333389,233.234255457669,129.052633458791,258.271914894408,368.202676741056,505.030470747819,999.505949658198,3528.38976868725,0.999847620659785
"N[27,2]",554.540409078614,7.63304250184486,330.947925033445,155.093640919234,332.334752009507,490.501597023626,688.010858909254,1384.50481147848,1879.85332035344,1.00154370191299
"N[27,3]",414.960235157567,3.45125482445131,178.065467277308,166.624207858177,294.50040195129,383.896681870816,498.783244381029,844.279559873,2661.98346765414,1.00015229271508
"N[27,4]",393.884000216082,1.2177442711917,80.0600555404496,260.793801907596,339.138308984911,384.923670069225,435.772722665704,575.494460090253,4322.34654747313,1.00014690606639
"N[27,5]",755.724581035938,2.76531259692098,153.611679261014,469.924766044018,653.681502355626,752.038992317785,850.743419664409,1078.21077016266,3085.74482728811,1.00059426153201
"N[27,6]",361.221339102075,4.71592678130248,202.693070825462,108.50619666169,231.22446628288,323.804785977284,442.325603554889,835.249073548818,1847.32665764184,1.00269473913996
"N[27,7]",220.695474486504,2.14151954105051,131.419724874435,62.9681683679805,139.516525650283,195.235364536316,268.23789721434,555.480288958417,3765.97145690176,0.999596364184951
"N[27,8]",633.532899636345,14.4343127659079,339.839030925433,217.930457660594,415.246786530103,561.354127385448,758.086752036189,1464.26569913066,554.312012617679,1.00820544151648
"N[27,9]",453.65758937002,5.14279090021795,284.807061631851,127.708070550493,268.032663820912,391.971265123868,558.755160190595,1170.17828101256,3066.92935813816,1.0002776248835
"N[27,10]",138.700560589733,1.19199514560249,61.9746695136999,56.3177741466073,96.8568976683258,125.955660855377,166.590116247153,296.642114903948,2703.20800947906,1.00081084872355
"N[27,11]",477.699365040776,6.65062256963063,392.352265020121,111.346012663684,262.55204510504,382.07259924107,563.968468800938,1435.9796737299,3480.38849653099,0.999681454944441
"N[27,12]",9.77544183255861,0.148814587313058,8.2786925810844,1.96772434556155,5.03325176414957,7.81444345322,11.9633036828248,27.6304575118747,3094.79939420447,1.00052865889738
"N[27,13]",444.554859532806,8.66284012401596,317.88604319406,66.9189455965671,234.884615484024,372.648468097268,566.644489664868,1272.51802294156,1346.54949823202,1.00418863132594
"N[27,14]",459.765814277752,3.43802936367212,207.966789495501,190.446562612805,330.835209281944,424.573744756759,545.445113348233,946.075602084321,3659.05393929518,1.000968600565
"N[27,15]",766.438801733427,7.68639810173872,385.392114879083,270.834749582509,519.764138264558,700.856735916963,925.170609283375,1616.25975748684,2513.96890261175,1.00008624505155
"Omega[1,1]",1,NA,0,1,1,1,1,1,NA,NA
"Omega[1,2]",-0.14208682654325,0.00639736366697699,0.234461595579653,-0.59626965940804,-0.30818160941226,-0.145925497546004,0.0207635707046325,0.318975917215436,1343.20207285947,1.00183513220123
"Omega[1,3]",0.30717538502576,0.00571761554624307,0.223358386551545,-0.177085540951411,0.16201358225729,0.327365155454723,0.476697327928077,0.68586645322511,1526.07060707972,1.00469668064988
"Omega[1,4]",-0.131144174567737,0.00472996292042112,0.222269034573642,-0.541399812979539,-0.29076175108248,-0.141998014195804,0.0129376137185136,0.336460143269031,2208.22058432371,1.00025439155635
"Omega[1,5]",-0.095416298299789,0.00553172463644172,0.243259415367168,-0.527442575973079,-0.274505734960395,-0.101826858868882,0.0714417609051073,0.403349535817329,1933.82963287674,1.00149277744023
"Omega[1,6]",-0.0125932548066649,0.00732672524465614,0.25542407969217,-0.495685494488633,-0.194408236307972,-0.016852054791666,0.169020329989228,0.464905157666344,1215.35699048657,1.00275308134677
"Omega[1,7]",0.0233003724199053,0.00409171865364378,0.245208346722506,-0.448064850253208,-0.145863422798819,0.0184671346672718,0.199221202563768,0.49130566522408,3591.36024083031,1.00053771395134
"Omega[1,8]",0.0934078558089094,0.00415221290653667,0.232197155796434,-0.376376927233396,-0.0603778008340681,0.105790233965345,0.253926241793671,0.534019795111523,3127.19212193135,0.999516862398044
"Omega[1,9]",0.132541253521478,0.00459220768234707,0.224878668472055,-0.307851289002263,-0.0195926338809425,0.134907872169419,0.297678369551876,0.553213578961211,2398.0237534617,1.0024276027083
"Omega[1,10]",-0.0754990674020923,0.00447536866588362,0.221163408463487,-0.502958036317455,-0.227284069353321,-0.0815316673806043,0.0761136177256078,0.370916881899036,2442.13076770911,1.00125647157671
"Omega[1,11]",-0.21101398433337,0.00523372182769974,0.19922671778126,-0.577066967002525,-0.350813395064885,-0.214054045024877,-0.0712468719731073,0.201204572771007,1449.01835860107,1.00103405908765
"Omega[1,12]",-0.0291366048856567,0.00418395410293269,0.227535638093618,-0.469212760552347,-0.18579794341153,-0.0237934796891941,0.133474510297628,0.407968592776868,2957.50190532336,1.00043543305341
"Omega[1,13]",-0.11507065138771,0.00394173804008085,0.219315895479317,-0.527760928213496,-0.26694256735563,-0.122517578342939,0.0365760241340232,0.321340242947631,3095.74158941141,1.00074546876132
"Omega[1,14]",0.0896817334984132,0.00455816863870839,0.220455220378534,-0.336661244741285,-0.0597572402372415,0.0928414932958486,0.24039932840362,0.517455320116136,2339.16036849747,1.00096069010999
"Omega[1,15]",-0.0585798376753837,0.00463895417940639,0.233012719148014,-0.520402550592604,-0.218820866748352,-0.0526490804288792,0.105278335225359,0.381712609873786,2523.01068699235,1.00189273716856
"Omega[2,1]",-0.14208682654325,0.00639736366697699,0.234461595579653,-0.59626965940804,-0.30818160941226,-0.145925497546004,0.0207635707046325,0.318975917215436,1343.20207285947,1.00183513220123
"Omega[2,2]",1,1.55509275444358e-18,9.1932326959567e-17,1,1,1,1,1,3494.81273947339,0.998999499499374
"Omega[2,3]",-0.199379371432222,0.00948986406993308,0.232580624367394,-0.605459480766178,-0.368017754514209,-0.215257326505342,-0.0434318004046432,0.293546645494412,600.657743979621,1.00703228685395
"Omega[2,4]",0.202424048476405,0.00478280974903562,0.231504298865688,-0.279994036712324,0.0456160953229936,0.213964336974749,0.366312341050741,0.617865173955747,2342.89005168059,1.00147377448885
"Omega[2,5]",0.0242752415502909,0.0053405846500141,0.240360278558537,-0.449173379211713,-0.145066090018435,0.0276619778714068,0.204674475392699,0.478388243678034,2025.57249420741,1.00139033131243
"Omega[2,6]",0.0175120599453858,0.00423837854676468,0.245257715347601,-0.454463694243336,-0.150308840878367,0.0151920762443019,0.189269301601802,0.4894575566187,3348.46582874297,1.00040666365712
"Omega[2,7]",-0.0675911493929388,0.00742812754516345,0.251182525206987,-0.528347049879433,-0.249763299615701,-0.0635273207491392,0.109487099039896,0.414172842908925,1143.45779643264,1.00314579681915
"Omega[2,8]",-0.0627842112128216,0.00721883150154568,0.236457645594188,-0.50398603608756,-0.232973350964024,-0.0694590886048233,0.10509506921144,0.387895504527712,1072.93376417925,1.00302977617179
"Omega[2,9]",-0.0983264762280736,0.00427018842436355,0.222230465710008,-0.527685471571661,-0.249669375133823,-0.0972009775887197,0.0482535509694164,0.342852744714746,2708.40193192718,1.00014681782266
"Omega[2,10]",0.142782050261294,0.0106128595351621,0.23181211932427,-0.337274361120666,-0.0147194974391007,0.154329383377949,0.310494504546851,0.557499366231847,477.097831387402,1.00876788050779
"Omega[2,11]",0.115803521413136,0.00464325862862306,0.200859916215271,-0.27588325750005,-0.0198976922667836,0.12259511464331,0.256422701821317,0.489374849430955,1871.28874489132,1.00031071304504
"Omega[2,12]",0.0444546994289987,0.0047109849393594,0.232565598058091,-0.405819371161563,-0.122658153669261,0.0500167838434401,0.221165928448942,0.474924592481963,2437.06725141593,1.00222099617755
"Omega[2,13]",0.164083989548983,0.00412735493316331,0.232728720863073,-0.295532162236775,0.0106172389432336,0.164134346761841,0.332843568699366,0.590688294942722,3179.48169874444,1.00036414423366
"Omega[2,14]",-0.135712802324273,0.00587334301888353,0.229904282387473,-0.569338749633715,-0.302191755322291,-0.141668916315521,0.0281458098395531,0.308401668992162,1532.22798686418,1.0029363903645
"Omega[2,15]",0.125714509381954,0.0127154135090224,0.24651037833112,-0.348401497540527,-0.0416695665915294,0.123159731741974,0.288227960455094,0.638676479448759,375.845573902281,1.0132213467475
"Omega[3,1]",0.30717538502576,0.00571761554624307,0.223358386551545,-0.177085540951411,0.16201358225729,0.327365155454723,0.476697327928077,0.68586645322511,1526.07060707972,1.00469668064988
"Omega[3,2]",-0.199379371432222,0.00948986406993308,0.232580624367394,-0.605459480766178,-0.368017754514209,-0.215257326505342,-0.0434318004046432,0.293546645494412,600.657743979621,1.00703228685395
"Omega[3,3]",1,1.38840245474692e-18,8.21592725238502e-17,1,1,1,1,1,3501.72812739506,0.998999499499374
"Omega[3,4]",-0.0548777595611387,0.00421486859240486,0.223788672460785,-0.486568673879274,-0.209106044602257,-0.0515173838867575,0.104684830004529,0.375274633225105,2819.08468227319,1.00102078496485
"Omega[3,5]",-0.0869849713121369,0.00567729281180563,0.232586034718571,-0.524410951665956,-0.253805717860776,-0.0924142009577305,0.0779359501509951,0.353790290940993,1678.35830262766,1.00363919213728
"Omega[3,6]",-0.0920111945403526,0.00503891824242453,0.248516665923605,-0.559301789793798,-0.269414773105581,-0.0963836017324326,0.0817199418667389,0.3994137545415,2432.40794495823,1.00052850673136
"Omega[3,7]",-0.0158502694449526,0.00558135787800736,0.233046983574786,-0.467453222755549,-0.177350773779418,-0.012857490876044,0.148430779518745,0.432076955869834,1743.44090444654,1.00246478689322
"Omega[3,8]",0.0502251881037665,0.00479223830720129,0.223919582896287,-0.401148203969733,-0.100201076976253,0.0566010365906106,0.210801952728513,0.467489553219849,2183.26946170471,1.00300233218662
"Omega[3,9]",0.166167095548221,0.00732891913704879,0.221917110870082,-0.290463351528891,0.0195003523053997,0.178970409841568,0.318895714419175,0.560823512294861,916.857241487588,1.00374101832566
"Omega[3,10]",-0.178837053481338,0.00573792150606373,0.211798883180841,-0.557448312080287,-0.330940176371713,-0.187312585068764,-0.0380244866262966,0.255327756047083,1362.50506605121,1.00439461813074
"Omega[3,11]",-0.154517985654701,0.00443044526728205,0.196418277924936,-0.515597135848917,-0.293501949929169,-0.162180336351962,-0.0262635755565612,0.252264745021235,1965.48189052532,1.00012145387987
"Omega[3,12]",-0.068452711688314,0.00430066554427004,0.230236292011102,-0.504416348357249,-0.226114393066804,-0.070866763258081,0.083934075172565,0.390321722068424,2866.00026063206,0.999778915624316
"Omega[3,13]",-0.137131178248033,0.00372480677024231,0.219885233035648,-0.534816810044345,-0.291979592978512,-0.14413508584074,0.0124709731957782,0.300914238916075,3484.8543571817,1.00056711526829
"Omega[3,14]",0.273097028526341,0.00989619248046677,0.220039553969636,-0.170452129954461,0.125276634558482,0.284300523581565,0.425444877491836,0.676878137831291,494.384953323305,1.0091652694797
"Omega[3,15]",0.0474993676732608,0.00805837088395078,0.234758462219662,-0.417773858379376,-0.112894189223479,0.0474640694041899,0.213254247379363,0.46944653089288,848.687896326528,1.00190197041224
"Omega[4,1]",-0.131144174567737,0.00472996292042112,0.222269034573642,-0.541399812979539,-0.29076175108248,-0.141998014195804,0.0129376137185136,0.336460143269031,2208.22058432371,1.00025439155635
"Omega[4,2]",0.202424048476405,0.00478280974903562,0.231504298865688,-0.279994036712324,0.0456160953229936,0.213964336974749,0.366312341050741,0.617865173955747,2342.89005168059,1.00147377448885
"Omega[4,3]",-0.0548777595611387,0.00421486859240486,0.223788672460785,-0.486568673879274,-0.209106044602257,-0.0515173838867575,0.104684830004529,0.375274633225105,2819.08468227319,1.00102078496485
"Omega[4,4]",1,1.62611248182762e-18,9.24338709265705e-17,1,1,1,1,1,3231.17972152971,0.998999499499374
"Omega[4,5]",-0.0549304675736348,0.00709048409185234,0.241293594847812,-0.512652595943898,-0.224623339437366,-0.060619322997052,0.116115923519262,0.407494306269366,1158.08333853682,1.00038780432902
"Omega[4,6]",-0.0211787985371106,0.0116327413280732,0.255680267569089,-0.578477032497317,-0.193672439159898,-0.0184872127630826,0.164668518275703,0.450487638191155,483.092485685258,1.01007248501778
"Omega[4,7]",-0.132493406625285,0.00926557807959637,0.248055421067595,-0.569755887600631,-0.312324041364568,-0.140838812799256,0.0380286795515404,0.3709499689707,716.724755306519,1.00381036865712
"Omega[4,8]",-0.146026783213604,0.00438895258462132,0.22839030511309,-0.569181018462692,-0.308598176568977,-0.155564018076239,0.00953676425512019,0.329642796035855,2707.90579293019,1.00092819480464
"Omega[4,9]",0.0480724205174729,0.0048769250806086,0.220997646345032,-0.393331276044885,-0.101164489958533,0.059748098615471,0.203583484433818,0.459043807921119,2053.44525404338,1.00114393788034
"Omega[4,10]",0.201889246420082,0.0037698747689705,0.210436668993255,-0.234407012524115,0.0610567635680684,0.204761389602887,0.352906910656317,0.580590573421386,3115.93930927244,1.00011146148649
"Omega[4,11]",-0.140547359651018,0.00477572944371651,0.203745861449231,-0.506615171575458,-0.289933828489797,-0.152353979945931,-0.00640778633225212,0.277818628147949,1820.11220509748,1.00174171699899
"Omega[4,12]",-0.0737866891599697,0.0043542073440983,0.227721625779628,-0.50581355740678,-0.237396843995425,-0.0790688091022799,0.0854417751210368,0.381884758207104,2735.20788327557,1.0002473303941
"Omega[4,13]",0.121011206952581,0.00386981185220029,0.22957797316734,-0.341602732669374,-0.031643104061089,0.124890535261731,0.28225890845838,0.548942493369724,3519.49809087973,0.999483556947978
"Omega[4,14]",-0.0513211031043059,0.0076882340076521,0.229055304533855,-0.487359202345661,-0.20838015532939,-0.0540126139744718,0.105351857993626,0.384088252012668,887.620901694651,1.00399842851609
"Omega[4,15]",0.285578958475009,0.0133220405338504,0.254115646569385,-0.25447895418079,0.116339565620857,0.313150923007135,0.477507073381664,0.703669757437946,363.849105546196,1.00940756178717
"Omega[5,1]",-0.095416298299789,0.00553172463644172,0.243259415367168,-0.527442575973079,-0.274505734960395,-0.101826858868882,0.0714417609051073,0.403349535817329,1933.82963287674,1.00149277744023
"Omega[5,2]",0.0242752415502909,0.0053405846500141,0.240360278558537,-0.449173379211713,-0.145066090018435,0.0276619778714068,0.204674475392699,0.478388243678034,2025.57249420741,1.00139033131243
"Omega[5,3]",-0.0869849713121369,0.00567729281180563,0.232586034718571,-0.524410951665956,-0.253805717860776,-0.0924142009577305,0.0779359501509951,0.353790290940993,1678.35830262766,1.00363919213728
"Omega[5,4]",-0.0549304675736348,0.00709048409185234,0.241293594847812,-0.512652595943898,-0.224623339437366,-0.060619322997052,0.116115923519262,0.407494306269366,1158.08333853682,1.00038780432902
"Omega[5,5]",1,1.42746973092221e-18,8.29805123783674e-17,1,1,1,1,1,3379.23510672749,0.998999499499374
"Omega[5,6]",0.101538119937291,0.00635337024355291,0.249074937987937,-0.390935970524904,-0.0793432779346603,0.107774275065327,0.283132684862333,0.580660367145873,1536.92166438851,0.999783623372856
"Omega[5,7]",0.136287782714098,0.00824621175802713,0.245565511853005,-0.355803124891761,-0.0319583629515402,0.146602475712346,0.316326259231556,0.584541245823576,886.800194111073,1.00141545129421
"Omega[5,8]",0.171843165798831,0.00875034634618128,0.246279712647253,-0.330191870470511,0.00705637721750808,0.181304029240393,0.344034148586242,0.597598856543955,792.148839267199,1.00768557874975
"Omega[5,9]",0.0119677779975253,0.00485274611927133,0.225615644235004,-0.4319270115798,-0.137230883274501,0.00783051234945389,0.163743096531076,0.461017069296993,2161.54001106326,1.00058266692134
"Omega[5,10]",0.00581258584299632,0.00451132044657118,0.229969467279506,-0.450823070282245,-0.14657838585949,0.00011186593242386,0.167331318948886,0.45375719102314,2598.5615296794,0.999968808576609
"Omega[5,11]",0.0883864955123751,0.00599007662715029,0.226638177212356,-0.371982917923805,-0.0651180067755061,0.095027261812308,0.243179148476738,0.512069572134656,1431.53305659783,1.00179098926486
"Omega[5,12]",0.0143673910163526,0.00536998838761102,0.249928642252655,-0.478785649908832,-0.155952897725474,0.017844918781931,0.183680511757497,0.489685261756469,2166.13423675403,1.00046161483147
"Omega[5,13]",-0.0412919050649244,0.00550511841072095,0.242624096595859,-0.502794176439273,-0.217391386203193,-0.0495192012725719,0.123251460290046,0.437855415999884,1942.38150059279,1.00157185610475
"Omega[5,14]",0.0687178481439821,0.00574100632541729,0.234292947151153,-0.407303686374588,-0.0923725620521153,0.0734344890112424,0.240961875374731,0.495793490286016,1665.49134433287,1.00426372616298
"Omega[5,15]",-0.079192980064256,0.00874038408360549,0.244196508146646,-0.527094003023823,-0.254788659772755,-0.0850648011953382,0.0799363080619441,0.396871855454084,780.580798807614,1.00322251661701
"Omega[6,1]",-0.0125932548066649,0.00732672524465614,0.25542407969217,-0.495685494488633,-0.194408236307972,-0.016852054791666,0.169020329989228,0.464905157666344,1215.35699048657,1.00275308134677
"Omega[6,2]",0.0175120599453858,0.00423837854676468,0.245257715347601,-0.454463694243336,-0.150308840878367,0.0151920762443019,0.189269301601802,0.4894575566187,3348.46582874297,1.00040666365712
"Omega[6,3]",-0.0920111945403526,0.00503891824242453,0.248516665923605,-0.559301789793798,-0.269414773105581,-0.0963836017324326,0.0817199418667389,0.3994137545415,2432.40794495823,1.00052850673136
"Omega[6,4]",-0.0211787985371106,0.0116327413280732,0.255680267569089,-0.578477032497317,-0.193672439159898,-0.0184872127630826,0.164668518275703,0.450487638191155,483.092485685258,1.01007248501778
"Omega[6,5]",0.101538119937291,0.00635337024355291,0.249074937987937,-0.390935970524904,-0.0793432779346603,0.107774275065327,0.283132684862333,0.580660367145873,1536.92166438851,0.999783623372856
"Omega[6,6]",1,1.56281046369859e-18,9.12424251250456e-17,1,1,1,1,1,3408.63908074418,0.998999499499374
"Omega[6,7]",0.0982731778006718,0.00526038199167195,0.248133283774567,-0.387291145840678,-0.070217173146959,0.0990189990204569,0.274786725471708,0.564372612580617,2225.02800389187,1.00110542977209
"Omega[6,8]",0.0862279849618351,0.00465737304885994,0.238137886658819,-0.380203149441632,-0.0743287575675845,0.0860771424852394,0.255131651027004,0.531001022833718,2614.41748266145,1.00072048150335
"Omega[6,9]",0.0122916356582946,0.00538066611473198,0.243807970135248,-0.451971223283438,-0.148554524140233,0.00286059074315596,0.178031599943587,0.494361181083629,2053.16432718327,1.00125491816542
"Omega[6,10]",0.120792289341473,0.00752145649311107,0.254640676512824,-0.391147447683241,-0.061823108444318,0.134123094884692,0.301546267735732,0.594354969542352,1146.17693147028,1.0041105162724
"Omega[6,11]",-0.0320646380320957,0.00695566071716442,0.22557152850963,-0.483951768942616,-0.18466370836047,-0.0322549037509016,0.122500098499357,0.397050938179697,1051.69978491716,1.00428979383074
"Omega[6,12]",0.0145593348995131,0.00982566892893027,0.254256200323736,-0.478214348967336,-0.162513637956852,0.0170539891815335,0.189475034549262,0.516885216559531,669.605252305672,1.00403702084894
"Omega[6,13]",0.0199085783046319,0.00455579529343698,0.242249369339423,-0.457576002595642,-0.147135639725652,0.0229186928549934,0.189897784055949,0.479971958739922,2827.4628472011,0.999921176158521
"Omega[6,14]",-0.0676093774797576,0.00683866445962228,0.246760936087143,-0.531601976924422,-0.247887828473799,-0.0739691153281442,0.103471524915359,0.426417478964267,1301.99773018329,1.00374690004414
"Omega[6,15]",-0.104797048694796,0.00534785049261381,0.243731379087021,-0.561308794475093,-0.276818559702583,-0.112780391863348,0.0565809023371692,0.393783934521135,2077.13334120091,1.00290595509411
"Omega[7,1]",0.0233003724199053,0.00409171865364378,0.245208346722506,-0.448064850253208,-0.145863422798819,0.0184671346672718,0.199221202563768,0.49130566522408,3591.36024083031,1.00053771395134
"Omega[7,2]",-0.0675911493929388,0.00742812754516345,0.251182525206987,-0.528347049879433,-0.249763299615701,-0.0635273207491392,0.109487099039896,0.414172842908925,1143.45779643264,1.00314579681915
"Omega[7,3]",-0.0158502694449526,0.00558135787800736,0.233046983574786,-0.467453222755549,-0.177350773779418,-0.012857490876044,0.148430779518745,0.432076955869834,1743.44090444654,1.00246478689322
"Omega[7,4]",-0.132493406625285,0.00926557807959637,0.248055421067595,-0.569755887600631,-0.312324041364568,-0.140838812799256,0.0380286795515404,0.3709499689707,716.724755306519,1.00381036865712
"Omega[7,5]",0.136287782714098,0.00824621175802713,0.245565511853005,-0.355803124891761,-0.0319583629515402,0.146602475712346,0.316326259231556,0.584541245823576,886.800194111073,1.00141545129421
"Omega[7,6]",0.0982731778006718,0.00526038199167195,0.248133283774567,-0.387291145840678,-0.070217173146959,0.0990189990204569,0.274786725471708,0.564372612580617,2225.02800389187,1.00110542977209
"Omega[7,7]",1,1.4622113406748e-18,7.7447240064398e-17,1,1,1,1,1,2805.37934827535,0.998999499499374
"Omega[7,8]",0.157440949704575,0.00676541602020185,0.246679403890216,-0.348751841167199,-0.0173253261909013,0.166993091400497,0.336396767817884,0.605913025979072,1329.46456278652,1.00064072979758
"Omega[7,9]",0.0358371412506234,0.00487930361136439,0.23208756167208,-0.415824454824237,-0.11835569365629,0.0409658307311854,0.187505255726627,0.490394986672736,2262.49717903267,1.00153301238717
"Omega[7,10]",0.0150377325768882,0.00487278639775695,0.247293461182699,-0.456289019262118,-0.159190028383431,0.0108680400690835,0.196259853453604,0.48440571653668,2575.55315769421,1.00008303545999
"Omega[7,11]",0.061714523762629,0.00644684822756169,0.226369649492376,-0.382754861857219,-0.0933376762188187,0.0673367609321847,0.22659928146335,0.487453109188637,1232.9387565781,1.00349080920246
"Omega[7,12]",-0.0166796168348052,0.00543395636719187,0.247220803311661,-0.498554279694224,-0.190316422211728,-0.0124777763834405,0.155773476054027,0.466332938717901,2069.8445626037,0.999164024567849
"Omega[7,13]",-0.063768632520096,0.00443284723183167,0.238158512195952,-0.518900219084148,-0.233068096083328,-0.0681670213433099,0.0971855923491284,0.402573339900673,2886.46760653393,1.00302566200234
"Omega[7,14]",0.043457227866005,0.00546713849660119,0.246288124025677,-0.43417052012888,-0.129654417423846,0.0478507433113936,0.215608677141172,0.515418965096929,2029.39595229904,1.00036429128794
"Omega[7,15]",-0.157913222281929,0.00998506036305693,0.247441100484836,-0.593343452019333,-0.341074394173929,-0.167869997509219,0.00117822530265912,0.350256233427298,614.104511143025,1.00459185712144
"Omega[8,1]",0.0934078558089094,0.00415221290653667,0.232197155796434,-0.376376927233396,-0.0603778008340681,0.105790233965345,0.253926241793671,0.534019795111523,3127.19212193135,0.999516862398044
"Omega[8,2]",-0.0627842112128216,0.00721883150154568,0.236457645594188,-0.50398603608756,-0.232973350964024,-0.0694590886048233,0.10509506921144,0.387895504527712,1072.93376417925,1.00302977617179
"Omega[8,3]",0.0502251881037665,0.00479223830720129,0.223919582896287,-0.401148203969733,-0.100201076976253,0.0566010365906106,0.210801952728513,0.467489553219849,2183.26946170471,1.00300233218662
"Omega[8,4]",-0.146026783213604,0.00438895258462132,0.22839030511309,-0.569181018462692,-0.308598176568977,-0.155564018076239,0.00953676425512019,0.329642796035855,2707.90579293019,1.00092819480464
"Omega[8,5]",0.171843165798831,0.00875034634618128,0.246279712647253,-0.330191870470511,0.00705637721750808,0.181304029240393,0.344034148586242,0.597598856543955,792.148839267199,1.00768557874975
"Omega[8,6]",0.0862279849618351,0.00465737304885994,0.238137886658819,-0.380203149441632,-0.0743287575675845,0.0860771424852394,0.255131651027004,0.531001022833718,2614.41748266145,1.00072048150335
"Omega[8,7]",0.157440949704575,0.00676541602020185,0.246679403890216,-0.348751841167199,-0.0173253261909013,0.166993091400497,0.336396767817884,0.605913025979072,1329.46456278652,1.00064072979758
"Omega[8,8]",1,2.00408336122895e-18,9.18820219889278e-17,1,1,1,1,1,2101.98456687122,0.998999499499374
"Omega[8,9]",0.204300626791364,0.00412806074217189,0.216506745326462,-0.234475115358799,0.0605289343131563,0.207288274458471,0.359150032301538,0.599850394415017,2750.74735972183,1.00053322860282
"Omega[8,10]",-0.0987550590257177,0.00645747192386068,0.22047911455238,-0.502749513234047,-0.258083871372561,-0.102297484343545,0.0508937551851539,0.342164521845462,1165.76190430127,1.00344463632899
"Omega[8,11]",0.0680902993545082,0.00395811185003832,0.199332663568099,-0.332498424252729,-0.0657550838588277,0.0726621930695267,0.205041854587416,0.454606429372677,2536.18433058113,1.00092083237027
"Omega[8,12]",0.00847758013441734,0.00404066383292468,0.229412954987729,-0.453260994603787,-0.144514676971211,0.0166450330763022,0.165929805613594,0.453341559043752,3223.52050491372,1.0013957799651
"Omega[8,13]",-0.135773038969414,0.0040778287418974,0.226926419875312,-0.556641573560722,-0.297285640581112,-0.14169638294271,0.0133516465015594,0.32732113205819,3096.79286576653,1.00261753154461
"Omega[8,14]",0.13305811944123,0.00391748032476007,0.217502468599924,-0.297199126428658,-0.0104364140785321,0.139383222012488,0.288118445821338,0.537758614125245,3082.58267370489,1.00087053485538
"Omega[8,15]",-0.133927908944868,0.0117881713221148,0.247707870519529,-0.583652734963573,-0.309863403571132,-0.147838258660869,0.0266585698609121,0.445487516981442,441.55695893818,1.00654467853222
"Omega[9,1]",0.132541253521478,0.00459220768234707,0.224878668472055,-0.307851289002263,-0.0195926338809425,0.134907872169419,0.297678369551876,0.553213578961211,2398.0237534617,1.0024276027083
"Omega[9,2]",-0.0983264762280736,0.00427018842436355,0.222230465710008,-0.527685471571661,-0.249669375133823,-0.0972009775887197,0.0482535509694164,0.342852744714746,2708.40193192718,1.00014681782266
"Omega[9,3]",0.166167095548221,0.00732891913704879,0.221917110870082,-0.290463351528891,0.0195003523053997,0.178970409841568,0.318895714419175,0.560823512294861,916.857241487588,1.00374101832566
"Omega[9,4]",0.0480724205174729,0.0048769250806086,0.220997646345032,-0.393331276044885,-0.101164489958533,0.059748098615471,0.203583484433818,0.459043807921119,2053.44525404338,1.00114393788034
"Omega[9,5]",0.0119677779975253,0.00485274611927133,0.225615644235004,-0.4319270115798,-0.137230883274501,0.00783051234945389,0.163743096531076,0.461017069296993,2161.54001106326,1.00058266692134
"Omega[9,6]",0.0122916356582946,0.00538066611473198,0.243807970135248,-0.451971223283438,-0.148554524140233,0.00286059074315596,0.178031599943587,0.494361181083629,2053.16432718327,1.00125491816542
"Omega[9,7]",0.0358371412506234,0.00487930361136439,0.23208756167208,-0.415824454824237,-0.11835569365629,0.0409658307311854,0.187505255726627,0.490394986672736,2262.49717903267,1.00153301238717
"Omega[9,8]",0.204300626791364,0.00412806074217189,0.216506745326462,-0.234475115358799,0.0605289343131563,0.207288274458471,0.359150032301538,0.599850394415017,2750.74735972183,1.00053322860282
"Omega[9,9]",1,1.73778764619202e-18,8.49626350223752e-17,1,1,1,1,1,2390.35572007674,0.998999499499374
"Omega[9,10]",-0.00011605337541249,0.00472440227987926,0.207546507149711,-0.406144386514029,-0.146580690109598,0.00119743917402791,0.137131853101319,0.398858121137448,1929.91026912475,0.999830010296589
"Omega[9,11]",-0.260122293026402,0.00384067885335695,0.187989524332467,-0.604614385836409,-0.393186564434694,-0.263164134576153,-0.137947088891838,0.121691077910338,2395.80413175032,1.00038336802653
"Omega[9,12]",-0.199704622684059,0.00392038402472431,0.216896216747904,-0.59581696248119,-0.354193113113429,-0.210472916270629,-0.0504874258699246,0.247710062339891,3060.88301897981,1.0009825570444
"Omega[9,13]",-0.130935078621384,0.00407676866978173,0.217659537981315,-0.548659941123658,-0.279918761993654,-0.141943106325166,0.0146951640127295,0.306127943683662,2850.51459142701,0.999396744229235
"Omega[9,14]",0.319196214993366,0.00452281091417084,0.206703741313847,-0.122277696121279,0.186234381336964,0.335569005769061,0.465687256844127,0.672933240618893,2088.71801129146,1.00151016505127
"Omega[9,15]",-0.111050843560944,0.00390215780638272,0.220815490343974,-0.546426706628514,-0.266944464462351,-0.110733100632739,0.0402512333561255,0.313479762589739,3202.20709213185,1.0002707351601
"Omega[10,1]",-0.0754990674020923,0.00447536866588362,0.221163408463487,-0.502958036317455,-0.227284069353321,-0.0815316673806043,0.0761136177256078,0.370916881899036,2442.13076770911,1.00125647157671
"Omega[10,2]",0.142782050261294,0.0106128595351621,0.23181211932427,-0.337274361120666,-0.0147194974391007,0.154329383377949,0.310494504546851,0.557499366231847,477.097831387402,1.00876788050779
"Omega[10,3]",-0.178837053481338,0.00573792150606373,0.211798883180841,-0.557448312080287,-0.330940176371713,-0.187312585068764,-0.0380244866262966,0.255327756047083,1362.50506605121,1.00439461813074
"Omega[10,4]",0.201889246420082,0.0037698747689705,0.210436668993255,-0.234407012524115,0.0610567635680684,0.204761389602887,0.352906910656317,0.580590573421386,3115.93930927244,1.00011146148649
"Omega[10,5]",0.00581258584299632,0.00451132044657118,0.229969467279506,-0.450823070282245,-0.14657838585949,0.00011186593242386,0.167331318948886,0.45375719102314,2598.5615296794,0.999968808576609
"Omega[10,6]",0.120792289341473,0.00752145649311107,0.254640676512824,-0.391147447683241,-0.061823108444318,0.134123094884692,0.301546267735732,0.594354969542352,1146.17693147028,1.0041105162724
"Omega[10,7]",0.0150377325768882,0.00487278639775695,0.247293461182699,-0.456289019262118,-0.159190028383431,0.0108680400690835,0.196259853453604,0.48440571653668,2575.55315769421,1.00008303545999
"Omega[10,8]",-0.0987550590257177,0.00645747192386068,0.22047911455238,-0.502749513234047,-0.258083871372561,-0.102297484343545,0.0508937551851539,0.342164521845462,1165.76190430127,1.00344463632899
"Omega[10,9]",-0.00011605337541249,0.00472440227987926,0.207546507149711,-0.406144386514029,-0.146580690109598,0.00119743917402791,0.137131853101319,0.398858121137448,1929.91026912475,0.999830010296589
"Omega[10,10]",1,1.69461255729523e-18,8.90022712204071e-17,1,1,1,1,1,2758.426003918,0.998999499499374
"Omega[10,11]",-0.0637065344712495,0.00406783282027747,0.196877066156149,-0.443251651949752,-0.207330227861515,-0.0637457798208163,0.0752002208076367,0.310239426579785,2342.41621580981,1.00051660589565
"Omega[10,12]",0.0287585519789575,0.00394035982667138,0.218286930448894,-0.414607351906131,-0.117678812778301,0.0288785099363299,0.176808331288428,0.448630642285252,3068.90682085258,1.0000557564223
"Omega[10,13]",0.0366635765425569,0.00440223191100853,0.217705732633734,-0.407871925602979,-0.106303345387452,0.0406179159240585,0.187263974655142,0.442633798489736,2445.64769216494,0.999622956951195
"Omega[10,14]",-0.240267636760378,0.00430710389850255,0.211081642486233,-0.621842217440646,-0.388032583689684,-0.252048797866246,-0.105032512872296,0.201033590679676,2401.76346066362,0.999262980988945
"Omega[10,15]",-0.0746632634505965,0.00925335201436576,0.228000205779359,-0.507459977365968,-0.233109044087333,-0.0763271771874596,0.0794881598344297,0.371328235124353,607.116883218127,1.01097253169248
"Omega[11,1]",-0.21101398433337,0.00523372182769974,0.19922671778126,-0.577066967002525,-0.350813395064885,-0.214054045024877,-0.0712468719731073,0.201204572771007,1449.01835860107,1.00103405908765
"Omega[11,2]",0.115803521413136,0.00464325862862306,0.200859916215271,-0.27588325750005,-0.0198976922667836,0.12259511464331,0.256422701821317,0.489374849430955,1871.28874489132,1.00031071304504
"Omega[11,3]",-0.154517985654701,0.00443044526728205,0.196418277924936,-0.515597135848917,-0.293501949929169,-0.162180336351962,-0.0262635755565612,0.252264745021235,1965.48189052532,1.00012145387987
"Omega[11,4]",-0.140547359651018,0.00477572944371651,0.203745861449231,-0.506615171575458,-0.289933828489797,-0.152353979945931,-0.00640778633225212,0.277818628147949,1820.11220509748,1.00174171699899
"Omega[11,5]",0.0883864955123751,0.00599007662715029,0.226638177212356,-0.371982917923805,-0.0651180067755061,0.095027261812308,0.243179148476738,0.512069572134656,1431.53305659783,1.00179098926486
"Omega[11,6]",-0.0320646380320957,0.00695566071716442,0.22557152850963,-0.483951768942616,-0.18466370836047,-0.0322549037509016,0.122500098499357,0.397050938179697,1051.69978491716,1.00428979383074
"Omega[11,7]",0.061714523762629,0.00644684822756169,0.226369649492376,-0.382754861857219,-0.0933376762188187,0.0673367609321847,0.22659928146335,0.487453109188637,1232.9387565781,1.00349080920246
"Omega[11,8]",0.0680902993545082,0.00395811185003832,0.199332663568099,-0.332498424252729,-0.0657550838588277,0.0726621930695267,0.205041854587416,0.454606429372677,2536.18433058113,1.00092083237027
"Omega[11,9]",-0.260122293026402,0.00384067885335695,0.187989524332467,-0.604614385836409,-0.393186564434694,-0.263164134576153,-0.137947088891838,0.121691077910338,2395.80413175032,1.00038336802653
"Omega[11,10]",-0.0637065344712495,0.00406783282027747,0.196877066156149,-0.443251651949752,-0.207330227861515,-0.0637457798208163,0.0752002208076367,0.310239426579785,2342.41621580981,1.00051660589565
"Omega[11,11]",1,2.00829458918284e-18,9.24338709265705e-17,1,1,1,1,1,2118.39745049246,0.998999499499374
"Omega[11,12]",0.268423919369352,0.00707830908442782,0.213936809615206,-0.167290595647561,0.123140726883198,0.276433982238852,0.424684207901354,0.63843245844842,913.50722040263,1.00466290349409
"Omega[11,13]",0.119669434362074,0.00307541574788036,0.191048783987409,-0.274414743385307,-0.00643603428297616,0.127222871482444,0.247968338330126,0.481427492493752,3859.05428516499,1.00010363420804
"Omega[11,14]",-0.0461626043937853,0.00458922706983495,0.193512052580152,-0.414552974600327,-0.184674069817488,-0.0453674442190003,0.0963275166069464,0.328623884213451,1778.02124441061,1.00294836581831
"Omega[11,15]",0.0334243080149801,0.0055131858286274,0.208859490782916,-0.366710228271029,-0.112652001444437,0.0337772049052371,0.177783103892227,0.451604379504453,1435.16940452274,1.00140772537176
"Omega[12,1]",-0.0291366048856567,0.00418395410293269,0.227535638093618,-0.469212760552347,-0.18579794341153,-0.0237934796891941,0.133474510297628,0.407968592776868,2957.50190532336,1.00043543305341
"Omega[12,2]",0.0444546994289987,0.0047109849393594,0.232565598058091,-0.405819371161563,-0.122658153669261,0.0500167838434401,0.221165928448942,0.474924592481963,2437.06725141593,1.00222099617755
"Omega[12,3]",-0.068452711688314,0.00430066554427004,0.230236292011102,-0.504416348357249,-0.226114393066804,-0.070866763258081,0.083934075172565,0.390321722068424,2866.00026063206,0.999778915624316
"Omega[12,4]",-0.0737866891599697,0.0043542073440983,0.227721625779628,-0.50581355740678,-0.237396843995425,-0.0790688091022799,0.0854417751210368,0.381884758207104,2735.20788327557,1.0002473303941
"Omega[12,5]",0.0143673910163526,0.00536998838761102,0.249928642252655,-0.478785649908832,-0.155952897725474,0.017844918781931,0.183680511757497,0.489685261756469,2166.13423675403,1.00046161483147
"Omega[12,6]",0.0145593348995131,0.00982566892893027,0.254256200323736,-0.478214348967336,-0.162513637956852,0.0170539891815335,0.189475034549262,0.516885216559531,669.605252305672,1.00403702084894
"Omega[12,7]",-0.0166796168348052,0.00543395636719187,0.247220803311661,-0.498554279694224,-0.190316422211728,-0.0124777763834405,0.155773476054027,0.466332938717901,2069.8445626037,0.999164024567849
"Omega[12,8]",0.00847758013441734,0.00404066383292468,0.229412954987729,-0.453260994603787,-0.144514676971211,0.0166450330763022,0.165929805613594,0.453341559043752,3223.52050491372,1.0013957799651
"Omega[12,9]",-0.199704622684059,0.00392038402472431,0.216896216747904,-0.59581696248119,-0.354193113113429,-0.210472916270629,-0.0504874258699246,0.247710062339891,3060.88301897981,1.0009825570444
"Omega[12,10]",0.0287585519789575,0.00394035982667138,0.218286930448894,-0.414607351906131,-0.117678812778301,0.0288785099363299,0.176808331288428,0.448630642285252,3068.90682085258,1.0000557564223
"Omega[12,11]",0.268423919369352,0.00707830908442782,0.213936809615206,-0.167290595647561,0.123140726883198,0.276433982238852,0.424684207901354,0.63843245844842,913.50722040263,1.00466290349409
"Omega[12,12]",1,2.8518362473025e-18,9.11410258437205e-17,1,1,1,1,1,1021.35955386704,0.998999499499374
"Omega[12,13]",0.0644723581167964,0.00404872444951496,0.223271391546549,-0.389343376430881,-0.0876830244671434,0.0658718777635018,0.224016934271631,0.484939672164571,3041.09311289907,1.0015679996695
"Omega[12,14]",-0.180299147746311,0.00457307753987038,0.220017058694866,-0.580302435013273,-0.339425422535287,-0.186650342033455,-0.0355764440936305,0.26774310662543,2314.7046204849,1.00083674545458
"Omega[12,15]",0.0483319782516621,0.00447408119843475,0.233767529464736,-0.406819276941163,-0.114172039326217,0.0502437278210319,0.20736052100693,0.497520865045664,2729.98745169038,1.00092939666247
"Omega[13,1]",-0.11507065138771,0.00394173804008085,0.219315895479317,-0.527760928213496,-0.26694256735563,-0.122517578342939,0.0365760241340232,0.321340242947631,3095.74158941141,1.00074546876132
"Omega[13,2]",0.164083989548983,0.00412735493316331,0.232728720863073,-0.295532162236775,0.0106172389432336,0.164134346761841,0.332843568699366,0.590688294942722,3179.48169874444,1.00036414423366
"Omega[13,3]",-0.137131178248033,0.00372480677024231,0.219885233035648,-0.534816810044345,-0.291979592978512,-0.14413508584074,0.0124709731957782,0.300914238916075,3484.8543571817,1.00056711526829
"Omega[13,4]",0.121011206952581,0.00386981185220029,0.22957797316734,-0.341602732669374,-0.031643104061089,0.124890535261731,0.28225890845838,0.548942493369724,3519.49809087973,0.999483556947978
"Omega[13,5]",-0.0412919050649244,0.00550511841072095,0.242624096595859,-0.502794176439273,-0.217391386203193,-0.0495192012725719,0.123251460290046,0.437855415999884,1942.38150059279,1.00157185610475
"Omega[13,6]",0.0199085783046319,0.00455579529343698,0.242249369339423,-0.457576002595642,-0.147135639725652,0.0229186928549934,0.189897784055949,0.479971958739922,2827.4628472011,0.999921176158521
"Omega[13,7]",-0.063768632520096,0.00443284723183167,0.238158512195952,-0.518900219084148,-0.233068096083328,-0.0681670213433099,0.0971855923491284,0.402573339900673,2886.46760653393,1.00302566200234
"Omega[13,8]",-0.135773038969414,0.0040778287418974,0.226926419875312,-0.556641573560722,-0.297285640581112,-0.14169638294271,0.0133516465015594,0.32732113205819,3096.79286576653,1.00261753154461
"Omega[13,9]",-0.130935078621384,0.00407676866978173,0.217659537981315,-0.548659941123658,-0.279918761993654,-0.141943106325166,0.0146951640127295,0.306127943683662,2850.51459142701,0.999396744229235
"Omega[13,10]",0.0366635765425569,0.00440223191100853,0.217705732633734,-0.407871925602979,-0.106303345387452,0.0406179159240585,0.187263974655142,0.442633798489736,2445.64769216494,0.999622956951195
"Omega[13,11]",0.119669434362074,0.00307541574788036,0.191048783987409,-0.274414743385307,-0.00643603428297616,0.127222871482444,0.247968338330126,0.481427492493752,3859.05428516499,1.00010363420804
"Omega[13,12]",0.0644723581167964,0.00404872444951496,0.223271391546549,-0.389343376430881,-0.0876830244671434,0.0658718777635018,0.224016934271631,0.484939672164571,3041.09311289907,1.0015679996695
"Omega[13,13]",1,2.00322699681477e-18,9.95153077783838e-17,1,1,1,1,1,2467.85393900168,0.998999499499374
"Omega[13,14]",-0.0377854956507704,0.00396087502218985,0.224258697208272,-0.4644893200665,-0.189164039230612,-0.044695349348176,0.114100646168458,0.40393010224454,3205.65153368271,0.999721950846073
"Omega[13,15]",0.0684588845338209,0.00458895438402418,0.231627403055368,-0.399288122098447,-0.0906224157031154,0.0679195896050248,0.234455453818789,0.506014605257104,2547.7240965846,1.00160005564881
"Omega[14,1]",0.0896817334984132,0.00455816863870839,0.220455220378534,-0.336661244741285,-0.0597572402372415,0.0928414932958486,0.24039932840362,0.517455320116136,2339.16036849747,1.00096069010999
"Omega[14,2]",-0.135712802324273,0.00587334301888353,0.229904282387473,-0.569338749633715,-0.302191755322291,-0.141668916315521,0.0281458098395531,0.308401668992162,1532.22798686418,1.0029363903645
"Omega[14,3]",0.273097028526341,0.00989619248046677,0.220039553969636,-0.170452129954461,0.125276634558482,0.284300523581565,0.425444877491836,0.676878137831291,494.384953323305,1.0091652694797
"Omega[14,4]",-0.0513211031043059,0.0076882340076521,0.229055304533855,-0.487359202345661,-0.20838015532939,-0.0540126139744718,0.105351857993626,0.384088252012668,887.620901694651,1.00399842851609
"Omega[14,5]",0.0687178481439821,0.00574100632541729,0.234292947151153,-0.407303686374588,-0.0923725620521153,0.0734344890112424,0.240961875374731,0.495793490286016,1665.49134433287,1.00426372616298
"Omega[14,6]",-0.0676093774797576,0.00683866445962228,0.246760936087143,-0.531601976924422,-0.247887828473799,-0.0739691153281442,0.103471524915359,0.426417478964267,1301.99773018329,1.00374690004414
"Omega[14,7]",0.043457227866005,0.00546713849660119,0.246288124025677,-0.43417052012888,-0.129654417423846,0.0478507433113936,0.215608677141172,0.515418965096929,2029.39595229904,1.00036429128794
"Omega[14,8]",0.13305811944123,0.00391748032476007,0.217502468599924,-0.297199126428658,-0.0104364140785321,0.139383222012488,0.288118445821338,0.537758614125245,3082.58267370489,1.00087053485538
"Omega[14,9]",0.319196214993366,0.00452281091417084,0.206703741313847,-0.122277696121279,0.186234381336964,0.335569005769061,0.465687256844127,0.672933240618893,2088.71801129146,1.00151016505127
"Omega[14,10]",-0.240267636760378,0.00430710389850255,0.211081642486233,-0.621842217440646,-0.388032583689684,-0.252048797866246,-0.105032512872296,0.201033590679676,2401.76346066362,0.999262980988945
"Omega[14,11]",-0.0461626043937853,0.00458922706983495,0.193512052580152,-0.414552974600327,-0.184674069817488,-0.0453674442190003,0.0963275166069464,0.328623884213451,1778.02124441061,1.00294836581831
"Omega[14,12]",-0.180299147746311,0.00457307753987038,0.220017058694866,-0.580302435013273,-0.339425422535287,-0.186650342033455,-0.0355764440936305,0.26774310662543,2314.7046204849,1.00083674545458
"Omega[14,13]",-0.0377854956507704,0.00396087502218985,0.224258697208272,-0.4644893200665,-0.189164039230612,-0.044695349348176,0.114100646168458,0.40393010224454,3205.65153368271,0.999721950846073
"Omega[14,14]",1,2.36451545606247e-18,9.85191957934371e-17,1,1,1,1,1,1736.03070294984,0.998999499499374
"Omega[14,15]",-0.015292901544041,0.0045381120366241,0.221369741578677,-0.437431411301935,-0.168617838208145,-0.014547596653417,0.137261747291893,0.41514800398087,2379.50208199147,1.00331175502673
"Omega[15,1]",-0.0585798376753837,0.00463895417940639,0.233012719148014,-0.520402550592604,-0.218820866748352,-0.0526490804288792,0.105278335225359,0.381712609873786,2523.01068699235,1.00189273716856
"Omega[15,2]",0.125714509381954,0.0127154135090224,0.24651037833112,-0.348401497540527,-0.0416695665915294,0.123159731741974,0.288227960455094,0.638676479448759,375.845573902281,1.0132213467475
"Omega[15,3]",0.0474993676732608,0.00805837088395078,0.234758462219662,-0.417773858379376,-0.112894189223479,0.0474640694041899,0.213254247379363,0.46944653089288,848.687896326528,1.00190197041224
"Omega[15,4]",0.285578958475009,0.0133220405338504,0.254115646569385,-0.25447895418079,0.116339565620857,0.313150923007135,0.477507073381664,0.703669757437946,363.849105546196,1.00940756178717
"Omega[15,5]",-0.079192980064256,0.00874038408360549,0.244196508146646,-0.527094003023823,-0.254788659772755,-0.0850648011953382,0.0799363080619441,0.396871855454084,780.580798807614,1.00322251661701
"Omega[15,6]",-0.104797048694796,0.00534785049261381,0.243731379087021,-0.561308794475093,-0.276818559702583,-0.112780391863348,0.0565809023371692,0.393783934521135,2077.13334120091,1.00290595509411
"Omega[15,7]",-0.157913222281929,0.00998506036305693,0.247441100484836,-0.593343452019333,-0.341074394173929,-0.167869997509219,0.00117822530265912,0.350256233427298,614.104511143025,1.00459185712144
"Omega[15,8]",-0.133927908944868,0.0117881713221148,0.247707870519529,-0.583652734963573,-0.309863403571132,-0.147838258660869,0.0266585698609121,0.445487516981442,441.55695893818,1.00654467853222
"Omega[15,9]",-0.111050843560944,0.00390215780638272,0.220815490343974,-0.546426706628514,-0.266944464462351,-0.110733100632739,0.0402512333561255,0.313479762589739,3202.20709213185,1.0002707351601
"Omega[15,10]",-0.0746632634505965,0.00925335201436576,0.228000205779359,-0.507459977365968,-0.233109044087333,-0.0763271771874596,0.0794881598344297,0.371328235124353,607.116883218127,1.01097253169248
"Omega[15,11]",0.0334243080149801,0.0055131858286274,0.208859490782916,-0.366710228271029,-0.112652001444437,0.0337772049052371,0.177783103892227,0.451604379504453,1435.16940452274,1.00140772537176
"Omega[15,12]",0.0483319782516621,0.00447408119843475,0.233767529464736,-0.406819276941163,-0.114172039326217,0.0502437278210319,0.20736052100693,0.497520865045664,2729.98745169038,1.00092939666247
"Omega[15,13]",0.0684588845338209,0.00458895438402418,0.231627403055368,-0.399288122098447,-0.0906224157031154,0.0679195896050248,0.234455453818789,0.506014605257104,2547.7240965846,1.00160005564881
"Omega[15,14]",-0.015292901544041,0.0045381120366241,0.221369741578677,-0.437431411301935,-0.168617838208145,-0.014547596653417,0.137261747291893,0.41514800398087,2379.50208199147,1.00331175502673
"Omega[15,15]",1,2.04445839376974e-18,1.12086063124291e-16,1,1,1,1,1,3005.70723894842,0.998999499499374
"Sigma[1,1]",0.0795160007468019,0.00429954180629412,0.0516660128708745,0.0133601418372784,0.0419462369184432,0.0691832702782731,0.102894660347554,0.22698126162539,144.399451420659,1.03034555820187
"Sigma[1,2]",-0.00875516823932005,0.000651798761366182,0.0174558985714669,-0.0464796728007189,-0.0177022981075491,-0.00683683290785912,0.000799377687269738,0.0220918174076344,717.22820170672,1.00153801533456
"Sigma[1,3]",0.0262788664955912,0.00214487498582396,0.0259830277016421,-0.011079394773179,0.00861886265639973,0.0211346439942313,0.0385925233487335,0.0969871220007511,146.749132942757,1.03332976236306
"Sigma[1,4]",-0.00905128102005259,0.000781653345633083,0.0166759486515568,-0.0453143550418893,-0.0176902297211331,-0.00695474381741662,0.000607765824986825,0.0202810064653818,455.148081187226,1.00592395488594
"Sigma[1,5]",-0.00811774260154361,0.0011590686958252,0.0191198580095172,-0.052903592364247,-0.0166689105554294,-0.00472240024997138,0.00323967753004868,0.0241072016113534,272.11405388401,1.01405852384028
"Sigma[1,6]",-0.0012084837131803,0.000559833001561108,0.0190052434237915,-0.0441289599886752,-0.0106508152952213,-0.000694620505010133,0.00853553295921756,0.0365269481497477,1152.47066822601,1.00267165605453
"Sigma[1,7]",0.00196184793857094,0.00043377827849976,0.0212537972416589,-0.0398073062769986,-0.00949755944477238,0.00104677563388514,0.0129826287038379,0.046709076725206,2400.69763459772,1.00012694788396
"Sigma[1,8]",0.00808124174479916,0.000916923827662266,0.0182709245593706,-0.0227174201040995,-0.00299698791666037,0.00566601909014846,0.0169463715196571,0.0479748490237141,397.058530976064,1.00823644351707
"Sigma[1,9]",0.0128862153427472,0.00129812146021833,0.0234406340973143,-0.0267348208188768,-0.00129943159867259,0.00890785212909915,0.0235439823187538,0.0734921799472063,326.067904258271,1.01508763611812
"Sigma[1,10]",-0.00616099165695036,0.000647844375922869,0.0198179470932596,-0.0478694631102267,-0.017032412948481,-0.0053146195932646,0.0049225603955312,0.0327790424659986,935.784707042409,1.00587692750069
"Sigma[1,11]",-0.0292574223908968,0.00114669069361898,0.0329824597637596,-0.101881598785581,-0.0468966872471723,-0.026247285673458,-0.0095108325744425,0.0277153766332168,827.319968805722,1.00258069486924
"Sigma[1,12]",-0.00164260172497632,0.000495532525513825,0.0189543826209732,-0.0424296374809944,-0.0116019853221101,-0.00136704005718163,0.00870930437982345,0.0353633605035201,1463.10318234558,1.00160286287551
"Sigma[1,13]",-0.00817295635812246,0.000769864458952945,0.0178697218994385,-0.0470140225387289,-0.0171285812290032,-0.00674599105537343,0.00200389372596769,0.0258149215543008,538.774516783479,1.00831692352782
"Sigma[1,14]",0.00757326060878051,0.000529518560932268,0.0196765507812292,-0.0293821377054062,-0.00376858473664001,0.00625328537673486,0.0175811641418496,0.0518002799068129,1380.81522140434,1.0026730617832
"Sigma[1,15]",-0.00387446371183574,0.000711496554063267,0.0204758119792586,-0.0492590275856384,-0.0139750588939916,-0.00275496321117756,0.00640674214921474,0.0359530250134986,828.202741624131,1.00740036530668
"Sigma[2,1]",-0.00875516823932005,0.000651798761366182,0.0174558985714669,-0.0464796728007189,-0.017702298107549,-0.00683683290785912,0.000799377687269738,0.0220918174076344,717.22820170672,1.00153801533456
"Sigma[2,2]",0.0562977461404857,0.00155871822796014,0.0320927963189485,0.0119679689659024,0.0329567737274559,0.0502923949684642,0.0742198006651627,0.135288549889655,423.916080741776,1.00982433394841
"Sigma[2,3]",-0.0130703945801571,0.00101143904438429,0.0185806881723695,-0.0543105540998588,-0.0229285505431986,-0.0117055337033334,-0.00228565674431915,0.0277941654732123,337.476985087153,1.00858041262827
"Sigma[2,4]",0.0118705034732467,0.0005871010797057,0.0157001123068667,-0.0134850735910098,0.0016030440230359,0.00968869345639402,0.0189865260836114,0.0494225125804696,715.12137604542,1.0059019256474
"Sigma[2,5]",0.00206304568324221,0.000559369494212339,0.015163584637251,-0.0281644410126041,-0.00590707090277125,0.00100417199152975,0.00967522362116582,0.0345445148172804,734.862698732168,1.00416968733297
"Sigma[2,6]",0.00141881414849448,0.000302638287667274,0.0157960182192036,-0.0295274369073501,-0.00656398781153073,0.000643064858394679,0.00899126915340988,0.0367657996640246,2724.25345195518,1.00066697157004
"Sigma[2,7]",-0.0050838339781084,0.000683581437197756,0.0187544896735707,-0.045711589687994,-0.0145760358422852,-0.0028499628576991,0.00561088318663382,0.0293791456570468,752.71397713478,1.00392388060066
"Sigma[2,8]",-0.00262326518946363,0.000992984718690482,0.0163501508156886,-0.0337962295559738,-0.0116177999956722,-0.00290747461547389,0.00485097824015082,0.0395838240786242,271.118027305837,1.01139778173499
"Sigma[2,9]",-0.00659721324965846,0.000345914239774714,0.0171334968817581,-0.0439327470900284,-0.0159346471957024,-0.00571891109256974,0.0027354711298823,0.0266261377412643,2453.32530809077,1.00070957031161
"Sigma[2,10]",0.0103940242038913,0.00100584778806345,0.0188920512441802,-0.0305279820771102,-0.000831941560194298,0.00864737993653918,0.0207580052145212,0.0519141620337983,352.771668705422,1.00845812925382
"Sigma[2,11]",0.0141745497358643,0.000763735157599803,0.0269765191742281,-0.0362316720511817,-0.00212295274198118,0.0128562884788616,0.0295212181090989,0.071494619957454,1247.63128351211,1.00258183268811
"Sigma[2,12]",0.003178647770959,0.000496654008278247,0.0162679675567129,-0.0286720060296809,-0.00618720659154814,0.00249751481431903,0.0123042514216895,0.0361147930152687,1072.8986666959,1.00584991003613
"Sigma[2,13]",0.00992796587005155,0.000322817323022882,0.0162645098370046,-0.0187376331824031,0.000554673568663112,0.00820655772153363,0.0180655905727915,0.0470281835515762,2538.44814083385,0.999726560646869
"Sigma[2,14]",-0.00903652033628673,0.000779221181665914,0.0176769657931633,-0.0483656400558342,-0.0187849581451905,-0.00765947875693227,0.00136770962311765,0.0257647896776744,514.628630757144,1.00579835063454
"Sigma[2,15]",0.00975553435489403,0.00182144219899079,0.0220455794909409,-0.0245399742942439,-0.00181863493461842,0.00585952717145378,0.0171949296270727,0.0747660332718993,146.49144073699,1.03347012155195
"Sigma[3,1]",0.0262788664955912,0.00214487498582396,0.0259830277016421,-0.011079394773179,0.00861886265639973,0.0211346439942313,0.0385925233487335,0.0969871220007511,146.749132942757,1.03332976236306
"Sigma[3,2]",-0.0130703945801571,0.00101143904438429,0.0185806881723695,-0.0543105540998588,-0.0229285505431986,-0.0117055337033334,-0.00228565674431915,0.0277941654732123,337.476985087153,1.00858041262827
"Sigma[3,3]",0.0888660759480521,0.00297637028257114,0.0472237056601634,0.0218323166243912,0.054195568630922,0.0805053024849078,0.113418615359448,0.196524676721844,251.736510155144,1.01857478353293
"Sigma[3,4]",-0.00276578999175175,0.000413951796578887,0.016289916299691,-0.0360856526432976,-0.0119540032619073,-0.00247977193020849,0.00635490121907639,0.030020745418639,1548.59610312017,1.00293805643843
"Sigma[3,5]",-0.00561060332779909,0.000788265892806501,0.0181592886010809,-0.0452182123663065,-0.0150546626428443,-0.00476365191458368,0.00407803621655574,0.0346728827615971,530.703791504471,1.00649652622813
"Sigma[3,6]",-0.00713489115037768,0.000542007275629285,0.0196838251521664,-0.05159777657207,-0.0167832060796639,-0.00530463028399339,0.00452243026080945,0.0307613117730854,1318.89057457213,1.00088311881065
"Sigma[3,7]",-0.0011135882459768,0.000779110062372675,0.0212639591285106,-0.0441666415710077,-0.0125315700771644,-0.000724020753780802,0.00981548009411546,0.0421150019814419,744.887404784005,1.00455759396419
"Sigma[3,8]",0.00495065720379343,0.00127220252745661,0.0190035742228141,-0.0289267163980472,-0.00587922940755072,0.00329745907085144,0.0142782434985183,0.0538309558917415,223.130056183809,1.02227063264807
"Sigma[3,9]",0.0159445306206351,0.00181919452776275,0.0246484823955276,-0.0259950038388184,0.00155446452002404,0.0133124502041606,0.0269544400565737,0.0827691515867047,183.578614574688,1.02035206082634
"Sigma[3,10]",-0.0166364032598204,0.00127317099912189,0.0218703945768598,-0.0696318787314449,-0.0277811487574843,-0.0139570786060283,-0.00273189630800302,0.0210220436076986,295.079991276562,1.01615924218341
"Sigma[3,11]",-0.0230383747602959,0.00114883339547314,0.0358379077859663,-0.0965528580621671,-0.0404035211280394,-0.020936759804423,-0.00349366196961901,0.0450145828989148,973.130741135325,1.00172013771729
"Sigma[3,12]",-0.00527742362281371,0.000448004677529715,0.0203913038142742,-0.0478548131696149,-0.0163059734117208,-0.00433492860196461,0.00566431518689672,0.036344998169561,2071.69059215266,1.00005029381832
"Sigma[3,13]",-0.0105791345456549,0.000604077506754804,0.0191187797116224,-0.0523889453701229,-0.0210098271548284,-0.0091322224390502,0.000693047694833822,0.024813379845682,1001.69385359161,1.00289062662538
"Sigma[3,14]",0.0269846944938262,0.00321803881552246,0.0311219639115347,-0.011630685872761,0.00773600292669113,0.0203334872121637,0.0386094609326707,0.106365244597177,93.5301074273911,1.04898616304671
"Sigma[3,15]",0.00701682758970118,0.00180404501277952,0.0242244889895858,-0.0313048863556912,-0.00680656191672357,0.00292393230993181,0.0166640424827342,0.0859094267863342,180.30779818972,1.01596567733974
"Sigma[4,1]",-0.00905128102005259,0.000781653345633084,0.0166759486515568,-0.0453143550418893,-0.0176902297211331,-0.00695474381741662,0.000607765824986825,0.0202810064653818,455.148081187226,1.00592395488594
"Sigma[4,2]",0.0118705034732467,0.0005871010797057,0.0157001123068667,-0.0134850735910098,0.0016030440230359,0.00968869345639402,0.0189865260836114,0.0494225125804696,715.12137604542,1.0059019256474
"Sigma[4,3]",-0.00276578999175175,0.000413951796578886,0.016289916299691,-0.0360856526432976,-0.0119540032619073,-0.00247977193020849,0.00635490121907639,0.030020745418639,1548.59610312017,1.00293805643843
"Sigma[4,4]",0.0579720920839628,0.00203718858644612,0.0348410380441041,0.00940370655573928,0.0317636706989345,0.0524720107587707,0.0788431193108304,0.139569074792916,292.495846159729,1.0099070865244
"Sigma[4,5]",-0.00357652782504818,0.000727420829700443,0.01590977255112,-0.039635743184689,-0.0108219770058889,-0.00226801171123076,0.00465523147444378,0.0285477179212861,478.361783080447,1.00188180166103
"Sigma[4,6]",-0.00125210082255349,0.000574303416000508,0.0159433805634695,-0.0340528481214601,-0.00926983855851335,-0.000693156929677851,0.00716869639405229,0.0315072239293199,770.68698764332,1.0069943088865
"Sigma[4,7]",-0.0106161869760358,0.000994485862412733,0.0198372303999081,-0.0555725615248367,-0.0206466249990075,-0.0070732872317559,0.00153488405360524,0.0227541320421709,397.89167059191,1.00589253728782
"Sigma[4,8]",-0.00967418619836222,0.000711836002140783,0.01584041518625,-0.0442808430281894,-0.0183312657201736,-0.00720738303931729,0.0004001149590953,0.0172372800484699,495.19154679402,1.00835581316246
"Sigma[4,9]",0.00389825242194991,0.000415814305377918,0.0173766156188593,-0.0302240641588562,-0.00612592616722559,0.0034335810632173,0.0134703178335328,0.0406387494199131,1746.35099478242,1.00213877076915
"Sigma[4,10]",0.0144547008803474,0.000461094779913149,0.0175695616420286,-0.0164462942920233,0.00304527198126113,0.012516911236032,0.0237601194823783,0.0548720589981041,1451.91583215436,1.00123991390131
"Sigma[4,11]",-0.0177259551027458,0.0012259725150721,0.0271189326975697,-0.0753941139874067,-0.0334631712035428,-0.015807231597052,-0.000578896679324328,0.0343708550478169,489.309580052743,1.00707295843754
"Sigma[4,12]",-0.00483248263593802,0.000471924725085694,0.016615154200004,-0.039420609393475,-0.0134541060337785,-0.00382600234025869,0.00421730417086766,0.0276956090477646,1239.54782991124,1.00309766026566
"Sigma[4,13]",0.00782926562541093,0.000311321195326571,0.0162756134665265,-0.0220466695865545,-0.00147332427121429,0.00609922191284387,0.0162326242340368,0.0445860912465537,2733.11153912806,0.999792454643227
"Sigma[4,14]",-0.00256628407049906,0.00127292674447185,0.0187650127795457,-0.0393350800153149,-0.0120519686563642,-0.00292499152364865,0.00581836988129939,0.0413708645155325,217.315601679106,1.01800276655401
"Sigma[4,15]",0.0247726323731431,0.0020182559841198,0.027934527982083,-0.00878792020258054,0.00430840078826896,0.0166218652496921,0.039480559391703,0.0953390940536268,191.571181197088,1.01558520814326
"Sigma[5,1]",-0.00811774260154361,0.0011590686958252,0.0191198580095172,-0.052903592364247,-0.0166689105554294,-0.00472240024997138,0.00323967753004868,0.0241072016113534,272.11405388401,1.01405852384028
"Sigma[5,2]",0.00206304568324221,0.000559369494212339,0.015163584637251,-0.0281644410126041,-0.00590707090277125,0.00100417199152975,0.00967522362116582,0.0345445148172804,734.862698732168,1.00416968733297
"Sigma[5,3]",-0.00561060332779909,0.000788265892806501,0.0181592886010809,-0.0452182123663065,-0.0150546626428443,-0.00476365191458368,0.00407803621655574,0.0346728827615971,530.703791504471,1.00649652622813
"Sigma[5,4]",-0.00357652782504818,0.000727420829700443,0.01590977255112,-0.039635743184689,-0.0108219770058889,-0.00226801171123076,0.00465523147444378,0.0285477179212861,478.361783080447,1.00188180166103
"Sigma[5,5]",0.0612072074877403,0.00282887199128142,0.0429544176349243,0.0084814051403951,0.0295731632567355,0.0515584530852883,0.0814942442633366,0.164767312252149,230.562715905144,1.01464420157715
"Sigma[5,6]",0.00701810030356008,0.000621029855238269,0.0172956736837106,-0.0235954840147313,-0.00290176186015093,0.00427807998765736,0.0150429198546184,0.0480545118548314,775.621801794738,1.00044511757054
"Sigma[5,7]",0.0113335081515106,0.000996154128874292,0.0219954370247285,-0.0222981442758332,-0.00136197289305666,0.00738471305301551,0.0202962273220523,0.0659831784336182,487.542086876979,1.00303614349984
"Sigma[5,8]",0.0130902741216821,0.0023178620336311,0.0232057464053492,-0.017330860287807,0.000251928652806609,0.00828548365441705,0.0200987526156924,0.0699880029584811,100.234198080296,1.04679931157939
"Sigma[5,9]",0.000422295200656638,0.000394543630979208,0.0174532173419032,-0.0385219923529225,-0.00858266807063079,0.000537642242852863,0.0097385842720496,0.0363088899932123,1956.86524361754,1.00093519968305
"Sigma[5,10]",0.00132398693191051,0.000399496967122556,0.0185115090942172,-0.0348112567102066,-0.00816066768685867,1.00850984830777e-05,0.00998371310134594,0.041072163733284,2147.12177442916,0.9995094550633
"Sigma[5,11]",0.0128543721310933,0.00116891550048947,0.0313214738448801,-0.0440857359407323,-0.00588757274565547,0.00969368002064674,0.0295943561866288,0.0826414561263642,717.98958451734,1.0061464303315
"Sigma[5,12]",0.00166385001847575,0.000595551646053925,0.019729735944021,-0.038183021053049,-0.00792134012396186,0.00075790791483954,0.0107883757338389,0.0416536102281061,1097.497872457,1.00216675449754
"Sigma[5,13]",-0.00329772163434741,0.000767923843569105,0.0172486493013132,-0.0419019131183509,-0.0120181496083249,-0.0022421456698988,0.00591286580582034,0.030293097078299,504.514763815647,1.00632768719788
"Sigma[5,14]",0.00620313916329549,0.00142407877705653,0.0204269791392515,-0.0298105813551546,-0.0047864584015305,0.00372357938721859,0.0150940805215413,0.0645866149949021,205.750198231764,1.02189195368826
"Sigma[5,15]",-0.00658258431251315,0.0013146803590669,0.0215908537285845,-0.055526755557592,-0.0158018306834413,-0.00382393198148115,0.00366952303461485,0.0387584160998276,269.711386068496,1.00653174750314
"Sigma[6,1]",-0.0012084837131803,0.000559833001561108,0.0190052434237915,-0.0441289599886752,-0.0106508152952213,-0.000694620505010133,0.00853553295921756,0.0365269481497477,1152.47066822601,1.00267165605453
"Sigma[6,2]",0.00141881414849448,0.000302638287667274,0.0157960182192036,-0.0295274369073501,-0.00656398781153073,0.000643064858394679,0.00899126915340988,0.0367657996640246,2724.25345195518,1.00066697157004
"Sigma[6,3]",-0.00713489115037768,0.000542007275629285,0.0196838251521664,-0.05159777657207,-0.0167832060796639,-0.00530463028399339,0.00452243026080945,0.0307613117730854,1318.89057457213,1.00088311881065
"Sigma[6,4]",-0.00125210082255349,0.000574303416000508,0.0159433805634695,-0.0340528481214601,-0.00926983855851335,-0.000693156929677851,0.00716869639405229,0.0315072239293199,770.686987643319,1.0069943088865
"Sigma[6,5]",0.00701810030356008,0.000621029855238269,0.0172956736837106,-0.0235954840147313,-0.00290176186015093,0.00427807998765736,0.0150429198546184,0.0480545118548314,775.621801794738,1.00044511757054
"Sigma[6,6]",0.063563377705291,0.00193312776204266,0.0440302764502114,0.00900018009559694,0.0305978722805193,0.0549092528644856,0.0843137273868577,0.178024983836143,518.778189019446,1.00225002741151
"Sigma[6,7]",0.00794905331115045,0.000505077186656683,0.0206058489552227,-0.0288079039479983,-0.00334282789525156,0.00477664532069088,0.0170822694548682,0.056133758717479,1664.42993725785,1.00086260099304
"Sigma[6,8]",0.00612540179546133,0.000391580591080793,0.0169861867639269,-0.024794761514602,-0.00332996806281555,0.00407296722523114,0.0141822708192684,0.0462240378651194,1881.69605546399,0.999516707336101
"Sigma[6,9]",0.000274381440964215,0.000465951647703587,0.020603223313074,-0.0435390933227116,-0.00969729788171272,0.000168871503693713,0.010967874990507,0.0430049260846139,1955.18850778912,1.00133980499125
"Sigma[6,10]",0.010448147543122,0.000764503594612489,0.0216431909389307,-0.0272100173693901,-0.0033420540160903,0.00776351494107048,0.0218338169506302,0.0610577865664632,801.463074755494,1.00372305328144
"Sigma[6,11]",-0.00376288677263358,0.000736247878627372,0.0301442217564823,-0.0667221101140443,-0.0207161714095631,-0.00346867022256948,0.0139413621330566,0.0570078275903563,1676.33201415244,1.00397272449204
"Sigma[6,12]",0.00142581555777475,0.00060868466630111,0.0190211717218999,-0.037268365277282,-0.00858643030226905,0.000871236776446002,0.0110344279829957,0.0399982368234957,976.539489451381,1.00211905134843
"Sigma[6,13]",0.00201726132191529,0.000363311460022096,0.0172391494966112,-0.0310736845368943,-0.00721482319956576,0.00104408540676567,0.0107778416330196,0.0407314992221895,2251.50791186557,1.00062452242539
"Sigma[6,14]",-0.00605247336332173,0.000698563504157492,0.0200642355524544,-0.050943019117346,-0.016503255897923,-0.00386701722944206,0.00527964246113609,0.0315383737006352,824.961061980708,1.00505676653999
"Sigma[6,15]",-0.0087990659335345,0.000652718274859374,0.0200872363238154,-0.0576856185523973,-0.0175206157057348,-0.00565478847592555,0.00267557443144269,0.026083160757009,947.084727847292,1.00345957949311
"Sigma[7,1]",0.00196184793857094,0.00043377827849976,0.0212537972416589,-0.0398073062769986,-0.00949755944477238,0.00104677563388514,0.0129826287038379,0.046709076725206,2400.69763459772,1.00012694788396
"Sigma[7,2]",-0.0050838339781084,0.000683581437197757,0.0187544896735707,-0.045711589687994,-0.0145760358422852,-0.0028499628576991,0.00561088318663383,0.0293791456570468,752.713977134779,1.00392388060066
"Sigma[7,3]",-0.0011135882459768,0.000779110062372675,0.0212639591285106,-0.0441666415710077,-0.0125315700771644,-0.000724020753780802,0.00981548009411547,0.0421150019814419,744.887404784005,1.00455759396419
"Sigma[7,4]",-0.0106161869760358,0.000994485862412733,0.0198372303999081,-0.0555725615248367,-0.0206466249990075,-0.0070732872317559,0.00153488405360524,0.0227541320421709,397.89167059191,1.00589253728782
"Sigma[7,5]",0.0113335081515106,0.000996154128874292,0.0219954370247285,-0.0222981442758332,-0.00136197289305666,0.00738471305301551,0.0202962273220523,0.0659831784336182,487.542086876979,1.00303614349984
"Sigma[7,6]",0.00794905331115045,0.000505077186656683,0.0206058489552227,-0.0288079039479983,-0.00334282789525156,0.00477664532069088,0.0170822694548682,0.056133758717479,1664.42993725785,1.00086260099304
"Sigma[7,7]",0.0899605197814967,0.00284315115890495,0.0696952744013168,0.0111624286883917,0.0437651947939406,0.0742380968359165,0.11638631519938,0.263513514117914,600.906310228297,1.00281308623785
"Sigma[7,8]",0.0131787013803674,0.000930225559229347,0.0221649160245133,-0.0215212233173731,-0.000878873564490893,0.00919243457152111,0.0231708334019188,0.0667396882187041,567.74804067622,1.00198151870177
"Sigma[7,9]",0.0036387885984546,0.000492215632694402,0.0228412419244538,-0.0431378967020541,-0.00839125684708808,0.00275005502271337,0.0150783360055759,0.0519174732359445,2153.41940336778,1.00244318392733
"Sigma[7,10]",0.00143806664605482,0.000496732331633188,0.0232607410039711,-0.0459697871948007,-0.011101704319358,0.000796555178144739,0.0146775590314778,0.0488582411729134,2192.81621639975,1.00113777398912
"Sigma[7,11]",0.0108559986163571,0.0013126824932913,0.0385945643661244,-0.0629824747588029,-0.0111582595364018,0.00812059991413106,0.0312232840335829,0.0972965309859239,864.436109131697,1.00541388537624
"Sigma[7,12]",-0.000977724346674939,0.000551650396054117,0.0224833789115882,-0.0476146387670888,-0.0120341401285852,-0.000763657055085682,0.00978175975815071,0.0472446002111442,1661.0981354776,0.99991929997856
"Sigma[7,13]",-0.00468154423342108,0.000445103138291717,0.020150057396679,-0.0476047631454679,-0.014788545091083,-0.00395210460028462,0.00562340865084738,0.0352199860545335,2049.42137906267,1.00207344822514
"Sigma[7,14]",0.00473102794648183,0.000564462446842322,0.02336477661946,-0.0397752753237147,-0.00787033544342703,0.0028469142603614,0.0163798339993945,0.0580876780733232,1713.37789079702,1.00084890593451
"Sigma[7,15]",-0.0166714876124764,0.00162115657310154,0.0266402933171858,-0.0820287061203247,-0.0287226503649272,-0.0101156135856927,4.77545355840234e-05,0.0232594763723996,270.03998887526,1.01128377537014
"Sigma[8,1]",0.00808124174479916,0.000916923827662265,0.0182709245593706,-0.0227174201040995,-0.00299698791666037,0.00566601909014846,0.0169463715196571,0.0479748490237141,397.058530976064,1.00823644351707
"Sigma[8,2]",-0.00262326518946363,0.000992984718690482,0.0163501508156886,-0.0337962295559738,-0.0116177999956722,-0.00290747461547389,0.00485097824015082,0.0395838240786242,271.118027305837,1.01139778173499
"Sigma[8,3]",0.00495065720379343,0.00127220252745661,0.0190035742228141,-0.0289267163980472,-0.00587922940755072,0.00329745907085144,0.0142782434985183,0.0538309558917415,223.130056183809,1.02227063264807
"Sigma[8,4]",-0.00967418619836222,0.000711836002140783,0.01584041518625,-0.0442808430281894,-0.0183312657201736,-0.00720738303931729,0.0004001149590953,0.0172372800484699,495.191546794019,1.00835581316246
"Sigma[8,5]",0.0130902741216821,0.0023178620336311,0.0232057464053492,-0.017330860287807,0.000251928652806609,0.00828548365441705,0.0200987526156924,0.0699880029584811,100.234198080296,1.04679931157939
"Sigma[8,6]",0.00612540179546133,0.000391580591080793,0.0169861867639269,-0.024794761514602,-0.00332996806281555,0.00407296722523114,0.0141822708192684,0.0462240378651194,1881.69605546399,0.999516707336101
"Sigma[8,7]",0.0131787013803674,0.000930225559229347,0.0221649160245132,-0.0215212233173731,-0.000878873564490894,0.00919243457152111,0.0231708334019188,0.0667396882187041,567.74804067622,1.00198151870177
"Sigma[8,8]",0.0719329586540246,0.00567978458919422,0.0531125689178955,0.0105196696199766,0.0368474026249989,0.0607967634283611,0.0920735869514682,0.208930688108764,87.4441750996303,1.05873789168486
"Sigma[8,9]",0.0179825423355342,0.00102904039558209,0.0212101935030376,-0.0147064969162904,0.00359398983460719,0.0142537747719708,0.0295643644603977,0.0671667418854278,424.83903544424,1.00920628990766
"Sigma[8,10]",-0.00903061097678576,0.00146121567908916,0.0207413757672541,-0.0696773717879473,-0.0184253328531478,-0.00620652187430395,0.00305028640324273,0.0251082790439303,201.486740828855,1.02129033856679
"Sigma[8,11]",0.0108631155731887,0.000953314403720411,0.0291754250304293,-0.0432701630114395,-0.00670041250757114,0.00856119713802848,0.0265387856992597,0.0749850229954541,936.617080503016,1.00313163365695
"Sigma[8,12]",0.00129988747025695,0.000435315384226478,0.0177273027923822,-0.0333258686296004,-0.0082041129540432,0.000872450918064531,0.010526196477646,0.0370065691828071,1658.35419750763,1.00464682439529
"Sigma[8,13]",-0.00990523328257926,0.00115578472182775,0.0182035808495412,-0.0601005485794665,-0.0183499523137306,-0.00772901628387986,0.000784427819148929,0.0228226291040337,248.061722731084,1.02078447651029
"Sigma[8,14]",0.0105974750704931,0.000814081190308235,0.0186418040507682,-0.0239152613588092,-0.00056230423611323,0.00844225435294173,0.0209527194718097,0.0499537434467279,524.373138852833,1.01035236498967
"Sigma[8,15]",-0.0096885301332671,0.00256674263327573,0.027793196627894,-0.0640648123025707,-0.0216884415278088,-0.00790425456401164,0.00119286394924993,0.032978132593537,117.249865006443,1.02757347383291
"Sigma[9,1]",0.0128862153427472,0.00129812146021833,0.0234406340973143,-0.0267348208188768,-0.00129943159867259,0.00890785212909915,0.0235439823187538,0.0734921799472063,326.067904258271,1.01508763611812
"Sigma[9,2]",-0.00659721324965846,0.000345914239774714,0.0171334968817581,-0.0439327470900284,-0.0159346471957024,-0.00571891109256974,0.0027354711298823,0.0266261377412643,2453.32530809077,1.00070957031161
"Sigma[9,3]",0.0159445306206351,0.00181919452776275,0.0246484823955276,-0.0259950038388184,0.00155446452002404,0.0133124502041606,0.0269544400565737,0.0827691515867047,183.578614574688,1.02035206082634
"Sigma[9,4]",0.00389825242194991,0.000415814305377918,0.0173766156188593,-0.0302240641588562,-0.00612592616722559,0.0034335810632173,0.0134703178335328,0.0406387494199131,1746.35099478242,1.00213877076915
"Sigma[9,5]",0.000422295200656638,0.000394543630979208,0.0174532173419032,-0.0385219923529225,-0.00858266807063079,0.000537642242852863,0.0097385842720496,0.0363088899932123,1956.86524361754,1.00093519968305
"Sigma[9,6]",0.000274381440964214,0.000465951647703587,0.020603223313074,-0.0435390933227116,-0.00969729788171272,0.000168871503693713,0.010967874990507,0.0430049260846139,1955.18850778912,1.00133980499125
"Sigma[9,7]",0.0036387885984546,0.000492215632694402,0.0228412419244538,-0.0431378967020541,-0.00839125684708808,0.00275005502271337,0.0150783360055759,0.0519174732359445,2153.41940336778,1.00244318392733
"Sigma[9,8]",0.0179825423355342,0.00102904039558209,0.0212101935030376,-0.0147064969162904,0.00359398983460719,0.0142537747719708,0.0295643644603977,0.0671667418854278,424.83903544424,1.00920628990766
"Sigma[9,9]",0.101768239428184,0.00298720558643975,0.0535491432476048,0.0251857427994738,0.0626353462772684,0.0914539299514686,0.131171904924201,0.230285141537147,321.347427807114,1.01167377052143
"Sigma[9,10]",-0.000634470290964308,0.000547650559116433,0.0209383770566717,-0.0461826553491675,-0.0118255635000107,7.03072324514618e-05,0.0121529003659575,0.0393319671057458,1461.7697212727,1.00061329119567
"Sigma[9,11]",-0.0409574025074524,0.000748697438392918,0.0338430092557404,-0.114510260495555,-0.0610794582324671,-0.0387733653469554,-0.0194408382180454,0.0199266299810291,2043.26761183322,0.99995056430911
"Sigma[9,12]",-0.0172046475855269,0.000897438570319592,0.0217794756252678,-0.0655030392154502,-0.0287629902534004,-0.0148719602322538,-0.00340370214469684,0.0229989333469044,588.959426015568,1.00552305112973
"Sigma[9,13]",-0.0106623379177609,0.000486947406114903,0.0200302901647699,-0.0535316341127024,-0.0217712935306675,-0.00930569646874513,0.000927250692723361,0.0278446881502404,1692.03899559173,1.0021260632741
"Sigma[9,14]",0.0319535565251424,0.00202677942228912,0.0282794829083212,-0.00739735184553235,0.0123587483755168,0.0263780046923381,0.0458032121163757,0.113897317083795,194.683863231452,1.02156166407765
"Sigma[9,15]",-0.00952726566075909,0.00051079860231925,0.0221015729244839,-0.0606873679623482,-0.0203376278820869,-0.00695608847420738,0.00352682850978395,0.0310989925203413,1872.17725538541,0.99951410270345
"Sigma[10,1]",-0.00616099165695036,0.000647844375922869,0.0198179470932596,-0.0478694631102267,-0.017032412948481,-0.0053146195932646,0.0049225603955312,0.0327790424659986,935.784707042409,1.00587692750069
"Sigma[10,2]",0.0103940242038913,0.00100584778806345,0.0188920512441802,-0.0305279820771102,-0.000831941560194298,0.00864737993653918,0.0207580052145212,0.0519141620337983,352.771668705422,1.00845812925382
"Sigma[10,3]",-0.0166364032598204,0.00127317099912189,0.0218703945768598,-0.0696318787314449,-0.0277811487574843,-0.0139570786060283,-0.00273189630800302,0.0210220436076986,295.079991276562,1.01615924218341
"Sigma[10,4]",0.0144547008803474,0.000461094779913149,0.0175695616420286,-0.0164462942920233,0.00304527198126113,0.012516911236032,0.0237601194823783,0.0548720589981041,1451.91583215436,1.00123991390131
"Sigma[10,5]",0.00132398693191051,0.000399496967122556,0.0185115090942172,-0.0348112567102066,-0.00816066768685867,1.00850984830777e-05,0.00998371310134593,0.041072163733284,2147.12177442916,0.9995094550633
"Sigma[10,6]",0.010448147543122,0.00076450359461249,0.0216431909389307,-0.0272100173693901,-0.0033420540160903,0.00776351494107048,0.0218338169506302,0.0610577865664632,801.463074755492,1.00372305328144
"Sigma[10,7]",0.00143806664605482,0.000496732331633188,0.0232607410039711,-0.0459697871948007,-0.011101704319358,0.000796555178144739,0.0146775590314778,0.0488582411729134,2192.81621639975,1.00113777398912
"Sigma[10,8]",-0.00903061097678576,0.00146121567908916,0.0207413757672541,-0.0696773717879473,-0.0184253328531478,-0.00620652187430395,0.00305028640324273,0.0251082790439303,201.486740828855,1.02129033856679
"Sigma[10,9]",-0.000634470290964308,0.000547650559116433,0.0209383770566717,-0.0461826553491675,-0.0118255635000107,7.03072324514618e-05,0.0121529003659575,0.0393319671057458,1461.7697212727,1.00061329119567
"Sigma[10,10]",0.0964543792743634,0.00256183399490487,0.051228642739419,0.0243330478930558,0.0591636428435735,0.0875281603716671,0.124577602437901,0.224023990998677,399.874519140169,1.00888345737458
"Sigma[10,11]",-0.00902930535374704,0.00115206216237831,0.035436157171215,-0.0777826117154331,-0.0289273340069036,-0.0083262913588982,0.0110357258497256,0.0635627580051778,946.10951937178,1.00356518798831
"Sigma[10,12]",0.00373909151656397,0.000432704810742424,0.0204903690261458,-0.0336045627266349,-0.00758844570577516,0.00217968888211466,0.0133591732374314,0.0496585086360115,2242.41563440199,1.00068269265557
"Sigma[10,13]",0.00412777809778865,0.000501146915800565,0.0193632149704817,-0.0319626480640344,-0.00674166142833333,0.00250009308563342,0.0140520984565812,0.0488799890754172,1492.87969171481,1.00143826727451
"Sigma[10,14]",-0.0226830200926685,0.0011978471152435,0.023284285656798,-0.0747186576226798,-0.0352666514925735,-0.0188401290224888,-0.0063921052207793,0.0145443799956887,377.853156634458,1.00718533498688
"Sigma[10,15]",-0.00855791414224522,0.00183978665713663,0.0249500409674631,-0.0854731073685763,-0.0180176595245715,-0.00466578681185008,0.00524719467614335,0.0319628206615652,183.910953661555,1.02789651554199
"Sigma[11,1]",-0.0292574223908968,0.00114669069361898,0.0329824597637596,-0.101881598785581,-0.0468966872471723,-0.026247285673458,-0.0095108325744425,0.0277153766332168,827.319968805723,1.00258069486924
"Sigma[11,2]",0.0141745497358643,0.000763735157599803,0.0269765191742281,-0.0362316720511817,-0.00212295274198118,0.0128562884788616,0.0295212181090989,0.071494619957454,1247.63128351211,1.00258183268811
"Sigma[11,3]",-0.0230383747602959,0.00114883339547314,0.0358379077859663,-0.0965528580621671,-0.0404035211280395,-0.020936759804423,-0.00349366196961901,0.0450145828989148,973.130741135325,1.00172013771729
"Sigma[11,4]",-0.0177259551027458,0.0012259725150721,0.0271189326975697,-0.0753941139874067,-0.0334631712035428,-0.015807231597052,-0.000578896679324328,0.0343708550478169,489.309580052743,1.00707295843754
"Sigma[11,5]",0.0128543721310933,0.00116891550048947,0.0313214738448801,-0.0440857359407323,-0.00588757274565547,0.00969368002064674,0.0295943561866288,0.0826414561263642,717.989584517341,1.0061464303315
"Sigma[11,6]",-0.00376288677263358,0.000736247878627372,0.0301442217564823,-0.0667221101140443,-0.0207161714095631,-0.00346867022256948,0.0139413621330566,0.0570078275903563,1676.33201415244,1.00397272449204
"Sigma[11,7]",0.0108559986163571,0.0013126824932913,0.0385945643661244,-0.0629824747588029,-0.0111582595364018,0.00812059991413106,0.0312232840335829,0.0972965309859239,864.436109131698,1.00541388537624
"Sigma[11,8]",0.0108631155731887,0.000953314403720411,0.0291754250304293,-0.0432701630114395,-0.00670041250757114,0.00856119713802848,0.0265387856992597,0.0749850229954541,936.617080503015,1.00313163365695
"Sigma[11,9]",-0.0409574025074524,0.000748697438392918,0.0338430092557404,-0.114510260495555,-0.0610794582324671,-0.0387733653469554,-0.0194408382180454,0.0199266299810291,2043.26761183322,0.99995056430911
"Sigma[11,10]",-0.00902930535374704,0.00115206216237831,0.035436157171215,-0.0777826117154331,-0.0289273340069036,-0.0083262913588982,0.0110357258497256,0.0635627580051778,946.10951937178,1.00356518798831
"Sigma[11,11]",0.302899370196783,0.00641760914174139,0.169657504624077,0.097554079020084,0.193561852343815,0.269152472533212,0.370241257828055,0.690692437692424,698.875190076573,1.00867564169061
"Sigma[11,12]",0.0395502413940135,0.00238045964069941,0.041741494058512,-0.023272337204524,0.0145035612213891,0.0342396156980941,0.0589009475123444,0.143935027717911,307.478202964796,1.01550611321251
"Sigma[11,13]",0.0171371524789977,0.000643229945382385,0.0295472680828861,-0.0378766921411271,-0.000786229351406778,0.0155423257104157,0.0335579456171769,0.0824894251236913,2110.09571601199,1.00043838435112
"Sigma[11,14]",-0.00433502213151408,0.00138132165366765,0.0337658918874407,-0.0678202895788163,-0.0235002068429318,-0.00590326650909312,0.0133874073550541,0.0663459806985443,597.539764270503,1.0093650293944
"Sigma[11,15]",0.00181717330074707,0.00115541812644178,0.0363303712760662,-0.074413155476508,-0.0143087389228753,0.00404692574542428,0.0205678766400975,0.0663749427149599,988.692680832314,1.00183614508611
"Sigma[12,1]",-0.00164260172497632,0.000495532525513825,0.0189543826209732,-0.0424296374809944,-0.0116019853221101,-0.00136704005718163,0.00870930437982345,0.0353633605035201,1463.10318234558,1.00160286287551
"Sigma[12,2]",0.003178647770959,0.000496654008278247,0.0162679675567129,-0.028672006029681,-0.00618720659154814,0.00249751481431903,0.0123042514216895,0.0361147930152687,1072.8986666959,1.00584991003613
"Sigma[12,3]",-0.00527742362281371,0.000448004677529715,0.0203913038142742,-0.0478548131696149,-0.0163059734117208,-0.00433492860196461,0.00566431518689672,0.036344998169561,2071.69059215266,1.00005029381832
"Sigma[12,4]",-0.00483248263593802,0.000471924725085694,0.016615154200004,-0.039420609393475,-0.0134541060337785,-0.00382600234025869,0.00421730417086766,0.0276956090477646,1239.54782991124,1.00309766026566
"Sigma[12,5]",0.00166385001847575,0.000595551646053925,0.019729735944021,-0.038183021053049,-0.00792134012396186,0.00075790791483954,0.0107883757338389,0.0416536102281061,1097.497872457,1.00216675449754
"Sigma[12,6]",0.00142581555777475,0.00060868466630111,0.0190211717218999,-0.037268365277282,-0.00858643030226905,0.000871236776446002,0.0110344279829957,0.0399982368234957,976.539489451381,1.00211905134843
"Sigma[12,7]",-0.000977724346674939,0.000551650396054117,0.0224833789115882,-0.0476146387670888,-0.0120341401285852,-0.000763657055085682,0.00978175975815071,0.0472446002111442,1661.0981354776,0.99991929997856
"Sigma[12,8]",0.00129988747025695,0.000435315384226477,0.0177273027923822,-0.0333258686296004,-0.0082041129540432,0.000872450918064531,0.010526196477646,0.0370065691828071,1658.35419750764,1.00464682439529
"Sigma[12,9]",-0.0172046475855269,0.000897438570319593,0.0217794756252678,-0.0655030392154502,-0.0287629902534004,-0.0148719602322538,-0.00340370214469684,0.0229989333469044,588.959426015567,1.00552305112973
"Sigma[12,10]",0.00373909151656397,0.000432704810742424,0.0204903690261458,-0.0336045627266349,-0.00758844570577516,0.00217968888211466,0.0133591732374314,0.0496585086360115,2242.41563440199,1.00068269265557
"Sigma[12,11]",0.0395502413940135,0.00238045964069941,0.041741494058512,-0.023272337204524,0.0145035612213891,0.0342396156980941,0.0589009475123444,0.143935027717912,307.478202964796,1.01550611321251
"Sigma[12,12]",0.0822673166457933,0.00224712282980427,0.0493979416607782,0.0165735658149713,0.046685403505031,0.0726293961115615,0.106690398948143,0.200156010446764,483.241342051869,1.00974365765217
"Sigma[12,13]",0.00509129332167445,0.000409882243016412,0.0179803732726175,-0.0301133821467858,-0.00536449649229873,0.00397939673010534,0.0145239188415722,0.0457771244363717,1924.32844075494,1.00068493869025
"Sigma[12,14]",-0.0154006342031447,0.00085258259638405,0.0206201682564872,-0.0632660194046674,-0.0269111171621361,-0.0127183268724515,-0.00199421694085886,0.0200949273007777,584.94021847871,1.00798519346228
"Sigma[12,15]",0.00322443785088238,0.000632536459958505,0.0209229931862581,-0.0403557727178864,-0.00724954645004306,0.00273167509296026,0.0137536469456313,0.0458320814251382,1094.14908088715,1.00374392203959
"Sigma[13,1]",-0.00817295635812246,0.000769864458952945,0.0178697218994385,-0.0470140225387289,-0.0171285812290032,-0.00674599105537343,0.00200389372596769,0.0258149215543008,538.774516783479,1.00831692352782
"Sigma[13,2]",0.00992796587005155,0.000322817323022882,0.0162645098370046,-0.0187376331824031,0.000554673568663112,0.00820655772153363,0.0180655905727915,0.0470281835515762,2538.44814083385,0.999726560646869
"Sigma[13,3]",-0.0105791345456549,0.000604077506754804,0.0191187797116224,-0.0523889453701229,-0.0210098271548284,-0.0091322224390502,0.000693047694833822,0.024813379845682,1001.69385359161,1.00289062662538
"Sigma[13,4]",0.00782926562541093,0.000311321195326571,0.0162756134665265,-0.0220466695865545,-0.00147332427121429,0.00609922191284387,0.0162326242340368,0.0445860912465537,2733.11153912806,0.999792454643227
"Sigma[13,5]",-0.00329772163434741,0.000767923843569105,0.0172486493013132,-0.0419019131183509,-0.0120181496083249,-0.0022421456698988,0.00591286580582034,0.030293097078299,504.514763815647,1.00632768719788
"Sigma[13,6]",0.00201726132191529,0.000363311460022096,0.0172391494966112,-0.0310736845368943,-0.00721482319956577,0.00104408540676567,0.0107778416330196,0.0407314992221895,2251.50791186557,1.00062452242539
"Sigma[13,7]",-0.00468154423342108,0.000445103138291716,0.020150057396679,-0.0476047631454679,-0.014788545091083,-0.00395210460028462,0.00562340865084738,0.0352199860545335,2049.42137906267,1.00207344822514
"Sigma[13,8]",-0.00990523328257926,0.00115578472182775,0.0182035808495412,-0.0601005485794666,-0.0183499523137306,-0.00772901628387986,0.000784427819148929,0.0228226291040337,248.061722731084,1.02078447651029
"Sigma[13,9]",-0.0106623379177609,0.000486947406114903,0.0200302901647699,-0.0535316341127024,-0.0217712935306675,-0.00930569646874513,0.000927250692723361,0.0278446881502404,1692.03899559173,1.0021260632741
"Sigma[13,10]",0.00412777809778865,0.000501146915800565,0.0193632149704817,-0.0319626480640344,-0.00674166142833333,0.00250009308563342,0.0140520984565812,0.0488799890754172,1492.87969171481,1.00143826727451
"Sigma[13,11]",0.0171371524789977,0.000643229945382385,0.0295472680828861,-0.0378766921411271,-0.000786229351406778,0.0155423257104158,0.0335579456171769,0.0824894251236913,2110.09571601199,1.00043838435112
"Sigma[13,12]",0.00509129332167445,0.000409882243016412,0.0179803732726175,-0.0301133821467858,-0.00536449649229873,0.00397939673010534,0.0145239188415722,0.0457771244363717,1924.32844075494,1.00068493869025
"Sigma[13,13]",0.0736653773965321,0.0025840285574473,0.0428843750985768,0.0163174116070283,0.0429058043858194,0.0647527820703317,0.0946746440768698,0.174487825731991,275.425124304003,1.01295363117345
"Sigma[13,14]",-0.00300224157543384,0.00041357678068111,0.0189811443414404,-0.044478107570036,-0.0135017618532964,-0.00263722818999965,0.00724197136438727,0.0373418927708659,2106.35945704152,0.999457979703144
"Sigma[13,15]",0.00407636217966798,0.000381553310548659,0.0195091025373023,-0.0378018386328809,-0.00522793924015228,0.00387891229518107,0.0139383000744683,0.044537021341941,2614.3524173656,1.00005827065452
"Sigma[14,1]",0.00757326060878051,0.000529518560932268,0.0196765507812292,-0.0293821377054062,-0.00376858473664001,0.00625328537673486,0.0175811641418496,0.0518002799068129,1380.81522140434,1.0026730617832
"Sigma[14,2]",-0.00903652033628673,0.000779221181665914,0.0176769657931633,-0.0483656400558342,-0.0187849581451905,-0.00765947875693228,0.00136770962311765,0.0257647896776744,514.628630757144,1.00579835063454
"Sigma[14,3]",0.0269846944938262,0.00321803881552245,0.0311219639115347,-0.011630685872761,0.00773600292669113,0.0203334872121637,0.0386094609326707,0.106365244597177,93.5301074273912,1.04898616304671
"Sigma[14,4]",-0.00256628407049906,0.00127292674447185,0.0187650127795457,-0.0393350800153149,-0.0120519686563642,-0.00292499152364865,0.00581836988129939,0.0413708645155325,217.315601679106,1.01800276655401
"Sigma[14,5]",0.00620313916329549,0.00142407877705653,0.0204269791392515,-0.0298105813551546,-0.0047864584015305,0.00372357938721859,0.0150940805215413,0.0645866149949021,205.750198231764,1.02189195368826
"Sigma[14,6]",-0.00605247336332173,0.000698563504157492,0.0200642355524544,-0.050943019117346,-0.016503255897923,-0.00386701722944206,0.00527964246113609,0.0315383737006352,824.961061980708,1.00505676653999
"Sigma[14,7]",0.00473102794648183,0.000564462446842322,0.02336477661946,-0.0397752753237147,-0.00787033544342703,0.0028469142603614,0.0163798339993945,0.0580876780733232,1713.37789079702,1.00084890593451
"Sigma[14,8]",0.0105974750704931,0.000814081190308235,0.0186418040507682,-0.0239152613588092,-0.00056230423611323,0.00844225435294173,0.0209527194718097,0.0499537434467279,524.373138852834,1.01035236498967
"Sigma[14,9]",0.0319535565251424,0.00202677942228912,0.0282794829083212,-0.00739735184553235,0.0123587483755168,0.0263780046923381,0.0458032121163757,0.113897317083795,194.683863231452,1.02156166407765
"Sigma[14,10]",-0.0226830200926685,0.0011978471152435,0.023284285656798,-0.0747186576226798,-0.0352666514925735,-0.0188401290224888,-0.0063921052207793,0.0145443799956887,377.853156634458,1.00718533498688
"Sigma[14,11]",-0.00433502213151408,0.00138132165366765,0.0337658918874407,-0.0678202895788163,-0.0235002068429318,-0.00590326650909312,0.0133874073550541,0.0663459806985443,597.539764270503,1.0093650293944
"Sigma[14,12]",-0.0154006342031447,0.000852582596384051,0.0206201682564872,-0.0632660194046674,-0.0269111171621361,-0.0127183268724515,-0.00199421694085886,0.0200949273007777,584.94021847871,1.00798519346228
"Sigma[14,13]",-0.00300224157543384,0.00041357678068111,0.0189811443414404,-0.044478107570036,-0.0135017618532964,-0.00263722818999965,0.00724197136438727,0.0373418927708659,2106.35945704152,0.999457979703144
"Sigma[14,14]",0.0942736082358561,0.00578191013943215,0.0608119038663631,0.0172480894018285,0.0534797012931933,0.0823647820885398,0.119959804688177,0.253973699346417,110.620221851008,1.04101642412669
"Sigma[14,15]",0.000123459384891938,0.00145241854400054,0.0222784193276163,-0.0433438642525144,-0.0110316948397221,-0.000866111238694785,0.00931700262084274,0.0614049911077239,235.280090023692,1.01769746438481
"Sigma[15,1]",-0.00387446371183574,0.000711496554063267,0.0204758119792586,-0.0492590275856384,-0.0139750588939916,-0.00275496321117756,0.00640674214921474,0.0359530250134986,828.202741624131,1.00740036530668
"Sigma[15,2]",0.00975553435489403,0.00182144219899079,0.0220455794909409,-0.0245399742942439,-0.00181863493461842,0.00585952717145378,0.0171949296270727,0.0747660332718993,146.49144073699,1.03347012155195
"Sigma[15,3]",0.00701682758970118,0.00180404501277952,0.0242244889895858,-0.0313048863556912,-0.00680656191672357,0.00292393230993181,0.0166640424827342,0.0859094267863342,180.30779818972,1.01596567733974
"Sigma[15,4]",0.0247726323731431,0.0020182559841198,0.027934527982083,-0.00878792020258054,0.00430840078826896,0.0166218652496921,0.039480559391703,0.0953390940536267,191.571181197088,1.01558520814326
"Sigma[15,5]",-0.00658258431251315,0.0013146803590669,0.0215908537285845,-0.055526755557592,-0.0158018306834413,-0.00382393198148115,0.00366952303461485,0.0387584160998276,269.711386068496,1.00653174750314
"Sigma[15,6]",-0.0087990659335345,0.000652718274859374,0.0200872363238154,-0.0576856185523973,-0.0175206157057348,-0.00565478847592555,0.00267557443144269,0.026083160757009,947.084727847292,1.00345957949311
"Sigma[15,7]",-0.0166714876124764,0.00162115657310154,0.0266402933171858,-0.0820287061203247,-0.0287226503649272,-0.0101156135856927,4.77545355840234e-05,0.0232594763723996,270.03998887526,1.01128377537014
"Sigma[15,8]",-0.0096885301332671,0.00256674263327573,0.027793196627894,-0.0640648123025707,-0.0216884415278088,-0.00790425456401164,0.00119286394924993,0.032978132593537,117.249865006443,1.02757347383291
"Sigma[15,9]",-0.00952726566075909,0.000510798602319251,0.0221015729244839,-0.0606873679623482,-0.0203376278820869,-0.00695608847420738,0.00352682850978395,0.0310989925203413,1872.17725538541,0.99951410270345
"Sigma[15,10]",-0.00855791414224522,0.00183978665713663,0.0249500409674631,-0.0854731073685763,-0.0180176595245715,-0.00466578681185008,0.00524719467614335,0.0319628206615652,183.910953661555,1.02789651554199
"Sigma[15,11]",0.00181717330074707,0.00115541812644178,0.0363303712760662,-0.074413155476508,-0.0143087389228753,0.00404692574542428,0.0205678766400975,0.0663749427149599,988.692680832314,1.00183614508611
"Sigma[15,12]",0.00322443785088238,0.000632536459958505,0.0209229931862581,-0.0403557727178864,-0.00724954645004306,0.00273167509296026,0.0137536469456313,0.0458320814251382,1094.14908088715,1.00374392203959
"Sigma[15,13]",0.00407636217966798,0.000381553310548659,0.0195091025373023,-0.0378018386328808,-0.00522793924015228,0.00387891229518107,0.0139383000744683,0.044537021341941,2614.3524173656,1.00005827065452
"Sigma[15,14]",0.000123459384891939,0.00145241854400054,0.0222784193276163,-0.0433438642525144,-0.0110316948397221,-0.000866111238694785,0.00931700262084274,0.0614049911077239,235.280090023692,1.01769746438481
"Sigma[15,15]",0.0910611746757133,0.0052261731083075,0.069742317509364,0.00994834999393423,0.0383061020064939,0.0727527829637771,0.126561912497159,0.264881846496709,178.08410894065,1.02219089680528
"N_sim[1]",0,NA,0,0,0,0,0,0,NA,NA
"N_sim[2]",0,NA,0,0,0,0,0,0,NA,NA
"N_sim[3]",0,NA,0,0,0,0,0,0,NA,NA
"N_sim[4]",0,NA,0,0,0,0,0,0,NA,NA
"N_sim[5]",0,NA,0,0,0,0,0,0,NA,NA
"N_sim[6]",0,NA,0,0,0,0,0,0,NA,NA
"N_sim[7]",0,NA,0,0,0,0,0,0,NA,NA
"N_sim[8]",0,NA,0,0,0,0,0,0,NA,NA
"N_sim[9]",0,NA,0,0,0,0,0,0,NA,NA
"N_sim[10]",0,NA,0,0,0,0,0,0,NA,NA
"N_sim[11]",0,NA,0,0,0,0,0,0,NA,NA
"N_sim[12]",0,NA,0,0,0,0,0,0,NA,NA
"N_sim[13]",0,NA,0,0,0,0,0,0,NA,NA
"N_sim[14]",0,NA,0,0,0,0,0,0,NA,NA
"N_sim[15]",0,NA,0,0,0,0,0,0,NA,NA
"N_sim[16]",0,NA,0,0,0,0,0,0,NA,NA
"N_sim[17]",0,NA,0,0,0,0,0,0,NA,NA
"N_sim[18]",0,NA,0,0,0,0,0,0,NA,NA
"N_sim[19]",0,NA,0,0,0,0,0,0,NA,NA
"N_sim[20]",0,NA,0,0,0,0,0,0,NA,NA
"N_sim[21]",0,NA,0,0,0,0,0,0,NA,NA
"N_sim[22]",0,NA,0,0,0,0,0,0,NA,NA
"N_sim[23]",0,NA,0,0,0,0,0,0,NA,NA
"N_sim[24]",0,NA,0,0,0,0,0,0,NA,NA
"N_sim[25]",0,NA,0,0,0,0,0,0,NA,NA
"N_sim[26]",0,NA,0,0,0,0,0,0,NA,NA
"N_sim[27]",0,NA,0,0,0,0,0,0,NA,NA
"N_sim[28]",0,NA,0,0,0,0,0,0,NA,NA
"N_sim[29]",0,NA,0,0,0,0,0,0,NA,NA
"N_sim[30]",0,NA,0,0,0,0,0,0,NA,NA
"N_sim[31]",0,NA,0,0,0,0,0,0,NA,NA
"N_sim[32]",0,NA,0,0,0,0,0,0,NA,NA
"N_sim[33]",0,NA,0,0,0,0,0,0,NA,NA
"N_sim[34]",0,NA,0,0,0,0,0,0,NA,NA
"N_sim[35]",0,NA,0,0,0,0,0,0,NA,NA
"N_sim[36]",0,NA,0,0,0,0,0,0,NA,NA
"N_sim[37]",0,NA,0,0,0,0,0,0,NA,NA
"N_sim[38]",0,NA,0,0,0,0,0,0,NA,NA
"N_sim[39]",0,NA,0,0,0,0,0,0,NA,NA
"N_sim[40]",0,NA,0,0,0,0,0,0,NA,NA
"N_sim[41]",0,NA,0,0,0,0,0,0,NA,NA
"N_sim[42]",0,NA,0,0,0,0,0,0,NA,NA
"N_sim[43]",0,NA,0,0,0,0,0,0,NA,NA
"N_sim[44]",0,NA,0,0,0,0,0,0,NA,NA
"N_sim[45]",0,NA,0,0,0,0,0,0,NA,NA
"N_sim[46]",0,NA,0,0,0,0,0,0,NA,NA
"N_sim[47]",0,NA,0,0,0,0,0,0,NA,NA
"N_sim[48]",0,NA,0,0,0,0,0,0,NA,NA
"N_sim[49]",0,NA,0,0,0,0,0,0,NA,NA
"N_sim[50]",0,NA,0,0,0,0,0,0,NA,NA
"N_sim[51]",0,NA,0,0,0,0,0,0,NA,NA
"N_sim[52]",0,NA,0,0,0,0,0,0,NA,NA
"N_sim[53]",0,NA,0,0,0,0,0,0,NA,NA
"N_sim[54]",0,NA,0,0,0,0,0,0,NA,NA
"N_sim[55]",0,NA,0,0,0,0,0,0,NA,NA
"N_sim[56]",0,NA,0,0,0,0,0,0,NA,NA
"N_sim[57]",0,NA,0,0,0,0,0,0,NA,NA
"N_sim[58]",0,NA,0,0,0,0,0,0,NA,NA
"N_sim[59]",0,NA,0,0,0,0,0,0,NA,NA
"N_sim[60]",0,NA,0,0,0,0,0,0,NA,NA
"N_sim[61]",0,NA,0,0,0,0,0,0,NA,NA
"N_sim[62]",0,NA,0,0,0,0,0,0,NA,NA
"N_sim[63]",0,NA,0,0,0,0,0,0,NA,NA
"N_sim[64]",0,NA,0,0,0,0,0,0,NA,NA
"N_sim[65]",0,NA,0,0,0,0,0,0,NA,NA
"N_sim[66]",0,NA,0,0,0,0,0,0,NA,NA
"N_sim[67]",0,NA,0,0,0,0,0,0,NA,NA
"N_sim[68]",0,NA,0,0,0,0,0,0,NA,NA
"N_sim[69]",0,NA,0,0,0,0,0,0,NA,NA
"N_sim[70]",0,NA,0,0,0,0,0,0,NA,NA
"N_sim[71]",0,NA,0,0,0,0,0,0,NA,NA
"N_sim[72]",0,NA,0,0,0,0,0,0,NA,NA
"N_sim[73]",0,NA,0,0,0,0,0,0,NA,NA
"N_sim[74]",0,NA,0,0,0,0,0,0,NA,NA
"N_sim[75]",0,NA,0,0,0,0,0,0,NA,NA
"N_sim[76]",0,NA,0,0,0,0,0,0,NA,NA
"N_sim[77]",0,NA,0,0,0,0,0,0,NA,NA
"N_sim[78]",0,NA,0,0,0,0,0,0,NA,NA
"N_sim[79]",0,NA,0,0,0,0,0,0,NA,NA
"N_sim[80]",0,NA,0,0,0,0,0,0,NA,NA
"N_sim[81]",0,NA,0,0,0,0,0,0,NA,NA
"N_sim[82]",0,NA,0,0,0,0,0,0,NA,NA
"N_sim[83]",0,NA,0,0,0,0,0,0,NA,NA
"N_sim[84]",0,NA,0,0,0,0,0,0,NA,NA
"N_sim[85]",0,NA,0,0,0,0,0,0,NA,NA
"N_sim[86]",0,NA,0,0,0,0,0,0,NA,NA
"N_sim[87]",0,NA,0,0,0,0,0,0,NA,NA
"N_sim[88]",0,NA,0,0,0,0,0,0,NA,NA
"N_sim[89]",0,NA,0,0,0,0,0,0,NA,NA
"N_sim[90]",0,NA,0,0,0,0,0,0,NA,NA
"N_sim[91]",0,NA,0,0,0,0,0,0,NA,NA
"N_sim[92]",0,NA,0,0,0,0,0,0,NA,NA
"N_sim[93]",0,NA,0,0,0,0,0,0,NA,NA
"N_sim[94]",0,NA,0,0,0,0,0,0,NA,NA
"N_sim[95]",0,NA,0,0,0,0,0,0,NA,NA
"N_sim[96]",0,NA,0,0,0,0,0,0,NA,NA
"N_sim[97]",0,NA,0,0,0,0,0,0,NA,NA
"N_sim[98]",0,NA,0,0,0,0,0,0,NA,NA
"N_sim[99]",0,NA,0,0,0,0,0,0,NA,NA
"N_sim[100]",0,NA,0,0,0,0,0,0,NA,NA
"N_sim[101]",0,NA,0,0,0,0,0,0,NA,NA
"N_sim[102]",0,NA,0,0,0,0,0,0,NA,NA
"N_sim[103]",0,NA,0,0,0,0,0,0,NA,NA
"N_sim[104]",0,NA,0,0,0,0,0,0,NA,NA
"N_sim[105]",0,NA,0,0,0,0,0,0,NA,NA
"N_sim[106]",0,NA,0,0,0,0,0,0,NA,NA
"N_sim[107]",0,NA,0,0,0,0,0,0,NA,NA
"N_sim[108]",0,NA,0,0,0,0,0,0,NA,NA
"N_sim[109]",0,NA,0,0,0,0,0,0,NA,NA
"N_sim[110]",0,NA,0,0,0,0,0,0,NA,NA
"N_sim[111]",0,NA,0,0,0,0,0,0,NA,NA
"N_sim[112]",0,NA,0,0,0,0,0,0,NA,NA
"N_sim[113]",0,NA,0,0,0,0,0,0,NA,NA
"N_sim[114]",0,NA,0,0,0,0,0,0,NA,NA
"N_sim[115]",0,NA,0,0,0,0,0,0,NA,NA
"N_sim[116]",0,NA,0,0,0,0,0,0,NA,NA
"N_sim[117]",0,NA,0,0,0,0,0,0,NA,NA
"N_sim[118]",0,NA,0,0,0,0,0,0,NA,NA
"N_sim[119]",0,NA,0,0,0,0,0,0,NA,NA
"N_sim[120]",0,NA,0,0,0,0,0,0,NA,NA
"N_sim[121]",0,NA,0,0,0,0,0,0,NA,NA
"N_sim[122]",0,NA,0,0,0,0,0,0,NA,NA
"N_sim[123]",0,NA,0,0,0,0,0,0,NA,NA
"N_sim[124]",0,NA,0,0,0,0,0,0,NA,NA
"N_sim[125]",0,NA,0,0,0,0,0,0,NA,NA
"N_sim[126]",0,NA,0,0,0,0,0,0,NA,NA
"N_sim[127]",0,NA,0,0,0,0,0,0,NA,NA
"N_sim[128]",0,NA,0,0,0,0,0,0,NA,NA
"N_sim[129]",0,NA,0,0,0,0,0,0,NA,NA
"N_sim[130]",0,NA,0,0,0,0,0,0,NA,NA
"N_sim[131]",0,NA,0,0,0,0,0,0,NA,NA
"N_sim[132]",0,NA,0,0,0,0,0,0,NA,NA
"N_sim[133]",0,NA,0,0,0,0,0,0,NA,NA
"N_sim[134]",0,NA,0,0,0,0,0,0,NA,NA
"N_sim[135]",0,NA,0,0,0,0,0,0,NA,NA
"N_sim[136]",0,NA,0,0,0,0,0,0,NA,NA
"N_sim[137]",0,NA,0,0,0,0,0,0,NA,NA
"N_sim[138]",0,NA,0,0,0,0,0,0,NA,NA
"N_sim[139]",0,NA,0,0,0,0,0,0,NA,NA
"N_sim[140]",0,NA,0,0,0,0,0,0,NA,NA
"N_sim[141]",0,NA,0,0,0,0,0,0,NA,NA
"N_sim[142]",0,NA,0,0,0,0,0,0,NA,NA
"N_sim[143]",0,NA,0,0,0,0,0,0,NA,NA
"N_sim[144]",0,NA,0,0,0,0,0,0,NA,NA
"N_sim[145]",0,NA,0,0,0,0,0,0,NA,NA
"N_sim[146]",0,NA,0,0,0,0,0,0,NA,NA
"N_sim[147]",0,NA,0,0,0,0,0,0,NA,NA
"N_sim[148]",0,NA,0,0,0,0,0,0,NA,NA
"N_sim[149]",0,NA,0,0,0,0,0,0,NA,NA
"N_sim[150]",0,NA,0,0,0,0,0,0,NA,NA
"N_sim[151]",0,NA,0,0,0,0,0,0,NA,NA
"N_sim[152]",0,NA,0,0,0,0,0,0,NA,NA
"N_sim[153]",0,NA,0,0,0,0,0,0,NA,NA
"N_sim[154]",0,NA,0,0,0,0,0,0,NA,NA
"N_sim[155]",0,NA,0,0,0,0,0,0,NA,NA
"N_sim[156]",0,NA,0,0,0,0,0,0,NA,NA
"N_sim[157]",0,NA,0,0,0,0,0,0,NA,NA
"N_sim[158]",0,NA,0,0,0,0,0,0,NA,NA
"N_sim[159]",0,NA,0,0,0,0,0,0,NA,NA
"N_sim[160]",0,NA,0,0,0,0,0,0,NA,NA
"N_sim[161]",0,NA,0,0,0,0,0,0,NA,NA
"N_sim[162]",0,NA,0,0,0,0,0,0,NA,NA
"N_sim[163]",0,NA,0,0,0,0,0,0,NA,NA
"N_sim[164]",0,NA,0,0,0,0,0,0,NA,NA
"N_sim[165]",0,NA,0,0,0,0,0,0,NA,NA
"N_sim[166]",0,NA,0,0,0,0,0,0,NA,NA
"N_sim[167]",0,NA,0,0,0,0,0,0,NA,NA
"N_sim[168]",0,NA,0,0,0,0,0,0,NA,NA
"N_sim[169]",0,NA,0,0,0,0,0,0,NA,NA
"N_sim[170]",0,NA,0,0,0,0,0,0,NA,NA
"N_sim[171]",0,NA,0,0,0,0,0,0,NA,NA
"N_sim[172]",0,NA,0,0,0,0,0,0,NA,NA
"N_sim[173]",0,NA,0,0,0,0,0,0,NA,NA
"N_sim[174]",0,NA,0,0,0,0,0,0,NA,NA
"N_sim[175]",0,NA,0,0,0,0,0,0,NA,NA
"N_sim[176]",0,NA,0,0,0,0,0,0,NA,NA
"N_sim[177]",0,NA,0,0,0,0,0,0,NA,NA
"N_sim[178]",0,NA,0,0,0,0,0,0,NA,NA
"N_sim[179]",0,NA,0,0,0,0,0,0,NA,NA
"N_sim[180]",0,NA,0,0,0,0,0,0,NA,NA
"N_sim[181]",0,NA,0,0,0,0,0,0,NA,NA
"N_sim[182]",0,NA,0,0,0,0,0,0,NA,NA
"N_sim[183]",0,NA,0,0,0,0,0,0,NA,NA
"N_sim[184]",0,NA,0,0,0,0,0,0,NA,NA
"N_sim[185]",0,NA,0,0,0,0,0,0,NA,NA
"N_sim[186]",0,NA,0,0,0,0,0,0,NA,NA
"N_sim[187]",0,NA,0,0,0,0,0,0,NA,NA
"N_sim[188]",0,NA,0,0,0,0,0,0,NA,NA
"N_sim[189]",0,NA,0,0,0,0,0,0,NA,NA
"N_sim[190]",0,NA,0,0,0,0,0,0,NA,NA
"N_sim[191]",0,NA,0,0,0,0,0,0,NA,NA
"N_sim[192]",0,NA,0,0,0,0,0,0,NA,NA
"N_sim[193]",0,NA,0,0,0,0,0,0,NA,NA
"N_sim[194]",0,NA,0,0,0,0,0,0,NA,NA
"N_sim[195]",0,NA,0,0,0,0,0,0,NA,NA
"N_sim[196]",0,NA,0,0,0,0,0,0,NA,NA
"N_sim[197]",0,NA,0,0,0,0,0,0,NA,NA
"N_sim[198]",0,NA,0,0,0,0,0,0,NA,NA
"N_sim[199]",0,NA,0,0,0,0,0,0,NA,NA
"N_sim[200]",0,NA,0,0,0,0,0,0,NA,NA
"N_sim[201]",0,NA,0,0,0,0,0,0,NA,NA
"N_sim[202]",0,NA,0,0,0,0,0,0,NA,NA
"N_sim[203]",0,NA,0,0,0,0,0,0,NA,NA
"N_sim[204]",0,NA,0,0,0,0,0,0,NA,NA
"N_sim[205]",0,NA,0,0,0,0,0,0,NA,NA
"N_sim[206]",0,NA,0,0,0,0,0,0,NA,NA
"N_sim[207]",0,NA,0,0,0,0,0,0,NA,NA
"N_sim[208]",0,NA,0,0,0,0,0,0,NA,NA
"N_sim[209]",0,NA,0,0,0,0,0,0,NA,NA
"N_sim[210]",0,NA,0,0,0,0,0,0,NA,NA
"N_sim[211]",0,NA,0,0,0,0,0,0,NA,NA
"N_sim[212]",0,NA,0,0,0,0,0,0,NA,NA
"N_sim[213]",0,NA,0,0,0,0,0,0,NA,NA
"N_sim[214]",0,NA,0,0,0,0,0,0,NA,NA
"N_sim[215]",0,NA,0,0,0,0,0,0,NA,NA
"N_sim[216]",0,NA,0,0,0,0,0,0,NA,NA
"N_sim[217]",0,NA,0,0,0,0,0,0,NA,NA
"N_sim[218]",0,NA,0,0,0,0,0,0,NA,NA
"N_sim[219]",0,NA,0,0,0,0,0,0,NA,NA
"N_sim[220]",0,NA,0,0,0,0,0,0,NA,NA
"N_sim[221]",0,NA,0,0,0,0,0,0,NA,NA
"N_sim[222]",0,NA,0,0,0,0,0,0,NA,NA
"N_sim[223]",0,NA,0,0,0,0,0,0,NA,NA
"N_sim[224]",0,NA,0,0,0,0,0,0,NA,NA
"N_sim[225]",0,NA,0,0,0,0,0,0,NA,NA
"N_sim[226]",0,NA,0,0,0,0,0,0,NA,NA
"N_sim[227]",0,NA,0,0,0,0,0,0,NA,NA
"N_sim[228]",0,NA,0,0,0,0,0,0,NA,NA
"N_sim[229]",0,NA,0,0,0,0,0,0,NA,NA
"N_sim[230]",0,NA,0,0,0,0,0,0,NA,NA
"N_sim[231]",0,NA,0,0,0,0,0,0,NA,NA
"N_sim[232]",0,NA,0,0,0,0,0,0,NA,NA
"N_sim[233]",0,NA,0,0,0,0,0,0,NA,NA
"N_sim[234]",0,NA,0,0,0,0,0,0,NA,NA
"N_sim[235]",0,NA,0,0,0,0,0,0,NA,NA
"N_sim[236]",0,NA,0,0,0,0,0,0,NA,NA
"N_sim[237]",0,NA,0,0,0,0,0,0,NA,NA
"N_sim[238]",0,NA,0,0,0,0,0,0,NA,NA
"N_sim[239]",0,NA,0,0,0,0,0,0,NA,NA
"N_sim[240]",0,NA,0,0,0,0,0,0,NA,NA
"N_sim[241]",0,NA,0,0,0,0,0,0,NA,NA
"N_sim[242]",0,NA,0,0,0,0,0,0,NA,NA
"N_sim[243]",0,NA,0,0,0,0,0,0,NA,NA
"N_sim[244]",0,NA,0,0,0,0,0,0,NA,NA
"N_sim[245]",0,NA,0,0,0,0,0,0,NA,NA
"N_sim[246]",0,NA,0,0,0,0,0,0,NA,NA
"N_sim[247]",0,NA,0,0,0,0,0,0,NA,NA
"N_sim[248]",0,NA,0,0,0,0,0,0,NA,NA
"N_sim[249]",0,NA,0,0,0,0,0,0,NA,NA
"N_sim[250]",0,NA,0,0,0,0,0,0,NA,NA
"N_sim[251]",0,NA,0,0,0,0,0,0,NA,NA
"N_sim[252]",0,NA,0,0,0,0,0,0,NA,NA
"N_sim[253]",0,NA,0,0,0,0,0,0,NA,NA
"N_sim[254]",0,NA,0,0,0,0,0,0,NA,NA
"N_sim[255]",0,NA,0,0,0,0,0,0,NA,NA
"N_sim[256]",0,NA,0,0,0,0,0,0,NA,NA
"N_sim[257]",0,NA,0,0,0,0,0,0,NA,NA
"N_sim[258]",0,NA,0,0,0,0,0,0,NA,NA
"N_sim[259]",0,NA,0,0,0,0,0,0,NA,NA
"N_sim[260]",0,NA,0,0,0,0,0,0,NA,NA
"N_sim[261]",0,NA,0,0,0,0,0,0,NA,NA
"N_sim[262]",0,NA,0,0,0,0,0,0,NA,NA
"N_sim[263]",0,NA,0,0,0,0,0,0,NA,NA
"N_sim[264]",0,NA,0,0,0,0,0,0,NA,NA
"N_sim[265]",0,NA,0,0,0,0,0,0,NA,NA
"N_sim[266]",0,NA,0,0,0,0,0,0,NA,NA
"N_sim[267]",0,NA,0,0,0,0,0,0,NA,NA
"N_sim[268]",0,NA,0,0,0,0,0,0,NA,NA
"N_sim[269]",0,NA,0,0,0,0,0,0,NA,NA
"N_sim[270]",0,NA,0,0,0,0,0,0,NA,NA
"N_sim[271]",0,NA,0,0,0,0,0,0,NA,NA
"N_sim[272]",0,NA,0,0,0,0,0,0,NA,NA
"N_sim[273]",0,NA,0,0,0,0,0,0,NA,NA
"N_sim[274]",0,NA,0,0,0,0,0,0,NA,NA
"N_sim[275]",0,NA,0,0,0,0,0,0,NA,NA
"N_sim[276]",0,NA,0,0,0,0,0,0,NA,NA
"N_sim[277]",0,NA,0,0,0,0,0,0,NA,NA
"N_sim[278]",0,NA,0,0,0,0,0,0,NA,NA
"N_sim[279]",0,NA,0,0,0,0,0,0,NA,NA
"N_sim[280]",0,NA,0,0,0,0,0,0,NA,NA
"N_sim[281]",0,NA,0,0,0,0,0,0,NA,NA
"N_sim[282]",0,NA,0,0,0,0,0,0,NA,NA
"N_sim[283]",0,NA,0,0,0,0,0,0,NA,NA
"N_sim[284]",0,NA,0,0,0,0,0,0,NA,NA
"N_sim[285]",0,NA,0,0,0,0,0,0,NA,NA
"N_sim[286]",0,NA,0,0,0,0,0,0,NA,NA
"N_sim[287]",0,NA,0,0,0,0,0,0,NA,NA
"N_sim[288]",0,NA,0,0,0,0,0,0,NA,NA
"N_sim[289]",0,NA,0,0,0,0,0,0,NA,NA
"N_sim[290]",0,NA,0,0,0,0,0,0,NA,NA
"N_sim[291]",0,NA,0,0,0,0,0,0,NA,NA
"N_sim[292]",0,NA,0,0,0,0,0,0,NA,NA
"N_sim[293]",0,NA,0,0,0,0,0,0,NA,NA
"N_sim[294]",0,NA,0,0,0,0,0,0,NA,NA
"N_sim[295]",0,NA,0,0,0,0,0,0,NA,NA
"N_sim[296]",0,NA,0,0,0,0,0,0,NA,NA
"N_sim[297]",0,NA,0,0,0,0,0,0,NA,NA
"N_sim[298]",0,NA,0,0,0,0,0,0,NA,NA
"N_sim[299]",0,NA,0,0,0,0,0,0,NA,NA
"N_sim[300]",0,NA,0,0,0,0,0,0,NA,NA
"N_sim[301]",0,NA,0,0,0,0,0,0,NA,NA
"N_sim[302]",0,NA,0,0,0,0,0,0,NA,NA
"N_sim[303]",0,NA,0,0,0,0,0,0,NA,NA
"N_sim[304]",0,NA,0,0,0,0,0,0,NA,NA
"N_sim[305]",0,NA,0,0,0,0,0,0,NA,NA
"N_sim[306]",0,NA,0,0,0,0,0,0,NA,NA
"N_sim[307]",0,NA,0,0,0,0,0,0,NA,NA
"N_sim[308]",0,NA,0,0,0,0,0,0,NA,NA
"N_sim[309]",0,NA,0,0,0,0,0,0,NA,NA
"N_sim[310]",0,NA,0,0,0,0,0,0,NA,NA
"N_sim[311]",0,NA,0,0,0,0,0,0,NA,NA
"N_sim[312]",0,NA,0,0,0,0,0,0,NA,NA
"N_sim[313]",0,NA,0,0,0,0,0,0,NA,NA
"N_sim[314]",0,NA,0,0,0,0,0,0,NA,NA
"N_sim[315]",0,NA,0,0,0,0,0,0,NA,NA
"N_sim[316]",0,NA,0,0,0,0,0,0,NA,NA
"N_sim[317]",0,NA,0,0,0,0,0,0,NA,NA
"N_sim[318]",0,NA,0,0,0,0,0,0,NA,NA
"N_sim[319]",0,NA,0,0,0,0,0,0,NA,NA
"N_sim[320]",0,NA,0,0,0,0,0,0,NA,NA
"N_sim[321]",0,NA,0,0,0,0,0,0,NA,NA
"N_sim[322]",0,NA,0,0,0,0,0,0,NA,NA
"N_sim[323]",0,NA,0,0,0,0,0,0,NA,NA
"N_sim[324]",0,NA,0,0,0,0,0,0,NA,NA
"N_sim[325]",0,NA,0,0,0,0,0,0,NA,NA
"N_sim[326]",0,NA,0,0,0,0,0,0,NA,NA
"N_sim[327]",0,NA,0,0,0,0,0,0,NA,NA
"N_sim[328]",0,NA,0,0,0,0,0,0,NA,NA
"N_sim[329]",0,NA,0,0,0,0,0,0,NA,NA
"N_sim[330]",0,NA,0,0,0,0,0,0,NA,NA
"N_sim[331]",0,NA,0,0,0,0,0,0,NA,NA
"N_sim[332]",0,NA,0,0,0,0,0,0,NA,NA
"N_sim[333]",0,NA,0,0,0,0,0,0,NA,NA
"N_all[1,1]",387.39675459782,3.09335918450735,97.7416925668995,200.924564993538,318.253760989734,389.200101023031,450.646250996282,587.015171199788,998.387210104295,1.00344044551808
"N_all[1,2]",142.072114927042,0.490964455034224,28.1011700287421,94.8669047867696,123.303092691265,139.081899341513,158.086006746909,203.670630872109,3276.03628408719,0.999403683204896
"N_all[1,3]",381.745396932017,1.29365528953553,76.9049188730644,251.497366176433,330.35712801649,376.665211309881,423.424009911945,558.853283729234,3534.03706033066,1.00172583542122
"N_all[1,4]",177.262197496744,0.633453558657667,34.8118223478779,115.279301135124,152.898485955389,174.628016706012,198.466738072866,253.606983093002,3020.11831139147,1.00124847575005
"N_all[1,5]",522.255094056282,11.1928769780122,493.665750749903,83.5839140569834,255.70812392994,411.394032452019,628.006457133018,1617.58885513598,1945.28185234335,0.99971424921214
"N_all[1,6]",367.294819026337,15.6633574959674,704.993521801509,24.7996931426526,112.974232878664,215.701052436774,402.310799310235,1658.48102473665,2025.81849620664,1.00279469413135
"N_all[1,7]",129.109225537696,5.03599018235356,225.036030341795,6.07355020469022,32.3014485901491,67.4289820436787,133.332524699739,690.548178453901,1996.79907532929,0.999779904538707
"N_all[1,8]",281.753985571921,2.14131761026995,61.1421976107349,186.797661248475,239.619785261418,272.813938911085,315.212026320568,430.214324962369,815.304635148884,1.00346975948881
"N_all[1,9]",426.140047723525,1.71291460369865,99.9615563056764,277.978343381867,361.278431089548,408.657792736054,471.229612213373,666.966150540163,3405.60750371498,1.00118772428478
"N_all[1,10]",105.64178545806,0.843636157822878,43.44940969764,42.7659507901217,75.5120946926148,98.9918617887256,125.796882063075,209.697996788945,2652.51220444714,1.00108098100209
"N_all[1,11]",23.7441171041173,0.433324282381534,15.8997351326418,8.99765842292059,14.9552939655328,19.5792681452866,26.3747457768078,67.4209827342769,1346.33682988931,1.00189871288729
"N_all[1,12]",16.9656011397122,0.204651741242814,10.0271920382022,4.94237197908801,10.3975929522256,15.0108685050058,20.7285861346568,41.1826302534432,2400.64408314253,1.00199818779226
"N_all[1,13]",120.697434660464,0.404285963532352,24.6461723309068,78.6764360213371,104.348812921274,118.136060161635,135.1396680675,174.645344693388,3716.39301498541,1.00059692638278
"N_all[1,14]",209.535932632754,0.669566915083492,42.6489571535895,141.129201222613,181.328921955649,203.785599600922,230.950616005861,311.492073387876,4057.22283092089,0.999972339990203
"N_all[1,15]",301.942932205585,1.09525349050361,59.6333053384086,189.814848824572,263.735495465646,299.710280407658,337.507323311565,426.312238964423,2964.47964088052,0.999593442636693
"N_all[2,1]",329.363539740709,2.40615347554465,96.0223624079787,193.303338442727,260.749829313845,312.18562072141,379.924519847448,557.107450449166,1592.56850501951,1.0006628202255
"N_all[2,2]",159.263203349921,0.669481475568405,28.6990277602207,112.405564377873,139.210267802594,155.528113440579,174.451790450852,229.961237169101,1837.62647574882,1.00087126473942
"N_all[2,3]",397.128610310016,1.37987431493393,76.7910620928084,255.341916576308,347.045867297538,394.346281840619,444.388021252194,562.231671331855,3097.007714686,1.00041766730381
"N_all[2,4]",180.855717159783,0.571190354410661,30.6991346026,125.610175078743,160.098018616173,179.193855008533,199.167545246865,247.637346347968,2888.62081334624,1.00043804126505
"N_all[2,5]",606.457063685236,11.6395467912342,535.642661024364,115.733086901052,315.839264373831,486.09330078021,747.326248885474,1826.05686881071,2117.76700055732,1.000226737496
"N_all[2,6]",383.580624364129,15.1576565017817,701.739768345579,31.4248814680339,127.38667245193,238.895291357144,428.828810311336,1701.3128266066,2143.32513169369,1.00299606637314
"N_all[2,7]",147.630797475505,6.34710240163606,238.987794478666,8.42255305944605,38.8659932087324,80.0845739279623,155.273725353902,755.617794416233,1417.75253492528,1.00022184699696
"N_all[2,8]",348.001638703466,1.28385406132193,61.7891252849378,245.235509774693,305.856041816256,340.348735890521,381.838162352369,491.912116395946,2316.28916587364,1.00199360458398
"N_all[2,9]",496.734209956539,1.88189468340182,95.6540280507535,324.704947679683,431.232263239544,493.671144994356,550.597288981652,700.290820745672,2583.54419822764,1.00030489507985
"N_all[2,10]",105.72096556098,0.706446817749724,25.08511585785,66.1293446330614,88.8728784460162,102.611238824449,118.560614348039,161.61309877405,1260.87860659866,1.00379423339432
"N_all[2,11]",55.6686344947461,0.304645823561978,16.4336614088242,32.1664205324997,45.2671753812908,53.2127464431084,63.2294674397576,91.5792752092662,2909.90098880015,1.00034256989155
"N_all[2,12]",18.66032387329,0.153069640993142,8.15242231955105,7.4495774131552,13.2602941861421,17.416729892258,22.2576360571521,37.4040426903792,2836.58114259188,1.00172659193239
"N_all[2,13]",135.092279508129,0.443579571806177,24.0675124790723,92.1369660119423,118.814701439997,133.211606426818,149.601933278795,190.415225675715,2943.87480463252,1.00038917585982
"N_all[2,14]",262.401428846627,1.55744623081258,49.7011931142006,170.241556405295,228.808218833683,260.769556587299,293.572376655895,362.480438467825,1018.37447348028,1.0059030526992
"N_all[2,15]",310.282649845845,0.957405671892228,53.9454973325077,212.25918931541,275.838286367532,306.470004010682,341.662257619367,423.846477081927,3174.81490495267,1.00139188636461
"N_all[3,1]",398.035946138613,4.5521758788115,92.701253842517,234.843364292102,331.589577853388,390.875567423626,460.072125326835,587.290858021108,414.699154747344,1.01250580489131
"N_all[3,2]",215.123353581221,0.619958455841088,35.7161174428015,152.931902642477,191.131583541992,212.345706988459,236.458524766742,293.290332695446,3318.96986312665,1.00108599303298
"N_all[3,3]",381.693090912477,1.96203104809953,112.071059892406,214.657128444186,305.455592644531,363.880281211928,438.563291987406,644.956704418906,3262.68545804135,1.00091456176884
"N_all[3,4]",176.158376224178,1.88485926765414,38.6094019730266,118.295222717433,147.887728100351,170.296765353588,198.120402981563,265.948808336101,419.593054785907,1.01088716872815
"N_all[3,5]",760.378838803994,14.6017582916793,616.378161845853,169.742279018432,412.63121488639,621.097896721321,917.923857693598,2212.41177202061,1781.90348186547,0.999716374114508
"N_all[3,6]",466.300170023907,16.1934945252489,716.902383473098,41.1843755372388,161.432216811248,291.52370513502,536.674227145224,1903.70894688497,1959.92246536038,1.00364048597899
"N_all[3,7]",195.786909708264,8.18170084552959,314.011040167311,11.86835232247,54.4325903891142,105.290279210362,210.827243980549,1026.21097603992,1472.99964795373,1.00042232005324
"N_all[3,8]",516.745896016676,2.72677793976581,92.5464415061649,346.526688647022,456.771862887172,511.526355843203,572.316487645586,704.883403793527,1151.91359843252,1.00377612801118
"N_all[3,9]",473.738058688681,1.49911100112851,87.4559525037444,311.356097352362,415.63348244863,467.597335183438,527.252116146706,661.259847960081,3403.38566961578,1.00161408860034
"N_all[3,10]",137.977788475956,0.371749921162097,25.6627977154058,93.5497724306631,120.791438697653,136.225220046316,152.440912426543,195.866684405942,4765.47539090731,1.00003310004268
"N_all[3,11]",182.430688967725,0.833080893105622,44.031634541099,98.6364775970243,154.370248072996,182.243512158877,209.912353767862,274.082371183529,2793.54239971959,1.00218113559116
"N_all[3,12]",24.9590624009809,0.172230083539646,6.7344800720374,14.722783213709,20.2036132809887,24.0176125145088,28.7699521893351,39.9527159404826,1528.9388629027,1.00586768405993
"N_all[3,13]",159.391495544676,0.724625934072538,30.0992681226247,111.858321064268,139.385144661344,155.255762029014,174.742134366182,229.573384046935,1725.37747869203,1.00055976183323
"N_all[3,14]",262.816205088885,2.21425579352519,80.726132600561,135.771853172503,207.207801819181,250.637167346558,305.907945270626,453.398626472005,1329.14607939884,1.00328449694339
"N_all[3,15]",303.933581871612,3.30925001048568,72.3179942166305,194.977490487598,250.258241797259,293.506750018703,346.852680275455,474.478873986591,477.566205305912,1.0093804569507
"N_all[4,1]",374.779876968479,1.13993487663222,66.2666038853499,256.265563666154,330.334817603126,370.850587370303,411.712671702901,523.101863098788,3379.32020771856,0.99997320817542
"N_all[4,2]",293.930591649821,0.890768471294884,47.2441190335718,214.900773159642,262.449967197156,288.79432256517,320.180324338447,404.193168535002,2812.97476734889,1.00023887148882
"N_all[4,3]",361.387983285666,1.40066806228247,67.4652563732808,243.744062715113,315.244261880449,358.213460041883,401.852673864387,506.979915429398,2320.01021957745,1.00341959892214
"N_all[4,4]",253.934766162876,0.667910659817548,41.2798032591532,183.100921953247,226.802903805862,250.438945271622,277.261644160643,342.397131736938,3819.78120836056,0.999850254777891
"N_all[4,5]",911.822034303418,16.5729870379607,713.934413302121,235.315089649048,517.590747987709,743.88155814928,1086.1661269261,2598.37888719538,1855.73112332544,1.0005647869839
"N_all[4,6]",547.912227381579,17.3306527855148,782.799759303656,51.6507294988342,206.365249835683,356.43133619904,637.984728188048,2166.87434065319,2040.19427296946,1.00249440288957
"N_all[4,7]",218.10207804273,7.64787295023839,339.620811794861,15.6501029392613,65.3277660243741,124.113510399279,239.792042012985,1061.14598837058,1972.00159645838,1.00007779150588
"N_all[4,8]",614.178048077945,1.93312291375067,101.520672856999,427.855816369616,545.776045728812,609.824376965761,675.799148537995,829.649484813542,2757.97317465707,1.00067203606508
"N_all[4,9]",448.016393301162,2.90522184067317,96.6298519480346,305.957702948419,381.736986215953,432.334433883053,499.039488585169,676.29414485073,1106.27736716629,1.00369859757499
"N_all[4,10]",186.946873576686,0.5896639681362,33.8919726375203,130.188707163699,163.509600781382,184.390978660988,206.183194884943,263.341851254275,3303.57760094904,1.00003846942113
"N_all[4,11]",313.467799373892,1.11435292052712,68.8626738180173,202.061907171553,268.344335375963,305.834242787611,347.209082336231,468.609982831533,3818.75900731416,1.00226872317056
"N_all[4,12]",36.9104342836153,0.351197955595382,9.74389972298926,20.8319105733098,29.8065281763608,35.7625677027803,43.2376127937973,58.4994466045765,769.771191191174,1.00907788001995
"N_all[4,13]",222.079911541508,0.88959987158992,41.1877049148561,154.593592685301,193.855535113889,216.595586692331,244.420791542041,319.667771993162,2143.60993965062,1.00075665223617
"N_all[4,14]",253.039535365047,2.17950733918993,54.245422353423,167.507762766282,215.535527762282,244.798590468443,282.755854795673,377.648145863068,619.454651385165,1.00557474237628
"N_all[4,15]",463.042871115488,1.21952422738476,78.1048913883164,319.967902951395,412.36394699431,459.537976216952,508.582843647308,632.899565965109,4101.81057606177,0.999819970420096
"N_all[5,1]",369.959867249074,3.46246458375392,80.3796294493486,248.330330819772,313.852181041245,356.650896040247,412.951706573283,559.710440360972,538.916300476151,1.0102381010702
"N_all[5,2]",469.854373506095,1.14788704069191,74.4387405321312,339.552232416622,417.177584297648,463.906959705036,513.903834627912,638.884685625876,4205.32657084358,0.999831765636212
"N_all[5,3]",367.08827230204,2.46537356105694,80.9419103989069,246.851626893334,309.973737314738,351.756716329058,409.399223585979,563.289807534135,1077.90734774618,1.00271752908631
"N_all[5,4]",407.814385510175,1.0705345697918,65.879087487838,288.478403336439,363.360842830164,403.48942041546,449.200074221052,554.19445256501,3786.9865068243,1.00097601544692
"N_all[5,5]",1229.45897814711,19.460487845142,842.283433641377,346.06285389051,736.360786213525,1044.26912892331,1452.68347871578,3248.46199406955,1873.30749817809,1.00155235049309
"N_all[5,6]",701.876543059639,18.5764277339679,852.822397823565,85.5863324188253,283.272783401521,489.728188390988,842.103847097521,2722.59977042674,2107.62232766185,1.00200471365458
"N_all[5,7]",268.843563231607,7.48768158583529,366.894671997781,23.8637886543374,90.7892340869529,166.654243819167,298.365795179285,1204.97545903202,2400.97741370291,1.00018277166193
"N_all[5,8]",792.936368739609,1.97786449621773,131.925403913741,563.290003079832,704.744683061046,780.761520318223,866.305623722061,1079.41656240096,4449.0142383656,0.999694874721556
"N_all[5,9]",635.331005813209,2.0363612630148,115.698316727526,435.503255140245,560.316078090652,624.703795868289,699.728968939778,896.814601075493,3228.08102527244,1.00025303332155
"N_all[5,10]",278.640325089958,1.28492909378043,51.7364591632493,187.538516944213,242.71224766083,275.758707860073,310.255686109738,389.781838317344,1621.19434189645,1.00004675397994
"N_all[5,11]",631.120228280996,3.64145225868248,156.277134189057,330.569211754656,527.332093160945,630.512782482383,729.73461714021,938.344527230096,1841.7964691253,1.0029967415927
"N_all[5,12]",42.8605176924029,0.21441498622203,9.62165990296327,26.6066629932513,36.2250882225344,41.9534300772108,48.5476179420048,64.2226651460188,2013.67663413178,1.00041325323847
"N_all[5,13]",391.23575332695,1.21734224929548,65.8194587721462,272.670570029889,345.920656912519,387.44774826551,429.81901524157,535.787391413291,2923.36621559105,0.999864969027957
"N_all[5,14]",345.967659258808,1.89397463753436,72.0498231747663,238.519603429907,294.388201616006,336.29901159018,383.798602638775,512.711947374721,1447.16323429134,1.00102927903302
"N_all[5,15]",679.117254308436,1.71274500139192,110.289025359809,485.084865954021,604.370719165253,670.917650828763,743.314172615895,922.353162046766,4146.47623098909,0.999998219468543
"N_all[6,1]",551.113246204584,3.64547461956911,106.725534729733,388.357640126535,473.832941156091,536.554858427559,611.176437801089,795.963627568717,857.094130455829,1.00508042141719
"N_all[6,2]",734.761449010622,2.64548304801967,131.561924847795,492.930845623429,643.651940415893,728.524787505857,821.603105712517,1004.51051429084,2473.15008061968,1.00093761297663
"N_all[6,3]",604.047462904971,2.11976924228534,115.737614231881,413.856916250658,524.815919819855,588.116778008777,669.111987646506,877.660225278087,2981.06797440022,1.0011013609753
"N_all[6,4]",689.123398136575,4.0597811360297,120.070854761433,475.544422371362,603.803914711171,684.676683283356,771.481275894544,942.188417454645,874.721823835929,1.0051899827813
"N_all[6,5]",1681.59675603817,24.1089744773948,959.92144638564,553.341908115619,1086.64415697994,1484.21327407379,2011.51425611925,4092.25220475593,1585.3089629152,1.00421986980914
"N_all[6,6]",921.188914032834,20.3118119209149,982.172650825192,135.947672190824,417.393257040907,687.427915268853,1118.43884945521,3158.010453523,2338.18214915084,1.00282415320161
"N_all[6,7]",354.021872838551,8.55283109859192,424.587527027843,38.5791423792829,134.601696182038,235.332678899841,412.916877850636,1378.44354155273,2464.41970378414,0.99986080717505
"N_all[6,8]",1204.25823481648,9.42849683694728,230.760685867268,801.206420710147,1034.13309934583,1187.35901005214,1359.12776575129,1667.01265838073,599.016413819196,1.00766792789092
"N_all[6,9]",1265.16385709301,7.4031585390372,247.113387217147,808.488712954004,1089.63897906082,1258.55300545486,1431.12572922648,1763.5470174543,1114.18792506851,1.00274036965258
"N_all[6,10]",348.905702977165,1.09009336555336,64.9659442683888,241.521656184033,307.332907064371,341.555473705727,382.939547579552,505.109011785314,3551.76413486928,1.00026382449387
"N_all[6,11]",526.265408311681,1.88042917279161,114.454765927392,335.690416843588,454.793907510748,513.106857589293,583.303587158342,792.435461930514,3704.70646063917,0.999707303977262
"N_all[6,12]",39.2308745161132,0.192247257422658,8.73375020833758,25.4653816207543,33.1035709518852,38.0601178930141,44.0633374228477,59.4340364386173,2063.86472086668,1.00348521619148
"N_all[6,13]",617.377072483588,1.78033264547319,111.825486726576,431.663997154364,543.066946416911,604.498861269995,678.247445615916,864.252859652057,3945.29319477212,1.00046424641807
"N_all[6,14]",715.877816895695,2.38546682762636,125.010670008346,480.405008043309,630.861295810666,709.326497524238,794.587705718827,975.847663104491,2746.29636717641,1.00092704720819
"N_all[6,15]",1034.6717261464,4.91551928359522,171.360394765537,728.275876544818,918.380900941161,1027.32367149601,1139.39657622396,1395.87780273232,1215.29608708949,1.00607210718366
"N_all[7,1]",650.348656546762,2.68059272454576,116.235280808027,434.868332555038,572.368361930863,650.581404348737,727.01998249344,886.764566281546,1880.2442500088,1.00394551717051
"N_all[7,2]",609.405703480998,3.2311416728086,128.591243161225,408.80336027554,517.630176622638,590.768107617764,686.688437136869,900.74509747702,1583.83811025412,1.00228357442133
"N_all[7,3]",761.227702412336,9.13652791845828,216.659941230721,414.567305817671,602.779865742324,729.92582057834,897.414558053037,1241.17216569964,562.334683681052,1.00850769645242
"N_all[7,4]",613.483601150343,2.00655817333382,96.8262390190959,448.261839246577,547.389005438215,604.864626321949,672.112003769543,824.353365882756,2328.53417257564,1.00172138128392
"N_all[7,5]",1440.16097702704,15.4800465766158,698.581557346146,535.132786611363,982.925242763603,1314.65173249112,1743.86593643951,3093.34926447951,2036.52481307245,1.00096877422546
"N_all[7,6]",815.245832465239,16.288198640057,785.181456999685,141.723226836317,394.489199307694,641.386406641417,995.592859084924,2553.26228040536,2323.77435854569,1.00217636402781
"N_all[7,7]",316.400474859829,7.65027097989992,348.920125020262,39.7953642448985,130.916118987336,222.670234933289,373.56636412242,1172.30605267711,2080.16795473082,1.0001412199265
"N_all[7,8]",957.089810914264,3.14289081455938,163.993595246646,683.949687896074,844.936764668288,940.524273909925,1053.00564401782,1327.74461902301,2722.67113255285,1.00177317011445
"N_all[7,9]",1187.45671192051,5.95238818990653,217.186052271901,798.872246035023,1042.18524646295,1176.06699694626,1315.01331013133,1652.57774378776,1331.31666994292,1.0013215912647
"N_all[7,10]",320.263411834713,1.06123599153477,59.6723553732364,215.85139371477,279.66445436051,316.344986683211,355.940026070602,448.186577048795,3161.71281873242,1.00083934632383
"N_all[7,11]",336.445421366004,1.37961053669475,76.7846567823332,218.16409036157,286.591213436895,324.948542033189,373.176368262743,516.536719129354,3097.6752764498,1.00039568331319
"N_all[7,12]",32.2973768226154,0.209993542487082,6.92609394532418,20.8499086181617,27.5031248097444,31.6515254925303,36.2562240834206,48.3317276190011,1087.83963002832,1.00462306344354
"N_all[7,13]",645.521444121798,3.34211319335181,171.326273730403,369.810231549578,528.65353067719,624.497312748168,742.007705581282,1054.54000166533,2627.88060050181,1.00164695828606
"N_all[7,14]",825.005496778822,9.28928105911154,190.660483806357,483.384788740223,687.167195750928,814.052889309753,956.743469127481,1198.58102893348,421.266743013397,1.01033095476139
"N_all[7,15]",908.45751523878,2.74270943247989,146.557164441776,652.354138132131,807.803837931275,893.575591490028,994.62139370732,1225.2174523996,2855.31815885352,1.00048676337021
"N_all[8,1]",383.159502817037,1.51437110452136,65.8214254607209,269.875700257241,337.76374986304,376.662066789632,423.404421706152,526.772020855685,1889.16520493174,1.001019717437
"N_all[8,2]",553.358685673189,2.52595072698272,100.269280062295,372.696700222793,483.266736602226,549.167428902542,618.019203966367,759.234630231478,1575.7453859753,1.0004392791919
"N_all[8,3]",353.700218706465,3.36028553220505,89.0099553524163,229.036407434142,290.045750529644,338.128211977061,401.181812948383,566.373996886764,701.656902982841,1.00650721889553
"N_all[8,4]",455.249629324291,1.53642262463707,72.9023465505493,326.496056338324,404.336779417434,450.547117209402,501.098621846114,616.898283729673,2251.44647851873,1.00152748228832
"N_all[8,5]",959.613729013391,7.45113401570641,393.120947534835,424.275284711313,712.522846789362,891.499219580346,1116.49437076826,1929.30521502058,2783.6050934235,1.00018813309217
"N_all[8,6]",556.316063072525,9.05975228784924,460.202706899518,110.966242202823,297.512224909023,451.179329594432,664.765034459648,1720.5932878417,2580.27319646716,1.00068997420205
"N_all[8,7]",200.829295251329,3.6435223153592,202.103009057492,29.005176036597,95.3532805547025,148.210342104824,239.689080728498,658.033205432161,3076.82426387238,1.00050074181195
"N_all[8,8]",550.831600746085,5.48127794964618,121.731895038174,371.009064638377,462.597959504931,532.734577734693,621.225206621875,830.636277129653,493.225038372666,1.00953905666658
"N_all[8,9]",581.835464516111,1.80534114165329,106.05370686812,409.135776928523,510.225090200565,570.256918882297,637.738335526686,821.700334774984,3450.90613921325,0.99983010753163
"N_all[8,10]",254.0126799497,3.23640696890662,71.2105247146403,136.378635194147,200.448970539637,246.75176747406,302.600390684573,402.337945690693,484.130135008733,1.00835007730985
"N_all[8,11]",310.202731139199,1.41910531367038,74.2217136560979,200.009169966358,261.77583947503,298.804929181212,344.649145558867,480.306874210774,2735.47469805648,1.00126391551662
"N_all[8,12]",24.8171989448117,0.0815860481835455,5.1261803413416,16.2472622296878,21.3128564660765,24.3372888217521,27.7726882203128,36.2308193441044,3947.80748844398,1.00031266060549
"N_all[8,13]",574.419579607792,5.69256073383574,105.586485011658,395.52918620431,503.634258004713,565.593426831822,631.787570254587,827.431220138389,344.033963802233,1.01445681343716
"N_all[8,14]",396.991217553692,3.38013827722158,85.7449114151089,266.061823156511,337.278010748419,383.517217143425,443.407418191074,599.659388316347,643.498854044106,1.00440738943049
"N_all[8,15]",641.838388443495,1.92041080201533,106.58680126322,458.618509282848,570.521670372679,632.058075578165,701.032745163455,883.069635087836,3080.4813061041,0.999509584606552
"N_all[9,1]",425.765037881401,1.54047419251732,72.934411843718,303.457608668123,377.056154412279,417.27657848104,466.268321006878,592.604745186152,2241.58966782027,1.00152181506175
"N_all[9,2]",541.465398560598,1.32475765009292,85.7503262105726,385.471594060985,484.112550273996,535.454281642082,592.085197227292,724.636920822227,4189.85206768083,1.00146484711709
"N_all[9,3]",450.952316925842,2.97139728924388,76.9580895069417,301.11167441409,401.121700133916,447.319328500961,495.119793954764,610.953904781622,670.790819014484,1.00697065753202
"N_all[9,4]",410.646783745646,0.882562728213066,59.2054561545824,306.659631091924,370.973079292413,407.929017478522,444.785102533612,538.724727381139,4500.20499865774,1.0002752049758
"N_all[9,5]",1027.43368525425,10.945799072299,290.718617071382,570.969821166216,825.95630853999,986.70051719917,1177.54953299151,1682.60200736995,705.424834101172,1.00792782244542
"N_all[9,6]",548.155953292296,8.62296741760869,420.077713288598,110.179297082497,296.492738081522,450.500836721892,665.780894192651,1643.73133640616,2373.26258301165,1.00069902553324
"N_all[9,7]",226.171431794312,4.04633118368055,212.557938258554,36.6471680683427,108.398753624243,169.29010517023,265.93480147761,771.837664822567,2759.50894301743,0.999884490443003
"N_all[9,8]",731.807040838353,3.03315445897262,126.448223027325,498.70019936388,642.811617213781,725.670334596971,814.560216864588,993.403724915675,1737.94651835286,1.0018817288388
"N_all[9,9]",615.897848302335,1.6880746867906,100.203845270402,433.986561303159,550.102109427624,612.161251841272,673.36131700993,833.443724666098,3523.59074227987,1.0007214894975
"N_all[9,10]",151.548996375618,3.48667560323776,43.6182205542745,93.7952020333266,122.73196201192,142.645687913993,171.001814720693,270.34075639995,156.499445256496,1.02389401123298
"N_all[9,11]",533.299189792941,1.71530093682177,105.733353592938,350.848080224725,466.072981093122,523.681987267042,591.910336797975,774.522139344491,3799.64799385029,1.00005643678253
"N_all[9,12]",29.1000681829368,0.0926860926985381,5.66064143137452,19.519225531628,25.1582394514625,28.6183373431543,32.5641544702253,41.4654829856502,3729.94255146931,1.00016047314376
"N_all[9,13]",632.223193034877,1.70170217459158,99.9121260126499,448.369470940663,566.689995370529,627.130494082475,690.355225915419,849.248862631442,3447.22231970982,1.00126551907647
"N_all[9,14]",531.739106141777,1.93693276394507,89.3233483906324,379.926991497265,470.832223990311,524.227641880021,581.024818125681,735.338419329279,2126.67388726161,1.00170318851522
"N_all[9,15]",703.671797587569,1.83771066247665,111.080136906284,511.823618895004,630.199107366049,693.845108514939,763.922227249308,949.155651223762,3653.57933693969,1.00057612890502
"N_all[10,1]",438.128419122819,1.67870456432062,78.2247403725868,310.337804144069,381.585654349706,429.593744691207,483.742058886296,612.548505332712,2171.39942398831,1.00228980563697
"N_all[10,2]",483.260829785615,1.42890376776307,78.4298060613283,354.460398647251,428.509956969861,474.01080223123,529.488667212881,664.777786532371,3012.70299658266,1.00236366919521
"N_all[10,3]",470.470474597237,1.23251481472268,76.1472504135905,340.273966642386,420.576480366564,463.350074043071,513.823222282421,648.410728113655,3817.01754214394,1.00049350069386
"N_all[10,4]",363.830157125274,1.35559613829443,54.1857156387395,268.433015662237,326.184632652288,360.295619610422,396.342210317913,486.310433457903,1597.75056976919,1.00256182856578
"N_all[10,5]",923.169873450253,2.83603582527126,161.742863371852,627.801577147741,817.139857990799,912.568470348564,1021.41638016674,1283.10697601418,3252.57132779092,0.999534289392154
"N_all[10,6]",489.780428341528,7.3482539737643,352.127808487619,99.9601520156419,278.313477185569,410.29613514402,591.946983375049,1385.43084946407,2296.3195926374,1.00049470948117
"N_all[10,7]",208.781693518581,3.78153429311633,193.803132138976,39.7438194987027,103.914423371592,155.832572596837,249.055261185006,695.511483771706,2626.54893692968,1.00013446704223
"N_all[10,8]",645.73939679212,1.66573524573317,104.814609413144,472.161507988101,574.731143096214,633.372830264126,703.350307311127,887.686216750134,3959.42107333014,1.00016255363377
"N_all[10,9]",530.490856743675,1.32931889905432,84.8448833337917,375.892345344222,473.739952900194,524.593925943012,582.614546777436,709.723604215317,4073.7366968527,0.999390678801583
"N_all[10,10]",119.876206729358,0.684922032579158,24.9199800135329,80.9665990725425,103.076699523199,115.852289675483,132.213900258795,181.793598706104,1323.77174061802,1.00406895818697
"N_all[10,11]",583.401130682558,2.01462943511925,116.135574900427,364.004061508514,509.527779976739,579.019418167835,650.571559618692,833.795924265791,3323.07542162669,1.00110227540708
"N_all[10,12]",24.9360366332113,0.0885098655539471,4.97626877176925,16.5384199379224,21.5736083005131,24.4056758132894,27.7735196497959,36.1948414711231,3160.99854268396,1.00260738112735
"N_all[10,13]",637.610139001391,1.84798839319172,102.021973226573,451.045235689539,570.156130513615,634.779804643839,697.522269531369,856.119191611978,3047.81750957956,1.00313402660523
"N_all[10,14]",568.035716830802,2.59449039362046,97.2172969611785,388.933719613446,501.712254173001,564.607181680871,630.013999088925,768.903942142605,1404.05121433979,1.00169627974572
"N_all[10,15]",711.12043873707,1.91902510133272,110.391185170034,510.411094528341,637.772104320245,706.064432457631,776.083190227117,950.636003415618,3309.08163308788,1.00108329001455
"N_all[11,1]",549.873086637077,4.27282251089733,110.442768632668,360.242152111874,469.811183018362,545.548051383589,624.447610490092,774.795795391338,668.10521914503,1.0035887080786
"N_all[11,2]",457.90576578879,2.61204679595699,87.4994790248457,324.084625705213,397.010302629103,444.895585392223,505.850409599155,665.227029252154,1122.14512727671,1.00676920796917
"N_all[11,3]",537.491083120457,2.00118450036516,92.6027059725298,369.594249685848,477.355323791468,532.48081726991,595.597306646475,734.950115961281,2141.27819248245,1.00239303930052
"N_all[11,4]",306.97066572003,2.12226322329149,58.7262568889162,217.139796467031,265.45418307224,298.491906137477,339.869367876625,441.656878287188,765.713218871953,1.00486524560787
"N_all[11,5]",819.753027182573,2.8265569056606,137.683485327231,595.535131569512,720.791192482125,805.067179599446,896.593421934092,1135.52201732585,2372.729532441,1.00055749122048
"N_all[11,6]",459.881296399031,6.92930820526118,334.435780683225,99.9567220624453,262.195585261407,394.333058381416,557.397327864036,1282.60750474025,2329.4088129046,1.0005175550974
"N_all[11,7]",202.521904904279,4.08167414586778,192.350911298194,40.7929527040035,100.634096720109,153.758402937738,244.824322428293,660.255091360813,2220.8122038439,1.00119275025484
"N_all[11,8]",648.35848511758,1.62883434652015,106.324877388553,464.441298232754,579.795413827569,638.863059225207,707.843064577211,889.162945510629,4261.04326685952,1.00054533224249
"N_all[11,9]",467.049470727533,1.50366761666108,84.0506563925025,329.715780158668,409.794867288891,457.617434222019,511.871143966813,669.643121142009,3124.48558449191,0.999417886407057
"N_all[11,10]",101.244327114241,1.24848446693623,25.9563687823802,64.7372109875675,82.5585339490738,96.4455837762393,115.048865938604,165.296406476499,432.236646342766,1.01057642288117
"N_all[11,11]",522.548173004295,1.57779478639198,106.418370724415,343.14901935165,454.852824538652,509.160404291503,576.430081083209,777.866783730026,4549.17011833891,0.999861773407985
"N_all[11,12]",23.6192555823417,0.0884297273462978,4.74160276033643,15.9931746372144,20.1901461920994,23.1584728304551,26.3918654150442,34.4436952468241,2875.10534595116,1.00404098678172
"N_all[11,13]",622.588329899889,1.97756507339941,113.874207644194,409.610391814913,545.214863046318,621.758803288521,691.702551978744,858.875728793466,3315.80643274828,1.00232797303921
"N_all[11,14]",569.328582389541,4.78589119553086,118.803598990894,361.154510861536,484.511356359595,561.358752707182,647.91746219485,807.711820453562,616.216825696087,1.00825669390023
"N_all[11,15]",650.247494124623,1.82284419981494,102.376309013819,468.736799298388,582.518328841693,645.263754843216,710.577682060281,871.105219488919,3154.27703661966,1.00051009989447
"N_all[12,1]",590.919385598117,2.52132327397512,101.45429647247,406.958379854954,524.049051030639,584.655601937347,650.557062628283,809.117475277297,1619.13783701786,1.00134425331761
"N_all[12,2]",621.152068583217,3.39720897066101,111.288620516423,426.577136759884,543.193654713746,618.994279751838,692.76653635822,850.038162088138,1073.14150943072,1.00465494678342
"N_all[12,3]",557.320976240062,2.23255699498499,101.128864431878,370.319938530936,484.620151049283,554.829111917206,624.821942626789,762.273609850676,2051.84784080763,1.00086511660657
"N_all[12,4]",358.310278380207,2.10952093172989,61.0240524844572,257.649271452118,315.923705013577,352.274552437322,394.32433522705,493.118164147255,836.824548205002,1.00361332778742
"N_all[12,5]",946.91361860251,2.97326466069223,148.803894378031,685.140367653238,846.376611691707,940.242226912669,1033.61586822788,1281.07892736495,2504.73311005108,1.00183761458193
"N_all[12,6]",509.585335989296,6.62897824112232,312.159009934661,140.838012610184,315.946229918033,446.720467703468,630.273717497516,1275.43380900719,2217.47413186591,1.00097732135288
"N_all[12,7]",214.818731555672,4.04077089025033,173.950007886808,50.3421837055768,119.255292347638,174.860296183845,256.622146700413,622.75928222173,1853.19214977809,0.99992552916366
"N_all[12,8]",746.339315615297,5.72713770890146,136.020646300666,501.460213724396,647.30044607635,741.495307539172,838.86119022195,1014.94109996698,564.071836539672,1.00844802256423
"N_all[12,9]",474.954775904705,1.4006026506665,78.5516447266981,326.521143374502,422.01204738338,472.077542398514,522.240948097877,644.51510618731,3145.43473037912,1.0006683838778
"N_all[12,10]",143.804035875736,0.569124307868772,26.4668399090133,99.8602478901094,125.532470183251,141.332336452738,158.289481188036,202.357747553026,2162.66828062518,0.99989941575453
"N_all[12,11]",545.897232345934,1.85310546172193,116.073339205058,363.516642838583,468.200111921594,531.363744453907,607.249202342242,813.798376184439,3923.41894404308,1.00150235677462
"N_all[12,12]",27.347006320737,0.0895923869801532,5.39451922927659,18.1374054650923,23.6356858720749,26.8243259626591,30.5134133292076,39.5048643571528,3625.46132014808,1.00041475716771
"N_all[12,13]",606.044273481291,3.10058422725562,130.207070160246,407.428777088761,509.789531037399,589.761275446679,682.937218957831,894.967609231605,1763.52681114726,1.00237766899028
"N_all[12,14]",453.676757036581,1.39529631344919,81.8714817896739,315.85232168238,400.197323725572,444.467874008785,498.231812565904,642.829401820493,3442.96341531098,0.99976720225104
"N_all[12,15]",692.241985132209,2.45059323894213,118.193424258684,493.282682219172,613.947845057798,679.252569136819,756.574008035823,967.680573576919,2326.18455665672,0.999984018693396
"N_all[13,1]",472.741433523497,1.30131424191223,77.674327780319,328.78850899265,421.420543579997,468.555687247337,518.723172136628,641.406817080525,3562.79341658541,1.00075059434355
"N_all[13,2]",695.708687183759,1.8892423260538,116.725818757544,510.454655634574,618.504236676222,681.039160382606,758.908812549663,973.344289259638,3817.31961739276,0.999833392296756
"N_all[13,3]",371.187086212757,1.26643372564228,64.8023348662459,264.464568825063,328.705016332203,364.797898417225,404.966154277711,523.18890183003,2618.28171728144,1.00143821588942
"N_all[13,4]",414.370300027559,1.16239126085577,65.0679386799606,306.595817812451,369.13584978452,408.280673979101,452.453331548097,562.091188566864,3133.49802349249,1.00150384841258
"N_all[13,5]",846.875023755899,2.36877756254976,131.94415854187,607.299535313554,755.628071432276,840.172797023501,928.880382494475,1126.5962538198,3102.64276484986,1.001918701107
"N_all[13,6]",471.328471955631,5.69872425295374,260.348286581763,146.086069531145,313.260558646804,425.40201684047,560.183739336147,1131.3580022174,2087.15239963549,1.00163197724421
"N_all[13,7]",178.04217661406,2.66858821824035,116.792906277884,48.3368334821041,109.546504769472,152.54499774723,213.913715973806,455.325929249475,1915.44551322721,1.00062740596821
"N_all[13,8]",536.831342726875,1.33535325556731,84.4953574588417,389.457206401636,479.75303647566,530.337935223247,585.334611551702,726.494145955123,4003.80904226218,0.999651221413113
"N_all[13,9]",312.686762148427,2.51635388453006,62.600623782156,212.38457034161,269.827861635706,305.164196088858,346.512812029569,459.03341885861,618.89059982052,1.00942158704265
"N_all[13,10]",180.415018911194,0.465229894719957,30.6743862467468,125.704351959428,160.121271559388,177.810112340612,197.63678155834,249.800526150337,4347.26921776812,0.999292785348873
"N_all[13,11]",621.578480223529,1.98617818102049,127.166581053716,400.904225882184,538.543648981018,612.207733832799,685.132154759382,907.802520985752,4099.29881513068,1.00031784609561
"N_all[13,12]",27.4687285706254,0.159572915973066,5.75114803809832,17.4501683174071,23.3712168782174,27.0766740618447,30.9866005901655,40.1969755867786,1298.94490571592,1.00472868286082
"N_all[13,13]",712.295942200257,2.28042385235416,127.81969396318,478.170623779748,625.391172399389,705.211640689909,791.005328342228,991.02913270081,3141.6977207576,0.999902517381294
"N_all[13,14]",287.45672137982,1.69657724673704,60.3010406709805,196.597411208872,245.85271819123,277.190160195678,318.446131205689,433.718528728266,1263.28790442627,1.00131430700599
"N_all[13,15]",776.08991275076,2.81699218797556,131.313697086561,555.857484397877,688.736320041583,764.98703941638,847.610192560233,1067.70362392161,2172.94519343763,1.00160573783129
"N_all[14,1]",398.948913251001,1.19079597272288,68.5647218355998,272.653821554174,353.598297734816,395.004423431909,438.490276391473,554.150129409051,3315.32968670011,0.999598436244151
"N_all[14,2]",881.688697231686,3.96189560995989,158.949857909809,580.614489628961,772.863780070485,880.879649312665,979.743800798816,1204.69791341633,1609.58616831145,1.00218935089286
"N_all[14,3]",321.195036179085,1.1093027875812,58.402407852832,225.738147290536,281.63450053921,314.4477753415,352.907462900206,454.571439558975,2771.79621286531,1.00275595839373
"N_all[14,4]",533.95654715034,2.41583729623259,88.4673846294379,370.462201699521,474.26153385675,531.10224841054,588.614465362888,719.95209691759,1341.00690256422,1.00078819045533
"N_all[14,5]",750.131297824438,3.80684665088207,139.025609937669,538.653925790926,651.585186154736,729.823812649053,830.674929791042,1077.93058417285,1333.7021545727,1.0047169791206
"N_all[14,6]",454.923175893806,4.84215160908156,228.451154154281,157.924922406341,314.28627596733,413.738361995122,549.162600127534,1000.84357194017,2225.92202418567,1.00148763343752
"N_all[14,7]",159.243778410163,1.96717851513228,87.9062242072801,47.7124624765067,104.148944927419,141.632298670413,193.655299829169,379.000992066822,1996.8788067762,1.0014044258645
"N_all[14,8]",453.639975005963,2.10182611281543,77.7963924199663,319.385137027667,401.758897411984,445.754425875878,497.102800525594,629.740033476166,1370.01508755824,1.00410039642244
"N_all[14,9]",284.258987368266,2.19063265518632,66.6992776954326,186.754841044724,238.145808018759,272.196818915515,318.631157111873,441.127247241899,927.049976231909,1.00228175708642
"N_all[14,10]",217.636367764133,0.618197522888835,38.2415301801606,151.628455261264,192.191669027573,213.572965777797,239.549872383124,300.35043733687,3826.62586097429,1.00068423684543
"N_all[14,11]",617.854454514638,2.16225975417219,128.490551996177,394.930713373337,536.031247531646,607.38593967674,684.845552036031,913.319025112585,3531.23532095986,1.00017522611374
"N_all[14,12]",23.3913493918411,0.212964845916616,5.33066250518637,14.7421184750661,19.6082084310609,22.8054729831297,26.3515693597653,35.2822205354796,626.536726797756,1.00681082936868
"N_all[14,13]",791.14855707575,4.23011911820845,205.40443996529,461.50615174001,646.277347342292,766.657148845302,906.288448292887,1266.60170001497,2357.84069846199,1.00034087603396
"N_all[14,14]",254.240701254064,1.62796108918021,55.2365114003474,171.288932216239,216.691099091589,244.15203374374,282.804396607364,388.042136149021,1151.23621491522,1.00142152578077
"N_all[14,15]",987.431275165055,14.6192521723799,258.932477599498,577.905300469184,787.606988038435,957.105455699372,1164.8719455164,1531.90344304094,313.705937675401,1.01332369335916
"N_all[15,1]",369.42049081339,4.19061737829228,87.4331814107638,229.312597670246,306.681789100292,358.955596813914,421.307170753353,568.461697727453,435.307894331151,1.00970968034614
"N_all[15,2]",974.645056947342,4.30748617480719,164.526889047162,665.791288167679,866.642024732008,971.210151587972,1075.15023105186,1309.02043524966,1458.90155580098,1.00222010291337
"N_all[15,3]",318.649731331759,1.86258612404279,63.2988872033346,223.65893740773,274.118215830601,309.468746894554,352.495713308576,469.052360213275,1154.94000275537,1.00456475635623
"N_all[15,4]",617.822422604937,3.07490406745117,100.146019599023,432.996937120825,549.856423974052,610.574212999892,679.14309443944,830.363313312319,1060.72851301354,1.00274679329597
"N_all[15,5]",875.454724353645,2.67590068915293,151.979209144873,587.713384436908,773.099900361078,868.886779564535,973.977181314184,1185.81714790831,3225.73270668853,1.0001626522955
"N_all[15,6]",489.66352173039,3.60214461047245,191.019736774247,216.433949205363,366.78062185026,460.864738776517,568.089367463188,967.5987554432,2812.12225109447,1.00104822092831
"N_all[15,7]",169.164432693675,1.64323216426139,76.9833991243445,66.5523066920648,121.974397250413,155.540979270895,200.322176501474,341.241788341925,2194.80687442206,1.00148314329675
"N_all[15,8]",463.023508201258,3.46457358557131,86.9353818030646,322.68762846217,401.534926352756,451.535733199027,511.911810848209,667.345540029069,629.641799900602,1.01219470329555
"N_all[15,9]",396.432334614147,1.43504869155547,73.7013188958519,275.307521932603,347.781474749998,388.664866301793,434.839909896799,568.359327592297,2637.65047670391,1.0001992141469
"N_all[15,10]",282.779055092485,1.04990526653635,50.6138145241105,194.567607957307,248.637210816495,279.81031380359,311.099500772141,396.484445324206,2324.00955911299,1.00047777394825
"N_all[15,11]",553.087047678703,1.7179318138572,114.701973995348,348.425874155234,477.752882336112,546.302851157993,620.439317184705,809.842129484116,4457.89607247494,1.00026915789177
"N_all[15,12]",21.1360843504704,0.074709539452363,4.35274029354215,13.7531418386158,18.1755574406144,20.806450173233,23.6503957767626,30.9868940338991,3394.48108532775,0.999635549384918
"N_all[15,13]",831.446374807976,3.00932242994051,163.919010140147,553.251487495462,728.877027215271,819.822990324786,914.676262775254,1176.97304126812,2967.02497038893,1.0004794527336
"N_all[15,14]",317.5295790393,1.06892926582298,57.5354420014239,223.536664128593,279.703597433296,310.85872032011,348.756594415807,450.087363149968,2897.16328160669,1.00023956387969
"N_all[15,15]",839.565936443282,2.78140027249879,149.921890744974,586.003476308309,739.514278036416,828.140918286212,924.730342219045,1184.20139452106,2905.381157669,1.00020052953358
"N_all[16,1]",575.165336020395,1.88826281992334,96.3251394328608,397.397287618556,509.328023757517,571.495154842587,633.950951351833,780.565529616091,2602.28230627838,1.00067133907818
"N_all[16,2]",995.619851426775,3.93057295978343,162.147671655295,700.764965797693,885.895865511525,987.705913069414,1097.73455266932,1340.71788366862,1701.80466359099,1.00301861578015
"N_all[16,3]",492.276452136016,1.27410859221735,83.8119017649471,347.038663970854,436.891217241212,484.458645031356,538.386351300699,680.538255718408,4327.115639658,0.999376796066038
"N_all[16,4]",713.697229876559,2.98998870479461,112.091396285875,515.456713805221,638.165908961764,705.188193368923,782.686597996768,959.084485559021,1405.41784214351,1.00244877983534
"N_all[16,5]",934.500893566566,3.46073125545859,165.326592037017,673.915862964769,819.287767170383,913.757110971347,1024.55541581271,1313.53690501015,2282.17885098718,1.00171970978946
"N_all[16,6]",556.612449963642,1.86177891553862,110.993086656986,375.543209543239,482.847341341309,543.498767169638,615.150073659895,815.442852028825,3554.14909898773,1.00046336218193
"N_all[16,7]",196.35111924657,0.885438146442522,45.1280711818091,130.084231024716,167.538233976941,188.601595002689,217.920068872768,306.212795963866,2597.62877706672,1.00038958341866
"N_all[16,8]",597.78596893996,3.96353673716423,112.607590991259,413.334771351797,516.570030135354,582.679970722999,666.374600367082,846.424594559847,807.178451833188,1.00789084577034
"N_all[16,9]",783.917077977765,3.92716095500058,156.334418432038,495.935430647169,674.653084307764,780.793475822608,884.898088052787,1117.88433082616,1584.7173119759,1.00093674872088
"N_all[16,10]",377.251791360121,1.42672746558403,71.9022045322746,250.235350799354,327.265029540869,374.613550405021,423.35000665264,528.249473974242,2539.81666564838,1.00082100761105
"N_all[16,11]",319.111402484001,1.21201363103942,72.2714951324282,186.933662880472,272.299377914007,316.14172661652,360.551841658949,472.453400614162,3555.6505377281,1.00086491611352
"N_all[16,12]",19.4157566248562,0.0658426611409516,4.11845062121507,12.5334045274971,16.6385717917653,19.0090255247343,21.8188447673707,28.7406729302575,3912.48761715205,0.99936022111535
"N_all[16,13]",860.146813265131,5.14446321695436,232.351468588503,507.967550633781,703.367444287474,821.801439802842,984.037594072245,1401.06199459318,2039.90860941909,1.00105858320242
"N_all[16,14]",521.676416719575,2.50127881783616,102.856245969914,342.062291258632,449.328817549602,515.301716005921,591.893317360115,730.44803822621,1690.97477218395,1.00058248101736
"N_all[16,15]",775.643590556046,2.26980749209988,130.648832144585,551.215701141233,687.95012229118,762.605556205514,854.576297270985,1056.66425454624,3313.0883212037,1.00059246582949
"N_all[17,1]",526.978510182578,1.69577849233931,89.2448297963941,379.868682068017,464.610199775095,517.650177085347,577.996757016786,732.4860535082,2769.66909911734,1.00206619899822
"N_all[17,2]",645.013438049654,1.86058537154241,102.011621144783,466.262420085009,577.263767185772,637.634096006963,702.904906702967,869.626069616686,3006.07695659597,1.00109092904489
"N_all[17,3]",445.148496675568,2.16839094621138,77.6099328811529,317.275450432147,391.664757151817,435.620278004142,488.918929117554,620.40175190045,1281.03042675337,1.00421705637598
"N_all[17,4]",491.385747971104,2.64197155532047,88.2324355113272,353.255140351824,429.037953340776,478.851588825744,543.390001411701,697.079697725806,1115.32197669458,1.00397212927325
"N_all[17,5]",825.02972789791,2.85419074826423,135.916677547842,576.491721212552,734.689096526318,819.183207886048,907.970670471976,1105.99638332214,2267.66820786209,1.00354348821988
"N_all[17,6]",509.927298893993,1.95227295859602,85.872891822714,348.691569212798,451.871378136084,506.995952324495,563.708579989371,687.577366117516,1934.77781506799,1.00257935956973
"N_all[17,7]",197.763104222683,0.950495237408341,37.6031019050698,130.980543740254,171.27399047243,195.887414685802,222.082803447008,275.390799199525,1565.119322229,1.00168333583492
"N_all[17,8]",612.875427658935,3.43570696423992,111.013275688479,430.494063251707,536.248596085607,600.941033383375,677.467852361044,849.30429528018,1044.04112236799,1.00358414389469
"N_all[17,9]",753.602687188331,2.97514976717922,138.487437768536,527.984825771634,660.898423994234,741.082719886526,827.161377265664,1070.4670347847,2166.72151104238,1.0025210967244
"N_all[17,10]",285.850277846578,1.05123146611026,51.8877706176031,194.294811803185,251.233143459631,281.828557472813,315.47216040847,398.639705350479,2436.31432568549,1.00311180029786
"N_all[17,11]",114.249631455422,3.04764094685427,66.2551106795302,29.2495075696023,61.3538025525768,101.063069490914,153.057028114906,266.416639987213,472.618989969522,1.01005363366319
"N_all[17,12]",11.233758178079,0.0514404752587164,2.77701776066215,6.67615052768048,9.26550374766128,10.89897648648,12.9132695322495,17.4351134168444,2914.38799906794,1.00065250436942
"N_all[17,13]",560.699020412818,1.64097366403707,97.2233528885949,395.379667182415,495.048814555963,550.890322370901,613.929739594334,787.678181402374,3510.24933948796,1.00013091663784
"N_all[17,14]",419.23475247891,1.28504793942877,72.8465006317212,294.530988920297,372.053889547325,411.579314854494,459.462929965314,583.785303706374,3213.50314426805,0.999432544061043
"N_all[17,15]",442.96418239004,7.09587238114434,126.966363535372,263.427508260748,345.566705962028,419.623747116711,520.791262742606,734.721096364859,320.159040598456,1.00850291938299
"N_all[18,1]",840.44720108204,3.07456874612892,134.990766638736,582.108115608354,749.108691836271,837.994638732015,926.780343799996,1113.2849556041,1927.70117152952,1.00487788403836
"N_all[18,2]",887.689219001169,2.38357088721218,136.124944436104,649.726169498319,796.215523787708,878.129787225078,968.542858528009,1187.71848876923,3261.51429469742,1.00013655435069
"N_all[18,3]",748.773536235636,2.0609832567652,125.276597317967,539.048922054735,664.651171282872,736.813278579135,815.560060177759,1023.96396917758,3694.80030196029,0.999626518790831
"N_all[18,4]",751.543823208045,2.04861838061135,110.512629417496,552.043993484119,677.009529535259,744.643377810135,817.563872455573,990.864326904112,2910.0583312769,1.00142682126998
"N_all[18,5]",1140.4556938106,2.73950716530943,167.441833793158,838.489146030157,1030.90797212545,1130.02569140528,1238.41590777139,1508.28381410042,3735.79521900447,1.00251464608398
"N_all[18,6]",702.887075898194,2.13474887346064,108.470341416945,503.045988544029,631.953676720128,699.09263326771,768.02335955591,933.006511075474,2581.83466859445,1.00045005190225
"N_all[18,7]",274.069728871049,0.791838766140225,45.9251629126269,193.162123094268,243.30939094815,272.184024812138,300.791598764187,370.890505037165,3363.78238254152,0.999773667391697
"N_all[18,8]",1056.18538655134,16.3709726508688,240.843529090491,665.538754333619,885.29970594555,1030.97453759576,1196.27293881063,1654.38463811896,216.431763780188,1.02109177761752
"N_all[18,9]",1242.05871704781,6.52101094463832,219.879384909031,838.570771745652,1096.32279721428,1237.68493403466,1372.35588599545,1720.58548183399,1136.94424730224,1.0022448101222
"N_all[18,10]",369.015378511302,0.995120862704653,60.2603323466003,260.575623289901,328.525193733473,366.93734401342,402.721900614075,498.537989758908,3667.00398975353,1.00026191043649
"N_all[18,11]",151.815580421776,0.757301831433873,38.8121318158369,88.4335735550281,126.464711290806,148.095907671204,171.31489341772,237.519427766379,2626.61839329861,1.00146979833128
"N_all[18,12]",14.7790973375862,0.13377624773095,3.41773921420727,8.79929973715948,12.426118841942,14.5373094234015,16.7179229952519,22.41929434203,652.709332279612,1.00777146981751
"N_all[18,13]",763.56113002453,2.18963525977634,121.800084161656,547.387700196884,680.270328230897,752.62335909792,832.93984640375,1032.40793802928,3094.22307789867,1.00001087680479
"N_all[18,14]",663.244870174188,1.73144709067499,106.878655075682,480.110662575756,594.033795589611,654.166938007384,720.446477613776,906.338539396253,3810.33807391519,0.999509910576619
"N_all[18,15]",696.647671600629,5.25724404164359,141.332807981869,474.294905093696,597.457069700573,675.953080644213,774.019933718362,1028.38018345354,722.719379195719,1.00064269871337
"N_all[19,1]",853.596164913845,2.32298205999648,138.458552712502,601.859449824919,760.62741908627,849.200678183839,934.953860747182,1154.39844710299,3552.61269758083,1.00239150470563
"N_all[19,2]",897.498579880493,2.45720972630965,139.003393551068,663.900070618945,801.666248333172,885.030205095747,977.580173052685,1222.59460399491,3200.12066714317,0.999967599515573
"N_all[19,3]",925.7293845431,2.61664115104294,150.816702809078,649.559638931935,824.11440742518,922.443217569174,1016.13640319096,1241.25958346712,3322.08354139209,1.00136989526956
"N_all[19,4]",837.246083262902,2.6970107879081,123.757541146332,614.381955796311,753.750627775375,832.579608430936,912.649295740391,1094.22742703081,2105.61020573033,1.00223404597954
"N_all[19,5]",1109.28062914615,2.60125608859561,166.664140977418,803.656605043054,1000.05087408333,1101.14747031422,1204.87929451862,1471.2329959928,4105.04683992062,1.00030306149965
"N_all[19,6]",672.89871744287,1.9190813447798,105.14071854992,479.872269615155,602.003122370964,667.777706225083,737.753680778138,902.8610232883,3001.61587793334,1.00002415371267
"N_all[19,7]",264.460978913956,0.737195365552642,44.9678175471293,180.175244312875,234.930593126136,262.289872585127,291.590981715344,357.313996930526,3720.81800204038,1.00002831195878
"N_all[19,8]",997.486908507947,5.36877725369045,178.885214169212,666.725598773069,875.290498293471,994.43730941031,1114.04688653736,1366.11475735323,1110.1920649798,1.00513441633866
"N_all[19,9]",1274.01244444341,8.20242232655659,241.825614408311,821.893783481417,1103.05102309908,1268.69145199124,1439.24162562447,1751.88755875086,869.201259062634,1.00473193582574
"N_all[19,10]",354.122161734815,1.14897989263946,59.1952849092838,247.291807778441,314.838682789362,350.44561482343,390.844259464561,481.559649664215,2654.29612666671,1.00313619554331
"N_all[19,11]",149.07745056627,1.13362529745499,41.1541157617934,91.0051424294325,121.368991369214,142.044669618405,168.617618821568,248.578976542365,1317.91527621251,1.00367612271655
"N_all[19,12]",14.714247781562,0.0824965476622516,3.41850495223195,8.91024963620485,12.2214178624527,14.31994790395,16.7925854590137,22.3810324914508,1717.12091407037,1.00286966856904
"N_all[19,13]",745.418953931115,4.04078725693409,133.695917445951,537.774958883247,648.156462568007,726.355716933021,820.584064237674,1064.04169743072,1094.72319438992,1.00371621143383
"N_all[19,14]",705.025069276374,2.08238301377066,122.230821127257,503.985478195132,622.029663315108,691.175083624805,771.135464756302,995.427335185806,3445.4046342479,1.00163618252589
"N_all[19,15]",899.46610465985,2.50572326415926,154.583425924325,617.862395050822,794.34918507371,898.237825278669,997.67452689667,1207.3648747774,3805.9199167149,1.00001644630165
"N_all[20,1]",429.903407429862,3.67540133763331,102.035224128447,277.583014552092,357.911472957556,415.40978634612,484.98441623075,666.883175225773,770.709491459063,1.00318099610497
"N_all[20,2]",651.781032152079,2.12853335204032,108.627326363237,444.001670275893,578.062773099615,650.609943175392,721.250319090402,880.589452366375,2604.45742090476,1.00132476268541
"N_all[20,3]",631.7886940292,2.53860937567199,115.807220964103,417.099346974233,552.392519558898,627.903681889189,706.93562503977,872.810391874406,2081.03565195868,1.00087329524508
"N_all[20,4]",559.200780885404,3.15488919508044,101.532570413408,375.872909973694,490.447366806629,558.100263355129,620.330136575994,776.106946615019,1035.7204242557,0.99990350166601
"N_all[20,5]",638.037707465867,1.87549283322884,102.711535943095,449.094957613929,569.020803161696,633.213997421262,701.261855121941,856.018460047176,2999.21520750828,1.00012255779184
"N_all[20,6]",346.854762298991,1.57844022668763,62.9715847274162,244.837305090698,302.154691621068,340.430726276627,381.022926817483,487.366063307493,1591.59646078303,1.00190900513159
"N_all[20,7]",136.654684688613,1.06265877367966,32.4183825546851,86.8565546881976,112.933290519356,132.601114649883,154.878319734499,212.169548682616,930.668513850092,1.00262181453966
"N_all[20,8]",479.118200604694,2.97882238057606,99.6301190048549,330.564620256171,405.929421924437,464.529981236725,537.051204715253,707.437279079846,1118.64447467142,1.00567255622494
"N_all[20,9]",519.296066009509,3.04518351787498,134.628061923159,329.756362499336,423.040630723623,496.53857266865,588.551218844837,850.380515708894,1954.53857732401,1.00216369380437
"N_all[20,10]",182.474358485072,1.8317303757778,37.9648132960172,117.069992531133,157.515898152574,177.696837002208,202.755749807503,268.25343804455,429.575438439556,1.01112829719005
"N_all[20,11]",217.569899274858,0.72672835627347,48.913326024739,134.983029912761,186.091209915655,212.451030238145,242.051406483536,332.963891385169,4530.12491625487,0.999381379484462
"N_all[20,12]",11.1433547375417,0.0459713085171418,2.56727825362641,6.91892582153848,9.30856905382557,10.8508068442764,12.7029908736061,16.8864632948504,3118.68960706001,1.00002233730411
"N_all[20,13]",601.736659154626,1.82044281367596,105.122294174683,421.692996875961,531.60310821453,591.560787778789,661.319829470513,830.236371061039,3334.53729385659,0.999399305708051
"N_all[20,14]",479.851679493936,3.65689318004794,96.6366453195101,306.147910106592,411.592201417329,475.456065585418,541.257990268988,673.825693988627,698.327494667629,1.00612546484798
"N_all[20,15]",774.954895490625,10.4898926439705,193.858933996466,445.044759791113,628.759587327554,761.700805550309,910.853790555624,1159.35083488002,341.530546824612,1.01001944883612
"N_all[21,1]",481.789151168523,1.37852924907222,79.078420669694,342.515037840092,428.06603214147,477.767203362552,529.658800974649,652.463706164652,3290.66751411957,0.999269789360682
"N_all[21,2]",613.482547756224,1.60037475034002,94.3104362308607,444.68753935908,550.296808175736,607.62573234408,671.162552364106,817.864106560944,3472.7708374141,0.999639544757562
"N_all[21,3]",577.782804028445,1.68626973823059,101.48951972729,404.506291829596,507.994063252314,567.942137307223,637.191838731285,801.790763939882,3622.33241444799,1.00048851214492
"N_all[21,4]",451.71361992118,2.33273879836556,92.1875776744481,305.50881990408,387.026497774693,437.553241469607,502.741287109626,668.481585608621,1561.75383784203,1.00122951964807
"N_all[21,5]",604.061455662882,1.57198979334332,96.6574546804023,433.078043853404,539.613980609827,597.453264340786,660.886454065973,819.877931072988,3780.6917114513,1.00054093931905
"N_all[21,6]",369.671390992248,0.895998186770115,57.4233396907557,268.000860898813,331.907430126317,365.515263113093,401.515015458475,500.630369344661,4107.35870647786,1.00022543755208
"N_all[21,7]",168.138441750338,0.655373743479726,33.1164785892314,106.330239610921,144.95752674859,167.435166108146,190.500180959031,234.803224207275,2553.34926305466,0.999931180219331
"N_all[21,8]",547.932976153149,2.09483199002556,96.9001776604969,372.465944596609,480.871473211937,541.9640416753,608.560174990231,752.338729603477,2139.68948226138,1.00191529102869
"N_all[21,9]",535.655448893849,2.13266968839844,98.992469759533,354.631458756837,466.373456902951,532.260040332629,601.658318552351,736.865788256349,2154.55272531461,1.0027936920366
"N_all[21,10]",192.681303458969,0.62060179414986,36.4188836348162,133.710000930818,167.746860529113,187.923249360714,212.386538410901,277.931054287121,3443.71501737774,0.999626861048877
"N_all[21,11]",345.02766039585,1.68708350378107,78.6603962664297,195.761177195257,294.054974058984,343.602401854511,393.003315448504,511.174049857268,2173.89769455561,1.0020332515143
"N_all[21,12]",13.1207347031715,0.0712457668614057,3.10304371390978,8.14102312660227,10.8882108232327,12.7597377758878,14.96987697268,20.0455288334118,1896.9577432682,1.00046081928245
"N_all[21,13]",683.342949553651,6.76514456833788,137.449148144433,434.069414128494,589.074588957592,671.354605006908,770.988923048617,967.019883870092,412.790735637302,1.01060994439712
"N_all[21,14]",424.697787222981,1.20653826233264,72.8800353927944,295.06217660683,375.608449045584,420.140825836214,467.140828066501,579.381565381388,3648.67307365034,0.999436426071316
"N_all[21,15]",572.369772315877,5.50185286191963,174.946587583986,272.635867361113,450.349249460079,567.851562157552,676.703259437598,959.459367215358,1011.09743381262,1.00333830238142
"N_all[22,1]",326.614277148179,0.974178804500094,57.1180257002281,222.851175840481,288.790848546972,324.385679981129,360.235676150557,448.369254109495,3437.70829851111,1.001391293207
"N_all[22,2]",380.156915332112,1.13931023616599,64.332960223452,274.324876434927,336.464016869635,374.674998350674,416.755661351445,524.09205051653,3188.47541303193,1.0012439582343
"N_all[22,3]",362.441594450305,1.22123420763874,69.1957357243363,252.653213590393,316.282644480216,352.975508346247,397.489086831719,535.932888935347,3210.41178723456,1.00040442185534
"N_all[22,4]",340.365301320556,1.99616080050107,59.7505505286819,229.012029395383,298.653954215939,338.646428636323,380.963437408138,461.132235796701,895.968572693864,1.00621086324785
"N_all[22,5]",314.907034935626,3.9233320059172,82.483234265401,185.249949998139,251.789185898876,305.894728450726,370.02925916901,489.534735351222,441.99895366259,1.00181288609925
"N_all[22,6]",230.492532194734,0.652965557925077,40.6572006717298,158.795190203556,203.089907774337,227.433973295145,254.804607272154,317.634254862744,3876.98747913943,0.999944838101957
"N_all[22,7]",89.079173877365,0.793886633949504,30.7165860387708,41.0144369326692,66.7623438744759,85.1608612839917,107.79174408748,159.04994789621,1497.02450511331,1.00117356268586
"N_all[22,8]",266.734520946217,2.19021102768373,56.7392033194309,178.542081045547,225.676931238198,257.245329554166,298.268539552897,399.399892471827,671.111289262233,1.00585505558328
"N_all[22,9]",282.221872273412,1.02602300472406,54.5327249767452,187.339713226112,246.004782667781,278.187245713077,312.997245550032,402.033025973369,2824.88129435175,1.00161058313417
"N_all[22,10]",157.169271374951,1.01292660896461,33.0801726550388,99.0528234369482,134.102456873464,155.217661275832,177.302862055494,227.354786056617,1066.54596086506,1.00081489443749
"N_all[22,11]",163.17116216207,1.31237940509505,54.9077611198359,96.3121385868581,127.461472415927,150.560523314302,183.256484483375,303.80058895501,1750.44576054643,1.0026594895949
"N_all[22,12]",7.97967179196506,0.0428899303142233,2.08502763959529,4.74457433174147,6.52723375494077,7.66774405827032,9.13387197291224,12.894534004579,2363.26787626369,1.00066451787846
"N_all[22,13]",415.833028789588,2.18153786031381,76.8506390642735,276.423753821403,363.108474632905,412.817100824853,464.09257325815,575.195546048908,1240.99335937094,1.00381752920537
"N_all[22,14]",200.832296283179,2.11102608201876,53.1380515876051,121.956652462687,160.800604533148,193.015833896772,231.753916120134,324.381446321577,633.612963187401,1.00646574740743
"N_all[22,15]",434.442581973116,1.91411400930025,80.9453180503438,285.127733411066,382.252002296758,432.114289282125,481.001112834593,602.442011441084,1788.33083130822,1.00105843629686
"N_all[23,1]",379.753642543902,5.1385451625169,77.0449267708023,264.76502711131,330.370952853673,367.501412348556,414.512599718337,586.056839320325,224.805916885522,1.01828777505774
"N_all[23,2]",384.735818876545,1.69126798391656,79.779879959173,261.733821271881,330.568063682199,372.557780679079,425.203218250035,576.569050844072,2225.1633680595,1.00226167078547
"N_all[23,3]",518.081702639778,3.23222338727372,119.186247442462,309.627819870217,432.492769188393,510.158329846438,598.173710911966,762.84791650004,1359.72022016641,1.00473564985815
"N_all[23,4]",316.530672737402,0.837548372137951,51.4433248734664,225.140216350989,282.641148600785,312.403125544136,346.489467307548,428.537504652333,3772.57830016355,1.00024956249568
"N_all[23,5]",427.794803665794,1.37076686227816,71.1196079757539,295.618865033619,380.390768141688,425.927410230846,471.504936057286,575.467491064766,2691.85408103684,0.99998622202806
"N_all[23,6]",254.838267686826,0.706169932074683,43.9085518694125,171.521475146738,225.82473217394,253.67493371418,281.229453288887,348.261400220049,3866.15965433517,1.00043489551392
"N_all[23,7]",141.591034880774,0.746978815433031,31.3730136016258,83.350555723537,119.958184786925,141.2474860325,162.154106709463,205.742359298826,1763.98913182208,1.00219014347418
"N_all[23,8]",348.806762236088,1.03625254840066,60.4906629116253,248.97962013039,308.701208284523,340.776436569088,383.730129449836,485.904007615418,3407.57532419719,1.00009846457926
"N_all[23,9]",297.180637426418,5.58518004917556,106.253157521491,153.384371259778,219.756144400851,276.907788024324,351.648489183484,586.130018800896,361.917291948526,1.0091304507733
"N_all[23,10]",152.601231826895,1.13290462178677,32.3344391345206,93.60439490331,129.747736078347,151.488570552274,174.026418172445,217.100109766029,814.599177554257,1.0050783532578
"N_all[23,11]",395.538462641269,2.94782923182686,112.485945410458,181.304488667601,318.977141494139,396.258904405933,470.826265841627,616.129891085883,1456.10228443723,1.00368495366926
"N_all[23,12]",8.75318115664712,0.0544820326343419,2.38013846040992,4.98359671143925,7.04388867019993,8.49044624703945,10.1934820269817,14.094623431733,1908.52494289771,1.00220862465221
"N_all[23,13]",383.572634471622,2.1471453387461,75.766287427759,251.157174194306,333.820001896335,377.735861519956,428.537032823558,547.115410640851,1245.17137831695,1.00508744443063
"N_all[23,14]",281.408242760401,1.03129112127944,53.2020790584265,193.498219633231,247.360259910947,275.764620940331,308.913149088122,404.053906357869,2661.305005806,1.00021890429813
"N_all[23,15]",448.133644034394,1.90339770567908,86.746407020424,313.010439850014,389.475795883008,437.947357822256,495.342405565524,642.252657648596,2077.0354469001,1.00264644028045
"N_all[24,1]",420.973167678201,5.09284135949641,109.767996699047,234.315293388895,339.93171639442,411.465375238923,494.813059109231,641.099195534163,464.54862616049,1.01196667479498
"N_all[24,2]",311.389868963346,3.04164721000592,114.59111601327,134.563892945238,231.421159426371,293.528254330936,373.120313772637,585.806976030786,1419.33272902163,1.00448939031288
"N_all[24,3]",520.562454319984,4.30036334347747,115.302177039772,314.434233530133,444.283670715027,515.181437956665,591.813670784766,757.012101810791,718.893757118869,1.00450696965729
"N_all[24,4]",248.136249960103,0.836061982692566,45.3675098369255,172.561948791226,217.509079152534,244.588789225548,274.185174073869,349.94121838275,2944.50931624404,1.00020045915117
"N_all[24,5]",377.678469686685,2.70016668221696,80.7653506083404,257.059703045778,319.808699885471,366.042698033312,421.564203683597,571.918393652517,894.682653568599,1.00687462764431
"N_all[24,6]",190.183696535147,2.08504585409066,52.9650190493188,112.850044288685,150.985294241007,181.365787129516,220.755641069679,313.442137599638,645.278276802619,1.0091782376766
"N_all[24,7]",123.175424798891,0.493096451069998,25.8253350158482,81.9396051232971,105.476030250023,119.880818396115,137.576756903662,182.129212837195,2743.01494912698,0.99980023603886
"N_all[24,8]",373.189024812675,1.09292497088497,68.7600410839982,259.067686878874,327.386335129667,365.373546824219,409.683323889549,528.861145045015,3958.14370343867,0.99966894191022
"N_all[24,9]",415.626851311314,3.5137779964002,149.877078769578,184.82928017662,302.955133870362,390.344145944949,507.893476502811,757.084905450954,1819.37323574188,1.00129763451023
"N_all[24,10]",86.7578364182259,0.861546365119555,26.4549808520855,49.8806597598843,68.5605274330605,81.5560035002882,99.584788520829,149.44266443952,942.882540918359,1.00405777743342
"N_all[24,11]",244.167739748264,1.05114236888445,59.7111449565674,153.667242150912,206.273643719783,235.015074691746,270.792669392031,388.325469484443,3226.91639928665,0.999495756442731
"N_all[24,12]",6.09153700521252,0.0529197353611617,2.15911386648682,2.79117012573228,4.59933076871445,5.75246531135614,7.25921352747081,11.1999224965945,1664.62252002869,1.00160136087283
"N_all[24,13]",246.644627649232,3.71723480682757,102.510141728158,120.506283236836,169.053745073791,221.869200158003,300.104656144141,498.100354506665,760.490297822339,1.00781708319642
"N_all[24,14]",376.991743529627,2.41887006587668,76.6168047383066,237.181493593915,325.148772320136,375.804488691913,422.920618907086,540.701527903096,1003.28193378683,1.00356919983621
"N_all[24,15]",435.433257441653,2.46684928486238,89.254345436377,268.608723890346,373.690188157025,432.162022366458,494.086232558097,616.378050775418,1309.10205800887,1.00315741319624
"N_all[25,1]",298.884686322971,2.71038681534429,83.1526796854833,187.833576662154,241.74055708727,280.571779865948,338.760316473325,508.74059114932,941.217398851516,1.00496018965673
"N_all[25,2]",392.085367728619,3.94302377160958,175.135509504354,142.720977166936,268.193675080573,365.504036372343,482.710267003215,819.375425971344,1972.82984634805,1.00391524463284
"N_all[25,3]",312.88897848435,2.42251020664598,82.4628895211602,199.502482882425,256.193840668574,295.234854930104,351.880931506141,524.217776149786,1158.73964469113,1.00064043435599
"N_all[25,4]",243.67383612272,3.0110912387563,70.1351354620822,142.426259890089,190.930862585088,233.190848336389,285.347792884983,398.68052447549,542.529614860693,1.00187056998723
"N_all[25,5]",604.257799434706,5.65996021894701,134.723624560305,367.363529945343,505.299195106158,594.898110682826,696.780719342727,888.652449651159,566.579372843142,1.00408987312352
"N_all[25,6]",275.740492961927,2.55110345084641,65.9183975476017,142.423419083562,233.504550554389,273.543469414954,315.459270733828,408.041853426089,667.662742622195,1.00402291111839
"N_all[25,7]",174.012401111459,0.970630019112656,39.2190556109054,103.373720152914,147.893812782262,172.582645331909,197.013197336822,258.085156228773,1632.62644107857,1.00205601105515
"N_all[25,8]",489.58904094453,2.2244318101713,103.345766453577,299.370322964781,422.553158783814,484.994906824424,551.910314592694,707.407527049612,2158.47581544807,1.00036283444726
"N_all[25,9]",315.302446145664,1.50616689773853,83.7264302035477,197.77992715524,262.550903801352,300.533360001152,349.591078307903,531.291295949611,3090.14566996378,1.00130781727341
"N_all[25,10]",115.219843867501,0.40817144304246,24.0300472926259,70.3818754320741,99.3032138694915,114.074683075566,130.608738276542,166.088217936127,3465.96375954079,1.00016273200782
"N_all[25,11]",515.301559793034,3.48178852880733,133.52813683564,259.083989078524,427.772101746598,516.207023430774,601.08059689909,781.948019944742,1470.75657354068,1.00329961308365
"N_all[25,12]",7.89597438079402,0.0795173464446842,4.27706110004448,2.56054709247718,5.05450528563825,7.09540412150052,9.65978172389639,18.2311671781808,2893.12468652791,0.999425080014741
"N_all[25,13]",313.24026805309,4.66282529594855,156.726152409924,96.5291334186041,200.217362967095,285.98773540843,392.108378726217,691.601933457907,1129.75599888271,1.00653372160227
"N_all[25,14]",350.279734037707,1.0479733165626,65.8743521111761,235.133482045144,305.662605353729,345.405719347423,388.490527755136,488.839440615939,3951.22957718193,1.00127224970936
"N_all[25,15]",391.341607166964,8.00669934567933,150.186303062032,194.536460970969,275.218846687333,359.412215607976,475.358130623758,736.801074270793,351.846805345614,1.00641735371262
"N_all[26,1]",358.867466041142,2.69742809276171,156.352130808142,144.868722282793,255.064868171289,332.489841875721,427.379128353682,752.200715444123,3359.75691266133,0.999740334686722
"N_all[26,2]",482.199481885848,5.29101829902412,242.718639955076,162.19061767515,315.289639891084,436.333264562223,594.512648980832,1093.46073122914,2104.39728478677,1.00304857775221
"N_all[26,3]",358.588385098235,1.47170179698296,81.5432844873995,233.964420825912,306.074625929101,345.52221097013,395.724185559415,557.857781144944,3069.98858432424,1.00047044377101
"N_all[26,4]",370.218451189218,1.83709948707949,72.3984370694475,233.096772720682,322.00018051376,368.783847645452,419.727287585899,513.448515290355,1553.07714878838,1.00227508472351
"N_all[26,5]",613.306088542199,1.90715966353151,111.22922974221,429.915877775089,537.564646756471,600.796006122747,677.126235536244,877.363362622251,3401.44735665866,1.0008284699677
"N_all[26,6]",307.740724329243,3.98167313116688,126.02111497725,112.825491691067,223.696727790878,290.521654655224,369.54629755476,594.771834058639,1001.74094755334,1.00606626898779
"N_all[26,7]",181.006404897286,1.48200161301704,76.882621066076,69.150673005391,130.15829327019,167.488647546198,217.122801133701,366.515789944281,2691.28077415562,0.999718305619634
"N_all[26,8]",523.145520199453,3.58758776800706,200.86681361694,233.260071383587,388.879876965321,490.646824082894,626.461116053108,993.930557829654,3134.81063503688,1.00075797282744
"N_all[26,9]",392.281607742002,3.73074403576804,183.363442357976,151.929292537328,272.343748505493,356.48623000814,468.024611259523,851.745690016908,2415.65328264013,1.00129650727578
"N_all[26,10]",120.129274478556,0.5620480266208,28.494209229087,76.6654390520747,101.352745667225,116.151137552237,133.771042533981,189.727541497991,2570.1967094672,1.00097645645047
"N_all[26,11]",339.159585914848,1.88872502376409,101.756327867811,211.53529865582,277.206096668754,319.430150995823,377.136174146054,581.473241531866,2902.58791874184,1.00053173244454
"N_all[26,12]",8.28863203177379,0.096504974828259,5.16419379963265,2.30881861025014,4.93230229337998,7.07894628136885,10.1834591651913,21.1284466381767,2863.55586560248,1.00068479167324
"N_all[26,13]",381.531618861288,6.27495968226497,228.854066849935,71.6473785673762,225.028359367413,336.210528021013,481.932747146407,945.099065550497,1330.13398372371,1.00527916838474
"N_all[26,14]",388.036139242955,1.4368050462011,81.9538732706392,253.836469111061,335.426376676605,378.203673667062,429.354638074148,578.956807148952,3253.44357023657,1.00160713719814
"N_all[26,15]",679.837818863156,7.57124674945799,205.164093414856,301.729730904874,524.819167265731,679.098230383288,828.358612889137,1065.36751461592,734.290501761873,1.00386304054953
"N_all[27,1]",412.634048452669,3.92648605333389,233.234255457669,129.052633458791,258.271914894408,368.202676741056,505.030470747819,999.505949658198,3528.38976868725,0.999847620659785
"N_all[27,2]",554.540409078614,7.63304250184486,330.947925033445,155.093640919234,332.334752009507,490.501597023626,688.010858909254,1384.50481147848,1879.85332035344,1.00154370191299
"N_all[27,3]",414.960235157567,3.45125482445131,178.065467277308,166.624207858177,294.50040195129,383.896681870816,498.783244381029,844.279559873,2661.98346765414,1.00015229271508
"N_all[27,4]",393.884000216082,1.2177442711917,80.0600555404496,260.793801907596,339.138308984911,384.923670069225,435.772722665704,575.494460090253,4322.34654747313,1.00014690606639
"N_all[27,5]",755.724581035938,2.76531259692098,153.611679261014,469.924766044018,653.681502355626,752.038992317785,850.743419664409,1078.21077016266,3085.74482728811,1.00059426153201
"N_all[27,6]",361.221339102075,4.71592678130248,202.693070825462,108.50619666169,231.22446628288,323.804785977284,442.325603554889,835.249073548818,1847.32665764184,1.00269473913996
"N_all[27,7]",220.695474486504,2.14151954105051,131.419724874435,62.9681683679805,139.516525650283,195.235364536316,268.23789721434,555.480288958417,3765.97145690176,0.999596364184951
"N_all[27,8]",633.532899636345,14.4343127659079,339.839030925433,217.930457660594,415.246786530103,561.354127385448,758.086752036189,1464.26569913066,554.312012617679,1.00820544151648
"N_all[27,9]",453.65758937002,5.14279090021795,284.807061631851,127.708070550493,268.032663820912,391.971265123868,558.755160190595,1170.17828101256,3066.92935813816,1.0002776248835
"N_all[27,10]",138.700560589733,1.19199514560249,61.9746695136999,56.3177741466073,96.8568976683258,125.955660855377,166.590116247153,296.642114903948,2703.20800947906,1.00081084872355
"N_all[27,11]",477.699365040776,6.65062256963063,392.352265020121,111.346012663684,262.55204510504,382.07259924107,563.968468800938,1435.9796737299,3480.38849653099,0.999681454944441
"N_all[27,12]",9.77544183255861,0.148814587313058,8.2786925810844,1.96772434556155,5.03325176414957,7.81444345322,11.9633036828248,27.6304575118747,3094.79939420447,1.00052865889738
"N_all[27,13]",444.554859532806,8.66284012401596,317.88604319406,66.9189455965671,234.884615484024,372.648468097268,566.644489664868,1272.51802294156,1346.54949823202,1.00418863132594
"N_all[27,14]",459.765814277752,3.43802936367212,207.966789495501,190.446562612805,330.835209281944,424.573744756759,545.445113348233,946.075602084321,3659.05393929518,1.000968600565
"N_all[27,15]",766.438801733427,7.68639810173872,385.392114879083,270.834749582509,519.764138264558,700.856735916963,925.170609283375,1616.25975748684,2513.96890261175,1.00008624505155
"N_all[28,1]",446.689329429509,5.04861624519374,306.768198206431,107.930326398286,249.873340032263,377.544883809906,551.027814345185,1203.4295183283,3692.12121027261,0.99995192719197
"N_all[28,2]",597.72138752281,8.76485968155942,414.356959576727,140.086222581827,331.627245340989,509.415210851845,751.600884017195,1625.76913596552,2234.90640331736,1.0011607607252
"N_all[28,3]",447.443737070906,4.08669582198684,242.533226795985,141.726942999048,279.80577988409,397.344729471305,555.755204257226,1058.26872678272,3522.0690185614,1.00007397584891
"N_all[28,4]",421.570018848938,2.37418364388383,139.124123044111,213.381699030957,326.109128339315,398.810680074857,493.644039230871,759.520905393503,3433.81000871981,1.00013588646563
"N_all[28,5]",804.046305956493,4.99473780298998,277.067304425546,402.646037483607,620.282306648937,757.379115242296,936.995857256076,1456.01419757666,3077.12521459483,1.0007744017566
"N_all[28,6]",384.835701870914,5.71503963087985,252.058567708241,94.5785863032564,229.452986658667,331.107716825645,472.089454222289,993.573947800465,1945.20078206386,1.00183614678788
"N_all[28,7]",239.046881979697,2.76304753659461,169.116311412054,52.7278823928313,135.90645151411,201.17656721015,288.524352480033,672.688224341591,3746.22865838503,1.00017881426554
"N_all[28,8]",688.348765462224,19.1378190679969,485.396562402283,194.057218338595,408.540697023837,583.845288655512,828.860355936136,1849.35422218839,643.292523389082,1.00885048819628
"N_all[28,9]",495.681472443358,7.36297105502685,419.08053402269,112.80069132079,265.359822272409,401.294800519035,603.593193439194,1386.4566524704,3239.58060995117,1.00008318049152
"N_all[28,10]",149.89598753274,1.54945950772362,88.9512819524812,47.126257760723,91.3891073729065,131.597437712179,182.99354586316,370.011396236196,3295.67183444416,0.999526074029694
"N_all[28,11]",599.195028097226,14.5862543605984,901.129718739275,77.0112029006284,236.923907797378,407.235516339773,679.095642120677,2308.30395555647,3816.69152058402,1.00104816989526
"N_all[28,12]",10.422515410068,0.18239337261832,10.5471580390656,1.72419132458441,4.88616436054328,7.93540519122825,12.5726373257249,34.6546483759771,3343.89628864186,1.00025932683688
"N_all[28,13]",482.972619245887,9.64539559919397,453.339541104761,56.8749981105396,232.647271249144,385.679621205685,617.414002925881,1469.78712340081,2209.05796654691,1.00254182342913
"N_all[28,14]",503.193315289481,5.21908178078058,323.755594746011,156.007579222327,311.874423148338,439.499927796718,614.321949515366,1227.2129258649,3848.10009304433,1.00189967065335
"N_all[28,15]",846.943832590212,11.4339553479801,572.70566983907,237.474661929755,507.361768114587,723.22779157751,1024.02321001326,2256.16554246142,2508.82276408055,0.999441948822114
"eps_all[1,1]",0,NA,0,0,0,0,0,0,NA,NA
"eps_all[1,2]",0,NA,0,0,0,0,0,0,NA,NA
"eps_all[1,3]",0,NA,0,0,0,0,0,0,NA,NA
"eps_all[1,4]",0,NA,0,0,0,0,0,0,NA,NA
"eps_all[1,5]",0,NA,0,0,0,0,0,0,NA,NA
"eps_all[1,6]",0,NA,0,0,0,0,0,0,NA,NA
"eps_all[1,7]",0,NA,0,0,0,0,0,0,NA,NA
"eps_all[1,8]",0,NA,0,0,0,0,0,0,NA,NA
"eps_all[1,9]",0,NA,0,0,0,0,0,0,NA,NA
"eps_all[1,10]",0,NA,0,0,0,0,0,0,NA,NA
"eps_all[1,11]",0,NA,0,0,0,0,0,0,NA,NA
"eps_all[1,12]",0,NA,0,0,0,0,0,0,NA,NA
"eps_all[1,13]",0,NA,0,0,0,0,0,0,NA,NA
"eps_all[1,14]",0,NA,0,0,0,0,0,0,NA,NA
"eps_all[1,15]",0,NA,0,0,0,0,0,0,NA,NA
"eps_all[2,1]",-0.9215557000517,0.0176449216368702,0.83822949068727,-2.54668349509033,-1.46971286838427,-0.92562052649731,-0.378052602307944,0.740251133057739,2256.76534647109,1.00126671598143
"eps_all[2,2]",-0.081268206390442,0.0182293886208942,0.84403597318632,-1.73253030707001,-0.639818824615535,-0.0783601947469666,0.495617100228356,1.54564129163355,2143.76761886265,1.00086265978426
"eps_all[2,3]",0.032497008090743,0.0178776708505482,0.836832878376975,-1.66433033763237,-0.516170862623973,0.0321562504394828,0.600668540111495,1.6215935455868,2191.06668503649,1.00251471311486
"eps_all[2,4]",-0.463229876542075,0.0148000867595254,0.842811291181983,-2.11711001487574,-1.01741016710421,-0.461629903650998,0.0475444744547897,1.23737770057593,3242.8896298078,1.00136606515194
"eps_all[2,5]",0.159528867331542,0.0177247879441564,1.00514771829682,-1.81911760184901,-0.511983728162551,0.171629861273677,0.80999173312357,2.15453264021747,3215.86408978729,1.00073457962662
"eps_all[2,6]",-0.0597641772398741,0.0206611035860574,1.02382024570651,-2.11054307573134,-0.761616382853318,-0.0427038775980826,0.641034573056651,1.87571953841377,2455.50258970431,0.999965492730327
"eps_all[2,7]",0.173077944014628,0.0340667329065671,1.04393661838713,-1.89208623891209,-0.525769609983792,0.167862577878519,0.842365638547004,2.18865159826824,939.046919469616,1.00603210979709
"eps_all[2,8]",0.38969955551912,0.0160050724631164,0.896019952685332,-1.41223927590893,-0.201931525082504,0.391272006879992,1.0240386153438,2.13138406515989,3134.15212146745,0.999493442336646
"eps_all[2,9]",0.122604032519948,0.0144852390003008,0.891176795135595,-1.70061255068832,-0.47938557233705,0.148427814140068,0.754594081247783,1.82529625234044,3785.09172824469,1.00013237009643
"eps_all[2,10]",-0.0608046105317872,0.0197588468204204,1.01877141500699,-2.08617039287773,-0.753997493272481,-0.0607297108998172,0.671948203351418,1.85950451984791,2658.46111919762,1.00234251625049
"eps_all[2,11]",0.952211083251484,0.0170813177502534,0.953249672596639,-1.02471879258834,0.367876205028711,0.952496174122419,1.58440254527962,2.79503192122988,3114.37271854106,1.00049754742404
"eps_all[2,12]",-0.049290515150298,0.0195950713961659,0.981948959916365,-1.9669565651692,-0.738694309323335,-0.055564839617307,0.62093815711753,1.86792888899091,2511.21633972137,1.0014844050383
"eps_all[2,13]",-0.0213950562141083,0.0164388605193643,0.934075516542122,-1.86855208252367,-0.647258698107009,-0.0169754862010788,0.609822983427393,1.79306262807537,3228.64693886349,0.999821961285676
"eps_all[2,14]",0.112966828185739,0.0122191377375202,0.94257585394178,-1.73628974059868,-0.517460934088786,0.130624124123168,0.738469604960482,1.94992126626573,5950.47314821692,0.999907717840577
"eps_all[2,15]",-0.0876424466037115,0.0138149260278808,0.977548302348805,-2.03657896314672,-0.722502236337037,-0.0902669477501764,0.565111501953736,1.83207599439326,5007.01997555291,1.0008382841232
"eps_all[3,1]",-0.0251326074236598,0.0280051314893495,0.900044470734337,-1.81414124118316,-0.632394272412993,-0.00425890342866699,0.588983092553044,1.61047473701317,1032.8867452177,1.00507293683401
"eps_all[3,2]",0.460645454845898,0.0156202354735334,0.806357156916911,-1.14739907644978,-0.0434614489425902,0.450485941848783,0.984280656004674,2.05159659410509,2664.89275911662,1.00059979768679
"eps_all[3,3]",-0.746654204653298,0.0237030046113413,0.915468257439498,-2.48927341235352,-1.36945175238312,-0.741010461924565,-0.145260280431997,1.07324788381335,1491.69412301729,1.00255474561335
"eps_all[3,4]",-0.883456950605863,0.0288707104963478,0.878848296426138,-2.51553310603674,-1.51484113000353,-0.916285263025883,-0.321095004906732,0.931296244242914,926.643933344574,1.00431109104933
"eps_all[3,5]",0.18453324409135,0.0193526714977383,1.04185544196033,-1.85098677743701,-0.500776338478964,0.149507958765772,0.879595524334971,2.27608039090438,2898.23154832214,1.00012083198378
"eps_all[3,6]",0.0207966072479601,0.0179540593215054,1.00583187365649,-1.99105556975899,-0.63918201424235,0.0448786391066216,0.703652021857438,1.96624310305009,3138.52415901238,1.00042075007542
"eps_all[3,7]",0.164874620927855,0.0190145527835087,1.0062315731817,-1.81140676112675,-0.512875646553057,0.166782839238414,0.869596156135315,2.07955866012946,2800.4230904363,0.999682435947301
"eps_all[3,8]",0.50309367564359,0.0148459512119079,0.902480090107802,-1.2368146067317,-0.0987068998609268,0.484235161873269,1.06685857757949,2.33084499795565,3695.38082661045,0.999694398582881
"eps_all[3,9]",-0.525456659422093,0.0204558996262485,0.88756481915826,-2.31174021468876,-1.11056591335436,-0.531739415542325,0.0690153451169267,1.18751427979463,1882.62140013557,1.00173924168333
"eps_all[3,10]",0.246427005783524,0.0211163400046398,0.961389260749244,-1.66026675726528,-0.431743885715754,0.263361140440058,0.927879094941436,2.0501010051043,2072.81833092244,1.00060288889533
"eps_all[3,11]",1.09540609745985,0.0132150626602953,0.905215057492478,-0.768833945936256,0.536486186370585,1.07584323833151,1.6938620475821,2.90787482818495,4692.07651327967,0.999814838228471
"eps_all[3,12]",0.0112564598630938,0.0136741823579362,0.970209393716445,-1.90326350063036,-0.609066822089316,0.000250477963808267,0.658221368769155,1.89594570572733,5034.17392421779,0.999295722816914
"eps_all[3,13]",-0.130962132678231,0.0136594482626035,0.910568569004238,-1.92049126582689,-0.741120517243213,-0.125721368304409,0.460437901150557,1.71393679472265,4443.84595170015,1.00023920429626
"eps_all[3,14]",-0.14664492655053,0.0131386578671492,0.945262385816928,-2.0467413552814,-0.774831299980617,-0.164437526559274,0.485054898508898,1.73181289369307,5176.10104666851,0.999698525241288
"eps_all[3,15]",-0.160055333274436,0.0146106622295796,0.934424212072217,-1.97923686563974,-0.781087104254961,-0.185254507029282,0.496478019521157,1.64088766289495,4090.2359771685,0.999882758141029
"eps_all[4,1]",-0.928130191247467,0.0130941446805223,0.793093875545619,-2.41856481523016,-1.45293831430294,-0.924856632605005,-0.430738263534472,0.72672816462174,3668.55404824291,1.00044312419902
"eps_all[4,2]",0.370244782481595,0.0132387053419284,0.795787165974239,-1.17169931551066,-0.164740522732931,0.355946375753332,0.902304525272785,1.98947450778413,3613.29008643348,1.00138183601736
"eps_all[4,3]",-0.4959709431227,0.0142227695212088,0.864200097764743,-2.24930210072928,-1.06135061530141,-0.504422680395399,0.0709543966552497,1.20371634067499,3691.98797156429,1.0012986716633
"eps_all[4,4]",0.48307924176166,0.0317028545522074,0.844946898938979,-1.20909689172456,-0.0839141212726004,0.484703297601362,1.05260400017766,2.08691986710404,710.333171917736,1.00785368078358
"eps_all[4,5]",-0.0518177506919015,0.0184823967291622,0.943868523516296,-2.00015796883818,-0.649062213779938,-0.0567444689056263,0.569915040524762,1.76471410704945,2607.9930525357,0.999815456446497
"eps_all[4,6]",-0.0527193125083045,0.0158927517614337,0.962610079948959,-1.98448432643822,-0.690300915024606,-0.0406404939453672,0.572978062416285,1.86715863349162,3668.61899409756,1.00051894093159
"eps_all[4,7]",-0.0425863957818406,0.0168854610402298,0.952424954049864,-1.89381446461792,-0.684151451009889,-0.0430423879505783,0.579861225226766,1.83580643396608,3181.52752629594,0.999524989855461
"eps_all[4,8]",0.0952696912748087,0.0179447394295349,0.858555455484527,-1.64275945892549,-0.485910373196309,0.105744012055294,0.689814258830034,1.717035195486,2289.08748759366,1.0021689884881
"eps_all[4,9]",-0.608041458337163,0.0187914094582575,0.84761322851996,-2.20541655869667,-1.1955608836993,-0.608182238581268,-0.0627902342823472,1.11628290791121,2034.58922653057,1.00159577436426
"eps_all[4,10]",0.0887260461174952,0.0131347632369356,0.881706227844787,-1.63323703785095,-0.493256105376518,0.0839587865978053,0.671141795596728,1.80506610487891,4506.12587601164,0.999267020465107
"eps_all[4,11]",0.343770059656217,0.013229085633322,0.874031776258383,-1.42611335049639,-0.254424058285795,0.370968794706207,0.911843896526062,2.07378143378029,4365.10594439242,1.00056529582802
"eps_all[4,12]",0.302034493969978,0.0166019956831564,0.955619617224434,-1.59416899491944,-0.31122341122424,0.290780522621043,0.94636204220544,2.19948549150357,3313.21424390302,1.00092780699257
"eps_all[4,13]",0.121225362567972,0.0134966153741476,0.935994251529908,-1.71015998522758,-0.496045667570667,0.106058911656766,0.735283984384915,1.99510706782508,4809.46335319253,0.999720992756876
"eps_all[4,14]",-0.100028258678903,0.0187213339130375,1.00887808441017,-2.05264472878407,-0.823593620729543,-0.08550015661769,0.630375754335696,1.77176360407798,2904.04804646864,1.0001658141085
"eps_all[4,15]",0.188727393455573,0.0121298699576959,0.991252792015005,-1.80919758784045,-0.462847730724392,0.220885640075584,0.832325287106016,2.13006509957974,6678.15596214581,0.999856635663262
"eps_all[5,1]",-1.17065546309505,0.0231680166152011,0.769178311941317,-2.59323584700583,-1.70416356883442,-1.17684209537143,-0.677299711469402,0.404842020622706,1102.24045947075,1.00490001274816
"eps_all[5,2]",0.576836145814788,0.0132552982589682,0.798656666823581,-1.03877663781518,0.0601849984338485,0.586233539251411,1.11192743983979,2.08967540610409,3630.28928680941,0.999862919892941
"eps_all[5,3]",-0.553887836839355,0.0242015564406867,0.816558617208544,-2.10262959841322,-1.0936178811887,-0.572697283722017,-0.0196213927091338,1.12371117108349,1138.38231041563,1.00426490211623
"eps_all[5,4]",0.490009693727928,0.013542749602427,0.79389159591796,-1.06331852482829,-0.0227012004106056,0.472018317692651,0.999327743230347,2.03641421544317,3436.43957414423,1.00086813068567
"eps_all[5,5]",0.0063638728401178,0.0152610035749554,0.928864244032967,-1.78063314972859,-0.637970872635908,0.00701184980313898,0.621908595528081,1.8543694662233,3704.57424007751,1.00084135710078
"eps_all[5,6]",-0.0276023421292628,0.0141652828727885,0.950418900701844,-1.89521783200132,-0.655565641024328,-0.0335391604331276,0.607648697742694,1.86840369473692,4501.73188557518,0.999572312573935
"eps_all[5,7]",0.0497149915340237,0.026914315523944,0.979871521923316,-1.87891082236235,-0.60584333084337,0.0685729243742049,0.72286674208696,1.87711510507385,1325.47515894075,1.0055996137245
"eps_all[5,8]",0.0755093300969178,0.0151012028798392,0.869167164917453,-1.68215943204471,-0.515921451703144,0.0909477818080316,0.690565340151964,1.72760531825813,3312.71091190611,1.00016233759147
"eps_all[5,9]",0.313744533999052,0.0212411655648636,0.869995989625979,-1.41608785020656,-0.263845832063666,0.287409120905772,0.928315109091505,1.95884735968024,1677.55903825748,1.00278389754188
"eps_all[5,10]",-0.0492435440532837,0.012464816979907,0.863232313378766,-1.75007587369422,-0.613468009514294,-0.0643372865366923,0.543810677135918,1.64057301599388,4796.04849189446,0.999784078327375
"eps_all[5,11]",0.449209069070422,0.0230374883211451,0.87383712421437,-1.32462040519581,-0.123093535059537,0.465471879804317,1.05321566156564,2.10075747314969,1438.76785641036,1.00641554105627
"eps_all[5,12]",-0.383169680946489,0.0275870624432757,0.950466976600817,-2.1663834443183,-1.0215791315567,-0.395534142450056,0.23515436277317,1.50423828614344,1187.03397257777,1.00564663329962
"eps_all[5,13]",0.495882135010429,0.0140373113242435,0.943633492828975,-1.36400016740832,-0.123859722997377,0.515632576780142,1.1371332888113,2.33811806128967,4518.96346668156,1.00001623342507
"eps_all[5,14]",0.0890163468303652,0.0134599492046119,0.965546870680207,-1.78917868145763,-0.552702665607239,0.103460501543,0.737849430379515,1.95158894936721,5145.88266598066,1.00070724090356
"eps_all[5,15]",0.0738072405766,0.0137178406640786,0.93963212622152,-1.79291718699976,-0.584524488497232,0.110335898458014,0.704215876845496,1.90009695603692,4691.85093549469,0.999512708948219
"eps_all[6,1]",0.124575992096486,0.0153979402235642,0.75574723117958,-1.3784121784433,-0.356112250280018,0.110435494699956,0.607780202000611,1.62690018483993,2408.95047106252,0.999780746377514
"eps_all[6,2]",0.293720601060356,0.0154671935507836,0.822065435783682,-1.36462665430025,-0.247205974136694,0.290258335081078,0.856345480631505,1.90868994329181,2824.81321664693,1.00076332532905
"eps_all[6,3]",0.465660186925264,0.0164090520577415,0.826332692611836,-1.23526938790128,-0.0536098986253603,0.490131124949076,0.995895632121679,2.06363679122658,2535.96283727052,0.999666485251736
"eps_all[6,4]",0.577995753248323,0.0173937644704624,0.834050201849681,-1.04619958619913,0.00782139107419337,0.56639258722408,1.13461442501244,2.22787200195246,2299.30833498327,1.00036439451334
"eps_all[6,5]",0.0704880176606328,0.0249518393064813,1.04138918472018,-1.96586008905486,-0.640578148862622,0.0724600059743521,0.806249384793146,2.10399425709147,1741.89108472386,1.00300870718933
"eps_all[6,6]",-0.0362791675695329,0.0244724071741636,1.04326689450643,-2.13178718488862,-0.768293529642774,-0.0356039554587792,0.677880637981339,1.96907907052721,1817.34538701265,1.00205954788181
"eps_all[6,7]",0.0120630704609372,0.0202582340420985,1.03532350687163,-2.00413117775997,-0.704457793452538,-2.02484704482989e-05,0.710961494081408,2.08725162606855,2611.8545073981,0.999974413478225
"eps_all[6,8]",0.187068108078991,0.0209020579296751,0.933056722670827,-1.61552118521052,-0.451000099886935,0.183853408073541,0.809099759550839,1.96103914214163,1992.68200331034,1.00057776107862
"eps_all[6,9]",0.801039888666884,0.018780382426164,0.888585353416191,-0.986374866749136,0.216350979416752,0.83133518841441,1.43243113839997,2.46403076721522,2238.66669256502,1.0005739526157
"eps_all[6,10]",-0.477080526280007,0.0251393802696942,0.923794142443659,-2.24171969105521,-1.12140807872014,-0.47317108803804,0.160300747593424,1.31508883946674,1350.33421995552,1.00291293193064
"eps_all[6,11]",-0.567256975802866,0.0193437255128361,0.910939999227086,-2.29900295207226,-1.21762599131957,-0.580464209601353,0.0364723707935172,1.26496453210227,2217.68215945757,1.00044869377355
"eps_all[6,12]",-0.713628994120219,0.0172760392026822,0.945993502937644,-2.55541854438169,-1.38369540758935,-0.712150641725305,-0.054512724976377,1.15745181213159,2998.38879068687,0.999991439965049
"eps_all[6,13]",0.392474312491299,0.0140004157701935,0.918133110992673,-1.42973639484365,-0.200115999077413,0.364283470122046,0.983463402130017,2.21074866281493,4300.60379080252,0.999416638291629
"eps_all[6,14]",0.395173303525004,0.0143390815037424,0.98629381043988,-1.54738427242672,-0.270447599946549,0.419194406726963,1.04484067250298,2.36876125296537,4731.18520157736,1.00160689358223
"eps_all[6,15]",0.00653033668500395,0.0124055510938246,0.955477301302717,-1.88946872584495,-0.637257031367727,0.0128551178820145,0.631781453772756,1.93027503562164,5932.10220501021,0.999300501397378
"eps_all[7,1]",0.803310801963533,0.0202019916169654,0.790067411085594,-0.880355421875782,0.301310186685494,0.85308670183435,1.32885947937216,2.29736865308812,1529.46633933925,1.00306424952539
"eps_all[7,2]",-0.480422796571669,0.0178363356934561,0.875047127426185,-2.15530002244276,-1.05350548904386,-0.524393668558328,0.098964378493574,1.25106325871299,2406.86433676067,1.00283944589915
"eps_all[7,3]",0.556169009641414,0.0153701325863842,0.837269550962509,-1.15436121428403,-0.0176180786940699,0.58150924932692,1.11828378353652,2.13963368946933,2967.39504577243,1.00005856711029
"eps_all[7,4]",-0.0558368652939259,0.0124085465085567,0.800582422296555,-1.63868449638263,-0.5787000605852,-0.0746809771021484,0.460727823101076,1.52731241924052,4162.65363031694,1.00075261644057
"eps_all[7,5]",-0.163777923284973,0.0201277616047818,0.976738048960603,-2.04293379829238,-0.833473726960221,-0.184233906805356,0.500835167803052,1.72556006970184,2354.86086426524,1.00307544396169
"eps_all[7,6]",0.00691347646112131,0.0202619627656289,0.941874773414776,-1.80671686565765,-0.647055271368393,0.000652869320813258,0.646538618845775,1.84914542248982,2160.84345234818,1.0002325240406
"eps_all[7,7]",-0.105440822187172,0.0215408274700583,0.952055044286635,-1.95207962808639,-0.719133871356772,-0.112681609675789,0.507014525399211,1.7619285755413,1953.43674279503,1.00476323263498
"eps_all[7,8]",-0.619338472094331,0.0217840432092817,0.892049540260005,-2.32255402135883,-1.24609825755704,-0.657456450062074,-0.0207746723613901,1.15536037900785,1676.87607304442,1.00295926679262
"eps_all[7,9]",0.0111894747551405,0.016067292814372,0.831636474233346,-1.61073603486886,-0.539504269344692,-0.0034851312801522,0.537971109678199,1.68297322900855,2679.05506516717,1.00054612823898
"eps_all[7,10]",-0.00216398512394008,0.0144350443512376,0.871389128277865,-1.74875094220019,-0.581089336688029,0.039666704895829,0.591832848981673,1.6255004082324,3644.08106292366,1.00194261148966
"eps_all[7,11]",-0.383047946690136,0.0138059251290739,0.857761445006552,-2.09086120893626,-0.944394002462734,-0.375695582468949,0.20297528426778,1.34937537027869,3860.13075030688,1.00195933029677
"eps_all[7,12]",-0.194685360818295,0.0140911897159428,0.938409113122155,-2.04536650602659,-0.808333599788192,-0.195089053400131,0.422583997994827,1.66359820039409,4434.95389409917,1.00070020417839
"eps_all[7,13]",0.361479909258803,0.0129403885633223,0.935783836120512,-1.51246848730954,-0.256944558342783,0.377357158960473,0.981120151817201,2.18826785324634,5229.4551697137,0.999703016738596
"eps_all[7,14]",0.257512816402123,0.0208260795550245,0.959805745293956,-1.64768903906063,-0.375049932638747,0.252793075946643,0.939296940733465,2.11504858424791,2123.9859734365,1.00096116365604
"eps_all[7,15]",-0.0893954840357267,0.012992845860714,0.987439045127965,-2.04975048304839,-0.750575327021554,-0.0883324762893313,0.612143490304929,1.80949261354558,5775.79831203503,0.999946394970566
"eps_all[8,1]",-0.606574339481878,0.0161516749787154,0.757588119945692,-2.04532319547364,-1.08895704690971,-0.636430148288974,-0.115683982906253,0.944480961374856,2200.04304457707,1.00323204916774
"eps_all[8,2]",0.963831388318678,0.0198921653951847,0.876589067822157,-0.84882318300938,0.397781413096763,0.972698358715081,1.54355817664687,2.64360182431938,1941.90498761198,1.00114636542646
"eps_all[8,3]",-0.96816146639522,0.0545343724091382,0.935581652299913,-3.06668005807403,-1.55510758094831,-0.97991264192868,-0.347209210364125,0.834088869397444,294.322018582317,1.01754019191555
"eps_all[8,4]",-0.0370377455917743,0.0152427479340047,0.794755315419425,-1.57586725220396,-0.586579393744385,-0.0340805227352376,0.489393001891002,1.50873756013773,2718.56891488222,1.00054382787271
"eps_all[8,5]",-0.204428788380149,0.0163759224345357,0.956458881994192,-2.09878437069679,-0.822581395286447,-0.206294436958013,0.446442753524076,1.62602925917944,3411.30902978482,1.00008382940514
"eps_all[8,6]",-0.0728527408418933,0.0259124020414278,0.975243807319491,-1.93057446490937,-0.743527612968572,-0.0668768522510992,0.593237815456062,1.89188520529593,1416.48198647639,1.00315445687062
"eps_all[8,7]",-0.0902069651795354,0.0270413721161638,0.995687946893499,-2.01313282014669,-0.771725738707109,-0.0960382738636948,0.585763746552038,1.75614249607339,1355.7794620507,1.00217767144339
"eps_all[8,8]",-0.52339614385502,0.015934252383577,0.869281632695232,-2.18323823676272,-1.13604936799493,-0.518189492811276,0.0770219940133578,1.21178030348555,2976.16923741528,1.00314724729752
"eps_all[8,9]",-0.577631734423657,0.0132497435678451,0.825142838232444,-2.19988957255159,-1.13483086468005,-0.576973665633295,-0.0619437583397932,1.03457934764611,3878.31716995279,0.999715051164238
"eps_all[8,10]",-0.100206592016371,0.0180880225091265,0.890417558952955,-1.86710834136353,-0.69708066845768,-0.105424340609951,0.509080113699702,1.6692899190847,2423.28922779171,1.00238446587507
"eps_all[8,11]",0.0468733512515171,0.0137172786046963,0.857950457662146,-1.61138947598933,-0.516591121345394,0.0307981535278578,0.621115743744595,1.74951976773692,3911.90682036076,1.00191448375387
"eps_all[8,12]",0.0869842652542152,0.0149770968600818,0.916330248305932,-1.71865698668766,-0.523450177032206,0.102512435361773,0.741258915869974,1.82741154539301,3743.24944621815,0.999662912648293
"eps_all[8,13]",0.36622473810218,0.014208852439913,0.943878067627514,-1.48501669939576,-0.280178964899708,0.38481721719401,1.00830377657636,2.22330505316404,4412.79529353924,0.999853361866474
"eps_all[8,14]",-0.234954514318059,0.0131234224662119,0.99402712702355,-2.14992516226675,-0.897475540273996,-0.253767362431887,0.439544397146727,1.72605078543816,5737.2299039583,0.99992496278186
"eps_all[8,15]",-0.0776416136254222,0.0135980009214495,0.989530644995588,-2.0322689515526,-0.726347434029647,-0.079457217122967,0.572820024709651,1.85536272552299,5295.51697460237,0.999841514323162
"eps_all[9,1]",0.144832089446918,0.0139235667978004,0.74872559116411,-1.27243861733912,-0.333188830371203,0.109887935624154,0.611482348841071,1.70394360759672,2891.64083737519,1.00015788848901
"eps_all[9,2]",-0.358208304910559,0.0212788729472876,0.852305351590879,-1.99283067574662,-0.922700709179846,-0.369526584802181,0.183103595913565,1.34257649989803,1604.32809077403,1.00400264254263
"eps_all[9,3]",0.519033936066563,0.0170102043623294,0.839966122648674,-1.22008578430317,-0.00745234567591244,0.532934522717899,1.08358054788476,2.14685424510483,2438.39735441484,0.999745556534357
"eps_all[9,4]",-0.692143785370794,0.016368768854574,0.829641855382173,-2.26793258680426,-1.26205756689699,-0.71238636788116,-0.128614333175502,0.97208377116498,2568.91228780261,1.00107567588194
"eps_all[9,5]",0.113940436977262,0.0277410940687065,1.03446062773229,-1.93982514551384,-0.565900291663296,0.126679660681304,0.824558738717284,2.06273516535804,1390.53127597532,1.00339775818177
"eps_all[9,6]",-0.222443881061081,0.0210368566078275,1.04005035003834,-2.25842347221631,-0.878526726046049,-0.247557690356145,0.472792164490209,1.86729936992074,2444.25794543661,1.00093499172873
"eps_all[9,7]",0.0487157495520379,0.0234906709266173,1.02069359756647,-1.99407732668279,-0.606515395199057,0.0576339084157675,0.766481310957723,1.98256680949678,1887.99108473503,1.00288183823247
"eps_all[9,8]",0.509968806342021,0.018789245832117,0.933972004077405,-1.36801027335589,-0.0850693898514753,0.522391485781569,1.15720319438423,2.33454199157801,2470.86501101237,1.000065976927
"eps_all[9,9]",-0.287333045417666,0.0174472156536085,0.843395020182247,-1.942644927637,-0.83405049154663,-0.30688479862363,0.278534966471985,1.37003229099239,2336.73684548437,0.999812486318485
"eps_all[9,10]",-1.19571927874714,0.0166318296052822,0.888280391036988,-2.92690468865465,-1.79736075002709,-1.21521217855074,-0.600393730588422,0.611828255299226,2852.46350218466,0.999993428289039
"eps_all[9,11]",0.47213377505087,0.0179411082750566,0.850676543853307,-1.16373701305454,-0.122326804931183,0.481815093651364,1.05515979775502,2.12187327178978,2248.17638434141,1.00219092565998
"eps_all[9,12]",0.14882247026295,0.012848762253481,0.913027343751104,-1.69319505957669,-0.433734823238309,0.184106027209807,0.726441396979462,1.9878842459647,5049.46053065295,0.999630805074313
"eps_all[9,13]",0.202825365070106,0.0148948939414408,0.90249043922833,-1.58865958680627,-0.397183695019388,0.222377147975785,0.7715132282548,1.93865467690978,3671.21981889014,1.00171437314799
"eps_all[9,14]",0.135125985350284,0.0215122994592733,0.956441185269697,-1.77106062946693,-0.511217970880519,0.133374413982212,0.782658538410185,1.94638443916954,1976.70958596205,1.0019000462338
"eps_all[9,15]",-0.00181425906735143,0.0121332831006448,0.967295223701677,-1.93014633188674,-0.641087929311904,-0.0134333801956586,0.649251021902492,1.88468591821263,6355.67124663416,0.999221260954976
"eps_all[10,1]",0.354311028149586,0.0104790818258638,0.751355010845086,-1.13199071552751,-0.12456808984562,0.365937073735255,0.842978514970646,1.86753964315119,5140.95628652262,1.00000144088026
"eps_all[10,2]",-0.238255627391791,0.0145168210484284,0.792990965435626,-1.81376605125387,-0.784240069513878,-0.233962894072759,0.310260524397803,1.33615930658246,2983.96299055383,1.00032878773368
"eps_all[10,3]",0.242181571816643,0.0323815857836274,0.809251705141161,-1.36315667366707,-0.288764623963298,0.218674963299442,0.761374925335216,1.91922400318733,624.555475380558,1.00779780382307
"eps_all[10,4]",-0.293645457738182,0.0204248260951295,0.800012023162715,-1.80619479435318,-0.85704895367512,-0.301322960863459,0.252648082045728,1.29467349425353,1534.17991545998,1.00295817959397
"eps_all[10,5]",-0.100669667849828,0.0445714980602234,0.998782524704151,-2.32550691695398,-0.745637120694983,-0.0795362340001853,0.567426187637623,1.83271327909334,502.142994298181,1.00828881594275
"eps_all[10,6]",-0.108643137189751,0.021815125988601,0.957437046356331,-2.01250421152363,-0.748160781607618,-0.0920168309277917,0.538755232944476,1.72641053214904,1926.21608199002,1.00253423711435
"eps_all[10,7]",-0.0841158840464264,0.0138586142188455,0.926491810271599,-1.86207165886721,-0.69720375412052,-0.101735488690689,0.532095688857702,1.78553197344244,4469.34168813872,1.00078133469966
"eps_all[10,8]",-0.279453311842338,0.0191215589960597,0.863554854588724,-1.92729538297483,-0.868444343880131,-0.314848377216681,0.313224268597523,1.45377658642141,2039.54487075867,1.00037670043
"eps_all[10,9]",-0.29512939034822,0.0162320553582911,0.810259811876527,-1.92802678128756,-0.856513007468856,-0.29567117006528,0.260209776037284,1.2934046640044,2491.73336391318,1.00062074666007
"eps_all[10,10]",-0.396000410461118,0.0141954922111618,0.903666471186539,-2.16365737743558,-0.991804463662804,-0.413645741626766,0.197170447568279,1.38702848490775,4052.42910955377,0.999784546941289
"eps_all[10,11]",0.216704476167515,0.0136811097388465,0.834816501734403,-1.4430365146805,-0.345769679495808,0.207957028879785,0.808412239600041,1.85820830767359,3723.39745293216,1.00163386054124
"eps_all[10,12]",-0.258557046329452,0.0148454627776755,0.932420780814884,-2.05268762895041,-0.868409604307103,-0.280231199485124,0.36153735557348,1.62716276440068,3944.90371172211,1.00107211501575
"eps_all[10,13]",0.182129938319049,0.012353951178907,0.931211974503723,-1.68623878998048,-0.456077232756009,0.190992296269874,0.836171379149922,1.96308424863716,5681.79215038284,0.999617420923848
"eps_all[10,14]",0.140996375621535,0.0131304642043255,0.968772369645633,-1.81775626459017,-0.498396517027023,0.144334309430236,0.812456448511752,2.01442967330046,5443.56392685201,1.00077285673787
"eps_all[10,15]",0.0742116362628822,0.0132751629215233,0.95594272676456,-1.77010485096071,-0.568590714772107,0.0661222468073323,0.72971330174866,2.01057121158399,5185.4210579937,0.999384272399417
"eps_all[11,1]",1.00500720879802,0.019173678122405,0.758350488423645,-0.549910934275748,0.491859310578405,1.03406658284091,1.52407299627,2.39293221120074,1564.33253136821,1.0014457569695
"eps_all[11,2]",0.0199079745207005,0.0132717212071243,0.812234224126149,-1.56647705078742,-0.51713504909869,0.0217720034273664,0.549692585284566,1.61286535592123,3745.48506414856,1.00081624871271
"eps_all[11,3]",0.301015786091208,0.0126905310373125,0.76009708184909,-1.21702780110819,-0.213760330540179,0.301619838353034,0.818145948910587,1.82997314878575,3587.3895540617,1.00008081293098
"eps_all[11,4]",-0.540826529028618,0.0152906934866011,0.779694731866362,-2.08202002508816,-1.07858247854386,-0.538828011474252,-0.0360032561891668,1.01704568945243,2600.12863658838,0.999448204100877
"eps_all[11,5]",-0.261953965289958,0.0126132034931894,0.828691342023421,-1.88961678614375,-0.805545384072136,-0.289998895063202,0.280944041825638,1.35617432628156,4316.53034268001,0.999867906849835
"eps_all[11,6]",0.0231449361899187,0.0249632396290027,0.921926524250627,-1.72595927091027,-0.609645688992368,0.00123792031457458,0.661507106428532,1.77103084216098,1363.92575014312,1.00289987198892
"eps_all[11,7]",-0.0145607682086249,0.0121551311415091,0.892031802928919,-1.78321474184248,-0.613522181421792,0.00350783678237756,0.569050278037528,1.72973419301087,5385.69033497939,0.999730960726813
"eps_all[11,8]",0.0062599151154067,0.0187444731510369,0.838502164146535,-1.63118772137432,-0.573644547657047,0.0254483956440347,0.594160486907671,1.58345212582197,2001.06824028731,1.00279794211354
"eps_all[11,9]",-0.399365869031477,0.0125724819569722,0.830389951200273,-2.05015755272776,-0.95237779334087,-0.424706891093701,0.148580744237435,1.27776996742351,4362.36628255021,1.00095055814179
"eps_all[11,10]",-0.184043035631499,0.0130009989388111,0.845483502066655,-1.82094436324651,-0.728702963559028,-0.174335814431706,0.367326148331521,1.48368156705263,4229.18642536529,0.999141823298477
"eps_all[11,11]",-0.146228557357858,0.0134535702790595,0.822010223795045,-1.73750574134748,-0.705329923613665,-0.152054166479433,0.400900532927609,1.43690432545527,3733.18347510145,1.00043455302852
"eps_all[11,12]",-0.0276543908673192,0.0119870962461832,0.927490030873075,-1.84064919679856,-0.65411830336041,-0.0484037163139256,0.607211754535876,1.75629996864192,5986.74163263881,1.00026780871253
"eps_all[11,13]",0.0659180474888642,0.012678593741406,0.893611923316863,-1.71803379900691,-0.531760082056882,0.0757949441766444,0.687805543538701,1.80929093020165,4967.7043103459,0.999587050002498
"eps_all[11,14]",-0.00807352988722203,0.0229186958679275,0.954945449251127,-1.89804210302511,-0.653486399638342,-0.0175414462501931,0.632976026741559,1.79260053757383,1736.11034058845,1.00269783102295
"eps_all[11,15]",-0.0674014060836692,0.0185064188209519,0.968758395721581,-1.91904204019283,-0.740801487225214,-0.070444255537765,0.58062499928594,1.84725804967049,2740.22475656205,1.00119466781017
"eps_all[12,1]",-0.0760105210596532,0.0141700709939802,0.766323225751925,-1.57060497770025,-0.589075772687753,-0.0811487830534453,0.431335283155861,1.4734887882647,2924.69056767668,1.000320615981
"eps_all[12,2]",0.86627282984937,0.0208289535590616,0.828618476368883,-0.791080180703913,0.311258334212606,0.897520327080257,1.43287786947751,2.45675586623805,1582.6115191422,1.00208634575412
"eps_all[12,3]",-0.115242131580632,0.0124799642005189,0.776247424243508,-1.60991398713373,-0.650958806509237,-0.103177315538594,0.400299921855107,1.45383147238812,3868.77671328413,1.00268905790435
"eps_all[12,4]",0.0708064163527295,0.0129031446147903,0.809967966710207,-1.52652933789083,-0.475823001634109,0.0580494006076536,0.602677998241564,1.68207667447708,3940.4385323597,1.00094249239422
"eps_all[12,5]",0.152610062624723,0.0218760419106561,0.838297216642161,-1.54396284426409,-0.407387055015424,0.167978605791422,0.716449830987862,1.76473411776524,1468.44794191453,1.00300657758914
"eps_all[12,6]",0.159016826107423,0.0175298877623227,0.962072357666987,-1.73605207386306,-0.501199916980343,0.184824262068027,0.808274517936653,2.00488537558737,3012.01549943232,1.00079369472425
"eps_all[12,7]",0.0362483585138249,0.020560464951109,0.992901714775017,-1.96707121302317,-0.630708961379706,0.0929909607263484,0.696911678711486,1.94809166709621,2332.09725881116,1.00097024619036
"eps_all[12,8]",0.0528497802304633,0.0141876815349059,0.880460933460527,-1.67106178823669,-0.529940908147318,0.0541608797964962,0.644361092913389,1.80256804315146,3851.21104741784,0.999915542419309
"eps_all[12,9]",-0.209548994404953,0.0140762591738296,0.848828257388554,-1.85641544461863,-0.777727391885495,-0.19223506616646,0.357252600436951,1.42848921566735,3636.34556971398,0.999571636817765
"eps_all[12,10]",0.649170725972031,0.0220208643719686,0.900562765983638,-1.11464857916763,0.0480478721923248,0.670669362602537,1.27966748348676,2.36461961509056,1672.47351774783,1.00204779757866
"eps_all[12,11]",-0.246432905267131,0.0131416127736659,0.857179649819369,-1.90134835936855,-0.793899211729124,-0.25879614130363,0.333711686158597,1.43656569653415,4254.47887332334,1.00004846799737
"eps_all[12,12]",0.131096347197587,0.0200279160350303,0.969031718515577,-1.7454894342679,-0.544712143351053,0.122133814896071,0.7937548372894,2.03962227928589,2341.01642814707,1.00112375469235
"eps_all[12,13]",-0.390654230742064,0.0193971407733294,0.957531169620672,-2.21622892999117,-1.06779021568055,-0.413326494590877,0.264903241095183,1.49427259763913,2436.85902095553,1.00119816037989
"eps_all[12,14]",-0.467158280939282,0.0120515101772726,0.957557254777453,-2.3258763031888,-1.08801523638141,-0.509796552419369,0.142946972600115,1.507474855185,6313.15654157267,0.999618984205924
"eps_all[12,15]",-0.0797959553297069,0.0133942276728786,0.988042646835116,-2.09560111391905,-0.737478150550288,-0.106211118346126,0.62153494401484,1.8264296001862,5441.46734667174,0.99930330623311
"eps_all[13,1]",-0.59580598601593,0.012274205357333,0.738122781244255,-2.09703600754147,-1.03932210986321,-0.629717759939928,-0.122473709917426,0.86583152894826,3616.34993974327,1.00110846666031
"eps_all[13,2]",0.703214935424681,0.0212209911773524,0.836577685803719,-0.938001269989858,0.124328626214936,0.715575784442095,1.28500923273104,2.30946448734847,1554.10809698824,1.00217733171668
"eps_all[13,3]",-0.9006349300354,0.0237861489871392,0.804103000185193,-2.37273006941846,-1.45674854433402,-0.923111928842792,-0.362676073660382,0.775017282287109,1142.81279839085,1.00551515203272
"eps_all[13,4]",0.70639995607503,0.0138486114598304,0.815114168489608,-0.95167598264886,0.167716541765066,0.729621845067925,1.24796658814532,2.27718539592942,3464.37122646485,0.999611541166761
"eps_all[13,5]",-0.288005554977673,0.0142229810293925,0.831183597895349,-1.93129280515533,-0.825696041159711,-0.277637198646897,0.245034934262573,1.40580199543447,3415.1726787618,0.999399049331649
"eps_all[13,6]",-0.047412872105693,0.017241734212726,0.97774045034722,-1.93337297625299,-0.677970414813905,-0.0673492582523659,0.614891738599122,1.90761481738891,3215.77217961058,1.00240050818248
"eps_all[13,7]",-0.135236691176861,0.0169652971078958,0.97612149706092,-2.06863308307487,-0.799021728000471,-0.110273065952056,0.49861135157739,1.8264625002042,3310.43309615026,0.999666144143363
"eps_all[13,8]",-0.692168875528642,0.0151359291334245,0.86479462731462,-2.36776396380362,-1.25495764757243,-0.709487366917936,-0.116784240864035,1.03230543628934,3264.43326156226,1.00182386337407
"eps_all[13,9]",-0.654786402486149,0.0150873630837347,0.853732098360569,-2.29246008664508,-1.28436752126061,-0.654710328937531,-0.109749530797651,1.07185835385948,3201.96467620254,0.999860074906778
"eps_all[13,10]",0.466000868231993,0.0135365633692038,0.853554357087691,-1.22623951514705,-0.0983241646799947,0.452622514026061,1.04325329345511,2.15758251924191,3975.99221920196,1.00014982121248
"eps_all[13,11]",0.0767958370963973,0.0135809874327974,0.834493506462759,-1.63399926329845,-0.475199573660385,0.118193937074144,0.628303231039269,1.67136948486075,3775.57610223197,0.999703238958505
"eps_all[13,12]",0.0132416064394449,0.0133937338938087,0.933040921181695,-1.82660615647429,-0.582859361938664,-0.000727839409923238,0.651486831996228,1.82522010184177,4852.86321766511,0.999362489613079
"eps_all[13,13]",0.156612981904114,0.0144632305604584,0.933418856896532,-1.65127825555946,-0.480129940422945,0.187564227785572,0.774982273578668,1.98812658486745,4165.07208029707,0.999900332058992
"eps_all[13,14]",-0.353006067950188,0.013846698548193,0.965207858537564,-2.23237759488621,-1.0129359784505,-0.366194681940315,0.283645782580878,1.5765956162192,4859.02600682705,1.00063389867879
"eps_all[13,15]",0.102436100032908,0.0140642809629722,0.947872324708516,-1.76833755494992,-0.532836871115666,0.0889389974466216,0.730599748823095,1.95904489769598,4542.18291068877,1.00068046105163
"eps_all[14,1]",-0.6601830803505,0.0116199075248796,0.721923451513293,-2.1040418953643,-1.12105612114583,-0.650120496355048,-0.210603031471929,0.805520905122017,3859.90802569264,1.00096481976156
"eps_all[14,2]",0.90290723182512,0.0124901715855057,0.798346439736042,-0.72524965826679,0.407497606282068,0.914929761939668,1.42428073573624,2.40887864266447,4085.50716566132,0.999894798892631
"eps_all[14,3]",-0.202503558026957,0.0191149260531552,0.771980840398467,-1.65121262865865,-0.741810425690336,-0.215076761106315,0.321425576193923,1.31865268535473,1631.05196988052,1.00248275238284
"eps_all[14,4]",0.833817768477884,0.0119345473284099,0.78506030567992,-0.727153637525509,0.321706908537665,0.861034371492083,1.37871571189026,2.33734980216926,4327.0721424761,0.999783854294703
"eps_all[14,5]",-0.508258064255258,0.0355554633849775,0.859275785085066,-2.07105095984446,-1.08168904927307,-0.512890727835944,0.0574219187826488,1.2572060771445,584.053270864013,1.00811657488433
"eps_all[14,6]",0.00647970749308552,0.0143862051141029,0.917225343447857,-1.77184396306912,-0.631213347273342,0.0182578968884286,0.606914790163179,1.78885986402407,4064.99107076596,1.00002263491767
"eps_all[14,7]",-0.0398077273196979,0.0160763746264437,0.920218958849667,-1.83961569510757,-0.666545289647154,-0.040871948831629,0.578372673351832,1.77178063401836,3276.46940719376,1.00066076591201
"eps_all[14,8]",-0.305298710095512,0.0329138289489688,0.859382974545642,-1.92490041481088,-0.879002176786809,-0.340643198443283,0.26709302060149,1.41248033333555,681.736702144187,1.00607835948649
"eps_all[14,9]",-0.0551315013462505,0.0137372297207574,0.833448371135735,-1.67888469539146,-0.604828636309891,-0.0576598296760088,0.483330434476143,1.64020048052325,3680.94291811643,1.00027136542946
"eps_all[14,10]",0.265782651827503,0.0173828880137696,0.877189221253156,-1.3816728177742,-0.375096680718697,0.26339376878893,0.878349041602119,2.0399657065182,2546.49429991363,1.00212905627106
"eps_all[14,11]",-0.127952449717246,0.0121657957276936,0.839556945329051,-1.74804508772592,-0.677844672349831,-0.153766054978538,0.433755418543386,1.56774635196953,4762.32771112122,0.999525407496777
"eps_all[14,12]",-0.370886523268278,0.0148059287196032,0.945178579231386,-2.19993339076882,-1.02369510693856,-0.385557537440072,0.289810208489792,1.46040470083222,4075.27042447913,1.00033385531977
"eps_all[14,13]",-0.0629985742746763,0.0137036047531317,0.970032882547458,-1.94192472787954,-0.696677960707457,-0.0700331016814034,0.580336004129314,1.83384696790762,5010.75611140515,0.999847381066788
"eps_all[14,14]",-0.034929737315986,0.01571422567955,0.93657474225756,-1.94176618917227,-0.652624322604025,-0.0293027061297003,0.640755439279072,1.70546561899442,3552.21227749681,1.00099893609791
"eps_all[14,15]",0.122455255350481,0.0123333619138324,0.949881506127285,-1.77989412088728,-0.49271518969088,0.127018937838752,0.732883325747326,1.9978432453654,5931.65540212784,1.00025461869094
"eps_all[15,1]",-0.545638961496811,0.0281932571475287,0.787127170059585,-2.01154215806426,-1.08758445017771,-0.567873598351985,-0.0275381243455294,1.03403598771889,779.469815835629,1.00410067188916
"eps_all[15,2]",0.0544877402971261,0.0118248569448715,0.788667110913847,-1.49447011581758,-0.460396782063709,0.0459461346268788,0.571789227146802,1.61328365624092,4448.31639370455,1.0000136385963
"eps_all[15,3]",-0.0732986021546262,0.0114658091828185,0.769820804668329,-1.63071622376653,-0.581177561827769,-0.0658937159694819,0.436162654139049,1.44181051325729,4507.85427338693,1.00077034779378
"eps_all[15,4]",0.278959588290102,0.0162838874753509,0.795284441480024,-1.27389198912613,-0.244228912411885,0.262732790851715,0.792589604749733,1.92121623661446,2385.22189424712,1.00173695753503
"eps_all[15,5]",0.285108713639317,0.0162346898788009,0.844273002891943,-1.4298428993014,-0.284711588653476,0.289606622822116,0.864524002264507,1.91053675514588,2704.44286220559,0.999347978615127
"eps_all[15,6]",0.134026404459975,0.0174777556579647,0.974650632160005,-1.79102607015805,-0.488453065195773,0.124232356003455,0.793822096727873,2.05349117598797,3109.75812030294,0.999999767752079
"eps_all[15,7]",0.0583326448105973,0.0290958385168702,1.04028761627205,-1.98672950690999,-0.6703151837407,0.0768149725801188,0.780616126638758,2.12873703147932,1278.33624227247,1.00161159671163
"eps_all[15,8]",-0.141135503938058,0.0149010167465789,0.863678017597289,-1.82031486711384,-0.703252627081574,-0.139071472246999,0.447414429020701,1.54706320102903,3359.47896758335,0.999864585337814
"eps_all[15,9]",0.982472582818401,0.0284221616295442,0.887380757842474,-0.746217852599134,0.384432961561723,0.982491171285952,1.5904376065881,2.63120898119009,974.778192325026,1.0032231198639
"eps_all[15,10]",0.467990151415499,0.0145225037484241,0.883917362787237,-1.26216996500913,-0.112636628628111,0.470382897661854,1.06986475928876,2.20039650195069,3704.59157884465,1.00054009138728
"eps_all[15,11]",-0.206505771312386,0.0280974984629585,0.909979960193522,-2.03255467547897,-0.812972986921087,-0.20617734051133,0.410440943965498,1.46862197552119,1048.88613428993,1.00618324844722
"eps_all[15,12]",-0.232664479869507,0.0170319625947889,0.980935216114453,-2.16848099052392,-0.914980559766611,-0.234437807252803,0.425828583777035,1.7281222771,3317.04423498218,1.00111919090074
"eps_all[15,13]",-0.0265945607873654,0.0234047737684366,0.991478206435267,-1.92598594128072,-0.702219418675703,-0.0236367032413601,0.659053137027897,1.87740553041635,1794.55779557091,1.00239729450325
"eps_all[15,14]",0.252770725589852,0.028505284309659,0.973268793180061,-1.691990713257,-0.423778934536523,0.269845126671563,0.934556589911664,2.14163701032007,1165.77528239188,1.00469105283976
"eps_all[15,15]",-0.249886614857461,0.0191572521678236,0.974157286742938,-2.18873009673063,-0.896636700172425,-0.243885093309608,0.441368580972362,1.60221982687738,2585.78097034056,1.00083183014269
"eps_all[16,1]",0.988294015118402,0.0157925873875631,0.757579271113237,-0.629544833364099,0.506495342429626,1.01287942622168,1.4757641569485,2.45762265132201,2301.17468918295,1.00177968202338
"eps_all[16,2]",-0.487304779662849,0.0140096726321638,0.794192570439715,-2.06462812911069,-0.997693882280741,-0.471632312571612,0.0166683804681177,1.09507807069826,3213.62846625173,0.999521651370872
"eps_all[16,3]",0.529483442739334,0.0123540915543629,0.754623498732982,-0.954861765504226,0.0168506429034882,0.539778957588557,1.02366142284578,2.02046289141397,3731.1182964247,1.00084085204424
"eps_all[16,4]",0.180772152082569,0.0136996443897486,0.794583059894073,-1.4099082060005,-0.330278728500986,0.178867150815268,0.676254139593085,1.78287063694632,3364.03120478629,0.999660568532728
"eps_all[16,5]",-0.170699785680382,0.0159442941702308,0.873403846488166,-1.8229801564351,-0.734363650797375,-0.17440062206807,0.371074514867712,1.69901092264939,3000.67944673418,0.999475305612336
"eps_all[16,6]",0.205487305378911,0.0218955449110866,1.02568354670925,-1.81889195885928,-0.475249489002651,0.217377768665443,0.919119878307377,2.19735791966468,2194.39730934411,1.00181701967951
"eps_all[16,7]",0.106600239616687,0.0206319918335744,1.03278473501877,-1.94960289539423,-0.582861570157006,0.112772243521991,0.815716040987275,2.12407218834623,2505.74750184044,1.00051368629627
"eps_all[16,8]",0.242910396261141,0.0150838956806628,0.894910741434542,-1.52420499305284,-0.35413302382515,0.248289477344013,0.824148398027594,1.98422785605819,3519.91682539567,0.999515020207466
"eps_all[16,9]",1.20892942869937,0.0165671936251889,0.869866532695766,-0.506674346615247,0.658196619765404,1.20589854082212,1.81619345879471,2.87778643042338,2756.81325477341,1.00073056334394
"eps_all[16,10]",0.464665531923308,0.0132801340364417,0.871976235638018,-1.26335918409691,-0.148028009136193,0.463433950312568,1.0547430217297,2.14241689496302,4311.26165419102,0.999865155318323
"eps_all[16,11]",-0.628161042772547,0.0135393223127305,0.853983658317445,-2.32481098666968,-1.18141674585617,-0.650262190194964,-0.0595760447704749,1.08750270866495,3978.3708700427,0.999417464981831
"eps_all[16,12]",-0.249859513191096,0.0141024251739814,0.923163750330647,-2.04737576701868,-0.881528841879168,-0.232806420710242,0.342169806001464,1.56787190028847,4285.18797403263,0.999755691993175
"eps_all[16,13]",-0.09143580231103,0.0150802279640483,0.962128929516996,-1.97982060156073,-0.726733798781977,-0.115790301873257,0.545935563317009,1.81498849201856,4070.52787569808,1.00053109496363
"eps_all[16,14]",0.314375750093788,0.0187034718754138,0.959407189624312,-1.55724575703657,-0.350577004630227,0.330224202237333,0.987392429982609,2.19036232885328,2631.24613620084,1.00051910879969
"eps_all[16,15]",-0.299891517177949,0.0234598796406241,0.976151757156888,-2.12013732225228,-0.945357869220295,-0.327172920434642,0.349501307472859,1.64504138951241,1731.34302410031,1.00195119193037
"eps_all[17,1]",0.563741211486159,0.0205209408950591,0.749320481771474,-0.848221587966954,0.0580967076957788,0.550278625845753,1.05523508119874,2.10934201145461,1333.33926396918,1.0023970472055
"eps_all[17,2]",-0.761408237715368,0.0192358854751485,0.821329538151516,-2.33069182062274,-1.32891780116433,-0.765563984872026,-0.245661729630422,0.964034711963854,1823.10011517624,1.00334421343615
"eps_all[17,3]",0.18597418104968,0.0160248870748227,0.790346359880983,-1.38406209973347,-0.325273567917122,0.201333975472317,0.695788254608462,1.7575024069175,2432.45580970254,1.00036527936986
"eps_all[17,4]",-0.312009615515453,0.0382900478254301,0.879268363285592,-2.02667637217326,-0.894950670631485,-0.342705960490888,0.269268967618181,1.4976269651816,527.31615515587,1.00942325346235
"eps_all[17,5]",0.461602346410008,0.02161775579683,0.878152115607898,-1.32993172362629,-0.117279562262157,0.502808398819147,1.06593164227263,2.07461496662475,1650.13049686437,1.00123980366331
"eps_all[17,6]",0.547175592165408,0.0231757789612157,0.907365217819825,-1.28322318195003,-0.0672263203940037,0.549245618083392,1.16906205435412,2.28741381567667,1532.83558641983,1.00063517965761
"eps_all[17,7]",0.473671231411479,0.0207957442431641,0.933428120955959,-1.39878767149084,-0.162136205500477,0.492885295026342,1.11200675976211,2.22943144170894,2014.71131646317,1.00181911409551
"eps_all[17,8]",0.551784821163645,0.0153257847567235,0.932833345667313,-1.28080378852589,-0.0665720721912439,0.530842542339816,1.18748456333211,2.34796700918648,3704.78219606579,0.999645697198943
"eps_all[17,9]",0.429950746057839,0.0261258214501055,0.905515103365073,-1.29821434800769,-0.194393438201382,0.403827568172735,1.0239557583487,2.30524674361652,1201.30003015204,1.00145181987618
"eps_all[17,10]",0.121717019508274,0.0197512075490681,0.960909686912699,-1.82311173793433,-0.504044184863907,0.119352382002299,0.743299249555369,2.00445087854479,2366.88870795911,1.00110931833672
"eps_all[17,11]",-1.26389882160383,0.0169728565552249,0.962410719338165,-3.1547906155452,-1.9049795021866,-1.25082398234082,-0.646651518728647,0.673134857764962,3215.22241883095,0.999940014211913
"eps_all[17,12]",-0.445588096917405,0.0312542627317233,0.967480083835192,-2.26215752549944,-1.109606177146,-0.438161716702639,0.223666295024642,1.41994025666349,958.220703072488,1.00234375638988
"eps_all[17,13]",-0.104668056520897,0.015060353503797,0.968091070201199,-2.05080148946483,-0.753724243917285,-0.103684416703492,0.56688416994658,1.82107919244462,4132.01696928207,1.00293649166151
"eps_all[17,14]",-0.15548803613823,0.0303307787243789,0.949995505646432,-2.00319434432157,-0.8183812459812,-0.16863728229558,0.489508068879413,1.63973374171154,981.01575003753,1.00243565032104
"eps_all[17,15]",-0.257654009559968,0.0135390529201311,0.973920884956902,-2.1693963880506,-0.929219240976074,-0.247144363218393,0.358199300702183,1.67274121797497,5174.52853871401,0.999778960623386
"eps_all[18,1]",0.400332409861876,0.0132073601988216,0.738863952745538,-1.04592983016484,-0.0859172081933379,0.426647461988559,0.894697042968393,1.84095613246122,3129.65822765019,1.00043316112885
"eps_all[18,2]",-0.224017544458056,0.0126175974094697,0.774458723041781,-1.76805710293117,-0.751831029443667,-0.193475088043097,0.278667837270047,1.27793599345277,3767.4128875232,1.00134394055476
"eps_all[18,3]",0.466788610762291,0.0116049348670692,0.780697011898007,-1.07171215559103,-0.0347276969061256,0.466103177015921,0.976058676973154,2.04175068521865,4525.63599149196,0.999814433371116
"eps_all[18,4]",0.336527109391217,0.0152510370451251,0.814167362755761,-1.27954700562414,-0.19713117054417,0.356835600037219,0.884033780279357,1.92992298640579,2849.89346835282,1.0000644998729
"eps_all[18,5]",-0.0570069785642606,0.0133140124361525,0.837053665329906,-1.73928333252619,-0.595127019131186,-0.0689820993572585,0.515048140447274,1.61359342364783,3952.65298789318,0.99981641935209
"eps_all[18,6]",-0.103321644763068,0.0174652572844716,0.828160769954202,-1.69343997564686,-0.687638516408785,-0.0938545613721565,0.472231476453077,1.52790641511456,2248.42980049918,1.00335919212095
"eps_all[18,7]",-0.0721888798901943,0.0174648481297958,0.862588700427644,-1.71181190437742,-0.667416438283388,-0.0884130056128288,0.48708361722974,1.68526747809903,2439.37125894612,1.00176248539107
"eps_all[18,8]",0.683299108466373,0.0200396721712374,0.881719250885248,-1.12953699670436,0.092168731447108,0.689970664042648,1.30798613510278,2.33999442405783,1935.88440257262,1.00187454673335
"eps_all[18,9]",0.137121587680545,0.0129573278915288,0.840620702138651,-1.55376550644814,-0.38533589777773,0.152987820426503,0.662984783446599,1.80706323380971,4208.90636962813,1.00042453018555
"eps_all[18,10]",-0.198997857667457,0.0158356676772451,0.866855568634257,-1.83521668482793,-0.780180748565471,-0.198221878034292,0.347822630430174,1.5495509730524,2996.544478566,1.00180059420604
"eps_all[18,11]",0.108881923229757,0.029006211278931,0.999335475348562,-1.77960932436001,-0.599582825782989,0.1119330348704,0.809402298799321,2.02697330313388,1186.97233621102,1.00353906957945
"eps_all[18,12]",-0.106526767421902,0.0135501379585305,0.91634841749662,-1.95619242938235,-0.695535685041612,-0.11004045962757,0.492883299486503,1.66952688679565,4573.3436304551,0.999294719695387
"eps_all[18,13]",-0.0927464742747961,0.0129375312855661,0.895964902269142,-1.87066254779496,-0.697706001775059,-0.100427707397873,0.53194892324712,1.65668832029544,4795.999936009,1.00025226729536
"eps_all[18,14]",-0.0301622672677631,0.0132360076401887,0.964321404758062,-1.92093513089441,-0.677441684178541,-0.0637356166085253,0.634593223021312,1.81533253026539,5307.98387914919,0.999603021583316
"eps_all[18,15]",0.124084444172785,0.0131357402877846,0.950745574468845,-1.76518423881202,-0.507457094319414,0.162352957847509,0.76242009361848,1.90441372077753,5238.65162675002,1.00139722315842
"eps_all[19,1]",-0.0402028043427507,0.010861277233676,0.722228658302076,-1.42004293016819,-0.530500241133983,-0.0439289974576387,0.430549593748401,1.42886968082667,4421.68333166457,0.999587631081543
"eps_all[19,2]",-0.150451543167876,0.0115605522333294,0.77356086638922,-1.71981257199298,-0.649173174284529,-0.143355241476643,0.364969918711131,1.38783331939815,4477.46110301751,1.00019910560153
"eps_all[19,3]",0.751709058773888,0.0113881873823872,0.746481546110448,-0.710001652885172,0.268493257583783,0.774073327478241,1.24356994014594,2.20018086328697,4296.63975965081,0.999557580478717
"eps_all[19,4]",0.338382792922043,0.0188265252440497,0.781388643314938,-1.25356581898379,-0.16185655022414,0.355662955708813,0.881024133177893,1.82370690633251,1722.6373047102,1.00270037220412
"eps_all[19,5]",-0.194876946627458,0.0118376798274514,0.820064198722638,-1.84164317504208,-0.74020415724599,-0.211738997109705,0.356116083110107,1.38323139623545,4799.13012814626,0.999455449599501
"eps_all[19,6]",-0.212743095100483,0.0297851223946497,0.852954783089078,-1.83639653815567,-0.776990744024018,-0.231547871678763,0.354458503572187,1.42585564562299,820.074371369382,1.00568376194845
"eps_all[19,7]",-0.160714655357418,0.03309629386185,0.860127993727956,-1.84204533515416,-0.765989686063089,-0.162281435517952,0.404417036598019,1.52003334415326,675.40992294132,1.00752896864462
"eps_all[19,8]",-0.148535031843143,0.0145416419303449,0.875063606461472,-1.92610974189949,-0.724552061101504,-0.163361339120735,0.42312900841572,1.55638554124538,3621.19866179199,1.000121558083
"eps_all[19,9]",-0.0935527352740537,0.0132967621912109,0.825830637316932,-1.70463709207998,-0.645577479201831,-0.0816896211831224,0.460218005297426,1.53867224441106,3857.3600485078,1.0005781691856
"eps_all[19,10]",-0.172619766643546,0.0125723302551416,0.834212096950628,-1.8194843122849,-0.724265101380571,-0.194593471022593,0.384451506431227,1.4592001726445,4402.72343290001,0.999891614433587
"eps_all[19,11]",0.00213412330825905,0.0163755083346176,0.853046612208927,-1.57125981056429,-0.587873340250523,-0.0139017924337196,0.558301785253396,1.73221631604275,2713.66319425507,1.0025209516749
"eps_all[19,12]",0.0312514302023826,0.0301881356123,0.985534109060734,-1.85372659837217,-0.628817470787564,0.0339114782628366,0.69302144094782,1.93207274166496,1065.78777600597,1.00330558728096
"eps_all[19,13]",-0.16750529501838,0.0134412407899901,0.935895393312058,-2.00879857541554,-0.773818080149989,-0.1653613856524,0.433237257874434,1.68528369150464,4848.14830799879,0.999172404732351
"eps_all[19,14]",-0.0424886221458689,0.0154732538108667,0.959276895717894,-1.931264880486,-0.690530479523486,-0.0479587771808897,0.612975019588253,1.81339156337714,3843.48039647584,1.00028657812803
"eps_all[19,15]",0.281914395085108,0.0142830016208274,0.983363839012245,-1.64784533194435,-0.370314262832583,0.285947886214514,0.923423186289174,2.19583707155255,4740.12175514101,0.999478793446937
"eps_all[20,1]",-0.832547097271314,0.0169817925144309,0.790841893498346,-2.30696164120017,-1.3662022620753,-0.861137853844459,-0.333694992300538,0.786000765519741,2168.76389137132,1.00041241298278
"eps_all[20,2]",0.322636370909273,0.0222983489479519,0.838002685968447,-1.36786463623889,-0.257670282367525,0.336795994452487,0.921474869449141,1.90644178769832,1412.35999051219,1.00489496254931
"eps_all[20,3]",0.524533086134419,0.0174648897064767,0.77703470735297,-1.09680129516029,0.0357230233819544,0.552544939012803,1.02978142553031,1.97249305264224,1979.47098621918,1.00215221182609
"eps_all[20,4]",-0.12577719065237,0.0169215799699738,0.831514758935249,-1.82886695711261,-0.665293054786264,-0.146152394613021,0.426724734264023,1.52426115842972,2414.67175882277,1.00173189555095
"eps_all[20,5]",-0.53567236591204,0.0195675963547266,0.8819138200894,-2.26115036015968,-1.10346470080451,-0.564811990190304,0.0276931522986515,1.27947286641573,2031.3152758253,1.00069311915034
"eps_all[20,6]",-0.712298177326734,0.0295716959277972,0.930740508020178,-2.40072821613359,-1.36448978037326,-0.746367009099394,-0.0933774291927661,1.1391755042936,990.614699052648,1.00319078728179
"eps_all[20,7]",-0.461018081771862,0.0207779631788021,0.92686851357321,-2.2572246199957,-1.08384840738982,-0.47518537706788,0.141582080829286,1.38471440453944,1989.89570013949,1.00203383549268
"eps_all[20,8]",-0.67706411807956,0.0167801636182562,0.913780211827741,-2.38660797963428,-1.27604899898172,-0.721939461058775,-0.104987940834129,1.21011915428973,2965.45348149313,1.00208808916725
"eps_all[20,9]",-0.962981372008065,0.02023541937346,0.903344795826779,-2.65499221565161,-1.58804637588213,-0.981476557950719,-0.367511596433883,0.909157731876369,1992.88700353271,1.00106119112824
"eps_all[20,10]",-0.522994542733013,0.0161807663745226,0.918393826693373,-2.35672126987341,-1.14160786087426,-0.535056922213269,0.0957026568457472,1.27371990994514,3221.51187700593,1.0013047225396
"eps_all[20,11]",0.930198205258634,0.0146465575123566,0.856360510860656,-0.849591944247476,0.38693122115479,0.962658308423914,1.49674780412318,2.60043546289412,3418.55162378459,0.999513535084414
"eps_all[20,12]",0.165192656630832,0.014114894396353,0.911371208140885,-1.62444900937558,-0.440981899755266,0.198307515147666,0.753516935179265,1.88994785179174,4169.03309006527,0.999665977968245
"eps_all[20,13]",0.23334752187991,0.0158520844060658,0.926522763029378,-1.60443875669456,-0.382159062740747,0.243491072776874,0.875800750316694,2.01377267385189,3416.16968965878,0.999805422886395
"eps_all[20,14]",0.216613918717464,0.0134839441447682,0.958902431183844,-1.62187509986981,-0.444064614824062,0.196748840527222,0.866168240947284,2.0884712309828,5057.25613317455,0.999774085478672
"eps_all[20,15]",0.119820009528346,0.0120683018494199,0.983817999862152,-1.83759565289005,-0.524837045777108,0.134556333052854,0.767121986103737,2.00349917819296,6645.64594554468,0.999332749251055
"eps_all[21,1]",0.384380444931723,0.0181166326069963,0.799559673192541,-1.30747923366077,-0.141991152563773,0.429990694112985,0.937620856858724,1.88689348715491,1947.810977777,1.00037891738329
"eps_all[21,2]",-0.261019766693785,0.0164521433995047,0.818750634799627,-1.85599488960229,-0.805165647837562,-0.285686969994824,0.257969219410634,1.44443671386336,2476.61401918497,1.00100264523088
"eps_all[21,3]",-0.498171283817334,0.0210123744226415,0.832790930896873,-2.07660012468441,-1.05280460808931,-0.533477131148006,0.0425419008525984,1.19752104404497,1570.80296440481,1.00134315800989
"eps_all[21,4]",-0.818415756775251,0.0224510587270643,0.877853810000896,-2.50658077827174,-1.42144803320212,-0.828445838978366,-0.251884360636605,0.9415037572954,1528.87065506964,1.00037296914394
"eps_all[21,5]",-0.312709968887012,0.013310147889452,0.840616763441564,-1.95842161865367,-0.885816691054166,-0.31313869456889,0.254517628055247,1.37802202266531,3988.69042695455,1.0009560413073
"eps_all[21,6]",0.143846363086271,0.0157478150524465,0.844922208256949,-1.54092506785452,-0.410858022043789,0.138602544153112,0.707472176444631,1.82396381702028,2878.67634811228,0.999484119945182
"eps_all[21,7]",0.445209321664709,0.0171566041667277,0.878764401863424,-1.31747761156219,-0.110798943943552,0.469491800021956,1.02608475583705,2.08944603752602,2623.50712735745,1.00152874684456
"eps_all[21,8]",0.170869488633663,0.0162160970692407,0.882269562817624,-1.56351216591431,-0.415444379197062,0.148191511763104,0.772174672153816,1.90162239240296,2960.12412891583,1.0014378675472
"eps_all[21,9]",-0.0509180726489982,0.0179235817599709,0.868436144236177,-1.77814651853374,-0.647287199786452,-0.0322619513772028,0.568700710549169,1.59765444898764,2347.61123032402,1.00094247039348
"eps_all[21,10]",0.229282180621041,0.0208046177662911,0.902073408052703,-1.59209838824006,-0.362082567762561,0.218947699622414,0.861936774098386,1.95756868499166,1880.02783333417,1.00452519945101
"eps_all[21,11]",0.726071778072808,0.0130413098812671,0.856981745306103,-0.998802206810613,0.157714604914897,0.758704196774501,1.2967555356665,2.38973110459706,4318.17971604551,0.999937627127748
"eps_all[21,12]",0.247634868718685,0.0174131741614102,0.970885372651429,-1.64607021893293,-0.432837985121395,0.266551845382115,0.910232454099837,2.06995928544229,3108.70870047144,1.00178591242929
"eps_all[21,13]",0.31261135329146,0.0166068727178928,0.921885307101937,-1.50476850230334,-0.309486523188747,0.324690769237832,0.970865023859438,2.06334796326739,3081.61282206225,1.0028823690926
"eps_all[21,14]",-0.236321186619434,0.0163254652080606,0.986601588826235,-2.16519860517731,-0.951050803502074,-0.226472428986906,0.449587279986048,1.67609631595641,3652.18265514662,0.999908924970963
"eps_all[21,15]",-0.259439439486802,0.017348650521027,1.00179577285129,-2.21606965714611,-0.933428070216081,-0.27561823132152,0.421777594211595,1.71398696455577,3334.47136827161,1.00016185627478
"eps_all[22,1]",0.303666254555723,0.013840681333146,0.740196341942763,-1.21224441351096,-0.172603599562398,0.301308034774007,0.806628380471482,1.74389946667043,2860.08493065766,0.999973903598554
"eps_all[22,2]",-0.00768659950647915,0.0168463272023408,0.838383630064476,-1.61581235272677,-0.596835557738861,0.010419949875161,0.554854474602136,1.6390696904946,2476.70976496977,1.00195390102669
"eps_all[22,3]",-0.072494726344311,0.0146480159034895,0.809672669473544,-1.69312871150797,-0.615059091649232,-0.100322937080204,0.461401138280148,1.55558936868229,3055.3527222195,1.00148460414686
"eps_all[22,4]",0.792515521715665,0.0354655329462768,0.930254214110724,-1.11111752703368,0.18363798301459,0.821478892681629,1.43424105583964,2.56431070364376,688.002967220829,1.00576995257652
"eps_all[22,5]",-0.641609773182827,0.0327249664219594,0.924144785698947,-2.38344719173531,-1.28070953005095,-0.675083446631199,-0.0346985118756014,1.15754749907771,797.483333680643,1.00296611169247
"eps_all[22,6]",0.0954853436963236,0.03152558812525,0.904019188506233,-1.68726146844003,-0.512157228229614,0.103707433803955,0.682021446244824,1.78278998259428,822.297373394762,1.00655175500417
"eps_all[22,7]",-0.364484128693811,0.0186741627523884,0.955254476518238,-2.24169489785333,-1.0018626659962,-0.389530170514944,0.266241781959845,1.55955084757949,2616.71174704573,1.00014309401986
"eps_all[22,8]",-0.629927176066244,0.0185235272274121,0.898574815091324,-2.36764061960407,-1.25085913950848,-0.644048030998838,-0.0248469070047228,1.17606025223144,2353.21229216704,1.00220020246087
"eps_all[22,9]",-0.390147282303662,0.0134540035258777,0.839725035011607,-2.02839378920999,-0.953570673968332,-0.387444658777496,0.151186206559642,1.27866123903931,3895.57103446943,0.999703995386278
"eps_all[22,10]",0.538812059599978,0.025058490897831,0.920652088887443,-1.28706913100615,-0.068042237824801,0.560949834781355,1.1631966003697,2.30685612781284,1349.83678791797,1.00232543164883
"eps_all[22,11]",-0.126931215863838,0.014093008424355,0.890890220733102,-1.85555183659465,-0.7276341655526,-0.139567567680328,0.436318961613608,1.63853543761056,3996.14244366721,1.00167409267575
"eps_all[22,12]",-0.0177921617370287,0.0154096132356321,0.953317005315071,-1.88819690835755,-0.670817479250012,-0.00931137532382493,0.590767851133268,1.86352019044587,3827.28852265804,0.999649659704244
"eps_all[22,13]",-0.227945884718245,0.0174962994830784,0.928688067763834,-2.09031494718106,-0.839485258782578,-0.218357112351138,0.420223275675833,1.58371036032217,2817.39230008781,1.00155103117901
"eps_all[22,14]",-0.282023531862022,0.0143002179720631,0.992415224834995,-2.20061063244041,-0.959604795110585,-0.263023075390929,0.413999840082206,1.70862509937554,4816.16682608749,0.999998820818661
"eps_all[22,15]",0.217083607728673,0.0483419589009731,1.04202985565646,-1.76268267274895,-0.497295464157476,0.189028420613021,0.877522902582026,2.63048117146972,464.634907773889,1.00874720691649
"eps_all[23,1]",0.0528383271283744,0.0185591465658517,0.769607280029366,-1.42112625472803,-0.470468191031094,0.0457677636840635,0.579745947540909,1.55880494458259,1719.5797866879,1.00094069679426
"eps_all[23,2]",-0.558266997797948,0.0166181207852387,0.875296218906285,-2.29051223047839,-1.13076933132077,-0.55902499003307,0.00494762580950167,1.21527028333076,2774.25439283738,0.999738432917273
"eps_all[23,3]",0.576324868206464,0.0161065301873448,0.861321304569527,-1.14909724208607,0.00911304374633995,0.605619337870287,1.1599721359651,2.2206568102648,2859.73899396558,1.00237954337758
"eps_all[23,4]",-0.778332748873426,0.0189684451254774,0.873223973996687,-2.47705221809069,-1.38704022652583,-0.77408533248949,-0.2024149431499,0.979606674634248,2119.27754288195,1.00203938831117
"eps_all[23,5]",0.672511011464756,0.0247310466206284,0.919622791336611,-1.18610202437758,0.0331680448662938,0.682927646331267,1.28012214251958,2.45831855304134,1382.72068482897,1.00050831594498
"eps_all[23,6]",-0.161042994399987,0.0181776750204041,0.896166630865552,-1.90106870376614,-0.784272403460661,-0.18153979622604,0.449816532410622,1.59858153061513,2430.52933866967,1.00170930399178
"eps_all[23,7]",0.815913151710211,0.0207903038949202,0.940979547250339,-1.08293946985919,0.188031956822732,0.833250544010299,1.47635294326125,2.61968160132579,2048.51285073347,1.00442527488328
"eps_all[23,8]",0.0950526911464402,0.014163933541159,0.906629298634001,-1.67728811442317,-0.503808634610983,0.072406059480265,0.678574353032312,1.90661446229327,4097.24315690642,1.00074081546818
"eps_all[23,9]",-0.465905785130646,0.0215210220321759,0.980688755647875,-2.3580078806112,-1.13825702728285,-0.48931252737493,0.226984579223015,1.41158630399369,2076.5223382385,1.00025252598893
"eps_all[23,10]",-0.166961795182644,0.0212547323691017,0.922776058157392,-1.99595234820088,-0.809549267343369,-0.163140552695123,0.470631058731448,1.56899283385788,1884.869792254,1.00328916008532
"eps_all[23,11]",0.866028609975742,0.017187958195554,0.890582313853892,-0.917818717456026,0.284806415969528,0.88544305848653,1.49217790791827,2.53652234758335,2684.72344211713,1.00329554867314
"eps_all[23,12]",-0.289383601282117,0.0180627084348112,0.948176283547369,-2.10674345964581,-0.921530447612455,-0.304037461918423,0.371736204595293,1.58032591506082,2755.57625106189,1.00040967051211
"eps_all[23,13]",-0.487980668122931,0.035753846217608,0.961934615140271,-2.33793716068626,-1.14060291399157,-0.474223097314432,0.16574894385571,1.44486344483548,723.84498600483,1.00695019403909
"eps_all[23,14]",0.198833312302621,0.0124842376871785,0.954809284521215,-1.66468945159301,-0.453022693724609,0.162393079882675,0.856037023583557,2.10490923474788,5849.37156569146,0.999399313073418
"eps_all[23,15]",0.0119357146663178,0.0119264725391168,0.982385282574757,-1.95973990929506,-0.637056775663903,0.0206904921682635,0.687743639615645,1.89819905191881,6784.8409280642,0.999456860152623
"eps_all[24,1]",0.703434670167623,0.0195405165394758,0.837192972176066,-1.01823540453766,0.17026095347364,0.71107898783258,1.26397389281195,2.30060542300226,1835.60430850415,1.00400541994618
"eps_all[24,2]",-0.39680879854993,0.0209094981111352,1.03850176250354,-2.41641136420294,-1.1079503906161,-0.398859047932377,0.307369382392632,1.57335202895421,2466.76205155015,1.00106664903064
"eps_all[24,3]",0.163736178363218,0.0162796918032653,0.863664066538848,-1.49537898706121,-0.390591406994679,0.128544074119821,0.716908615118953,1.94070216614309,2814.4746666695,1.0002122669372
"eps_all[24,4]",-0.294034769717725,0.0299476711919102,0.877025430339738,-2.01367332247768,-0.898022274775587,-0.285029849630025,0.30453290730574,1.35341437543408,857.626635329769,1.00348044114184
"eps_all[24,5]",0.186527282121749,0.017865766822754,0.906190361367571,-1.57940748373717,-0.437618298844269,0.190912833132629,0.783308212370223,2.01519790808169,2572.73795830775,0.999805090438153
"eps_all[24,6]",-0.495775368199694,0.0264431053153117,0.962991332561577,-2.3175846940036,-1.19869840441248,-0.478515876631028,0.141060164397502,1.45530035018732,1326.23305228359,1.00439601821906
"eps_all[24,7]",0.0331587239473579,0.0223611625132449,0.97272604702126,-1.79175868985903,-0.621054038393324,0.0221152254332378,0.701813244371644,1.96130403047379,1892.31021914946,1.0025074125219
"eps_all[24,8]",0.60512114756587,0.0178556557094852,0.946015643290473,-1.30124304066083,-0.0085370944228974,0.638365474019856,1.22716641730435,2.41135607788355,2807.01691206823,0.999806797583007
"eps_all[24,9]",0.848806705511711,0.0429745790776414,1.03274836371393,-1.27434513376669,0.194213873704504,0.895631393579432,1.52678777372293,2.86910587232338,577.51832326406,1.00530032666238
"eps_all[24,10]",-0.825165054269884,0.0228275044550433,0.959468106588423,-2.6513719253184,-1.50041628046741,-0.854720216746854,-0.209570011503673,1.15354272518162,1766.62435612021,1.00229350221316
"eps_all[24,11]",-0.217721528313726,0.0161585867425435,0.9035792759144,-2.0083996222375,-0.828771662193295,-0.227643283655527,0.387579085385115,1.53066754804577,3126.98483635154,1.00037218008193
"eps_all[24,12]",-0.294623771503542,0.0175499727910275,1.01665604265862,-2.29146279570486,-0.9799718164032,-0.303574570883688,0.38236024904129,1.70215348828172,3355.79326132612,1.0004417316934
"eps_all[24,13]",-0.574006613839487,0.0179910631670055,1.04482396272563,-2.56137918742676,-1.29794120751844,-0.568413202815216,0.0960163732352395,1.52741625740081,3372.66023508377,1.00040258831922
"eps_all[24,14]",0.306637072693652,0.0132517802684317,0.948540248196375,-1.5925309180898,-0.319974639983392,0.320248981367057,0.922493054061251,2.15140500399911,5123.45675363425,0.999783628568944
"eps_all[24,15]",0.206131047906103,0.0192073764437795,1.0075167855907,-1.81631331300837,-0.464570027264008,0.211041866567045,0.924452820233315,2.16497669564093,2751.49345713974,1.00080890464629
"eps_all[25,1]",-1.27218586317783,0.024780632517765,0.885644520133745,-2.87564360778848,-1.90187085976378,-1.32224811414874,-0.701830884777947,0.586340426522175,1277.30350760211,1.00534176542984
"eps_all[25,2]",0.237230619144751,0.0197625563256816,1.01513013501513,-1.82813093845822,-0.441581448596044,0.236115698659434,0.926822575732148,2.22067865641396,2638.50061219148,1.00093281791438
"eps_all[25,3]",-1.32606442722724,0.0236316755277568,0.848151472321862,-2.93917774692293,-1.90188587937998,-1.33465287228201,-0.750653274859636,0.365375956010485,1288.12441145913,1.0025366811694
"eps_all[25,4]",-0.622559113958928,0.0271093589303226,0.900547664154653,-2.33102471670927,-1.25106463723281,-0.662094662350827,-0.0045722916449333,1.1383889368593,1103.50654351736,1.00209543206213
"eps_all[25,5]",0.999733969637408,0.0209751174720547,0.919066318780658,-0.85684714043642,0.380094100060754,1.04121925641141,1.6232835744724,2.72531564142354,1919.92780321007,1.00397451291508
"eps_all[25,6]",0.621947184230652,0.0284258986981914,0.928627331701541,-1.25191864554619,0.010077125809512,0.626113784926791,1.28622361959799,2.34335363824228,1067.22137665388,1.00647511505066
"eps_all[25,7]",0.40633561904784,0.0253073239746595,0.879937819391748,-1.29411795604011,-0.19114487041173,0.402978645659236,1.01841764847565,2.07169241440804,1208.95884847085,1.00280715102716
"eps_all[25,8]",0.329563949193776,0.0140051793449804,0.870344484905849,-1.42146052104494,-0.255851902535194,0.354151539412071,0.885284700408896,2.01907996576438,3861.93548221892,0.99947952587954
"eps_all[25,9]",-0.45774732344303,0.0124743154729044,0.883066943657632,-2.18938706995396,-1.06066830119732,-0.443778388880922,0.138260147717775,1.27248010857274,5011.33931543354,1.00045406770452
"eps_all[25,10]",0.157891399918142,0.0169725344267517,0.891210922980078,-1.59716011085886,-0.412262544995283,0.155362852186198,0.754557218872731,1.92038558352523,2757.19577874121,1.00073009566073
"eps_all[25,11]",0.243095400283102,0.0117360408661427,0.833765360842087,-1.43191610261219,-0.295687963724009,0.237170853779714,0.80078601460224,1.84757866176524,5047.12975736789,1.00110952372454
"eps_all[25,12]",-0.00412835384309676,0.0133237661121887,0.980009495758422,-1.92222189595546,-0.658109882750348,0.00139440701485212,0.642130831126313,1.86656136225365,5410.11587200427,1.00093216168482
"eps_all[25,13]",0.00978111871769649,0.013967464682975,0.980351550786612,-1.93165995138701,-0.658080814242901,0.0160578958370791,0.660544776820088,1.88891487507828,4926.38689788088,0.999998655736002
"eps_all[25,14]",0.109223644615666,0.0154785646621299,0.948246835536675,-1.70724647894334,-0.514118167581656,0.09002254956974,0.721860537514077,2.05211346014611,3753.02478531802,1.00060057470889
"eps_all[25,15]",-0.0272397645817415,0.0116051795848554,0.960395763347788,-1.88803390953877,-0.7040389510449,-0.0179448767410185,0.598127263979266,1.88120300352136,6848.5201896687,0.999511565548784
"eps_all[26,1]",0.0229870459152075,0.0222731701491158,0.976893011357988,-1.89209854069669,-0.639789586735523,0.0340291531524104,0.72681119873101,1.90377361298567,1923.66718190224,1.00258397368403
"eps_all[26,2]",0.19355773021338,0.0176491560811624,0.985408006668647,-1.77110691080278,-0.466882737521795,0.177286574035701,0.867794539562275,2.13309763224219,3117.34081491256,1.00018118067007
"eps_all[26,3]",0.0657209659719575,0.0189646226441293,0.887556725078102,-1.72290239099557,-0.504135487077153,0.0638675358803482,0.65454780487081,1.79511977196503,2190.30112830532,1.00016975389721
"eps_all[26,4]",1.04181679948157,0.0300728954011554,0.954844101236824,-0.917474674876655,0.415105831123983,1.09386065299166,1.69664439418117,2.81333524145344,1008.12515499665,1.00221539281064
"eps_all[26,5]",-0.157708779221251,0.017149809390466,0.885122309477043,-1.85516130098279,-0.759696542653093,-0.152910846071787,0.419853668346647,1.61861271084443,2663.71636908817,1.00019837219091
"eps_all[26,6]",-0.0891553438449793,0.0165047621002962,1.00743308081789,-2.07809000754585,-0.743513284042835,-0.112034201861577,0.599757108928648,1.891313559175,3725.75143643156,1.00037982335318
"eps_all[26,7]",-0.175178386898021,0.0160193321775756,1.00133187869874,-2.12119341561839,-0.86767813604668,-0.189115037861656,0.533227271826531,1.83593085243016,3907.21465656565,0.999405648134558
"eps_all[26,8]",-0.0690303605467847,0.0273892706088881,1.02169117414937,-2.15341966588542,-0.751954123910001,-0.0449292018692568,0.622380010340506,1.81575651651411,1391.48442528306,1.00375659426496
"eps_all[26,9]",0.0313467526108276,0.0148891688121155,0.989163874505331,-1.92028085240491,-0.623756112411731,0.0599749731430186,0.681442628492136,1.96548255181747,4413.62657736603,0.999988988213732
"eps_all[26,10]",-0.321846313416496,0.0143060159478576,0.920736270410629,-2.09125633581487,-0.934811077822689,-0.362416434724155,0.280446454480638,1.56370090965861,4142.21935347722,1.00106843874927
"eps_all[26,11]",-0.553108923090906,0.0122700498836829,0.883306178270538,-2.24163338546934,-1.13661652819512,-0.537263566515902,0.02318422641304,1.24470876732751,5182.38745690927,1.00121193367202
"eps_all[26,12]",0.0357840423034752,0.0131040305465056,1.00478555169615,-1.93463281625667,-0.624462570888535,0.0254478386061547,0.716776692562264,1.96696418497491,5879.45362862505,1.00008872767442
"eps_all[26,13]",-0.0309977291632176,0.0218058423967376,1.03678352163366,-2.04119928878673,-0.766042287063402,-0.0512528741570448,0.703051945938956,2.02095143836751,2260.63493272259,1.00164211944525
"eps_all[26,14]",-0.00999150257874764,0.0175121458468248,0.989722670030712,-1.99222048734662,-0.658094700482673,4.40589287824698e-05,0.690799843418703,1.91776159961891,3194.09850215168,1.00131962164028
"eps_all[26,15]",0.352873225936303,0.0136022447671405,0.97131806589372,-1.59645898024449,-0.286546929268374,0.367917149099816,1.00162222333608,2.23222621858211,5099.19666084047,1.00054620160742
"eps_all[27,1]",-0.0331567619199548,0.0156298951274803,0.972238190337316,-1.89143553947086,-0.699945162047462,-0.0354051666021962,0.664852483704819,1.8650480553276,3869.30732037908,0.999768249225568
"eps_all[27,2]",-0.0439919432726676,0.0236986999884581,1.03994689332975,-2.07095121978071,-0.759323952365409,-0.0409748478245483,0.672011116237984,1.94100761129994,1925.6319254118,1.00143451935942
"eps_all[27,3]",-0.0484524610874447,0.0146296407140907,0.969326935946648,-1.94700860705383,-0.672527547823457,-0.0635028301830037,0.574888174552,1.94828522994892,4390.08815718147,1.00029723486455
"eps_all[27,4]",-0.147125051099108,0.015740889018385,0.905396033279126,-1.85884223667021,-0.751088241579436,-0.171187197712651,0.43403430745495,1.7237297671163,3308.4049429888,1.00006426506491
"eps_all[27,5]",0.378611195853395,0.0197120544038867,0.896361124573054,-1.42737041762767,-0.211812655268223,0.391381863760544,1.01636819475854,2.07794664036116,2067.77008218144,1.00187359090784
"eps_all[27,6]",-0.0260740846663168,0.0155991599775446,0.991884923440897,-1.93583386971942,-0.697115076405177,-0.0449935660634382,0.605132646873183,1.98681274628353,4043.15279535452,1.00090870637804
"eps_all[27,7]",-0.0152242314197635,0.0167698905797738,0.975671924150861,-1.87305133027566,-0.715699354281684,-0.0265998385570657,0.666262905667281,1.84556221441782,3384.91025055011,1.00090702825012
"eps_all[27,8]",0.0182400932477043,0.0154256755280535,1.00303603567014,-1.90713826630183,-0.674966787796256,0.0166862706283356,0.737962511186215,1.94751245301826,4228.09452655572,1.00049201674482
"eps_all[27,9]",-0.0549068912560718,0.0185510067385913,1.01479070850301,-2.01097252327388,-0.764904688107946,-0.0608190202473332,0.634776667849119,1.92200250062974,2992.38864382023,1.0000724053605
"eps_all[27,10]",-0.0271982430680892,0.0147856499536144,0.982555162250846,-1.95591893180788,-0.672466446614999,-0.0477320587525959,0.646749166216871,1.91747851550512,4416.04045336042,0.999572394985089
"eps_all[27,11]",0.0324948755110215,0.0184604863806347,1.00518359144735,-1.9815124052606,-0.646921872166844,0.0523327469783065,0.708883928900963,1.97221130044999,2964.86212839143,1.00034713413586
"eps_all[27,12]",0.0155068144581124,0.0133107697402211,1.01828642653031,-2.00508637250341,-0.675157134050167,0.0413842470766457,0.706812865827369,1.95333344217564,5852.3941574434,1.00020189731576
"eps_all[27,13]",-0.0060935077476828,0.0220439165538655,0.992246899451556,-1.93725387290409,-0.690173852986425,0.0120605497525384,0.658313855024363,1.92394708328048,2026.1051679729,1.00254408102939
"eps_all[27,14]",0.0195985891689984,0.030208923381127,1.03338024790748,-2.03820981684571,-0.676181273133114,0.0155379925035156,0.735492156837952,2.01428528532086,1170.17230957059,1.00209327395859
"eps_all[27,15]",-0.00579789699795697,0.0173092445011079,0.9916303447199,-1.9075490817296,-0.696671771159161,-0.0102784483093782,0.6505918839942,1.94389829078329,3282.03638205581,1.00087599905397
"eps_all[28,1]",-0.00809768887085716,0.0158102900838572,0.997059415994118,-1.99643824846874,-0.700637822578154,0.0106063042762321,0.666632794407697,1.92435867221793,3977.0623692557,0.999449077776155
"eps_all[28,2]",0.0131847553680278,0.0164601361369655,0.993727843618053,-1.93213397768198,-0.653812771289344,0.0217338198823042,0.669279640998664,1.95945676940663,3644.75274454876,0.99995228333196
"eps_all[28,3]",-0.00286133754378585,0.0170825719495742,1.00819813086063,-2.00024759485808,-0.686306429040005,-0.00729431939712831,0.657755941049938,1.96342083228996,3483.25491599151,1.0009410620239
"eps_all[28,4]",0.0141332249652939,0.0167299725197974,0.998944686402585,-1.93216815733536,-0.650162733257279,-0.00507388653487401,0.710269786266496,1.9763480937047,3565.27001832043,1.00027996056584
"eps_all[28,5]",-0.00484836846093277,0.0157580753940286,0.984510532753023,-1.89703087208217,-0.659327957599544,-0.0104361745766761,0.655160948012298,1.90132029315232,3903.3220553461,1.00035456194698
"eps_all[28,6]",-0.0188612108470893,0.0160644350917323,1.00047156773724,-2.02868815785935,-0.701213830095801,-0.00711437079391972,0.653600265560216,1.93229796877473,3878.63208506737,0.999720412722899
"eps_all[28,7]",-0.020554858692212,0.0160470173098244,1.02183383385877,-1.99979654666239,-0.703684745242988,-0.0263814361670746,0.65145698826199,2.0269305046039,4054.82312620572,0.999672303528981
"eps_all[28,8]",0.0308238255914169,0.0157464336876457,0.995533706828319,-1.97612032092369,-0.636396442468041,0.0376391882627734,0.711525943796662,1.92490175633979,3997.12307486945,0.999360086150443
"eps_all[28,9]",0.0129220054986121,0.0163922671960845,1.0102381933181,-1.9264078035115,-0.667766471300372,0.0249163108806068,0.67570322645107,2.02589593847632,3798.12731195642,0.999514375730616
"eps_all[28,10]",-0.00985520967405547,0.0155619523714075,0.99594198981398,-2.03491152814623,-0.664705152757789,-0.0272211785902074,0.669670485338299,1.96137231646508,4095.81113574763,1.00018722771688
"eps_all[28,11]",-0.00760737338180815,0.0165184958986595,0.995393924050339,-1.95052519418941,-0.66529270476808,-0.00522084806410157,0.666514709086771,2.00305374071831,3631.18997903018,0.999955316972085
"eps_all[28,12]",0.00982135861870511,0.0160824263641171,0.998513084061659,-1.97036854217158,-0.656192921096895,0.00637662982749665,0.689445333387997,1.95569972450365,3854.82242606,1.00101854303397
"eps_all[28,13]",-0.018123826516392,0.0156290182239426,0.999166366996041,-1.97605674901523,-0.702009846248319,-0.0054943989119153,0.67560090507513,1.89723043009192,4087.07134033254,0.999693051521586
"eps_all[28,14]",0.00877420852049735,0.0160761421793505,1.00936997331525,-1.96051126456479,-0.678842733101794,-0.00973133336793546,0.697220891089413,1.96193743439881,3942.18576559006,0.999320989488806
"eps_all[28,15]",-0.0208800306881763,0.0162347487110135,0.99241682448297,-1.97421975570976,-0.690327718203901,-0.0174489271689536,0.644069834258144,1.92824155979375,3736.77625793144,0.999618984952414
"lp__",831067.298445308,6.55634920512592,62.9297587413605,830967.619669139,831022.381340826,831060.105911148,831103.391464731,831224.673420946,92.1272228343657,1.04523531000232
