"","mean","se_mean","sd","2.5%","25%","50%","75%","97.5%","n_eff","Rhat"
"tot_var",0.355450349872044,0.00352298057033071,0.112004917423801,0.201815107475474,0.280123158795126,0.334775502391308,0.407653642719782,0.643420577987012,1010.77312094557,1.0020671553515
"var_props[1]",0.201453028667989,0.00324593722287597,0.0826992049256969,0.0717478710958901,0.139572495813154,0.192970458786802,0.251202641002517,0.387447848181,649.11618218898,1.00715738297509
"var_props[2]",0.169444673970306,0.00260469492918465,0.108010510277595,0.0219171377957331,0.0858824856850404,0.148355805837448,0.235951807765402,0.42445876238642,1719.56385037717,1.00227761642743
"var_props[3]",0.0585002835482778,0.00183667862329791,0.0614664809836084,0.0027035633181589,0.0159230973142303,0.0368044929016429,0.0806257252787754,0.218789320140568,1119.98023215902,1.00402392474975
"var_props[4]",0.4575713057506,0.00350580416149509,0.108063728452299,0.245279671464294,0.379665578451842,0.454715296050361,0.533913189744188,0.666550481437144,950.133412592796,1.00441857113021
"var_props[5]",0.113030708062828,0.00285008912727315,0.063164567546592,0.0313022598113157,0.0679290211318142,0.100561949366194,0.143472156999928,0.27052068887499,491.168121087983,1.00232390346373
"nu_prop[1]",0.541044916819924,0.00343033169854654,0.224787796830561,0.114697349996617,0.372012586335073,0.54859671998439,0.718586665975523,0.924061701404219,4294.11062471827,0.999655618875063
"nu_prop[2]",0.712633123002048,0.0070310172656557,0.230586514760608,0.18028168452667,0.56206000497048,0.77076726316286,0.909661047797914,0.989135877444091,1075.55217159346,1.00644732551794
"nu_prop[3]",0.357158512893866,0.00347184928606138,0.177289612964289,0.0605626606836808,0.217544756601899,0.346890134834782,0.488740904612999,0.713830945884394,2607.62331649983,1.0003100454909
"nu_prop[4]",0.621134037125395,0.0107763181627686,0.21354341034459,0.161539572379541,0.475203022931935,0.648076702330879,0.795632939296638,0.939674694875012,392.673450097316,1.0087669918501
"slope_mu",-0.00267177049717759,0.0111513495808137,0.352932211249285,-0.725088564960601,-0.204891338495099,-0.000682360710989819,0.19247052382585,0.743699567999455,1001.67707203575,1.00361934639252
"eps_slope[1]",0.101118503308243,0.0125826219774092,0.539550100809001,-0.953942853633445,-0.180686047574724,0.0657956354516554,0.35251837066152,1.30832910670039,1838.74395367996,1.00183796320307
"eps_slope[2]",-0.00746813827085048,0.00978906708201479,0.331841320602296,-0.711556054748698,-0.173159669595963,-0.00717147732653531,0.158850050197461,0.671401364278926,1149.15422153015,1.00263111732363
"eps_slope[3]",-0.035365005498908,0.0149950333528353,0.508196861074253,-1.18237518126848,-0.273644132327745,-0.0160651975721399,0.221004809481593,0.989935218567898,1148.60072047943,1.00047395139725
"eps_slope[4]",-0.0361016172861791,0.00904497369548635,0.356728793196134,-0.778978417661222,-0.218203132227748,-0.0290000085737847,0.14349491409825,0.689382076931511,1555.4702632348,1.00243902209252
"eps_slope[5]",-0.139193885811727,0.0130633414540491,0.468577084258962,-1.24627889333224,-0.347585888493409,-0.095588709196224,0.109898228551,0.731842893729897,1286.62958607069,1.00124609105931
"eps_slope[6]",0.0445166706538433,0.0104238958349487,0.501023415416388,-0.966252580404379,-0.213692781822608,0.0237330707022922,0.284696115180189,1.15150253468082,2310.23373129557,1.00123569881111
"eps_slope[7]",-0.184449521113861,0.00959618218450815,0.404029646880436,-1.12869108169756,-0.381398177799576,-0.143503236600719,0.0340724095761387,0.587150445092617,1772.67654685729,1.00163993025176
"eps_slope[8]",0.252764369172215,0.0120750160718894,0.421691599175377,-0.417116663255801,5.94953142358158e-05,0.191021786744773,0.433099386252541,1.25546769248908,1219.59170949109,0.999657185240552
"eps_annual[1]",0.844015817835488,0.0121369359237481,0.413561686809551,0.0774866364764603,0.568020140616021,0.832765130009985,1.09583622295083,1.68245067727325,1161.08089182275,1.00375899312408
"eps_annual[2]",1.25971220528985,0.0136963243149419,0.456168778483062,0.421682122851468,0.963170788772371,1.2380978285184,1.54452998911007,2.18675074796059,1109.28477664273,1.00385616361603
"eps_annual[3]",1.02988463433528,0.0113615871628444,0.396920107561964,0.268619214236805,0.776446662747277,1.01094763430698,1.29162939556469,1.86484241059861,1220.47304323174,1.0012613403383
"eps_annual[4]",-1.3404580877008,0.0137374746044086,0.445257996444372,-2.30383976134596,-1.60371052734672,-1.32429079731271,-1.04652414914102,-0.504466385394835,1050.53288162463,1.00419473749526
"eps_annual[5]",-0.0428701037706193,0.0103525292164961,0.371488687690027,-0.783238165910383,-0.285645819734155,-0.0392978988024256,0.195207276740395,0.70165486669976,1287.6512604195,1.002241066368
"eps_annual[6]",0.615281490418537,0.0113930938597396,0.366670915053959,-0.114448606200355,0.369580050817556,0.614004085086848,0.858150097178708,1.34539227214954,1035.78489714335,1.00252054239949
"eps_annual[7]",-1.01840205298817,0.0143108211163092,0.446388619303057,-1.98300154874445,-1.3019106788722,-0.994357909920476,-0.724884782435494,-0.206956392322545,972.964783368447,1.00800440117371
"eps_annual[8]",-0.505055547064961,0.0111976801771975,0.360989862835086,-1.23295039629186,-0.736101049356795,-0.4956815675424,-0.275419112476685,0.193147325029213,1039.28316979697,1.00375185867578
"eps_annual[9]",1.04125791660426,0.0140599897321416,0.457313209873036,0.140262234709016,0.737267671676964,1.03950838388623,1.33615771126218,1.95245765546881,1057.93134778551,1.00590715306783
"eps_annual[10]",0.272514798876866,0.00998935188343228,0.348715580646076,-0.430632735614423,0.0445385231307376,0.273303399979416,0.506259101241841,0.960269169041172,1218.61938039639,1.00210456346133
"eps_annual[11]",1.35109987234619,0.0157071173218654,0.494595124231028,0.364740044154655,1.01666915407841,1.35964993976709,1.67618478092142,2.33207205901644,991.531888781704,1.00340376715213
"eps_annual[12]",-0.154533590209179,0.00839177626602347,0.323325368358574,-0.791519440792816,-0.362616217477784,-0.151557945213128,0.0542473036335733,0.487437030131151,1484.47117464747,1.00064751482514
"eps_annual[13]",-0.0904428900788854,0.0105683067715058,0.356530301903544,-0.791540444924638,-0.31741192409614,-0.0865322502713773,0.138784146602214,0.618550065042035,1138.10431860981,1.00231098219181
"eps_annual[14]",-1.02775155637079,0.0122101671067219,0.413504978547866,-1.88691999879064,-1.27886800015202,-1.00916660245004,-0.749450976920315,-0.269074391694687,1146.88076812058,1.0045521734072
"eps_annual[15]",-0.387506339047732,0.0128329008717875,0.367678983840893,-1.17510910259918,-0.628288182436784,-0.368526568018157,-0.144752446469152,0.29953735404174,820.895612332034,1.00786891468351
"eps_annual[16]",1.03366026297319,0.0140479584635044,0.39974271607044,0.287993156814038,0.765409859549958,1.00559372310753,1.27738279702906,1.89453131061973,809.719669239026,1.0053080609957
"eps_annual[17]",-0.252218018493479,0.0106848248842364,0.328743881623507,-0.900550156569207,-0.461778811751185,-0.243769853947029,-0.0246890209059483,0.368294699846472,946.630601893767,1.01204575704683
"eps_annual[18]",-2.5522811664993,0.0205787028460064,0.605565573016595,-3.89328236865456,-2.90048451423124,-2.49116513908193,-2.13821862147511,-1.51958174394823,865.93713053372,1.00348364004828
"eps_annual[19]",-0.0588067082107159,0.0126009265173965,0.382010302072937,-0.801473552816211,-0.305826537170532,-0.0692422797317935,0.18872242799083,0.690978016502008,919.062809292847,1.00454686910651
"eps_annual[20]",-0.405653483406967,0.0114346520364933,0.377874504409618,-1.18676853993677,-0.651774945435284,-0.401734732093511,-0.1563097017004,0.316462921813217,1092.06697682798,1.00084644232797
"eps_annual[21]",0.655579353463691,0.0126739433236609,0.4639864619571,-0.221627994621721,0.336488541317416,0.641607343860382,0.955205278004494,1.64849098482587,1340.253952665,1.00147194756379
"eps_annual[22]",0.168328758380557,0.0110879995289142,0.434121174109042,-0.626061867272289,-0.119002677805407,0.15463270667716,0.438989940905571,1.10931855660669,1532.90605680411,1.00425566741465
"eps_annual[23]",-1.93245217623833,0.01817819907928,0.582878567814542,-3.13553653868325,-2.28827253916235,-1.90475901780094,-1.54217113560492,-0.838305230752839,1028.14522526611,1.0094491948261
"eps_annual[24]",-0.0305181655640543,0.00961158403764739,0.386861018920302,-0.810569074263328,-0.29128697783456,-0.0153363787087464,0.221779941667429,0.714502550677643,1620.01862543769,1.00107992450429
"het[1]",1.74577277848302,0.0397139421266081,1.1798874390586,0.160548993601852,0.872025337816416,1.50080829394011,2.39151639811999,4.5766338061691,882.663480205891,1.00593088060538
"het[2]",0.421062995188022,0.0102391678646003,0.449350438604385,0.0124389689640545,0.117649408400215,0.28950036085556,0.56597379902906,1.68839468975648,1925.93228659144,1.00065058975393
"eps_sigma_rn[1]",4.81312031839571,0.0917999396907899,3.77878113356379,0.711786142388606,2.32445233208933,3.79715560801364,6.18395661425263,14.5099401429374,1694.41069878074,1.00236551682343
"eps_sigma_rn[2]",0.436018175785416,0.00907656261446332,0.346276502257347,0.0814742424618841,0.21230807609254,0.344723747634282,0.545589407084284,1.30888952551054,1455.46989924783,1.00092736975665
"eps_sigma_rn[3]",1.42954051735381,0.0286540890869116,1.31804986309694,0.200645322202857,0.595971595970185,1.04650002233666,1.82227456177701,4.97731114132311,2115.87724056201,1.00068301918784
"eps_sigma_rn[4]",0.58105610996979,0.0138459837386198,0.52122988830754,0.106458022309579,0.282978013511039,0.454837774532539,0.714499364649455,1.76129168313605,1417.13422780394,1.00179637718101
"eps_sigma_rn[5]",1.82405804763382,0.0482526115896349,1.49865301429802,0.27084406363592,0.866607402828659,1.43061154686406,2.30031185220132,5.78615807080887,964.629491821833,1.00775597679945
"eps_sigma_rn[6]",3.45718504976284,0.0663198697863193,2.65986293695188,0.666429154767597,1.80383132580047,2.77636465309725,4.29261049490402,10.6214242076804,1608.53748568249,1.0019483705076
"eps_sigma_rn[7]",0.699418573939351,0.0141179287692665,0.68307860205617,0.102252273803518,0.318722920229138,0.535753502467407,0.861701038563539,2.13636909005965,2340.98908705558,1.00010487310129
"eps_sigma_rn[8]",1.11674967981484,0.0242921484062243,0.851407593298488,0.231732730365605,0.584326769987634,0.893436531013633,1.39482245706667,3.33594890612617,1228.40955795679,1.00276503635253
"eps_sigma_tn[1]",1.65425343505167,0.0368815605151598,1.99653610194766,0.154231963480057,0.550925782155238,1.05757409327932,2.0154260265304,6.454633098617,2930.45973455587,1.0008637577844
"eps_sigma_tn[2]",1.53891133596672,0.0325740962713114,1.86749719437479,0.154864983300843,0.514179582709789,1.00014527333199,1.8494614048245,6.15035102872083,3286.81427803928,1.00127991743982
"eps_sigma_tn[3]",1.16923691920957,0.03257406274389,1.4051400363428,0.113959345449602,0.381674890136266,0.734043470903766,1.38996933338122,5.2040169681495,1860.78141281787,1.00180740698168
"eps_sigma_tn[4]",1.37139742774251,0.0292580494903112,1.72851503527238,0.127773474282293,0.457074769939351,0.87193312402251,1.62826620822524,5.77617385981888,3490.24234080897,1.0003597741392
"eps_sigma_tn[5]",1.76491769566271,0.0403626907878729,2.13609346370813,0.161079681146895,0.567878071463899,1.10349298056126,2.16939969679193,7.04788693904735,2800.78828028618,0.999715188192832
"eps_sigma_tn[6]",1.22209067645378,0.0253029364674366,1.3606979667345,0.12143981063025,0.417225708902775,0.790922825313807,1.48554343750746,4.83795857473353,2891.88901510757,1.00007203475977
"eps_sigma_tn[7]",1.82780560040941,0.0484235145041437,2.13161779271576,0.175906150708317,0.629246706464342,1.17232675447621,2.2261030819104,8.19908439638654,1937.78709788121,1.0000234885669
"eps_sigma_tn[8]",1.19152991756872,0.0235345120831933,1.28822503222191,0.136212993877824,0.419477617394696,0.78833030893949,1.47908747349268,4.74736801185944,2996.21566250991,1.00150969256368
"eps_sigma_tn[9]",1.81847051473234,0.0379566693797074,2.0824665001573,0.189279535222232,0.654987020575877,1.2242077399183,2.27156707437322,7.14761278260874,3010.09258330118,0.999662087082481
"eps_sigma_tn[10]",1.26253364833631,0.0283902438021561,1.60127925802685,0.124965493005454,0.400140511778069,0.791313682493221,1.50350952167453,5.49049400611952,3181.23617324617,1.00039424241063
"eps_sigma_tn[11]",1.99781627779224,0.051195146171825,2.59697225036895,0.184491619515519,0.643782220398454,1.25834953019242,2.3868892142072,8.086910847009,2573.22074189269,1.00023232936583
"eps_sigma_tn[12]",1.12481002249954,0.0238976810893775,1.28093804759366,0.121053273982316,0.379456318902825,0.716626537475353,1.35914153554382,4.52523689990717,2873.06021883885,1.00099008932227
"eps_sigma_tn[13]",1.75504628997076,0.0393433299307773,2.09233355867113,0.169380929938482,0.621147287081591,1.15671203673389,2.13356405705932,6.83455312252073,2828.26182580811,1.00069680563895
"eps_sigma_tn[14]",1.68624505179058,0.0333356866703787,1.80798640111306,0.163210904453119,0.611123721517049,1.12106180024101,2.11740362843941,6.54140037362742,2941.51798629232,1.00025500258381
"eps_sigma_tn[15]",1.47498203809679,0.0380815623647853,1.99153547585137,0.130233750922629,0.481918312345861,0.936891534546406,1.7334592006585,6.23215767706293,2734.93228825572,1.00055858546013
"eps_sigma_tn[16]",1.45770452931914,0.034910602886903,1.77021797964586,0.138113276855625,0.47878794834769,0.894205019116421,1.77148098790294,6.55426329251018,2571.21739227315,1.00007879203706
"eps_sigma_tn[17]",1.39484783135172,0.0297112467264074,1.65250159953514,0.140687026315862,0.462505574137231,0.892128197189896,1.70396665943942,5.74935732217544,3093.44234019271,1.00047374450641
"eps_sigma_tn[18]",1.49650850140287,0.0316822468671665,1.62248655656285,0.165335664742328,0.550782195111174,0.996709331415303,1.88801560492859,5.67134962620884,2622.58919016418,1.00211528571656
"eps_sigma_tn[19]",1.88288190482603,0.0403554230306071,2.13983191591368,0.180480405341995,0.644527506335936,1.22242279317558,2.30203665514043,7.66408906114493,2811.61280890492,1.0004550394153
"eps_sigma_tn[20]",1.68163945862232,0.0376441034312494,2.03630739624151,0.143266192390792,0.546623260104845,1.07308128947707,2.01464819507266,7.02705913651409,2926.12423677994,1.00060598501505
"eps_sigma_tn[21]",2.17201719822722,0.0531588270243888,2.67591969429125,0.189548027720768,0.702186612494696,1.34351038804711,2.59863229291583,9.70674925288774,2533.93443183712,1.0000248639408
"eps_sigma_tn[22]",1.82222425178915,0.0388994488680126,2.12515921444734,0.184382436057436,0.619859431892033,1.17938597208015,2.17594037325827,7.4199143983414,2984.66813109138,0.999705959096301
"eps_sigma_tn[23]",1.94275110782125,0.0420809312466188,2.25750982075693,0.178028358235461,0.65632521469922,1.23094246127652,2.37107760043818,7.35467510829001,2877.98557128642,0.999590122790739
"eps_sigma_tn[24]",1.29672242695347,0.027189202943248,1.5036194571698,0.119535219715971,0.432249762605658,0.808193789811466,1.59324487493575,5.32998420795807,3058.31997449063,1.00101179915686
"L[1,1]",1,NA,0,1,1,1,1,1,NA,NA
"L[1,2]",0,NA,0,0,0,0,0,0,NA,NA
"L[1,3]",0,NA,0,0,0,0,0,0,NA,NA
"L[1,4]",0,NA,0,0,0,0,0,0,NA,NA
"L[1,5]",0,NA,0,0,0,0,0,0,NA,NA
"L[1,6]",0,NA,0,0,0,0,0,0,NA,NA
"L[1,7]",0,NA,0,0,0,0,0,0,NA,NA
"L[1,8]",0,NA,0,0,0,0,0,0,NA,NA
"L[2,1]",-0.209932102355987,0.00856879662185122,0.276019690722652,-0.721091554607676,-0.406488877221567,-0.220147907130169,-0.0238096526495795,0.337810689026342,1037.62507834653,1.00572704918061
"L[2,2]",0.934142708369126,0.00215999392303192,0.0844977799748718,0.692839735335157,0.906874901046943,0.966384982421012,0.992270956109698,0.999894736960183,1530.33157485816,1.00229874366788
"L[2,3]",0,NA,0,0,0,0,0,0,NA,NA
"L[2,4]",0,NA,0,0,0,0,0,0,NA,NA
"L[2,5]",0,NA,0,0,0,0,0,0,NA,NA
"L[2,6]",0,NA,0,0,0,0,0,0,NA,NA
"L[2,7]",0,NA,0,0,0,0,0,0,NA,NA
"L[2,8]",0,NA,0,0,0,0,0,0,NA,NA
"L[3,1]",0.183645959607973,0.00642068976778488,0.283323762358289,-0.411822491468586,-0.0100290959475049,0.204473752929782,0.390346892145108,0.6682931590948,1947.1644320751,1.00009142886992
"L[3,2]",-0.125914750096302,0.00709762476611269,0.302881614697381,-0.676534539004937,-0.348220455694148,-0.136585643845417,0.096168261910382,0.468595931218285,1821.04112096222,1.00315654273031
"L[3,3]",0.875847423890146,0.00218075598637661,0.106522953610566,0.603971714295484,0.821772048009244,0.903343360910619,0.9590121034447,0.995289939794859,2386.00996410201,1.0022417976765
"L[3,4]",0,NA,0,0,0,0,0,0,NA,NA
"L[3,5]",0,NA,0,0,0,0,0,0,NA,NA
"L[3,6]",0,NA,0,0,0,0,0,0,NA,NA
"L[3,7]",0,NA,0,0,0,0,0,0,NA,NA
"L[3,8]",0,NA,0,0,0,0,0,0,NA,NA
"L[4,1]",-0.223956955289178,0.00749746552271557,0.276892667582144,-0.714828279597865,-0.427741981427668,-0.23616768133441,-0.0327933234861888,0.327655954387913,1363.9358856392,1.00081929377119
"L[4,2]",0.225506289523522,0.0130549168850807,0.306463446595925,-0.44099657054134,0.0275732387434346,0.256772869194397,0.447165346804391,0.724942336451356,551.073009447645,1.01156475328214
"L[4,3]",0.245045436973561,0.0111524379525228,0.309854532979625,-0.407304585382546,0.0278314035674145,0.273237632931113,0.481242965548239,0.76123647208504,771.926724352106,1.00962624723233
"L[4,4]",0.740332178080445,0.00412296446962281,0.155963782313138,0.388494379100101,0.64013432710723,0.760956244318302,0.862897443890456,0.975220359627031,1430.96276521455,1.00310449018951
"L[4,5]",0,NA,0,0,0,0,0,0,NA,NA
"L[4,6]",0,NA,0,0,0,0,0,0,NA,NA
"L[4,7]",0,NA,0,0,0,0,0,0,NA,NA
"L[4,8]",0,NA,0,0,0,0,0,0,NA,NA
"L[5,1]",-0.140559182348927,0.00978432714616526,0.280309433063435,-0.653298897128116,-0.344936347923795,-0.145563865632726,0.0448446742019436,0.433030904220462,820.754921543982,1.00309729962332
"L[5,2]",0.244548821648759,0.013891420449943,0.304068547496883,-0.411861080129968,0.0402705086782969,0.281934557649657,0.474753902189845,0.740698416616319,479.125942509403,1.02026201870329
"L[5,3]",-0.00704943929927812,0.0120885139315656,0.304321076874699,-0.584131784362088,-0.232495119039122,-0.00868114488435739,0.211834238229934,0.58563492038421,633.7503810232,1.00938244241169
"L[5,4]",-0.232129637585307,0.0129949765878413,0.301036369297556,-0.748943061032264,-0.453159892944884,-0.259523651959611,-0.0355569099691456,0.414527084676572,536.644808208383,1.00227093439714
"L[5,5]",0.69776327868867,0.00534762384793637,0.159565635606249,0.350467037763315,0.592135327538028,0.714759165669665,0.821815096846359,0.946843714744031,890.342347443163,1.00579387595094
"L[5,6]",0,NA,0,0,0,0,0,0,NA,NA
"L[5,7]",0,NA,0,0,0,0,0,0,NA,NA
"L[5,8]",0,NA,0,0,0,0,0,0,NA,NA
"L[6,1]",0.13015555790489,0.0125992720697967,0.269195659465838,-0.428525884591127,-0.0511356725669836,0.134588945955348,0.319622941677529,0.640299027323462,456.504641483802,1.00886834298259
"L[6,2]",-0.0777364019754333,0.0104068528899696,0.280476736446303,-0.630270757993849,-0.269631150835612,-0.0814022345953843,0.12106024432563,0.461180193502086,726.364917157553,1.00189127575852
"L[6,3]",-0.0432749537962533,0.0157043003406008,0.323469788067277,-0.638695336997791,-0.273529682027442,-0.0452496482972821,0.184827930152039,0.580836383998466,424.258217633912,1.00713357974174
"L[6,4]",0.126087420633118,0.0122807064402397,0.300734396149193,-0.481351514785536,-0.0810560254734905,0.136162689776335,0.347942590134474,0.667025954633781,599.679918208992,1.00171968430909
"L[6,5]",-0.161752352150872,0.0105779395162619,0.286257137132017,-0.683803619433592,-0.370112848049418,-0.174639582352157,0.0304786533918624,0.418264223028304,732.336176497852,1.0007691703118
"L[6,6]",0.693114848022135,0.00462970943476693,0.156960096588224,0.35005661923958,0.591619390879156,0.712767774916058,0.814972363935407,0.934609487739086,1149.39960711074,1.00359526672624
"L[6,7]",0,NA,0,0,0,0,0,0,NA,NA
"L[6,8]",0,NA,0,0,0,0,0,0,NA,NA
"L[7,1]",-0.10477556424894,0.00833895533803538,0.292451946736674,-0.642095047519913,-0.313540212990166,-0.118783541326247,0.0963652998712653,0.491644532341413,1229.94513100957,1.00220772319993
"L[7,2]",0.0110596993497391,0.00863622416145689,0.319211309905304,-0.610085536732813,-0.220081540562133,0.00738747248853069,0.24375319587041,0.608952862749161,1366.18253157114,1.001593266398
"L[7,3]",0.136762920713301,0.00932644407988958,0.322247106241331,-0.519979689878912,-0.0882016447057412,0.152700318153863,0.383955246591679,0.685431892546808,1193.83929911309,1.00063164605234
"L[7,4]",0.181273278289183,0.00927894977060449,0.308339901073483,-0.462763650786841,-0.0290583782252798,0.198413328533168,0.406855192723762,0.72551657314012,1104.23576638723,1.00204821242635
"L[7,5]",0.0111213729645697,0.00965148085971469,0.305492369037628,-0.575477024669023,-0.202810514113366,0.0149438781782632,0.236724917415997,0.581728588502597,1001.87335186629,1.00165704027183
"L[7,6]",-0.0773729007670483,0.00918073646441684,0.299339187855008,-0.617151612160384,-0.29526070268864,-0.0869596456381952,0.135780522843547,0.519012049149406,1063.09508431062,1.00216028160927
"L[7,7]",0.574044867001512,0.00560202881959097,0.1804941489691,0.198709921010175,0.44745020199989,0.581558903778077,0.710172828183518,0.879218424917868,1038.09136537215,1.00044502967299
"L[7,8]",0,NA,0,0,0,0,0,0,NA,NA
"L[8,1]",-0.0927930199987822,0.00911442010459302,0.274427347452925,-0.61967993288414,-0.286379218195647,-0.0989296350590267,0.0983175974507426,0.439161911393963,906.560288447865,1.0040424830606
"L[8,2]",0.450564754589234,0.00956834480508942,0.264344448959979,-0.148374901475011,0.293334446332154,0.487409570979202,0.650611195477902,0.857464738623258,763.249899168465,1.00453050018673
"L[8,3]",-0.0773610769412743,0.00933873381056934,0.281868550299756,-0.616810964352111,-0.280163174486009,-0.0773446651952694,0.11962967844577,0.467869114059569,910.997637260133,1.00404117092041
"L[8,4]",-0.0715163122329061,0.0088384619212646,0.275300706498938,-0.583213367942118,-0.266499446017892,-0.0755519333681326,0.118724144642211,0.470271815258792,970.199980252445,1.00169471720227
"L[8,5]",0.0296841959657494,0.0084741408237383,0.275071284076279,-0.513283100128351,-0.162113880299848,0.0315667464420561,0.223483921562764,0.550344245222839,1053.65675535109,1.00022820713384
"L[8,6]",-0.280430075658587,0.00820356576563542,0.255068363901023,-0.72177383516025,-0.461094976779839,-0.295632503611142,-0.117656170647463,0.269713813367672,966.735940647719,1.0043466481344
"L[8,7]",0.0224986107599292,0.00864123516017036,0.28482595560948,-0.536480272509359,-0.174999195772382,0.0301663969590324,0.227297174042042,0.56034833084007,1086.44433102351,1.00502563274332
"L[8,8]",0.379176817069092,0.00433151128766531,0.177025126716063,0.0720959934080794,0.243470558046383,0.372738950510478,0.502962770803332,0.737445044591498,1670.28633050602,1.00285180548669
"eps[1,1]",-0.244035213601014,0.0266078834321419,0.996488240195152,-2.14416259539688,-0.941560021647046,-0.242204593165225,0.477511075789306,1.65548647608174,1402.56726065401,1.0007511049236
"eps[1,2]",0.383211107599408,0.024719160729097,0.878456995871484,-1.40557107028739,-0.21021998131861,0.393220287237652,0.973408259001831,2.06698928754838,1262.91339289746,1.00274289067297
"eps[1,3]",0.00267119937985391,0.0305286301645872,1.00624728630172,-1.94026562278318,-0.681451461725457,0.0174636130456236,0.692998179282545,1.93193878285168,1086.41263761557,1.0019883562121
"eps[1,4]",-0.454140613817079,0.0295078038421984,0.889137164208523,-2.18611832836751,-1.04454913435176,-0.473873559756752,0.118441248958576,1.31940159402111,907.953800999057,1.00013806090942
"eps[1,5]",0.72845800599868,0.0231863175393831,0.864416102398832,-1.04714039334213,0.195206461283103,0.754831205770109,1.32066656517534,2.32852946024048,1389.89546577575,0.999651528673535
"eps[1,6]",-0.756842392345779,0.0198642358840021,0.812816650664273,-2.35059305251953,-1.31726752107928,-0.769096964282397,-0.225293032067666,0.879076014298806,1674.3315302436,1.00279116552883
"eps[1,7]",0.409929986704651,0.0170026318489253,0.920770079159663,-1.3721347000586,-0.216892277444219,0.433205423382933,1.04005448023337,2.18554137122337,2932.71657607236,1.0009525752783
"eps[1,8]",-0.0550554687342311,0.0176009259730943,0.964114373713895,-1.95293442786802,-0.681588043901084,-0.0646597717718541,0.59242534423716,1.83522351895697,3000.44784889273,1.00152617615875
"eps[2,1]",-0.244808711985266,0.0244053817530921,0.974552351093162,-2.17730758688438,-0.902889464600327,-0.235605136553168,0.396999823709497,1.67184498355367,1594.55365145184,1.00245589567874
"eps[2,2]",0.710555405867973,0.0275483267189831,0.868931884566963,-1.04328155705292,0.13075218612117,0.723886717948472,1.24598786910461,2.47430668874517,994.903633574109,1.00309170897322
"eps[2,3]",-0.0623531563912351,0.0291809247442872,0.97190158403672,-1.97990352431321,-0.714161715993644,-0.0504864609274177,0.59613843818292,1.80735841491854,1109.29352691459,1.00340710829332
"eps[2,4]",-0.208395390004625,0.024121995060769,0.866921407856587,-1.79841657037414,-0.816568808484058,-0.228580755133334,0.348505214781394,1.57312371674466,1291.61478232112,1.00054086570118
"eps[2,5]",0.431351079040952,0.0198370544551234,0.825433792053841,-1.21809540107417,-0.111893040119675,0.442968176884076,0.982159232687812,1.9996999899105,1731.45064915613,1.00130933428005
"eps[2,6]",-0.787023241144942,0.0184916993620379,0.826640199093198,-2.4443920834227,-1.32637766436843,-0.788938252902177,-0.257769609746096,0.888293373312173,1998.38607041692,1.0011268177741
"eps[2,7]",-0.0750264163934659,0.0172147338894763,0.933285369452737,-1.88604249754267,-0.696042042348241,-0.0914919118046349,0.5344835936099,1.79066560968586,2939.19424189169,1.00035846426904
"eps[2,8]",0.361777212170414,0.018607474412716,0.995426839154388,-1.67763156974268,-0.284397935463113,0.386456658907579,1.03370471609858,2.19657463683253,2861.82999677007,0.999751129113044
"eps[3,1]",-0.0103311157387401,0.0184875584067435,0.9097756038953,-1.74735076552784,-0.613134592637091,-0.0117927531143193,0.601430937598863,1.82641346199555,2421.63929724535,0.999783765722374
"eps[3,2]",0.0686327431317021,0.0182329608015888,0.813473676851882,-1.53353824705344,-0.458794598978414,0.0561849975202226,0.60918165595838,1.69659021408922,1990.54780372822,1.00201294622278
"eps[3,3]",0.0828613121469964,0.0191079818869187,0.89523105174751,-1.71750443870229,-0.512315545404433,0.0801516486826318,0.68872289321726,1.82066739125531,2195.03087502018,1.00199660293363
"eps[3,4]",0.429504646396049,0.0167717625879548,0.77733512835481,-1.15730484634386,-0.0749172181357201,0.456302361296897,0.952523840989712,1.90806582076616,2148.12315370879,1.0021706581611
"eps[3,5]",-0.284699003302868,0.0154025670795664,0.771284519552835,-1.81371571244366,-0.799358595592645,-0.290742537731234,0.226981128513344,1.2402246354916,2507.51195189163,1.00004455254026
"eps[3,6]",0.0670424112736344,0.0148550786403251,0.780991873715038,-1.4957704854316,-0.450630898351768,0.0834565271242513,0.59957560623963,1.55931897745016,2764.032336803,1.00195514214169
"eps[3,7]",-0.0748551855776321,0.016648982513226,0.89512444322629,-1.84205053041735,-0.666473364595686,-0.104634835975257,0.517031542161717,1.72123397979792,2890.62289983145,1.00129894313457
"eps[3,8]",0.250167359512347,0.0162537880321915,0.952139707406034,-1.65362543796463,-0.372678341001582,0.254774751104622,0.890641275202298,2.11205646719089,3431.5645336962,0.999173942020361
"eps[4,1]",0.292675934743384,0.0230580588841236,0.950946935769852,-1.62678721682389,-0.321158729110485,0.318780161434006,0.933662986051096,2.0726817001514,1700.85416895664,1.00011073666845
"eps[4,2]",-0.455196135258624,0.0223036109226945,0.840757054031581,-2.0337240805282,-1.03938146100055,-0.449997651575128,0.0939348108770459,1.26701449984051,1420.9888780467,1.00669947114519
"eps[4,3]",-0.100882239121637,0.0237441412225179,0.922498839064648,-1.92262700747208,-0.734281532852928,-0.0970212565882659,0.527013126596572,1.73130040105074,1509.44997054313,1.00107099812754
"eps[4,4]",0.163410216298129,0.0213559183133947,0.819480903163865,-1.48673711703314,-0.373353813469452,0.170543503686772,0.712385596664637,1.74220052918826,1472.45208999014,0.999984730505688
"eps[4,5]",-0.505334744676656,0.0173192518700191,0.797446212088505,-2.025265860487,-1.02733702258938,-0.531623098635251,0.0245142171271179,1.09420880403436,2120.04238034564,0.99929672011239
"eps[4,6]",0.548255596120496,0.0147947307011336,0.784891115994944,-1.0436672270199,0.0537970886162545,0.557113456879129,1.04480250702017,2.09998962590964,2814.5223264086,0.999480404231791
"eps[4,7]",-0.389286270984822,0.0177766357604806,0.920622238845754,-2.12887572930247,-1.02470024922707,-0.379340924214175,0.211154099708052,1.43102052245654,2682.03088991558,1.00056993871513
"eps[4,8]",0.110127826658806,0.0168152694893637,0.945411791324564,-1.70431959693409,-0.522944753815938,0.106036023151084,0.755939291335794,1.96724978290763,3161.07183579687,0.999479526616324
"eps[5,1]",-0.213229185959378,0.027902622237723,0.960089763368737,-2.08850280210896,-0.858172676308909,-0.222654000290957,0.433075338190305,1.65921310247573,1183.95075716602,1.00318821916346
"eps[5,2]",0.715029541715188,0.0245900866312984,0.860630333083899,-1.01235996039408,0.146939394631802,0.730947644937318,1.29520789352431,2.34125356438716,1224.93538412944,1.00059941048948
"eps[5,3]",-0.134109816763391,0.0284565270360366,1.00399970879491,-2.00931271072332,-0.826933122316316,-0.149099885505972,0.532462068318465,1.84542889257106,1244.81089935106,1.00437682728756
"eps[5,4]",-0.417188036326012,0.0286679823416863,0.890916614675236,-2.05806457342304,-1.04441005591715,-0.435099754574358,0.171183213845524,1.37970884019529,965.783674208619,1.00282014090386
"eps[5,5]",0.672256488378616,0.0232584103618468,0.854229068076172,-1.11325534790019,0.125332323920591,0.697993634621893,1.23984079884431,2.25578697130221,1348.9275787176,1.00214357143332
"eps[5,6]",-0.541688181740631,0.0200576635560695,0.853045792993417,-2.13346819927786,-1.11953012611154,-0.586185887845088,0.0225449164139307,1.1878704849538,1808.77274966171,1.0017714772796
"eps[5,7]",-0.666168469090317,0.0186364039905862,0.898186017134106,-2.38469048765178,-1.30506937194575,-0.683623386879675,-0.0674079474208544,1.17944618441514,2322.78143832073,0.999618387383562
"eps[5,8]",0.224955121232696,0.0150969867589049,0.924533001185957,-1.56658270678831,-0.394604187184064,0.228322629447094,0.842933916857621,1.99360168265324,3750.28512666661,0.999401020535691
"eps[6,1]",-0.0855806576408945,0.0186321536000994,0.932475518884868,-1.93092469126337,-0.692932190488345,-0.0993066463545875,0.551960724426755,1.74679953126693,2504.65991809679,1.00020115240219
"eps[6,2]",-0.101120328458274,0.0202421946523128,0.79712241293358,-1.61575420309662,-0.640002981587398,-0.111843936175408,0.429204374377167,1.45813522355448,1550.72521061469,1.00241429373547
"eps[6,3]",0.208183335107878,0.0208750326985063,0.910061387838542,-1.62249152951481,-0.397296845529607,0.225011355416884,0.822353358213103,1.93040233119353,1900.58390912876,1.00229086887176
"eps[6,4]",0.664416022149486,0.0168283956363388,0.808022341861257,-0.979127022517044,0.144191576402203,0.678116662840032,1.18408069271247,2.26795710833482,2305.47974435415,1.00022301537589
"eps[6,5]",-0.330994782969261,0.0157057036588417,0.799115641638707,-1.90592785411925,-0.865422020175141,-0.343481320393083,0.194699013198632,1.27364472029357,2588.83556038209,0.999452507970408
"eps[6,6]",0.220578835134722,0.0146381227186679,0.782473342241692,-1.32533279897759,-0.299376762187152,0.226338716396487,0.737502535152347,1.76945435008829,2857.3821926464,1.00087621099337
"eps[6,7]",0.0173301135144681,0.0141890826384696,0.880512998352798,-1.70184564440072,-0.585670932605783,0.0426508655367373,0.586419734647629,1.74904247768623,3850.90590394505,1.00017877056507
"eps[6,8]",-0.0672625215880901,0.0163789804434383,0.918199405076232,-1.91745851091692,-0.669337194849991,-0.073157852901601,0.554138978973202,1.69330841666473,3142.68089480579,0.99946358843218
"eps[7,1]",-0.0020211787901799,0.0241081240208433,1.01834209976763,-1.96125791175124,-0.713733120479272,-0.0129797527618568,0.697072270522976,1.95556133963761,1784.26995727531,1.00360418904381
"eps[7,2]",-0.56136965401486,0.031798755008602,0.884600713646581,-2.28019311711469,-1.17880728692866,-0.553086644160726,0.0415703028209267,1.21188485315123,773.881272920467,1.00867292366484
"eps[7,3]",0.362406308682138,0.0304706468356955,1.03964454982313,-1.68290474902243,-0.338995835784545,0.366494758061033,1.05731693303905,2.36611677792908,1164.14322544597,1.0066482216167
"eps[7,4]",0.898539226431935,0.0235405885978447,0.88502631657218,-0.906313803828043,0.323376029900367,0.920067243327919,1.50972045735908,2.57322056716445,1413.44116163734,1.00200738465842
"eps[7,5]",-0.867680315917153,0.0204178317484713,0.863856726684735,-2.55299087277105,-1.43385471082428,-0.881944674965838,-0.302294944488354,0.845274121318407,1790.04602392565,1.00036404854183
"eps[7,6]",-0.281132242860459,0.0185072829037343,0.815659550595601,-1.83748287979637,-0.831050062265072,-0.291533369491509,0.25610163661626,1.35697090477502,1942.37251514221,1.00003269248313
"eps[7,7]",0.270083994266349,0.0195121651359005,0.933513340598261,-1.56594089875403,-0.355949992504119,0.291832271346436,0.894103800968242,2.07330366352839,2288.91745864769,1.00115081088574
"eps[7,8]",-0.263499253739555,0.0156137920458613,0.933489438991987,-2.05588622239645,-0.876893624100124,-0.270172925495462,0.356907709948763,1.58669266919989,3574.39082071315,0.999649463490803
"eps[8,1]",0.382440479851388,0.012359478872594,0.540024506593451,-0.827489088072778,0.0807064704079257,0.392126547539874,0.715663749945853,1.41458030340426,1909.09094890017,1.00009894111804
"eps[8,2]",-0.151556525694653,0.0213437925954462,0.842909790271667,-1.75981946840873,-0.719738879164593,-0.1561550391388,0.426781617971753,1.4980501118822,1559.62077685376,1.0025466351383
"eps[8,3]",-0.067684958695838,0.0221985066362546,0.978172293940926,-1.98902703362569,-0.718443618012513,-0.0568856643766291,0.581150165429528,1.81366473359861,1941.70476770997,1.00029773874283
"eps[8,4]",-0.136573355990772,0.0235917283572265,0.861347084696572,-1.83052754935649,-0.705239759647819,-0.15329067960299,0.438616023998889,1.54180700519203,1333.02059225248,1.00434072914885
"eps[8,5]",0.150008444222785,0.02022056047828,0.838193595519636,-1.59959046462632,-0.400432188726078,0.16414234142152,0.694467388835877,1.79518872241797,1718.31308668413,1.00144593504622
"eps[8,6]",0.664914823506149,0.0207746362995301,0.812683460751674,-1.02995328230949,0.125111541178422,0.697917139917832,1.21421398505391,2.19640982926082,1530.29790599399,1.00012194419794
"eps[8,7]",-0.479523391449644,0.0199683838576217,0.927794720502163,-2.27810684446582,-1.11271486719148,-0.479757911745682,0.125256710650685,1.38532900335112,2158.8275937319,1.00283639771889
"eps[8,8]",-0.245023104923163,0.0177125052518453,0.98988956229097,-2.16817671032197,-0.92421185885904,-0.26611788772369,0.39390036034506,1.72523378943731,3123.29859494306,1.0009515162494
"eps[9,1]",-1.10247233543726,0.024694512831242,0.884364754678342,-2.80793053695078,-1.67016950493974,-1.11227076808258,-0.54392258050952,0.72548616122595,1282.51344337123,1.00202818153862
"eps[9,2]",0.893979274580576,0.0255170483853333,0.862629428811395,-0.801678422831434,0.341660909660394,0.906848388044023,1.4886491771476,2.5278925110872,1142.84587737738,1.00314436055264
"eps[9,3]",0.108683254474057,0.0278932643637946,0.965210765695277,-1.75773659502517,-0.546190869844419,0.111395308759423,0.785828118998943,1.98114313022192,1197.41757619875,1.00168817300899
"eps[9,4]",0.0377588901992822,0.0222618515768403,0.863477291085197,-1.64524403525517,-0.531748348488841,0.0397643471750354,0.610251447599114,1.69272754731972,1504.45525256198,1.00038785819401
"eps[9,5]",0.548494415193817,0.0213922289137009,0.843451964390996,-1.18161780265084,0.0249275735053848,0.570345069852587,1.08793094833974,2.1775471183385,1554.56409784839,1.00001079680278
"eps[9,6]",-0.696022013970396,0.0172340695882872,0.801416499012001,-2.17378669015131,-1.24545726621458,-0.708943985468627,-0.180658440185571,0.929384827782299,2162.4241047842,1.00139728751076
"eps[9,7]",-0.268696121635121,0.0168621219916033,0.91327795777423,-2.03791580581666,-0.890875027285046,-0.277410472260297,0.361686006712676,1.52410726623974,2933.46896572309,0.999484621020546
"eps[9,8]",0.119286569597351,0.0160841619983459,0.934234786699817,-1.73377836464779,-0.506832772987323,0.116122518104865,0.739733108951049,1.97897933566336,3373.76782082057,1.00050105865207
"eps[10,1]",-0.812243910836903,0.0155085261887206,0.821139804277035,-2.38380237116963,-1.35945944725662,-0.824108380083107,-0.267244113860028,0.832822517178135,2803.45219035544,0.999300332522419
"eps[10,2]",0.229679588192024,0.0163269632702165,0.767491788446312,-1.29720347033797,-0.26657169946804,0.234306514574226,0.742697843708001,1.71929802535703,2209.71693281433,0.999839580256765
"eps[10,3]",0.11442881745477,0.0186822896520868,0.897124647685264,-1.69356698622622,-0.482847314934508,0.105928781009404,0.725761828134735,1.84398512257153,2305.92604753291,1.00020953005101
"eps[10,4]",0.154974806063489,0.0170747611211681,0.825667570420021,-1.44276321982187,-0.39484977057198,0.153259738545735,0.703327924997607,1.77578344511663,2338.30512421052,1.00027981258745
"eps[10,5]",-0.0316539825566072,0.0173144408645085,0.804083332687557,-1.60156453053423,-0.559553724454772,-0.0230742673174989,0.502665131459153,1.52276849542641,2156.67734933014,1.00060221738133
"eps[10,6]",-0.345259589538665,0.0160595273628381,0.766054623296866,-1.80639565452242,-0.868019761681055,-0.3636523897589,0.159434477224177,1.18769233983989,2275.38010539542,1.00113936870331
"eps[10,7]",0.26581330289878,0.0168565528068696,0.898470404064537,-1.515784920058,-0.334578362430958,0.291437949503296,0.866989896257598,1.92206269875427,2840.99206604734,0.999538066656815
"eps[10,8]",-0.0690201571535174,0.0165004894819447,0.954643360329138,-1.9671337020597,-0.675817376818183,-0.0685580281587827,0.568739568937356,1.77994202941409,3347.25390907948,0.999239724671534
"eps[11,1]",-0.802572913582241,0.0255359294710924,0.892717085711428,-2.52165647632602,-1.38863054244624,-0.798952505719278,-0.193372207218186,0.965534965104311,1222.1495530588,0.999971585949136
"eps[11,2]",0.272674514326368,0.0326725364787144,0.928688764179365,-1.53706730955868,-0.358026319309926,0.264619501324592,0.887001370723313,2.08338988994188,807.931757625527,1.00563182052764
"eps[11,3]",0.209977224890795,0.0330172407077801,1.04219260218549,-1.79071416545128,-0.513508377935573,0.221170158865065,0.922598218501307,2.17894763204001,996.355724472552,1.00825773276465
"eps[11,4]",0.984370003853927,0.0285706608841136,0.900465720606118,-0.849954366976704,0.402625363128321,1.02336843518941,1.60364285767151,2.66909074839995,993.330558625427,1.00072246220967
"eps[11,5]",-1.01102879808664,0.0188931754777548,0.852883961391416,-2.64031882792693,-1.60487909911649,-1.04873456017219,-0.454812399845184,0.712839567604567,2037.83951152804,1.00152130931873
"eps[11,6]",0.388034965501609,0.0207799486589767,0.794001408261668,-1.1802203323218,-0.11661676368763,0.385362952082931,0.894441957022258,1.98069336520988,1460.00251864743,0.999960166020002
"eps[11,7]",0.170435470244467,0.0153664861275112,0.899812198672198,-1.63242434899151,-0.435293572871708,0.162745542661008,0.762800085448126,1.91630841018261,3428.898397925,1.001391305413
"eps[11,8]",0.00121606487240835,0.0167124180766324,0.945723177628073,-1.85911834705301,-0.640742411569452,0.0164626406409229,0.62034242672518,1.85711029714059,3202.20759165055,1.00018686423468
"eps[12,1]",-0.131126654264579,0.0111400902525634,0.520185047053092,-1.17245202545604,-0.432487564942736,-0.129431906200083,0.158427329095142,0.952249488581657,2180.41072437675,1.00062204157757
"eps[12,2]",0.237686763419498,0.0192052728533422,0.782647922032152,-1.35345638893922,-0.27567340672591,0.238265732402141,0.740291428091617,1.83823989249181,1660.70276863723,1.00180149376241
"eps[12,3]",0.0225054198804829,0.0247769694924928,0.898551057612264,-1.72032192465065,-0.590922733950317,0.0257082722838296,0.637565850879678,1.77296590866575,1315.19196582241,1.00167895538948
"eps[12,4]",-0.324217816494162,0.0191020044107079,0.812084665516906,-1.89258557727215,-0.882368444109254,-0.334730134859836,0.215432685809966,1.31392493549793,1807.3602967552,1.00072263649924
"eps[12,5]",0.26493925626105,0.0185817772811613,0.818584028976359,-1.37398627083275,-0.279279951391783,0.302118793533113,0.828651919158671,1.77290246123584,1940.67152402176,1.00021434031357
"eps[12,6]",-0.64122209056949,0.015512871840778,0.759551686758776,-2.15002222886033,-1.1440239295603,-0.64743100107018,-0.168136620607851,0.925102253675304,2397.34344532487,1.00162386769165
"eps[12,7]",0.131793699718427,0.0146711119031819,0.882846936832223,-1.63203117458939,-0.457207180596035,0.166973075232148,0.726128720569763,1.84741064235922,3621.1354466693,1.00005242986496
"eps[12,8]",-0.0417765363170711,0.0171227282916264,0.932471590804418,-1.90081722203877,-0.633337161792163,-0.0381473198198667,0.584433228036649,1.76355122934476,2965.68682612084,1.00064644978217
"eps[13,1]",1.24629335398551,0.0152796812870352,0.607865688275151,-0.0109047266392398,0.873381247822145,1.24872660841382,1.63563528851942,2.45895852444669,1582.65650992674,1.0004921004506
"eps[13,2]",0.6760145927339,0.0191129353193919,0.801745339439002,-0.87645351214227,0.146057405079432,0.679821359237258,1.21263099718816,2.24596275743018,1759.61683295241,1.00072491299374
"eps[13,3]",-0.514024066974362,0.0217376476852605,0.807922804782639,-2.15794194628103,-1.04299858725713,-0.504139005350762,0.00478176163884288,1.09292573676419,1381.38470330471,1.00425228759201
"eps[13,4]",-0.586195150588387,0.0200323973768441,0.835149644561462,-2.23793134530534,-1.14831012173188,-0.581153153258963,-0.0277641474080317,1.08090736377601,1738.05192909079,1.00053667791496
"eps[13,5]",-0.321512752693328,0.0211763620996164,0.836404755964285,-1.9545969019939,-0.87972704758696,-0.326405938209093,0.219407273010192,1.33803258784261,1560.02040287792,0.999883017945017
"eps[13,6]",-0.649008096091865,0.0190712831905882,0.831073544398279,-2.21486498080927,-1.20511478935741,-0.668960608770131,-0.107873006229682,1.05543546508944,1898.97429084265,0.999599169469804
"eps[13,7]",-0.236475703539991,0.0170539275843633,0.902253496967003,-1.99202288768759,-0.844336774312605,-0.257972777735836,0.355577466918411,1.60177292910259,2799.0349347126,0.999980112747867
"eps[13,8]",0.285843585852121,0.0168146320941424,0.940318219460965,-1.56482151814906,-0.364611242683684,0.307240858950092,0.907068533147307,2.10599693455256,3127.33901805801,1.00103324654169
"eps[14,1]",-0.459885622726539,0.0205735264128318,0.63457514102933,-1.60621494423923,-0.854987354618238,-0.500045383395675,-0.137206209336526,0.992551735454366,951.368204741297,1.00429177087581
"eps[14,2]",0.474782297442154,0.0263341500846199,0.886112671399989,-1.2301213543078,-0.126083002487871,0.471396591251115,1.06127339056886,2.24690211650628,1132.24205329756,1.00436393828418
"eps[14,3]",-1.12033966216231,0.0217538975957279,0.79438253260782,-2.65191381236464,-1.65606723286585,-1.13697691303933,-0.599611154555777,0.492175463783187,1333.47602718443,1.00210452359232
"eps[14,4]",-0.613816719529383,0.0228392294330893,0.86551127038792,-2.29472530313741,-1.2052023739829,-0.623692117103748,-0.0410603848139067,1.07042364614423,1436.09298383049,1.00168799114967
"eps[14,5]",-0.253098432433959,0.0241632063802198,0.874354814125741,-2.00182375620574,-0.827516947673424,-0.245822050738802,0.319677025099915,1.49677093719507,1309.38175341614,1.00355385888284
"eps[14,6]",0.866431979166893,0.0232707412965964,0.89485029491032,-0.97811916033304,0.265946104223788,0.897998380657008,1.50928912949519,2.5086639477847,1478.70089227602,1.00261055121626
"eps[14,7]",-0.221128833666933,0.0175018223181325,0.908137151418832,-1.98906735800013,-0.82996035784091,-0.217388631504939,0.364338113851662,1.59621491599939,2692.37993077315,1.00098410629284
"eps[14,8]",0.237006163084092,0.0158237591440718,0.941558477061262,-1.6544952732509,-0.400009677882254,0.245208652875857,0.882651222864302,2.04514143707225,3540.58697919207,1.00056844011844
"eps[15,1]",0.508776096098439,0.0138537514730211,0.535189167602415,-0.528875396497371,0.189339917564822,0.48285414160937,0.819946736127153,1.59963813860628,1492.38145733067,1.00275474473969
"eps[15,2]",0.313275369511234,0.0264453142101491,0.837177717999596,-1.30870984445968,-0.271380664935688,0.322460281661223,0.89460929794846,1.95494587829801,1002.16183284858,1.00454773932062
"eps[15,3]",-0.0299611768135512,0.0243844036104739,0.817477076455085,-1.77413982095748,-0.53998576609513,0.00121348134865575,0.512995851971632,1.52955914203246,1123.89797799006,1.00343651201151
"eps[15,4]",-0.0817294284159119,0.022073340613005,0.86484548020135,-1.80724769629308,-0.651791511367207,-0.0620892783635671,0.502420050569119,1.57536662190545,1535.11498229266,1.00201524847442
"eps[15,5]",-0.369898513213457,0.0201566642279363,0.854802714139205,-2.01623675554122,-0.91988141927822,-0.381991041438063,0.155645740997086,1.37385643293955,1798.43382511656,1.00022774402676
"eps[15,6]",-0.944416070773501,0.0255961925385367,0.939905996843475,-2.67490441613746,-1.59412455141216,-1.00965585404177,-0.341767873433451,1.02157078623278,1348.39801452175,1.00023203723311
"eps[15,7]",-0.340329701832301,0.0223027637193509,0.970064235063834,-2.24266257263226,-0.997760019198306,-0.346708639051404,0.305714502497968,1.64397988934765,1891.8365830003,1.00141157988924
"eps[15,8]",0.509241800594479,0.0172568692236132,0.962073791462659,-1.35395653095817,-0.142752660306796,0.528511490284384,1.17097441328706,2.32953567332279,3108.08403033046,0.99973215720121
"eps[16,1]",1.02511396514218,0.0151043701366688,0.532162514380432,0.0686505906268154,0.668240868716189,0.983539853631712,1.35359129245583,2.12108003512115,1241.3187626818,1.0024194201178
"eps[16,2]",-0.677308079746773,0.0247897248297024,0.792222536653525,-2.1939597772554,-1.22274931522975,-0.68334092863984,-0.157849741636948,0.885137898055848,1021.29445383464,1.00653818315102
"eps[16,3]",0.131065606298218,0.0184669082295623,0.750822697060164,-1.30961242539663,-0.370452615265211,0.127243194173854,0.610028616535677,1.67514962659526,1653.05157381978,1.00149047058978
"eps[16,4]",-0.104188880731053,0.0189653628115459,0.822628537356398,-1.7194937636262,-0.629980644609475,-0.128441207982589,0.440913179950406,1.56600877187357,1881.41772866217,1.001368779647
"eps[16,5]",-0.223853849374318,0.0206042552853257,0.807788462511778,-1.82331271558247,-0.762917619412555,-0.227152904943316,0.320411600261811,1.34640253697524,1537.02682685031,1.00350428342301
"eps[16,6]",0.350265493931087,0.0229915362912843,0.837096536912837,-1.3985898861235,-0.184857338810896,0.374884105509189,0.897551816508395,1.929326294022,1325.60797145652,1.00278594770518
"eps[16,7]",0.55052358214167,0.0209475951292259,0.959043429060802,-1.41881261237333,-0.0627401822899143,0.580875142517554,1.20546796418503,2.34610492657518,2096.08169572349,1.00108028231302
"eps[16,8]",0.193373476799431,0.0147017819014732,0.92252378692372,-1.59352619628707,-0.430219897645809,0.183268570005805,0.811723009823325,2.03455858019772,3937.45129399927,1.00064733779224
"eps[17,1]",0.392108500081174,0.0114825540983448,0.515072059705393,-0.633595310268139,0.082514109346589,0.37815311617416,0.688364966898498,1.47029125459486,2012.14365566582,1.00150378200575
"eps[17,2]",-0.528423106871043,0.0244478259667926,0.81547311217465,-2.15712819765433,-1.08465028808289,-0.529420463995465,0.0309386067403769,1.10321510132125,1112.599348626,1.00995242455389
"eps[17,3]",0.823732204092842,0.0238376635996346,0.847970973453624,-0.944433153530399,0.283270064500963,0.86365523912361,1.39752033880613,2.39305874343636,1265.41972371144,1.00291823549212
"eps[17,4]",0.365090959961829,0.0216664018989147,0.813203324258401,-1.26741947065674,-0.185434350999646,0.382184251879558,0.914397515897065,1.87645846410222,1408.72006674488,1.00267406376122
"eps[17,5]",-0.441133413613773,0.015775192371446,0.794671817062626,-1.92638884547009,-0.995312988657903,-0.462609480274819,0.0933908437227318,1.15467096436659,2537.61828054301,1.00108979576812
"eps[17,6]",-0.725894747442092,0.0180812512156942,0.784364418517391,-2.21294892635923,-1.24846952679343,-0.735399298863,-0.208155496084172,0.848331408680807,1881.82315617716,1.00262527146892
"eps[17,7]",0.196323089747514,0.0153959395985332,0.887842911876972,-1.57466238872061,-0.379013582195071,0.189206600491787,0.77542901897234,1.97518705258626,3325.52231564328,1.00045604816798
"eps[17,8]",0.162587683041983,0.0166793430282635,0.95299299948382,-1.70113209446797,-0.479706249227426,0.175919484014455,0.819165603376149,2.01077593148995,3264.53658340945,1.00198742621198
"eps[18,1]",-0.994648221478816,0.0242846089240258,0.732897420232363,-2.2229212364287,-1.4759779820232,-1.09503278361188,-0.625196240754343,0.759353033991828,910.802382327721,1.00326590313022
"eps[18,2]",0.080701580313387,0.0210312203641918,0.827559536849232,-1.5783403408201,-0.462549098667032,0.0947304981952465,0.656355137650061,1.59863373975116,1548.35145982504,1.00339780680938
"eps[18,3]",-0.67186952661617,0.0300167059991254,0.847477020841667,-2.22895845932899,-1.2653047419065,-0.694562767045932,-0.129751662478028,1.04168542958668,797.131184456421,1.01055814532427
"eps[18,4]",-0.298298212575459,0.0182761540257875,0.804363408300763,-1.82371312320055,-0.847901873790623,-0.316506027650675,0.252903741577609,1.29874955078992,1937.02395812691,1.00033980316238
"eps[18,5]",0.444230981779927,0.0189336044107519,0.819647365731208,-1.16886021252547,-0.0856881656775216,0.448544906442899,0.981285676444608,2.05577449344052,1874.07728590692,1.00044339671121
"eps[18,6]",-0.470409256782791,0.0183870956484838,0.790184403282295,-1.98852733723549,-1.01278030522616,-0.473796189629791,0.0546633902736046,1.05091338574043,1846.84579995832,1.00163065782544
"eps[18,7]",0.584834382492973,0.0185114217278084,0.912021129978754,-1.25138640418487,-0.012904969155025,0.594716814392332,1.2020449390089,2.35799278482854,2427.33797604608,1.00082916890209
"eps[18,8]",0.0835881040282048,0.0174843375378108,0.962053899072068,-1.75682967803564,-0.561390075112697,0.0791847924588095,0.714664714958884,2.03387332086053,3027.6135768772,1.00045317782697
"eps[19,1]",1.52768931953832,0.0210659146128941,0.722044420114217,-0.0526537922880922,1.10999566067459,1.57608167790944,2.0101785499255,2.80706731531043,1174.80880621522,1.00237093638813
"eps[19,2]",-0.692850675867458,0.0186376640681305,0.795092001194976,-2.26295272619913,-1.2228483841579,-0.682533318348392,-0.162427618971018,0.855597363329341,1819.9179545231,1.00098062462366
"eps[19,3]",0.153443139773008,0.0199943644292786,0.784031897158485,-1.39837881024142,-0.351384483844538,0.141532627319839,0.675292366952591,1.70634343893853,1537.63146040206,1.00042223919473
"eps[19,4]",-0.179296138839377,0.0183528289532311,0.804974027296553,-1.82113838190785,-0.719556536214263,-0.172961541477178,0.357831238632775,1.34841206595383,1923.79017250111,1.00084068849911
"eps[19,5]",0.32824340915867,0.0226644368921551,0.857805719412841,-1.35119577976694,-0.248906800967612,0.312708678875142,0.891148478861974,2.11754197802985,1432.47815751669,1.00111949947439
"eps[19,6]",0.633974728465376,0.0187443161329448,0.815640276418344,-1.01756559711363,0.118316326373668,0.646364486654031,1.18877924975341,2.21709484002011,1893.46867983386,1.00172547040908
"eps[19,7]",0.0113267650388495,0.0200331856575846,0.953008446916188,-1.89119098508533,-0.629507179465243,0.0205448625377184,0.643181995558589,1.85833278594819,2263.04645060921,1.00071194977836
"eps[19,8]",-0.532329216071392,0.0176938577666523,0.980070477866243,-2.41900816533618,-1.20886182112887,-0.542610016441658,0.105398780265079,1.39702813060522,3068.10028537731,0.999861086865618
"eps[20,1]",-0.452070814862923,0.0178328389953513,0.599139041789347,-1.55870327286627,-0.82604177375567,-0.501952578320031,-0.114957609077844,0.888052928905617,1128.79288662842,1.00073628394703
"eps[20,2]",-0.51015517528564,0.0258808801257243,0.886200823783886,-2.28016358841467,-1.11405739749874,-0.519358658941792,0.0706658016869976,1.25862739938909,1172.48208708037,1.00410104746532
"eps[20,3]",0.489940656481992,0.0221897799052856,0.814759037832706,-1.18531036961498,-0.0229313285086798,0.505483542620965,1.01526528311726,2.08319493935616,1348.19398154973,1.00255890713134
"eps[20,4]",-0.385857896551104,0.0238101440905499,0.89977430597373,-2.11865965557113,-0.985489715275227,-0.386975815325561,0.216309391513153,1.39610402964787,1428.04905870707,1.00162035316213
"eps[20,5]",1.17124245360552,0.0274681575537363,0.905178277719203,-0.695843649422092,0.598624574781814,1.18962850643852,1.79920116412626,2.80668580453868,1085.94839312544,1.00288091148893
"eps[20,6]",0.349394668054439,0.0177173111536693,0.814499464481138,-1.22681865266554,-0.183302530797198,0.338911314995399,0.888768772921583,1.93297308678811,2113.42081987014,1.00232928576155
"eps[20,7]",-0.210632357393631,0.0193875352131503,0.94361867324923,-1.98722054202462,-0.872553086212325,-0.217139390725664,0.422450010414586,1.67624913552771,2368.90614134909,1.0009053559083
"eps[20,8]",-0.346472792680584,0.0162625366902898,0.958382185266403,-2.20538702025388,-0.998425718041275,-0.38463330566624,0.302962445622458,1.57108584204506,3472.96883244909,0.999443462989753
"eps[21,1]",0.0946691736329855,0.0244889198066453,1.0425885757139,-2.00333623475676,-0.603246584277457,0.123804606376736,0.80206940104418,2.05586528691491,1812.5361015506,1.00170591033451
"eps[21,2]",0.223849794913788,0.026398119809143,0.950238281098048,-1.65275834140493,-0.424905468783641,0.23900254708527,0.867077709262988,2.05302056661609,1295.74354342888,1.00039275228389
"eps[21,3]",-0.0240806489650733,0.0343717171399495,1.10789813826976,-2.18328910281452,-0.801138871761197,-0.0119694620428481,0.755816444545204,2.0779631053575,1038.95612295716,1.00565823032892
"eps[21,4]",0.457458316316261,0.025838736354178,0.964372411818926,-1.49723310400461,-0.172358398400528,0.462338976887773,1.11824731835621,2.27507524585856,1392.98684294381,1.00059287924187
"eps[21,5]",-0.356696744848648,0.027978331552881,1.0050912882104,-2.24644518541954,-1.05680736645987,-0.416781344997373,0.302464329982976,1.75206543074796,1290.52788377194,1.00438908116952
"eps[21,6]",1.15162498438957,0.0216823795072539,0.877466365151004,-0.630312018929459,0.604383780154503,1.18582806584837,1.74265967317414,2.77522645536071,1637.7479825186,0.99973623754489
"eps[21,7]",-0.52934291774963,0.0209620213335365,0.959058028220147,-2.39057389256162,-1.16657830270145,-0.576589889277631,0.108438663776272,1.42383910280999,2093.26134181088,1.00125384893205
"eps[21,8]",-0.251236876806251,0.0173461070306427,0.97842780887448,-2.15727142857972,-0.899943890551271,-0.241548432243609,0.366981514771264,1.69006282710889,3181.65826995004,1.00005183192222
"eps[22,1]",0.39843974538301,0.0212416639099327,1.03191213305951,-1.64997577532482,-0.28753417036525,0.418788869802688,1.09441456558654,2.36552430097549,2359.98026674497,1.00101766324539
"eps[22,2]",-0.217885298720215,0.0201102895051792,0.895543393514524,-1.9572221738161,-0.810569810981477,-0.247880059322619,0.371827438211624,1.5889349253303,1983.06351098654,1.00173845059688
"eps[22,3]",-0.334258258091689,0.0269353792969288,1.04070689358263,-2.29928259213804,-1.04966656934866,-0.359519454313437,0.350977864636305,1.78842651441909,1492.83109114709,1.00128217055735
"eps[22,4]",-0.262147140943659,0.0229560085528259,0.903829652197541,-2.03460945260353,-0.867276515881111,-0.261697756028058,0.314833558642451,1.53817290405846,1550.17387952511,1.00165648968718
"eps[22,5]",-0.576217752637691,0.020861064435469,0.875569713330521,-2.21385328173563,-1.16085444819057,-0.607058402251759,-0.0333122721208623,1.25099058089888,1761.60499093819,1.00113380174457
"eps[22,6]",0.74122472607169,0.0193137463058616,0.870167510006926,-1.04521861448669,0.181528422926591,0.735801411629737,1.33198785945856,2.40679150425324,2029.89083409258,1.00285811036141
"eps[22,7]",0.034126100012311,0.0200058408547962,1.04787001443515,-2.06141536982539,-0.663247354273351,0.0259219385303098,0.739908350074004,2.07836584869863,2743.47625924583,0.999810575467095
"eps[22,8]",0.413467792728927,0.0201207986727708,1.03404236755856,-1.63990701623126,-0.319887613196669,0.419894322303234,1.11083707745153,2.46115199304601,2641.10845541448,1.00150356281316
"eps[23,1]",0.386164953386427,0.0232011622077942,1.03383748815316,-1.6660006539762,-0.272648831629418,0.391581439068087,1.08954166325797,2.36502913619222,1985.56940126413,1.00127585524268
"eps[23,2]",-0.771315191214813,0.0254811107944884,0.919461005558416,-2.5028187538116,-1.39071250757718,-0.787089176746591,-0.181026460737153,1.09620115061912,1302.05676566779,1.00275782590423
"eps[23,3]",-0.0584515179784908,0.0273637147353505,0.993398359245779,-1.97066103193058,-0.739755055397255,-0.0664342447941594,0.603560209613044,1.89419721900507,1317.94342594966,1.0040705559837
"eps[23,4]",0.0438514683851121,0.0254810072727157,0.897780620399281,-1.75627190272506,-0.53816809975571,0.0487601927433818,0.653345563305198,1.76475479885338,1241.3872177465,1.00091450313354
"eps[23,5]",-0.417598995394128,0.0228243983758408,0.890269334275064,-2.12148966337022,-1.02819168984959,-0.41663981146503,0.155319020368129,1.35927936340482,1521.40258770261,0.999570706878439
"eps[23,6]",0.957731110850134,0.018556165624271,0.851181287863265,-0.738537023022186,0.384829854127161,0.975378748524067,1.53361836213068,2.57111149062351,2104.10619441628,0.99992931589327
"eps[23,7]",-0.00168983275496516,0.0164136861696401,0.999695277820066,-1.95999731649421,-0.679512915560252,0.00390497150661744,0.671542664632025,1.91923914628891,3709.56538571682,1.00216205948237
"eps[23,8]",-0.352071190005846,0.0177130260196942,1.00767181614533,-2.30449729948777,-1.03843781391098,-0.363390103523599,0.333975790372563,1.62828199873769,3236.32928026378,0.999845088862023
"eps[24,1]",0.112537440817389,0.017131617119566,0.913948568720683,-1.6925172746739,-0.475695288237494,0.106061610971884,0.711816487135904,1.91381198365227,2846.07797772618,1.00081757373873
"eps[24,2]",0.018241103065164,0.0177217251384663,0.854308459283958,-1.69684911729688,-0.564846579614715,0.0311426431920134,0.591023174331506,1.64888769695815,2323.89991791817,1.00140263274696
"eps[24,3]",-0.222838711803825,0.0211983601336893,0.93413845088806,-2.00588350086052,-0.850414248872555,-0.249657899502876,0.394542807832761,1.63563037649975,1941.86022247843,1.00125915477516
"eps[24,4]",-0.532050940254676,0.0158549231218479,0.843996948475862,-2.12398133112999,-1.10496010417734,-0.527393076866262,0.0344046910968279,1.21763320764548,2833.69740029075,1.00033194366298
"eps[24,5]",0.254561058941268,0.0151122719834095,0.833905977334888,-1.43114005134339,-0.27789499240548,0.263089735691308,0.799783025109082,1.88805165874477,3044.91133723828,1.00059570870454
"eps[24,6]",0.164704882835379,0.0154178058309297,0.816783430516531,-1.45244244939689,-0.361669256844916,0.176306764782067,0.701148520520034,1.74951404055873,2806.52357080169,1.00028813937699
"eps[24,7]",0.00562656091095304,0.016124564806185,0.996818956690895,-1.93683726102831,-0.654871655975206,-0.0106397895574667,0.684043824606642,1.99390467129713,3821.69982766858,1.00005916133148
"eps[24,8]",0.111850500928459,0.0148367749178118,0.935513828964417,-1.73492792799693,-0.511980277392866,0.103293445220333,0.745668284367202,1.92219018214254,3975.77141539252,0.999383679298444
"N_0[1]",2199.75155991565,111.098983594804,5071.41539322769,111.090521119545,524.154847477529,1084.41693366506,2284.48503065196,10563.4849019539,2083.71442157156,1.00195411777697
"N_0[2]",337.602510613283,0.829889862414384,40.6142837954499,264.222116800103,311.323896134282,334.775369783453,360.823212974969,428.248620924445,2395.06155380676,1.00159781566526
"N_0[3]",470.995155302443,41.1352019485855,1438.81267661507,17.7748805903229,94.1737270221133,194.183071874636,416.019298796675,2686.10219559082,1223.43596581305,1.00192531551925
"N_0[4]",321.066242822051,0.85833953071882,39.8598417015894,242.728576818873,296.286113885943,320.686556002709,344.993608362294,406.571338496956,2156.51712136823,1.00139563509694
"N_0[5]",224.609288731686,1.30560573306768,40.2661659635683,168.424293487744,199.364787510482,217.459709327781,240.613372659673,328.342821696509,951.16631486235,1.00483128355126
"N_0[6]",346.563893627027,1.24751367261076,53.2010306271463,234.423547222761,316.424168119125,348.183356125932,378.702595426792,452.197902448434,1818.65140750255,1.00059242919228
"N_0[7]",461.106161202887,1.70309318843782,69.8272189925482,357.123806480077,416.234896379916,451.256310724993,493.446945226071,624.151225479866,1681.01917567069,1.00210320344729
"N_0[8]",41.2346838991313,0.19304866012759,7.07777052489222,29.2166282281066,36.3669443252675,40.6839849239177,45.4755353636216,57.1582939466642,1344.18601387322,1.00156321513433
"overdisp[1]",7.36330930186299,0.000417772487221522,0.0252424583631681,7.31478255004863,7.34629731484733,7.36365191809652,7.38045275633869,7.41164260937673,3650.76287652031,1.00066513412939
"overdisp[2]",7.41770564020168,0.000436408249086468,0.0248578579975648,7.36974510862002,7.40142888298156,7.41795141588249,7.43422543533647,7.46685311725762,3244.45311959994,1.00101789827484
"overdisp[3]",7.1636828681476,0.000447948919447738,0.0271824031794744,7.10979826238485,7.14562629800373,7.16379396772593,7.18206621243931,7.21692828239055,3682.29614246444,0.999889400341082
"overdisp[4]",7.01680997855954,0.000521691295193587,0.0295962422797751,6.95921736034804,6.99614839177382,7.01727183759473,7.03766396358082,7.07326443711577,3218.44407630583,1.00045932879461
"overdisp[5]",7.81502061454576,0.000327142015493054,0.0202024068834545,7.77352225919573,7.801801872139,7.81503843888168,7.8284388223385,7.85322058646448,3813.58628808193,0.999782615506007
"overdisp[6]",6.97170911679185,0.000471924175507254,0.0309540258307688,6.91055605031519,6.95098568022304,6.97156052848221,6.99264497370547,7.0331101132284,4302.19241106695,1.00029002493581
"overdisp[7]",7.10882216879916,0.000410408399744803,0.0279382912577401,7.05315207611016,7.09027507224356,7.1086511486046,7.12729585904444,7.16337782031282,4634.11918821528,0.999121387307388
"overdisp[8]",7.9908285251927,0.000277319689289461,0.0187629179032084,7.95367197177144,7.97830552473508,7.99074867119843,8.00376866071877,8.02720322219409,4577.61587696333,0.999661835491047
"overdisp[9]",8.09109838810667,0.000283015430583236,0.0173758367811608,8.0567707008598,8.07944467296382,8.09085185152028,8.1030867769294,8.12422082702185,3769.39132935695,1.00018927023297
"overdisp[10]",6.31004517329784,0.000707092895345603,0.0428833662330594,6.22724989980762,6.28115095427904,6.3096207427002,6.33922892106205,6.39175547148901,3678.11065566301,0.999858179776219
"overdisp[11]",7.48431194609894,0.000377939854624239,0.023500467871861,7.43737805913383,7.46874888540474,7.48419772823912,7.50019789302876,7.53041055880949,3866.40758511646,0.999607786674393
"overdisp[12]",6.93352207990676,0.000479954050067448,0.0305674212076236,6.87419093459895,6.91309879944068,6.93347909997675,6.95413935982357,6.99379408844047,4056.18991799946,0.999749915915069
"overdisp[13]",5.79727162854654,0.000974822386306816,0.0549530255819818,5.68542134691817,5.76197572788709,5.79818020433765,5.83451244813116,5.90249720528396,3177.8414782678,1.00043403856803
"overdisp[14]",6.22717720771273,0.000689272868471416,0.0434966266128793,6.14106000772201,6.19757450499981,6.22715602962453,6.25668119379507,6.31369690055436,3982.25242298892,0.999408001613667
"overdisp[15]",6.88729883718521,0.000497493369544162,0.0310616001305277,6.82658103925009,6.8662114094593,6.88736166551689,6.90866048267677,6.94813630876856,3898.2802278142,1.00080606857506
"overdisp[16]",7.28110837483496,0.000399184294382172,0.0259333069831672,7.22905815019573,7.26375787884634,7.28131161776602,7.29857577884279,7.33223255753647,4220.54864390118,0.999625704686298
"overdisp[17]",6.57007784743704,0.000568952896367346,0.0362788607100453,6.49756776788645,6.54591867236192,6.57071503928459,6.59441373030289,6.64181497464149,4065.88092021592,1.00027416444329
"overdisp[18]",6.78528601773872,0.000593524513112606,0.0334468173545228,6.71921284406013,6.76320431143162,6.78506633347153,6.80716998884623,6.85137961701022,3175.6474052181,1.00008298259203
"overdisp[19]",6.9957214270429,0.000422954264854998,0.0292398659606693,6.9373721496972,6.97672690406201,6.99570015283343,7.01505222233353,7.05225983853959,4779.29609847424,1.00026240320645
"overdisp[20]",6.471543713268,0.000720214102404922,0.0383983123927882,6.39300273621348,6.44618803460114,6.472564246974,6.49739634558317,6.54617063785468,2842.50366362054,0.99966573384088
"overdisp[21]",6.20364882809633,0.00067993311193461,0.0437152159995985,6.11702121065732,6.17371888993462,6.20490953137285,6.23366450895695,6.2871637837068,4133.64212716143,1.00044944016049
"overdisp[22]",6.88134776835326,0.000460690649082071,0.0313534527407063,6.81718782641676,6.86023788496089,6.88253242780184,6.90263985085704,6.9419615429903,4631.82297852832,0.999323620913112
"overdisp[23]",7.01712207983908,0.000560153350158502,0.0298599433099624,6.95683984248203,6.99657352285489,7.01779661108001,7.0373839805431,7.07449761530104,2841.6074470136,1.00053675343222
"overdisp[24]",7.66674895048756,0.000318414753026724,0.021873969527126,7.62378813694445,7.65226322355368,7.66698799017495,7.68142756485522,7.70920677002722,4719.20498971368,1.0000080338342
"overdisp[25]",7.58301292165491,0.000362454847652361,0.0221060287452938,7.53928714826821,7.56821170626984,7.58307476839518,7.59767642117111,7.62640198935858,3719.74899952735,0.9995831527871
"overdisp[26]",7.69590433429583,0.000362584462247763,0.0214888325455877,7.65361707054918,7.68149772123875,7.69613246289141,7.71019137060844,7.73749465701335,3512.42665560844,0.999798868036189
"overdisp[27]",7.42495045770263,0.000366037061727329,0.0242526691477504,7.37566449179161,7.40863845777469,7.42467341840438,7.44103471497273,7.47327663549174,4390.04491342085,0.999744925299472
"overdisp[28]",7.3127692114228,0.000436461544051074,0.0262813126893991,7.26143546755254,7.29510678314739,7.312887949786,7.33049586120279,7.36339647482776,3625.78574678268,0.999889827705469
"overdisp[29]",7.48667887306617,0.00036389875061311,0.022832447881078,7.44187217572381,7.47092993275522,7.48663098925221,7.50180129815792,7.53172789930934,3936.80425045563,0.999943230989926
"overdisp[30]",7.25220446990684,0.000441684170811351,0.0264258757507868,7.19926400666955,7.23449105567956,7.25225697057527,7.2702779433169,7.30393165752548,3579.60500812967,1.00010448248538
"overdisp[31]",6.35844413802537,0.000693473693653233,0.042195029300085,6.27572969947469,6.33103036182911,6.35782148315682,6.3866262327543,6.44267778551855,3702.22324558369,1.0005208434424
"overdisp[32]",6.19246897535832,0.000698986568445865,0.0448892340983752,6.1055659931868,6.16159093460602,6.19309120162682,6.22291335182211,6.27912118334358,4124.26658938073,1.00029691371207
"overdisp[33]",5.74776140428162,0.000808769448543081,0.05454786942396,5.6407853036952,5.71158459444631,5.74784679491221,5.78386121072272,5.85704780332759,4548.8970684299,1.00029851991713
"overdisp[34]",6.33233161056478,0.000635520859521532,0.0416439719044182,6.24819186627256,6.3046720634847,6.33243780818826,6.36062090163131,6.41281149348474,4293.82825913814,0.999139213135471
"overdisp[35]",6.22175907262803,0.000708858751007464,0.0438658802526457,6.13375510355132,6.19210537827874,6.22314080633164,6.25189704254077,6.30450535686026,3829.43133884745,0.999621669897912
"overdisp[36]",5.31456851344032,0.00106380246268992,0.0662550441019566,5.1835589965542,5.26891858027508,5.31583905297768,5.35923106577107,5.44194391496014,3878.96545625711,0.999717658315652
"overdisp[37]",5.30698121115569,0.00119375893515406,0.0668323611920256,5.17654323883189,5.26228694276954,5.30794552700631,5.35126956369587,5.43716175947619,3134.29838998927,0.999798043546742
"overdisp[38]",6.5744899337853,0.000580529631990375,0.0372284016232222,6.50110592295857,6.54925104463089,6.57498416172795,6.60015233417596,6.64785504324997,4112.44399178934,0.999507017227763
"overdisp[39]",6.46338435676202,0.000602421155054995,0.0383044776980694,6.38911262969884,6.43659575443391,6.46331090939618,6.49000949062434,6.53790367189689,4042.95270420562,0.999559265336088
"overdisp[40]",5.59261521867,0.00105242112057292,0.0593680509690575,5.47355548147183,5.55328916280784,5.59322933126052,5.63329651352478,5.70834910867476,3182.19268105007,1.00204077491471
"overdisp[41]",5.51682149208579,0.00103366539645683,0.0633108530290976,5.38985737839092,5.47643917070888,5.51762931092711,5.55817476736211,5.64090782938228,3751.425917658,0.999939977567395
"overdisp[42]",5.99482329622907,0.00074479295443963,0.0479593154419598,5.89734702458165,5.96335710971873,5.9966244008359,6.027081528755,6.08709748263665,4146.43471240298,1.00058547197308
"overdisp[43]",6.4795148385943,0.000587524350976058,0.0392550484453198,6.39977001790993,6.45323172925032,6.47996324803609,6.50573072185511,6.55630563956883,4464.15527928225,1.00091473338853
"overdisp[44]",4.85900395773587,0.0014981584654316,0.085884368901891,4.68877359917293,4.80146417578611,4.86107850883902,4.91787946131372,5.02571556547059,3286.34196171049,0.999478575600975
"overdisp[45]",5.03555149450001,0.00130371063338688,0.0790685262449307,4.87229625083741,4.98669722338174,5.03584803327768,5.08885236504107,5.18570099782797,3678.28073588182,0.999980440485535
"overdisp[46]",5.08528242005072,0.00133820247286499,0.076302861422553,4.93669145449297,5.03388348537779,5.08561362051856,5.13676340768406,5.23472322103728,3251.15738100018,0.999919550716878
"overdisp[47]",5.80570627574147,0.0008980561905776,0.0539322558560634,5.70026982166119,5.76905216145451,5.80590677185538,5.84268787103723,5.91089159955719,3606.53499367295,1.00081954648785
"overdisp[48]",5.98955949828152,0.000815160418566679,0.0494880939496726,5.89198603591793,5.95705894186416,5.98880047455598,6.02273656888125,6.08786498285457,3685.66015004734,1.00087650002044
"overdisp[49]",6.47462901179358,0.000599388864202799,0.0383870347293277,6.40091627676771,6.44884640825468,6.47514502899731,6.50087208500538,6.54902914752959,4101.58570678519,0.999202365622508
"overdisp[50]",7.04913876262383,0.000433827295214702,0.0287019356893175,6.99159320524643,7.03007683215907,7.04927660514045,7.06848129493411,7.10529668002491,4377.12176011393,0.999644240200782
"overdisp[51]",6.4702190476558,0.000628908959854337,0.0381825798785462,6.39467175980824,6.44370466319633,6.47019532561335,6.49563736724719,6.54618672627338,3685.99697035157,0.999626593749179
"overdisp[52]",6.34607195138846,0.00060950910840908,0.042123324965462,6.26282046320743,6.31716901430831,6.3462159593674,6.3756018852758,6.42744330681492,4776.22622556109,0.999831669001901
"overdisp[53]",6.78983506659704,0.000498100207273298,0.0322147399932184,6.72706217519112,6.76829909556267,6.78956139219752,6.81125731417704,6.85374284369552,4182.88395370359,1.00053389594057
"overdisp[54]",6.60991001984814,0.000543353437680723,0.0353093977510027,6.54085181744821,6.58579517500244,6.61042329929325,6.63297763328083,6.67845864035345,4222.94847083873,0.999705673871824
"overdisp[55]",6.25928837329387,0.000741884502724184,0.0424195587868811,6.17581611842551,6.23082303465671,6.25903076665155,6.288444519822,6.3426596878615,3269.33704665307,1.00005856729642
"overdisp[56]",6.84836440140423,0.000478051673410531,0.0328774372212217,6.78471576943756,6.82649393489447,6.84798798262747,6.87030595902863,6.91067909063265,4729.83759329881,0.999611706709035
"overdisp[57]",6.9528290053967,0.000474398876342072,0.0304763560343805,6.89176432709141,6.93245830498192,6.95236505889045,6.97361451502106,7.01264776929729,4127.04090707892,0.999741673908961
"overdisp[58]",7.91728046557783,0.000326683482167809,0.018730717367859,7.88068954995977,7.90472644357848,7.91713121014621,7.93011775052565,7.95375292885157,3287.41452110834,0.999376300395146
"overdisp[59]",7.72815829787687,0.00031242118551265,0.0207260120326505,7.68786633689441,7.71439838904742,7.72832697068326,7.74230677670066,7.76751177381349,4400.99160192426,0.999404808499286
"overdisp[60]",7.50131930792807,0.000383498895279242,0.0237414918142111,7.45440187851221,7.48536318599085,7.50167593329172,7.51732514755167,7.54649677950424,3832.5495187473,0.999394774149791
"overdisp[61]",6.83937075645411,0.000551358281982187,0.0320849003019233,6.77497963887543,6.81915830668933,6.83992498082325,6.86038690993447,6.90331497165999,3386.36356858984,0.999713256240434
"overdisp[62]",6.81978759394276,0.000597107917991493,0.0338112382658504,6.75352133648527,6.79740397549023,6.81934261158458,6.84249024571128,6.88819540548732,3206.39108201149,1.00056676745118
"overdisp[63]",7.00114735403624,0.000449949742432268,0.0302325367242849,6.94007662123379,6.98024972675017,7.00113235783034,7.0222743881269,7.05859365519921,4514.61960396339,0.9994127473934
"overdisp[64]",7.1130520667553,0.000505396897746655,0.0285302282089832,7.05713013177353,7.09410941621181,7.11313292478969,7.13219653216551,7.16914120416093,3186.73057704484,1.00013141502316
"overdisp[65]",5.99384919162262,0.000716245648532845,0.0493221406100975,5.89344799886744,5.96193056060198,5.99516360290007,6.02651062193095,6.08850674816127,4741.98134345031,0.999956277771595
"overdisp[66]",5.83421429707884,0.000775679854418652,0.0513354755218926,5.73338606339974,5.80037776469282,5.83555743778414,5.86812959718836,5.93278321279645,4379.96009662155,0.999436624913179
"overdisp[67]",5.60217023423327,0.00121323368546197,0.0608315440603073,5.48169665340936,5.56246935544974,5.60327290278708,5.64315841536009,5.71753444027633,2514.02018447469,1.00148891370863
"overdisp[68]",6.1578745319328,0.000725069445116456,0.0454218721014937,6.07048790820154,6.1259679336042,6.15888125733552,6.18890867262737,6.24489259661029,3924.37817716877,0.999737922821289
"overdisp[69]",5.92335049177829,0.000872847145358296,0.0509132395838462,5.81995799406629,5.88891230701737,5.92402126594609,5.95738746133918,6.02307599890791,3402.39766708935,1.0019008057563
"overdisp[70]",5.17741847174234,0.00117105341122757,0.0704450432632583,5.03566731541007,5.13115416220045,5.17790511444461,5.22621582693284,5.31115804324832,3618.65744639651,0.999638319871994
"overdisp[71]",4.93027396249367,0.00147185327025017,0.0820176938088302,4.76576141119148,4.87503732609651,4.93163221045749,4.98484171072686,5.08984577791613,3105.17494161231,1.00079343812627
"overdisp[72]",5.31997720459941,0.00128725846855885,0.0688412955696778,5.18352120418093,5.27332074163768,5.32085257885399,5.36583332259793,5.44960618030215,2860.00343515206,1.00051821224468
"overdisp[73]",6.06951610564426,0.000723561253878954,0.047243031842999,5.97562126020126,6.03794223515245,6.06982530285695,6.10157544110844,6.16155255377235,4263.09407418979,0.999649080653991
"overdisp[74]",6.8079363266299,0.000477955368804037,0.0330982157225971,6.74370316828502,6.78489585337576,6.80939938957943,6.83030665127569,6.87096168738181,4795.50640906708,0.999618280088207
"overdisp[75]",7.02841780509066,0.000496474076491569,0.0298340622316235,6.96973278139249,7.00825858571637,7.02861945814731,7.04886622429374,7.08564312826448,3611.03443021753,0.999360532214496
"overdisp[76]",6.14036518613742,0.000755190464256881,0.0466696815373529,6.04911105647599,6.1085146425808,6.14073435027,6.17166965665904,6.22932124259,3819.06174320831,0.999678751464569
"overdisp[77]",6.66521523083871,0.000564126379141573,0.0343650285800843,6.59613457836851,6.64215048841128,6.66531085871564,6.68818635661408,6.73079972507893,3710.91154416501,1.00089665233945
"overdisp[78]",6.6816375825838,0.000567886614685411,0.0358111583096552,6.61167855850775,6.6571792619632,6.68220229888304,6.70664869853109,6.74872914323734,3976.61432198279,0.99942832641055
"overdisp[79]",5.58375499337874,0.000891800552130776,0.059688694445393,5.46488734982203,5.54198803544956,5.58350957648264,5.62614283418029,5.69736691013877,4479.69747273471,0.999111968019385
"overdisp[80]",5.57342862714453,0.00105244050255558,0.0597446734156101,5.45954847912486,5.533072548869,5.57264408053928,5.6143712286174,5.6908831148833,3222.57680106269,0.999736345596011
"overdisp[81]",6.36491541014802,0.000602510672288457,0.0401733584173993,6.2839620487976,6.33869300329297,6.36496445568185,6.3905745307748,6.44378862808622,4445.76795295472,0.999446309310916
"overdisp[82]",6.53322618070653,0.000637185478031443,0.0393176099739777,6.45435145063054,6.5072915582543,6.53315331033647,6.55852450698656,6.61151487570319,3807.52252948586,0.999359476941318
"overdisp[83]",6.43824993648493,0.000745062598019375,0.0407481050530871,6.35527814271474,6.41130414527423,6.4389099989531,6.46620387821288,6.51879630120755,2991.08881889178,1.00133691702083
"overdisp[84]",6.67860132230153,0.000542162475569284,0.0352563847084422,6.60874891538813,6.65510895786062,6.6791102985165,6.70144228619414,6.74942030318192,4228.79508997791,0.999519918920758
"overdisp[85]",6.50552144549664,0.000556794301802746,0.0382051624695718,6.43151595810284,6.48103872907903,6.50539107118206,6.53162465384784,6.57985049362291,4708.19603879383,0.999726258689991
"overdisp[86]",6.22931479793881,0.000701754506318814,0.0450390707046746,6.13753443525017,6.19958181670206,6.23031487980605,6.25992661782154,6.3171163387134,4119.15772735406,0.999546638801166
"overdisp[87]",5.88212544969336,0.00091537635550536,0.0519758588636728,5.78054040098445,5.84684682448115,5.88240857932798,5.91852869476945,5.98097862880475,3224.06633209756,1.00029287356323
"overdisp[88]",6.21713042024992,0.00065889470123713,0.045095594626298,6.12639352550366,6.18752691188209,6.21784465614605,6.24763359320584,6.30296533033456,4684.20836936486,0.999507633192021
"overdisp[89]",5.70194152155681,0.000955692637704723,0.0583689729936172,5.59062090967224,5.6621549122752,5.70250733278511,5.74113063426261,5.81681505142731,3730.16139522522,1.00066718029331
"overdisp[90]",5.03863413978756,0.00122521311909653,0.0760450519700967,4.882574796035,4.99135883246733,5.03999898574279,5.08953617198696,5.18573486845284,3852.28708978036,1.00054730724379
"overdisp[91]",4.90346751993047,0.00151741965767584,0.0847845221404663,4.73068502971281,4.848989003272,4.90481991851894,4.96149902806534,5.06503062031849,3121.91979681,1.00073941788601
"overdisp[92]",5.63057322425167,0.000931374486080294,0.059326567333926,5.51372830157047,5.59163656947588,5.63046776664375,5.67000078127164,5.74767241517153,4057.41814988278,1.00149583762662
"overdisp[93]",5.29121839084266,0.00111060916473383,0.0707052076514411,5.14884456799738,5.24326854706498,5.29163079735167,5.33989629288071,5.42793523202198,4053.03447872771,1.00130507859516
"overdisp[94]",5.0890382997329,0.00126211904278709,0.0756375784562984,4.94337325029798,5.03776154070006,5.0901386118039,5.14152231278546,5.23359275378133,3591.48944181673,0.999927836853316
"overdisp[95]",4.03600243442456,0.0020081963071071,0.122516646320176,3.78241964462823,3.95387828455434,4.0425673207329,4.1209302222629,4.26740864773794,3722.01288502866,1.00055692311789
"overdisp[96]",4.24201554105296,0.00192515952910316,0.112251523194395,4.01847161690069,4.16675548590624,4.23972861677311,4.31950223220472,4.45665014242639,3399.78175638951,0.999616079441202
"overdisp[97]",5.89985444279496,0.000889374252861023,0.0541963365238593,5.79318119793847,5.86288382872879,5.90018246595938,5.93695661137367,6.00352604741077,3713.39164912297,0.999708126590834
"overdisp[98]",5.69090211065189,0.000936279571166189,0.0571605129080466,5.57948879902255,5.65117895661144,5.69078990249574,5.7307602959188,5.79926220849663,3727.18662629572,0.999855735563027
"overdisp[99]",5.7002522318797,0.000965213130692812,0.0573420874797454,5.58509695626415,5.66215934251194,5.70131672458455,5.73868560762035,5.81367314396074,3529.39734866641,0.999738237403643
"overdisp[100]",6.22452438709075,0.000768906478657946,0.0436631099926047,6.13670744969452,6.19523533954825,6.22515370418582,6.25259053956579,6.3074313332865,3224.64783085268,1.00125580304995
"overdisp[101]",6.17610782685035,0.000704329035545315,0.0449029660468779,6.09025521207021,6.14653239012654,6.17572452803309,6.20617518377948,6.26471404431619,4064.42275003237,1.00015122004421
"overdisp[102]",5.605369787069,0.00102646279423685,0.0605995873349852,5.48289242773094,5.56450464603811,5.60628260854937,5.64701777417891,5.72116836321481,3485.40226362021,1.00078741857448
"overdisp[103]",6.12850715414645,0.000668937511217533,0.0447575178435794,6.03851255058473,6.09888151089264,6.12841716918885,6.15831433206747,6.21595058719659,4476.72984325939,1.00094548827673
"overdisp[104]",5.66703569677158,0.000876969746000792,0.0561018376689164,5.55666838460191,5.62850817087313,5.66793777328934,5.70407759051597,5.77702393941263,4092.46479437641,1.00066647943976
"overdisp[105]",5.91800438769839,0.000830088116417204,0.0526627390009748,5.80970510955036,5.88378066670771,5.91933552650149,5.95226263919655,6.02132544629282,4024.931496606,0.999777180968145
"overdisp[106]",5.74203546735081,0.00103396198832432,0.0571092755436333,5.63126770266555,5.70271772650198,5.74363424738613,5.77965836635636,5.8521671865455,3050.73269115953,1.00032735445902
"overdisp[107]",5.62445515281366,0.00081034647333141,0.0578987347097373,5.51207619602884,5.58469163976955,5.62508553002,5.66582136589043,5.73658838633205,5105.01065856304,0.999637829337895
"overdisp[108]",6.63536132907427,0.000500803853616087,0.0350634018753792,6.56619163581569,6.61141662077656,6.6360746406423,6.65909212843976,6.70325815319619,4901.99399161821,0.999694748575543
"overdisp[109]",6.14093664970834,0.000741230053524357,0.0452006963616904,6.04974588137904,6.11076124088188,6.14113517268677,6.17170414483188,6.22734771883182,3718.64064491352,1.00025107724061
"overdisp[110]",5.70403387430129,0.00109106560530164,0.058618223300633,5.58949653985131,5.66386547603558,5.70448685590629,5.74482256772457,5.81609649641421,2886.44689229642,1.00037105210679
"overdisp[111]",6.18974072260039,0.000804396681472178,0.0453752697276145,6.1006328950373,6.1586659774594,6.18912772413783,6.21961108557573,6.28204243193992,3181.98332057605,1.00005048826641
"overdisp[112]",5.25479837992771,0.00118850201342305,0.0731783488106029,5.10928664255365,5.20694832760539,5.25630629643403,5.30467652632895,5.39489348223663,3791.10111700111,1.00184852366394
"overdisp[113]",6.12281096007743,0.000941981920180365,0.0469284117574908,6.02932188586389,6.09120258701913,6.12268908010834,6.15559764918067,6.2121829001457,2481.91313726746,1.00291558388056
"overdisp[114]",5.69845333009571,0.000833440434904038,0.0567392041866101,5.58737703517096,5.66002209796381,5.69823172172368,5.73633496795012,5.81091021518244,4634.6543145201,1.00068979588474
"overdisp[115]",4.39394400785488,0.00195539608952875,0.108484580057296,4.17334815397731,4.32281681555241,4.39422177079111,4.46918588900335,4.60193117556129,3077.98528804497,1.00068911988924
"overdisp[116]",4.77130094560448,0.0014051525597614,0.0893109320648262,4.58930345735868,4.71208459256094,4.77282361136656,4.83126077727876,4.9416509646064,4039.82251942735,1.00001704969305
"overdisp[117]",4.49933906538488,0.00153920988826784,0.104331947098064,4.28422903703889,4.42978723993942,4.50472401554771,4.57176252769552,4.69373744983297,4594.50719052837,0.999293612667888
"overdisp[118]",5.42715587211066,0.00116038980579883,0.0656982365528856,5.29886182509615,5.38162410776038,5.42748935896207,5.4722229583594,5.55482251306691,3205.52830062227,1.00165165921977
"overdisp[119]",5.93977615153084,0.000876285696317028,0.050887675483075,5.84007762996495,5.90499999997802,5.94064623652437,5.97362088488449,6.03601117689413,3372.35884428512,0.999553603682994
"overdisp[120]",5.72494638043537,0.00100294930728083,0.0585169167935571,5.60906402313858,5.68601975274784,5.72553476932998,5.76509340428879,5.83875262265728,3404.12034673106,0.999776255498088
"overdisp[121]",5.72385758441831,0.000843941212262695,0.0553515203145116,5.61659567494103,5.68555019942884,5.72464328864551,5.7632083804063,5.8298308504888,4301.64649064644,1.00061168099851
"overdisp[122]",6.04804248173343,0.000848419655294417,0.0498086526257866,5.95195013417594,6.01355998304876,6.04857631989284,6.08254222751559,6.14431128602201,3446.57826646432,1.00163051077275
"overdisp[123]",6.64152971686731,0.000705903457733238,0.036203302526731,6.56559643515883,6.61794994596042,6.64242066651785,6.66605606081945,6.70996888825197,2630.30287963653,1.00146164668351
"overdisp[124]",7.01916308474706,0.000463771388089758,0.0288790319010618,6.96201878718517,6.99967134611593,7.01926102441351,7.03835601525323,7.07550564703221,3877.54956065997,1.00024184001779
"overdisp[125]",7.46325460368389,0.000368012669609506,0.0232811245505397,7.41765910451971,7.44717782893747,7.46316175367307,7.47946928713508,7.5090507247213,4002.04868606227,1.00055243537921
"overdisp[126]",6.80395829683528,0.000488238954301993,0.0328163124449549,6.74040354046836,6.78173877311648,6.80401180277499,6.82594050348849,6.86873131715358,4517.67206298447,1.00085056605531
"overdisp[127]",6.41205066987756,0.000647555764152862,0.0399650101168897,6.33302099125692,6.38538451858025,6.41187415400702,6.43958544374624,6.48742368511326,3808.95206674359,1.00169639886238
"overdisp[128]",6.75376593134626,0.000539248616307962,0.0333864923111038,6.68804741352601,6.73139843729963,6.75413747723708,6.77663386286131,6.81868570998671,3833.21789952724,0.999995230254719
"overdisp[129]",6.71137494968119,0.000595096148192971,0.0351810141353859,6.64164716109772,6.6878156865559,6.71186028885712,6.73481461715688,6.78183907858127,3494.96177534548,1.00062065342413
"overdisp[130]",6.14096653841395,0.000753362280821833,0.0446941389886036,6.05425943130083,6.11127936634733,6.14152681306733,6.17079808278286,6.22786355704373,3519.60078533752,1.00025253098947
"overdisp[131]",6.47612695679074,0.000672115823109396,0.0388362358851968,6.4007694795923,6.44916037166077,6.4762173975043,6.50205171562124,6.55244542220118,3338.76629748137,0.999723459581795
"overdisp[132]",6.7575366591138,0.000514319520135723,0.0339229957446565,6.6899629780471,6.73544611677031,6.75847598476618,6.77986468434538,6.82241724832796,4350.33178787286,1.00100643397048
"overdisp[133]",7.39071232359374,0.000359861351181645,0.0241502768526257,7.3429734992213,7.37475136306148,7.3905922446525,7.40732368759303,7.4383397812808,4503.7452278367,0.999100206201018
"overdisp[134]",7.39492901991821,0.000377878044243432,0.0247459382261707,7.34476979668644,7.3784010287165,7.39552200583384,7.41186213955163,7.44249168419299,4288.4912768097,0.999918377206608
"overdisp[135]",7.14221874407614,0.000469644165441517,0.0271149512332195,7.08826445434931,7.12424946985931,7.14251880671197,7.15979689861693,7.19592927104914,3333.34137297628,0.99991545081777
"overdisp[136]",6.6066500783744,0.000585042983281774,0.0369743521469532,6.53241007424395,6.58229369323424,6.60600531887089,6.63135753863222,6.67920198907298,3994.16127162233,1.00151244305641
"overdisp[137]",6.09516292783573,0.000709602951255881,0.0480065240887435,5.99898358141202,6.06374754431418,6.09558354751154,6.12781232991622,6.18883150687941,4576.88181253246,0.999925426381647
"overdisp[138]",6.85650047059153,0.000497799192247353,0.031420267443891,6.79354528525564,6.83546667068872,6.85647506472408,6.87829114273511,6.91665440616573,3983.92706983185,0.999591678725402
"overdisp[139]",6.72242607799393,0.000577284450761537,0.036100945815139,6.65043025192071,6.69803772960604,6.7220517485782,6.74796961079682,6.79041301124895,3910.72646779125,0.999857979607508
"overdisp[140]",6.00374987247785,0.00076169676882135,0.0490317105864348,5.90742031985549,5.9699829055725,6.00480461153278,6.03836080476688,6.0989753318728,4143.71486387374,0.999856945628931
"overdisp[141]",5.83465699018939,0.000853111915667432,0.0518591356457813,5.73371658077774,5.79953557390286,5.83510090842801,5.86955601428588,5.93472293901638,3695.20495908776,1.00020045810303
"overdisp[142]",5.62617730790281,0.000961710920709315,0.0597938721329084,5.5087806535107,5.58618312478875,5.62572476453575,5.66671178465168,5.74043878472844,3865.66541083546,1.00018238556415
"overdisp[143]",5.54210707341188,0.00105518413323257,0.0610770376151004,5.42062636493614,5.50103806236796,5.54487519624376,5.58427633634856,5.65808753766552,3350.4213299703,1.00109583170662
"overdisp[144]",3.70166776069319,0.00341262061828088,0.141825606175094,3.41978191322526,3.6048384184337,3.70425971953973,3.7982956677578,3.96506381992651,1727.16280275283,1.00121160286099
"overdisp[145]",4.14589995047336,0.00202120417437096,0.116155851703089,3.91237458164782,4.06988803463851,4.14757294240933,4.22449875137561,4.36539829711213,3302.64439236177,1.00033419664089
"overdisp[146]",5.07475659884204,0.00113757422875546,0.0750425277479588,4.9321834276418,5.02359961854261,5.07483317828253,5.12554783063359,5.21885007541941,4351.66464293354,1.00085738606458
"overdisp[147]",5.55335880739299,0.00101783153343075,0.0607407956806656,5.43153735454782,5.51446187349601,5.5538137105978,5.59322478560371,5.67023215347027,3561.30484197386,1.00169689608358
"overdisp[148]",4.89452778218861,0.00132446440332604,0.079627129738146,4.73881248794786,4.84205456378997,4.89469798520685,4.94818180959147,5.04842998318718,3614.44434150589,1.00047257827038
"overdisp[149]",5.24854396684649,0.0010981996741223,0.069593535624447,5.10875935375324,5.20264020552504,5.25056012383071,5.29466711732211,5.38458942586698,4015.82871528834,0.9996656524452
"overdisp[150]",5.39692465142081,0.000903921179905077,0.0629095279308738,5.2722654543988,5.35403074763819,5.39667866322845,5.4401369103879,5.51974551575203,4843.63855515973,1.0001583684979
"overdisp[151]",4.8095059464474,0.00145835659940229,0.0830766832398134,4.64921994069366,4.75240424922378,4.80805604552335,4.86711824167123,4.96870280763248,3245.12056220093,0.999538568767881
"overdisp[152]",4.41203432555064,0.00177902507000463,0.102507777086841,4.20997556269919,4.34299591020518,4.41196932909289,4.4832320030063,4.60397093242928,3320.08723739466,0.999655256909601
"overdisp[153]",5.23357523066695,0.00126788351371619,0.0687353009461409,5.09723813725654,5.18749812444129,5.23323768765639,5.27990644586857,5.37008972347459,2939.00934848818,1.00095303554628
"overdisp[154]",5.37607357011056,0.00117689886457202,0.0655136847060962,5.24543274548759,5.33204708168914,5.37679320208754,5.42154750831848,5.50275029088763,3098.74447069209,1.00012608786465
"overdisp[155]",5.90480352750015,0.00075075162315464,0.051155444976604,5.8010102409726,5.87190985376381,5.90516706225472,5.93908058870772,6.00585624077602,4642.91971351609,1.0001703646615
"overdisp[156]",5.90427760021934,0.000811159549223449,0.0516667788638679,5.79788769844777,5.87071365745269,5.90558533522698,5.94043078729263,5.99988198974511,4057.04852970666,0.999541281668297
"overdisp[157]",6.16233413438142,0.000727089636261131,0.0445121644794326,6.07410331031021,6.13283131106634,6.16225554136965,6.1921406882039,6.25002319671798,3747.8441027798,0.999659021705951
"overdisp[158]",5.81698759828509,0.000829740334079257,0.0528239284071433,5.71282320054708,5.7815363130726,5.81659491224762,5.85337070243116,5.91728055775226,4053.00358215867,0.999753871287093
"overdisp[159]",6.03642234039723,0.000704137965330413,0.0463423948489143,5.94455779053685,6.00539364412855,6.03600109487594,6.0675422505844,6.12612790022697,4331.53097465107,1.00032515759884
"overdisp[160]",6.309051310442,0.000740461234404886,0.0435233277840763,6.22350736725148,6.2794590851939,6.3094238297497,6.33909072848494,6.39080233947171,3454.93224370698,1.00145376684958
"overdisp[161]",6.26533225315533,0.000705212753063471,0.0427132091141039,6.18278129397671,6.23639768600713,6.26502383709172,6.29412877081579,6.34876756254303,3668.46254153899,0.999206173543589
"overdisp[162]",5.57917385290682,0.000974089238262086,0.0593222228896289,5.46336177445276,5.53879575931007,5.57915508698936,5.61999625751464,5.69433994729152,3708.83354247915,0.99967712325443
"overdisp[163]",5.08388044793406,0.0012653941925943,0.07558688592021,4.93141752288802,5.03286476125315,5.0860048838505,5.1338919286816,5.2303977143398,3568.13463236979,1.00204247651431
"overdisp[164]",4.80685557500739,0.00172879660770914,0.0861517651828699,4.63084249749305,4.75203576437765,4.81030062034767,4.86245114671637,4.97011596579265,2483.36500631618,0.999552155220224
"overdisp[165]",4.66008645473971,0.00199793814460232,0.0966841386392952,4.46073068360041,4.59899360246848,4.66174298118354,4.72484784161468,4.84374446085154,2341.78159224839,1.00080345999718
"overdisp[166]",5.37796434044034,0.00115356472580363,0.0698654421291336,5.23595645770606,5.33295677343967,5.37979894956112,5.42533497198705,5.51018644279615,3668.09764765354,0.999671067063488
"overdisp[167]",3.85630812819085,0.00229230094810274,0.132476339655687,3.58300780770095,3.76867773826415,3.86051729776518,3.94529325872565,4.10008943594247,3339.89929328145,1.00026043598197
"overdisp[168]",4.04767283392649,0.00197991922070699,0.122639302437072,3.80028978563601,3.96493680096219,4.05154948691685,4.13022033674502,4.28629721340716,3836.75793346728,1.00000853774079
"sigma_rn[1]",0.447329792003273,0.00753724680135682,0.146041956409345,0.225077018368278,0.338922775180227,0.42973637951723,0.532048944078654,0.76942315510247,375.430725033879,1.00951494291473
"sigma_rn[2]",0.172548795556139,0.0026624896076339,0.0550311085284571,0.0752961732921399,0.133023386292644,0.16931378111574,0.208717530332836,0.286891923362806,427.209281729242,1.01802970790063
"sigma_rn[3]",0.270439385292846,0.00394228253004687,0.0951799343930488,0.116920148952307,0.202232629410466,0.260281279752027,0.325779498314512,0.486819730467814,582.901685701632,1.0079451134304
"sigma_rn[4]",0.191252294512881,0.00245773808849486,0.058698648157513,0.08554012940403,0.15029721397304,0.187642516312135,0.228837201568206,0.317775116167386,570.407200306283,1.01251109429522
"sigma_rn[5]",0.295448612477341,0.00479326590072867,0.0835568559999079,0.137219065136381,0.238510289855573,0.291948466993054,0.350302260714592,0.468008329780235,303.879314129049,1.01904875838768
"sigma_rn[6]",0.384702378187888,0.00383569094798999,0.0921864213418271,0.226831556563567,0.318570723228476,0.375892657175543,0.4438165982937,0.582020492891744,577.625951480282,1.00179726389997
"sigma_rn[7]",0.203737892326242,0.00260007698836755,0.0668007683834533,0.0796316704199999,0.157204283543923,0.201242308427837,0.247467848299882,0.342543186231165,660.070769274885,1.00806923209569
"sigma_rn[8]",0.246116042295311,0.00323105576172187,0.0643387953639615,0.135415910787006,0.199272646073625,0.241817181383476,0.287598383791897,0.382735567787884,396.512555834855,1.0182330233548
"slope[1]",0.011505499105568,0.00253861349270822,0.0881190916483714,-0.163608854408846,-0.0440484544936599,0.00965859944393965,0.0638715855991007,0.194973412371368,1204.888489207,1.00196126587214
"slope[2]",0.000308449659969643,0.00239089534123084,0.0709060610005603,-0.137316920572788,-0.0460731686927903,-0.00138070801599176,0.0468886966149702,0.140417282767683,879.519734181077,1.00253979399566
"slope[3]",-0.00318124189391657,0.00280980634791127,0.0854969117429077,-0.172997991350776,-0.057185581132233,-0.00274046150067484,0.0515088533777711,0.169380249346482,925.865873733693,1.00272962392384
"slope[4]",-0.00402785903988337,0.00230040857626375,0.0714178401833846,-0.145100144806121,-0.0511409587423153,-0.00427266881434083,0.0416518763048303,0.143568037264178,963.836720577215,1.00359613036886
"slope[5]",-0.0134329917798668,0.00235046584770163,0.0768785143312338,-0.164576259575957,-0.062365879767748,-0.0154244435228894,0.0377253419214625,0.142365879843689,1069.79871909936,1.00303380554768
"slope[6]",0.00450665626777478,0.00242342652060553,0.0813275774040769,-0.153866177994031,-0.0487659958670759,0.00399639791456253,0.0557311299453515,0.173729294577124,1126.2011302109,1.00346784055793
"slope[7]",-0.0191777457093044,0.00235315217493153,0.0736054863522915,-0.166430933669947,-0.0672324830256786,-0.0209114816824512,0.0285403570412618,0.132714655350978,978.40879236673,1.00533319446319
"slope[8]",0.0260655084738137,0.00243647936009691,0.0750616411347906,-0.114782264054578,-0.0243150017170144,0.0249373915086873,0.0728221272268928,0.186113033081907,949.097080701466,1.00229945543098
"annual[1]",0.326494932893498,0.00444026468275729,0.153007884076705,0.0283619587569144,0.226485879105977,0.328181983102389,0.42528908549855,0.623244277158427,1187.43515031188,1.00215776246075
"annual[2]",0.485023993352287,0.0047325946359632,0.157764089749204,0.169157705654014,0.383270739324288,0.489089048965691,0.590840329551395,0.78220948396959,1111.26515763238,1.00221652631269
"annual[3]",0.397234546421912,0.00393800751464872,0.141543083232569,0.106170990668971,0.309155445074821,0.399452661110859,0.488811554363776,0.671420225551155,1291.88609004247,1.00310879021565
"annual[4]",-0.517371700637832,0.00503865642591229,0.154732998940708,-0.815511155924411,-0.616485596584824,-0.519147720759728,-0.420500265950224,-0.195882356207031,943.05363630944,1.00310880139172
"annual[5]",-0.0161347381617332,0.00401633358848803,0.142747367621009,-0.296820664601708,-0.110847309501765,-0.0153808577420381,0.074866943158446,0.274217056564891,1263.21321973455,1.00272293256389
"annual[6]",0.237722247697671,0.00415795119766751,0.136929099141928,-0.0415554640622431,0.145449117517014,0.240533331668791,0.331142924049094,0.497033044961613,1084.50791650347,1.00395753117454
"annual[7]",-0.391407019806475,0.00489715680038039,0.157894831255326,-0.707162833760547,-0.495034480213021,-0.393234583766668,-0.288861273606368,-0.0782670605314016,1039.55580372041,1.00561094345507
"annual[8]",-0.195894474536644,0.00419925197553494,0.134926644443242,-0.464126036035499,-0.282380161018459,-0.198201046874318,-0.106771566549673,0.0729984555468158,1032.40849457247,1.00320823247908
"annual[9]",0.404040156388898,0.00539023096324936,0.170265867177194,0.0541972336139753,0.290470149036197,0.411928651235986,0.520785458070005,0.721128114910012,997.792971371145,1.00437829947888
"annual[10]",0.104985138443605,0.00380228424825331,0.132024219287732,-0.164078187274081,0.0178519724489476,0.107119601628618,0.196435677879252,0.353789314864295,1205.64112964367,1.00261567276519
"annual[11]",0.52133743548774,0.00596475337390293,0.17632186795796,0.143863703258076,0.409375721469408,0.531993318775337,0.646941164197287,0.830277967180566,873.830850266533,1.00482902858326
"annual[12]",-0.0596936259747206,0.00310658614491879,0.122509759899962,-0.296662598681603,-0.143203906017718,-0.0597581707903671,0.0202880303089025,0.18304226480775,1555.15820280373,1.00101545189733
"annual[13]",-0.0356518091382312,0.00398371492224986,0.134339720477,-0.298045880609796,-0.125033561080332,-0.0343502243106888,0.0541913460244552,0.228467769218589,1137.18828174446,1.00255922695182
"annual[14]",-0.39610360966937,0.00416361011301483,0.14603962899767,-0.68395234233725,-0.492358329130797,-0.4005956900206,-0.300098357666744,-0.106449875777894,1230.27254559057,1.00507091106033
"annual[15]",-0.14928428733854,0.00465281945921367,0.137231500948844,-0.422974545165734,-0.242932293717892,-0.142688763651654,-0.0564915523960833,0.112584056282066,869.911805087174,1.00788308225649
"annual[16]",0.396993573918353,0.00491628471066328,0.139614003245039,0.114568049107568,0.30415992143395,0.39635228139574,0.487023596952937,0.677304071647909,806.462000486233,1.00842423763982
"annual[17]",-0.097103752283688,0.00404131615389565,0.12455415413447,-0.339335990398109,-0.181061769874412,-0.0961546170907666,-0.0090368089594342,0.142128395255744,949.884453618709,1.0111593887633
"annual[18]",-0.977567321265767,0.00462197769905413,0.154191387076144,-1.28104006089313,-1.0790766906961,-0.976849905449254,-0.876651692123012,-0.670388303580128,1112.92151736722,1.00071662300875
"annual[19]",-0.0234201625516865,0.00498983581601034,0.146416819570442,-0.302093993191439,-0.121039842675317,-0.0267853882693002,0.0705364149820506,0.265203303634733,861.0124395966,1.00424400559109
"annual[20]",-0.157499491491701,0.0043302993651451,0.144208902177213,-0.447006561756597,-0.249277039540948,-0.158334132129044,-0.0607236082533673,0.123452756204917,1109.04277968132,1.0011830574896
"annual[21]",0.252883268164232,0.00451977663880719,0.174307126726417,-0.081814445079822,0.13385160843049,0.248160037386478,0.366488428601572,0.608792060863251,1487.29234239557,1.00179720312977
"annual[22]",0.0639015622444103,0.00412709199691023,0.164832508894608,-0.236208791810878,-0.0483740059234088,0.0604633443980217,0.169293572948649,0.401409523288878,1595.13497820579,1.00399393444037
"annual[23]",-0.74553511423291,0.00649532572565622,0.200414100263952,-1.12529914723975,-0.878502100268316,-0.75073040444282,-0.617988257850961,-0.339999524289467,952.038863064581,1.00535573290754
"annual[24]",-0.0107407526597625,0.00368721732811541,0.149104018733369,-0.306424730727692,-0.112005081545613,-0.00564614545547617,0.087984375809198,0.276646282959745,1635.23895986551,1.00161391657048
"nu[1]",5.26159016870952,0.122672032133112,7.59024318259595,2.16435763650469,2.78324118042076,3.64566545598793,5.37616228223494,17.4371948110888,3828.42603951328,1.0001630069089
"nu[2]",3.58384798574845,0.0893838023022488,3.61838675080119,2.0219668961642,2.19862113884963,2.59481700491446,3.55834180979655,11.0937960435692,1638.74854327449,1.0027244346488
"nu[3]",8.84779064954118,0.312812499243059,13.2612211490929,2.8017838374683,4.09214776671538,5.76551423704835,9.19351056923183,33.0237638648824,1797.21005178066,0.999526324447122
"nu[4]",4.14689684799389,0.127645950974178,5.8316578815413,2.12839614717729,2.51372201801521,3.0860545153198,4.2087281837357,12.3808713299061,2087.22846681732,1.00117672670878
"N[1,1]",2199.75155991565,111.098983594804,5071.41539322769,111.090521119545,524.154847477529,1084.41693366506,2284.48503065196,10563.4849019539,2083.71442157156,1.00195411777697
"N[1,2]",337.602510613283,0.829889862414384,40.6142837954499,264.222116800103,311.323896134282,334.775369783453,360.823212974969,428.248620924445,2395.06155380676,1.00159781566526
"N[1,3]",470.995155302443,41.1352019485855,1438.81267661507,17.7748805903229,94.1737270221133,194.183071874636,416.019298796675,2686.10219559082,1223.43596581305,1.00192531551925
"N[1,4]",321.066242822051,0.85833953071882,39.8598417015894,242.728576818873,296.286113885943,320.686556002709,344.993608362294,406.571338496956,2156.51712136823,1.00139563509694
"N[1,5]",224.609288731686,1.30560573306768,40.2661659635683,168.424293487744,199.364787510482,217.459709327781,240.613372659673,328.342821696509,951.16631486235,1.00483128355126
"N[1,6]",346.563893627027,1.24751367261076,53.2010306271463,234.423547222761,316.424168119125,348.183356125932,378.702595426792,452.197902448434,1818.65140750255,1.00059242919228
"N[1,7]",461.106161202887,1.70309318843782,69.8272189925482,357.123806480077,416.234896379916,451.256310724993,493.446945226071,624.151225479866,1681.01917567069,1.00210320344729
"N[1,8]",41.2346838991313,0.19304866012759,7.07777052489222,29.2166282281066,36.3669443252675,40.6839849239177,45.4755353636216,57.1582939466642,1344.18601387322,1.00156321513433
"N[2,1]",2685.93667162269,136.35169072058,6381.84417847996,145.214709636967,682.267921502266,1369.3794859902,2786.05529119957,12374.7143903291,2190.64163380499,1.00169107020032
"N[2,2]",508.013645561866,0.901459190657238,51.8930504714801,409.259918760444,474.888642309031,505.767124855112,537.372448766307,619.824779080186,3313.79974474055,1.00007827560004
"N[2,3]",568.820386450757,45.1059564291423,1425.57802482142,26.1468811917698,129.802120607253,261.911370325405,548.628037182352,2963.75639084094,998.882011478459,1.00200325645624
"N[2,4]",419.740254578877,0.81969540377872,45.9484492791255,339.965852446656,389.414823864279,415.479016751279,445.708510865116,523.42434674316,3142.22093659665,1.00312908558572
"N[2,5]",424.026062367624,0.789427051896915,50.9627477736785,323.365662451893,393.378117766726,422.214687584391,454.464470844834,529.644607891122,4167.55809626716,1.00041252909756
"N[2,6]",301.559484375269,0.65651724000308,40.8923760880482,228.186400417248,276.390546264853,299.075379448981,322.658414976205,390.17600169437,3879.64888176049,1.000461436532
"N[2,7]",708.649041948444,1.46203904221434,84.1064028523564,536.214913983576,656.409599412921,711.303458802272,764.826995667505,870.32702280045,3309.33077282403,1.00016875016301
"N[2,8]",69.0587874417417,0.195508596430228,10.3325952541507,51.3857772108764,61.8549348812607,67.9661181910472,75.1727245944942,92.9331192631306,2793.10408190597,1.00041953583959
"N[3,1]",3734.74709910243,152.298491839632,7405.06908257874,224.097801286744,1045.29709365698,2054.14546904406,3876.65749347079,16604.0967104622,2364.10642630245,1.00087485721842
"N[3,2]",947.019589740093,1.50598162308407,88.6677186097667,771.088459993097,891.973997383036,946.471349227762,1001.34569052853,1126.55094837804,3466.50414618628,1.0000817010191
"N[3,3]",801.037367508589,53.700687659827,1973.27205155999,43.4051329158264,210.012641398351,408.668512219065,801.895716481066,3877.16175832167,1350.25015398878,1.00149092714797
"N[3,4]",685.703086063963,1.49378848760208,73.7728697053066,560.341977278957,637.3937936575,677.155142162686,725.901934976215,854.725685611862,2439.01874923199,1.00285801910038
"N[3,5]",862.07240216927,2.71634218413979,106.770509928308,642.653560514208,796.192393650221,866.553597096622,926.615336112556,1078.89290000945,1545.01847656166,1.00469906214776
"N[3,6]",322.184914283722,1.14291905061732,49.3975184069741,244.897998055623,290.736839626192,314.499993052819,345.60155156653,441.960934353904,1868.01052962239,1.00401514975301
"N[3,7]",1121.0280040247,1.93199887786108,119.430892654503,900.953000221532,1048.26997057368,1113.49703273143,1188.94575276764,1372.71895024808,3821.37463873033,0.999563360515889
"N[3,8]",157.636445886632,0.334633036891875,18.997326015155,121.951140725311,145.005992405043,156.992297008362,169.272111073588,197.875689616726,3222.90364748731,1.00002814681872
"N[4,1]",4914.33270089,179.22530720514,8166.08834400495,477.463560167671,1710.15945703424,3048.81139159321,5350.20667749956,20132.9791540368,2076.01019061816,1.0014578899656
"N[4,2]",1426.84667817742,2.25287614281294,133.439009894239,1159.24989959481,1346.46799974127,1429.23326841495,1506.82830349822,1701.70430464165,3508.25368233533,1.00202585188228
"N[4,3]",1100.06704971321,61.9535886929459,2126.01731275416,77.8321972335846,340.679750933526,618.129637364357,1155.25797302439,5444.22104055018,1177.60775562671,1.00235258010551
"N[4,4]",1121.11381143171,1.66952335348865,107.570231989344,912.01953580299,1052.68776054405,1120.27962719021,1184.82720083719,1345.9844580901,4151.44428400438,0.999627941294574
"N[4,5]",1122.71798193779,2.16234227308472,128.969476562996,880.1260337636,1044.23685339554,1117.39933526528,1193.92151023025,1389.73739869756,3557.33689755105,0.999821287591821
"N[4,6]",524.878273956718,1.17348543354718,71.5515003679492,410.214621867563,480.51029243674,516.726406704348,559.290954045762,700.055650911824,3717.76627706435,0.999823850416899
"N[4,7]",1666.2310250684,4.26243502202423,177.638247578639,1304.70996183829,1555.40101863486,1673.71627491052,1773.81450777489,2018.55509524311,1736.83042095793,1.00269801725652
"N[4,8]",252.592956007374,0.485660092483177,28.6150112715921,196.95448909758,234.834007521157,251.770136088713,269.369849186265,313.027366901266,3471.54665468208,1.00147728021589
"N[5,1]",2925.91934604439,75.7005229943943,3929.45076221843,437.989440405834,1275.08183495152,2063.84234208487,3423.10514393003,10021.6386576048,2694.42402723442,1.00188044996137
"N[5,2]",769.352019055432,1.61483445352729,78.3449201926624,635.387080987294,716.867074540013,761.267515434184,812.807928247415,947.295736346891,2353.7789326616,1.00208079509508
"N[5,3]",615.09651951114,27.9503528858012,1004.18496367168,54.8867232765236,210.159631945567,366.978444451788,663.600441000817,2806.59848344971,1290.78181231277,1.00193039606829
"N[5,4]",650.813040580984,1.0067816869045,65.8371755052454,531.161788257834,606.756316397491,648.026155979252,688.435201067742,794.532943518035,4276.33546789455,0.999262762255304
"N[5,5]",521.848335768644,2.36362601617957,82.2296251609815,403.663659918987,465.412901697925,506.446140869275,561.312943139832,727.100998538752,1210.3169013162,1.00488592927237
"N[5,6]",439.416130320771,1.60904604422421,68.7338791129023,290.215222296975,398.863427714154,445.082135454952,483.786844890392,563.231484615265,1824.75585374204,1.00520642374763
"N[5,7]",870.228497767466,1.54666210859823,94.1754788065698,688.444900771402,810.891488085058,868.389452758295,927.512435213244,1069.40428453937,3707.53092247368,0.999685498215712
"N[5,8]",137.070869278016,0.313939899139063,16.9599993687896,106.81349130828,125.635707913333,135.856971973477,147.055733859086,173.969528816361,2918.4928568862,1.00244162159708
"N[6,1]",2513.08014561992,76.8308959800194,3305.41177057935,445.56064589752,1199.54743156499,1890.61970598771,2987.21942470973,8091.54078076134,1850.88460398734,1.0004062226418
"N[6,2]",869.194957404524,1.50458985350006,85.3133930677264,706.58919156853,814.431227762295,867.724340231186,918.124257153209,1055.04530243832,3215.12729538632,1.00103791301007
"N[6,3]",523.582755066329,19.4914648498804,714.870001891143,55.8431161352053,194.385496603778,336.447784543718,589.809325618026,2328.88393313093,1345.13287874696,1.00211916816653
"N[6,4]",612.989059200538,2.16914916193439,75.5900762237599,495.664874372557,562.185980898958,601.818916995456,649.974534752196,786.742596844456,1214.36916671972,1.00513046824315
"N[6,5]",718.35582672695,2.83338439140094,99.4813170395915,502.516372292599,660.495530860502,726.240107310674,782.839534426064,899.475340943355,1232.74161825347,1.0025061927831
"N[6,6]",291.184523790612,0.887491890313496,45.5253286988886,222.128418712515,261.725789312619,284.382968571939,311.083774338659,403.787547900266,2631.3425816641,0.999981181703376
"N[6,7]",700.504995679073,3.42454379673067,102.943360312815,550.969289447781,627.64750162315,681.207625258788,753.388825910128,949.311952559935,903.631228953891,1.00617877934012
"N[6,8]",179.41100168697,0.434960305382654,22.9712290997794,135.574137654685,164.676551006709,179.00623513599,194.017579482655,225.517153220231,2789.13295157394,1.00154483318671
"N[7,1]",2748.42633941996,41.4458074633274,1787.75482642123,770.520322480099,1657.67440033195,2366.34518065755,3346.11701612238,6996.70942023181,1860.60724650765,1.00052349277288
"N[7,2]",1088.97926036171,1.7163705312981,100.082857420867,887.670049635945,1028.14027849723,1087.45244112625,1147.96097850488,1300.72214892152,3400.14386880645,1.00009322355589
"N[7,3]",642.742529205584,20.9430204576692,806.080139697077,90.58544556733,283.782169864475,448.155817611834,735.275977194993,2496.95455080908,1481.41865152669,1.00154588696987
"N[7,4]",884.993409070325,1.40920182142632,88.6569831813254,718.206172521403,828.066481083594,881.597707829484,936.5602304288,1080.3250822034,3958.03387127122,0.999456907523782
"N[7,5]",756.055282800451,1.8669344123514,96.2299312590461,549.785693143862,699.912526439778,759.603752693175,814.199598773173,942.394506862346,2656.8205957062,1.00184521263456
"N[7,6]",442.56727750641,0.942388055366357,57.978218474467,329.492552856028,408.183546217519,442.983363618396,475.878605894442,558.430739878895,3785.03750494928,1.00086431828525
"N[7,7]",909.770172521663,2.20083352233697,107.881481880047,730.356935924541,840.50845913448,897.852422567317,964.000871646956,1149.71475014588,2402.80995080406,1.00072651884108
"N[7,8]",214.580942000239,0.40588365361761,25.2806480911818,166.378132198316,198.46992195384,213.883665697104,229.952659131489,268.418627041603,3879.47791945657,1.00087818550164
"N[8,1]",1608.90024315407,3.72614252061911,229.400103353418,1200.19609806035,1477.67927266386,1593.49496492223,1722.16255305734,2143.48848754926,3790.25382060503,0.999502496273659
"N[8,2]",663.333995589574,1.42080516048698,66.7990073778464,543.507265350764,620.432009949655,657.796307334454,701.056698701863,814.377150042724,2210.40048038996,1.00182632743618
"N[8,3]",449.165470356859,11.6317257403797,478.762996775892,88.5501101644535,226.095102734696,343.054511526129,522.807424311251,1516.1368834528,1694.15384707943,1.00024598150423
"N[8,4]",702.822276982289,1.85019059932801,78.1075496386428,542.109218416037,655.018917983727,704.271047828767,752.397670154125,856.188683587038,1782.18624305579,1.00520330639565
"N[8,5]",325.850184368267,2.30687944076469,67.0801779427365,237.311687545503,280.103702526288,309.391455714303,356.893452693823,489.015764330182,845.548677957517,1.00498209542599
"N[8,6]",312.330455004463,0.881160259254591,49.8833285143027,238.463309086592,281.739030081442,304.648759895597,334.097060876363,429.162892068731,3204.80083375957,1.00094072251369
"N[8,7]",704.42109082195,2.21703182546039,99.7499209757004,505.609665410041,636.399756144453,709.170111109086,776.077315493779,885.628424972282,2024.32978754801,1.00005847210133
"N[8,8]",124.391714966751,0.276616188295714,16.0187252423131,95.5729913542888,113.962776027628,123.319598695239,133.618108221013,159.271678125641,3353.51860033385,0.999502118054445
"N[9,1]",1577.13378659134,5.14768480689531,239.578551946579,1031.8684071369,1452.39690137186,1594.74631048691,1712.37669204857,2030.90836359705,2166.06745390162,1.0026609696073
"N[9,2]",523.703702031165,1.48404350114877,54.9178706766926,429.845750593465,487.399700647243,517.947073132585,553.033339546027,651.791713564794,1369.41196226134,1.00295819137901
"N[9,3]",358.120542868807,8.38852527782677,315.343425153883,77.554994617317,187.307719385974,279.629851375422,423.742273267267,1128.14148099515,1413.17623632059,1.00113192217398
"N[9,4]",544.68061898823,1.01627061081913,60.1327091507967,441.0728005613,505.962053743197,538.924197184433,576.457458931776,680.105436872074,3501.08623440649,1.00011720964603
"N[9,5]",270.580635698896,1.00845549724527,36.6767490726945,209.859650375043,247.692526334026,266.70009058719,289.569731304622,357.542686917184,1322.72082938385,1.0009588315425
"N[9,6]",340.848768137569,1.07477802219612,52.9689033622487,226.503192668839,309.665154399892,345.616319150082,376.140205172957,437.214199031706,2428.87077367592,1.00128250478589
"N[9,7]",485.634638655543,1.10008378788458,56.1873265391134,389.179117926101,448.303348798815,479.961630641238,515.025215491041,615.40619701001,2608.70642455752,0.999920975939207
"N[9,8]",89.8372677159084,0.390274613752281,13.4314420293355,67.5024475675569,80.3925892435629,88.6018175949292,97.5446673112294,119.853325954781,1184.41712706574,1.00085940643555
"N[10,1]",1630.92923539268,61.9677472869588,1205.87003902926,573.53804848304,1075.84473653086,1440.88750732221,1891.56313171781,3646.77944349881,378.67757964319,1.00788831259367
"N[10,2]",967.606849161825,1.38572478623301,88.1124689289455,796.141136300394,913.220467554329,964.672527340233,1019.77938358536,1148.40837899945,4043.15853343137,1.00018973573081
"N[10,3]",460.399334654163,7.33500385445659,314.219990278927,146.332024389324,290.75405618888,392.686901291282,553.971500788543,1146.25636695383,1835.13039699821,1.001004726129
"N[10,4]",917.70722812349,1.44947843804327,93.17060034534,734.754795375138,859.12505477962,916.504508196758,972.321978420057,1114.65789765988,4131.75222002569,0.999849768220623
"N[10,5]",551.859903237123,1.56283417611233,67.0196016570993,414.822393045338,510.878175136911,554.347767028701,592.499482319422,684.634523504456,1838.98372078183,1.00278835645839
"N[10,6]",319.0257890799,0.729331839363796,43.7908273619024,242.420267648566,291.27526762251,315.907246990802,342.000745899833,417.21126832393,3605.08869955582,0.999552780698248
"N[10,7]",708.317040812648,1.76563579834066,84.6468105982056,569.566101580601,650.587470977575,699.731351157912,755.758847841766,899.242263527275,2298.36472126357,1.00097930265769
"N[10,8]",182.299350269143,0.350825086849393,20.7277824096209,143.823308492817,168.45039198483,181.841706578308,195.061352600989,225.530952535921,3490.79543357852,1.00080446484662
"N[11,1]",1300.56674894341,28.3996117590685,840.967604027628,467.490101064756,856.699114202975,1141.91788416557,1517.38939924297,2958.74588199138,876.867000145484,1.00201772686289
"N[11,2]",1149.11483102734,2.0012182599992,110.810761533232,954.253081799341,1081.00583195877,1138.50972075512,1208.98069160409,1397.20721632172,3066.01987091417,1.00049972767706
"N[11,3]",477.650235525204,5.24294796297998,238.363886030342,186.542389484421,333.788686396213,432.88402311728,557.243575836245,1059.04059528251,2066.94927895937,1.00061093643515
"N[11,4]",1098.42929349681,2.09911235622417,117.054148225759,901.100736116258,1024.18724673363,1084.29484270712,1157.62573942102,1367.03172301146,3109.58367748021,1.00089739783521
"N[11,5]",629.765595111976,2.04358580073156,85.5822105256703,445.755846330944,578.213278989725,633.742661915081,685.10973528638,791.218808498889,1753.80476904249,1.00354791540958
"N[11,6]",297.304390400281,0.984049227400808,45.6032500782005,228.115706189428,267.978959569132,290.686698343074,318.09134171369,405.174407265551,2147.62247984541,1.0003050079131
"N[11,7]",856.581240698429,1.45679422715053,90.9259186143027,686.506146943888,799.570195850801,852.152012367825,909.798553620459,1052.13015273558,3895.64138735656,1.00085945458553
"N[11,8]",220.298710869727,0.443634808149875,25.6078437975223,174.921848845327,203.451253347966,218.642524620671,234.726732693616,277.08981724805,3331.92176830056,0.999698814138428
"N[12,1]",1378.48685295696,5.02711201223634,226.63343696644,1071.97063574351,1244.88698459054,1335.95421083388,1454.77187982503,1956.83927182138,2032.40776658976,1.00156383999389
"N[12,2]",2110.50147807219,3.23612344435305,204.070171426541,1709.03985455437,1981.53602545613,2107.81005494741,2233.70549024517,2524.7675259479,3976.57244777414,0.99961357319325
"N[12,3]",774.932066089443,4.98644975068776,232.09176789259,418.43815430314,621.067731201306,745.626726273956,888.739723012696,1321.53578942043,2166.38968631515,1.00014339595187
"N[12,4]",2434.4017385117,10.8957109044363,324.545923882489,1754.73747388839,2218.75883322615,2469.14857546067,2659.86801479592,3006.90471031474,887.240125952089,1.00436012793375
"N[12,5]",717.97611785037,3.23313478683132,124.558982197155,546.722895621019,634.042864419929,692.211907975836,773.139174548085,1031.95737075674,1484.2343587902,1.00199546587616
"N[12,6]",697.281663705647,2.9105298721332,106.92668073919,465.836227267441,634.757148079136,707.891944973279,766.247505412595,890.019149225029,1349.67141187854,1.00275386051422
"N[12,7]",1611.02435266908,3.45732686715845,177.473978124634,1254.87702447712,1503.7719721125,1605.76444691587,1708.74857988786,1986.98094553001,2635.04772996548,1.0007137516035
"N[12,8]",369.085909462707,0.758253059737051,42.7090810858005,288.967077243499,341.992673009014,366.833354116148,393.248081323406,462.806092253755,3172.5765646908,1.00006309005522
"N[13,1]",1247.56512914758,7.29494592486928,227.558318322732,948.626600184578,1107.80704902818,1196.20454982207,1326.77362046995,1835.90393273264,973.0637129684,1.00269465286971
"N[13,2]",2065.07784305798,3.6751918716888,202.978626106607,1717.35830192462,1934.88086909821,2045.2668651138,2171.51235196312,2522.76970896005,3050.28614793498,1.00068042772955
"N[13,3]",697.76283102332,1.4678071987576,93.0941179100852,510.029096491691,642.910646479545,700.047529901859,750.848142848816,885.844696765733,4022.59635563778,1.00055326074328
"N[13,4]",2176.63190833466,4.39259073722631,227.806897352877,1698.10313397331,2043.9905133916,2178.69136400458,2317.7729404909,2628.37778646858,2689.62823643517,1.00189692654618
"N[13,5]",763.970843828626,1.43867507368542,94.5565693847185,571.299023061171,708.880822373028,762.91605070341,818.16801474818,958.590553773584,4319.74366121803,1.00035078787693
"N[13,6]",477.089314984731,1.12961877482984,67.2875974391552,366.0790682521,436.542834823047,471.112229605283,509.621747592333,620.76832608228,3548.18486893767,1.0006830573295
"N[13,7]",1535.05470542239,3.08464496023054,167.360035076146,1196.5259966338,1428.42469876847,1541.79294604201,1641.24196405595,1862.87830991693,2943.69728773857,1.00060368780151
"N[13,8]",390.777656487027,1.0171977057511,48.1550615053261,311.297464354858,358.673173397836,385.73564027819,416.322198848212,500.534630920789,2241.16143060122,1.00317795366405
"N[14,1]",2149.87023706508,12.1791980035577,402.896387606433,1216.684299883,1921.81749413419,2210.39178417354,2424.71703186524,2810.35073697273,1094.33267017294,1.00274875467004
"N[14,2]",2127.06023431316,3.41840101985823,194.187260861478,1735.07108906698,2007.05488061715,2128.54860892215,2245.18192061671,2525.07077211684,3226.97389982352,1.00008746925389
"N[14,3]",616.500123504848,1.43198180236968,72.3838498754614,471.209450660515,571.215272585026,617.792762937542,659.210515906421,765.124490750891,2555.10268524254,1.0000672662173
"N[14,4]",1784.03658303683,3.27434382974823,172.80607624536,1453.5066945126,1674.60201081737,1779.62950742268,1889.64908544157,2139.33759382057,2785.28381344522,0.999828496073968
"N[14,5]",699.271128195615,1.32827840384921,85.2485702027184,549.868897026149,645.268604292806,690.524704898159,745.818196057303,889.870843540243,4119.0397605204,1.00080221102128
"N[14,6]",370.509612980678,3.60309650145585,97.7794343499306,264.462448061265,309.33606727132,344.173111327507,398.507179259705,647.355874774178,736.449977453437,1.01008205987372
"N[14,7]",1274.70140923806,2.2572878492692,130.17575334291,1035.25218842796,1192.77141691369,1267.56283947587,1349.75466879326,1558.50020665058,3325.72482066097,0.999833132576894
"N[14,8]",479.075439001554,0.877156530419589,51.7600004988806,383.250967073894,446.821206552434,477.136394042611,508.039664376427,591.714342883965,3482.04469703864,0.999655768220008
"N[15,1]",1166.40142610119,4.42576130730747,193.837309129853,896.556344113146,1046.51822403277,1128.98932330207,1243.74129029229,1653.0535363448,1918.22156583246,1.00227712914016
"N[15,2]",1570.25054965272,3.76265434122269,159.96389845696,1247.73651766171,1469.29119462589,1573.70359781228,1674.54853978532,1884.37015714107,1807.40430609926,1.00346646318131
"N[15,3]",295.406803939359,1.53375376399255,44.7796320530355,228.222543109461,265.675774396557,288.463009774895,317.725839049498,401.442039514724,852.412399277347,1.00505579474719
"N[15,4]",1048.73193190182,3.00822684790493,132.473868635232,841.619195180797,956.293734650481,1028.88119554971,1120.45733036837,1351.62273428732,1939.27443601271,1.00385664965521
"N[15,5]",485.381059290151,1.15560953139781,60.362169956648,364.696912754375,448.36662232567,485.77951325486,523.115713324707,604.160534304588,2728.39633315361,1.00034660980475
"N[15,6]",371.7120016931,3.37017192402786,99.7793593310949,177.76132163153,296.30210298201,381.326554026782,451.67992618037,539.815604478149,876.551242251904,1.0024400753664
"N[15,7]",740.211414637006,1.41423080108156,82.8871034666551,590.615166315013,687.786764180178,736.816944306764,786.812281320563,920.218024825569,3435.05221615804,1.00028524440917
"N[15,8]",352.625657799848,0.724557398065698,41.3195605158582,280.667779318811,325.451589200361,348.833952435135,375.596311921782,448.328823631262,3252.11426899729,0.999495269892537
"N[16,1]",1251.79581149102,3.1125285990888,167.271884093728,962.88707339359,1152.00550650322,1236.48633386901,1332.07984691753,1637.26978774057,2888.14634924216,1.00190694303656
"N[16,2]",1397.16448009146,3.5205255372486,146.425069201194,1102.98302101679,1302.15029984748,1403.06947078635,1491.47952010031,1688.11066942561,1729.87960315922,1.00201310966061
"N[16,3]",257.439106890298,0.667330915933705,34.0635949142135,200.813266604081,235.964860032942,253.485020041472,275.524459423097,333.586409708714,2605.544342138,1.00110218892928
"N[16,4]",883.059430291426,1.60087147477622,95.9936904653659,695.860016735764,820.953162956173,880.763695328774,941.709125243815,1079.28005772883,3595.60888069788,0.99937712372812
"N[16,5]",377.175535496258,0.805303848589907,47.8855512927438,295.887224664653,346.105146262425,371.966702033635,403.13193787418,485.633382781138,3535.81418803246,0.999658911027024
"N[16,6]",218.16739660077,0.917890177126702,46.8107326204547,159.84315157778,189.874241932682,208.945398647424,233.559867161816,334.089985943975,2600.81482414169,1.00151831741446
"N[16,7]",575.85596039895,3.26907825428712,104.406069295331,423.671860881923,496.330687823726,559.491771355271,640.77226738998,811.133279160454,1020.00161135966,1.00328711317967
"N[16,8]",397.709711127593,1.22283628097893,47.7898144780113,301.860728873946,367.912719479288,399.300647900759,427.653157860005,490.306573469125,1527.3341348136,1.00338140500519
"N[17,1]",2879.69290865758,6.88849137679405,365.49098564884,2148.45514599809,2671.11067168763,2876.48039471498,3078.70508532257,3656.40360526855,2815.17308760024,1.00036821550693
"N[17,2]",1786.4505156276,2.40201620332394,158.961877618868,1479.41611991154,1687.89890719934,1782.39921833837,1880.84906129143,2123.85318556402,4379.59652409562,0.999994948910172
"N[17,3]",422.328862168193,1.04727968685442,51.926284532052,334.258961656399,388.108061304202,417.440510358579,450.218119975408,546.10755155443,2458.38069861903,1.00167069835305
"N[17,4]",1190.33875213937,2.70170611362818,127.652609517197,981.824140994374,1104.77647228353,1176.58309416477,1258.16056506795,1490.41303431198,2232.45741532903,1.00165796364892
"N[17,5]",485.19102522225,0.940028282043947,57.4253053674735,374.317967236386,449.748686836089,484.81120282086,518.10152427583,604.695106682627,3731.85521719697,0.999525568225882
"N[17,6]",416.489153720279,1.33245496783527,61.0536729389624,281.38714106565,381.141442308418,420.308340186649,456.02317043415,525.736199272527,2099.51272403327,1.00069529598152
"N[17,7]",917.704276992722,1.67020935496449,98.3395012512588,728.421777451641,857.461244182997,916.572681128483,977.153867631624,1119.68302640889,3466.68338461923,1.0001126158189
"N[17,8]",549.30394731698,0.965698001668331,59.0190710886284,442.858149901788,510.124784759521,546.137723559638,583.851983039767,676.39089853361,3735.09862773116,0.999950088541973
"N[18,1]",3116.20384103123,9.345038276549,454.571387982038,2120.91943539996,2878.93750378147,3140.90209639493,3375.40185696742,3970.62896542562,2366.14864362044,1.00231300155073
"N[18,2]",1469.22798051802,2.56792932403726,144.606318094207,1214.47891948308,1375.83839528933,1458.36834892161,1553.4902295004,1794.96763040565,3171.08879838764,1.00043293272696
"N[18,3]",505.448146635576,3.93924981453617,107.043005706574,310.952823393029,423.036755394092,507.685911635327,587.84144902802,697.246445132664,738.396355016578,1.00923313578972
"N[18,4]",1154.71676241341,3.06062165148754,127.519056381805,897.424767787878,1077.1913494035,1157.78460108621,1232.01222196704,1406.71415685083,1735.92472251255,1.00372557670241
"N[18,5]",346.428251287714,2.50607688027585,63.7800380045026,258.776333692981,302.903191824688,332.614873861329,376.140277219101,507.905487269137,647.710246527507,1.00629463730273
"N[18,6]",308.286337024514,0.730172605964268,42.043411687684,237.833329144062,281.291802251982,304.159123988143,329.712046301669,407.811075482506,3315.46791900674,1.00072879373264
"N[18,7]",878.63616313064,1.93501841382696,100.754010572747,714.307474010744,812.142396475229,866.953024940243,931.828632324042,1122.31957974181,2711.1558318516,1.00032637064524
"N[18,8]",518.281549619264,0.964949472379795,59.2262567890675,405.888370035307,481.580774715005,516.414611034565,553.130742443799,641.803519397111,3767.20648095235,0.999590024674875
"N[19,1]",783.262952593919,11.089073042779,305.092809754072,488.338682403589,579.310401840477,674.055131596356,876.762687694922,1643.17907135155,756.960917051513,1.0046656599542
"N[19,2]",583.80120417175,1.01603415916197,60.2939284732602,465.989564256389,546.516498008293,580.804929944372,618.603632337595,714.071253083926,3521.52312286794,0.999699162481117
"N[19,3]",143.251280152625,0.630916830685856,24.382830146686,105.627159942126,127.046594959743,139.525654134395,155.533858915124,202.914628766257,1493.56456227803,1.00174535237866
"N[19,4]",412.730898224315,0.771737591791176,46.1168339959645,331.889625378034,383.069757959995,409.222319744557,438.539975172622,516.620562130666,3570.91619602044,0.999694651681039
"N[19,5]",158.358711820975,0.383116032591145,21.7291855863811,120.002866816125,143.85456288553,156.754518237704,170.513018477871,206.98310079613,3216.81618397776,1.00011953947711
"N[19,6]",87.4547071864838,0.358503602569124,15.4859348129098,62.633516388881,77.4200376577978,85.6730758522594,95.4881245735259,122.746595308946,1865.8975960466,1.00190971526143
"N[19,7]",371.720883384657,1.36701037652112,47.5397062292888,277.582785229961,342.105717708231,373.239664929691,401.96091923872,464.427419378368,1209.3983313014,1.00105726687895
"N[19,8]",233.790020547503,1.31938138563633,34.0231009370314,164.017300510502,210.750703073007,235.375150164787,257.262224776528,295.991347970016,664.977700788772,1.00820500023523
"N[20,1]",1538.22165705121,9.40283371908414,291.463078472579,875.819519382736,1369.25896211263,1582.99068979948,1740.39378390014,2021.08563430151,960.8367005532,1.00294293513913
"N[20,2]",477.482889480495,0.812942274821846,49.3738226922638,383.009490398215,445.902129915198,475.609247935297,507.013955969556,577.567706196536,3688.70640096941,0.999656556167399
"N[20,3]",160.359267597783,0.371352145135357,21.7881624604122,122.155612446703,145.975599278136,158.954169367403,172.592590149948,209.148395693696,3442.46343331398,0.999375547695374
"N[20,4]",351.705975702374,0.600138352613192,37.5112004055014,283.615040743906,327.526827786881,348.802586809646,373.00341627027,435.638529702996,3906.78184696389,0.99927665644542
"N[20,5]",148.885068212683,0.549686769300719,24.9579804881004,112.188297242855,132.68200258936,145.244868274253,160.217045529708,209.006002896525,2061.523614919,1.00044362867764
"N[20,6]",118.278383818553,0.285612636383899,17.6587848036013,87.8625214395088,106.658176104833,117.105909794731,128.080973240137,156.631670533613,3822.66985803196,0.999693849219652
"N[20,7]",331.19938580343,0.770499611439645,37.5491584161397,258.727294719096,306.790157851128,330.058433973179,354.778512444052,409.971959720636,2374.95599588489,1.00137629573048
"N[20,8]",167.41591762691,0.355921804273392,21.3318514072065,130.917767808815,153.34938390921,165.55726445308,179.317842050388,214.200489064735,3592.0958031851,1.00018482285099
"N[21,1]",1068.87804528791,3.08134710530046,172.222932548082,811.687858007916,973.916421106929,1045.34364494521,1136.57580553638,1465.66052630709,3123.92582677651,0.999760981072689
"N[21,2]",382.218956368109,1.45130328202678,58.9849294834123,295.317729655276,338.86678043235,372.028864746193,414.054530437348,523.181831768454,1651.83161632797,1.00080057984595
"N[21,3]",155.029298729139,0.433988750227341,23.3033135732205,107.970448385743,140.502222831627,155.007794932774,169.185164213743,201.886407195929,2883.22419908205,1.00014015187694
"N[21,4]",286.609859082296,0.83228780066612,35.7860800215752,227.626687691996,262.203265910208,283.134907180585,305.521980621479,367.746169724105,1848.76282401704,1.00353417370468
"N[21,5]",190.353360063131,1.99571266469242,57.5930301998843,92.6926390227064,143.144479500636,187.621089116637,237.420654519975,295.05935344174,832.805973352655,1.00346927478911
"N[21,6]",97.990258318025,0.527950111201661,18.0966347308879,70.4927235548137,86.166534242673,95.2667696246358,106.578570144547,142.69502662297,1174.92425565847,1.0012156839577
"N[21,7]",267.203370363121,0.594127093460451,32.7432714226675,203.250405367976,246.31457634363,266.94020424486,287.647732531507,331.5990081001,3037.2841316776,0.999652330823042
"N[21,8]",125.731047616451,0.325109882629474,17.3450347002799,95.4514621265909,114.229476622535,124.326148468041,135.800659856368,164.613035758197,2846.36115233417,1.00021109981535
"N[22,1]",1743.02658548591,32.0900713652017,1459.0080900088,437.136014279401,1006.22743835938,1468.95550877319,2094.30337140156,4829.00449237193,2067.1597213558,1.00153881659388
"N[22,2]",514.6307804953,1.38115734899504,62.3192067846908,386.21338144215,475.429644017676,516.078959565732,556.089657373383,632.036595256463,2035.90503568608,1.00334600555595
"N[22,3]",213.545176810342,2.88392153703159,95.8059837125759,83.3721399694191,153.323685463724,197.289626402653,251.925721088876,456.103863668741,1103.61701668769,1.00455291491662
"N[22,4]",413.190618947675,1.38357528889422,58.2345297152275,289.41896959152,375.509715677704,417.473864990524,452.774976454613,520.884685868534,1771.5587184639,1.00155004826014
"N[22,5]",193.502078146772,0.494962708092394,27.845768760311,140.230499189004,175.948659199795,192.494251706676,210.540591139469,250.219429228866,3164.99819195241,1.00175762508922
"N[22,6]",231.475280027065,0.519334647140921,33.2890442758531,172.723496588071,210.637260181656,229.206572512971,249.876765427988,308.443507152093,4108.73431336323,1.00063799959093
"N[22,7]",287.479563907574,1.2223792262551,51.9881271381501,213.435258110671,254.338559204205,277.706508640177,308.728075744037,419.69443088234,1808.82446493075,1.00041694956805
"N[22,8]",136.739276275699,0.749339869766688,31.0470418237058,93.1051413311905,115.464449118872,130.190850337283,151.865859754098,213.472100978702,1716.65401022532,1.00105008147329
"N[23,1]",2567.68549696553,54.1991103627979,2559.14859109943,373.936877427378,1122.74215796789,1903.07131325371,3087.55739519711,8925.55904280675,2229.49596095299,1.00114203362321
"N[23,2]",514.313126349005,0.892534557179009,54.726304106518,415.107108195834,477.962338460982,511.60045357235,546.538608428805,632.311570381574,3759.60448129576,0.999465398822471
"N[23,3]",227.606764933882,3.57608839812314,141.449759993952,63.5822571958371,140.514169044789,196.404852510174,273.028431908175,590.685320220637,1564.54456572219,1.00180862310229
"N[23,4]",389.813707726568,0.773941896820713,46.275379731099,311.012784680364,359.784288383152,385.869183878074,414.708636113964,490.562239108014,3575.05944377535,1.0023197622534
"N[23,5]",165.80235661639,0.39940546603038,22.5518951179003,127.22950929168,151.058821704184,163.765929564157,178.409854059005,216.482938390231,3188.14509337224,0.999523861496404
"N[23,6]",373.900626303571,0.769544122322182,51.5591790466351,274.467120635098,343.191304209691,372.488808874235,401.925633751834,487.089448844992,4488.95174044144,0.999886333983081
"N[23,7]",299.373817318031,2.14022996911596,97.4537498254135,151.577722015427,233.350232410938,284.570542862034,346.708106990193,537.816603996176,2073.36721477023,1.00064287237603
"N[23,8]",158.390299542273,0.753195178964612,34.4674664673566,94.4651376473539,132.974579810362,158.225041766119,183.36776565968,223.808199488826,2094.13010605326,1.00028702885321
"N[24,1]",1884.76898899792,66.9035539554344,3242.31910955948,129.844157700209,548.126449708006,1072.94189128365,2139.8462592394,8011.48209843987,2348.62205678809,1.00097219544991
"N[24,2]",206.68576149314,0.438355357582501,23.318314357173,164.74909919413,191.052674542601,205.354132464128,220.024368242007,257.830158683488,2829.70829453873,1.00041816698177
"N[24,3]",124.658635667516,3.03292284507531,115.207561759371,23.3476084268295,61.0509524805937,94.4379344617125,148.433273883451,431.053993695496,1442.91000894226,1.00395836041332
"N[24,4]",172.603610197318,0.339195040690404,21.3202296789793,132.485954186349,158.875923392891,171.946740662544,185.502412671188,217.853872968634,3950.79749863285,0.999883935149378
"N[24,5]",60.6801551960358,0.253274440377893,9.93371246896534,43.4426205717941,54.0195771643204,59.7854618924995,66.2394451111984,83.0271461646257,1538.29788003611,1.00229549991818
"N[24,6]",298.189719638804,0.751531110218845,43.1832561489039,212.344653250168,272.431966181389,298.458644357315,323.266058362213,386.836931525258,3301.69419534595,1.00248376669371
"N[24,7]",138.083417550375,1.40553006107755,62.1285087208459,56.0744848895063,97.7073615697843,125.88390379079,163.424846564432,293.118713172319,1953.8966190004,1.00189918958126
"N[24,8]",53.1985105714182,0.201669681821003,9.64048916473847,38.2000832324659,46.5421616565558,51.9887557178519,58.316024191147,75.9886552982617,2285.16158927667,1.00288368635499
"N[25,1]",2229.71122383657,85.3004105791062,4866.18291552012,117.659102012301,538.118808965296,1132.21754344386,2392.10947907632,10020.8202128096,3254.42761304968,1.00151690917322
"N[25,2]",204.751337259465,0.418276291716954,24.7926033354493,159.344875754677,188.697083520709,203.090501090444,219.099433693697,258.348612342159,3513.32046901463,1.00034304361739
"N[25,3]",121.862952974531,3.12418484062984,128.608120193281,19.613744720748,54.4009983519021,89.2376140347829,141.38459536453,446.239278329795,1694.5849275917,1.00288132353935
"N[25,4]",151.213917389633,0.519128277363721,23.921253507377,114.74391482593,135.380829418034,148.027401844766,163.292254018384,206.206032214545,2123.33488642588,1.00106661851589
"N[25,5]",67.9523700903507,0.191537410631603,10.8877927463245,47.9911755436072,60.8200076091755,67.5288412833439,74.5638206556848,90.8381396143887,3231.2641829388,1.00051050918585
"N[25,6]",301.515443856062,0.691909269294131,44.2467802863689,213.870042015332,275.884154422861,300.217043512294,326.292468442006,394.673248206406,4089.45138862007,0.999293412539846
"N[25,7]",133.229504932152,1.66777720225816,71.35167707216,45.008881519609,86.8581503437643,118.279653712642,160.945989202058,312.570867478275,1830.34225066382,1.00111505958165
"N[25,8]",56.8638722041129,0.152355049844465,9.33998942884096,40.2001497138051,50.6470364236003,56.2174734061407,62.210237552133,77.421759893171,3758.19285198134,1.00024729665905
"Omega[1,1]",1,NA,0,1,1,1,1,1,NA,NA
"Omega[1,2]",-0.209932102355987,0.00856879662185122,0.276019690722652,-0.721091554607676,-0.406488877221567,-0.220147907130169,-0.0238096526495795,0.337810689026342,1037.62507834653,1.00572704918061
"Omega[1,3]",0.183645959607973,0.00642068976778488,0.283323762358289,-0.411822491468586,-0.0100290959475049,0.204473752929782,0.390346892145108,0.6682931590948,1947.1644320751,1.00009142886992
"Omega[1,4]",-0.223956955289178,0.00749746552271557,0.276892667582144,-0.714828279597865,-0.427741981427668,-0.23616768133441,-0.0327933234861888,0.327655954387913,1363.9358856392,1.00081929377119
"Omega[1,5]",-0.140559182348927,0.00978432714616526,0.280309433063435,-0.653298897128116,-0.344936347923795,-0.145563865632726,0.0448446742019436,0.433030904220462,820.754921543982,1.00309729962332
"Omega[1,6]",0.13015555790489,0.0125992720697967,0.269195659465838,-0.428525884591127,-0.0511356725669836,0.134588945955348,0.319622941677529,0.640299027323462,456.504641483802,1.00886834298259
"Omega[1,7]",-0.10477556424894,0.00833895533803538,0.292451946736674,-0.642095047519913,-0.313540212990166,-0.118783541326247,0.0963652998712653,0.491644532341413,1229.94513100957,1.00220772319993
"Omega[1,8]",-0.0927930199987822,0.00911442010459302,0.274427347452925,-0.61967993288414,-0.286379218195647,-0.0989296350590267,0.0983175974507426,0.439161911393963,906.560288447865,1.0040424830606
"Omega[2,1]",-0.209932102355987,0.00856879662185122,0.276019690722652,-0.721091554607676,-0.406488877221567,-0.220147907130169,-0.0238096526495795,0.337810689026342,1037.62507834653,1.00572704918061
"Omega[2,2]",1,1.49552447812722e-18,8.83592707008851e-17,1,1,1,1,1,3490.73751761024,0.998999499499374
"Omega[2,3]",-0.153423319237088,0.00689381877888586,0.30272390256754,-0.695729042608321,-0.37529324307843,-0.17112241382104,0.0639478119410709,0.450535291051981,1928.29600506823,1.00185383448942
"Omega[2,4]",0.280967106646535,0.0124308904406162,0.29764485191747,-0.380602482162791,0.0876704077707614,0.318984217647676,0.500495664929916,0.763822325604486,573.313638240042,1.0098680163228
"Omega[2,5]",0.283743717637747,0.0131546399181503,0.298006487675213,-0.364939897020552,0.0886260878112383,0.319988310594595,0.514760297052772,0.754877623910137,513.208107335618,1.01780364694628
"Omega[2,6]",-0.101763332328587,0.00965519649296601,0.273801585919188,-0.634368003281589,-0.298363196562639,-0.106034660369639,0.0937268442868237,0.432705700223463,804.17336656929,1.00195400166859
"Omega[2,7]",0.0437827669763663,0.00810535246084327,0.314097246459975,-0.578727959810262,-0.186415532067531,0.0470832577278508,0.271708972788002,0.62821439050344,1501.70438387845,1.0006689319953
"Omega[2,8]",0.473364431443836,0.00925387080668501,0.25338236760433,-0.118717061511353,0.328168923154711,0.512986127865115,0.66493148113614,0.857609846042767,749.731772031747,1.00508465340204
"Omega[3,1]",0.183645959607973,0.00642068976778488,0.283323762358289,-0.411822491468586,-0.0100290959475049,0.204473752929782,0.390346892145108,0.6682931590948,1947.1644320751,1.00009142886992
"Omega[3,2]",-0.153423319237088,0.00689381877888586,0.30272390256754,-0.695729042608321,-0.37529324307843,-0.17112241382104,0.0639478119410709,0.450535291051981,1928.29600506823,1.00185383448942
"Omega[3,3]",1,1.28928197559745e-18,8.04916599145036e-17,1,1,1,1,1,3897.67788361275,0.998999499499374
"Omega[3,4]",0.178509434442023,0.0104340251250876,0.325175919397183,-0.50371288492269,-0.0508520649079947,0.202028115179949,0.427255395497207,0.731823455460376,971.254395689402,1.00742936967836
"Omega[3,5]",-0.0651026516520819,0.010764053225806,0.313158840412666,-0.637992729610784,-0.297120980811719,-0.0798842847043214,0.158325746114729,0.545338336078603,846.40394587749,1.00717655684376
"Omega[3,6]",-0.00166084419704811,0.0129564826052107,0.308165397245745,-0.586584385831086,-0.220616435886653,0.00238734131716811,0.216974755032591,0.597064174829223,565.709550839071,1.00253769813508
"Omega[3,7]",0.112437816743315,0.00872919498984556,0.317187807708149,-0.513183754621691,-0.110083238836986,0.122399676396341,0.347713197731773,0.681153339356356,1320.3363533038,1.00111272536051
"Omega[3,8]",-0.145676066739388,0.00885737184467568,0.299670903900744,-0.677275361091212,-0.363830229329152,-0.158785277172073,0.0702605919464608,0.446824040998437,1144.66762829395,1.00322409171273
"Omega[4,1]",-0.223956955289178,0.00749746552271557,0.276892667582144,-0.714828279597865,-0.427741981427668,-0.23616768133441,-0.0327933234861888,0.327655954387913,1363.9358856392,1.00081929377119
"Omega[4,2]",0.280967106646535,0.0124308904406162,0.29764485191747,-0.380602482162791,0.0876704077707614,0.318984217647676,0.500495664929916,0.763822325604486,573.313638240042,1.0098680163228
"Omega[4,3]",0.178509434442023,0.0104340251250876,0.325175919397183,-0.50371288492269,-0.0508520649079947,0.202028115179949,0.427255395497207,0.731823455460376,971.254395689402,1.00742936967836
"Omega[4,4]",1,2.02246046815203e-18,7.95866896373828e-17,1,1,1,1,1,1548.53419070774,0.998999499499374
"Omega[4,5]",-0.124098466812421,0.0100925124069094,0.298881386491164,-0.680605385545344,-0.342239856237226,-0.129407194719323,0.0867864169475644,0.464739640980066,876.999113766821,1.00218998167478
"Omega[4,6]",0.0762463461386925,0.00912544454744902,0.261006342654453,-0.440722875071032,-0.10502335372923,0.083556673333771,0.266757291871639,0.553601805047462,818.076771713928,1.00244211223045
"Omega[4,7]",0.25710979124377,0.00781304626890634,0.29241193272421,-0.375139591064585,0.069542031409674,0.290128901196258,0.472443104274955,0.743029875566003,1400.71374449972,0.999844747795105
"Omega[4,8]",0.0538928975669603,0.00969083351478782,0.287016517658605,-0.533671238577897,-0.147596479497788,0.0648679565531656,0.263022332993719,0.574067276914922,877.185646332079,1.00332147767788
"Omega[5,1]",-0.140559182348927,0.00978432714616526,0.280309433063435,-0.653298897128116,-0.344936347923795,-0.145563865632726,0.0448446742019436,0.433030904220462,820.754921543982,1.00309729962332
"Omega[5,2]",0.283743717637747,0.0131546399181503,0.298006487675213,-0.364939897020552,0.0886260878112383,0.319988310594595,0.514760297052772,0.754877623910137,513.208107335618,1.01780364694628
"Omega[5,3]",-0.0651026516520819,0.010764053225806,0.313158840412666,-0.637992729610784,-0.297120980811719,-0.0798842847043214,0.158325746114729,0.545338336078603,846.40394587749,1.00717655684376
"Omega[5,4]",-0.124098466812421,0.0100925124069094,0.298881386491164,-0.680605385545344,-0.342239856237226,-0.129407194719323,0.0867864169475644,0.464739640980066,876.999113766821,1.00218998167478
"Omega[5,5]",1,1.39382112775889e-18,7.44646426008588e-17,1,1,1,1,1,2854.2113719586,0.998999499499374
"Omega[5,6]",-0.268460460122106,0.00634411732486167,0.232500528393867,-0.67373881202314,-0.436245493596962,-0.283883351139234,-0.117726624617039,0.2173152570388,1343.09111605929,1.0012664416878
"Omega[5,7]",-0.0142605692538079,0.00767770086237653,0.292214862650899,-0.57348547766663,-0.220633886831482,-0.00777183926576759,0.193424527288099,0.535243377000787,1448.5791441654,1.00321281065644
"Omega[5,8]",0.232661616487849,0.00710354011302132,0.260027188886564,-0.33293671595781,0.0647216054009438,0.251227669877571,0.42088757842257,0.678351768384804,1339.94769938603,1.00504912462238
"Omega[6,1]",0.13015555790489,0.0125992720697967,0.269195659465838,-0.428525884591127,-0.0511356725669836,0.134588945955348,0.319622941677529,0.640299027323462,456.504641483802,1.00886834298259
"Omega[6,2]",-0.101763332328587,0.00965519649296601,0.273801585919188,-0.634368003281589,-0.298363196562639,-0.106034660369639,0.0937268442868237,0.432705700223463,804.17336656929,1.00195400166859
"Omega[6,3]",-0.00166084419704811,0.0129564826052107,0.308165397245745,-0.586584385831086,-0.220616435886653,0.00238734131716811,0.216974755032591,0.597064174829223,565.709550839071,1.00253769813508
"Omega[6,4]",0.0762463461386925,0.00912544454744902,0.261006342654453,-0.440722875071032,-0.10502335372923,0.083556673333771,0.266757291871639,0.553601805047462,818.076771713928,1.00244211223045
"Omega[6,5]",-0.268460460122106,0.00634411732486167,0.232500528393867,-0.67373881202314,-0.436245493596962,-0.283883351139234,-0.117726624617039,0.2173152570388,1343.09111605929,1.0012664416878
"Omega[6,6]",1,1.28831221615807e-18,7.99152023179754e-17,1,1,1,1,1,3847.83602815152,0.998999499499374
"Omega[6,7]",-0.0535966279452542,0.0076567145852449,0.288747630484546,-0.58855326269347,-0.263909727231574,-0.0530533219295113,0.148857510113814,0.511981985475537,1422.17140137499,1.00090657540324
"Omega[6,8]",-0.382151215984138,0.00502056509310373,0.223077544744401,-0.775332323616454,-0.545117844897526,-0.398791839635457,-0.233460235309855,0.0914857174593027,1974.26982310901,1.00010394543881
"Omega[7,1]",-0.10477556424894,0.00833895533803538,0.292451946736674,-0.642095047519913,-0.313540212990166,-0.118783541326247,0.0963652998712653,0.491644532341413,1229.94513100957,1.00220772319993
"Omega[7,2]",0.0437827669763663,0.00810535246084327,0.314097246459975,-0.578727959810262,-0.186415532067531,0.0470832577278508,0.271708972788002,0.62821439050344,1501.70438387845,1.0006689319953
"Omega[7,3]",0.112437816743315,0.00872919498984556,0.317187807708149,-0.513183754621691,-0.110083238836986,0.122399676396341,0.347713197731773,0.681153339356356,1320.3363533038,1.00111272536051
"Omega[7,4]",0.25710979124377,0.00781304626890634,0.29241193272421,-0.375139591064585,0.069542031409674,0.290128901196258,0.472443104274955,0.743029875566003,1400.71374449972,0.999844747795105
"Omega[7,5]",-0.0142605692538079,0.00767770086237653,0.292214862650899,-0.57348547766663,-0.220633886831482,-0.00777183926576759,0.193424527288099,0.535243377000787,1448.5791441654,1.00321281065644
"Omega[7,6]",-0.0535966279452542,0.0076567145852449,0.288747630484546,-0.58855326269347,-0.263909727231574,-0.0530533219295113,0.148857510113814,0.511981985475537,1422.17140137499,1.00090657540324
"Omega[7,7]",1,2.08529631349145e-18,7.88669614213611e-17,1,1,1,1,1,1430.3906626764,0.998999499499374
"Omega[7,8]",0.062801382213293,0.00705757888106787,0.293586908821865,-0.514601014731459,-0.140020777245622,0.0698013782110647,0.269319036265638,0.611439175356133,1730.46129859807,1.00251211441949
"Omega[8,1]",-0.0927930199987822,0.00911442010459302,0.274427347452925,-0.61967993288414,-0.286379218195647,-0.0989296350590267,0.0983175974507426,0.439161911393963,906.560288447865,1.0040424830606
"Omega[8,2]",0.473364431443836,0.00925387080668501,0.25338236760433,-0.118717061511353,0.328168923154711,0.512986127865115,0.66493148113614,0.857609846042767,749.731772031747,1.00508465340204
"Omega[8,3]",-0.145676066739388,0.00885737184467568,0.299670903900744,-0.677275361091212,-0.363830229329152,-0.158785277172073,0.0702605919464608,0.446824040998437,1144.66762829395,1.00322409171273
"Omega[8,4]",0.0538928975669603,0.00969083351478782,0.287016517658605,-0.533671238577897,-0.147596479497788,0.0648679565531656,0.263022332993719,0.574067276914922,877.185646332079,1.00332147767788
"Omega[8,5]",0.232661616487849,0.00710354011302132,0.260027188886564,-0.33293671595781,0.0647216054009438,0.251227669877571,0.42088757842257,0.678351768384804,1339.94769938603,1.00504912462238
"Omega[8,6]",-0.382151215984138,0.00502056509310373,0.223077544744401,-0.775332323616454,-0.545117844897526,-0.398791839635457,-0.233460235309855,0.0914857174593027,1974.26982310901,1.00010394543881
"Omega[8,7]",0.062801382213293,0.00705757888106787,0.293586908821865,-0.514601014731459,-0.140020777245622,0.0698013782110647,0.269319036265638,0.611439175356133,1730.46129859807,1.00251211441949
"Omega[8,8]",1,3.02860103747673e-18,8.08736822786305e-17,1,1,1,1,1,713.066939684673,0.998999499499374
"Sigma[1,1]",0.221426863782303,0.00745161752538878,0.152762566657075,0.0506596645914678,0.114868648347601,0.184673361966062,0.28307607971875,0.592011992462278,420.274250500919,1.00869209152818
"Sigma[1,2]",-0.0148289336022117,0.000720516595859553,0.0232323494629444,-0.062909938738145,-0.027434176014886,-0.0141817379496077,-0.00158906933324282,0.030027353468171,1039.67664100191,1.00167409267788
"Sigma[1,3]",0.0259117545524019,0.00115003110720614,0.0421891654533608,-0.043521107276141,-0.00104243759958142,0.019144929739188,0.0464350322711456,0.125223036434301,1345.80672399867,0.999918742923531
"Sigma[1,4]",-0.0174018114320241,0.000640884218213183,0.0252827084027834,-0.0718589864986918,-0.0314100938114177,-0.0170337960222226,-0.00236238886283982,0.0316487458423866,1556.28107802674,1.00081452484434
"Sigma[1,5]",-0.0178599997016484,0.0015981730677849,0.0423509130346279,-0.107276215242565,-0.0407311935283774,-0.0158842489588845,0.00523300555624806,0.0701467142033878,702.227672890561,1.00130678416459
"Sigma[1,6]",0.0244523323531978,0.00249726978437603,0.0542398421810919,-0.0717534097056892,-0.0065842414527288,0.019521967367869,0.0516278802870785,0.148116774198431,471.743483289641,1.00812409336796
"Sigma[1,7]",-0.00898081114686779,0.00101230314441837,0.0295606421564809,-0.0707807543845103,-0.0248789796431462,-0.00885239937114201,0.00733019238829917,0.0507253968731907,852.720210888133,1.00476995113784
"Sigma[1,8]",-0.00978393495674181,0.00115151795566419,0.0345478696072509,-0.0816185165534505,-0.0278044437372364,-0.00901091221640886,0.00917857821030644,0.0576571772283992,900.121457904487,1.0027814456017
"Sigma[2,1]",-0.0148289336022117,0.000720516595859553,0.0232323494629444,-0.062909938738145,-0.027434176014886,-0.0141817379496077,-0.00158906933324282,0.030027353468171,1039.67664100191,1.00167409267788
"Sigma[2,2]",0.0328007526480187,0.000955472030167276,0.0203783027583812,0.00566951680796588,0.017695221307332,0.0286671565034314,0.0435630074828246,0.0823069759453503,454.883374127857,1.01763039228579
"Sigma[2,3]",-0.00661364929008005,0.000395602862849747,0.0161300697812611,-0.0403113822141665,-0.0152682602375717,-0.00590824891517621,0.00242402825850923,0.0238329903976846,1662.4693257374,1.00133734922539
"Sigma[2,4]",0.0119706631883152,0.000759793144960916,0.0148571012905668,-0.00877479293938093,0.00172847449255504,0.00863656592231741,0.0187606513159828,0.0511727104827681,382.364378938652,1.0150096445327
"Sigma[2,5]",0.0171869889471122,0.00119596967296279,0.0200645569860389,-0.0136671054344858,0.00307879818667071,0.0140173322707757,0.028299879893344,0.0648623236614139,281.461382308061,1.02659443075156
"Sigma[2,6]",-0.00523756400887418,0.000654760966511298,0.0189445278615327,-0.0417222992768264,-0.0169079915667821,-0.00568859831693792,0.00570112738371163,0.034955359603537,837.147549248424,1.00178377591016
"Sigma[2,7]",0.00301891532788174,0.000352399293180366,0.0133600167142652,-0.0199311144299961,-0.00459698094550513,0.00135793718496434,0.00909814893477625,0.0354520913523767,1437.28848310521,1.00134911951659
"Sigma[2,8]",0.0227545216721445,0.0010231723027241,0.0184204155617347,-0.0027754100460624,0.00940218373398404,0.0192448219343141,0.0328081821367057,0.0687992031307497,324.11661651856,1.02051719250174
"Sigma[3,1]",0.0259117545524019,0.00115003110720614,0.0421891654533608,-0.043521107276141,-0.00104243759958142,0.019144929739188,0.0464350322711456,0.125223036434301,1345.80672399867,0.999918742923531
"Sigma[3,2]",-0.00661364929008005,0.000395602862849747,0.0161300697812611,-0.0403113822141665,-0.0152682602375717,-0.00590824891517621,0.00242402825850923,0.0238329903976846,1662.4693257374,1.00133734922539
"Sigma[3,3]",0.0821944162236598,0.00243790544598277,0.0607243342519025,0.0136703391502642,0.0408980381879215,0.0677463445969677,0.106132281570189,0.236993554576041,620.42859983109,1.00776756569017
"Sigma[3,4]",0.0108700911132648,0.00080925419791398,0.020897804666713,-0.0254759911339898,-0.00178538421879437,0.00833635198636025,0.02154244809409,0.0592192589056296,666.854995826215,1.01075281664985
"Sigma[3,5]",-0.00619741914110502,0.000982042759164547,0.0290608087893442,-0.0683794451604983,-0.0211127849604377,-0.00533088937143908,0.0103401425273127,0.048043884911168,875.698484749341,1.00768810339752
"Sigma[3,6]",-3.28195923101172e-05,0.00140928118877213,0.0350432859914258,-0.0686023872710025,-0.0203796384928145,0.000192510194009797,0.0191945475141865,0.0707733511610785,618.321483181835,1.00244978863041
"Sigma[3,7]",0.00648576535419512,0.000590868025272902,0.0204168412848749,-0.0330332938799486,-0.00469058939720332,0.00500337225239784,0.0172960323827647,0.0513529192042996,1193.97745862989,1.0000462691022
"Sigma[3,8]",-0.00906869169594304,0.000654975373012501,0.0227579679465489,-0.0572474039573054,-0.021403554117609,-0.00857341152843286,0.0040082167927088,0.0357148182267074,1207.30506058953,1.00282691916528
"Sigma[4,1]",-0.0174018114320241,0.000640884218213182,0.0252827084027834,-0.0718589864986918,-0.0314100938114177,-0.0170337960222226,-0.00236238886283982,0.0316487458423866,1556.28107802674,1.00081452484434
"Sigma[4,2]",0.0119706631883152,0.000759793144960916,0.0148571012905668,-0.00877479293938093,0.00172847449255504,0.00863656592231741,0.0187606513159828,0.0511727104827681,382.364378938652,1.0150096445327
"Sigma[4,3]",0.0108700911132648,0.00080925419791398,0.020897804666713,-0.0254759911339898,-0.00178538421879437,0.00833635198636025,0.02154244809409,0.0592192589056296,666.854995826215,1.01075281664985
"Sigma[4,4]",0.0400221100691375,0.00100250693489852,0.0241547865824354,0.00731711444985744,0.0225892525289277,0.0352097139283681,0.0523664659146365,0.100981026650942,580.539317763117,1.0121248672767
"Sigma[4,5]",-0.00644471745060612,0.000656997599052928,0.0183591549946954,-0.0439438738389492,-0.0174115405991765,-0.00605068350567521,0.00405473664236225,0.0316319079861356,780.868334301437,1.00085319382364
"Sigma[4,6]",0.00731532691725055,0.000731575547220725,0.0212441292646427,-0.0308212085513308,-0.00624152503800385,0.00540513456307322,0.0189625406199666,0.0543904547775828,843.256133916102,1.0025499169853
"Sigma[4,7]",0.0124363900664332,0.000478650343269967,0.0160732653900498,-0.0110725878913352,0.00176347306931237,0.00930243947976471,0.0201165936684125,0.0521717090844055,1127.64261912882,1.00180394099584
"Sigma[4,8]",0.00471473450194676,0.000607739363398068,0.0157491359903458,-0.0224110111493574,-0.00509294062958597,0.00244986993615244,0.0129582928305871,0.0415328287804468,671.550586773857,1.00614080695815
"Sigma[5,1]",-0.0178599997016484,0.0015981730677849,0.0423509130346279,-0.107276215242565,-0.0407311935283774,-0.0158842489588845,0.00523300555624806,0.0701467142033878,702.227672890561,1.00130678416459
"Sigma[5,2]",0.0171869889471122,0.00119596967296279,0.0200645569860389,-0.0136671054344858,0.00307879818667071,0.0140173322707757,0.028299879893344,0.0648623236614139,281.461382308061,1.02659443075156
"Sigma[5,3]",-0.00619741914110502,0.000982042759164547,0.0290608087893442,-0.0683794451604983,-0.0211127849604377,-0.00533088937143908,0.0103401425273127,0.048043884911168,875.698484749341,1.00768810339752
"Sigma[5,4]",-0.00644471745060612,0.000656997599052928,0.0183591549946954,-0.0439438738389492,-0.0174115405991765,-0.00605068350567521,0.00405473664236225,0.0316319079861356,780.868334301437,1.00085319382364
"Sigma[5,5]",0.0942698853623289,0.00278722554531352,0.0519999075770028,0.0188290898501263,0.0568871584781011,0.0852339074269448,0.122711674224243,0.219031823379782,348.065449968258,1.01698342139272
"Sigma[5,6]",-0.0301526893794065,0.000958409977695825,0.0295284443325133,-0.093104202888528,-0.0468786152752462,-0.0284642266836266,-0.0111122591832028,0.0248923545851027,949.245357771833,1.00169944680493
"Sigma[5,7]",0.000590614287954864,0.000520190111384679,0.0192712656831466,-0.0358640635645659,-0.0109416273938328,-0.000407415598632973,0.0105884508401867,0.0440423870867458,1372.44924730407,1.00246388431925
"Sigma[5,8]",0.0195316475997985,0.000969504433542728,0.0240548474020043,-0.0189596300887315,0.00352310377021014,0.0159578701032547,0.0322748183766289,0.0774528260051051,615.609925678104,1.01300769247343
"Sigma[6,1]",0.0244523323531978,0.00249726978437603,0.0542398421810919,-0.0717534097056892,-0.0065842414527288,0.019521967367869,0.0516278802870785,0.148116774198431,471.743483289642,1.00812409336796
"Sigma[6,2]",-0.00523756400887418,0.000654760966511298,0.0189445278615327,-0.0417222992768264,-0.0169079915667821,-0.00568859831693792,0.00570112738371163,0.034955359603537,837.147549248424,1.00178377591016
"Sigma[6,3]",-3.28195923101172e-05,0.00140928118877213,0.0350432859914258,-0.0686023872710025,-0.0203796384928145,0.000192510194009797,0.0191945475141865,0.0707733511610785,618.321483181835,1.00244978863041
"Sigma[6,4]",0.00731532691725055,0.000731575547220725,0.0212441292646427,-0.0308212085513308,-0.00624152503800385,0.00540513456307322,0.0189625406199666,0.0543904547775828,843.256133916102,1.0025499169853
"Sigma[6,5]",-0.0301526893794065,0.000958409977695825,0.0295284443325133,-0.093104202888528,-0.0468786152752462,-0.0284642266836266,-0.0111122591832028,0.0248923545851027,949.245357771833,1.00169944680493
"Sigma[6,6]",0.15649213147916,0.00295862510560672,0.075718387534428,0.0514525568706872,0.10148730571,0.14129528975778,0.196973173230767,0.33874786590753,654.972155377886,1.00178864351313
"Sigma[6,7]",-0.00290874641285777,0.000642829271113367,0.0240970777210019,-0.0501764695680871,-0.0174876788315671,-0.00344893581471317,0.0110327224251492,0.0487729707407783,1405.19782425598,1.00133550738286
"Sigma[6,8]",-0.0354157106692581,0.000852963169145985,0.025112261440404,-0.0925109127594002,-0.0493747029592898,-0.0335248771585115,-0.0187473645148152,0.00888474506871415,866.784408272665,1.0048408353336
"Sigma[7,1]",-0.00898081114686779,0.00101230314441837,0.0295606421564809,-0.0707807543845103,-0.0248789796431462,-0.00885239937114201,0.00733019238829917,0.0507253968731907,852.720210888133,1.00476995113784
"Sigma[7,2]",0.00301891532788174,0.000352399293180366,0.0133600167142652,-0.0199311144299961,-0.00459698094550513,0.00135793718496434,0.00909814893477625,0.0354520913523767,1437.28848310521,1.00134911951659
"Sigma[7,3]",0.00648576535419512,0.000590868025272902,0.0204168412848749,-0.0330332938799486,-0.00469058939720332,0.00500337225239784,0.0172960323827647,0.0513529192042996,1193.97745862989,1.0000462691022
"Sigma[7,4]",0.0124363900664332,0.000478650343269967,0.0160732653900498,-0.0110725878913352,0.00176347306931237,0.00930243947976471,0.0201165936684125,0.0521717090844055,1127.64261912882,1.00180394099584
"Sigma[7,5]",0.000590614287954864,0.00052019011138468,0.0192712656831466,-0.0358640635645659,-0.0109416273938328,-0.000407415598632973,0.0105884508401867,0.0440423870867458,1372.44924730406,1.00246388431925
"Sigma[7,6]",-0.00290874641285777,0.000642829271113367,0.0240970777210019,-0.0501764695680871,-0.0174876788315671,-0.00344893581471317,0.0110327224251492,0.0487729707407783,1405.19782425598,1.00133550738286
"Sigma[7,7]",0.0459703558404949,0.00109665512057289,0.0291831371850463,0.00634120384319457,0.024713190756838,0.0404984668694373,0.0612403384433841,0.117335851693965,708.147639409686,1.00740572931383
"Sigma[7,8]",0.00464459579867559,0.000405687694326539,0.0169190790658687,-0.0254072795008903,-0.00555849878237501,0.00275762603900495,0.0134870185573782,0.0438862484282469,1739.28107283736,1.00333472994407
"Sigma[8,1]",-0.00978393495674181,0.00115151795566419,0.0345478696072509,-0.0816185165534505,-0.0278044437372364,-0.00901091221640886,0.00917857821030644,0.0576571772283992,900.121457904487,1.0027814456017
"Sigma[8,2]",0.0227545216721445,0.0010231723027241,0.0184204155617347,-0.0027754100460624,0.00940218373398404,0.0192448219343141,0.0328081821367057,0.0687992031307497,324.11661651856,1.02051719250174
"Sigma[8,3]",-0.00906869169594304,0.000654975373012501,0.0227579679465489,-0.0572474039573054,-0.021403554117609,-0.00857341152843286,0.0040082167927088,0.0357148182267074,1207.30506058953,1.00282691916528
"Sigma[8,4]",0.00471473450194676,0.000607739363398068,0.0157491359903458,-0.0224110111493574,-0.00509294062958597,0.00244986993615244,0.0129582928305871,0.0415328287804468,671.550586773857,1.00614080695815
"Sigma[8,5]",0.0195316475997985,0.000969504433542728,0.0240548474020043,-0.0189596300887315,0.00352310377021014,0.0159578701032547,0.0322748183766289,0.0774528260051051,615.609925678104,1.01300769247343
"Sigma[8,6]",-0.0354157106692581,0.000852963169145984,0.025112261440404,-0.0925109127594002,-0.0493747029592898,-0.0335248771585115,-0.0187473645148152,0.00888474506871415,866.784408272665,1.0048408353336
"Sigma[8,7]",0.00464459579867559,0.000405687694326539,0.0169190790658687,-0.0254072795008903,-0.00555849878237501,0.00275762603900495,0.0134870185573782,0.0438862484282469,1739.28107283736,1.00333472994407
"Sigma[8,8]",0.0647115519938457,0.00163502998530263,0.033848339164884,0.018337470626691,0.0397095874880326,0.0584755492127422,0.0827128314214094,0.146486514851777,428.571497561595,1.01739890628329
"N_sim[1]",0,NA,0,0,0,0,0,0,NA,NA
"N_sim[2]",0,NA,0,0,0,0,0,0,NA,NA
"N_sim[3]",0,NA,0,0,0,0,0,0,NA,NA
"N_sim[4]",0,NA,0,0,0,0,0,0,NA,NA
"N_sim[5]",0,NA,0,0,0,0,0,0,NA,NA
"N_sim[6]",0,NA,0,0,0,0,0,0,NA,NA
"N_sim[7]",0,NA,0,0,0,0,0,0,NA,NA
"N_sim[8]",0,NA,0,0,0,0,0,0,NA,NA
"N_sim[9]",0,NA,0,0,0,0,0,0,NA,NA
"N_sim[10]",0,NA,0,0,0,0,0,0,NA,NA
"N_sim[11]",0,NA,0,0,0,0,0,0,NA,NA
"N_sim[12]",0,NA,0,0,0,0,0,0,NA,NA
"N_sim[13]",0,NA,0,0,0,0,0,0,NA,NA
"N_sim[14]",0,NA,0,0,0,0,0,0,NA,NA
"N_sim[15]",0,NA,0,0,0,0,0,0,NA,NA
"N_sim[16]",0,NA,0,0,0,0,0,0,NA,NA
"N_sim[17]",0,NA,0,0,0,0,0,0,NA,NA
"N_sim[18]",0,NA,0,0,0,0,0,0,NA,NA
"N_sim[19]",0,NA,0,0,0,0,0,0,NA,NA
"N_sim[20]",0,NA,0,0,0,0,0,0,NA,NA
"N_sim[21]",0,NA,0,0,0,0,0,0,NA,NA
"N_sim[22]",0,NA,0,0,0,0,0,0,NA,NA
"N_sim[23]",0,NA,0,0,0,0,0,0,NA,NA
"N_sim[24]",0,NA,0,0,0,0,0,0,NA,NA
"N_sim[25]",0,NA,0,0,0,0,0,0,NA,NA
"N_sim[26]",0,NA,0,0,0,0,0,0,NA,NA
"N_sim[27]",0,NA,0,0,0,0,0,0,NA,NA
"N_sim[28]",0,NA,0,0,0,0,0,0,NA,NA
"N_sim[29]",0,NA,0,0,0,0,0,0,NA,NA
"N_sim[30]",0,NA,0,0,0,0,0,0,NA,NA
"N_sim[31]",0,NA,0,0,0,0,0,0,NA,NA
"N_sim[32]",0,NA,0,0,0,0,0,0,NA,NA
"N_sim[33]",0,NA,0,0,0,0,0,0,NA,NA
"N_sim[34]",0,NA,0,0,0,0,0,0,NA,NA
"N_sim[35]",0,NA,0,0,0,0,0,0,NA,NA
"N_sim[36]",0,NA,0,0,0,0,0,0,NA,NA
"N_sim[37]",0,NA,0,0,0,0,0,0,NA,NA
"N_sim[38]",0,NA,0,0,0,0,0,0,NA,NA
"N_sim[39]",0,NA,0,0,0,0,0,0,NA,NA
"N_sim[40]",0,NA,0,0,0,0,0,0,NA,NA
"N_sim[41]",0,NA,0,0,0,0,0,0,NA,NA
"N_sim[42]",0,NA,0,0,0,0,0,0,NA,NA
"N_sim[43]",0,NA,0,0,0,0,0,0,NA,NA
"N_sim[44]",0,NA,0,0,0,0,0,0,NA,NA
"N_sim[45]",0,NA,0,0,0,0,0,0,NA,NA
"N_sim[46]",0,NA,0,0,0,0,0,0,NA,NA
"N_sim[47]",0,NA,0,0,0,0,0,0,NA,NA
"N_sim[48]",0,NA,0,0,0,0,0,0,NA,NA
"N_sim[49]",0,NA,0,0,0,0,0,0,NA,NA
"N_sim[50]",0,NA,0,0,0,0,0,0,NA,NA
"N_sim[51]",0,NA,0,0,0,0,0,0,NA,NA
"N_sim[52]",0,NA,0,0,0,0,0,0,NA,NA
"N_sim[53]",0,NA,0,0,0,0,0,0,NA,NA
"N_sim[54]",0,NA,0,0,0,0,0,0,NA,NA
"N_sim[55]",0,NA,0,0,0,0,0,0,NA,NA
"N_sim[56]",0,NA,0,0,0,0,0,0,NA,NA
"N_sim[57]",0,NA,0,0,0,0,0,0,NA,NA
"N_sim[58]",0,NA,0,0,0,0,0,0,NA,NA
"N_sim[59]",0,NA,0,0,0,0,0,0,NA,NA
"N_sim[60]",0,NA,0,0,0,0,0,0,NA,NA
"N_sim[61]",0,NA,0,0,0,0,0,0,NA,NA
"N_sim[62]",0,NA,0,0,0,0,0,0,NA,NA
"N_sim[63]",0,NA,0,0,0,0,0,0,NA,NA
"N_sim[64]",0,NA,0,0,0,0,0,0,NA,NA
"N_sim[65]",0,NA,0,0,0,0,0,0,NA,NA
"N_sim[66]",0,NA,0,0,0,0,0,0,NA,NA
"N_sim[67]",0,NA,0,0,0,0,0,0,NA,NA
"N_sim[68]",0,NA,0,0,0,0,0,0,NA,NA
"N_sim[69]",0,NA,0,0,0,0,0,0,NA,NA
"N_sim[70]",0,NA,0,0,0,0,0,0,NA,NA
"N_sim[71]",0,NA,0,0,0,0,0,0,NA,NA
"N_sim[72]",0,NA,0,0,0,0,0,0,NA,NA
"N_sim[73]",0,NA,0,0,0,0,0,0,NA,NA
"N_sim[74]",0,NA,0,0,0,0,0,0,NA,NA
"N_sim[75]",0,NA,0,0,0,0,0,0,NA,NA
"N_sim[76]",0,NA,0,0,0,0,0,0,NA,NA
"N_sim[77]",0,NA,0,0,0,0,0,0,NA,NA
"N_sim[78]",0,NA,0,0,0,0,0,0,NA,NA
"N_sim[79]",0,NA,0,0,0,0,0,0,NA,NA
"N_sim[80]",0,NA,0,0,0,0,0,0,NA,NA
"N_sim[81]",0,NA,0,0,0,0,0,0,NA,NA
"N_sim[82]",0,NA,0,0,0,0,0,0,NA,NA
"N_sim[83]",0,NA,0,0,0,0,0,0,NA,NA
"N_sim[84]",0,NA,0,0,0,0,0,0,NA,NA
"N_sim[85]",0,NA,0,0,0,0,0,0,NA,NA
"N_sim[86]",0,NA,0,0,0,0,0,0,NA,NA
"N_sim[87]",0,NA,0,0,0,0,0,0,NA,NA
"N_sim[88]",0,NA,0,0,0,0,0,0,NA,NA
"N_sim[89]",0,NA,0,0,0,0,0,0,NA,NA
"N_sim[90]",0,NA,0,0,0,0,0,0,NA,NA
"N_sim[91]",0,NA,0,0,0,0,0,0,NA,NA
"N_sim[92]",0,NA,0,0,0,0,0,0,NA,NA
"N_sim[93]",0,NA,0,0,0,0,0,0,NA,NA
"N_sim[94]",0,NA,0,0,0,0,0,0,NA,NA
"N_sim[95]",0,NA,0,0,0,0,0,0,NA,NA
"N_sim[96]",0,NA,0,0,0,0,0,0,NA,NA
"N_sim[97]",0,NA,0,0,0,0,0,0,NA,NA
"N_sim[98]",0,NA,0,0,0,0,0,0,NA,NA
"N_sim[99]",0,NA,0,0,0,0,0,0,NA,NA
"N_sim[100]",0,NA,0,0,0,0,0,0,NA,NA
"N_sim[101]",0,NA,0,0,0,0,0,0,NA,NA
"N_sim[102]",0,NA,0,0,0,0,0,0,NA,NA
"N_sim[103]",0,NA,0,0,0,0,0,0,NA,NA
"N_sim[104]",0,NA,0,0,0,0,0,0,NA,NA
"N_sim[105]",0,NA,0,0,0,0,0,0,NA,NA
"N_sim[106]",0,NA,0,0,0,0,0,0,NA,NA
"N_sim[107]",0,NA,0,0,0,0,0,0,NA,NA
"N_sim[108]",0,NA,0,0,0,0,0,0,NA,NA
"N_sim[109]",0,NA,0,0,0,0,0,0,NA,NA
"N_sim[110]",0,NA,0,0,0,0,0,0,NA,NA
"N_sim[111]",0,NA,0,0,0,0,0,0,NA,NA
"N_sim[112]",0,NA,0,0,0,0,0,0,NA,NA
"N_sim[113]",0,NA,0,0,0,0,0,0,NA,NA
"N_sim[114]",0,NA,0,0,0,0,0,0,NA,NA
"N_sim[115]",0,NA,0,0,0,0,0,0,NA,NA
"N_sim[116]",0,NA,0,0,0,0,0,0,NA,NA
"N_sim[117]",0,NA,0,0,0,0,0,0,NA,NA
"N_sim[118]",0,NA,0,0,0,0,0,0,NA,NA
"N_sim[119]",0,NA,0,0,0,0,0,0,NA,NA
"N_sim[120]",0,NA,0,0,0,0,0,0,NA,NA
"N_sim[121]",0,NA,0,0,0,0,0,0,NA,NA
"N_sim[122]",0,NA,0,0,0,0,0,0,NA,NA
"N_sim[123]",0,NA,0,0,0,0,0,0,NA,NA
"N_sim[124]",0,NA,0,0,0,0,0,0,NA,NA
"N_sim[125]",0,NA,0,0,0,0,0,0,NA,NA
"N_sim[126]",0,NA,0,0,0,0,0,0,NA,NA
"N_sim[127]",0,NA,0,0,0,0,0,0,NA,NA
"N_sim[128]",0,NA,0,0,0,0,0,0,NA,NA
"N_sim[129]",0,NA,0,0,0,0,0,0,NA,NA
"N_sim[130]",0,NA,0,0,0,0,0,0,NA,NA
"N_sim[131]",0,NA,0,0,0,0,0,0,NA,NA
"N_sim[132]",0,NA,0,0,0,0,0,0,NA,NA
"N_sim[133]",0,NA,0,0,0,0,0,0,NA,NA
"N_sim[134]",0,NA,0,0,0,0,0,0,NA,NA
"N_sim[135]",0,NA,0,0,0,0,0,0,NA,NA
"N_sim[136]",0,NA,0,0,0,0,0,0,NA,NA
"N_sim[137]",0,NA,0,0,0,0,0,0,NA,NA
"N_sim[138]",0,NA,0,0,0,0,0,0,NA,NA
"N_sim[139]",0,NA,0,0,0,0,0,0,NA,NA
"N_sim[140]",0,NA,0,0,0,0,0,0,NA,NA
"N_sim[141]",0,NA,0,0,0,0,0,0,NA,NA
"N_sim[142]",0,NA,0,0,0,0,0,0,NA,NA
"N_sim[143]",0,NA,0,0,0,0,0,0,NA,NA
"N_sim[144]",0,NA,0,0,0,0,0,0,NA,NA
"N_sim[145]",0,NA,0,0,0,0,0,0,NA,NA
"N_sim[146]",0,NA,0,0,0,0,0,0,NA,NA
"N_sim[147]",0,NA,0,0,0,0,0,0,NA,NA
"N_sim[148]",0,NA,0,0,0,0,0,0,NA,NA
"N_sim[149]",0,NA,0,0,0,0,0,0,NA,NA
"N_sim[150]",0,NA,0,0,0,0,0,0,NA,NA
"N_sim[151]",0,NA,0,0,0,0,0,0,NA,NA
"N_sim[152]",0,NA,0,0,0,0,0,0,NA,NA
"N_sim[153]",0,NA,0,0,0,0,0,0,NA,NA
"N_sim[154]",0,NA,0,0,0,0,0,0,NA,NA
"N_sim[155]",0,NA,0,0,0,0,0,0,NA,NA
"N_sim[156]",0,NA,0,0,0,0,0,0,NA,NA
"N_sim[157]",0,NA,0,0,0,0,0,0,NA,NA
"N_sim[158]",0,NA,0,0,0,0,0,0,NA,NA
"N_sim[159]",0,NA,0,0,0,0,0,0,NA,NA
"N_sim[160]",0,NA,0,0,0,0,0,0,NA,NA
"N_sim[161]",0,NA,0,0,0,0,0,0,NA,NA
"N_sim[162]",0,NA,0,0,0,0,0,0,NA,NA
"N_sim[163]",0,NA,0,0,0,0,0,0,NA,NA
"N_sim[164]",0,NA,0,0,0,0,0,0,NA,NA
"N_sim[165]",0,NA,0,0,0,0,0,0,NA,NA
"N_sim[166]",0,NA,0,0,0,0,0,0,NA,NA
"N_sim[167]",0,NA,0,0,0,0,0,0,NA,NA
"N_sim[168]",0,NA,0,0,0,0,0,0,NA,NA
"N_all[1,1]",2199.75155991565,111.098983594804,5071.41539322769,111.090521119545,524.154847477529,1084.41693366506,2284.48503065196,10563.4849019539,2083.71442157156,1.00195411777697
"N_all[1,2]",337.602510613283,0.829889862414384,40.6142837954499,264.222116800103,311.323896134282,334.775369783453,360.823212974969,428.248620924445,2395.06155380676,1.00159781566526
"N_all[1,3]",470.995155302443,41.1352019485855,1438.81267661507,17.7748805903229,94.1737270221133,194.183071874636,416.019298796675,2686.10219559082,1223.43596581305,1.00192531551925
"N_all[1,4]",321.066242822051,0.85833953071882,39.8598417015894,242.728576818873,296.286113885943,320.686556002709,344.993608362294,406.571338496956,2156.51712136823,1.00139563509694
"N_all[1,5]",224.609288731686,1.30560573306768,40.2661659635683,168.424293487744,199.364787510482,217.459709327781,240.613372659673,328.342821696509,951.16631486235,1.00483128355126
"N_all[1,6]",346.563893627027,1.24751367261076,53.2010306271463,234.423547222761,316.424168119125,348.183356125932,378.702595426792,452.197902448434,1818.65140750255,1.00059242919228
"N_all[1,7]",461.106161202887,1.70309318843782,69.8272189925482,357.123806480077,416.234896379916,451.256310724993,493.446945226071,624.151225479866,1681.01917567069,1.00210320344729
"N_all[1,8]",41.2346838991313,0.19304866012759,7.07777052489222,29.2166282281066,36.3669443252675,40.6839849239177,45.4755353636216,57.1582939466642,1344.18601387322,1.00156321513433
"N_all[2,1]",2685.93667162269,136.35169072058,6381.84417847996,145.214709636967,682.267921502266,1369.3794859902,2786.05529119957,12374.7143903291,2190.64163380499,1.00169107020032
"N_all[2,2]",508.013645561866,0.901459190657238,51.8930504714801,409.259918760444,474.888642309031,505.767124855112,537.372448766307,619.824779080186,3313.79974474055,1.00007827560004
"N_all[2,3]",568.820386450757,45.1059564291423,1425.57802482142,26.1468811917698,129.802120607253,261.911370325405,548.628037182352,2963.75639084094,998.882011478459,1.00200325645624
"N_all[2,4]",419.740254578877,0.81969540377872,45.9484492791255,339.965852446656,389.414823864279,415.479016751279,445.708510865116,523.42434674316,3142.22093659665,1.00312908558572
"N_all[2,5]",424.026062367624,0.789427051896915,50.9627477736785,323.365662451893,393.378117766726,422.214687584391,454.464470844834,529.644607891122,4167.55809626716,1.00041252909756
"N_all[2,6]",301.559484375269,0.65651724000308,40.8923760880482,228.186400417248,276.390546264853,299.075379448981,322.658414976205,390.17600169437,3879.64888176049,1.000461436532
"N_all[2,7]",708.649041948444,1.46203904221434,84.1064028523564,536.214913983576,656.409599412921,711.303458802272,764.826995667505,870.32702280045,3309.33077282403,1.00016875016301
"N_all[2,8]",69.0587874417417,0.195508596430228,10.3325952541507,51.3857772108764,61.8549348812607,67.9661181910472,75.1727245944942,92.9331192631306,2793.10408190597,1.00041953583959
"N_all[3,1]",3734.74709910243,152.298491839632,7405.06908257874,224.097801286744,1045.29709365698,2054.14546904406,3876.65749347079,16604.0967104622,2364.10642630245,1.00087485721842
"N_all[3,2]",947.019589740093,1.50598162308407,88.6677186097667,771.088459993097,891.973997383036,946.471349227762,1001.34569052853,1126.55094837804,3466.50414618628,1.0000817010191
"N_all[3,3]",801.037367508589,53.700687659827,1973.27205155999,43.4051329158264,210.012641398351,408.668512219065,801.895716481066,3877.16175832167,1350.25015398878,1.00149092714797
"N_all[3,4]",685.703086063963,1.49378848760208,73.7728697053066,560.341977278957,637.3937936575,677.155142162686,725.901934976215,854.725685611862,2439.01874923199,1.00285801910038
"N_all[3,5]",862.07240216927,2.71634218413979,106.770509928308,642.653560514208,796.192393650221,866.553597096622,926.615336112556,1078.89290000945,1545.01847656166,1.00469906214776
"N_all[3,6]",322.184914283722,1.14291905061732,49.3975184069741,244.897998055623,290.736839626192,314.499993052819,345.60155156653,441.960934353904,1868.01052962239,1.00401514975301
"N_all[3,7]",1121.0280040247,1.93199887786108,119.430892654503,900.953000221532,1048.26997057368,1113.49703273143,1188.94575276764,1372.71895024808,3821.37463873033,0.999563360515889
"N_all[3,8]",157.636445886632,0.334633036891875,18.997326015155,121.951140725311,145.005992405043,156.992297008362,169.272111073588,197.875689616726,3222.90364748731,1.00002814681872
"N_all[4,1]",4914.33270089,179.22530720514,8166.08834400495,477.463560167671,1710.15945703424,3048.81139159321,5350.20667749956,20132.9791540368,2076.01019061816,1.0014578899656
"N_all[4,2]",1426.84667817742,2.25287614281294,133.439009894239,1159.24989959481,1346.46799974127,1429.23326841495,1506.82830349822,1701.70430464165,3508.25368233533,1.00202585188228
"N_all[4,3]",1100.06704971321,61.9535886929459,2126.01731275416,77.8321972335846,340.679750933526,618.129637364357,1155.25797302439,5444.22104055018,1177.60775562671,1.00235258010551
"N_all[4,4]",1121.11381143171,1.66952335348865,107.570231989344,912.01953580299,1052.68776054405,1120.27962719021,1184.82720083719,1345.9844580901,4151.44428400438,0.999627941294574
"N_all[4,5]",1122.71798193779,2.16234227308472,128.969476562996,880.1260337636,1044.23685339554,1117.39933526528,1193.92151023025,1389.73739869756,3557.33689755105,0.999821287591821
"N_all[4,6]",524.878273956718,1.17348543354718,71.5515003679492,410.214621867563,480.51029243674,516.726406704348,559.290954045762,700.055650911824,3717.76627706435,0.999823850416899
"N_all[4,7]",1666.2310250684,4.26243502202423,177.638247578639,1304.70996183829,1555.40101863486,1673.71627491052,1773.81450777489,2018.55509524311,1736.83042095793,1.00269801725652
"N_all[4,8]",252.592956007374,0.485660092483177,28.6150112715921,196.95448909758,234.834007521157,251.770136088713,269.369849186265,313.027366901266,3471.54665468208,1.00147728021589
"N_all[5,1]",2925.91934604439,75.7005229943943,3929.45076221843,437.989440405834,1275.08183495152,2063.84234208487,3423.10514393003,10021.6386576048,2694.42402723442,1.00188044996137
"N_all[5,2]",769.352019055432,1.61483445352729,78.3449201926624,635.387080987294,716.867074540013,761.267515434184,812.807928247415,947.295736346891,2353.7789326616,1.00208079509508
"N_all[5,3]",615.09651951114,27.9503528858012,1004.18496367168,54.8867232765236,210.159631945567,366.978444451788,663.600441000817,2806.59848344971,1290.78181231277,1.00193039606829
"N_all[5,4]",650.813040580984,1.0067816869045,65.8371755052454,531.161788257834,606.756316397491,648.026155979252,688.435201067742,794.532943518035,4276.33546789455,0.999262762255304
"N_all[5,5]",521.848335768644,2.36362601617957,82.2296251609815,403.663659918987,465.412901697925,506.446140869275,561.312943139832,727.100998538752,1210.3169013162,1.00488592927237
"N_all[5,6]",439.416130320771,1.60904604422421,68.7338791129023,290.215222296975,398.863427714154,445.082135454952,483.786844890392,563.231484615265,1824.75585374204,1.00520642374763
"N_all[5,7]",870.228497767466,1.54666210859823,94.1754788065698,688.444900771402,810.891488085058,868.389452758295,927.512435213244,1069.40428453937,3707.53092247368,0.999685498215712
"N_all[5,8]",137.070869278016,0.313939899139063,16.9599993687896,106.81349130828,125.635707913333,135.856971973477,147.055733859086,173.969528816361,2918.4928568862,1.00244162159708
"N_all[6,1]",2513.08014561992,76.8308959800194,3305.41177057935,445.56064589752,1199.54743156499,1890.61970598771,2987.21942470973,8091.54078076134,1850.88460398734,1.0004062226418
"N_all[6,2]",869.194957404524,1.50458985350006,85.3133930677264,706.58919156853,814.431227762295,867.724340231186,918.124257153209,1055.04530243832,3215.12729538632,1.00103791301007
"N_all[6,3]",523.582755066329,19.4914648498804,714.870001891143,55.8431161352053,194.385496603778,336.447784543718,589.809325618026,2328.88393313093,1345.13287874696,1.00211916816653
"N_all[6,4]",612.989059200538,2.16914916193439,75.5900762237599,495.664874372557,562.185980898958,601.818916995456,649.974534752196,786.742596844456,1214.36916671972,1.00513046824315
"N_all[6,5]",718.35582672695,2.83338439140094,99.4813170395915,502.516372292599,660.495530860502,726.240107310674,782.839534426064,899.475340943355,1232.74161825347,1.0025061927831
"N_all[6,6]",291.184523790612,0.887491890313496,45.5253286988886,222.128418712515,261.725789312619,284.382968571939,311.083774338659,403.787547900266,2631.3425816641,0.999981181703376
"N_all[6,7]",700.504995679073,3.42454379673067,102.943360312815,550.969289447781,627.64750162315,681.207625258788,753.388825910128,949.311952559935,903.631228953891,1.00617877934012
"N_all[6,8]",179.41100168697,0.434960305382654,22.9712290997794,135.574137654685,164.676551006709,179.00623513599,194.017579482655,225.517153220231,2789.13295157394,1.00154483318671
"N_all[7,1]",2748.42633941996,41.4458074633274,1787.75482642123,770.520322480099,1657.67440033195,2366.34518065755,3346.11701612238,6996.70942023181,1860.60724650765,1.00052349277288
"N_all[7,2]",1088.97926036171,1.7163705312981,100.082857420867,887.670049635945,1028.14027849723,1087.45244112625,1147.96097850488,1300.72214892152,3400.14386880645,1.00009322355589
"N_all[7,3]",642.742529205584,20.9430204576692,806.080139697077,90.58544556733,283.782169864475,448.155817611834,735.275977194993,2496.95455080908,1481.41865152669,1.00154588696987
"N_all[7,4]",884.993409070325,1.40920182142632,88.6569831813254,718.206172521403,828.066481083594,881.597707829484,936.5602304288,1080.3250822034,3958.03387127122,0.999456907523782
"N_all[7,5]",756.055282800451,1.8669344123514,96.2299312590461,549.785693143862,699.912526439778,759.603752693175,814.199598773173,942.394506862346,2656.8205957062,1.00184521263456
"N_all[7,6]",442.56727750641,0.942388055366357,57.978218474467,329.492552856028,408.183546217519,442.983363618396,475.878605894442,558.430739878895,3785.03750494928,1.00086431828525
"N_all[7,7]",909.770172521663,2.20083352233697,107.881481880047,730.356935924541,840.50845913448,897.852422567317,964.000871646956,1149.71475014588,2402.80995080406,1.00072651884108
"N_all[7,8]",214.580942000239,0.40588365361761,25.2806480911818,166.378132198316,198.46992195384,213.883665697104,229.952659131489,268.418627041603,3879.47791945657,1.00087818550164
"N_all[8,1]",1608.90024315407,3.72614252061911,229.400103353418,1200.19609806035,1477.67927266386,1593.49496492223,1722.16255305734,2143.48848754926,3790.25382060503,0.999502496273659
"N_all[8,2]",663.333995589574,1.42080516048698,66.7990073778464,543.507265350764,620.432009949655,657.796307334454,701.056698701863,814.377150042724,2210.40048038996,1.00182632743618
"N_all[8,3]",449.165470356859,11.6317257403797,478.762996775892,88.5501101644535,226.095102734696,343.054511526129,522.807424311251,1516.1368834528,1694.15384707943,1.00024598150423
"N_all[8,4]",702.822276982289,1.85019059932801,78.1075496386428,542.109218416037,655.018917983727,704.271047828767,752.397670154125,856.188683587038,1782.18624305579,1.00520330639565
"N_all[8,5]",325.850184368267,2.30687944076469,67.0801779427365,237.311687545503,280.103702526288,309.391455714303,356.893452693823,489.015764330182,845.548677957517,1.00498209542599
"N_all[8,6]",312.330455004463,0.881160259254591,49.8833285143027,238.463309086592,281.739030081442,304.648759895597,334.097060876363,429.162892068731,3204.80083375957,1.00094072251369
"N_all[8,7]",704.42109082195,2.21703182546039,99.7499209757004,505.609665410041,636.399756144453,709.170111109086,776.077315493779,885.628424972282,2024.32978754801,1.00005847210133
"N_all[8,8]",124.391714966751,0.276616188295714,16.0187252423131,95.5729913542888,113.962776027628,123.319598695239,133.618108221013,159.271678125641,3353.51860033385,0.999502118054445
"N_all[9,1]",1577.13378659134,5.14768480689531,239.578551946579,1031.8684071369,1452.39690137186,1594.74631048691,1712.37669204857,2030.90836359705,2166.06745390162,1.0026609696073
"N_all[9,2]",523.703702031165,1.48404350114877,54.9178706766926,429.845750593465,487.399700647243,517.947073132585,553.033339546027,651.791713564794,1369.41196226134,1.00295819137901
"N_all[9,3]",358.120542868807,8.38852527782677,315.343425153883,77.554994617317,187.307719385974,279.629851375422,423.742273267267,1128.14148099515,1413.17623632059,1.00113192217398
"N_all[9,4]",544.68061898823,1.01627061081913,60.1327091507967,441.0728005613,505.962053743197,538.924197184433,576.457458931776,680.105436872074,3501.08623440649,1.00011720964603
"N_all[9,5]",270.580635698896,1.00845549724527,36.6767490726945,209.859650375043,247.692526334026,266.70009058719,289.569731304622,357.542686917184,1322.72082938385,1.0009588315425
"N_all[9,6]",340.848768137569,1.07477802219612,52.9689033622487,226.503192668839,309.665154399892,345.616319150082,376.140205172957,437.214199031706,2428.87077367592,1.00128250478589
"N_all[9,7]",485.634638655543,1.10008378788458,56.1873265391134,389.179117926101,448.303348798815,479.961630641238,515.025215491041,615.40619701001,2608.70642455752,0.999920975939207
"N_all[9,8]",89.8372677159084,0.390274613752281,13.4314420293355,67.5024475675569,80.3925892435629,88.6018175949292,97.5446673112294,119.853325954781,1184.41712706574,1.00085940643555
"N_all[10,1]",1630.92923539268,61.9677472869588,1205.87003902926,573.53804848304,1075.84473653086,1440.88750732221,1891.56313171781,3646.77944349881,378.67757964319,1.00788831259367
"N_all[10,2]",967.606849161825,1.38572478623301,88.1124689289455,796.141136300394,913.220467554329,964.672527340233,1019.77938358536,1148.40837899945,4043.15853343137,1.00018973573081
"N_all[10,3]",460.399334654163,7.33500385445659,314.219990278927,146.332024389324,290.75405618888,392.686901291282,553.971500788543,1146.25636695383,1835.13039699821,1.001004726129
"N_all[10,4]",917.70722812349,1.44947843804327,93.17060034534,734.754795375138,859.12505477962,916.504508196758,972.321978420057,1114.65789765988,4131.75222002569,0.999849768220623
"N_all[10,5]",551.859903237123,1.56283417611233,67.0196016570993,414.822393045338,510.878175136911,554.347767028701,592.499482319422,684.634523504456,1838.98372078183,1.00278835645839
"N_all[10,6]",319.0257890799,0.729331839363796,43.7908273619024,242.420267648566,291.27526762251,315.907246990802,342.000745899833,417.21126832393,3605.08869955582,0.999552780698248
"N_all[10,7]",708.317040812648,1.76563579834066,84.6468105982056,569.566101580601,650.587470977575,699.731351157912,755.758847841766,899.242263527275,2298.36472126357,1.00097930265769
"N_all[10,8]",182.299350269143,0.350825086849393,20.7277824096209,143.823308492817,168.45039198483,181.841706578308,195.061352600989,225.530952535921,3490.79543357852,1.00080446484662
"N_all[11,1]",1300.56674894341,28.3996117590685,840.967604027628,467.490101064756,856.699114202975,1141.91788416557,1517.38939924297,2958.74588199138,876.867000145484,1.00201772686289
"N_all[11,2]",1149.11483102734,2.0012182599992,110.810761533232,954.253081799341,1081.00583195877,1138.50972075512,1208.98069160409,1397.20721632172,3066.01987091417,1.00049972767706
"N_all[11,3]",477.650235525204,5.24294796297998,238.363886030342,186.542389484421,333.788686396213,432.88402311728,557.243575836245,1059.04059528251,2066.94927895937,1.00061093643515
"N_all[11,4]",1098.42929349681,2.09911235622417,117.054148225759,901.100736116258,1024.18724673363,1084.29484270712,1157.62573942102,1367.03172301146,3109.58367748021,1.00089739783521
"N_all[11,5]",629.765595111976,2.04358580073156,85.5822105256703,445.755846330944,578.213278989725,633.742661915081,685.10973528638,791.218808498889,1753.80476904249,1.00354791540958
"N_all[11,6]",297.304390400281,0.984049227400808,45.6032500782005,228.115706189428,267.978959569132,290.686698343074,318.09134171369,405.174407265551,2147.62247984541,1.0003050079131
"N_all[11,7]",856.581240698429,1.45679422715053,90.9259186143027,686.506146943888,799.570195850801,852.152012367825,909.798553620459,1052.13015273558,3895.64138735656,1.00085945458553
"N_all[11,8]",220.298710869727,0.443634808149875,25.6078437975223,174.921848845327,203.451253347966,218.642524620671,234.726732693616,277.08981724805,3331.92176830056,0.999698814138428
"N_all[12,1]",1378.48685295696,5.02711201223634,226.63343696644,1071.97063574351,1244.88698459054,1335.95421083388,1454.77187982503,1956.83927182138,2032.40776658976,1.00156383999389
"N_all[12,2]",2110.50147807219,3.23612344435305,204.070171426541,1709.03985455437,1981.53602545613,2107.81005494741,2233.70549024517,2524.7675259479,3976.57244777414,0.99961357319325
"N_all[12,3]",774.932066089443,4.98644975068776,232.09176789259,418.43815430314,621.067731201306,745.626726273956,888.739723012696,1321.53578942043,2166.38968631515,1.00014339595187
"N_all[12,4]",2434.4017385117,10.8957109044363,324.545923882489,1754.73747388839,2218.75883322615,2469.14857546067,2659.86801479592,3006.90471031474,887.240125952089,1.00436012793375
"N_all[12,5]",717.97611785037,3.23313478683132,124.558982197155,546.722895621019,634.042864419929,692.211907975836,773.139174548085,1031.95737075674,1484.2343587902,1.00199546587616
"N_all[12,6]",697.281663705647,2.9105298721332,106.92668073919,465.836227267441,634.757148079136,707.891944973279,766.247505412595,890.019149225029,1349.67141187854,1.00275386051422
"N_all[12,7]",1611.02435266908,3.45732686715845,177.473978124634,1254.87702447712,1503.7719721125,1605.76444691587,1708.74857988786,1986.98094553001,2635.04772996548,1.0007137516035
"N_all[12,8]",369.085909462707,0.758253059737051,42.7090810858005,288.967077243499,341.992673009014,366.833354116148,393.248081323406,462.806092253755,3172.5765646908,1.00006309005522
"N_all[13,1]",1247.56512914758,7.29494592486928,227.558318322732,948.626600184578,1107.80704902818,1196.20454982207,1326.77362046995,1835.90393273264,973.0637129684,1.00269465286971
"N_all[13,2]",2065.07784305798,3.6751918716888,202.978626106607,1717.35830192462,1934.88086909821,2045.2668651138,2171.51235196312,2522.76970896005,3050.28614793498,1.00068042772955
"N_all[13,3]",697.76283102332,1.4678071987576,93.0941179100852,510.029096491691,642.910646479545,700.047529901859,750.848142848816,885.844696765733,4022.59635563778,1.00055326074328
"N_all[13,4]",2176.63190833466,4.39259073722631,227.806897352877,1698.10313397331,2043.9905133916,2178.69136400458,2317.7729404909,2628.37778646858,2689.62823643517,1.00189692654618
"N_all[13,5]",763.970843828626,1.43867507368542,94.5565693847185,571.299023061171,708.880822373028,762.91605070341,818.16801474818,958.590553773584,4319.74366121803,1.00035078787693
"N_all[13,6]",477.089314984731,1.12961877482984,67.2875974391552,366.0790682521,436.542834823047,471.112229605283,509.621747592333,620.76832608228,3548.18486893767,1.0006830573295
"N_all[13,7]",1535.05470542239,3.08464496023054,167.360035076146,1196.5259966338,1428.42469876847,1541.79294604201,1641.24196405595,1862.87830991693,2943.69728773857,1.00060368780151
"N_all[13,8]",390.777656487027,1.0171977057511,48.1550615053261,311.297464354858,358.673173397836,385.73564027819,416.322198848212,500.534630920789,2241.16143060122,1.00317795366405
"N_all[14,1]",2149.87023706508,12.1791980035577,402.896387606433,1216.684299883,1921.81749413419,2210.39178417354,2424.71703186524,2810.35073697273,1094.33267017294,1.00274875467004
"N_all[14,2]",2127.06023431316,3.41840101985823,194.187260861478,1735.07108906698,2007.05488061715,2128.54860892215,2245.18192061671,2525.07077211684,3226.97389982352,1.00008746925389
"N_all[14,3]",616.500123504848,1.43198180236968,72.3838498754614,471.209450660515,571.215272585026,617.792762937542,659.210515906421,765.124490750891,2555.10268524254,1.0000672662173
"N_all[14,4]",1784.03658303683,3.27434382974823,172.80607624536,1453.5066945126,1674.60201081737,1779.62950742268,1889.64908544157,2139.33759382057,2785.28381344522,0.999828496073968
"N_all[14,5]",699.271128195615,1.32827840384921,85.2485702027184,549.868897026149,645.268604292806,690.524704898159,745.818196057303,889.870843540243,4119.0397605204,1.00080221102128
"N_all[14,6]",370.509612980678,3.60309650145585,97.7794343499306,264.462448061265,309.33606727132,344.173111327507,398.507179259705,647.355874774178,736.449977453437,1.01008205987372
"N_all[14,7]",1274.70140923806,2.2572878492692,130.17575334291,1035.25218842796,1192.77141691369,1267.56283947587,1349.75466879326,1558.50020665058,3325.72482066097,0.999833132576894
"N_all[14,8]",479.075439001554,0.877156530419589,51.7600004988806,383.250967073894,446.821206552434,477.136394042611,508.039664376427,591.714342883965,3482.04469703864,0.999655768220008
"N_all[15,1]",1166.40142610119,4.42576130730747,193.837309129853,896.556344113146,1046.51822403277,1128.98932330207,1243.74129029229,1653.0535363448,1918.22156583246,1.00227712914016
"N_all[15,2]",1570.25054965272,3.76265434122269,159.96389845696,1247.73651766171,1469.29119462589,1573.70359781228,1674.54853978532,1884.37015714107,1807.40430609926,1.00346646318131
"N_all[15,3]",295.406803939359,1.53375376399255,44.7796320530355,228.222543109461,265.675774396557,288.463009774895,317.725839049498,401.442039514724,852.412399277347,1.00505579474719
"N_all[15,4]",1048.73193190182,3.00822684790493,132.473868635232,841.619195180797,956.293734650481,1028.88119554971,1120.45733036837,1351.62273428732,1939.27443601271,1.00385664965521
"N_all[15,5]",485.381059290151,1.15560953139781,60.362169956648,364.696912754375,448.36662232567,485.77951325486,523.115713324707,604.160534304588,2728.39633315361,1.00034660980475
"N_all[15,6]",371.7120016931,3.37017192402786,99.7793593310949,177.76132163153,296.30210298201,381.326554026782,451.67992618037,539.815604478149,876.551242251904,1.0024400753664
"N_all[15,7]",740.211414637006,1.41423080108156,82.8871034666551,590.615166315013,687.786764180178,736.816944306764,786.812281320563,920.218024825569,3435.05221615804,1.00028524440917
"N_all[15,8]",352.625657799848,0.724557398065698,41.3195605158582,280.667779318811,325.451589200361,348.833952435135,375.596311921782,448.328823631262,3252.11426899729,0.999495269892537
"N_all[16,1]",1251.79581149102,3.1125285990888,167.271884093728,962.88707339359,1152.00550650322,1236.48633386901,1332.07984691753,1637.26978774057,2888.14634924216,1.00190694303656
"N_all[16,2]",1397.16448009146,3.5205255372486,146.425069201194,1102.98302101679,1302.15029984748,1403.06947078635,1491.47952010031,1688.11066942561,1729.87960315922,1.00201310966061
"N_all[16,3]",257.439106890298,0.667330915933705,34.0635949142135,200.813266604081,235.964860032942,253.485020041472,275.524459423097,333.586409708714,2605.544342138,1.00110218892928
"N_all[16,4]",883.059430291426,1.60087147477622,95.9936904653659,695.860016735764,820.953162956173,880.763695328774,941.709125243815,1079.28005772883,3595.60888069788,0.99937712372812
"N_all[16,5]",377.175535496258,0.805303848589907,47.8855512927438,295.887224664653,346.105146262425,371.966702033635,403.13193787418,485.633382781138,3535.81418803246,0.999658911027024
"N_all[16,6]",218.16739660077,0.917890177126702,46.8107326204547,159.84315157778,189.874241932682,208.945398647424,233.559867161816,334.089985943975,2600.81482414169,1.00151831741446
"N_all[16,7]",575.85596039895,3.26907825428712,104.406069295331,423.671860881923,496.330687823726,559.491771355271,640.77226738998,811.133279160454,1020.00161135966,1.00328711317967
"N_all[16,8]",397.709711127593,1.22283628097893,47.7898144780113,301.860728873946,367.912719479288,399.300647900759,427.653157860005,490.306573469125,1527.3341348136,1.00338140500519
"N_all[17,1]",2879.69290865758,6.88849137679405,365.49098564884,2148.45514599809,2671.11067168763,2876.48039471498,3078.70508532257,3656.40360526855,2815.17308760024,1.00036821550693
"N_all[17,2]",1786.4505156276,2.40201620332394,158.961877618868,1479.41611991154,1687.89890719934,1782.39921833837,1880.84906129143,2123.85318556402,4379.59652409562,0.999994948910172
"N_all[17,3]",422.328862168193,1.04727968685442,51.926284532052,334.258961656399,388.108061304202,417.440510358579,450.218119975408,546.10755155443,2458.38069861903,1.00167069835305
"N_all[17,4]",1190.33875213937,2.70170611362818,127.652609517197,981.824140994374,1104.77647228353,1176.58309416477,1258.16056506795,1490.41303431198,2232.45741532903,1.00165796364892
"N_all[17,5]",485.19102522225,0.940028282043947,57.4253053674735,374.317967236386,449.748686836089,484.81120282086,518.10152427583,604.695106682627,3731.85521719697,0.999525568225882
"N_all[17,6]",416.489153720279,1.33245496783527,61.0536729389624,281.38714106565,381.141442308418,420.308340186649,456.02317043415,525.736199272527,2099.51272403327,1.00069529598152
"N_all[17,7]",917.704276992722,1.67020935496449,98.3395012512588,728.421777451641,857.461244182997,916.572681128483,977.153867631624,1119.68302640889,3466.68338461923,1.0001126158189
"N_all[17,8]",549.30394731698,0.965698001668331,59.0190710886284,442.858149901788,510.124784759521,546.137723559638,583.851983039767,676.39089853361,3735.09862773116,0.999950088541973
"N_all[18,1]",3116.20384103123,9.345038276549,454.571387982038,2120.91943539996,2878.93750378147,3140.90209639493,3375.40185696742,3970.62896542562,2366.14864362044,1.00231300155073
"N_all[18,2]",1469.22798051802,2.56792932403726,144.606318094207,1214.47891948308,1375.83839528933,1458.36834892161,1553.4902295004,1794.96763040565,3171.08879838764,1.00043293272696
"N_all[18,3]",505.448146635576,3.93924981453617,107.043005706574,310.952823393029,423.036755394092,507.685911635327,587.84144902802,697.246445132664,738.396355016578,1.00923313578972
"N_all[18,4]",1154.71676241341,3.06062165148754,127.519056381805,897.424767787878,1077.1913494035,1157.78460108621,1232.01222196704,1406.71415685083,1735.92472251255,1.00372557670241
"N_all[18,5]",346.428251287714,2.50607688027585,63.7800380045026,258.776333692981,302.903191824688,332.614873861329,376.140277219101,507.905487269137,647.710246527507,1.00629463730273
"N_all[18,6]",308.286337024514,0.730172605964268,42.043411687684,237.833329144062,281.291802251982,304.159123988143,329.712046301669,407.811075482506,3315.46791900674,1.00072879373264
"N_all[18,7]",878.63616313064,1.93501841382696,100.754010572747,714.307474010744,812.142396475229,866.953024940243,931.828632324042,1122.31957974181,2711.1558318516,1.00032637064524
"N_all[18,8]",518.281549619264,0.964949472379795,59.2262567890675,405.888370035307,481.580774715005,516.414611034565,553.130742443799,641.803519397111,3767.20648095235,0.999590024674875
"N_all[19,1]",783.262952593919,11.089073042779,305.092809754072,488.338682403589,579.310401840477,674.055131596356,876.762687694922,1643.17907135155,756.960917051513,1.0046656599542
"N_all[19,2]",583.80120417175,1.01603415916197,60.2939284732602,465.989564256389,546.516498008293,580.804929944372,618.603632337595,714.071253083926,3521.52312286794,0.999699162481117
"N_all[19,3]",143.251280152625,0.630916830685856,24.382830146686,105.627159942126,127.046594959743,139.525654134395,155.533858915124,202.914628766257,1493.56456227803,1.00174535237866
"N_all[19,4]",412.730898224315,0.771737591791176,46.1168339959645,331.889625378034,383.069757959995,409.222319744557,438.539975172622,516.620562130666,3570.91619602044,0.999694651681039
"N_all[19,5]",158.358711820975,0.383116032591145,21.7291855863811,120.002866816125,143.85456288553,156.754518237704,170.513018477871,206.98310079613,3216.81618397776,1.00011953947711
"N_all[19,6]",87.4547071864838,0.358503602569124,15.4859348129098,62.633516388881,77.4200376577978,85.6730758522594,95.4881245735259,122.746595308946,1865.8975960466,1.00190971526143
"N_all[19,7]",371.720883384657,1.36701037652112,47.5397062292888,277.582785229961,342.105717708231,373.239664929691,401.96091923872,464.427419378368,1209.3983313014,1.00105726687895
"N_all[19,8]",233.790020547503,1.31938138563633,34.0231009370314,164.017300510502,210.750703073007,235.375150164787,257.262224776528,295.991347970016,664.977700788772,1.00820500023523
"N_all[20,1]",1538.22165705121,9.40283371908414,291.463078472579,875.819519382736,1369.25896211263,1582.99068979948,1740.39378390014,2021.08563430151,960.8367005532,1.00294293513913
"N_all[20,2]",477.482889480495,0.812942274821846,49.3738226922638,383.009490398215,445.902129915198,475.609247935297,507.013955969556,577.567706196536,3688.70640096941,0.999656556167399
"N_all[20,3]",160.359267597783,0.371352145135357,21.7881624604122,122.155612446703,145.975599278136,158.954169367403,172.592590149948,209.148395693696,3442.46343331398,0.999375547695374
"N_all[20,4]",351.705975702374,0.600138352613192,37.5112004055014,283.615040743906,327.526827786881,348.802586809646,373.00341627027,435.638529702996,3906.78184696389,0.99927665644542
"N_all[20,5]",148.885068212683,0.549686769300719,24.9579804881004,112.188297242855,132.68200258936,145.244868274253,160.217045529708,209.006002896525,2061.523614919,1.00044362867764
"N_all[20,6]",118.278383818553,0.285612636383899,17.6587848036013,87.8625214395088,106.658176104833,117.105909794731,128.080973240137,156.631670533613,3822.66985803196,0.999693849219652
"N_all[20,7]",331.19938580343,0.770499611439645,37.5491584161397,258.727294719096,306.790157851128,330.058433973179,354.778512444052,409.971959720636,2374.95599588489,1.00137629573048
"N_all[20,8]",167.41591762691,0.355921804273392,21.3318514072065,130.917767808815,153.34938390921,165.55726445308,179.317842050388,214.200489064735,3592.0958031851,1.00018482285099
"N_all[21,1]",1068.87804528791,3.08134710530046,172.222932548082,811.687858007916,973.916421106929,1045.34364494521,1136.57580553638,1465.66052630709,3123.92582677651,0.999760981072689
"N_all[21,2]",382.218956368109,1.45130328202678,58.9849294834123,295.317729655276,338.86678043235,372.028864746193,414.054530437348,523.181831768454,1651.83161632797,1.00080057984595
"N_all[21,3]",155.029298729139,0.433988750227341,23.3033135732205,107.970448385743,140.502222831627,155.007794932774,169.185164213743,201.886407195929,2883.22419908205,1.00014015187694
"N_all[21,4]",286.609859082296,0.83228780066612,35.7860800215752,227.626687691996,262.203265910208,283.134907180585,305.521980621479,367.746169724105,1848.76282401704,1.00353417370468
"N_all[21,5]",190.353360063131,1.99571266469242,57.5930301998843,92.6926390227064,143.144479500636,187.621089116637,237.420654519975,295.05935344174,832.805973352655,1.00346927478911
"N_all[21,6]",97.990258318025,0.527950111201661,18.0966347308879,70.4927235548137,86.166534242673,95.2667696246358,106.578570144547,142.69502662297,1174.92425565847,1.0012156839577
"N_all[21,7]",267.203370363121,0.594127093460451,32.7432714226675,203.250405367976,246.31457634363,266.94020424486,287.647732531507,331.5990081001,3037.2841316776,0.999652330823042
"N_all[21,8]",125.731047616451,0.325109882629474,17.3450347002799,95.4514621265909,114.229476622535,124.326148468041,135.800659856368,164.613035758197,2846.36115233417,1.00021109981535
"N_all[22,1]",1743.02658548591,32.0900713652017,1459.0080900088,437.136014279401,1006.22743835938,1468.95550877319,2094.30337140156,4829.00449237193,2067.1597213558,1.00153881659388
"N_all[22,2]",514.6307804953,1.38115734899504,62.3192067846908,386.21338144215,475.429644017676,516.078959565732,556.089657373383,632.036595256463,2035.90503568608,1.00334600555595
"N_all[22,3]",213.545176810342,2.88392153703159,95.8059837125759,83.3721399694191,153.323685463724,197.289626402653,251.925721088876,456.103863668741,1103.61701668769,1.00455291491662
"N_all[22,4]",413.190618947675,1.38357528889422,58.2345297152275,289.41896959152,375.509715677704,417.473864990524,452.774976454613,520.884685868534,1771.5587184639,1.00155004826014
"N_all[22,5]",193.502078146772,0.494962708092394,27.845768760311,140.230499189004,175.948659199795,192.494251706676,210.540591139469,250.219429228866,3164.99819195241,1.00175762508922
"N_all[22,6]",231.475280027065,0.519334647140921,33.2890442758531,172.723496588071,210.637260181656,229.206572512971,249.876765427988,308.443507152093,4108.73431336323,1.00063799959093
"N_all[22,7]",287.479563907574,1.2223792262551,51.9881271381501,213.435258110671,254.338559204205,277.706508640177,308.728075744037,419.69443088234,1808.82446493075,1.00041694956805
"N_all[22,8]",136.739276275699,0.749339869766688,31.0470418237058,93.1051413311905,115.464449118872,130.190850337283,151.865859754098,213.472100978702,1716.65401022532,1.00105008147329
"N_all[23,1]",2567.68549696553,54.1991103627979,2559.14859109943,373.936877427378,1122.74215796789,1903.07131325371,3087.55739519711,8925.55904280675,2229.49596095299,1.00114203362321
"N_all[23,2]",514.313126349005,0.892534557179009,54.726304106518,415.107108195834,477.962338460982,511.60045357235,546.538608428805,632.311570381574,3759.60448129576,0.999465398822471
"N_all[23,3]",227.606764933882,3.57608839812314,141.449759993952,63.5822571958371,140.514169044789,196.404852510174,273.028431908175,590.685320220637,1564.54456572219,1.00180862310229
"N_all[23,4]",389.813707726568,0.773941896820713,46.275379731099,311.012784680364,359.784288383152,385.869183878074,414.708636113964,490.562239108014,3575.05944377535,1.0023197622534
"N_all[23,5]",165.80235661639,0.39940546603038,22.5518951179003,127.22950929168,151.058821704184,163.765929564157,178.409854059005,216.482938390231,3188.14509337224,0.999523861496404
"N_all[23,6]",373.900626303571,0.769544122322182,51.5591790466351,274.467120635098,343.191304209691,372.488808874235,401.925633751834,487.089448844992,4488.95174044144,0.999886333983081
"N_all[23,7]",299.373817318031,2.14022996911596,97.4537498254135,151.577722015427,233.350232410938,284.570542862034,346.708106990193,537.816603996176,2073.36721477023,1.00064287237603
"N_all[23,8]",158.390299542273,0.753195178964612,34.4674664673566,94.4651376473539,132.974579810362,158.225041766119,183.36776565968,223.808199488826,2094.13010605326,1.00028702885321
"N_all[24,1]",1884.76898899792,66.9035539554344,3242.31910955948,129.844157700209,548.126449708006,1072.94189128365,2139.8462592394,8011.48209843987,2348.62205678809,1.00097219544991
"N_all[24,2]",206.68576149314,0.438355357582501,23.318314357173,164.74909919413,191.052674542601,205.354132464128,220.024368242007,257.830158683488,2829.70829453873,1.00041816698177
"N_all[24,3]",124.658635667516,3.03292284507531,115.207561759371,23.3476084268295,61.0509524805937,94.4379344617125,148.433273883451,431.053993695496,1442.91000894226,1.00395836041332
"N_all[24,4]",172.603610197318,0.339195040690404,21.3202296789793,132.485954186349,158.875923392891,171.946740662544,185.502412671188,217.853872968634,3950.79749863285,0.999883935149378
"N_all[24,5]",60.6801551960358,0.253274440377893,9.93371246896534,43.4426205717941,54.0195771643204,59.7854618924995,66.2394451111984,83.0271461646257,1538.29788003611,1.00229549991818
"N_all[24,6]",298.189719638804,0.751531110218845,43.1832561489039,212.344653250168,272.431966181389,298.458644357315,323.266058362213,386.836931525258,3301.69419534595,1.00248376669371
"N_all[24,7]",138.083417550375,1.40553006107755,62.1285087208459,56.0744848895063,97.7073615697843,125.88390379079,163.424846564432,293.118713172319,1953.8966190004,1.00189918958126
"N_all[24,8]",53.1985105714182,0.201669681821003,9.64048916473847,38.2000832324659,46.5421616565558,51.9887557178519,58.316024191147,75.9886552982617,2285.16158927667,1.00288368635499
"N_all[25,1]",2229.71122383657,85.3004105791062,4866.18291552012,117.659102012301,538.118808965296,1132.21754344386,2392.10947907632,10020.8202128096,3254.42761304968,1.00151690917322
"N_all[25,2]",204.751337259465,0.418276291716954,24.7926033354493,159.344875754677,188.697083520709,203.090501090444,219.099433693697,258.348612342159,3513.32046901463,1.00034304361739
"N_all[25,3]",121.862952974531,3.12418484062984,128.608120193281,19.613744720748,54.4009983519021,89.2376140347829,141.38459536453,446.239278329795,1694.5849275917,1.00288132353935
"N_all[25,4]",151.213917389633,0.519128277363721,23.921253507377,114.74391482593,135.380829418034,148.027401844766,163.292254018384,206.206032214545,2123.33488642588,1.00106661851589
"N_all[25,5]",67.9523700903507,0.191537410631603,10.8877927463245,47.9911755436072,60.8200076091755,67.5288412833439,74.5638206556848,90.8381396143887,3231.2641829388,1.00051050918585
"N_all[25,6]",301.515443856062,0.691909269294131,44.2467802863689,213.870042015332,275.884154422861,300.217043512294,326.292468442006,394.673248206406,4089.45138862007,0.999293412539846
"N_all[25,7]",133.229504932152,1.66777720225816,71.35167707216,45.008881519609,86.8581503437643,118.279653712642,160.945989202058,312.570867478275,1830.34225066382,1.00111505958165
"N_all[25,8]",56.8638722041129,0.152355049844465,9.33998942884096,40.2001497138051,50.6470364236003,56.2174734061407,62.210237552133,77.421759893171,3758.19285198134,1.00024729665905
"N_all[26,1]",2627.0721017088,121.814760370556,6946.38991346464,93.4993426569105,506.823141602021,1105.28042101189,2544.69616564988,13366.542103205,3251.75999901311,1.00159117097576
"N_all[26,2]",208.458691497623,0.873633053143699,49.9933511341871,128.847812008073,174.670257347645,203.05909280561,235.171705178012,324.611170029267,3274.66128023211,0.999763396955045
"N_all[26,3]",128.215477166473,3.45941491815752,150.322330422426,16.1875267342321,52.9920320108197,88.3745055476264,146.988451260323,510.628677186933,1888.17260407721,1.00240701704751
"N_all[26,4]",153.834603530874,0.73540402215559,42.0287032848271,89.5351721575446,124.830040004542,148.489517770027,175.316533710692,251.599412975283,3266.17898450149,1.00083162526615
"N_all[26,5]",70.4581976787971,0.447829934578275,26.959256440176,33.0928544792624,52.2409308245601,65.6612028081367,83.1544900547566,136.503856293908,3624.01160351503,1.0000447293651
"N_all[26,6]",332.268399266101,2.65856616551077,156.864437038476,126.63695128385,228.140499913889,302.694291303529,400.541201741775,709.589382072565,3481.40095182177,0.999539027939029
"N_all[26,7]",135.212939561671,1.7298441019796,84.5643061774783,39.3835958816961,81.8707336299638,115.970767011633,163.600318685138,341.857222445497,2389.7928071519,1.00059758908932
"N_all[26,8]",60.3752269033875,0.317426442456239,19.2524502783412,31.2418252839989,47.0324900795037,57.517897047973,70.0590510782131,106.19506200614,3678.6275352744,0.999694759371048
"N_all[27,1]",3038.49749103431,157.221490993289,9328.26166691692,73.1501076974868,487.375339946238,1138.89984794061,2681.77752832739,15734.6221361894,3520.28332822727,1.00049658399526
"N_all[27,2]",213.251181639066,1.47487869020585,71.8722301162872,107.589639142466,164.875489741009,203.661650846957,247.924560239923,385.108137581682,2374.70485403755,0.999780036861297
"N_all[27,3]",139.562819255569,4.58385889195643,214.90552723117,13.3471371297845,50.3226637889873,87.4380425857731,154.3488000008,588.714466884817,2198.02531954112,1.00190334944343
"N_all[27,4]",158.629780717849,1.12387401034137,58.7693032745384,73.260324914519,118.136582878793,149.225954312375,186.492288043307,301.676324199073,2734.42381403345,1.00204749540028
"N_all[27,5]",71.951444659754,0.646134484419705,37.1075972614382,24.8659829733374,47.3984030151299,64.3225325396665,86.8895159916398,167.20655726843,3298.22157813525,1.00042666714565
"N_all[27,6]",371.048866728419,4.84226480597027,274.381268180378,93.9466369162812,207.074990220273,303.504915547721,454.761055530716,1025.36442574943,3210.7895928203,0.999698150320727
"N_all[27,7]",137.419016308493,1.85165455520107,96.6913100230802,33.9275298943564,77.8793951714127,112.613637986764,167.438331876461,385.498902344923,2726.81046981574,1.00023390337679
"N_all[27,8]",64.516840130215,0.506924232467077,28.5488325836281,25.3055624132632,45.1119936664252,58.8586714238564,77.4790619302983,135.278985843641,3171.68905185265,1.00057708814343
"eps_all[1,1]",0,NA,0,0,0,0,0,0,NA,NA
"eps_all[1,2]",0,NA,0,0,0,0,0,0,NA,NA
"eps_all[1,3]",0,NA,0,0,0,0,0,0,NA,NA
"eps_all[1,4]",0,NA,0,0,0,0,0,0,NA,NA
"eps_all[1,5]",0,NA,0,0,0,0,0,0,NA,NA
"eps_all[1,6]",0,NA,0,0,0,0,0,0,NA,NA
"eps_all[1,7]",0,NA,0,0,0,0,0,0,NA,NA
"eps_all[1,8]",0,NA,0,0,0,0,0,0,NA,NA
"eps_all[2,1]",-0.244035213601014,0.0266078834321419,0.996488240195152,-2.14416259539688,-0.941560021647046,-0.242204593165225,0.477511075789306,1.65548647608174,1402.56726065401,1.0007511049236
"eps_all[2,2]",0.383211107599408,0.024719160729097,0.878456995871484,-1.40557107028739,-0.21021998131861,0.393220287237652,0.973408259001831,2.06698928754838,1262.91339289746,1.00274289067297
"eps_all[2,3]",0.00267119937985391,0.0305286301645872,1.00624728630172,-1.94026562278318,-0.681451461725457,0.0174636130456236,0.692998179282545,1.93193878285168,1086.41263761557,1.0019883562121
"eps_all[2,4]",-0.454140613817079,0.0295078038421984,0.889137164208523,-2.18611832836751,-1.04454913435176,-0.473873559756752,0.118441248958576,1.31940159402111,907.953800999057,1.00013806090942
"eps_all[2,5]",0.72845800599868,0.0231863175393831,0.864416102398832,-1.04714039334213,0.195206461283103,0.754831205770109,1.32066656517534,2.32852946024048,1389.89546577575,0.999651528673535
"eps_all[2,6]",-0.756842392345779,0.0198642358840021,0.812816650664273,-2.35059305251953,-1.31726752107928,-0.769096964282397,-0.225293032067666,0.879076014298806,1674.3315302436,1.00279116552883
"eps_all[2,7]",0.409929986704651,0.0170026318489253,0.920770079159663,-1.3721347000586,-0.216892277444219,0.433205423382933,1.04005448023337,2.18554137122337,2932.71657607236,1.0009525752783
"eps_all[2,8]",-0.0550554687342311,0.0176009259730943,0.964114373713895,-1.95293442786802,-0.681588043901084,-0.0646597717718541,0.59242534423716,1.83522351895697,3000.44784889273,1.00152617615875
"eps_all[3,1]",-0.244808711985266,0.0244053817530921,0.974552351093162,-2.17730758688438,-0.902889464600327,-0.235605136553168,0.396999823709497,1.67184498355367,1594.55365145184,1.00245589567874
"eps_all[3,2]",0.710555405867973,0.0275483267189831,0.868931884566963,-1.04328155705292,0.13075218612117,0.723886717948472,1.24598786910461,2.47430668874517,994.903633574109,1.00309170897322
"eps_all[3,3]",-0.0623531563912351,0.0291809247442872,0.97190158403672,-1.97990352431321,-0.714161715993644,-0.0504864609274177,0.59613843818292,1.80735841491854,1109.29352691459,1.00340710829332
"eps_all[3,4]",-0.208395390004625,0.024121995060769,0.866921407856587,-1.79841657037414,-0.816568808484058,-0.228580755133334,0.348505214781394,1.57312371674466,1291.61478232112,1.00054086570118
"eps_all[3,5]",0.431351079040952,0.0198370544551234,0.825433792053841,-1.21809540107417,-0.111893040119675,0.442968176884076,0.982159232687812,1.9996999899105,1731.45064915613,1.00130933428005
"eps_all[3,6]",-0.787023241144942,0.0184916993620379,0.826640199093198,-2.4443920834227,-1.32637766436843,-0.788938252902177,-0.257769609746096,0.888293373312173,1998.38607041692,1.0011268177741
"eps_all[3,7]",-0.0750264163934659,0.0172147338894763,0.933285369452737,-1.88604249754267,-0.696042042348241,-0.0914919118046349,0.5344835936099,1.79066560968586,2939.19424189169,1.00035846426904
"eps_all[3,8]",0.361777212170414,0.018607474412716,0.995426839154388,-1.67763156974268,-0.284397935463113,0.386456658907579,1.03370471609858,2.19657463683253,2861.82999677007,0.999751129113044
"eps_all[4,1]",-0.0103311157387401,0.0184875584067435,0.9097756038953,-1.74735076552784,-0.613134592637091,-0.0117927531143193,0.601430937598863,1.82641346199555,2421.63929724535,0.999783765722374
"eps_all[4,2]",0.0686327431317021,0.0182329608015888,0.813473676851882,-1.53353824705344,-0.458794598978414,0.0561849975202226,0.60918165595838,1.69659021408922,1990.54780372822,1.00201294622278
"eps_all[4,3]",0.0828613121469964,0.0191079818869187,0.89523105174751,-1.71750443870229,-0.512315545404433,0.0801516486826318,0.68872289321726,1.82066739125531,2195.03087502018,1.00199660293363
"eps_all[4,4]",0.429504646396049,0.0167717625879548,0.77733512835481,-1.15730484634386,-0.0749172181357201,0.456302361296897,0.952523840989712,1.90806582076616,2148.12315370879,1.0021706581611
"eps_all[4,5]",-0.284699003302868,0.0154025670795664,0.771284519552835,-1.81371571244366,-0.799358595592645,-0.290742537731234,0.226981128513344,1.2402246354916,2507.51195189163,1.00004455254026
"eps_all[4,6]",0.0670424112736344,0.0148550786403251,0.780991873715038,-1.4957704854316,-0.450630898351768,0.0834565271242513,0.59957560623963,1.55931897745016,2764.032336803,1.00195514214169
"eps_all[4,7]",-0.0748551855776321,0.016648982513226,0.89512444322629,-1.84205053041735,-0.666473364595686,-0.104634835975257,0.517031542161717,1.72123397979792,2890.62289983145,1.00129894313457
"eps_all[4,8]",0.250167359512347,0.0162537880321915,0.952139707406034,-1.65362543796463,-0.372678341001582,0.254774751104622,0.890641275202298,2.11205646719089,3431.5645336962,0.999173942020361
"eps_all[5,1]",0.292675934743384,0.0230580588841236,0.950946935769852,-1.62678721682389,-0.321158729110485,0.318780161434006,0.933662986051096,2.0726817001514,1700.85416895664,1.00011073666845
"eps_all[5,2]",-0.455196135258624,0.0223036109226945,0.840757054031581,-2.0337240805282,-1.03938146100055,-0.449997651575128,0.0939348108770459,1.26701449984051,1420.9888780467,1.00669947114519
"eps_all[5,3]",-0.100882239121637,0.0237441412225179,0.922498839064648,-1.92262700747208,-0.734281532852928,-0.0970212565882659,0.527013126596572,1.73130040105074,1509.44997054313,1.00107099812754
"eps_all[5,4]",0.163410216298129,0.0213559183133947,0.819480903163865,-1.48673711703314,-0.373353813469452,0.170543503686772,0.712385596664637,1.74220052918826,1472.45208999014,0.999984730505688
"eps_all[5,5]",-0.505334744676656,0.0173192518700191,0.797446212088505,-2.025265860487,-1.02733702258938,-0.531623098635251,0.0245142171271179,1.09420880403436,2120.04238034564,0.99929672011239
"eps_all[5,6]",0.548255596120496,0.0147947307011336,0.784891115994944,-1.0436672270199,0.0537970886162545,0.557113456879129,1.04480250702017,2.09998962590964,2814.5223264086,0.999480404231791
"eps_all[5,7]",-0.389286270984822,0.0177766357604806,0.920622238845754,-2.12887572930247,-1.02470024922707,-0.379340924214175,0.211154099708052,1.43102052245654,2682.03088991558,1.00056993871513
"eps_all[5,8]",0.110127826658806,0.0168152694893637,0.945411791324564,-1.70431959693409,-0.522944753815938,0.106036023151084,0.755939291335794,1.96724978290763,3161.07183579687,0.999479526616324
"eps_all[6,1]",-0.213229185959378,0.027902622237723,0.960089763368737,-2.08850280210896,-0.858172676308909,-0.222654000290957,0.433075338190305,1.65921310247573,1183.95075716602,1.00318821916346
"eps_all[6,2]",0.715029541715188,0.0245900866312984,0.860630333083899,-1.01235996039408,0.146939394631802,0.730947644937318,1.29520789352431,2.34125356438716,1224.93538412944,1.00059941048948
"eps_all[6,3]",-0.134109816763391,0.0284565270360366,1.00399970879491,-2.00931271072332,-0.826933122316316,-0.149099885505972,0.532462068318465,1.84542889257106,1244.81089935106,1.00437682728756
"eps_all[6,4]",-0.417188036326012,0.0286679823416863,0.890916614675236,-2.05806457342304,-1.04441005591715,-0.435099754574358,0.171183213845524,1.37970884019529,965.783674208619,1.00282014090386
"eps_all[6,5]",0.672256488378616,0.0232584103618468,0.854229068076172,-1.11325534790019,0.125332323920591,0.697993634621893,1.23984079884431,2.25578697130221,1348.9275787176,1.00214357143332
"eps_all[6,6]",-0.541688181740631,0.0200576635560695,0.853045792993417,-2.13346819927786,-1.11953012611154,-0.586185887845088,0.0225449164139307,1.1878704849538,1808.77274966171,1.0017714772796
"eps_all[6,7]",-0.666168469090317,0.0186364039905862,0.898186017134106,-2.38469048765178,-1.30506937194575,-0.683623386879675,-0.0674079474208544,1.17944618441514,2322.78143832073,0.999618387383562
"eps_all[6,8]",0.224955121232696,0.0150969867589049,0.924533001185957,-1.56658270678831,-0.394604187184064,0.228322629447094,0.842933916857621,1.99360168265324,3750.28512666661,0.999401020535691
"eps_all[7,1]",-0.0855806576408945,0.0186321536000994,0.932475518884868,-1.93092469126337,-0.692932190488345,-0.0993066463545875,0.551960724426755,1.74679953126693,2504.65991809679,1.00020115240219
"eps_all[7,2]",-0.101120328458274,0.0202421946523128,0.79712241293358,-1.61575420309662,-0.640002981587398,-0.111843936175408,0.429204374377167,1.45813522355448,1550.72521061469,1.00241429373547
"eps_all[7,3]",0.208183335107878,0.0208750326985063,0.910061387838542,-1.62249152951481,-0.397296845529607,0.225011355416884,0.822353358213103,1.93040233119353,1900.58390912876,1.00229086887176
"eps_all[7,4]",0.664416022149486,0.0168283956363388,0.808022341861257,-0.979127022517044,0.144191576402203,0.678116662840032,1.18408069271247,2.26795710833482,2305.47974435415,1.00022301537589
"eps_all[7,5]",-0.330994782969261,0.0157057036588417,0.799115641638707,-1.90592785411925,-0.865422020175141,-0.343481320393083,0.194699013198632,1.27364472029357,2588.83556038209,0.999452507970408
"eps_all[7,6]",0.220578835134722,0.0146381227186679,0.782473342241692,-1.32533279897759,-0.299376762187152,0.226338716396487,0.737502535152347,1.76945435008829,2857.3821926464,1.00087621099337
"eps_all[7,7]",0.0173301135144681,0.0141890826384696,0.880512998352798,-1.70184564440072,-0.585670932605783,0.0426508655367373,0.586419734647629,1.74904247768623,3850.90590394505,1.00017877056507
"eps_all[7,8]",-0.0672625215880901,0.0163789804434383,0.918199405076232,-1.91745851091692,-0.669337194849991,-0.073157852901601,0.554138978973202,1.69330841666473,3142.68089480579,0.99946358843218
"eps_all[8,1]",-0.0020211787901799,0.0241081240208433,1.01834209976763,-1.96125791175124,-0.713733120479272,-0.0129797527618568,0.697072270522976,1.95556133963761,1784.26995727531,1.00360418904381
"eps_all[8,2]",-0.56136965401486,0.031798755008602,0.884600713646581,-2.28019311711469,-1.17880728692866,-0.553086644160726,0.0415703028209267,1.21188485315123,773.881272920467,1.00867292366484
"eps_all[8,3]",0.362406308682138,0.0304706468356955,1.03964454982313,-1.68290474902243,-0.338995835784545,0.366494758061033,1.05731693303905,2.36611677792908,1164.14322544597,1.0066482216167
"eps_all[8,4]",0.898539226431935,0.0235405885978447,0.88502631657218,-0.906313803828043,0.323376029900367,0.920067243327919,1.50972045735908,2.57322056716445,1413.44116163734,1.00200738465842
"eps_all[8,5]",-0.867680315917153,0.0204178317484713,0.863856726684735,-2.55299087277105,-1.43385471082428,-0.881944674965838,-0.302294944488354,0.845274121318407,1790.04602392565,1.00036404854183
"eps_all[8,6]",-0.281132242860459,0.0185072829037343,0.815659550595601,-1.83748287979637,-0.831050062265072,-0.291533369491509,0.25610163661626,1.35697090477502,1942.37251514221,1.00003269248313
"eps_all[8,7]",0.270083994266349,0.0195121651359005,0.933513340598261,-1.56594089875403,-0.355949992504119,0.291832271346436,0.894103800968242,2.07330366352839,2288.91745864769,1.00115081088574
"eps_all[8,8]",-0.263499253739555,0.0156137920458613,0.933489438991987,-2.05588622239645,-0.876893624100124,-0.270172925495462,0.356907709948763,1.58669266919989,3574.39082071315,0.999649463490803
"eps_all[9,1]",0.382440479851388,0.012359478872594,0.540024506593451,-0.827489088072778,0.0807064704079257,0.392126547539874,0.715663749945853,1.41458030340426,1909.09094890017,1.00009894111804
"eps_all[9,2]",-0.151556525694653,0.0213437925954462,0.842909790271667,-1.75981946840873,-0.719738879164593,-0.1561550391388,0.426781617971753,1.4980501118822,1559.62077685376,1.0025466351383
"eps_all[9,3]",-0.067684958695838,0.0221985066362546,0.978172293940926,-1.98902703362569,-0.718443618012513,-0.0568856643766291,0.581150165429528,1.81366473359861,1941.70476770997,1.00029773874283
"eps_all[9,4]",-0.136573355990772,0.0235917283572265,0.861347084696572,-1.83052754935649,-0.705239759647819,-0.15329067960299,0.438616023998889,1.54180700519203,1333.02059225248,1.00434072914885
"eps_all[9,5]",0.150008444222785,0.02022056047828,0.838193595519636,-1.59959046462632,-0.400432188726078,0.16414234142152,0.694467388835877,1.79518872241797,1718.31308668413,1.00144593504622
"eps_all[9,6]",0.664914823506149,0.0207746362995301,0.812683460751674,-1.02995328230949,0.125111541178422,0.697917139917832,1.21421398505391,2.19640982926082,1530.29790599399,1.00012194419794
"eps_all[9,7]",-0.479523391449644,0.0199683838576217,0.927794720502163,-2.27810684446582,-1.11271486719148,-0.479757911745682,0.125256710650685,1.38532900335112,2158.8275937319,1.00283639771889
"eps_all[9,8]",-0.245023104923163,0.0177125052518453,0.98988956229097,-2.16817671032197,-0.92421185885904,-0.26611788772369,0.39390036034506,1.72523378943731,3123.29859494306,1.0009515162494
"eps_all[10,1]",-1.10247233543726,0.024694512831242,0.884364754678342,-2.80793053695078,-1.67016950493974,-1.11227076808258,-0.54392258050952,0.72548616122595,1282.51344337123,1.00202818153862
"eps_all[10,2]",0.893979274580576,0.0255170483853333,0.862629428811395,-0.801678422831434,0.341660909660394,0.906848388044023,1.4886491771476,2.5278925110872,1142.84587737738,1.00314436055264
"eps_all[10,3]",0.108683254474057,0.0278932643637946,0.965210765695277,-1.75773659502517,-0.546190869844419,0.111395308759423,0.785828118998943,1.98114313022192,1197.41757619875,1.00168817300899
"eps_all[10,4]",0.0377588901992822,0.0222618515768403,0.863477291085197,-1.64524403525517,-0.531748348488841,0.0397643471750354,0.610251447599114,1.69272754731972,1504.45525256198,1.00038785819401
"eps_all[10,5]",0.548494415193817,0.0213922289137009,0.843451964390996,-1.18161780265084,0.0249275735053848,0.570345069852587,1.08793094833974,2.1775471183385,1554.56409784839,1.00001079680278
"eps_all[10,6]",-0.696022013970396,0.0172340695882872,0.801416499012001,-2.17378669015131,-1.24545726621458,-0.708943985468627,-0.180658440185571,0.929384827782299,2162.4241047842,1.00139728751076
"eps_all[10,7]",-0.268696121635121,0.0168621219916033,0.91327795777423,-2.03791580581666,-0.890875027285046,-0.277410472260297,0.361686006712676,1.52410726623974,2933.46896572309,0.999484621020546
"eps_all[10,8]",0.119286569597351,0.0160841619983459,0.934234786699817,-1.73377836464779,-0.506832772987323,0.116122518104865,0.739733108951049,1.97897933566336,3373.76782082057,1.00050105865207
"eps_all[11,1]",-0.812243910836903,0.0155085261887206,0.821139804277035,-2.38380237116963,-1.35945944725662,-0.824108380083107,-0.267244113860028,0.832822517178135,2803.45219035544,0.999300332522419
"eps_all[11,2]",0.229679588192024,0.0163269632702165,0.767491788446312,-1.29720347033797,-0.26657169946804,0.234306514574226,0.742697843708001,1.71929802535703,2209.71693281433,0.999839580256765
"eps_all[11,3]",0.11442881745477,0.0186822896520868,0.897124647685264,-1.69356698622622,-0.482847314934508,0.105928781009404,0.725761828134735,1.84398512257153,2305.92604753291,1.00020953005101
"eps_all[11,4]",0.154974806063489,0.0170747611211681,0.825667570420021,-1.44276321982187,-0.39484977057198,0.153259738545735,0.703327924997607,1.77578344511663,2338.30512421052,1.00027981258745
"eps_all[11,5]",-0.0316539825566072,0.0173144408645085,0.804083332687557,-1.60156453053423,-0.559553724454772,-0.0230742673174989,0.502665131459153,1.52276849542641,2156.67734933014,1.00060221738133
"eps_all[11,6]",-0.345259589538665,0.0160595273628381,0.766054623296866,-1.80639565452242,-0.868019761681055,-0.3636523897589,0.159434477224177,1.18769233983989,2275.38010539542,1.00113936870331
"eps_all[11,7]",0.26581330289878,0.0168565528068696,0.898470404064537,-1.515784920058,-0.334578362430958,0.291437949503296,0.866989896257598,1.92206269875427,2840.99206604734,0.999538066656815
"eps_all[11,8]",-0.0690201571535174,0.0165004894819447,0.954643360329138,-1.9671337020597,-0.675817376818183,-0.0685580281587827,0.568739568937356,1.77994202941409,3347.25390907948,0.999239724671534
"eps_all[12,1]",-0.802572913582241,0.0255359294710924,0.892717085711428,-2.52165647632602,-1.38863054244624,-0.798952505719278,-0.193372207218186,0.965534965104311,1222.1495530588,0.999971585949136
"eps_all[12,2]",0.272674514326368,0.0326725364787144,0.928688764179365,-1.53706730955868,-0.358026319309926,0.264619501324592,0.887001370723313,2.08338988994188,807.931757625527,1.00563182052764
"eps_all[12,3]",0.209977224890795,0.0330172407077801,1.04219260218549,-1.79071416545128,-0.513508377935573,0.221170158865065,0.922598218501307,2.17894763204001,996.355724472552,1.00825773276465
"eps_all[12,4]",0.984370003853927,0.0285706608841136,0.900465720606118,-0.849954366976704,0.402625363128321,1.02336843518941,1.60364285767151,2.66909074839995,993.330558625427,1.00072246220967
"eps_all[12,5]",-1.01102879808664,0.0188931754777548,0.852883961391416,-2.64031882792693,-1.60487909911649,-1.04873456017219,-0.454812399845184,0.712839567604567,2037.83951152804,1.00152130931873
"eps_all[12,6]",0.388034965501609,0.0207799486589767,0.794001408261668,-1.1802203323218,-0.11661676368763,0.385362952082931,0.894441957022258,1.98069336520988,1460.00251864743,0.999960166020002
"eps_all[12,7]",0.170435470244467,0.0153664861275112,0.899812198672198,-1.63242434899151,-0.435293572871708,0.162745542661008,0.762800085448126,1.91630841018261,3428.898397925,1.001391305413
"eps_all[12,8]",0.00121606487240835,0.0167124180766324,0.945723177628073,-1.85911834705301,-0.640742411569452,0.0164626406409229,0.62034242672518,1.85711029714059,3202.20759165055,1.00018686423468
"eps_all[13,1]",-0.131126654264579,0.0111400902525634,0.520185047053092,-1.17245202545604,-0.432487564942736,-0.129431906200083,0.158427329095142,0.952249488581657,2180.41072437675,1.00062204157757
"eps_all[13,2]",0.237686763419498,0.0192052728533422,0.782647922032152,-1.35345638893922,-0.27567340672591,0.238265732402141,0.740291428091617,1.83823989249181,1660.70276863723,1.00180149376241
"eps_all[13,3]",0.0225054198804829,0.0247769694924928,0.898551057612264,-1.72032192465065,-0.590922733950317,0.0257082722838296,0.637565850879678,1.77296590866575,1315.19196582241,1.00167895538948
"eps_all[13,4]",-0.324217816494162,0.0191020044107079,0.812084665516906,-1.89258557727215,-0.882368444109254,-0.334730134859836,0.215432685809966,1.31392493549793,1807.3602967552,1.00072263649924
"eps_all[13,5]",0.26493925626105,0.0185817772811613,0.818584028976359,-1.37398627083275,-0.279279951391783,0.302118793533113,0.828651919158671,1.77290246123584,1940.67152402176,1.00021434031357
"eps_all[13,6]",-0.64122209056949,0.015512871840778,0.759551686758776,-2.15002222886033,-1.1440239295603,-0.64743100107018,-0.168136620607851,0.925102253675304,2397.34344532487,1.00162386769165
"eps_all[13,7]",0.131793699718427,0.0146711119031819,0.882846936832223,-1.63203117458939,-0.457207180596035,0.166973075232148,0.726128720569763,1.84741064235922,3621.1354466693,1.00005242986496
"eps_all[13,8]",-0.0417765363170711,0.0171227282916264,0.932471590804418,-1.90081722203877,-0.633337161792163,-0.0381473198198667,0.584433228036649,1.76355122934476,2965.68682612084,1.00064644978217
"eps_all[14,1]",1.24629335398551,0.0152796812870352,0.607865688275151,-0.0109047266392398,0.873381247822145,1.24872660841382,1.63563528851942,2.45895852444669,1582.65650992674,1.0004921004506
"eps_all[14,2]",0.6760145927339,0.0191129353193919,0.801745339439002,-0.87645351214227,0.146057405079432,0.679821359237258,1.21263099718816,2.24596275743018,1759.61683295241,1.00072491299374
"eps_all[14,3]",-0.514024066974362,0.0217376476852605,0.807922804782639,-2.15794194628103,-1.04299858725713,-0.504139005350762,0.00478176163884288,1.09292573676419,1381.38470330471,1.00425228759201
"eps_all[14,4]",-0.586195150588387,0.0200323973768441,0.835149644561462,-2.23793134530534,-1.14831012173188,-0.581153153258963,-0.0277641474080317,1.08090736377601,1738.05192909079,1.00053667791496
"eps_all[14,5]",-0.321512752693328,0.0211763620996164,0.836404755964285,-1.9545969019939,-0.87972704758696,-0.326405938209093,0.219407273010192,1.33803258784261,1560.02040287792,0.999883017945017
"eps_all[14,6]",-0.649008096091865,0.0190712831905882,0.831073544398279,-2.21486498080927,-1.20511478935741,-0.668960608770131,-0.107873006229682,1.05543546508944,1898.97429084265,0.999599169469804
"eps_all[14,7]",-0.236475703539991,0.0170539275843633,0.902253496967003,-1.99202288768759,-0.844336774312605,-0.257972777735836,0.355577466918411,1.60177292910259,2799.0349347126,0.999980112747867
"eps_all[14,8]",0.285843585852121,0.0168146320941424,0.940318219460965,-1.56482151814906,-0.364611242683684,0.307240858950092,0.907068533147307,2.10599693455256,3127.33901805801,1.00103324654169
"eps_all[15,1]",-0.459885622726539,0.0205735264128318,0.63457514102933,-1.60621494423923,-0.854987354618238,-0.500045383395675,-0.137206209336526,0.992551735454366,951.368204741297,1.00429177087581
"eps_all[15,2]",0.474782297442154,0.0263341500846199,0.886112671399989,-1.2301213543078,-0.126083002487871,0.471396591251115,1.06127339056886,2.24690211650628,1132.24205329756,1.00436393828418
"eps_all[15,3]",-1.12033966216231,0.0217538975957279,0.79438253260782,-2.65191381236464,-1.65606723286585,-1.13697691303933,-0.599611154555777,0.492175463783187,1333.47602718443,1.00210452359232
"eps_all[15,4]",-0.613816719529383,0.0228392294330893,0.86551127038792,-2.29472530313741,-1.2052023739829,-0.623692117103748,-0.0410603848139067,1.07042364614423,1436.09298383049,1.00168799114967
"eps_all[15,5]",-0.253098432433959,0.0241632063802198,0.874354814125741,-2.00182375620574,-0.827516947673424,-0.245822050738802,0.319677025099915,1.49677093719507,1309.38175341614,1.00355385888284
"eps_all[15,6]",0.866431979166893,0.0232707412965964,0.89485029491032,-0.97811916033304,0.265946104223788,0.897998380657008,1.50928912949519,2.5086639477847,1478.70089227602,1.00261055121626
"eps_all[15,7]",-0.221128833666933,0.0175018223181325,0.908137151418832,-1.98906735800013,-0.82996035784091,-0.217388631504939,0.364338113851662,1.59621491599939,2692.37993077315,1.00098410629284
"eps_all[15,8]",0.237006163084092,0.0158237591440718,0.941558477061262,-1.6544952732509,-0.400009677882254,0.245208652875857,0.882651222864302,2.04514143707225,3540.58697919207,1.00056844011844
"eps_all[16,1]",0.508776096098439,0.0138537514730211,0.535189167602415,-0.528875396497371,0.189339917564822,0.48285414160937,0.819946736127153,1.59963813860628,1492.38145733067,1.00275474473969
"eps_all[16,2]",0.313275369511234,0.0264453142101491,0.837177717999596,-1.30870984445968,-0.271380664935688,0.322460281661223,0.89460929794846,1.95494587829801,1002.16183284858,1.00454773932062
"eps_all[16,3]",-0.0299611768135512,0.0243844036104739,0.817477076455085,-1.77413982095748,-0.53998576609513,0.00121348134865575,0.512995851971632,1.52955914203246,1123.89797799006,1.00343651201151
"eps_all[16,4]",-0.0817294284159119,0.022073340613005,0.86484548020135,-1.80724769629308,-0.651791511367207,-0.0620892783635671,0.502420050569119,1.57536662190545,1535.11498229266,1.00201524847442
"eps_all[16,5]",-0.369898513213457,0.0201566642279363,0.854802714139205,-2.01623675554122,-0.91988141927822,-0.381991041438063,0.155645740997086,1.37385643293955,1798.43382511656,1.00022774402676
"eps_all[16,6]",-0.944416070773501,0.0255961925385367,0.939905996843475,-2.67490441613746,-1.59412455141216,-1.00965585404177,-0.341767873433451,1.02157078623278,1348.39801452175,1.00023203723311
"eps_all[16,7]",-0.340329701832301,0.0223027637193509,0.970064235063834,-2.24266257263226,-0.997760019198306,-0.346708639051404,0.305714502497968,1.64397988934765,1891.8365830003,1.00141157988924
"eps_all[16,8]",0.509241800594479,0.0172568692236132,0.962073791462659,-1.35395653095817,-0.142752660306796,0.528511490284384,1.17097441328706,2.32953567332279,3108.08403033046,0.99973215720121
"eps_all[17,1]",1.02511396514218,0.0151043701366688,0.532162514380432,0.0686505906268154,0.668240868716189,0.983539853631712,1.35359129245583,2.12108003512115,1241.3187626818,1.0024194201178
"eps_all[17,2]",-0.677308079746773,0.0247897248297024,0.792222536653525,-2.1939597772554,-1.22274931522975,-0.68334092863984,-0.157849741636948,0.885137898055848,1021.29445383464,1.00653818315102
"eps_all[17,3]",0.131065606298218,0.0184669082295623,0.750822697060164,-1.30961242539663,-0.370452615265211,0.127243194173854,0.610028616535677,1.67514962659526,1653.05157381978,1.00149047058978
"eps_all[17,4]",-0.104188880731053,0.0189653628115459,0.822628537356398,-1.7194937636262,-0.629980644609475,-0.128441207982589,0.440913179950406,1.56600877187357,1881.41772866217,1.001368779647
"eps_all[17,5]",-0.223853849374318,0.0206042552853257,0.807788462511778,-1.82331271558247,-0.762917619412555,-0.227152904943316,0.320411600261811,1.34640253697524,1537.02682685031,1.00350428342301
"eps_all[17,6]",0.350265493931087,0.0229915362912843,0.837096536912837,-1.3985898861235,-0.184857338810896,0.374884105509189,0.897551816508395,1.929326294022,1325.60797145652,1.00278594770518
"eps_all[17,7]",0.55052358214167,0.0209475951292259,0.959043429060802,-1.41881261237333,-0.0627401822899143,0.580875142517554,1.20546796418503,2.34610492657518,2096.08169572349,1.00108028231302
"eps_all[17,8]",0.193373476799431,0.0147017819014732,0.92252378692372,-1.59352619628707,-0.430219897645809,0.183268570005805,0.811723009823325,2.03455858019772,3937.45129399927,1.00064733779224
"eps_all[18,1]",0.392108500081174,0.0114825540983448,0.515072059705393,-0.633595310268139,0.082514109346589,0.37815311617416,0.688364966898498,1.47029125459486,2012.14365566582,1.00150378200575
"eps_all[18,2]",-0.528423106871043,0.0244478259667926,0.81547311217465,-2.15712819765433,-1.08465028808289,-0.529420463995465,0.0309386067403769,1.10321510132125,1112.599348626,1.00995242455389
"eps_all[18,3]",0.823732204092842,0.0238376635996346,0.847970973453624,-0.944433153530399,0.283270064500963,0.86365523912361,1.39752033880613,2.39305874343636,1265.41972371144,1.00291823549212
"eps_all[18,4]",0.365090959961829,0.0216664018989147,0.813203324258401,-1.26741947065674,-0.185434350999646,0.382184251879558,0.914397515897065,1.87645846410222,1408.72006674488,1.00267406376122
"eps_all[18,5]",-0.441133413613773,0.015775192371446,0.794671817062626,-1.92638884547009,-0.995312988657903,-0.462609480274819,0.0933908437227318,1.15467096436659,2537.61828054301,1.00108979576812
"eps_all[18,6]",-0.725894747442092,0.0180812512156942,0.784364418517391,-2.21294892635923,-1.24846952679343,-0.735399298863,-0.208155496084172,0.848331408680807,1881.82315617716,1.00262527146892
"eps_all[18,7]",0.196323089747514,0.0153959395985332,0.887842911876972,-1.57466238872061,-0.379013582195071,0.189206600491787,0.77542901897234,1.97518705258626,3325.52231564328,1.00045604816798
"eps_all[18,8]",0.162587683041983,0.0166793430282635,0.95299299948382,-1.70113209446797,-0.479706249227426,0.175919484014455,0.819165603376149,2.01077593148995,3264.53658340945,1.00198742621198
"eps_all[19,1]",-0.994648221478816,0.0242846089240258,0.732897420232363,-2.2229212364287,-1.4759779820232,-1.09503278361188,-0.625196240754343,0.759353033991828,910.802382327721,1.00326590313022
"eps_all[19,2]",0.080701580313387,0.0210312203641918,0.827559536849232,-1.5783403408201,-0.462549098667032,0.0947304981952465,0.656355137650061,1.59863373975116,1548.35145982504,1.00339780680938
"eps_all[19,3]",-0.67186952661617,0.0300167059991254,0.847477020841667,-2.22895845932899,-1.2653047419065,-0.694562767045932,-0.129751662478028,1.04168542958668,797.131184456421,1.01055814532427
"eps_all[19,4]",-0.298298212575459,0.0182761540257875,0.804363408300763,-1.82371312320055,-0.847901873790623,-0.316506027650675,0.252903741577609,1.29874955078992,1937.02395812691,1.00033980316238
"eps_all[19,5]",0.444230981779927,0.0189336044107519,0.819647365731208,-1.16886021252547,-0.0856881656775216,0.448544906442899,0.981285676444608,2.05577449344052,1874.07728590692,1.00044339671121
"eps_all[19,6]",-0.470409256782791,0.0183870956484838,0.790184403282295,-1.98852733723549,-1.01278030522616,-0.473796189629791,0.0546633902736046,1.05091338574043,1846.84579995832,1.00163065782544
"eps_all[19,7]",0.584834382492973,0.0185114217278084,0.912021129978754,-1.25138640418487,-0.012904969155025,0.594716814392332,1.2020449390089,2.35799278482854,2427.33797604608,1.00082916890209
"eps_all[19,8]",0.0835881040282048,0.0174843375378108,0.962053899072068,-1.75682967803564,-0.561390075112697,0.0791847924588095,0.714664714958884,2.03387332086053,3027.6135768772,1.00045317782697
"eps_all[20,1]",1.52768931953832,0.0210659146128941,0.722044420114217,-0.0526537922880922,1.10999566067459,1.57608167790944,2.0101785499255,2.80706731531043,1174.80880621522,1.00237093638813
"eps_all[20,2]",-0.692850675867458,0.0186376640681305,0.795092001194976,-2.26295272619913,-1.2228483841579,-0.682533318348392,-0.162427618971018,0.855597363329341,1819.9179545231,1.00098062462366
"eps_all[20,3]",0.153443139773008,0.0199943644292786,0.784031897158485,-1.39837881024142,-0.351384483844538,0.141532627319839,0.675292366952591,1.70634343893853,1537.63146040206,1.00042223919473
"eps_all[20,4]",-0.179296138839377,0.0183528289532311,0.804974027296553,-1.82113838190785,-0.719556536214263,-0.172961541477178,0.357831238632775,1.34841206595383,1923.79017250111,1.00084068849911
"eps_all[20,5]",0.32824340915867,0.0226644368921551,0.857805719412841,-1.35119577976694,-0.248906800967612,0.312708678875142,0.891148478861974,2.11754197802985,1432.47815751669,1.00111949947439
"eps_all[20,6]",0.633974728465376,0.0187443161329448,0.815640276418344,-1.01756559711363,0.118316326373668,0.646364486654031,1.18877924975341,2.21709484002011,1893.46867983386,1.00172547040908
"eps_all[20,7]",0.0113267650388495,0.0200331856575846,0.953008446916188,-1.89119098508533,-0.629507179465243,0.0205448625377184,0.643181995558589,1.85833278594819,2263.04645060921,1.00071194977836
"eps_all[20,8]",-0.532329216071392,0.0176938577666523,0.980070477866243,-2.41900816533618,-1.20886182112887,-0.542610016441658,0.105398780265079,1.39702813060522,3068.10028537731,0.999861086865618
"eps_all[21,1]",-0.452070814862923,0.0178328389953513,0.599139041789347,-1.55870327286627,-0.82604177375567,-0.501952578320031,-0.114957609077844,0.888052928905617,1128.79288662842,1.00073628394703
"eps_all[21,2]",-0.51015517528564,0.0258808801257243,0.886200823783886,-2.28016358841467,-1.11405739749874,-0.519358658941792,0.0706658016869976,1.25862739938909,1172.48208708037,1.00410104746532
"eps_all[21,3]",0.489940656481992,0.0221897799052856,0.814759037832706,-1.18531036961498,-0.0229313285086798,0.505483542620965,1.01526528311726,2.08319493935616,1348.19398154973,1.00255890713134
"eps_all[21,4]",-0.385857896551104,0.0238101440905499,0.89977430597373,-2.11865965557113,-0.985489715275227,-0.386975815325561,0.216309391513153,1.39610402964787,1428.04905870707,1.00162035316213
"eps_all[21,5]",1.17124245360552,0.0274681575537363,0.905178277719203,-0.695843649422092,0.598624574781814,1.18962850643852,1.79920116412626,2.80668580453868,1085.94839312544,1.00288091148893
"eps_all[21,6]",0.349394668054439,0.0177173111536693,0.814499464481138,-1.22681865266554,-0.183302530797198,0.338911314995399,0.888768772921583,1.93297308678811,2113.42081987014,1.00232928576155
"eps_all[21,7]",-0.210632357393631,0.0193875352131503,0.94361867324923,-1.98722054202462,-0.872553086212325,-0.217139390725664,0.422450010414586,1.67624913552771,2368.90614134909,1.0009053559083
"eps_all[21,8]",-0.346472792680584,0.0162625366902898,0.958382185266403,-2.20538702025388,-0.998425718041275,-0.38463330566624,0.302962445622458,1.57108584204506,3472.96883244909,0.999443462989753
"eps_all[22,1]",0.0946691736329855,0.0244889198066453,1.0425885757139,-2.00333623475676,-0.603246584277457,0.123804606376736,0.80206940104418,2.05586528691491,1812.5361015506,1.00170591033451
"eps_all[22,2]",0.223849794913788,0.026398119809143,0.950238281098048,-1.65275834140493,-0.424905468783641,0.23900254708527,0.867077709262988,2.05302056661609,1295.74354342888,1.00039275228389
"eps_all[22,3]",-0.0240806489650733,0.0343717171399495,1.10789813826976,-2.18328910281452,-0.801138871761197,-0.0119694620428481,0.755816444545204,2.0779631053575,1038.95612295716,1.00565823032892
"eps_all[22,4]",0.457458316316261,0.025838736354178,0.964372411818926,-1.49723310400461,-0.172358398400528,0.462338976887773,1.11824731835621,2.27507524585856,1392.98684294381,1.00059287924187
"eps_all[22,5]",-0.356696744848648,0.027978331552881,1.0050912882104,-2.24644518541954,-1.05680736645987,-0.416781344997373,0.302464329982976,1.75206543074796,1290.52788377194,1.00438908116952
"eps_all[22,6]",1.15162498438957,0.0216823795072539,0.877466365151004,-0.630312018929459,0.604383780154503,1.18582806584837,1.74265967317414,2.77522645536071,1637.7479825186,0.99973623754489
"eps_all[22,7]",-0.52934291774963,0.0209620213335365,0.959058028220147,-2.39057389256162,-1.16657830270145,-0.576589889277631,0.108438663776272,1.42383910280999,2093.26134181088,1.00125384893205
"eps_all[22,8]",-0.251236876806251,0.0173461070306427,0.97842780887448,-2.15727142857972,-0.899943890551271,-0.241548432243609,0.366981514771264,1.69006282710889,3181.65826995004,1.00005183192222
"eps_all[23,1]",0.39843974538301,0.0212416639099327,1.03191213305951,-1.64997577532482,-0.28753417036525,0.418788869802688,1.09441456558654,2.36552430097549,2359.98026674497,1.00101766324539
"eps_all[23,2]",-0.217885298720215,0.0201102895051792,0.895543393514524,-1.9572221738161,-0.810569810981477,-0.247880059322619,0.371827438211624,1.5889349253303,1983.06351098654,1.00173845059688
"eps_all[23,3]",-0.334258258091689,0.0269353792969288,1.04070689358263,-2.29928259213804,-1.04966656934866,-0.359519454313437,0.350977864636305,1.78842651441909,1492.83109114709,1.00128217055735
"eps_all[23,4]",-0.262147140943659,0.0229560085528259,0.903829652197541,-2.03460945260353,-0.867276515881111,-0.261697756028058,0.314833558642451,1.53817290405846,1550.17387952511,1.00165648968718
"eps_all[23,5]",-0.576217752637691,0.020861064435469,0.875569713330521,-2.21385328173563,-1.16085444819057,-0.607058402251759,-0.0333122721208623,1.25099058089888,1761.60499093819,1.00113380174457
"eps_all[23,6]",0.74122472607169,0.0193137463058616,0.870167510006926,-1.04521861448669,0.181528422926591,0.735801411629737,1.33198785945856,2.40679150425324,2029.89083409258,1.00285811036141
"eps_all[23,7]",0.034126100012311,0.0200058408547962,1.04787001443515,-2.06141536982539,-0.663247354273351,0.0259219385303098,0.739908350074004,2.07836584869863,2743.47625924583,0.999810575467095
"eps_all[23,8]",0.413467792728927,0.0201207986727708,1.03404236755856,-1.63990701623126,-0.319887613196669,0.419894322303234,1.11083707745153,2.46115199304601,2641.10845541448,1.00150356281316
"eps_all[24,1]",0.386164953386427,0.0232011622077942,1.03383748815316,-1.6660006539762,-0.272648831629418,0.391581439068087,1.08954166325797,2.36502913619222,1985.56940126413,1.00127585524268
"eps_all[24,2]",-0.771315191214813,0.0254811107944884,0.919461005558416,-2.5028187538116,-1.39071250757718,-0.787089176746591,-0.181026460737153,1.09620115061912,1302.05676566779,1.00275782590423
"eps_all[24,3]",-0.0584515179784908,0.0273637147353505,0.993398359245779,-1.97066103193058,-0.739755055397255,-0.0664342447941594,0.603560209613044,1.89419721900507,1317.94342594966,1.0040705559837
"eps_all[24,4]",0.0438514683851121,0.0254810072727157,0.897780620399281,-1.75627190272506,-0.53816809975571,0.0487601927433818,0.653345563305198,1.76475479885338,1241.3872177465,1.00091450313354
"eps_all[24,5]",-0.417598995394128,0.0228243983758408,0.890269334275064,-2.12148966337022,-1.02819168984959,-0.41663981146503,0.155319020368129,1.35927936340482,1521.40258770261,0.999570706878439
"eps_all[24,6]",0.957731110850134,0.018556165624271,0.851181287863265,-0.738537023022186,0.384829854127161,0.975378748524067,1.53361836213068,2.57111149062351,2104.10619441628,0.99992931589327
"eps_all[24,7]",-0.00168983275496516,0.0164136861696401,0.999695277820066,-1.95999731649421,-0.679512915560252,0.00390497150661744,0.671542664632025,1.91923914628891,3709.56538571682,1.00216205948237
"eps_all[24,8]",-0.352071190005846,0.0177130260196942,1.00767181614533,-2.30449729948777,-1.03843781391098,-0.363390103523599,0.333975790372563,1.62828199873769,3236.32928026378,0.999845088862023
"eps_all[25,1]",0.112537440817389,0.017131617119566,0.913948568720683,-1.6925172746739,-0.475695288237494,0.106061610971884,0.711816487135904,1.91381198365227,2846.07797772618,1.00081757373873
"eps_all[25,2]",0.018241103065164,0.0177217251384663,0.854308459283958,-1.69684911729688,-0.564846579614715,0.0311426431920134,0.591023174331506,1.64888769695815,2323.89991791817,1.00140263274696
"eps_all[25,3]",-0.222838711803825,0.0211983601336893,0.93413845088806,-2.00588350086052,-0.850414248872555,-0.249657899502876,0.394542807832761,1.63563037649975,1941.86022247843,1.00125915477516
"eps_all[25,4]",-0.532050940254676,0.0158549231218479,0.843996948475862,-2.12398133112999,-1.10496010417734,-0.527393076866262,0.0344046910968279,1.21763320764548,2833.69740029075,1.00033194366298
"eps_all[25,5]",0.254561058941268,0.0151122719834095,0.833905977334888,-1.43114005134339,-0.27789499240548,0.263089735691308,0.799783025109082,1.88805165874477,3044.91133723828,1.00059570870454
"eps_all[25,6]",0.164704882835379,0.0154178058309297,0.816783430516531,-1.45244244939689,-0.361669256844916,0.176306764782067,0.701148520520034,1.74951404055873,2806.52357080169,1.00028813937699
"eps_all[25,7]",0.00562656091095304,0.016124564806185,0.996818956690895,-1.93683726102831,-0.654871655975206,-0.0106397895574667,0.684043824606642,1.99390467129713,3821.69982766858,1.00005916133148
"eps_all[25,8]",0.111850500928459,0.0148367749178118,0.935513828964417,-1.73492792799693,-0.511980277392866,0.103293445220333,0.745668284367202,1.92219018214254,3975.77141539252,0.999383679298444
"eps_all[26,1]",-0.00555377555222204,0.0159044234503662,1.00006978569016,-1.97471756402266,-0.663199023171267,-0.00374238493268888,0.669647947237119,1.95543421178701,3953.89154652585,0.999990199101127
"eps_all[26,2]",-0.0109590377131233,0.0160537092266341,1.00365460885245,-2.00074287437407,-0.703395205305177,-0.00771407047579428,0.672549058516093,1.95364406737793,3908.5689841394,0.999809890605445
"eps_all[26,3]",0.00144032230805821,0.0159773986726422,0.993370912305458,-1.94081737729322,-0.652412472638502,-0.00693633752086686,0.682215802882807,1.92446988096947,3865.54500451139,1.0004823395843
"eps_all[26,4]",-0.0103043707597429,0.0161009104055331,0.996731299913202,-1.96444797088428,-0.689925829809005,-0.0231188287865942,0.661455658974974,1.94572156822146,3832.26317669998,0.99922633352357
"eps_all[26,5]",-0.0278254101896386,0.0158808020571331,1.0127305824986,-2.0417710054749,-0.697973935589242,-0.0291703016461559,0.649752085138048,1.95049810023791,4066.70795092489,0.999647976500475
"eps_all[26,6]",0.0139403711571519,0.0158251104847779,0.999946910360644,-2.02724419867494,-0.641555037408211,0.0260564521729236,0.676115688009018,1.93015302255621,3992.64212133609,0.999687500831033
"eps_all[26,7]",-0.0035736801585566,0.0153966130358972,0.992583512916736,-1.95877167995685,-0.669677991692173,-0.00459540364329677,0.651891564265092,1.94598069431035,4156.07833644834,0.999987623784134
"eps_all[26,8]",0.0166898849520213,0.0165772062447305,0.984373256780317,-1.91132861286491,-0.664009990401388,0.0146755281085586,0.689517005304577,1.89708260289952,3526.11872706333,1.00010515345293
"eps_all[27,1]",-0.0100857882140764,0.0168173170184885,0.985165647064869,-1.94623945443463,-0.682409639843305,-0.00110612201854189,0.657554366247486,1.95096835849971,3431.66667222397,1.00040901763864
"eps_all[27,2]",-0.0123663020713542,0.0160398647742747,1.01418872572533,-1.97765661507527,-0.715897905930823,-0.0312723659119435,0.685513744408653,1.98067813818513,3997.93889084626,0.999401152404314
"eps_all[27,3]",-0.00430735331764016,0.0158816451688563,0.999505027243332,-1.91593462156467,-0.684754715800977,-0.0210546885113985,0.671128952204991,1.93415853514766,3960.76420368404,0.999759417779113
"eps_all[27,4]",0.0317510375917094,0.0161250071106401,0.995764478145667,-1.90980302958875,-0.627678278787405,0.0365067930658639,0.686302220640744,1.95023162481483,3813.40937281199,1.00111909853453
"eps_all[27,5]",-0.0227899091749298,0.0160137988195912,1.006598686742,-2.0043932258693,-0.706297084237253,-0.0174997891576649,0.670134301302988,1.90761054758667,3951.15423187541,0.999773007690625
"eps_all[27,6]",0.020803222737909,0.0154269975369882,0.986082370053596,-1.92147544460334,-0.647128291346257,0.0408781801693624,0.687028473150729,1.93732220115552,4085.67265634914,0.999484557127219
"eps_all[27,7]",-0.00237425608314854,0.0156509860117246,1.00396294411365,-1.93234738223031,-0.686846869965083,-0.0177705366007279,0.695075709690918,1.93815722807145,4114.83059565326,1.00054297818311
"eps_all[27,8]",-0.00382577382740749,0.016085167981083,1.00045323521989,-1.94714220344906,-0.676759268332596,-0.0102463546367432,0.681493889099064,1.95589260599621,3868.49807003133,0.999952221945216
"lp__",657132.926477102,4.16000195056694,41.399621366452,657061.950656782,657101.696902646,657128.716447616,657161.586012008,657217.258686762,99.0388684594262,1.03975444915793
