"","mean","se_mean","sd","2.5%","25%","50%","75%","97.5%","n_eff","Rhat"
"tot_var",0.222726599823328,0.00183058410225491,0.0668867197734299,0.130260492614332,0.175435188098876,0.21009393775871,0.255422919467808,0.387007942756733,1335.05889057159,1.00073506878387
"var_props[1]",0.318910790179912,0.00543419643893266,0.110241812117436,0.132359307661048,0.240920455614795,0.308185313287478,0.385571988322177,0.563742643846719,411.549444433596,1.00406150881504
"var_props[2]",0.169609590689365,0.00222646624028665,0.111170024408359,0.0192008910378321,0.0846403367064738,0.148278253213216,0.233098556460038,0.432378363556296,2493.11994640437,1.0003586206521
"var_props[3]",0.0519921779299126,0.00156202244246154,0.0540088469748184,0.00319380628381894,0.0151491554089181,0.0335597239985939,0.0700532028837082,0.20378203280354,1195.51566946285,1.00516964046474
"var_props[4]",0.193672112784867,0.00283546115458599,0.094413505758862,0.0491175627002504,0.123599671875824,0.181901126716109,0.248157452365367,0.403548509443741,1108.71735195625,1.00017801157687
"var_props[5]",0.265815328415943,0.00536102604413592,0.0995804679253919,0.0972372722855971,0.192560619993018,0.257761995821057,0.33202341389592,0.481894681721812,345.026530670784,1.00517179207314
"nu_prop[1]",0.540733243465179,0.00292838443186787,0.229433643401218,0.109622026139699,0.370660564092712,0.550515857744059,0.723463260060401,0.932806587703492,6138.44013590001,0.999565579456919
"nu_prop[2]",0.675696075884931,0.0066322669569605,0.23813234957918,0.157212792334314,0.508080043406276,0.727328743286693,0.876479551961398,0.98382781809133,1289.17773551933,1.00477013652252
"nu_prop[3]",0.497072309388369,0.00472736617769131,0.22039005079909,0.0992150205039094,0.326922292812194,0.496460660116869,0.666742565396352,0.894513363287008,2173.42912564647,1.0002529899967
"nu_prop[4]",0.445226569501309,0.00608457675975229,0.195179945670769,0.0960414897205766,0.29874465505569,0.442768956967587,0.583223817261715,0.837641205594341,1028.98640515702,1.00294806964057
"slope_mu",-0.00294999781834339,0.00709978432345767,0.283780534522964,-0.591569256994098,-0.151180077017959,-0.00879719996442776,0.150615155077366,0.57998151012721,1597.62516559573,1.00054698579348
"eps_slope[1]",-0.0715141926607664,0.0108082099965513,0.503185710987833,-1.14081004746199,-0.338923828371723,-0.0556066768824138,0.188814572703567,0.961712506418298,2167.44981933936,1.00021672542625
"eps_slope[2]",0.145870847060366,0.019179247481022,0.726807895278826,-1.28146324609502,-0.230995004656171,0.0917213848461637,0.474063963784293,1.85193440257923,1436.07177482223,1.00828844578658
"eps_slope[3]",0.160038159346974,0.0128241798961623,0.575839974172295,-0.899720788914198,-0.147887225791094,0.114386557941868,0.423985403912055,1.4125220917681,2016.25016720723,1.00039450162233
"eps_slope[4]",-0.0544851978926227,0.00958208842147238,0.481384079673681,-1.0727003316573,-0.305488297165246,-0.0438566434196602,0.201129539988,0.912869323519408,2523.84743280512,1.00216759384111
"eps_slope[5]",-0.355488657975965,0.0125783992754995,0.566940540552136,-1.66267393241706,-0.660996342369056,-0.282687305126579,-0.0166030126823707,0.682326373978235,2031.53483722751,1.00191597055824
"eps_slope[6]",0.172090978860324,0.0110834770598213,0.514670346859841,-0.833216736823657,-0.118169586532903,0.139052295859794,0.439416462174185,1.31036654144374,2156.28538859003,1.00020183503168
"eps_slope[7]",0.149781111243451,0.0101574927122853,0.483639440794021,-0.834052942379838,-0.107003715496736,0.116667730728568,0.392077336770202,1.19862503301414,2267.09845975782,1.00068946283042
"eps_slope[8]",0.136240838535511,0.0124226142925133,0.525894031848752,-0.856123288548117,-0.160499362008701,0.0864370429228284,0.38867341626305,1.36748186283916,1792.13401225804,1.00097458051432
"eps_slope[9]",-0.0607663554513294,0.010608535398081,0.495701717230797,-1.11235506936041,-0.320449740070644,-0.0351847740600785,0.205211380323563,0.980828625266493,2183.38331460942,1.00041171560809
"eps_slope[10]",-0.294024714742949,0.0133076969925313,0.567622043939817,-1.60519125632326,-0.592593896941129,-0.226939077498356,0.0390288135003583,0.749956423783079,1819.33510266798,1.00358688340458
"eps_slope[11]",0.140602992291019,0.0144552192724452,0.577269114104526,-0.940443666571577,-0.164811914002086,0.0996310125990274,0.410356680549488,1.43056876479584,1594.8038518154,1.00237840818726
"eps_slope[12]",-0.0699049914644578,0.011491329762366,0.547993199493263,-1.34237518372849,-0.330830366207837,-0.0412464779144539,0.2197674173471,0.994332296972367,2274.10107118114,1.00047050973424
"eps_annual[1]",-0.310026068817174,0.0119423688365945,0.583172234496907,-1.53399336399856,-0.662525126110123,-0.278561256388506,0.0546696559109528,0.812107113088241,2384.58450099134,0.999784793673731
"eps_annual[2]",-0.826854926014482,0.0152987538145164,0.724698258206217,-2.40414332888977,-1.25603332399571,-0.774809286399932,-0.326461853441691,0.428965107010618,2243.89392536342,1.00043583157436
"eps_annual[3]",1.119231226891,0.0187057557145506,0.831753147189714,-0.309193347497701,0.540012178191485,1.05920686822604,1.62639000131957,2.99116492891145,1977.14439902217,1.00045701843993
"eps_annual[4]",0.168497320903948,0.0106821992017427,0.555418146538342,-0.892907013036915,-0.173125614678504,0.136953103118777,0.509732013606367,1.33455386404604,2703.45275807656,1.00071099596559
"eps_annual[5]",0.355655686026259,0.00967891619145893,0.518013294810549,-0.596937504632156,0.0249760613251712,0.319886635623418,0.659879168699356,1.50699433181869,2864.36496684545,1.00025898958868
"eps_annual[6]",0.516952588145207,0.0130338713368194,0.572250936854875,-0.464135817723215,0.146855201052901,0.466764297273286,0.823769087965236,1.74898050383354,1927.64104705899,1.00050321885164
"eps_annual[7]",-0.211647726068046,0.0100661829421929,0.506241664000259,-1.28521903074961,-0.498989786247382,-0.190644305008209,0.0953392864371726,0.754941512910734,2529.21723181439,1.00110364316747
"eps_annual[8]",0.341673429271603,0.0107308692066704,0.552361627672167,-0.693862993427884,-0.0132285813035097,0.316659856747044,0.675199374613844,1.51146761714038,2649.58098531913,0.999939514554121
"eps_annual[9]",-0.15582557643731,0.011209459225519,0.552979222737356,-1.34218116365507,-0.473157387318347,-0.115067112165908,0.191833449856665,0.874907267789042,2433.59499946355,1.00083955071493
"eps_annual[10]",-1.4508759111308,0.0224155305299066,0.841817846284188,-3.43726394640987,-1.88905792801107,-1.36323681664274,-0.890226813414411,-0.0780969891212739,1410.38672782827,1.00214199880143
"eps_annual[11]",0.0588740716953722,0.011773445829958,0.579232781142412,-1.12651909930281,-0.28261216345863,0.0635373066408924,0.415264230656957,1.23966093884971,2420.46654809039,0.999779718899937
"eps_annual[12]",-0.582842491762434,0.0119115176358182,0.590507944617913,-1.87743177695992,-0.936734102993539,-0.530493374674195,-0.184747858800528,0.429277432140027,2457.63449281395,0.999740075135566
"eps_annual[13]",0.267843249591766,0.0118460375788644,0.552111305689641,-0.787717257670874,-0.0856541457374128,0.245135735144385,0.607224467833746,1.40458476730382,2172.23630922047,1.00062009631956
"eps_annual[14]",-0.511725656567406,0.0127988132763409,0.59125204203863,-1.74448209647268,-0.858049399958923,-0.478890551550856,-0.122977319134375,0.577279048898422,2134.05643989423,0.999549995520134
"eps_annual[15]",0.279735914233443,0.0107429654501131,0.510283310897707,-0.716857614579358,-0.0384140101646988,0.258518831501015,0.587277191179168,1.33963876666373,2256.18325371349,0.999703254764984
"eps_annual[16]",-0.184560250127145,0.00971360696924003,0.522487869614561,-1.21986948458058,-0.512978875185337,-0.174328687008393,0.141355345407672,0.863967141273666,2893.28602865431,0.999826522897892
"eps_annual[17]",1.0581100634611,0.0163001550867029,0.790665946264789,-0.310882239466397,0.492067712899942,0.986288362635655,1.55807234969641,2.7697740292686,2352.89526401424,0.999992030239046
"het[1]",1.20551506704159,0.02410046062568,0.893053072870547,0.0613175527589648,0.543161727835637,1.03825314423044,1.6640082479562,3.45269004180797,1373.10532664913,1.00024352864077
"het[2]",0.70540047445715,0.0164450135341268,0.693527144809194,0.0169199235762334,0.21324781285736,0.502946368575335,0.963611154423074,2.55842421458305,1778.518789662,1.00237618324854
"eps_sigma_rn[1]",0.74521953948293,0.0150333125265393,0.861110186491187,0.0834411847270244,0.27742730171885,0.481783757922249,0.898945584915598,2.79769956636017,3281.01398353537,0.999500966448956
"eps_sigma_rn[2]",1.5892466395232,0.0303885246227193,1.80109031796344,0.158344457570641,0.571433904480793,1.05652252340889,1.91633843903197,6.48940575911096,3512.78647889121,0.999571234297898
"eps_sigma_rn[3]",4.00287485696959,0.0714366493735611,3.34287392230906,0.592183279524143,1.94005071267057,3.12920903757205,5.12532297181282,12.1478306176448,2189.76667303038,1.00048867077868
"eps_sigma_rn[4]",0.579549389201425,0.0133406356674017,0.641983555873156,0.0721445432090712,0.220412368051801,0.387626861720152,0.70040545280449,2.23971924279261,2315.76646415363,0.999677739910462
"eps_sigma_rn[5]",1.78626512812348,0.0277817469396061,1.46595955350283,0.247860676903189,0.83501663341824,1.37736833170136,2.29484196538342,5.63667699309414,2784.35671726576,0.999341693127692
"eps_sigma_rn[6]",1.34692500340101,0.030180626912913,1.40399347373549,0.15244362028552,0.519438607857215,0.939161396825872,1.67767991592975,4.87226214394106,2164.08176035965,1.00054269924674
"eps_sigma_rn[7]",0.719091592481284,0.0134021420575673,0.719229970195742,0.103357018238887,0.300975182923973,0.51451384171375,0.877385847978828,2.63653034124033,2879.96439232661,0.999529142915827
"eps_sigma_rn[8]",1.04357149255482,0.0185457700321936,0.968894809599117,0.15583400393263,0.449467328333724,0.761104599455093,1.30917194750475,3.560951518827,2729.37694228943,0.999968646969875
"eps_sigma_rn[9]",1.29375404631254,0.0235803437012937,1.1947931779352,0.207698057648364,0.595049026953426,0.984073619062651,1.58638020918551,4.30740020917977,2567.35075380777,1.00077673380864
"eps_sigma_rn[10]",2.09806872660509,0.0329333607730671,1.88340154392742,0.324755502567266,0.962256916841447,1.57413201252749,2.62374197223097,6.97560974887095,3270.49689207661,1.00057855125234
"eps_sigma_rn[11]",2.72296426510831,0.0489673309253423,2.44688025006895,0.345453308971619,1.11472811467909,2.03855384116225,3.51522951128097,9.52596752688998,2496.96564007595,1.00042824473176
"eps_sigma_rn[12]",2.65542695880918,0.039808766488238,2.22982473957808,0.417383724310878,1.27701698851403,2.11381472825464,3.35344445288128,8.16109409053951,3137.50204545399,1.00135665345902
"eps_sigma_tn[1]",1.17939120523415,0.0240329551951595,1.43698401868262,0.11497641718505,0.413261326314765,0.767406608747115,1.38373766299439,4.81369832754086,3575.11093791984,0.999185870245581
"eps_sigma_tn[2]",2.16057915043811,0.0471585170018486,2.51049872833852,0.202782301367156,0.758798967676355,1.43545363719086,2.63032782031698,8.13351812624994,2833.99926168104,1.00081355633759
"eps_sigma_tn[3]",1.97223201065808,0.038266058300046,2.24437956338209,0.172900872979831,0.649610429328061,1.31198688475961,2.483657854109,7.78883300700844,3440.05315555866,1.00000046128493
"eps_sigma_tn[4]",1.81583804226026,0.0377195559611773,2.11826092136918,0.173514954150643,0.640434435927888,1.17444375737384,2.20584161624434,7.37635650848273,3153.73912090553,0.99978277501013
"eps_sigma_tn[5]",1.21320660786786,0.0263811556295713,1.41750289086755,0.116554257717868,0.414693619134081,0.785688383170932,1.49602489808652,4.77086215688901,2887.08968210361,1.00117902998896
"eps_sigma_tn[6]",1.22962244388083,0.0239640130679157,1.39618320517452,0.120011770036275,0.433048430054703,0.796780943958053,1.5070319102542,4.84935083492448,3394.42114059253,0.999954405082217
"eps_sigma_tn[7]",0.915075333633264,0.0162000586050212,1.02835657880498,0.098607405664406,0.3156074696552,0.60279805661306,1.1255587057998,3.55958033324321,4029.52904236043,1.0001371384159
"eps_sigma_tn[8]",2.25170926876501,0.0402456601402713,2.3257421508474,0.228162161618558,0.842219334648327,1.54447505878604,2.76176306048446,8.74302258098013,3339.52744559212,0.999996055304697
"eps_sigma_tn[9]",1.15752344549357,0.0225219735436358,1.33853513388151,0.124336274817097,0.387570587254675,0.741421600269995,1.39723632470219,4.7408155147471,3532.21119071889,1.00118233382709
"eps_sigma_tn[10]",1.43147511146381,0.026678206082827,1.6266619282237,0.146486688333354,0.509116737358273,0.934459005528867,1.78750123759804,5.53775605169262,3717.76006694623,0.999510832217472
"eps_sigma_tn[11]",3.72945126027212,0.0698668088221987,3.87929625373774,0.370507737188806,1.46141367218993,2.61227701097733,4.7314680308328,13.2488742220233,3082.9329508747,1.00061633118326
"eps_sigma_tn[12]",1.38557200206383,0.037153896169227,1.96520687736138,0.145537265238751,0.47392921747293,0.898157253294625,1.66664876461273,5.25853647336525,2797.74304285921,1.00153221007572
"eps_sigma_tn[13]",1.58686048400428,0.0293601426802921,1.75692764793991,0.192624767785674,0.590143349198673,1.08122082210483,1.91263001037413,6.22316682771403,3580.8937146715,0.999459203525539
"eps_sigma_tn[14]",1.77792212113199,0.0324261309194584,1.9543334372687,0.174077570601292,0.621845596897041,1.18027924704852,2.20371248732108,7.04777255621766,3632.51203196492,0.999680380356764
"eps_sigma_tn[15]",1.42170360743185,0.0309334587935892,1.75676950934548,0.164269642576553,0.505467038329934,0.945035246856312,1.73150578059289,5.92697744462272,3225.31847683152,1.00078188111031
"eps_sigma_tn[16]",1.5399058225847,0.0274330960351723,1.73284600757687,0.178127280720357,0.561588274545697,1.06216825665054,1.87211696577586,5.85690732872541,3989.97608377918,1.00015813083925
"eps_sigma_tn[17]",1.3734307818656,0.0329527756762642,1.71778045556228,0.129852803621927,0.441855825931114,0.855284780825595,1.63541986032224,5.76180608803365,2717.38585508341,1.00200399883414
"L[1,1]",1,NA,0,1,1,1,1,1,NA,NA
"L[1,2]",0,NA,0,0,0,0,0,0,NA,NA
"L[1,3]",0,NA,0,0,0,0,0,0,NA,NA
"L[1,4]",0,NA,0,0,0,0,0,0,NA,NA
"L[1,5]",0,NA,0,0,0,0,0,0,NA,NA
"L[1,6]",0,NA,0,0,0,0,0,0,NA,NA
"L[1,7]",0,NA,0,0,0,0,0,0,NA,NA
"L[1,8]",0,NA,0,0,0,0,0,0,NA,NA
"L[1,9]",0,NA,0,0,0,0,0,0,NA,NA
"L[1,10]",0,NA,0,0,0,0,0,0,NA,NA
"L[1,11]",0,NA,0,0,0,0,0,0,NA,NA
"L[1,12]",0,NA,0,0,0,0,0,0,NA,NA
"L[2,1]",-0.00770274324430876,0.00431154808223366,0.270372354221235,-0.529677930281101,-0.199890587957835,-0.0068000870846368,0.175746345925869,0.514168495281115,3932.40371574176,0.999896933121811
"L[2,2]",0.961328407116506,0.00115726772528085,0.0520202202853058,0.807432826659275,0.946187557450743,0.982123191970808,0.996033044064252,0.99994872301263,2020.58298299968,1.00005031568796
"L[2,3]",0,NA,0,0,0,0,0,0,NA,NA
"L[2,4]",0,NA,0,0,0,0,0,0,NA,NA
"L[2,5]",0,NA,0,0,0,0,0,0,NA,NA
"L[2,6]",0,NA,0,0,0,0,0,0,NA,NA
"L[2,7]",0,NA,0,0,0,0,0,0,NA,NA
"L[2,8]",0,NA,0,0,0,0,0,0,NA,NA
"L[2,9]",0,NA,0,0,0,0,0,0,NA,NA
"L[2,10]",0,NA,0,0,0,0,0,0,NA,NA
"L[2,11]",0,NA,0,0,0,0,0,0,NA,NA
"L[2,12]",0,NA,0,0,0,0,0,0,NA,NA
"L[3,1]",0.0853970851812848,0.00776617427322921,0.267246671766073,-0.441378694324123,-0.104739695561119,0.0901720591550638,0.278007944596816,0.591548209698161,1184.15989075179,1.00187237847521
"L[3,2]",-0.0835722889309285,0.00817371518919423,0.268668533362202,-0.585516930723429,-0.274215250080107,-0.0878818992083531,0.106636375161985,0.438378344786526,1080.42495714554,1.00270365903401
"L[3,3]",0.914250961694368,0.00196296019523038,0.0793857760163943,0.707786028665371,0.880570713859768,0.938142279122558,0.971878750947352,0.997094367122133,1635.54464248328,1.0022677497688
"L[3,4]",0,NA,0,0,0,0,0,0,NA,NA
"L[3,5]",0,NA,0,0,0,0,0,0,NA,NA
"L[3,6]",0,NA,0,0,0,0,0,0,NA,NA
"L[3,7]",0,NA,0,0,0,0,0,0,NA,NA
"L[3,8]",0,NA,0,0,0,0,0,0,NA,NA
"L[3,9]",0,NA,0,0,0,0,0,0,NA,NA
"L[3,10]",0,NA,0,0,0,0,0,0,NA,NA
"L[3,11]",0,NA,0,0,0,0,0,0,NA,NA
"L[3,12]",0,NA,0,0,0,0,0,0,NA,NA
"L[4,1]",0.0141788508187287,0.00538672389778733,0.286969282097465,-0.560508883250094,-0.180868017884259,0.0100972580266242,0.211998227355002,0.569509094319205,2838.05881074923,1.00102689551247
"L[4,2]",-0.037794676549809,0.00528150093799681,0.268775570455517,-0.549992058132346,-0.226768587165771,-0.0386276927392611,0.148907964832432,0.489321312526362,2589.79186336824,0.999744731076996
"L[4,3]",0.0874245695355098,0.00490178893838459,0.254702811281511,-0.422965113678486,-0.0911924876669045,0.0913454407429567,0.264027108212567,0.568716737398112,2699.96579442004,0.999548233271695
"L[4,4]",0.873216582494545,0.00228657402397139,0.0938729909519623,0.646085141893708,0.821243152826349,0.893335348542814,0.946799190692356,0.990574673860863,1685.43023272279,1.0024724596871
"L[4,5]",0,NA,0,0,0,0,0,0,NA,NA
"L[4,6]",0,NA,0,0,0,0,0,0,NA,NA
"L[4,7]",0,NA,0,0,0,0,0,0,NA,NA
"L[4,8]",0,NA,0,0,0,0,0,0,NA,NA
"L[4,9]",0,NA,0,0,0,0,0,0,NA,NA
"L[4,10]",0,NA,0,0,0,0,0,0,NA,NA
"L[4,11]",0,NA,0,0,0,0,0,0,NA,NA
"L[4,12]",0,NA,0,0,0,0,0,0,NA,NA
"L[5,1]",0.0429699403946139,0.00668780332275127,0.272166272775194,-0.494690345859767,-0.146393442273733,0.0489191650470903,0.23573214365292,0.545579569898703,1656.15746380288,1.00267665103632
"L[5,2]",0.0836538371611482,0.00699117191929419,0.260655694693978,-0.446394510650917,-0.090529626262271,0.0934542305843835,0.265031740485205,0.573050271163295,1390.06296069133,1.00250245176455
"L[5,3]",0.0351566100695466,0.00528376008669285,0.229065170514653,-0.401295004825809,-0.127336608490537,0.0325099301826351,0.192766924032902,0.47112854592619,1879.45503186654,1.00137052369508
"L[5,4]",0.00484054605728356,0.00695453800111918,0.271349167959513,-0.518963731073239,-0.185667520035618,0.00623832145846972,0.198998946264252,0.519756913776583,1522.37070904625,1.00238382721546
"L[5,5]",0.843892371469219,0.00206310088720198,0.0984592572134908,0.607030428461701,0.784928566558993,0.861787967024843,0.920944961496124,0.979866845972756,2277.5723329365,1.00015095110695
"L[5,6]",0,NA,0,0,0,0,0,0,NA,NA
"L[5,7]",0,NA,0,0,0,0,0,0,NA,NA
"L[5,8]",0,NA,0,0,0,0,0,0,NA,NA
"L[5,9]",0,NA,0,0,0,0,0,0,NA,NA
"L[5,10]",0,NA,0,0,0,0,0,0,NA,NA
"L[5,11]",0,NA,0,0,0,0,0,0,NA,NA
"L[5,12]",0,NA,0,0,0,0,0,0,NA,NA
"L[6,1]",-0.0403679801140715,0.00628893672442978,0.277667150704607,-0.573863669302857,-0.235023192950736,-0.0465928201148418,0.1511915662961,0.505895760447143,1949.37125271215,1.00475481488388
"L[6,2]",0.0301545008694324,0.00660309267572227,0.277531464908388,-0.514168320492582,-0.167287870330682,0.0368968200015711,0.228728418292564,0.544863272944653,1766.56519885307,1.00066523760808
"L[6,3]",0.111169157094513,0.00537759495315737,0.246772933351653,-0.377425301840026,-0.0564226583553864,0.119741435628411,0.287045100035968,0.567763489732293,2105.80848823041,0.999636731996238
"L[6,4]",0.0442466100162195,0.00557464458840518,0.276906742225707,-0.499106452279358,-0.15295283420629,0.0498509576728954,0.239679069666753,0.557875976756176,2467.36097917578,0.999982365211034
"L[6,5]",0.0222119891009278,0.00461809215300708,0.249634745789145,-0.470560417726586,-0.14689950234469,0.0165045992781127,0.198940161209178,0.492717139910309,2922.03138611608,0.999313963524911
"L[6,6]",0.783928814555418,0.00272485782703324,0.119099067446719,0.506515220203244,0.714373556022264,0.801189800161771,0.874140458401535,0.959626065949531,1910.42075294368,1.00028171655186
"L[6,7]",0,NA,0,0,0,0,0,0,NA,NA
"L[6,8]",0,NA,0,0,0,0,0,0,NA,NA
"L[6,9]",0,NA,0,0,0,0,0,0,NA,NA
"L[6,10]",0,NA,0,0,0,0,0,0,NA,NA
"L[6,11]",0,NA,0,0,0,0,0,0,NA,NA
"L[6,12]",0,NA,0,0,0,0,0,0,NA,NA
"L[7,1]",0.041644041554084,0.00575650251552118,0.282380724702043,-0.507491659431538,-0.158343855130735,0.0473038789895674,0.24635206319153,0.583593484689026,2406.31622499095,1.00072379034174
"L[7,2]",0.0418319000218949,0.0060490746994232,0.269745257027893,-0.477091429477494,-0.145525635016364,0.047180989261926,0.233500287431748,0.549422455266146,1988.518973221,1.00038020097952
"L[7,3]",-0.0185862622061093,0.00468681532445712,0.244155161109367,-0.48779899125356,-0.190555885567934,-0.0144109503486147,0.152129814466718,0.457952351479824,2713.78936196951,1.00014828427099
"L[7,4]",-0.0217106010929021,0.00508629000261965,0.280586800223823,-0.552473287034043,-0.223962617035589,-0.0209074979289673,0.177969746168352,0.527323645562468,3043.21219700725,1.00072724243928
"L[7,5]",0.194359714641598,0.00476916648536737,0.258860373507061,-0.326725616264492,0.0194554238796545,0.207291822882126,0.377981763256014,0.667747674965603,2946.0911552223,0.999711547653032
"L[7,6]",0.0649167013978451,0.0050687112001489,0.271339391167556,-0.454667132590988,-0.13101371086574,0.0683007825699469,0.253683507657779,0.582509512468523,2865.69917135122,0.999976308958607
"L[7,7]",0.710125284210905,0.00283452838219727,0.134416612603006,0.418553982189546,0.624682976424233,0.722783655204049,0.81042851826122,0.928796192158305,2248.76603652362,0.999291197527825
"L[7,8]",0,NA,0,0,0,0,0,0,NA,NA
"L[7,9]",0,NA,0,0,0,0,0,0,NA,NA
"L[7,10]",0,NA,0,0,0,0,0,0,NA,NA
"L[7,11]",0,NA,0,0,0,0,0,0,NA,NA
"L[7,12]",0,NA,0,0,0,0,0,0,NA,NA
"L[8,1]",-0.0628059666971799,0.00538267273460727,0.269860320034055,-0.568342830080228,-0.255724435512223,-0.0659567193092523,0.127062885001982,0.475764462202866,2513.51864384821,1.00031211007671
"L[8,2]",0.0833597732893678,0.00614044054198216,0.263035033913132,-0.428616389992543,-0.0956682958087736,0.0859034663015261,0.275156679471626,0.57561436817673,1834.9664666482,1.0038320247869
"L[8,3]",-0.194789841395517,0.00437865466000208,0.23859045919554,-0.618851644410136,-0.368383896406432,-0.203589712975201,-0.0319836232083155,0.29105546008495,2969.09953988441,1.0000565981423
"L[8,4]",-0.0519277960764088,0.00590563131759143,0.269775358838629,-0.566094358092029,-0.245191770511935,-0.0543472534732946,0.140660327762545,0.462870089401198,2086.75708123707,1.00234977370533
"L[8,5]",-0.0330967122151246,0.00507676259172444,0.246591538862276,-0.510872116730581,-0.207854740641861,-0.0326672637405448,0.141343061506408,0.435583517083695,2359.29709187183,1.00102159464119
"L[8,6]",0.101670455084596,0.00625893657223438,0.265826724356962,-0.415269938219943,-0.0802838312363209,0.109357329633186,0.29134454143552,0.591602974639824,1803.83238002107,1.00010950480452
"L[8,7]",0.0748461798524621,0.00504267486592646,0.259268982619535,-0.439331578660742,-0.108029924055314,0.0797119077762373,0.263677183865502,0.559526121660693,2643.49925568596,1.00053850782778
"L[8,8]",0.664907908212131,0.00324085784436168,0.138002826487789,0.374933927241782,0.570556814900431,0.673792425351853,0.767768001748841,0.901284747755993,1813.24295765267,1.0018955228028
"L[8,9]",0,NA,0,0,0,0,0,0,NA,NA
"L[8,10]",0,NA,0,0,0,0,0,0,NA,NA
"L[8,11]",0,NA,0,0,0,0,0,0,NA,NA
"L[8,12]",0,NA,0,0,0,0,0,0,NA,NA
"L[9,1]",-0.0197487790181282,0.00594721296692361,0.265461341327273,-0.540704920179388,-0.205238931515566,-0.0143543607846697,0.160055261697487,0.506443792432741,1992.39566266029,0.999690269391461
"L[9,2]",0.15571594190552,0.00569231114139996,0.253408644799044,-0.358800836992912,-0.0153067625004289,0.161419685232524,0.337385220918862,0.627447253999877,1981.82631870756,1.00313662780745
"L[9,3]",-0.13057319733805,0.00464494465294774,0.233385978247677,-0.569620346583745,-0.296352031641035,-0.14146507269326,0.0346166595825605,0.334649509740681,2524.57590804961,1.00096184254322
"L[9,4]",-0.0671779196358357,0.00638114825699876,0.267029433897725,-0.564796882135829,-0.259295881207199,-0.0755047643435943,0.12610195787148,0.449665203497939,1751.13891846904,1.00225742645753
"L[9,5]",0.00463414288686654,0.00521754725927854,0.240229714163584,-0.480195625387011,-0.160768326879708,0.00988197925836779,0.177198673679841,0.449981711430095,2119.92582809728,1.00164313703936
"L[9,6]",0.0793729878690188,0.00658700934770631,0.261865770484112,-0.432811439492872,-0.103935366427613,0.0808423987098546,0.264626587545249,0.568974206091135,1580.45053580492,1.00098076816399
"L[9,7]",-0.00277686883526427,0.00559088659875096,0.260638273821119,-0.506304519832971,-0.189043359335278,-0.004098522218709,0.185011487168014,0.505510037560987,2173.2766528436,0.999693298983866
"L[9,8]",0.178466922380483,0.00641005519487584,0.266969369395224,-0.372974654141509,-0.00454658311669911,0.196635822023273,0.369634831957657,0.660768275662478,1734.59996422319,1.00116357376496
"L[9,9]",0.606603458405324,0.00326356172782045,0.147788499355299,0.297810191057841,0.508276063723738,0.615988460608532,0.714537278810348,0.868164328658976,2050.67867744032,1.00022766785571
"L[9,10]",0,NA,0,0,0,0,0,0,NA,NA
"L[9,11]",0,NA,0,0,0,0,0,0,NA,NA
"L[9,12]",0,NA,0,0,0,0,0,0,NA,NA
"L[10,1]",0.099719030005205,0.00686366090548166,0.271969072148787,-0.458327471185972,-0.0873083267467888,0.108297380176816,0.293628883135483,0.601132071522555,1570.1003144021,1.00441114947614
"L[10,2]",-0.074134571539938,0.00763967264980221,0.269625021485716,-0.577299731129005,-0.263979153634526,-0.0853387047990635,0.117685385994151,0.466984850560616,1245.5778752536,1.00289093144304
"L[10,3]",0.256700131820985,0.00476488824513669,0.225550968413521,-0.226402692143212,0.106156882800256,0.270068086814126,0.423456050125999,0.648214838942017,2240.70123614912,1.00010417490002
"L[10,4]",0.0961536426031935,0.00607844425830949,0.264376320618678,-0.423231167526993,-0.0920917214609256,0.107654471752225,0.284028292330644,0.592652558458468,1891.73470556823,1.00160194985381
"L[10,5]",0.0620251319037588,0.0046894897383914,0.226827146743393,-0.38547225222863,-0.0893634525465843,0.0656024239009998,0.21879813083985,0.502517119314515,2339.58527828724,1.00044866034445
"L[10,6]",-0.0843554860426959,0.00555758874785315,0.244674264850224,-0.550381839659426,-0.258087660105015,-0.0858445712977418,0.0788107631761057,0.401171091333462,1938.22312599223,1.00080462042383
"L[10,7]",-0.0969566991057834,0.00568621119907241,0.253946595574773,-0.567951018495905,-0.280700696566113,-0.101299135143564,0.0794073286266934,0.40929556542169,1994.5219370629,1.00044238287222
"L[10,8]",-0.160459764344978,0.00646482812249883,0.250747796669101,-0.618528664904721,-0.336415817664626,-0.172986926663611,0.0110558429581794,0.356276723310852,1504.38947079925,1.00135544602833
"L[10,9]",0.0216503811658267,0.00604814760090433,0.258171495557615,-0.497770968572139,-0.15933594669191,0.0322434067802642,0.203663501041709,0.495024324432532,1822.09836573608,1.00043148668623
"L[10,10]",0.516157949245758,0.0031907682355386,0.154289867022224,0.215718448472808,0.40706754665128,0.517618519649385,0.625748622457347,0.803519639027919,2338.21417799328,1.00001300672614
"L[10,11]",0,NA,0,0,0,0,0,0,NA,NA
"L[10,12]",0,NA,0,0,0,0,0,0,NA,NA
"L[11,1]",0.0157498531310422,0.00654748443103108,0.261092362017457,-0.488739507595838,-0.165891416141841,0.0166412600779735,0.199812419309009,0.506196793132706,1590.15473052277,1.00104313116381
"L[11,2]",-0.0738762780620097,0.00710113512669774,0.261442957458922,-0.565864349016005,-0.263178765538269,-0.0773483238188649,0.108552524413762,0.437353255383948,1355.49631591918,1.00230168691567
"L[11,3]",-0.235206990896699,0.00518886401071319,0.226515643101734,-0.647470357800453,-0.394188083088452,-0.242132771398,-0.0807438946549944,0.216719465096891,1905.68809749233,1.00216638389576
"L[11,4]",-0.0172899373706758,0.00660240621508336,0.271392128233912,-0.537960280205618,-0.21086872877133,-0.0163549974156058,0.175239957083985,0.495388817426401,1689.62377383514,1.00068288911108
"L[11,5]",-0.215731173851283,0.00553741282916568,0.232953000360056,-0.647867242171849,-0.381810947170039,-0.222742030669589,-0.0574527913228353,0.260860200942451,1769.79438009035,1.00083210925444
"L[11,6]",-0.120315469350892,0.00630657332460152,0.252577348353496,-0.591287202792296,-0.300061441933569,-0.128892862469121,0.0476570871370506,0.396051435967628,1603.99090020765,1.00137113976733
"L[11,7]",0.0485640942219783,0.00585333153738337,0.253212583175001,-0.46172946772857,-0.124333784081145,0.0506156571096449,0.225208673046123,0.523581250121147,1871.39006844803,1.00040711771749
"L[11,8]",0.0428033704043584,0.00577682037105593,0.261241404265691,-0.455459372687456,-0.140201258084651,0.0411060136696274,0.227161251486743,0.552453444957186,2045.06112049064,1.000591354495
"L[11,9]",-0.0731342031155139,0.00608047839867036,0.256102254356072,-0.555115147430383,-0.255773648184464,-0.0778125824896806,0.105508146271396,0.438409811573943,1773.99055346578,1.00212888219909
"L[11,10]",-0.0483083324341005,0.00645874209869436,0.262819352619925,-0.538728803635824,-0.227665242338897,-0.0489220784039004,0.132522769103261,0.452796595476085,1655.84162529392,1.00029160797361
"L[11,11]",0.439073622239243,0.00345887384398907,0.163076093297521,0.138589684048858,0.319188785018889,0.434633544217256,0.556484368813938,0.762539885575955,2222.8550983142,1.00108735758478
"L[11,12]",0,NA,0,0,0,0,0,0,NA,NA
"L[12,1]",0.0663662445677499,0.00680069386229325,0.264978840383477,-0.462371650049835,-0.121976361328126,0.076339930705692,0.255414779464423,0.564337298266917,1518.15439046027,1.00140641302664
"L[12,2]",-0.0751572029068676,0.00659679086269666,0.25297432581802,-0.553410740567837,-0.251679552074386,-0.0797073419433632,0.0997392407322237,0.419207473408692,1470.57596135384,1.00315482844056
"L[12,3]",0.0719202382352752,0.00464761130961615,0.219586797104601,-0.35573715572319,-0.0826872246708546,0.0769590307720852,0.227010812419713,0.492447216108618,2232.30148699222,1.000748874845
"L[12,4]",0.100298433835904,0.00668696528831275,0.269037390691641,-0.430845898394146,-0.086011959400153,0.100194180942583,0.297814800814132,0.600468714682398,1618.70290779816,1.00157795378846
"L[12,5]",0.0950919052478093,0.00525183105955653,0.23865391903492,-0.392714841753298,-0.0674836255303,0.101051666805642,0.266048081107301,0.541226917903073,2064.97903316406,1.00100327083652
"L[12,6]",-0.0160147224198343,0.00655530132516326,0.262198990582013,-0.522451091010786,-0.193575080376122,-0.016237118214026,0.169663663482364,0.489833307466868,1599.84059192999,1.00005525291777
"L[12,7]",0.0780467572743486,0.00637176086664605,0.264923603433892,-0.457339523227386,-0.0960659074166592,0.0795860676413315,0.26614557644131,0.580057421069217,1728.71090108266,1.00156235867163
"L[12,8]",-0.0954589290329654,0.0077333310921493,0.274358604491213,-0.599297505662365,-0.294027779263371,-0.0990270130450961,0.092256169881023,0.434895917354774,1258.64704850792,1.00456787171919
"L[12,9]",-0.235930002715235,0.00639651963535195,0.25404431014096,-0.677589863447536,-0.422355674841825,-0.254665222141162,-0.066834626451105,0.291323112216237,1577.36234861552,1.00138227887023
"L[12,10]",0.00824504045417777,0.00609545783859784,0.260657013069814,-0.498573676198157,-0.177610309342717,0.0157945978438788,0.187174031619029,0.506980570690398,1828.63136761965,0.999231554559652
"L[12,11]",0.0188109267400366,0.00756064845311211,0.272663060344371,-0.508628081890597,-0.174346527727882,0.022282604008654,0.220191552033315,0.534550291109526,1300.57235805546,1.00309165778423
"L[12,12]",0.36438239404921,0.0037488372421571,0.169548994108587,0.0703865074208296,0.236498961806152,0.352502101466131,0.485558222294587,0.711861042573756,2045.48954348725,1.00143210415069
"eps[1,1]",-0.0161225283382145,0.0173114325908386,0.956825373874155,-1.91682121823574,-0.653407462324658,-0.0403078998317747,0.626790392714623,1.90090283243227,3054.91653802211,1.00058017042312
"eps[1,2]",-0.0865038137112627,0.0170456402830169,0.954822913246486,-1.98605194405043,-0.704339216980586,-0.103575357947947,0.562397655988947,1.75362856229689,3137.7549714806,0.999713966021913
"eps[1,3]",0.518663098328355,0.0145694211368578,0.753695270909985,-1.05557721207038,0.0234663906758409,0.56645201964044,1.02744517031852,1.91412325133984,2676.1286442225,1.00056640774393
"eps[1,4]",-0.126233291012888,0.0184242957139455,0.963625260287548,-1.96338206675715,-0.785299899755091,-0.160262184746541,0.532637669506546,1.79226101271553,2735.48640610931,1.0018544358136
"eps[1,5]",-0.674536290733762,0.0143163462829076,0.78920458387405,-2.16026385236317,-1.21505361921229,-0.682932578855427,-0.165048715861734,0.903394011705106,3038.88880376066,1.00003384918279
"eps[1,6]",0.0242613758868378,0.0140123512654196,0.819699471884036,-1.57234169447424,-0.522148413061382,0.0272255122412484,0.569385265343157,1.66324249449796,3422.05731372806,1.00009994556419
"eps[1,7]",0.158657198327407,0.0148569332681935,0.868910524797942,-1.53048150158953,-0.427692603163802,0.148798644320737,0.727821801747611,1.88302442085302,3420.51713276063,1.00062561655207
"eps[1,8]",0.109542473334581,0.016276494529445,0.962047018962527,-1.83032286766823,-0.520338863731066,0.120068177128004,0.752250206793704,1.97551411643052,3493.58121147884,0.999506446582464
"eps[1,9]",-0.0677195856026095,0.0149875553387115,0.93513115988674,-1.87066416575048,-0.697392615815666,-0.0638529817027859,0.559983337548114,1.78180266310891,3892.99152049441,0.999725742761212
"eps[1,10]",-0.334028926481021,0.0142827300657861,0.940515997170438,-2.11938631275135,-1.00506769599138,-0.333821157833927,0.294989653856172,1.53824401809659,4336.20610832927,0.999686394638026
"eps[1,11]",0.150599228911261,0.0135909944942248,0.947695945908595,-1.74715919693322,-0.47788849633458,0.14134269063963,0.786900967950522,1.98882290695507,4862.2308273623,0.999503993571044
"eps[1,12]",-0.165833748072162,0.0158732494914056,0.983037182584633,-2.13166859483044,-0.844349656984479,-0.179649630172187,0.496063576678641,1.77408784083411,3835.37828549499,0.999381710001855
"eps[2,1]",-0.211139719676707,0.0248688937136837,1.06705125000637,-2.20279049111401,-0.950126808549788,-0.239288658842931,0.511754007052811,1.92522157107823,1841.01626471709,1.00069464156896
"eps[2,2]",-0.0855679455311488,0.0237512647735187,1.03872685798602,-2.09080111468768,-0.78269995804854,-0.0888202441054895,0.60988571216036,1.968592383601,1912.62241031557,1.00238713162586
"eps[2,3]",-0.890713661585859,0.0145641849209658,0.742555309392398,-2.33516200153795,-1.37945467702791,-0.90108631872667,-0.432206304245211,0.666440669008692,2599.47261386431,1.0001007575056
"eps[2,4]",-0.0221442758879537,0.0240588724571584,1.03549754447194,-2.03770611277558,-0.727148113602139,-0.00463897296480112,0.660593110623547,1.99023977118525,1852.45474489019,0.999711636238864
"eps[2,5]",-0.979819598021829,0.015426791420794,0.797106197177679,-2.52165671936716,-1.49486781880148,-0.99895979057924,-0.485417224842275,0.649528505185198,2669.81492106985,1.00033022061819
"eps[2,6]",0.337181869946523,0.0167266056484081,0.843104417150639,-1.31895261212411,-0.220465535622822,0.326072826075376,0.899809425286251,1.97460354667658,2540.66317787132,0.99989873162889
"eps[2,7]",-0.319126960608051,0.0172791688501202,0.928806852073846,-2.12004845475118,-0.952753506919563,-0.322729245186411,0.290363063478304,1.49869179236491,2889.38307326005,0.999937550638381
"eps[2,8]",0.163189796727234,0.0193832949827517,1.02608751479693,-1.83091738079039,-0.547016457391235,0.173636551361661,0.885288980552966,2.10574386619963,2802.2933508896,0.99975515363154
"eps[2,9]",-0.35547296065832,0.0172952884844643,0.978104688832297,-2.23027670954943,-1.04113542724012,-0.378606445398112,0.313253681965867,1.57825240939679,3198.26953196313,1.00098099978086
"eps[2,10]",-0.661484747350226,0.0182397926857571,0.964887680718837,-2.55278190556153,-1.30509184949331,-0.67141680542824,-0.0140703243121524,1.23779314440558,2798.42535768212,0.999484071867032
"eps[2,11]",0.416544567306442,0.0144826066800799,0.9715423483535,-1.55717342909956,-0.237140529093128,0.438130907593136,1.07460217623765,2.27637507342646,4500.18117884728,0.999708846953121
"eps[2,12]",0.166838545774483,0.0124650981177341,0.953425208612928,-1.70634529408118,-0.459384665372436,0.184547577213582,0.816785667473627,1.97796157533772,5850.35012896238,0.999445285971641
"eps[3,1]",0.103087915312866,0.0251833688628188,1.01889994948688,-1.95625877095442,-0.57509455230778,0.104219648604813,0.790890300043788,2.03910467646057,1636.95005207975,1.00121905727829
"eps[3,2]",-0.209016604125819,0.0238723772349967,1.03238915978057,-2.24317295770675,-0.912738752670053,-0.216825066015371,0.492092819703111,1.78878287452068,1870.23221809694,1.00254901915842
"eps[3,3]",0.49284551557587,0.0170266293767715,0.779845512442182,-1.15205265472357,0.000500744519001278,0.534621001281696,1.01358515837838,1.93004011256454,2097.77926933085,0.99988672063775
"eps[3,4]",0.192430269182476,0.0235321054320194,1.03330680482427,-1.86518009283394,-0.516284145172287,0.202343013897278,0.902738478528291,2.19499703012036,1928.133089727,1.00066013552292
"eps[3,5]",-0.185454974139675,0.0176389142740988,0.846884410273712,-1.77658874041398,-0.757576454693956,-0.215622971404259,0.362475511720038,1.50669880428427,2305.17859120144,1.00058194151084
"eps[3,6]",0.475939034410231,0.0179856556713695,0.88448890484291,-1.25001755372237,-0.110231214420656,0.471496723826098,1.05059337453304,2.27208196100685,2418.42280441101,0.999754734640186
"eps[3,7]",0.422119112425661,0.01730428779355,0.95406597158463,-1.47700721298703,-0.202357033288668,0.409461076449486,1.05252895206092,2.31218860220384,3039.83039905359,1.00121095054724
"eps[3,8]",-0.145666585275059,0.021766779902029,1.06937424036664,-2.30162554041695,-0.870747674996096,-0.15976743362961,0.577087451543423,1.94653756698951,2413.63205539486,1.00110640624298
"eps[3,9]",-0.612171147620125,0.0180269212876759,1.0007377774563,-2.48299175906523,-1.28439406697408,-0.644909972963142,0.03345959882919,1.41355352770466,3081.7504224809,0.999967819734821
"eps[3,10]",-0.270786879336624,0.019144252254026,1.00146368118048,-2.25248061598404,-0.932616292028172,-0.28026090415378,0.404031475760497,1.71065142464601,2736.48827440568,0.999950804205471
"eps[3,11]",0.126852127595597,0.0208763805875914,1.04786977361752,-1.93401849674428,-0.585956473673483,0.122795272438841,0.833001913518838,2.18796749218743,2519.44112905119,1.00121061269688
"eps[3,12]",0.670013759955742,0.0169345166548604,1.01674273551457,-1.31580540843603,-0.0111845790467146,0.674387041764088,1.3536555377914,2.61850890646639,3604.76157624985,1.00129835270318
"eps[4,1]",-0.137631695408625,0.0275776679194259,1.02531929261473,-2.08567514195627,-0.839214122435166,-0.159597994713628,0.546113020686787,1.9667545249974,1382.3027852705,1.00615275604178
"eps[4,2]",0.283994217720535,0.0278894390460278,1.04644235732933,-1.7797328902808,-0.412768530241932,0.283502342146814,1.00234913282423,2.31270094542006,1407.83274593498,1.00066021711526
"eps[4,3]",-1.02218458940456,0.0168158485372984,0.781626022092918,-2.4980112183296,-1.5482565671278,-1.04793394526646,-0.534165649512011,0.610665639953614,2160.53071741529,1.00126994731157
"eps[4,4]",-0.18097377685242,0.017226580756878,0.846292959124306,-1.81149230429839,-0.726513351321158,-0.200843803569359,0.385798542228919,1.51616350598577,2413.47767871729,1.00002946767564
"eps[4,5]",1.00770000000545,0.0158420936183774,0.816388467863125,-0.637436815104725,0.48560305763152,1.01959419149702,1.544396492559,2.57142646468475,2655.6361498001,0.999645980921085
"eps[4,6]",0.465197891136995,0.0150102566936222,0.832522108377412,-1.18009841203979,-0.0862420631491321,0.465647539367001,1.044733760724,2.06886204522729,3076.20527320406,0.999678765333293
"eps[4,7]",0.511512349790132,0.0140538321016659,0.854855914074165,-1.26613063583241,-0.0584035666212594,0.52956680630276,1.06084816587801,2.2241802452498,3699.95395621448,0.999712545206927
"eps[4,8]",0.247337053528196,0.0146327425474069,0.871693477602962,-1.4931955947747,-0.308328028567354,0.271641309702553,0.82241791063671,1.95578525444263,3548.75591736925,1.00007441870688
"eps[4,9]",-0.230282859051239,0.0135490466329483,0.892779409054089,-2.00082788147524,-0.810247258140602,-0.244121995714417,0.385387297622602,1.49435788308121,4341.81040765362,0.999468401752367
"eps[4,10]",-0.268129639997481,0.0144016835022832,0.913094492642789,-2.01268205804192,-0.884909517227096,-0.282802789793941,0.332089526559847,1.60581275219441,4019.80440501927,1.00043599382062
"eps[4,11]",-0.290805360180623,0.014258442957917,0.977959892236098,-2.23271829286628,-0.953128069601451,-0.289324189791712,0.379703704796339,1.60860268845504,4704.33112511733,1.00054180051538
"eps[4,12]",0.1853380573828,0.0137188157488825,0.960881338107973,-1.64880401385823,-0.463890942168893,0.191839757316007,0.805982539909314,2.10206536871645,4905.75969556979,0.999599897276941
"eps[5,1]",0.25909561414918,0.0179763128852949,0.877007363925124,-1.44961808169882,-0.3230288827021,0.26522070990692,0.847628864422877,1.94885952414839,2380.15501573577,1.00293919812911
"eps[5,2]",-0.00288766210238518,0.0190327128957234,0.92664035275862,-1.83997374731203,-0.644848696974705,0.00664207897866164,0.60683180242167,1.8283874970703,2370.39664892097,1.00312322205064
"eps[5,3]",-0.165021581537658,0.0151470007104251,0.769418930740724,-1.63565020243275,-0.660783462894994,-0.191276364980881,0.314671538364662,1.43592428303105,2580.31331441206,0.999396104032342
"eps[5,4]",-0.240195312113795,0.0153092636298645,0.828436998629988,-1.88700223822283,-0.782698579366694,-0.238585190317758,0.304988133599608,1.43474556306904,2928.26495242407,1.00017811294908
"eps[5,5]",0.792568987075079,0.0146909635925596,0.804387290239142,-0.916711651552958,0.291293311780639,0.820952843313412,1.33549483886825,2.33692040458395,2997.9876181156,1.00116833268339
"eps[5,6]",-0.718448399964746,0.0180858806418898,0.879650437336012,-2.34212070461284,-1.3230842170683,-0.749254071706839,-0.168335218923578,1.0979688925694,2365.59789539788,1.00096742703148
"eps[5,7]",0.282825042361501,0.0149952546502066,0.868355212498457,-1.3997326558604,-0.304058131167184,0.298592742388679,0.872743118172853,1.94080352934226,3353.41374754193,0.999733526992547
"eps[5,8]",-0.308511042804991,0.014886801544897,0.894479921532986,-2.02264166585939,-0.910095379088819,-0.320673415578325,0.299544208161217,1.46297953572933,3610.25929692126,1.00039422795165
"eps[5,9]",0.00250458484249675,0.0142585419244285,0.882180826594994,-1.65448932842673,-0.6074902582189,-0.0130592794104272,0.598215667175986,1.71577481533747,3827.93888342506,1.00030165471087
"eps[5,10]",0.0966387569319929,0.0145793915890458,0.924745191058051,-1.72060014856701,-0.517846323959829,0.0871878474837274,0.69821884258205,1.93611833044944,4023.14199750178,1.00054634672705
"eps[5,11]",0.323974339588582,0.0140156368164432,0.959876189773239,-1.56092854101731,-0.301414353055853,0.32138485569867,0.961937757387496,2.16977040202575,4690.34477127768,0.999799080422409
"eps[5,12]",-0.0379601037136515,0.0131600883598142,0.973935462178367,-1.94704210982162,-0.681419318517361,-0.041344550993748,0.61949616857542,1.90032973166468,5477.0000910492,0.999667609042382
"eps[6,1]",0.150137856214677,0.0175184952349445,0.864317932942372,-1.52682029370749,-0.444201857659907,0.171767211353775,0.71681621714045,1.85233697275653,2434.18425533323,1.00220316504362
"eps[6,2]",-0.0180645320269078,0.0204940430373916,0.972206300729498,-1.96985939230711,-0.664919614740468,-0.0111519015680935,0.656862209361376,1.84772162696822,2250.40961609719,1.00001170912665
"eps[6,3]",1.06374010490072,0.0168781723971314,0.764868582514924,-0.492626520830546,0.586289758333096,1.07876033555024,1.55973559622511,2.56309412289934,2053.63287320215,0.999681125415375
"eps[6,4]",-0.279390216977766,0.0142960960758471,0.811829819274171,-1.84783736919311,-0.816323844965473,-0.283795834080033,0.260257451046221,1.31426182581518,3224.74280426135,0.999917259402571
"eps[6,5]",0.339057243341326,0.0134824873826624,0.784274631411769,-1.18107570200423,-0.178469601193951,0.318713771486454,0.836053997691341,1.87321449278315,3383.73457904862,1.00069025054368
"eps[6,6]",0.348441020793935,0.0134777917977937,0.855986891176963,-1.36794415106484,-0.210582246005739,0.362354607338131,0.925583569560191,2.02678453712142,4033.63634222847,1.00073740639766
"eps[6,7]",0.515938220973236,0.0156142382890251,0.857662464470747,-1.1596796046553,-0.076140935546237,0.512651128481564,1.10612489779712,2.15419314402872,3017.11039785849,1.00013910129405
"eps[6,8]",0.068333255995943,0.014086755072406,0.831829799460144,-1.54505195726916,-0.488231459463149,0.0508735429980257,0.604615981554044,1.71474599416393,3486.96045244616,0.999744386236914
"eps[6,9]",-0.22545253559879,0.0154086965673922,0.889982312385299,-1.91942396746321,-0.809591123236627,-0.220085848043781,0.364625406271971,1.54081263599671,3336.03766276526,1.00066455277057
"eps[6,10]",-0.445569436630629,0.0185863269298119,0.918311061089782,-2.28016059756984,-1.03688168823093,-0.447534011890639,0.14158760323241,1.39991553212845,2441.13887458649,1.00113158138173
"eps[6,11]",0.044060989364697,0.015116645865222,0.93550166091662,-1.76006963731716,-0.58313258935577,0.0443938275371611,0.685782432425389,1.84368132964508,3829.81898488432,1.00005768007505
"eps[6,12]",-0.230964016989907,0.013412608130194,0.944363455040503,-2.10523364613915,-0.862271251480783,-0.240150568420124,0.402490989465661,1.62952354904221,4957.37614297353,0.999532393243741
"eps[7,1]",-0.0695130829045869,0.0146779681948803,0.775319200834887,-1.58567581417483,-0.582679787688413,-0.0677182858467312,0.451401037716643,1.42720609688072,2790.16055199224,1.00013665700711
"eps[7,2]",0.137168016574733,0.0163298577139774,0.902996393494858,-1.64586247087882,-0.455835684383571,0.148211716552775,0.734658665138037,1.87537422449807,3057.78700226034,0.999410003725574
"eps[7,3]",0.0356902167177998,0.0136479322806171,0.700286122150122,-1.36071182976316,-0.417806379954431,0.0354117117925737,0.47322108862966,1.45028640069422,2632.7966814139,1.00051957522256
"eps[7,4]",-0.254670148680268,0.015823225359559,0.831480027450461,-1.89967556904728,-0.811586749582593,-0.257903257871554,0.296672825089506,1.38443264882969,2761.30014977123,1.00166771863989
"eps[7,5]",-0.322590505179028,0.015056677442036,0.789733867708772,-1.8179094811704,-0.845478959311627,-0.332802836920178,0.179350974717977,1.29272504232856,2751.0800842759,1.00038530677368
"eps[7,6]",0.109238110298356,0.0143842863151238,0.853933034272023,-1.51681099809128,-0.4724009636107,0.0967706407033966,0.663646803782329,1.8311242273784,3524.28475311399,1.00041591097654
"eps[7,7]",0.24040427882198,0.0175748398808595,0.883444677106534,-1.54663210714195,-0.328473344452123,0.258694327509047,0.81382950587417,1.97518938638604,2526.82964143451,1.0005280488019
"eps[7,8]",0.350504492299425,0.0155736030297675,0.875610561745351,-1.42191068287397,-0.229336022202916,0.364878235624033,0.939112347119775,2.06433934185145,3161.14037822721,1.00010268725186
"eps[7,9]",0.370507252330665,0.0133884434221939,0.865409724690074,-1.31068033068847,-0.210944417340666,0.384493681931785,0.944865467173543,2.06288105690912,4178.14364394491,0.999551975589847
"eps[7,10]",-0.392673423697813,0.0136503732471274,0.926174202990679,-2.23300833111278,-1.02180432621607,-0.382873616227178,0.219902687652081,1.41069148309081,4603.58649505403,0.99936776954984
"eps[7,11]",-0.206332694874535,0.015979108988996,0.924545071671838,-2.00939703395615,-0.825495007551533,-0.208284661527748,0.407265222840285,1.61816427868486,3347.73488518992,1.00089305375058
"eps[7,12]",-0.168440635876453,0.014980016990555,0.939466973321596,-2.01189547684793,-0.793889602441584,-0.15139498865891,0.457384669180479,1.72794319067996,3933.13109892649,1.00067794377648
"eps[8,1]",-0.0994545032877435,0.0181771674923654,0.815482208723014,-1.6857055170834,-0.637149567658227,-0.103558282432076,0.407669361222683,1.54078408036622,2012.68849016942,1.00028638320644
"eps[8,2]",0.102687848755765,0.0275360447831944,1.0712431814792,-1.99403732783352,-0.61176288627652,0.108993019400086,0.819966171789736,2.16763668238508,1513.46723256104,1.00247982914862
"eps[8,3]",1.27431829014653,0.0156574274756207,0.703252452982169,-0.0960641110999215,0.808526618051427,1.26346530711859,1.73457749842253,2.70474086946415,2017.35204954741,1.00217074984823
"eps[8,4]",0.340778503486173,0.0184496684599487,0.876595141526858,-1.43401009702131,-0.228166338517322,0.365183771625456,0.917221374215906,2.07042147782309,2257.46479340227,1.00217761273697
"eps[8,5]",0.495553148338737,0.0164591872590295,0.798634240066446,-1.15796710087099,-0.0302205664599469,0.527935506389001,1.03067382119745,2.02915793908205,2354.39365755966,0.999992567553805
"eps[8,6]",1.03380425413193,0.018102872971125,0.878819806876045,-0.740159905539953,0.442450958336178,1.05560887770045,1.65601707950867,2.68872505031131,2356.70197135763,1.00030998456633
"eps[8,7]",-0.337133255965346,0.017904792003763,0.890662960066679,-2.10671633040798,-0.918136916835126,-0.332730042364264,0.273081743385752,1.38839214141367,2474.50435737921,1.00046882251913
"eps[8,8]",-0.197633070801589,0.0182600049293805,0.913750883694688,-1.99110946671207,-0.818408722475786,-0.19125870389905,0.413005609648519,1.63152292573612,2504.11251696015,1.00044739410179
"eps[8,9]",0.405412983083219,0.0179908417590467,0.913751872409354,-1.42056178140895,-0.184059733830078,0.402910825048162,1.02652835273338,2.15566294973664,2579.60727132603,1.00110805957119
"eps[8,10]",0.286095080711951,0.0182521992682521,0.970428975467955,-1.63682445749612,-0.383328596561075,0.297560232191153,0.957448978970561,2.10714148133147,2826.81318118204,0.999383344458929
"eps[8,11]",-0.697674588864448,0.0152449275298368,0.952195313053882,-2.51438772921167,-1.3422161950695,-0.710520486327501,-0.0571429169232788,1.22160754460383,3901.22816085335,0.999592540490519
"eps[8,12]",-0.311789023400151,0.0128488928887048,0.982903009668141,-2.28274806523252,-0.952377998175065,-0.314257651903263,0.348816537453326,1.66258159531691,5851.8058972738,0.999137132999644
"eps[9,1]",-0.233425201493013,0.0211404013562518,0.88774110599335,-1.91849211328146,-0.841955551029318,-0.257719243954395,0.354895257058323,1.54946652795181,1763.38118800556,1.00042299095199
"eps[9,2]",-0.0523989055016358,0.0184200541362918,0.951813952819138,-1.9181909649476,-0.68497035754852,-0.0548008378441663,0.587727483087567,1.84388823142031,2670.06804563921,1.00012261050198
"eps[9,3]",0.77437591671404,0.0170543580374131,0.785599906116937,-0.892002606313071,0.30147203988849,0.795226453546417,1.28971729259919,2.31035288959458,2121.93508269997,1.00097041540362
"eps[9,4]",0.0934362925850594,0.0155183999668187,0.831401285348109,-1.51349669450032,-0.468134214018713,0.096351431687822,0.648792123883274,1.7020343574267,2870.30138835914,0.999562499897076
"eps[9,5]",-0.0603529709189544,0.0135798389939024,0.790853771318163,-1.65275344304838,-0.580842016854752,-0.0636220685253471,0.461971110228797,1.50812697249084,3391.58837654306,1.0002923376077
"eps[9,6]",0.000407846333844291,0.0157842531082057,0.884759947558111,-1.68529210800856,-0.599624457087571,-0.0236719694645698,0.579905842209097,1.79232733087815,3141.97579897751,1.00000924966818
"eps[9,7]",-0.0868434739312678,0.0148897492257057,0.885849715220628,-1.86265277935822,-0.669972041694991,-0.0817969777696894,0.492020406153424,1.60522157641621,3539.52784324722,1.00064134869085
"eps[9,8]",0.259564250164109,0.0171483509056483,0.891329726374476,-1.48323880390567,-0.345092943324763,0.270998279807274,0.873138264318384,2.03194808383783,2701.668491108,1.00078412392385
"eps[9,9]",-0.198037270557263,0.0162949211552774,0.885161947557297,-1.94001110941559,-0.782942595485025,-0.199185654778923,0.386881430823784,1.55146769164541,2950.8079474479,1.00002128319269
"eps[9,10]",-0.0592981945179871,0.0197001313978556,0.966767844529253,-1.94960061847908,-0.71244055399587,-0.0550704843086803,0.581295584325596,1.83907820284463,2408.27539320929,1.0000824994428
"eps[9,11]",-0.422713025866693,0.0183172050978585,1.02734018777169,-2.36201265877574,-1.13939695495065,-0.436531453115248,0.281206874921918,1.61675178071114,3145.64810813508,1.00178200153753
"eps[9,12]",0.310115113527862,0.0116885680937996,0.926451799333157,-1.53116949812127,-0.300668710984504,0.312910490611268,0.924537525322733,2.12101590307433,6282.36313162716,0.999504968661922
"eps[10,1]",-0.38745897834012,0.0221016328535684,0.931233801057539,-2.21353800710805,-1.01092486677861,-0.390230744112662,0.245426190535942,1.45661683371095,1775.28769109722,0.999700886883284
"eps[10,2]",-0.15332275244371,0.0217993136838506,0.977640395906742,-2.0498492523956,-0.818892312049708,-0.162716955585196,0.514084345991431,1.79882283178488,2011.28046266972,1.00051749190183
"eps[10,3]",-0.817383720205296,0.0220661273234108,0.845652887200465,-2.37250505908976,-1.39735380691152,-0.880565005738552,-0.303106593500585,1.00930636699326,1468.6964069016,1.00299815554741
"eps[10,4]",0.387942649280301,0.0155336418509856,0.831769604391445,-1.28419226995835,-0.156808421078021,0.410050953522351,0.920961260517441,2.05362424915894,2867.21008892421,0.999737262887626
"eps[10,5]",-0.130480417424984,0.0165451374097413,0.80810410841373,-1.73761549756299,-0.670656562891678,-0.135625786443947,0.40220419728971,1.47641992416075,2385.5793823544,1.00195107396244
"eps[10,6]",-0.465644813398692,0.0150801939746163,0.838330192524874,-2.0899503637702,-1.01113250760384,-0.473841059648831,0.079885567329622,1.22466574901401,3090.41184340076,1.00142677418634
"eps[10,7]",0.0255020922534504,0.0155557131289166,0.878779375828288,-1.74720418659116,-0.564193996275242,0.0385800469182673,0.608288444666752,1.72723806425255,3191.38985932796,1.00051536258013
"eps[10,8]",-0.361684382516842,0.0158843426867698,0.908068893897923,-2.12723513345629,-0.971236238822405,-0.368105643399569,0.247727709040198,1.45282929334012,3268.12833489688,1.00081231030014
"eps[10,9]",-0.707092647656465,0.0161920428722669,0.897188430615066,-2.43013276380135,-1.31639854949775,-0.733641741709608,-0.0932372845546592,1.12482157456495,3070.181420484,1.00037037718139
"eps[10,10]",-0.186560716469415,0.0184052142349704,0.956940114565695,-1.98525623071127,-0.867162452403442,-0.185153396384368,0.458256618280499,1.72863078716351,2703.25968071062,1.00180442738343
"eps[10,11]",0.32826026873519,0.0152437880487905,0.97219337093369,-1.60309158432383,-0.315778082981075,0.32276618010193,0.994489618151326,2.2172815654605,4067.42456820306,1.00061366373552
"eps[10,12]",0.0355125607780113,0.0127331870075576,0.945741251685491,-1.79768908982063,-0.613859738689419,0.0386810627092643,0.696416580303845,1.86316796246987,5516.586476345,0.999725511471991
"eps[11,1]",0.608141447976091,0.0254026133205899,0.938045055356082,-1.30517793786909,-3.19480603820123e-07,0.6260145739761,1.22966173095146,2.41383170914286,1363.61133369037,1.00160184873523
"eps[11,2]",-0.476413476263902,0.0315102753752771,1.10166274319146,-2.58945351120453,-1.22775670145177,-0.48859453837175,0.259369653160185,1.7251045343026,1222.34254360385,1.00495217685423
"eps[11,3]",1.45677105939799,0.0176384882294328,0.764336051334516,-0.0963624936195645,0.965165653742224,1.46449855860848,1.95034820462481,2.942031105387,1877.7854496833,1.00087327140541
"eps[11,4]",0.484201295383635,0.0189034906418478,0.871585488246194,-1.24345938834746,-0.0940146050004896,0.469928049131802,1.07219130963619,2.22513335717438,2125.86640153886,1.00282337635099
"eps[11,5]",-0.115268937678325,0.016943942931064,0.796704729786616,-1.68651378145826,-0.628301133891061,-0.13630005095185,0.39614596458026,1.51560719313025,2210.88335911844,1.00136304156084
"eps[11,6]",-0.2227286466044,0.023690004990466,0.948755251188807,-2.10022524779355,-0.862241230526651,-0.22133001577955,0.423187684157876,1.61847369781536,1603.90293047225,1.00039766153414
"eps[11,7]",-0.345299279885648,0.0227271387168113,0.987918077326639,-2.2585629254681,-1.02499203564337,-0.359575245380753,0.320357472289375,1.56476766927659,1889.52368179404,1.00083681309053
"eps[11,8]",-1.22600317521033,0.0263225808315017,0.965389466065574,-3.10195937242457,-1.8888717783904,-1.24637257997014,-0.593213488790389,0.719310687260733,1345.0801862316,1.00253987651369
"eps[11,9]",-0.528852334789595,0.0175209441206754,0.961922393573884,-2.38029983134728,-1.16549138864615,-0.540072909738481,0.10231458400163,1.37754771641713,3014.15138879352,1.00033263262077
"eps[11,10]",0.887067143322897,0.0168145670417777,0.958457035834602,-1.03927857564867,0.243700845262939,0.908283522729292,1.54256406651648,2.68630687043419,3249.18112212516,1.00036904617169
"eps[11,11]",-0.17829364662809,0.0166505897265351,0.97000881457087,-2.07202327054928,-0.836106166389941,-0.161650400249784,0.458275958460069,1.70957687739455,3393.8459222455,0.999863640275809
"eps[11,12]",0.304218228029184,0.0133493721559868,0.930636370103125,-1.52861383562654,-0.329290415969183,0.297015304152236,0.9546562081587,2.15426263738331,4860.02340967177,0.999431511232029
"eps[12,1]",0.28190725414985,0.0194654658141076,0.906162284139802,-1.50166106532617,-0.346913187343644,0.301453265361216,0.903607348143694,2.00244123075704,2167.11701756085,1.00287881972523
"eps[12,2]",-0.226866634857868,0.0220527185040526,0.974251376548227,-2.11529899260627,-0.879592912950001,-0.226036521322557,0.435911577701208,1.69324139678279,1951.72123996432,1.00038612499371
"eps[12,3]",0.169828000257643,0.0137162324147116,0.710255660699781,-1.24565713201747,-0.288903711735,0.164818721153161,0.631214326017087,1.56217883535999,2681.38846401989,0.999851647206346
"eps[12,4]",-0.172079153453309,0.0168880674947831,0.852430900289775,-1.84575210547711,-0.736307830567053,-0.181012381873197,0.385702744488848,1.52849747375811,2547.75965848522,0.999690057438876
"eps[12,5]",-0.722494709729573,0.0137741409031914,0.797066607247182,-2.25505956580928,-1.26446239040315,-0.731575594922513,-0.210879285696923,0.873538204397491,3348.57620843605,0.999678205424526
"eps[12,6]",-0.930399735791217,0.0180218814956019,0.915727813877239,-2.63592932167396,-1.56963039570538,-0.952588305404872,-0.322478792053841,0.877684523020393,2581.859182291,1.00099423650504
"eps[12,7]",-0.335843413514401,0.0138628662409673,0.859883054062657,-2.00681617831064,-0.906889126444807,-0.339650006560956,0.235539852053412,1.31264284127113,3847.44760988849,1.00109601085971
"eps[12,8]",0.0704332963948878,0.0146285225818989,0.884684028339688,-1.66373824992968,-0.502632706010749,0.0780396242983561,0.65758006642473,1.82053078435338,3657.42509713616,0.999231249474097
"eps[12,9]",0.13037556942667,0.0138299301588704,0.892686871024804,-1.62632508962258,-0.469687059817858,0.12147271624966,0.739281003225396,1.80990026236255,4166.37466052148,0.999613037687347
"eps[12,10]",0.135895865209541,0.0144578182923769,0.911918286690753,-1.66952980730317,-0.472196657750255,0.131240583153756,0.741780242681962,1.93625900030813,3978.38056873001,0.999992275592205
"eps[12,11]",0.322755915550902,0.0148786936437977,0.921841622112743,-1.52511934296381,-0.287500547997,0.340383316049459,0.943093776717661,2.05792812561704,3838.68983710945,0.99999953669543
"eps[12,12]",-0.2045998040321,0.0131434102424782,0.9520861153343,-2.072297350003,-0.85539773234686,-0.215574242961018,0.441206789154553,1.63082365222357,5247.30533565322,0.999179519253832
"eps[13,1]",-0.307007863115616,0.0177588228937593,0.872735670404869,-2.03105024610372,-0.879740885358292,-0.313007909449818,0.259522651999735,1.41140023903993,2415.11102997414,1.00038131214175
"eps[13,2]",1.01797523355605,0.0186087597740038,0.815675191259482,-0.682824472850923,0.495580525249221,1.02455285794272,1.58311620748235,2.54518759994814,1921.31975386792,1.00146294387743
"eps[13,3]",-0.531423907957008,0.0158718805238597,0.700110791358648,-1.92052619567687,-0.977548940209213,-0.530177648719329,-0.0838993332288453,0.915249625557198,1945.70400275553,0.99945894616645
"eps[13,4]",-0.265964997453368,0.0188900207495983,0.905305933729128,-1.99934051682828,-0.881243969995717,-0.271281168691541,0.336401115685893,1.54900438815509,2296.81419672165,1.00028137796341
"eps[13,5]",0.353212730597087,0.0167911918552834,0.830536005367733,-1.30675017867348,-0.210313883073326,0.383417792297908,0.920089773018621,1.93730282553139,2446.5487934965,1.00172369152626
"eps[13,6]",0.411503760270818,0.0190657602456018,0.937717190321429,-1.52737574898554,-0.208786192082411,0.441590150999625,1.03649275459061,2.22851406578985,2418.99795044606,1.00007874617648
"eps[13,7]",-0.169718963667254,0.0173312344548657,0.93530996837108,-1.95886888840037,-0.789439092861376,-0.175628720589918,0.440826318928529,1.73511800787735,2912.40743608982,0.999699768996843
"eps[13,8]",0.488416058965943,0.0175445667549628,0.880759236137286,-1.2880192121325,-0.0983114094148282,0.503581996079594,1.08988109857053,2.14122296681982,2520.16581247577,1.0006251583672
"eps[13,9]",0.835829385805475,0.014329934615768,0.887129237958962,-0.912598855717013,0.25066635039739,0.831924285219797,1.45404422867443,2.5487332390953,3832.52828063036,1.0000336926347
"eps[13,10]",-0.0137723054885148,0.0163857945340854,0.91270107055663,-1.75985728327224,-0.639930031124995,-0.0126704657761924,0.610573825037839,1.78566335363613,3102.57372503099,0.999574030402785
"eps[13,11]",-0.16951920501557,0.0145862912681344,0.950938802030995,-2.05909354530018,-0.814314889303284,-0.152285391940649,0.460102709415547,1.66098262901427,4250.25879000151,0.999605836066169
"eps[13,12]",-0.383350705020367,0.0131573956145863,0.974022189585446,-2.31543389599528,-1.0281824459364,-0.386476321416907,0.287579791505617,1.4979021598267,5480.21800577655,0.999825547708554
"eps[14,1]",-0.303460495126111,0.0194452108415884,0.865751013124768,-2.02765628949636,-0.862834232475463,-0.312410466132989,0.259038540347573,1.40821603288362,1982.26039459989,1.0004759123371
"eps[14,2]",0.186087748107395,0.01773559724251,0.784067141620464,-1.34203160136489,-0.324102203781407,0.16904843257585,0.688074774643475,1.83163573714904,1954.40638289062,1.00140237907715
"eps[14,3]",-0.517762990101721,0.0144859400916731,0.694678709312726,-1.95069422236844,-0.973874548571236,-0.491719943492034,-0.0317066055941227,0.784559777699714,2299.71812373692,0.999973028547768
"eps[14,4]",-0.327175490795746,0.0193601888221181,0.928785169322093,-2.09174398621439,-0.955409089607757,-0.346854686823037,0.278109665142694,1.52889201055811,2301.50205316583,1.00120558502163
"eps[14,5]",-0.920407801704087,0.0189642473751891,0.820572493182319,-2.4917779337316,-1.47087515457643,-0.939677625115627,-0.40524515129598,0.735504652937565,1872.24502765362,1.00110764603606
"eps[14,6]",0.274490999455167,0.0200039618041504,0.983395975997054,-1.66613349640132,-0.379295643918885,0.25983358109816,0.945193540598781,2.19359019580999,2416.71156539587,0.999543085440771
"eps[14,7]",-0.265940613858731,0.0178062896580616,0.960809025816563,-2.15644195391992,-0.918490977279851,-0.278835714748543,0.394417866990218,1.61318672702175,2911.57030010138,0.999837105301285
"eps[14,8]",0.425632228033182,0.0184745355625541,0.916583187812287,-1.40533683200568,-0.198048968659022,0.432280638921477,1.03625203566615,2.2235414541935,2461.48228998989,1.00091565220492
"eps[14,9]",0.950663704539013,0.0168011038845177,0.922089055158205,-0.925055498679064,0.341217208276235,0.9722425474227,1.58443332001015,2.69989633860802,3012.1049512252,1.00057402502738
"eps[14,10]",0.0318732453897352,0.0171454463730675,0.946744395205668,-1.82849999035806,-0.617968711607454,0.0343753788864711,0.666826442554625,1.86172717859977,3049.07349693005,0.999605321726421
"eps[14,11]",0.0313814714036813,0.018091834937623,0.998357475772348,-1.88922140553531,-0.660267809292926,0.0288959867233206,0.716075341345663,1.93729041731758,3045.13755298854,1.00047578201077
"eps[14,12]",-0.544155161093513,0.0154381026851211,0.970443150468188,-2.42162448489573,-1.19740687751639,-0.526747445058168,0.10384037770738,1.40080799180806,3951.41230172055,0.999623363976088
"eps[15,1]",-0.045659812359835,0.0158699077270571,0.777753062422021,-1.62927376442914,-0.53488514637497,-0.0337707121722902,0.467731526062507,1.52490746821241,2401.78792126181,1.00043147646958
"eps[15,2]",0.543332164845676,0.0167079962607161,0.780815284894587,-1.03931525947742,0.0467497802405306,0.576044268195812,1.06143112121968,2.05618557962874,2183.97606166883,1.00091888356704
"eps[15,3]",-1.221532916407,0.012079371308743,0.677708449454411,-2.56344999896466,-1.6723618255977,-1.22467277009695,-0.789649952742785,0.188707141157993,3147.72757102789,1.00318054912048
"eps[15,4]",-0.168731892570017,0.0155236491705138,0.861867107725017,-1.87783777575858,-0.753698398001678,-0.162247426195103,0.396043752664071,1.52279916402508,3082.42823902641,1.00158831134941
"eps[15,5]",-0.6025479206645,0.0151395903798824,0.77700490156035,-2.06353360743032,-1.12152750551858,-0.602890950920425,-0.101826122193571,0.996454101660775,2634.02120566737,0.999473870703733
"eps[15,6]",0.161027045727954,0.0151398950626671,0.84228408506947,-1.4508587162019,-0.396505290577813,0.171137345547729,0.717567208521312,1.80916118951235,3095.07701148586,0.999887949715177
"eps[15,7]",0.534652419735494,0.0153464113770798,0.881982789060012,-1.22413328761355,-0.054199584469917,0.555599615495333,1.129186210037,2.24868373892516,3302.98460404063,1.0000388908665
"eps[15,8]",0.445972900186484,0.0140485842091572,0.857721680722677,-1.27096559766718,-0.121109488614664,0.46457064738191,1.01850486588269,2.09760652436268,3727.58587835912,0.999896567394552
"eps[15,9]",0.28721231832289,0.0136864526847218,0.875825719832705,-1.39323666175626,-0.299964796116309,0.295596094794656,0.873220390541652,2.03471238009653,4094.99700714966,1.00045740196264
"eps[15,10]",-0.24344067813222,0.0143861632028786,0.900977776063792,-2.0669540481217,-0.836269741543785,-0.23138572643565,0.343285826886582,1.55728453472016,3922.27637053769,1.00019244305044
"eps[15,11]",0.119719938300903,0.0127479044508578,0.943037652224806,-1.76062408829104,-0.495457849386712,0.125721967433345,0.739603013414137,2.02040425342922,5472.43316985543,1.00052901885162
"eps[15,12]",0.0600058617635087,0.0142244126405495,0.957270093686647,-1.83130559231015,-0.584945170253186,0.0729423462100589,0.736544527578014,1.88280591535158,4528.97890306202,0.999358488874538
"eps[16,1]",-0.237347521170254,0.0161224744821417,0.834683603270337,-1.85744409378141,-0.797159268747982,-0.26666731922737,0.302480334792047,1.45719814658365,2680.28124805362,1.00146479595624
"eps[16,2]",-0.745383458836129,0.0193360339632809,0.816962324552997,-2.22481982892171,-1.30089389002129,-0.791525239474332,-0.228410592914936,1.00330771758249,1785.12756934349,1.00063640156419
"eps[16,3]",-0.220044496789624,0.0144380121286705,0.713304931735538,-1.69154136938724,-0.688591931950323,-0.188584258899694,0.25829842199545,1.1199576259944,2440.81941303516,0.999725727222587
"eps[16,4]",0.0193371813208653,0.0216651614601557,1.02907341455036,-1.94807378817838,-0.671939746220871,0.00378138635770648,0.721454661030054,2.03899594778666,2256.15460791962,1.00002523983788
"eps[16,5]",-1.09301765001457,0.0170340383491918,0.829316112209338,-2.64343675149028,-1.63710421606948,-1.13137926010423,-0.557221829688657,0.601411932395475,2370.30899628956,1.00021429007534
"eps[16,6]",0.230000473638603,0.0154040901530642,0.861836254232889,-1.44135819791347,-0.35249500530759,0.24824049476395,0.800543102303017,1.92337130514502,3130.23840274126,0.999993062230211
"eps[16,7]",-0.0137111510294943,0.0164173830256578,0.981455161109971,-1.92125176959251,-0.684505393117881,-0.0099395133554898,0.658138844210731,1.91564896624479,3573.8232106712,0.999930413711383
"eps[16,8]",0.215692576893318,0.0142175027251625,0.882788242797374,-1.43007266604899,-0.374084516891376,0.201461289152181,0.802058805492082,1.97211864671119,3855.37334659312,0.999858794579156
"eps[16,9]",-0.196190318290637,0.0148506970550525,0.893491702920394,-1.95809284958039,-0.791324068745272,-0.195740499613317,0.381945199255373,1.6181510509405,3619.82329200038,0.999503998138441
"eps[16,10]",0.181393311608937,0.0170348260768085,0.94468552178848,-1.63585892176817,-0.460647631060299,0.200043399641842,0.836615952952942,2.05331404119501,3075.38230473977,0.999502841894109
"eps[16,11]",0.569901182244074,0.0155095734854883,0.978807714508806,-1.38451272027303,-0.0810329512441976,0.588889153900205,1.2265139624616,2.47549629107189,3982.86015182734,1.00039162235967
"eps[16,12]",-0.204933303965697,0.0132952876913266,0.996194118737177,-2.16722050301243,-0.877439366700814,-0.205536247733972,0.447541208738603,1.78926243729424,5614.25931598986,0.999607219307678
"eps[17,1]",0.0289972140702336,0.0155012492217943,0.96204692536307,-1.90948576196245,-0.598170588603701,0.0484011389525793,0.664848098668267,1.87986495923329,3851.75907532474,1.00001342711526
"eps[17,2]",0.0283568034711136,0.0151867882628221,0.961436937733325,-1.8972950964899,-0.620961835875725,0.0321503403515304,0.675060282462259,1.90313565151547,4007.83405191765,1.00017017903532
"eps[17,3]",-0.0871413310159213,0.0154049450320937,0.951094249388675,-1.93116398216242,-0.728640662673796,-0.0929428046289779,0.565805410542241,1.79808192566033,3811.77103492383,0.999478933744738
"eps[17,4]",0.0720450919578716,0.0154069916820855,0.932491910555512,-1.7973617184663,-0.562663867472495,0.0822031362907842,0.688703268724864,1.85514804860909,3663.14786630079,0.999723223349021
"eps[17,5]",0.210569275483511,0.0150030934145975,0.832273080031052,-1.46911648950702,-0.346809393396641,0.226734696368219,0.763412097516272,1.84228839117286,3077.30164090003,0.999406726138559
"eps[17,6]",0.00970353594717277,0.0152055054231734,1.00288319847654,-1.98925838920978,-0.650188681507584,0.0228045182239101,0.6792014976352,2.00468599136081,4350.09749160037,0.999526998991058
"eps[17,7]",0.119983703508041,0.0148634580285522,0.989498316338725,-1.77756406564886,-0.575040274186919,0.120279313907186,0.808118964033525,2.00993146357516,4431.90453497166,0.999084641538505
"eps[17,8]",0.266560428671862,0.0155518614562945,0.895226291486532,-1.52084330736649,-0.332722804305777,0.28316463685639,0.858312562375368,1.97971323928802,3313.60623874772,1.00174285797892
"eps[17,9]",-0.19330899872358,0.0150453694406311,0.90331344455787,-1.90863811111331,-0.803196262154128,-0.197319221764168,0.41036057488266,1.60809303988431,3604.71750539049,1.00016241796129
"eps[17,10]",-0.0141209040179393,0.0145086246466576,0.980418569828633,-1.94301123124681,-0.651804577680486,-0.0173474082329496,0.625930611840003,1.8477121088613,4566.36441042099,0.999300330412312
"eps[17,11]",0.0976026760899609,0.0217491830020995,0.973313890515496,-1.81993116188545,-0.550914344472968,0.0946665101768096,0.747867786702843,2.041239132265,2002.71867580097,1.00074216743004
"eps[17,12]",0.364911332394697,0.0152995250525167,1.00774908863757,-1.63940144475801,-0.286583736273995,0.359747084559603,1.02632269001872,2.31453815301961,4338.59318702627,0.99936983698903
"N_0[1]",591.190419146393,10.3838404523383,389.901927034662,158.504072543372,349.360870192413,506.257381501689,723.734463595947,1563.77257915523,1409.92090569591,1.00099993296198
"N_0[2]",2845.0504461941,174.505655278,7906.15651244422,74.5775276804827,581.244602372816,1327.99681435022,2709.70076270405,13567.7879682166,2052.63534662635,1.00176293245205
"N_0[3]",513.245694239072,2.13175904943232,110.895650098016,350.411073238542,440.095306176623,491.393986077383,567.404958102733,781.455771782644,2706.15577199552,1.00040534941031
"N_0[4]",2045.50837866651,32.8714390576533,1134.31593196064,724.321436117805,1334.60699028577,1806.12071365557,2463.70481169381,4722.00659571521,1190.77752632595,1.00294314739157
"N_0[5]",880.210802526868,3.27342639313602,159.053689169383,578.411386789533,775.649427931393,879.376935336484,977.643366424164,1212.64195219359,2360.92577814249,1.00034583202852
"N_0[6]",503.359557746248,1.43949332163432,84.8469540045611,355.171852892104,448.135800791322,495.611859955114,547.598333017855,697.859650887068,3474.18709626527,1.00015666547563
"N_0[7]",4435.21174927297,12.0067529468426,709.727154619296,3222.483767354,3974.51787821209,4376.78563286004,4821.09622988521,5979.07330959462,3494.07075062035,0.999694005436525
"N_0[8]",805.49850185539,10.7723995212307,449.597921630952,262.277491598096,503.909305126047,708.522553836124,989.976628526212,1981.13133205684,1741.90187252852,1.00045606449384
"N_0[9]",952.008426521253,2.73024716002605,182.891833545015,610.670277120035,838.349164686838,946.814279637608,1054.73235333299,1348.34794014071,4487.29580776944,1.00098488770404
"N_0[10]",181.852275254856,0.61844361982351,35.1214491150699,115.966477800695,158.569821901884,180.761052002109,203.587820715062,255.988807931432,3225.11070152084,1.0017835089016
"N_0[11]",54.9601766184843,0.214147238862809,11.7860405443682,35.6321974291304,46.9191786620428,53.7004964859835,61.498389161722,82.7339286703998,3029.0811141781,1.00008682455744
"N_0[12]",260.991495250529,0.796280959094349,48.8402092435273,169.676606364237,229.307891795039,258.75311420244,288.556694766008,368.903646867325,3762.03100124054,0.999815988020889
"overdisp[1]",6.12041522731964,0.000637305240852554,0.0468405169399764,6.02970424465187,6.088468627567,6.12179794654023,6.15310024777725,6.20864809626167,5401.92287032131,0.999726785176372
"overdisp[2]",6.42606675894707,0.000519346068073302,0.039621278261634,6.34737735340974,6.40021741128911,6.42609023971302,6.45292634211583,6.50302463835483,5820.27184254342,0.999990302961261
"overdisp[3]",6.36889666173723,0.000596822454664983,0.0412111696006583,6.28926840061769,6.34006770463696,6.36957870811043,6.39803767511284,6.44927509761934,4768.03650150344,0.999792170910331
"overdisp[4]",6.42211387396947,0.000466862867169612,0.0399420158033816,6.34436907331757,6.39569508173852,6.42168757575639,6.44900293707564,6.50130169256827,7319.49793520688,0.999370499591595
"overdisp[5]",5.75259579890091,0.000727486655081654,0.0559552205404642,5.64051497596739,5.71493681282743,5.75346241827286,5.79088785566402,5.86021987347068,5916.0408131073,0.999563029394108
"overdisp[6]",6.13986858332551,0.000706767728482089,0.0465716105652954,6.04807980687148,6.10879368599185,6.14000430654239,6.17091434050008,6.23112074664962,4341.99273266939,0.999763324100044
"overdisp[7]",5.79918432397535,0.000659039723055018,0.052737730831,5.69336818755689,5.7631391579305,5.80068082370607,5.83443313054065,5.90119819351909,6403.53362496208,1.00048682236084
"overdisp[8]",5.94984399424328,0.000653698397173865,0.0518666542014808,5.84509076552532,5.9153309469556,5.9495589328521,5.9839895467446,6.05067414813775,6295.37531658593,0.999302242472856
"overdisp[9]",5.73565685056344,0.000668600781737313,0.0555875121807501,5.62793884115125,5.69787007073141,5.73644950114725,5.77328213054958,5.84321573645569,6912.27034057289,0.999430717884727
"overdisp[10]",6.69110460695865,0.000490441199389245,0.0345189197911193,6.62430065509675,6.66804044615477,6.69157731904701,6.71480303933759,6.75818923638435,4953.82319016761,1.00032708317651
"overdisp[11]",7.32958320087955,0.000322992227184107,0.0253721647902863,7.27832785290811,7.31284303002558,7.32981556535723,7.34681472142154,7.37771019693414,6170.64986802156,0.999986037468333
"overdisp[12]",7.12239940283835,0.000355326335494371,0.027659186432756,7.06718414734944,7.10445558939682,7.12243833788762,7.14045743038143,7.17626896712969,6059.3216814321,0.999446152978764
"overdisp[13]",7.59277753715651,0.00036899269610351,0.0226273784717911,7.54840025227629,7.57715674868048,7.5924117366365,7.60866054539852,7.63634570790704,3760.39046309931,1.00054098318056
"overdisp[14]",7.03174822174517,0.000388426889104471,0.0302920802452442,6.97076867884801,7.01115293247365,7.03190019893657,7.0524071164933,7.09029503998835,6081.90488682665,0.999470154335723
"overdisp[15]",6.10040238136822,0.000609529094037007,0.0463650303005122,6.00615587163438,6.06974556286275,6.10121770360239,6.13188232825146,6.19092138683034,5786.18367296028,0.999856385138734
"overdisp[16]",6.58656397011973,0.000490731681051829,0.0363773075365099,6.51368022916062,6.56226271317851,6.58705984549334,6.6115550629541,6.65732450777196,5495.06596771644,1.00025130560617
"overdisp[17]",5.73418511473181,0.000748913253606642,0.0548015289885207,5.62666196838023,5.69684676457321,5.7349597543783,5.77136538289367,5.83547824402888,5354.54186535328,0.999323278564383
"overdisp[18]",6.62627762974328,0.000468614736849368,0.0364435120569919,6.55493667088357,6.60197598774872,6.62621049693144,6.65148105630966,6.69728898469166,6047.95515686258,0.999426452689651
"overdisp[19]",5.70597588841014,0.000692403174265944,0.0565568681912719,5.59249160665279,5.66926450204945,5.70735220257123,5.74380823252643,5.81498577016942,6671.9472626597,0.999707302078477
"overdisp[20]",5.60040899095035,0.00083057808245005,0.0605979902057973,5.47994300246833,5.56002693098127,5.60023329802477,5.64237026820529,5.71800659659984,5322.98825495222,0.999461591967468
"overdisp[21]",6.53847101219055,0.00053852842902369,0.0376127964943109,6.46513960656768,6.51263390400911,6.53838369799613,6.5642906826958,6.61075544000681,4878.1368414813,1.0003900390137
"overdisp[22]",6.37261632389241,0.000544033348985133,0.0419003410941517,6.28875942591256,6.34455902675686,6.37334084004989,6.40137277017169,6.45396823583638,5931.7668373756,0.999324669331007
"overdisp[23]",7.02906950624888,0.000408284288604903,0.0301220309781487,6.97021891353071,7.00863416034694,7.02947517356246,7.04971801997342,7.08871505810162,5443.0605528289,0.99968855783146
"overdisp[24]",7.61538772162259,0.000277392248610362,0.0225566101946229,7.57184300747356,7.59958111156126,7.61520530703854,7.63083140632284,7.65930668069007,6612.39862352493,1.00013183476405
"overdisp[25]",6.43951270404505,0.000503683653276576,0.0412016424997767,6.35913961291556,6.41226248602929,6.4398537581389,6.46698086607446,6.52006866106485,6691.3438287927,0.999664164098618
"overdisp[26]",7.47634162212435,0.000306329898963131,0.0237473625618244,7.43004183576084,7.46008735712843,7.47635702790062,7.49246310425493,7.52240829319272,6009.68889556853,0.999466454417786
"overdisp[27]",7.57730967535683,0.000319985494372957,0.0231270839248504,7.53181024111301,7.56181271593189,7.57768313219849,7.59290439120942,7.62269130988657,5223.73539887413,0.999722594953099
"overdisp[28]",7.25198249323719,0.000347409456669752,0.026178726507864,7.1990169955581,7.23447264754313,7.25174169930352,7.269713701131,7.30206476068641,5678.24019985096,0.999880986998128
"overdisp[29]",7.06073940742682,0.000357716558726714,0.0297591670465875,7.0025700197597,7.04103109444228,7.06044085672839,7.08129515824823,7.11821211416205,6920.9140236638,0.999497305936699
"overdisp[30]",6.40855619668319,0.0005251416780097,0.0394496330054898,6.330607282006,6.38236895896822,6.40839959150793,6.43540087029073,6.48695645359969,5643.2976807224,0.999320152924457
"overdisp[31]",6.4766197423592,0.000517941049935958,0.0390901820855382,6.39965252094648,6.45010146654768,6.47702295805567,6.50314651856219,6.55410908831052,5696.06217525224,0.999992901642753
"overdisp[32]",7.54955218017059,0.000280173273614776,0.0231016255174034,7.50496340221831,7.53384108594743,7.54977078473204,7.56554455931372,7.59408728818854,6798.79067399131,0.999796665627141
"overdisp[33]",7.48036127724387,0.000332560506850298,0.0235191098331554,7.43410678919148,7.46462981818109,7.48041740369437,7.49585126825553,7.52721420341243,5001.50161872514,0.999789654721262
"overdisp[34]",7.46474862508373,0.00030988151987667,0.0238280169687045,7.41730072549297,7.44879478640527,7.46461344037769,7.48100906792503,7.51175217023063,5912.68097260459,1.00004603298767
"overdisp[35]",7.49860063619521,0.000287130156105296,0.0231229644394741,7.45318430033545,7.48295581666796,7.49912989530716,7.51437685084462,7.54473772464784,6485.2901109099,0.999427091188954
"overdisp[36]",7.32884783379259,0.000347876967029342,0.0254609690473136,7.2796190925395,7.31155509056889,7.32890751219328,7.34649363390115,7.37829049630326,5356.71459480886,0.999530251225174
"overdisp[37]",7.64005288749269,0.000272686292743275,0.0224312060726773,7.59664843588519,7.62400109782065,7.63996815891505,7.65614829064681,7.68286791438459,6766.72668433675,0.999276460942652
"overdisp[38]",7.52008353698745,0.000293302844784179,0.0230190839045018,7.47422413339807,7.50482691480414,7.52037835041953,7.53551854026272,7.56548401491945,6159.47250999604,0.999237313357197
"overdisp[39]",7.44465042221091,0.000303792760107546,0.0231341418862912,7.39935532695819,7.42950146969265,7.44478669493364,7.46028152921159,7.489772048309,5798.98453259257,0.99950455876675
"overdisp[40]",7.60332979949707,0.000300524320275475,0.0224237982534993,7.55827046413472,7.58833923579052,7.60327830856781,7.61845575356892,7.64708702165174,5567.48566860803,0.99942805680919
"overdisp[41]",7.40417478278924,0.000318921714042097,0.0249844633330744,7.355323675543,7.38677256080802,7.40402967989035,7.42153501369376,7.45185124903908,6137.22253960699,0.999616479084195
"overdisp[42]",7.18069057169989,0.000349151823624587,0.0272345673411816,7.12799067749586,7.16200944241185,7.18061770965826,7.19906193457499,7.23357992823145,6084.32397615747,0.999557412042717
"overdisp[43]",7.17209033509835,0.000356160368853299,0.0276299565041061,7.11807448574113,7.15352813336566,7.17220101894232,7.19026971494065,7.2279032946387,6018.23604705679,1.00066409014212
"overdisp[44]",6.88030087611517,0.00041079068851969,0.031558440673336,6.81829510212552,6.85831379135858,6.88070501798719,6.9017900006953,6.94010856852624,5901.87342195917,0.999551740257365
"overdisp[45]",6.46962391244155,0.000495640274366993,0.0395573688263939,6.39052237834933,6.4435566432204,6.46943483363151,6.49685860781899,6.54555057159881,6369.73868211959,0.99958321544698
"overdisp[46]",5.84335999412343,0.000671582504954327,0.051940442927297,5.74099647253232,5.80771397634499,5.84415413101911,5.87830070528444,5.94290364595285,5981.53363984796,0.999340106575964
"overdisp[47]",5.69976314493662,0.000770537773586131,0.0573969642140977,5.58445402516222,5.66297218631833,5.6998039351239,5.73772707895282,5.80910489228521,5548.68381766988,0.999589780673937
"overdisp[48]",6.31593084059793,0.000551052654409917,0.0426350272837146,6.23091883673535,6.28734470646407,6.31574286809751,6.34507787070747,6.39804079184105,5986.14032278619,0.99945398736722
"overdisp[49]",6.7396437203598,0.000422967936063255,0.0334899859730851,6.6726977711698,6.71783648409539,6.73985971067301,6.76231148129668,6.80442985860551,6269.24206841644,1.00057050768569
"overdisp[50]",6.93850929209588,0.000453394595927872,0.0309627005189349,6.87740355879273,6.91820766839577,6.93849294597126,6.95904982472381,7.00037901876016,4663.6396447425,0.999717873996423
"overdisp[51]",6.51981211881579,0.000502363086659039,0.0380068274838362,6.44409405278438,6.49538115572508,6.52016584407191,6.54533371905153,6.59469987440172,5723.84413085749,0.999219897208544
"overdisp[52]",6.91280091457023,0.000388730066581821,0.0309728407076161,6.85172888555952,6.89188572759823,6.91339928882088,6.93361166776916,6.97248989202702,6348.42235826966,0.999375153550892
"overdisp[53]",6.71231386910686,0.000451172922571834,0.0345501378252468,6.64368921592527,6.68972355230905,6.71266073374785,6.73500290733757,6.77985933546766,5864.26400563146,0.999779346269805
"overdisp[54]",6.46401515832007,0.000508649476043591,0.0385809296564603,6.38830078824701,6.43874518771282,6.46390999095184,6.48944305742667,6.53981295579963,5753.18280379368,0.999536517655136
"overdisp[55]",6.37594847470718,0.000667300351536936,0.0412160523187539,6.29529636276502,6.34767581848679,6.37645088245944,6.40446904238002,6.45291896478481,3814.96078405621,1.00030115482201
"overdisp[56]",5.8279715734184,0.000723738984819277,0.0551952212925945,5.71577656189829,5.79341776988805,5.82957491647545,5.86462214121014,5.93447426148163,5816.19587392659,0.999790838348203
"overdisp[57]",6.42978707602014,0.00055764452801984,0.0402924226938772,6.34808338762291,6.40294346904747,6.42974376936303,6.45784340161424,6.50826220096968,5220.73768522533,0.999739452484232
"overdisp[58]",5.75376067975956,0.000708930038096246,0.0535669082067411,5.64936226382637,5.71699677687499,5.75410536847281,5.79017749237716,5.85628497088796,5709.34654025124,0.999529902744579
"overdisp[59]",5.61718364683537,0.000820347783124857,0.0586392551076149,5.49998433737431,5.57913441649809,5.61771137078163,5.65624957010183,5.73026970062894,5109.52904295078,0.999575450243554
"overdisp[60]",4.92996613954697,0.00117784475693962,0.0842713370360051,4.75949655941872,4.87207879137539,4.93158634166207,4.98737012860969,5.08997490154853,5118.98271073207,0.999843248192016
"overdisp[61]",5.43375394662931,0.00087045439539152,0.0654607029449501,5.30684453717957,5.38916424305811,5.43420647389646,5.47655982049921,5.56159313488318,5655.47756693094,0.999626752627208
"overdisp[62]",6.20024788601891,0.000616208476044491,0.0457743318600493,6.10682905460143,6.16931685144277,6.20057332752214,6.23105020620557,6.28797037587643,5518.08888970634,0.999765098098472
"overdisp[63]",6.07369949084798,0.000606081886549004,0.0487476603753142,5.97754696170998,6.04085376002012,6.073437521458,6.1079364593357,6.16671343750936,6469.11607679278,0.999486062870402
"overdisp[64]",6.07252920682661,0.000624216610527529,0.0477714657727957,5.97917091451902,6.04060223177914,6.07304287412847,6.10514895824855,6.16617530902896,5856.88223378574,0.99999858453226
"overdisp[65]",6.54481446968138,0.000542080028929752,0.0385559161430783,6.47007225827007,6.51881965712443,6.54483489361695,6.57182283941755,6.61770661177501,5058.89003295867,1.00010762217333
"overdisp[66]",6.92938628926307,0.000377005184605257,0.0303490358562697,6.86991317790492,6.90899435217013,6.92973778507793,6.94913884688787,6.98817372067442,6480.30060360177,1.00003771906825
"overdisp[67]",6.26996136069505,0.000550007646100358,0.041835781509908,6.187935511073,6.24130784403783,6.27079413740049,6.29854658462874,6.35181149330892,5785.73207302356,0.999755612658049
"overdisp[68]",6.81803989186788,0.000437246408572557,0.0323252902011401,6.75401832569764,6.79679769464287,6.81930991471676,6.83866623390759,6.8824679099395,5465.531012922,0.999862479405726
"overdisp[69]",6.52960682263957,0.000495054018406877,0.0383138554741786,6.45481413900119,6.50342906224649,6.53003978077921,6.55591931291252,6.60277383836286,5989.7201682628,0.999515766047772
"overdisp[70]",7.53365447277553,0.000314006207775342,0.0235173843241495,7.48771373407056,7.51730077121742,7.53407368090046,7.55001439330696,7.58002524375432,5609.20826231304,0.999590961863358
"overdisp[71]",7.28228219936774,0.000322925259102361,0.026017754207475,7.22972195265442,7.26515128645452,7.28227098066442,7.29959027693139,7.33337945571981,6491.35827548076,0.999177447221875
"overdisp[72]",6.76010448312462,0.000431351192653489,0.0337563176110687,6.69561475302627,6.73750167469483,6.75995308773379,6.78293587824795,6.82657166611556,6124.18247856058,0.999522357574625
"overdisp[73]",7.11152997322041,0.000377682095632385,0.0282320736620128,7.05564818815926,7.09288062414177,7.11138971090366,7.13070094326682,7.16667138491262,5587.69590271714,0.99935721770559
"overdisp[74]",5.98141748814161,0.0006761191115813,0.0512111367496275,5.87832092480494,5.94893592776976,5.9817035734022,6.01484778609099,6.08167197789077,5736.96774242471,0.999712422443337
"overdisp[75]",6.64052772462414,0.000491366951302066,0.036925631078255,6.56815735063492,6.61549636262621,6.64040012404525,6.6652144465798,6.71191119905255,5647.34040658401,0.999566429848197
"overdisp[76]",6.6157298151407,0.000464800573732984,0.0351921191693112,6.54871925582753,6.59163746041943,6.6158412399654,6.64004885081695,6.68660265369634,5732.67773336829,0.999860151062094
"overdisp[77]",6.79827285506908,0.000438035813755427,0.0330128586133797,6.73352688900158,6.77636367233368,6.79818786250317,6.82040609399591,6.86211492821827,5679.98284696549,0.999554350262661
"overdisp[78]",8.35256822600869,0.000193615774869309,0.0150745408684209,8.32302973645624,8.34238134341946,8.3526883064999,8.3626424748303,8.38175614492497,6061.87127536939,0.99911584936567
"overdisp[79]",8.4934762760704,0.00020332370499029,0.0139776815789684,8.46585614230219,8.48388011758138,8.49375671984251,8.50296285147031,8.52069302849826,4726.00585907229,0.999312403743629
"overdisp[80]",7.82619116251454,0.000290797106855276,0.020426901020825,7.78686074319936,7.81229404292458,7.82597331904141,7.84013112868269,7.86584890529794,4934.29154281989,0.99990299697358
"overdisp[81]",8.28964736737378,0.000221023174969952,0.015776692749412,8.25819545063517,8.2791761581946,8.2897456537324,8.30054861896493,8.31992813026989,5095.14219847435,0.999243136828969
"overdisp[82]",8.60559104694254,0.000168866432902666,0.0140404781008294,8.57819152260535,8.59600411375594,8.60558815665378,8.61532607256889,8.63288714006002,6913.16836409488,0.999698211874568
"overdisp[83]",8.72996519405392,0.000161028314104208,0.0129948057607541,8.70424007577985,8.72136502338765,8.73006295916988,8.73867613702814,8.755405276421,6512.31040018188,1.00002808488044
"overdisp[84]",9.07386226175628,0.000134786385285594,0.0107729005085201,9.05226861976363,9.0668079640113,9.07403564964648,9.08118944166645,9.09466335479171,6388.12263684464,0.999217076083326
"overdisp[85]",9.11386698633236,0.000126423164594673,0.0108616348327605,9.09271352448595,9.106653611946,9.11365867351371,9.12117988541292,9.13491490097541,7381.37179387126,0.999782986968402
"overdisp[86]",9.06445820068756,0.000160328914664642,0.0107584717393289,9.04345114345604,9.05756689040982,9.06442462629038,9.07158224027802,9.08662434314003,4502.74612822342,0.999911732543186
"overdisp[87]",8.97814684415995,0.00014756019889316,0.0110994575261328,8.95654904001451,8.97051163246649,8.97798681547596,8.98584451903831,8.99960756115421,5658.02736270151,0.999378468932327
"overdisp[88]",8.76056222097345,0.000162676353278943,0.0127960411738129,8.73588423235253,8.75180189448522,8.76055778810019,8.76942006734575,8.78544844935837,6187.31748477462,0.999255425891128
"overdisp[89]",8.71310986998791,0.000159224325825049,0.012718104804485,8.68768188832637,8.70465217998138,8.71322247551225,8.72154292737364,8.73796853718004,6380.07760832193,0.999577534743143
"overdisp[90]",8.36992885685133,0.000193234216288953,0.0153187036870091,8.33976253280876,8.35945841523442,8.37016454685211,8.38045134949153,8.399852118673,6284.5758324913,0.99941540458243
"overdisp[91]",8.12355017620489,0.000268608996026339,0.0173726421758088,8.08882362409269,8.11210981037374,8.12382793334117,8.13496545129712,8.15697678078338,4183.02675107144,1.00063295386759
"overdisp[92]",8.62992778157999,0.000157663919114438,0.0129862144033895,8.60434615640793,8.62118982693704,8.62991981392105,8.638851664649,8.65510347546419,6784.22904810447,0.999731908695382
"overdisp[93]",6.59736852431675,0.000496993249767982,0.0366366701422194,6.52336263582549,6.57309675340052,6.59800004105442,6.62214903689693,6.67067112781394,5434.14232069817,0.999921192252156
"overdisp[94]",7.04335516416563,0.000443209582142262,0.029217285969254,6.98632722376366,7.02408014365816,7.04321737550346,7.06288785323653,7.10030709259524,4345.71719226126,1.00061128422155
"overdisp[95]",6.77730446751654,0.000396436935868018,0.0331204941932308,6.71248016010021,6.7546074310018,6.77793508707309,6.80039918284297,6.83848233919913,6979.83883943082,0.999283346295276
"overdisp[96]",6.91608200737289,0.000438970669533678,0.0320091394982709,6.85373713512673,6.8943773178667,6.91672672651894,6.93769225077517,6.97725492817384,5317.12649001138,0.99929238713572
"overdisp[97]",7.07785990158479,0.000340697328313873,0.0287804744524495,7.02089577846901,7.05863994553466,7.07812597098329,7.09734284348816,7.13496543552442,7136.05916891171,0.999430198256635
"overdisp[98]",6.84891571493275,0.000460696533714061,0.0319857825830075,6.78659537354267,6.82756427245055,6.84880499956074,6.87013601840237,6.91219233132617,4820.4110410177,0.99935982472881
"overdisp[99]",7.17477585028771,0.000338118870351926,0.027334124030268,7.12022077388039,7.15621746442342,7.17459707152708,7.19326516917326,7.22896108071365,6535.3899025413,1.00013661587508
"overdisp[100]",6.78515302649145,0.000460211523761118,0.0338853862499149,6.71879601085076,6.7623317652925,6.78539855146925,6.80788335156789,6.85373042805636,5421.38066152712,0.999630801984561
"overdisp[101]",5.92991993008781,0.000650271016752939,0.0511898775552222,5.83031558543013,5.89675853602356,5.93108345436693,5.96329356814467,6.02800063957183,6196.96989702552,0.999766363177799
"overdisp[102]",5.9564973643119,0.000615320207076534,0.049808851781779,5.85687658881591,5.92371414683069,5.95691714533766,5.99052294911271,6.05059691769225,6552.55546084075,0.999388220795358
"overdisp[103]",6.28731977800806,0.000572192000373967,0.0425001377358977,6.20050698144635,6.25902148524385,6.28758094607901,6.31597951587807,6.3728836665559,5516.92540039536,0.999728438567897
"overdisp[104]",6.30424829653513,0.000535430416874001,0.0404904604900832,6.22390096387254,6.27696755407543,6.30447447921118,6.33145890744596,6.38473171361826,5718.72685531068,0.999399500598637
"overdisp[105]",6.61712371481676,0.000489036422087769,0.0359092268839042,6.54592353837876,6.5923892395081,6.61772569382662,6.64112369754099,6.68751264052806,5391.74940640937,0.999303513434479
"overdisp[106]",6.64970649023376,0.000471973985929938,0.0361989513874939,6.57979597192766,6.62419475825843,6.64997821159192,6.67491947253731,6.72015791680686,5882.417650115,1.00012676537454
"overdisp[107]",7.08250375718167,0.000347439956844917,0.0288399568005323,7.02525748170025,7.06303636690788,7.08219989590952,7.10244446772428,7.13733096702362,6890.16601620543,0.999327965631493
"overdisp[108]",6.89844214601288,0.000553646024847701,0.0319991543474386,6.83736706155628,6.87648638911968,6.89891195475232,6.92047568291336,6.96062630595734,3340.50887832736,1.00034719480838
"overdisp[109]",6.4942119517882,0.000506059847453843,0.0388754827933437,6.41614710708564,6.4679232634917,6.49459811568363,6.52084422757237,6.56844189959379,5901.30186869375,0.999659641419464
"overdisp[110]",6.50028146205051,0.000530533288328867,0.0394625082020833,6.42099670058326,6.47371785506236,6.50062515067074,6.5269935426794,6.57598803866791,5532.78880063714,0.999880159638653
"overdisp[111]",6.67073140930848,0.000457906016514457,0.0346148458332403,6.60216249675136,6.64726309493999,6.67125876831745,6.69515789915897,6.73635723876741,5714.41929740043,1.00005845695486
"overdisp[112]",6.42701830169942,0.000496665654770433,0.039918631256629,6.34753954069248,6.40074705158418,6.42738209478645,6.45312756284588,6.50334420023269,6459.85880398346,1.00003023706098
"overdisp[113]",6.71012123309072,0.000453584452422001,0.0347701072485133,6.64194666526924,6.68642694830719,6.71103819463429,6.73370647032892,6.77926358457158,5876.18879894427,0.999929889128516
"overdisp[114]",6.87080729972852,0.000421090528025952,0.0326922599107076,6.80472423045484,6.84915610890363,6.87054958929079,6.89300226249061,6.93532238870816,6027.52389732984,0.99991032612757
"overdisp[115]",6.88917986965059,0.000442229289867073,0.032225393209612,6.82638610094845,6.86658393143975,6.88932308253501,6.91148273954431,6.94941920596812,5310.08463882435,0.9992932717165
"overdisp[116]",6.13534352296375,0.000618937906328516,0.0471424816774211,6.04429357539716,6.10257380438667,6.13523577588448,6.16769227238639,6.22727469265578,5801.37205824604,0.999212645646571
"overdisp[117]",5.68543488829634,0.000778409393190652,0.0558212266177402,5.5758186202563,5.64934506414323,5.68700510050861,5.72218701278564,5.79529449830699,5142.59845411909,1.00059173077159
"overdisp[118]",5.51121776301848,0.000877892031085619,0.0659707871587338,5.37832459274627,5.46968223074758,5.51166415323081,5.55509451964695,5.63936109568117,5647.04330967031,1.00001459629097
"overdisp[119]",6.07222308436356,0.000605470036935737,0.0467135326157854,5.9792480372309,6.04112908925602,6.07284761360894,6.10427154332918,6.16165836010859,5952.50968115104,0.999380577977981
"overdisp[120]",6.37985927980934,0.000556597608483155,0.0405150547369629,6.29940487540247,6.35279620649428,6.37956944887688,6.40761793940397,6.45896209190424,5298.46644137925,1.00002740757483
"overdisp[121]",6.72495007645485,0.000488826531562371,0.0345451695049172,6.65659687122698,6.70207484929733,6.72506666123645,6.74861536583703,6.79017007520027,4994.19064378334,1.00067472099755
"overdisp[122]",6.33073866038079,0.000553370580715252,0.0410400534736974,6.24996459782018,6.30359017719271,6.33091090480174,6.35885372623152,6.4098246789569,5500.26612103693,0.999260405031583
"overdisp[123]",6.61670630425081,0.000463009040893334,0.0368618598505658,6.54235828734892,6.59174899185238,6.61753213069308,6.64189471087745,6.68771308294309,6338.34018623119,0.99983027079839
"overdisp[124]",5.28756538415961,0.000951525710757454,0.0699982880493444,5.14933208572057,5.23993992855877,5.28833108685977,5.33436940707623,5.42198819487248,5411.70085442598,0.999843418377747
"overdisp[125]",5.05439939739841,0.00103886767857558,0.0794744628436872,4.89492437392799,5.00304364329859,5.05468378163238,5.10663093770568,5.2105363232274,5852.40985898283,0.999751408982801
"overdisp[126]",4.24856625458676,0.00168200607800242,0.117234032192706,4.01823119417133,4.17277090787608,4.25042893062844,4.32776535926145,4.47621133604587,4857.94153121761,0.999598577315625
"overdisp[127]",4.48180993020984,0.00136874022803412,0.104309764000069,4.27617655780623,4.4133132187758,4.48238262494576,4.55359450736058,4.68362325741632,5807.74931732511,0.99920915300769
"overdisp[128]",4.09971683985555,0.00169688617744251,0.118955635705555,3.85215363650177,4.0208628448215,4.10103383270253,4.18338041419328,4.32374353575266,4914.33344262599,0.999760241288788
"overdisp[129]",4.49336637552521,0.00150733733907568,0.102587808163427,4.29066842489533,4.42604388053477,4.49572144505357,4.56251083331387,4.6899052543568,4632.02171992739,1.00062488607863
"overdisp[130]",4.32540522562832,0.0014815403254172,0.108306406439037,4.1012554113352,4.25342287136922,4.32726438373367,4.39799646654821,4.52883663752799,5344.1832193322,0.9991812727713
"overdisp[131]",3.85601051244838,0.00179701370558783,0.132380603823908,3.58652398907118,3.76933324178885,3.85731865162847,3.94656633372608,4.10905522106638,5426.82649335502,0.999609877523373
"overdisp[132]",4.47202310759472,0.00122052360574794,0.100212289397827,4.27494050546204,4.40487351947812,4.47493553053732,4.53955816932673,4.66682960731625,6741.39230624671,0.999620489360172
"overdisp[133]",4.34047723269754,0.00160351086679773,0.108352871529676,4.12404989706687,4.27083805501649,4.34194247644801,4.41270144862188,4.54922037238896,4566.01186599599,0.999790496387376
"overdisp[134]",3.52807389286074,0.00238429540605603,0.165754027657104,3.19182682600554,3.4198518573657,3.53248916979742,3.63880753450714,3.83725474043669,4832.90275111717,1.00036174252458
"overdisp[135]",4.85213388885104,0.00125749856980668,0.0890405153782733,4.67744768502088,4.79309843187138,4.85434866340007,4.91084679319759,5.02261247094066,5013.72293498475,0.999603564038412
"overdisp[136]",4.69874428127428,0.00113068782287106,0.0920430139112701,4.50987711053741,4.63824444994045,4.69828161323687,4.76184483991976,4.87612619691907,6626.68355376085,0.999343300953471
"overdisp[137]",4.49114399243774,0.00136994344693501,0.0977477914578058,4.29809411079243,4.42666571998538,4.49357969867448,4.55951504093898,4.67826297300731,5091.06484446472,0.999634450079108
"overdisp[138]",4.33549379305049,0.00149634218693572,0.107604623547449,4.12375181240132,4.26331427645003,4.33737949755119,4.40953017812212,4.53805523771247,5171.30346799502,0.999897901332279
"overdisp[139]",3.86408691494699,0.00183435702171414,0.134949935788975,3.5945614020407,3.77354239972247,3.86628179510275,3.95547682548557,4.12095125192222,5412.24728845808,0.999243214962183
"overdisp[140]",4.00766426945175,0.00184062419657126,0.125536565284352,3.75630593930772,3.92458567499288,4.01092735211765,4.092494825147,4.24567673305579,4651.68427764967,0.999895140743082
"overdisp[141]",3.92967957948728,0.00210901924577631,0.134324096072838,3.65102054318109,3.84014118736829,3.93509531825521,4.02361619418818,4.18044961508122,4056.45598129138,0.999512150704226
"overdisp[142]",3.97420588411016,0.00201983109348591,0.128791437508051,3.7119999221147,3.89063787433472,3.97662752954696,4.06178018086685,4.21304427152203,4065.77999112005,0.999961025022911
"overdisp[143]",4.42100441936418,0.00154214515125503,0.105961506300074,4.21031264132894,4.34921265830964,4.42312659331294,4.49358611032395,4.6188890078142,4721.12763158607,0.999683298627928
"overdisp[144]",4.7250679548737,0.0012288967085091,0.0904717330322528,4.54572117486952,4.66412593811702,4.72625523210513,4.78520491452549,4.89952528686619,5419.9472161167,0.999447284962458
"overdisp[145]",4.27631045865407,0.00183291309296754,0.11737190206675,4.0416631280628,4.19866789136715,4.28201572533124,4.35843369865203,4.48664464869814,4100.57290915488,0.999419389905991
"overdisp[146]",4.78366779519359,0.0012153132988114,0.0861131696439149,4.61485348957584,4.72531772988952,4.78421811684048,4.84264946345446,4.95081230323251,5020.6812428925,0.999718318130858
"overdisp[147]",4.81526798721339,0.00107543909746575,0.0839447507206394,4.64943022410134,4.75692829003322,4.81658581560378,4.87427371124009,4.98145608134466,6092.77927731854,0.99964536408794
"overdisp[148]",4.79236408913529,0.00138261780527122,0.0872172521974737,4.61540436630368,4.73516822638049,4.79263501527863,4.85129742477658,4.96325803771331,3979.24344171439,0.999555582688144
"overdisp[149]",4.0440527803206,0.00204938262992226,0.128645775786555,3.78770464644294,3.96002147005019,4.04886946600311,4.13205330716523,4.29040444406241,3940.44217520971,1.00115133289934
"overdisp[150]",3.03719345747251,0.00394318957822735,0.243197410213612,2.53922456386625,2.87950006488423,3.05148445616916,3.20977284815485,3.46775823213053,3803.84294352145,0.999440484063843
"overdisp[151]",4.06732421468813,0.00179323484944654,0.12548652993966,3.8121563579939,3.98437988108499,4.06975304127206,4.15010538424904,4.31306826191102,4896.88471099312,0.999663748891518
"overdisp[152]",3.50044300090384,0.00242591176539793,0.164295170680456,3.16249813311387,3.39118547168916,3.50559579212682,3.61363953133033,3.80040415864524,4586.6921726757,0.999914008247602
"overdisp[153]",3.9866915055135,0.00177891632411915,0.130029670804319,3.72603860181266,3.90187886024572,3.98899535723943,4.07459731193588,4.23023346720311,5342.86111756829,1.00038587890937
"overdisp[154]",3.66663044895894,0.00207509252105275,0.145213717500377,3.3764104147331,3.57101662691474,3.66951010073643,3.76754671810658,3.93706310814533,4897.11561045118,1.00027832508798
"overdisp[155]",3.6970661775017,0.00200329562988951,0.145285255430732,3.40255945945985,3.59933917631703,3.70088459764056,3.79844260107568,3.97382516059519,5259.60337393718,0.999476521551895
"overdisp[156]",3.8434322312049,0.00198531231651698,0.137271188595864,3.55865696367681,3.75550904453424,3.84536694336289,3.93577968135129,4.1049127871633,4780.80593044995,0.999562088986207
"overdisp[157]",4.54134144719781,0.00136128738501385,0.101583385866774,4.33278378029314,4.47350353928991,4.54267848450128,4.61281284075814,4.7352753020107,5568.59622224537,0.999479199658957
"overdisp[158]",4.67102309448052,0.00150068557393409,0.0955272298377222,4.48265476846379,4.60603150430677,4.67167649224545,4.73586090985192,4.8613557996986,4052.05146371928,0.999921039648832
"overdisp[159]",5.61006038182586,0.000827384001147726,0.0616093441564012,5.48695160165628,5.56878012429016,5.61088609750705,5.65241237612687,5.7307147426113,5544.71123981043,0.999425366328253
"overdisp[160]",5.22503852839164,0.000947909529080673,0.0724720761953854,5.08329161581459,5.17607345976522,5.22606195502067,5.27269502037073,5.36424690868398,5845.31107369034,0.99981930299209
"overdisp[161]",5.0078034346968,0.00108403869526443,0.0827986872541289,4.84413446728309,4.95186732788979,5.00906039254051,5.06435577712614,5.16572664267166,5833.87786665437,0.999512475853476
"overdisp[162]",6.21043449042951,0.00065315941964561,0.0449063760277765,6.12153945295857,6.18038527679021,6.21026341774466,6.24034423374317,6.29853397870847,4726.9132095267,0.999394275901298
"overdisp[163]",6.24209258400177,0.00063914993657025,0.0443104577907957,6.1541891722056,6.21207336913857,6.24277789807921,6.27345968306814,6.32664131861174,4806.25682185941,0.999426127920316
"overdisp[164]",6.31206034353718,0.000561441368671276,0.0424134981379571,6.22627837329021,6.28392874098885,6.31291794389583,6.3411214423041,6.39281320614753,5706.88823497209,0.999606969251121
"overdisp[165]",6.30123852648306,0.000560128890372317,0.0420277576265853,6.22040884323341,6.2722404785949,6.30161919824633,6.33050059807515,6.38166833522434,5629.84569112188,1.00007802181712
"overdisp[166]",6.12016089745273,0.000572597909363385,0.0457645331743396,6.03028978811639,6.08993793131816,6.12067863716484,6.15179859689267,6.20541688839138,6387.90659631998,0.999338650945653
"overdisp[167]",5.69606110035922,0.000741536917772941,0.0564287832182589,5.58299843403071,5.65793761673328,5.69709857098685,5.7342452531344,5.80434758887174,5790.7633399106,0.999654130661068
"overdisp[168]",6.22823185894154,0.000592480798786119,0.042548396077515,6.14307065980889,6.19918383947876,6.22915058317857,6.25734481428564,6.31047267143459,5157.24574606301,0.999685046710323
"overdisp[169]",5.88649683906855,0.000711162300952441,0.0510499794663125,5.78661414990828,5.85089978157162,5.88745073343667,5.92101324640054,5.98467205266806,5152.92344828667,0.999190378634416
"overdisp[170]",6.6415577562134,0.000508347607005364,0.0359985016281633,6.56988602937792,6.61764160681315,6.64189730913162,6.66689946473323,6.70949464572395,5014.72684640849,0.999810004132677
"overdisp[171]",6.25309439870005,0.000565683697162661,0.0436429730112454,6.1661384975059,6.22386706124636,6.25374226785648,6.28297998475225,6.3380831955399,5952.25227659703,1.00012653616806
"overdisp[172]",5.90866613158418,0.00071297617883097,0.051881991291421,5.80638720956196,5.87400276192704,5.90947857205052,5.94376886252187,6.00802156713009,5295.21054646673,1.00004687447291
"overdisp[173]",4.96048144053685,0.00102368311604228,0.0795390732156584,4.8030082796865,4.90696902966733,4.96114871995448,5.0148592678965,5.11320351144903,6037.12227192749,0.999419176978903
"overdisp[174]",5.31178066927593,0.000924357766580465,0.0680233717321203,5.17675831648099,5.26582902215541,5.31294570650791,5.35872820521986,5.44284787818923,5415.46958057961,0.999941114674704
"overdisp[175]",4.81564881884818,0.00123436028954739,0.0886156744889857,4.63980572344357,4.7542758190948,4.81730488877299,4.8759668777573,4.98970042972164,5153.91452283743,1.00017972976725
"overdisp[176]",5.69078998004978,0.000765008511113929,0.0572410268381257,5.57942711046484,5.64988677036501,5.69061012655559,5.73077718997443,5.79864204587497,5598.63684498157,0.999685149075014
"sigma_rn[1]",0.210822373133134,0.0015135665158746,0.0718468168287423,0.0889014333665169,0.159445627295197,0.206429039728646,0.255810967320451,0.364240735229494,2253.26380309402,0.999611171570521
"sigma_rn[2]",0.272414259039251,0.00263343800875197,0.0969411648363518,0.119895220844457,0.20914337189066,0.260998623104326,0.320291916530139,0.506378680464669,1355.09664087841,1.00110664928422
"sigma_rn[3]",0.383920947693052,0.00592011308724798,0.114332324154839,0.202192536215143,0.298618094102172,0.371091375610219,0.454997092133523,0.634394305720448,372.973570688857,1.00438306668814
"sigma_rn[4]",0.195033772685166,0.00142135691219589,0.0637733609992402,0.0858416668815603,0.149385114903584,0.190212704937185,0.234590245367201,0.331717508991947,2013.13231411327,0.999966693499151
"sigma_rn[5]",0.291009170734768,0.00321809552444118,0.0790354102249266,0.150406632482669,0.237314028386398,0.283756817931757,0.338429306127724,0.464218193253689,603.178094402457,1.00193477350659
"sigma_rn[6]",0.261905391386995,0.00416935705276566,0.0892066428768267,0.113639277842187,0.200088879287012,0.252613579706492,0.309200037122738,0.468256664920487,457.779367266123,1.00390930457468
"sigma_rn[7]",0.211834435893382,0.00145753596673578,0.0630282747173217,0.0990858521788368,0.167655371803147,0.209647548070917,0.251545709149401,0.346746143404694,1869.95983237324,0.999910105324826
"sigma_rn[8]",0.24086945656795,0.00156056405716885,0.0659576609184868,0.124768481474112,0.195565661476316,0.236890156016899,0.280606723419033,0.384509899554701,1786.35303137853,1.00004498530673
"sigma_rn[9]",0.259032533414235,0.0020680532067968,0.0678503574730832,0.14190011981842,0.213534172425533,0.253571295784917,0.298472960163965,0.407828780826602,1076.41778330661,1.0015577090396
"sigma_rn[10]",0.307971514134336,0.00311850474100786,0.0881359267884511,0.16783730626265,0.246948578772948,0.296162319931245,0.356229883340002,0.517128785601422,798.754161910962,1.00085351207611
"sigma_rn[11]",0.335607014533792,0.00470189753091547,0.107835097272693,0.17351894921773,0.259133830237113,0.317315562036977,0.39292588589792,0.587611024504324,525.985713576279,1.00403748629292
"sigma_rn[12]",0.334542323394097,0.00412092384573621,0.0911867079270238,0.188159118313902,0.268695915289646,0.322973018906444,0.387777887215598,0.544155120340699,489.636625230334,1.00295492888907
"slope[1]",-0.00667374092408908,0.00121271155426631,0.0545336690871933,-0.118801267448325,-0.0396964360612552,-0.00606061390605516,0.0277636505182266,0.100275376996702,2022.15483528663,1.00172928735928
"slope[2]",0.0137925122243638,0.00219082280762709,0.0757424281633974,-0.129130787271098,-0.0295441051540867,0.0102202437321039,0.0522350487937911,0.17778856250738,1195.26427827734,1.00687673630051
"slope[3]",0.0123419537121479,0.00134554975491916,0.0607306571918878,-0.102977262440045,-0.0255689323356813,0.0115637619569869,0.0483718227811182,0.136968758229166,2037.11918434088,0.999686378586216
"slope[4]",-0.00570712822073435,0.00114833081771586,0.0521640078532528,-0.106679489415855,-0.0396642802532915,-0.00552383028376785,0.0282539544574571,0.0972784281609344,2063.51610617904,1.00147512288362
"slope[5]",-0.0301520511911335,0.00138441073199839,0.0590410545038833,-0.152290734936993,-0.0661201760312709,-0.0286150887317749,0.00897194395801573,0.084951361938147,1818.77215494101,1.00087988195107
"slope[6]",0.0140671796884101,0.00119140163746472,0.0559614328638296,-0.0966583039526746,-0.0206982475686615,0.0129147142270719,0.0482805882315656,0.130304216446809,2206.28324251119,0.999944731407328
"slope[7]",0.011892272739555,0.00103606462890344,0.0518753289214744,-0.0891585604447842,-0.0225890764241301,0.0110093758642606,0.0447929824917016,0.115776973125326,2506.96362421321,1.0013350104683
"slope[8]",0.0112161454764586,0.00114407628690951,0.0539010056386991,-0.0917656889807924,-0.0231329021824404,0.0103375415622993,0.0446753870356179,0.121104561529971,2219.64626098153,0.999776094148283
"slope[9]",-0.0048300815469368,0.00108123111737186,0.0522964896942618,-0.114798578556218,-0.0372927751132823,-0.00391737067603097,0.0281222634359782,0.0993975679416744,2339.41895924968,1.00006021911394
"slope[10]",-0.0267995743721849,0.00139606591291532,0.0602259581865907,-0.155539185411317,-0.0633617582844925,-0.0231142218089012,0.0130225412346648,0.0835789207231828,1861.03949599737,1.00268704299677
"slope[11]",0.011667936356617,0.00129393295919743,0.0576498770722755,-0.102132623857309,-0.0250436948752019,0.0103496506850051,0.0468242880120137,0.131907198689826,1985.05809017221,1.00184149474601
"slope[12]",-0.00564488024318222,0.00130950160674779,0.0575504590863783,-0.124613356063307,-0.0408389743157835,-0.00337890327427749,0.0311845463203883,0.105780862975215,1931.45908855507,1.0003908680948
"annual[1]",-0.0589531545028942,0.00222495808011417,0.11004647821266,-0.29593673207893,-0.125910504032661,-0.0535937923619573,0.0113414269347886,0.152601815391939,2446.29389277427,0.9995287350238
"annual[2]",-0.164795513768313,0.00327918961815914,0.144717400643945,-0.480823939950501,-0.258086476479331,-0.148866400212231,-0.0574897779607957,0.0707431661542173,1947.63892613038,1.00073316992817
"annual[3]",0.220235732185224,0.00385486259179023,0.161946426769907,-0.0542686980165393,0.0988505689060715,0.208838559740569,0.326807708795561,0.569433695745379,1764.919640241,1.00001594687073
"annual[4]",0.0310109624002064,0.00186655308357983,0.103783306890173,-0.170295722085709,-0.0324580789238558,0.0270238735635723,0.0947587696022106,0.249656994229427,3091.53607319018,1.00040115995608
"annual[5]",0.0672960820590816,0.00173270457334819,0.0955454971476642,-0.110188949895091,0.00480000673742901,0.0624765796981301,0.126949841741557,0.268847699871705,3040.68481764739,0.999707113368066
"annual[6]",0.0983689369414401,0.00191929983792589,0.101326034050568,-0.0863233743284122,0.0286275279232038,0.0914240244319733,0.163254446765134,0.313351709359614,2787.12492852345,0.99972584375141
"annual[7]",-0.0420075281401473,0.0016917690087032,0.0939340357768967,-0.242075146337753,-0.0984913908772069,-0.0379894623242042,0.0175931673872049,0.138737540111122,3082.93120514871,1.00052168444681
"annual[8]",0.0681572406895652,0.0020323410982799,0.104822999653735,-0.124046622840046,-0.00253604915372527,0.061636540872156,0.133865102179677,0.293112160800759,2660.23478361034,0.999894907058428
"annual[9]",-0.0272389307239562,0.00196139683519807,0.101202616901451,-0.240070463758597,-0.0893137382788593,-0.022645278236214,0.0376489074841155,0.164680815965108,2662.27273756943,1.00090618301966
"annual[10]",-0.273635062948146,0.00327659341139983,0.140265853826327,-0.550106965079824,-0.37019631441767,-0.270960782493017,-0.174412496529175,-0.0136743607117406,1832.56257103207,1.00339568007557
"annual[11]",0.0159209694395636,0.0022181422440393,0.109937596276634,-0.199982311738076,-0.0526801349265203,0.011986202940798,0.0819950743828686,0.247090657073447,2456.48257803844,1.00023682323537
"annual[12]",-0.112999833763261,0.00231589921883195,0.111212350356325,-0.347789918159585,-0.183230790212888,-0.103664556613744,-0.0345911036979304,0.0762990618669709,2306.0394145401,1.00006912189939
"annual[13]",0.0551094297107014,0.00222848163122797,0.106599369686728,-0.140430463599933,-0.016434667761897,0.0464724250575017,0.119512736326961,0.282958430776489,2288.18511526054,1.00042187754275
"annual[14]",-0.100946908670804,0.00250688505444535,0.112215837751671,-0.340395747238363,-0.171001808138684,-0.0937903763555106,-0.0236358876293306,0.104364456801951,2003.73124224012,0.999625284583389
"annual[15]",0.0549852010417403,0.00195809577848068,0.0936897120893327,-0.125069491844054,-0.00734168400507973,0.0517338267881102,0.114491753163995,0.252662362473436,2289.36978380001,0.999886147107945
"annual[16]",-0.0390382025321751,0.00180407533214054,0.0993245555429718,-0.249205293138699,-0.0991000080003727,-0.0333763421774639,0.0255302432103157,0.145147277011838,3031.12554192425,0.999425538852895
"annual[17]",0.210171334276049,0.00344801173672207,0.158165572812042,-0.0512601174608531,0.0910121777553762,0.194060972707571,0.314516758562248,0.548825850409067,2104.19723768442,0.999531390453404
"nu[1]",5.71835660462005,0.299985680646997,15.0752831349639,2.14406719105924,2.76448040260726,3.63295626302176,5.39577252669337,18.2445231619354,2525.398425827,0.999966358756898
"nu[2]",3.96230661666216,0.0980354159626232,4.86634346363486,2.03287604115079,2.28185585793196,2.74978821333529,3.93638765226638,12.7216134869525,2463.99330854794,1.00153253009547
"nu[3]",6.24223628050413,0.346252746426453,13.7654685255916,2.23585256883983,2.99965849481236,4.02851658606097,6.1176623801776,20.1584077369635,1580.503790798,1.00162781611677
"nu[4]",6.33749257988677,0.166121833189098,7.5595192905115,2.38765762829501,3.42921524549342,4.51702850706755,6.69468057092634,20.8243371916256,2070.78461274883,1.00141018099262
"N[1,1]",591.190419146393,10.3838404523383,389.901927034662,158.504072543372,349.360870192413,506.257381501689,723.734463595947,1563.77257915523,1409.92090569591,1.00099993296198
"N[1,2]",2845.0504461941,174.505655278,7906.15651244422,74.5775276804827,581.244602372816,1327.99681435022,2709.70076270405,13567.7879682166,2052.63534662635,1.00176293245205
"N[1,3]",513.245694239072,2.13175904943232,110.895650098016,350.411073238542,440.095306176623,491.393986077383,567.404958102733,781.455771782644,2706.15577199552,1.00040534941031
"N[1,4]",2045.50837866651,32.8714390576533,1134.31593196064,724.321436117805,1334.60699028577,1806.12071365557,2463.70481169381,4722.00659571521,1190.77752632595,1.00294314739157
"N[1,5]",880.210802526868,3.27342639313602,159.053689169383,578.411386789533,775.649427931393,879.376935336484,977.643366424164,1212.64195219359,2360.92577814249,1.00034583202852
"N[1,6]",503.359557746248,1.43949332163432,84.8469540045611,355.171852892104,448.135800791322,495.611859955114,547.598333017855,697.859650887068,3474.18709626527,1.00015666547563
"N[1,7]",4435.21174927297,12.0067529468426,709.727154619296,3222.483767354,3974.51787821209,4376.78563286004,4821.09622988521,5979.07330959462,3494.07075062035,0.999694005436525
"N[1,8]",805.49850185539,10.7723995212307,449.597921630952,262.277491598096,503.909305126047,708.522553836124,989.976628526212,1981.13133205684,1741.90187252852,1.00045606449384
"N[1,9]",952.008426521253,2.73024716002605,182.891833545015,610.670277120035,838.349164686838,946.814279637608,1054.73235333299,1348.34794014071,4487.29580776944,1.00098488770404
"N[1,10]",181.852275254856,0.61844361982351,35.1214491150699,115.966477800695,158.569821901884,180.761052002109,203.587820715062,255.988807931432,3225.11070152084,1.0017835089016
"N[1,11]",54.9601766184843,0.214147238862809,11.7860405443682,35.6321974291304,46.9191786620428,53.7004964859835,61.498389161722,82.7339286703998,3029.0811141781,1.00008682455744
"N[1,12]",260.991495250529,0.796280959094349,48.8402092435273,169.676606364237,229.307891795039,258.75311420244,288.556694766008,368.903646867325,3762.03100124054,0.999815988020889
"N[2,1]",538.46739133972,8.61654727591569,326.868456335223,158.121212928322,334.422412235044,468.812151759662,648.760632840522,1345.29075026684,1439.06189536368,1.00095507216352
"N[2,2]",2362.02679574699,120.585164171278,5179.31930586513,79.6168173612359,570.059909317463,1209.62130287108,2427.25723381439,11702.0004647888,1844.83536081293,1.00234519859905
"N[2,3]",611.397331880087,2.95171842804283,119.239469396442,384.366849934086,532.028084957734,611.956991438825,692.284894836819,839.53889614098,1631.887501711,1.0006549304385
"N[2,4]",1855.11810489948,30.4414207948873,1026.63427566158,736.322959507157,1286.89216465262,1674.00166219872,2205.64638416235,4020.61983624247,1137.36977404632,1.00309999479407
"N[2,5]",649.828917863931,1.53074538040329,102.132219392539,465.048809690045,581.751789310391,642.847818123735,709.381668019723,880.681359586524,4451.63577633293,0.999664306899823
"N[2,6]",481.424142409737,1.36161236064779,78.9109989568902,352.138645568305,427.815447008425,472.716025704602,525.277900213749,661.251723611216,3358.67600826928,1.00021546879347
"N[2,7]",4250.68235377298,10.1142358900529,661.420754288614,3037.44289026172,3806.80155940108,4241.6817399873,4677.69296300473,5637.76426544396,4276.50988186596,1.00030514398592
"N[2,8]",756.875820242141,8.80574605576014,388.231009294977,270.417410603376,504.018579336317,673.969323515518,910.153677351978,1751.8337844398,1943.78456014096,1.0003448679005
"N[2,9]",878.06915544208,4.77653467760881,256.515877304065,482.598549650531,702.122921482178,843.277133151787,1007.78913150456,1497.442598514,2884.048985538,1.00029548671328
"N[2,10]",148.08150259827,0.45990165095853,26.0123215260298,99.6355588084977,130.636197555462,146.786757053551,164.584965803544,200.966864576124,3199.10349097858,1.00103686328567
"N[2,11]",57.9861385185531,0.194989826252373,11.4946195514636,38.9454688658791,50.1671724786112,56.795523506653,64.1416237623395,84.6152816578024,3475.08393366737,1.00033092505163
"N[2,12]",213.526084834891,0.875841777078703,41.7002745771955,147.917452977176,186.167324651438,206.523959570584,234.547827096332,312.000297646468,2266.86948008517,0.999993581396493
"N[3,1]",412.761206256085,5.43005718234592,205.199133051264,152.846298332067,280.689679603328,374.421208509169,490.8312776076,920.678828844695,1428.04613152082,1.00094018991498
"N[3,2]",1888.89693170306,101.066802844658,4289.10541993964,74.2257931801564,515.80059321787,1003.50662252747,1942.27611911562,8914.94303652748,1801.0110879338,1.00151026833584
"N[3,3]",351.747902682558,1.28426526248128,71.758973184428,246.451668226442,304.287528739569,339.550241256926,386.573419278263,526.90710129167,3122.0723278246,0.999845983572203
"N[3,4]",1457.1938970759,11.7564109981977,517.433401625908,745.093193448663,1120.45978428092,1365.4198109215,1692.33311407094,2703.31853775151,1937.13282069526,1.00129428937614
"N[3,5]",373.347648675216,1.36758179597558,69.0090414908216,264.300366999258,327.138170710716,364.87205240859,408.554949785754,536.040332388912,2546.27536370042,0.999484218877409
"N[3,6]",446.802021748877,1.27032463709364,71.5596018322566,324.253883554013,398.838530379466,440.116778674194,486.495582454808,603.454415575086,3173.26534470853,0.999556788259787
"N[3,7]",3122.22306206252,11.0190305378201,575.779928692966,2259.90099190179,2715.95116973138,3022.84559992179,3434.23794855874,4520.92707758541,2730.39996598611,0.999521988105363
"N[3,8]",694.714874526801,5.79080393924964,282.123959173224,325.370380763376,508.62408683872,644.973328831098,818.363218102325,1341.74803801214,2373.57094657928,0.999984485333024
"N[3,9]",696.646826344648,4.03551354902396,220.970613930715,371.994955458767,542.233286845151,664.936728632632,810.047316486826,1221.33900432961,2998.27473414278,0.999904589946996
"N[3,10]",78.5639160072164,0.309898192162291,15.8605340049241,53.997803347634,67.6343912462221,76.0908558324495,87.1070614471252,116.003367944269,2619.37407819796,1.00094367945267
"N[3,11]",77.0472255725107,0.28215433766392,15.7946711135432,47.9807412250769,66.4227089320573,76.3245735462112,86.5885309588605,110.764024020018,3133.62996832241,0.999506171746029
"N[3,12]",188.28839084559,1.18404104550335,46.475148949003,123.205878369376,156.637630035112,179.31974123211,209.458015761006,306.557298263542,1540.6644628232,0.999983987895667
"N[4,1]",499.717734088465,4.23499947432197,169.177406947674,245.5011369631,386.488735866716,475.766735426972,579.572761695471,890.871628018783,1595.79833131836,1.00163147833463
"N[4,2]",1923.04390496574,68.6781373914312,2846.97651960699,109.547481741221,641.629993553199,1218.71273957675,2147.38839343751,8249.01012186205,1718.42568034237,1.00201284385769
"N[4,3]",579.334426226855,3.84542126805212,142.420408136036,308.809778218958,476.817954056139,579.030667358297,681.26936133937,846.906013575941,1371.69199481141,1.00042414972353
"N[4,4]",1823.95029977113,4.5976696496477,285.289348564456,1295.26510326407,1641.47790189231,1808.75689720313,1992.85048528375,2454.4340929726,3850.3090326087,1.00204703252143
"N[4,5]",419.585459940028,3.32691700741735,106.787403774576,275.687608844558,342.739094731325,397.342837390562,474.282597682081,683.33068302759,1030.28202215265,1.00265023300437
"N[4,6]",676.964968053012,1.63974770445495,105.709220633322,487.751230603068,606.924407365765,672.367308216879,738.891278102165,911.74316760211,4155.96305916518,1.00004109441037
"N[4,7]",4337.29868499395,10.8486434634986,655.61052952792,3252.39420635195,3902.38276448718,4258.40636906065,4696.40995207048,5853.82873462711,3652.08575742995,0.999748341323477
"N[4,8]",794.417303951308,2.025023718183,137.460613735505,565.80606033846,701.660751405596,777.770669389789,866.685101982264,1111.85063889425,4607.82873444483,0.99909906016596
"N[4,9]",670.5277574708,1.65444303628056,107.025828958379,479.179998631595,600.947842705563,664.078811226805,732.538949021956,897.425077155865,4184.78897907913,1.00016672077899
"N[4,10]",88.8875556472581,0.257475864775067,16.2858357179672,60.5805850832031,77.6663259167081,87.6092480161268,98.5472510544583,125.462181249265,4000.80190378506,0.999953953891995
"N[4,11]",102.294619935846,0.344381022644103,19.5813536028747,66.2171727401098,89.3411582327854,101.47462492312,113.984731109564,143.526023905954,3233.0096238163,1.0002409946927
"N[4,12]",426.272510110447,1.648373840271,81.5865659718296,266.83888937011,372.384631594701,426.756478961504,477.96487314532,589.608173451078,2449.77320597413,1.00138726533296
"N[5,1]",478.790643862071,1.48228499399686,85.0033721242243,344.753131832871,422.746715312895,468.715290016244,523.298368463496,669.050866232415,3288.58359048938,0.999740543673394
"N[5,2]",2177.79460623591,86.9801419023822,3763.94839625517,142.713445867237,744.603959594484,1342.26869032662,2438.15480927452,8866.48762533044,1872.60896205478,1.00068041220951
"N[5,3]",367.60743054837,2.05325838959495,85.8895885010335,250.209964869362,309.04728311578,351.487277824944,408.201743713953,583.569622141921,1749.82183691761,1.00141455031778
"N[5,4]",1750.04884267579,3.50631809205783,228.23482260207,1340.44024960638,1603.57078669478,1735.07754498625,1882.99972725122,2238.20699845749,4237.02658329152,0.999666557777635
"N[5,5]",580.871205283835,1.55706124472617,93.7662008232552,422.505265567698,520.850465549552,571.865447981027,629.728816192277,791.896358316361,3626.44628568038,1.00054240141775
"N[5,6]",804.040258169688,3.73276065180433,151.210188862862,528.346487924388,696.759635609915,793.897816573036,903.949200238437,1113.66711710653,1640.97447136122,1.00103053193757
"N[5,7]",5472.00837610588,11.699896772448,749.532093061121,4151.87763005995,4966.51812155147,5421.25421787103,5899.63442566921,7104.57514697764,4104.08555778333,0.999497922879025
"N[5,8]",989.039211461758,2.3627261220489,148.957367508232,708.470171060673,886.97494084001,988.946072627265,1084.806221762,1291.7482951013,3974.63462296371,1.00077840019117
"N[5,9]",706.397856991616,1.63556049890728,103.996731669068,528.099630483036,636.707147729896,695.486924369762,763.144617372924,949.692265026569,4043.02247250017,0.999437402400108
"N[5,10]",68.3154662470346,0.243528245177359,12.6935045903633,46.9732672342532,59.6440759088777,67.1654162121792,75.8152718817296,97.5497375736077,2716.84217353093,1.00099295917636
"N[5,11]",89.720988084562,0.403444048082792,19.4840861292591,58.6346425971613,76.4787537446568,87.0532503202313,99.9423435521725,133.969096229629,2332.34856704857,1.00091106689681
"N[5,12]",485.41942003829,1.28811451946277,78.5493918539503,344.487797934621,432.273665069859,480.24961304791,532.141680807358,658.968533979708,3718.57634970862,1.00003444244908
"N[6,1]",540.191237610421,2.24230555624207,116.050007110169,338.03735012858,462.594028983605,529.227559529174,601.467238482216,801.281607138807,2678.55616130305,1.00144485621628
"N[6,2]",2236.73946897325,86.0673617276789,3769.13765831505,187.246400450619,831.825660839663,1484.78793394658,2554.37676247508,8825.88779284319,1917.81635320416,1.00079518469877
"N[6,3]",372.684329703921,3.51069229769233,102.890409520695,240.039398578267,300.207943769528,348.876085355042,423.576603888529,628.530583346794,858.942829831751,1.00303891025197
"N[6,4]",1766.43457076359,3.55297400108951,228.107915331394,1363.96739550783,1614.43324916878,1750.74761463814,1898.83698872023,2259.44895764388,4121.89241349351,0.999395653293762
"N[6,5]",764.883523362408,2.29593460797668,124.329920435488,528.252788309254,683.889231482633,762.434170491233,841.813263281145,1020.28119321766,2932.4612534225,0.999595547645765
"N[6,6]",690.053629894458,2.91181985854055,136.505220367928,485.956375988248,592.270977455877,669.322638265829,766.916804861165,1005.79447069061,2197.70559414396,1.00158745552115
"N[6,7]",6440.58002661542,13.295532316209,850.311335154997,4921.91901698673,5871.78039409089,6384.06768252114,6942.72561970574,8329.26220796622,4090.19936647087,1.00125968182789
"N[6,8]",961.787421305044,2.73235017709991,139.947396037148,722.443352638794,869.199474471756,945.976272909858,1037.64952734254,1291.94478873597,2623.35418075311,0.999957448318628
"N[6,9]",736.039867327493,1.67874255291798,106.667950782952,540.726582899923,663.461511134703,730.092781425729,803.157693450626,965.838904389206,4037.380726906,0.999582870082934
"N[6,10]",78.5950138827095,0.242688092626207,13.7920390780045,52.7470432421674,69.3902656633894,78.1341406301059,86.9507485055539,107.296622638795,3229.68391961009,0.999785142429305
"N[6,11]",112.037870976287,0.309656438045368,19.000489084295,76.6670775632922,99.506914599069,111.214091212408,123.713789015131,151.548971520459,3765.0377288672,0.999838158527513
"N[6,12]",524.586785542994,1.27506313658416,82.557021732161,373.56957404029,470.97279293281,521.005158101891,574.729434955576,693.763238384836,4192.22568514163,1.00123101815055
"N[7,1]",604.010736341343,1.32064244050559,83.8032432915669,448.839526941461,550.167439748741,599.371021595875,652.429673040625,780.915450112022,4026.71742344064,0.99957510383487
"N[7,2]",2263.74646507473,64.4416801850122,2684.29591604774,253.119689400224,966.787899347418,1634.24849241397,2669.60685797247,8018.37587790123,1735.1102318722,1.00138394015619
"N[7,3]",627.492809371734,1.69670109569661,107.053690575474,425.031560846075,557.008610102462,625.948130869906,692.638642557454,846.264349495816,3981.00393596392,1.00063702144064
"N[7,4]",1874.22900356323,3.73434055419464,233.951104072682,1460.70168674584,1715.89659766057,1858.14092042451,2013.47774441264,2368.05278915011,3924.84360687982,0.999664355605705
"N[7,5]",897.825537842462,2.65276901239704,140.815945860656,636.729574645549,804.564324718935,893.405257750795,984.826687391251,1182.66012896903,2817.76520351416,0.999702628928683
"N[7,6]",882.422317581447,1.91134946105775,128.559620710786,646.697490374365,796.955756598861,872.676639493718,959.163919749575,1162.7245953566,4524.06637494601,1.00054426115966
"N[7,7]",8207.33053019163,17.2800537100398,1085.72438548453,6197.20653803255,7476.56440415271,8177.84786465182,8876.61817932451,10496.6351310134,3947.74423890621,0.999776782948093
"N[7,8]",1051.05410456907,2.20778613474244,139.835204526393,803.401716417829,957.738038930281,1039.48317910991,1134.61106542378,1358.9819488153,4011.61309933384,0.999731843044144
"N[7,9]",733.273460165589,2.01763002796387,114.122723313175,549.041770944248,652.808622303964,720.245057390895,798.031995048593,993.930841219318,3199.34583410531,1.00023893486466
"N[7,10]",76.5390280219751,0.211015202541851,12.9634507343064,54.6579418820246,67.5590438811623,75.2168517251127,83.9705548558206,105.173440505096,3774.10303932212,1.00024850256077
"N[7,11]",115.595567171617,0.340558710158786,19.739706476204,79.8935246861311,102.579584130882,114.495736963884,127.006652172146,157.323488268137,3359.67599607173,1.00019290623826
"N[7,12]",552.999403688586,1.28591928956221,83.981525444595,406.353915798187,496.880528982646,545.790375075851,601.072079993799,742.781539294304,4265.2068276594,0.999836359410425
"N[8,1]",568.805466538752,1.39827317437843,79.1619418758574,424.533859530399,517.451968798156,563.462259056162,614.274869402877,742.221135241277,3205.15344851664,0.999887995153555
"N[8,2]",2195.70412544519,58.6038160175522,2449.24637589432,283.557500439723,1005.33726432589,1614.55119750972,2605.44276356238,7482.09465304582,1746.6792287531,1.00121343578569
"N[8,3]",610.660416449419,1.85867050137467,101.973007612807,441.043791823513,543.645176886911,601.070376501582,665.470893501964,844.20053542978,3009.99410165117,1.00082627076522
"N[8,4]",1705.95466985874,4.09335972442728,233.666913253003,1302.63581143723,1548.28482392095,1687.52501212443,1842.87146440847,2216.62984597261,3258.62675423749,1.00049948939966
"N[8,5]",752.504053738201,1.6880480327282,114.61047552861,559.936674064925,673.89343346499,739.585849278692,817.360772311989,1008.5547398822,4609.76757362674,1.00016741519191
"N[8,6]",866.151047809937,3.53138553643016,160.546883590421,618.085930946815,752.414763633474,845.080723832739,956.417776882088,1240.295816433,2066.87157093326,1.00434617891259
"N[8,7]",8242.4672844733,19.1598124581129,1131.90310688884,6239.81705714997,7466.12442423751,8190.87146776991,8956.87348932344,10592.4367333817,3490.0849377512,1.00014230986486
"N[8,8]",1123.66891427339,2.59966988990547,157.702689525937,840.813582677149,1018.45666169803,1115.99689571129,1221.44828776592,1458.97184687368,3679.94893222006,0.999604529172358
"N[8,9]",795.002618702704,1.75373332090819,115.569050826663,582.438523428291,720.261247887995,787.764987653597,862.702535490289,1047.56980884226,4342.66157060937,1.00015334899036
"N[8,10]",59.4718626191527,0.273526231717349,12.2311204516922,40.4034721987301,50.6950480071295,58.0295880403153,66.6085516796127,87.2053010104455,1999.56037334722,1.00071017876849
"N[8,11]",108.410845475802,0.369229766704836,19.464767885124,72.7852875149035,95.4605117861369,107.337098478913,120.318699836768,149.219110233467,2779.10558241564,0.999947645302675
"N[8,12]",451.826292466282,1.13306669839769,71.0949251435129,324.84084217494,403.968356894193,447.622845342059,492.806479795403,614.540620564556,3937.00758513474,1.00054432555153
"N[9,1]",591.93279043655,1.45046017800698,87.5148183693186,430.232140546267,534.976619133327,589.30693428317,643.673614858114,772.565461650122,3640.42067199537,1.00031356030034
"N[9,2]",2249.20349322524,46.1615293141296,1844.99071610676,429.644422330742,1173.82729806291,1819.89038086772,2747.57097307221,6651.76953328999,1597.45264774288,1.00096508110013
"N[9,3]",1134.58714379262,2.84877275999746,195.514842202187,788.296470919897,1005.55337649376,1124.63995611036,1244.12491862562,1569.09631640247,4710.24880023738,0.999675624473358
"N[9,4]",2023.52334548004,4.27871702923194,267.038768531207,1543.51327322744,1847.86452320517,2004.42689167648,2173.35485119264,2619.15621938536,3895.12592011787,1.00011792054099
"N[9,5]",938.217721967843,2.19512500529119,141.586570691942,677.073443282043,842.63115001269,932.743063047114,1025.0643879679,1227.68894820747,4160.30922815218,0.999640545448902
"N[9,6]",1412.73982123609,7.89050272922159,282.719535223945,912.30018980686,1207.75969059736,1395.99203600464,1606.75629361758,1978.84120387429,1283.81453293819,1.00075523176112
"N[9,7]",8565.50859790187,17.2531677443769,1146.82530831833,6500.68939828369,7818.03317703974,8497.85163452898,9221.1155832667,11085.0420631755,4418.31675053454,1.00018792899765
"N[9,8]",1077.6225276398,3.13112604573815,170.437482057963,803.512013135325,958.966737314283,1057.30898008195,1169.69971402936,1488.98854931664,2962.98271196749,1.0001288544757
"N[9,9]",924.451371682014,2.32939866182755,135.768395660128,673.249670521828,832.68412268048,922.248384615247,1008.50964480093,1206.87106546482,3397.11093183842,1.00025538380865
"N[9,10]",82.5977042508352,0.223642652970275,13.8229939440866,58.3606825118467,73.214626588997,81.7021438084483,90.7050944367358,112.779987727805,3820.27797462448,0.999319596285905
"N[9,11]",62.6174111164707,0.315054674942181,14.3329990027342,39.8542772893178,52.958916119287,60.8777489772536,70.3766949077175,94.5046403445329,2069.67562415211,1.00178598140013
"N[9,12]",392.1850089924,1.86858623556997,85.2667401745147,264.623263100363,329.611899028054,379.192777498305,441.220843308954,587.494978966202,2082.2507578771,1.00065888091233
"N[10,1]",553.050260656576,3.12560320958168,127.597204106702,340.285600206037,467.712425506562,542.300089134836,623.191748717008,842.108098233869,1666.53572607694,1.00086821346927
"N[10,2]",2099.56308281064,38.3734075540102,1551.78193397603,465.763786667012,1176.50256670891,1772.55158351552,2564.66599350231,5689.85611437146,1635.31210113675,1.00032157567807
"N[10,3]",1535.54591777289,13.1602119150831,368.49789604902,842.948112874825,1262.92422397154,1533.87214720116,1794.11223597966,2234.70671236529,784.050903949936,1.00287302406046
"N[10,4]",2002.48186847407,4.58852516697279,279.947697063089,1511.46770031653,1815.6051144453,1978.7564700928,2164.75798519352,2625.174751512,3722.26734494126,1.0002687459284
"N[10,5]",865.017543145876,1.99472644819036,131.748217823738,632.153494455044,779.13086618094,853.944908487066,939.272520433581,1158.32804521714,4362.37309568664,1.00066453760862
"N[10,6]",1408.07611098972,5.42855324880015,222.611961021746,1007.6951639669,1257.53936581923,1397.93665742464,1538.85334373607,1895.18323157333,1681.62357225427,1.00066918241759
"N[10,7]",8263.60582976126,18.485004406389,1148.80947816179,6268.33949623692,7510.7992048144,8162.13092222389,8921.08335731265,10867.6581908794,3862.39692964278,1.00080886210745
"N[10,8]",1125.33388007631,3.35376070010679,181.152544390506,785.218823718107,1001.00623331046,1125.7503854192,1246.1160152144,1488.85711965024,2917.59317293074,1.00198342062129
"N[10,9]",858.228693535913,2.97366580148655,139.803741430281,593.019839346454,764.592438903143,854.141962558942,949.817211393238,1143.48034127367,2210.31042338884,1.00060320319011
"N[10,10]",78.934405552099,0.244521987025106,14.1438585772486,54.465402182165,69.3296329377752,77.6072438694719,87.2966266781849,110.585426694713,3345.80000832108,0.999770986102732
"N[10,11]",50.1329261438121,0.628268056304336,20.6589047557906,20.8662246242251,34.4928293177542,46.7944403008657,62.6574741258028,97.76910199193,1081.246286368,1.00554229305169
"N[10,12]",470.198331118465,1.26463071732485,80.289638130712,322.44499222609,416.430308280962,466.743403574083,520.014653162222,639.98917790846,4030.80276881305,0.999636427463468
"N[11,1]",378.677292042664,1.35855399826441,70.8124229352395,268.593801791159,330.33213074648,369.061342113342,416.036515541114,544.368492679499,2716.84648427647,1.00177771851593
"N[11,2]",1496.98758504327,26.8446649145309,1032.1257616281,397.428895114385,923.899863033343,1301.26063019762,1797.45216255647,3809.55112192736,1478.25467642982,0.999934221364793
"N[11,3]",804.854503397179,5.70726767384328,211.78543416683,532.781911896292,663.427492090866,755.424412086167,895.919837044592,1326.96570381354,1377.00555378472,1.00170253682685
"N[11,4]",1610.47084007397,3.54228758670039,220.437549327434,1200.3984434237,1466.12537194697,1601.64963204105,1745.69844236919,2067.46316900126,3872.60778283857,1.00047506558805
"N[11,5]",607.561311798511,1.43844533647306,94.1690150825467,426.80239737539,545.637110268417,603.284905078874,663.986906101448,811.108489419355,4285.77464460937,0.999338431501146
"N[11,6]",925.177352555783,2.24613400479269,145.043106918425,681.653610023599,828.971515439572,908.522953217217,1003.48586404817,1261.44060085036,4169.87333103581,0.999590411978725
"N[11,7]",6262.59639433775,14.0670597755268,868.504350705341,4712.72064426949,5701.11194021449,6223.77663567155,6760.93828058925,8172.17496677928,3811.86341557774,1.00021191223682
"N[11,8]",808.256006408386,2.14753429730496,127.549980333359,574.416114937763,723.327561317579,804.934946113024,885.386559281043,1076.79459534932,3527.61008075779,1.00095898980209
"N[11,9]",506.861378154669,1.42791101252628,83.1902602291816,371.788557373503,449.123564233675,496.941048566814,552.325868668808,703.444973841076,3394.24103487218,1.000421552443
"N[11,10]",51.3815885392545,0.444050409422201,15.1611064785182,29.3739800399742,40.6288640105411,48.7869688320126,59.235317134879,88.194052697428,1165.72804837892,1.0008626034508
"N[11,11]",52.4749456880403,0.187564975045677,10.9457311486671,32.4364855995734,45.101589729087,51.8810496916418,59.3634029985923,75.9515766907766,3405.54063124656,0.999993938485307
"N[11,12]",386.909708658016,1.0891240430194,68.0202101911955,272.62241399051,343.53246503916,378.874964716861,421.294074341066,545.655154350833,3900.50867705021,0.999321997134374
"N[12,1]",460.150123696768,2.91515891164493,119.515127969285,262.906819202368,378.379676519299,447.823969698576,525.983889899579,739.997791560194,1680.82033450344,1.00104876518315
"N[12,2]",1186.11732684597,9.81997451528558,447.396662860454,539.76858557241,881.816876237146,1109.82286010393,1404.27803374058,2257.75934534698,2075.70083153245,1.00097014289541
"N[12,3]",1755.67132161516,6.27411915317126,314.272535592507,1184.3616699003,1561.12316958826,1735.3859040721,1922.13940651398,2421.44370382078,2509.03855286339,1.00220066179414
"N[12,4]",1909.4200300355,4.77785468549948,283.986309525703,1390.92625444338,1718.74852723332,1897.66746454202,2077.94970015336,2494.91343956497,3532.88039041241,1.00004662645389
"N[12,5]",579.810486900137,1.37295192515064,92.1488757293593,417.214423221388,518.491454119417,574.539952746187,632.395206796839,776.752375589979,4504.73679732712,0.999292229690138
"N[12,6]",979.702496666797,4.41494443437171,215.341490992551,562.111048387788,834.983172649436,977.258330296024,1121.06192806786,1424.48816215633,2379.05754766557,1.0014577305733
"N[12,7]",5826.6705677539,13.7990212797854,843.803685914481,4256.48521767116,5263.90477369408,5802.16740181988,6320.70753481445,7660.89681090414,3739.26519821212,0.99971659364275
"N[12,8]",472.721361576116,2.23604748771615,97.3826043395092,330.3582702702,404.021569698883,456.405499119714,520.692214532507,714.959631353051,1896.70908569577,1.00068761561757
"N[12,9]",336.227195581071,1.50313782924292,64.3747947858069,239.038285247074,293.003758665537,326.96403570083,367.873391428572,488.983901659973,1834.14685592643,1.00111065476297
"N[12,10]",112.298144217294,0.434078778027536,21.5100350839811,71.7367557104091,98.2517596193793,111.798470985345,126.273471131021,155.542131681339,2455.52935201642,1.00002108083597
"N[12,11]",39.9378835540818,0.179706023854436,9.52505750738905,25.0804671180868,33.2037786094522,38.6906421497857,45.0988497442112,61.9137648609452,2809.37648173583,0.999489363072277
"N[12,12]",648.298967418576,3.05485599431705,127.627853682104,395.367666114115,563.033121507514,652.824496338306,732.960748506686,895.477256242877,1745.45817501096,1.00140891396301
"N[13,1]",425.997775582639,1.56772600321972,76.5434899859975,285.7361163681,376.24140507138,423.346628763899,469.127729146274,588.589134393987,2383.83502309402,1.00057971189974
"N[13,2]",966.335745895234,5.40426968514567,218.697395125783,660.618629652031,820.248033861126,926.059239014079,1061.55635496902,1515.39446016437,1637.62022821684,1.00046413223698
"N[13,3]",1734.06353770143,7.44752182985652,313.701969129783,1115.70553832325,1527.19125948232,1738.29288437441,1934.98012248091,2345.3729595178,1774.23409150312,1.00078383973605
"N[13,4]",1646.85840001068,4.0047697170316,244.925018842293,1210.32931604979,1488.49777781853,1632.98545438729,1782.59168673317,2192.1211262984,3740.34105087958,1.00107873796282
"N[13,5]",405.497986404798,1.70022548125644,76.7645630887461,287.225417920349,352.130992141448,394.171116687519,447.909233154628,589.152800307206,2038.48971017783,1.00041711617888
"N[13,6]",667.534427531235,5.51725391240007,208.751551948659,378.727014074839,509.82637527914,633.271020748728,783.792913549806,1149.23574952621,1431.57294838324,1.00107060698826
"N[13,7]",4621.98673820374,12.2449700828805,729.857026502264,3403.15832839895,4132.8622876397,4534.1702578059,5037.60518764808,6278.66363652444,3552.71304042211,0.999562003334065
"N[13,8]",415.118947599538,1.52016212341935,70.0209523216069,303.104472622056,369.572018888645,406.586891291296,449.428349874387,578.738119017337,2121.66206548144,1.00088664312506
"N[13,9]",295.793072480862,1.48848959450589,58.4761472492676,208.336873278263,255.510786231905,285.653617362186,326.206435605992,437.120081749777,1543.3552231903,1.00125892510246
"N[13,10]",104.352280288077,0.34089726294488,18.1691774576345,71.0808254321597,92.153191674142,103.356963146936,115.872516245714,142.496480793791,2840.6877911472,1.00013784311516
"N[13,11]",47.4932482161147,0.195133448132258,10.0415545870033,29.5307973748991,40.5489228327532,46.933328274699,53.6480569560412,69.7346451297457,2648.12492591723,1.00236131556362
"N[13,12]",494.195924108117,1.50758653630802,85.5504217100787,331.426026421084,439.606953146867,493.772290384306,545.152985000538,672.138269562064,3220.17748247697,1.00080804881915
"N[14,1]",422.271801899482,1.81923189596021,92.4973494352261,269.74453785725,360.894538030433,411.001435671685,473.77892887746,631.413419652538,2585.13038583953,0.999889791345114
"N[14,2]",1377.46898455113,3.87212234357611,224.365449052848,951.891243385067,1223.53304017999,1372.6413317177,1522.54872217892,1838.34907272428,3357.48295286986,0.99984342524766
"N[14,3]",1438.27534645233,3.58812670054115,238.598315083696,1010.57456098925,1288.27701711698,1420.46789315834,1564.22771248187,1973.29039024062,4421.80111509037,0.999917593921839
"N[14,4]",1628.45189536871,5.64308024427585,320.61994499785,1089.30799710546,1415.56019634514,1601.6725799968,1805.04727343643,2372.69610026381,3228.11218131988,1.00086024697974
"N[14,5]",493.079962904211,2.35515179045203,93.9029211816076,320.577922347984,425.761363004318,490.890427169102,556.876645888566,681.004149241769,1589.71912804214,1.00115857115303
"N[14,6]",802.153646486467,5.44320198814704,226.323613466364,439.716541875699,648.635434828982,774.593100403575,921.469400724635,1316.61484418238,1728.82421021233,1.00046805450133
"N[14,7]",5035.78813901049,18.5984029456912,1063.8304316934,3226.85167864971,4314.30754160865,4933.97312725981,5632.49042762384,7488.10514305043,3271.85096858887,1.00068810943077
"N[14,8]",537.076348715263,1.36007357481886,78.5569748446711,397.484946426961,485.686848006961,531.998822302395,583.975932918347,699.21216450859,3336.14329476095,1.00091304144883
"N[14,9]",441.842564405792,1.0688627816005,68.9708758405787,325.451468502906,397.459331291906,436.083877205239,479.423705277426,598.619570016983,4163.77805649593,0.999318650998379
"N[14,10]",92.1081747887425,0.248425393361964,15.5561329446457,65.4595122012856,81.4610254820111,91.0153387681355,100.652515429022,126.349444920414,3921.13071067952,0.999417320249902
"N[14,11]",42.5082503420113,0.145853004148234,8.35487568446982,28.2205600302657,36.7814582833143,41.8106118715815,47.4663943776478,61.4019401259968,3281.32484583711,0.999418252940831
"N[14,12]",357.620223303902,0.924088255073232,61.9418272337983,247.317493097783,316.683591599588,353.793719319401,394.535471938087,490.814006299478,4493.04868092396,0.999397057325631
"N[15,1]",348.532601694963,0.873037304389494,50.4255928644533,260.399186123652,314.542414953012,343.503721243752,378.131517093151,460.764866084047,3336.07974589451,1.001365502668
"N[15,2]",1313.56565995983,3.01542152009999,196.042639992829,977.579609389137,1182.44382094298,1295.14724057216,1422.87074223777,1762.84123073762,4226.73504473978,0.999846252783775
"N[15,3]",1078.10788326563,2.81111558993396,181.136048904075,730.527534883649,959.760007209452,1072.29127764962,1187.50357735807,1465.84690833966,4151.95247021158,1.00001742257174
"N[15,4]",1345.74748673919,3.3196286209923,192.273701426336,995.428707943555,1216.48869691254,1334.21264116277,1456.51309782167,1770.91134998571,3354.75472465888,1.0006427686539
"N[15,5]",317.242732241705,0.847579357277437,50.4336993562602,230.013316381692,284.231273412023,312.639037882727,345.555933544949,429.849723681557,3540.63296469467,1.00037918328751
"N[15,6]",756.712418713029,1.78829134548566,114.472060898931,550.764686560875,681.304049048728,750.175007780051,823.838197456376,1007.65644710492,4097.53294332805,0.999875794388487
"N[15,7]",4129.75928552979,13.504908224927,708.898195992057,2990.25221976461,3618.38705266767,4051.59910890737,4541.67991461186,5721.66295978222,2755.39881886356,1.00017865079437
"N[15,8]",571.585735162211,1.3276678963511,82.5728250325377,429.38977717234,517.712438055016,564.030244218536,618.752203052439,760.386709827803,3868.07938467275,1.00071044985634
"N[15,9]",557.395530500074,1.34573476947033,82.912649547226,403.061291373055,503.350360635875,553.626166789102,607.578329094795,734.086534910085,3795.96885598644,0.999733943849457
"N[15,10]",72.4018997863038,0.203671030464977,12.2172896154349,50.5679011541389,64.184544968355,71.4131584683346,79.6803434168681,98.4166731568083,3598.24902873648,0.999553525517581
"N[15,11]",42.3888505017168,0.157244400430655,8.24241973698953,28.6721323225255,36.6729812923507,41.6018406826008,47.0249097473585,60.7458362860141,2747.63522678714,1.00082941897274
"N[15,12]",187.770339925183,0.970158123197815,43.0507540849861,124.905441323449,157.121939167115,180.32897271682,210.46187933287,292.193422658899,1969.13946943326,1.00027544617674
"N[16,1]",364.684279452227,0.844766878557518,53.6336678763934,269.306124666803,328.774185526422,361.80572522104,396.468461252574,478.548061806435,4030.8927316781,0.999722061952205
"N[16,2]",1649.37091652514,6.73188416856927,298.361158391039,1101.57503518577,1446.18860910382,1637.24566827347,1847.84811383391,2251.66807149626,1964.31575434477,1.00084339211689
"N[16,3]",716.131142703312,3.1771887451371,140.350995292573,508.647015823798,618.446583384123,690.517760090774,785.825602882015,1061.79904437435,1951.39398799294,1.00038122697886
"N[16,4]",1339.88791554524,3.29804496704519,211.423963535251,968.298169361908,1204.13246528151,1321.26970916212,1454.84624158909,1831.50031573378,4109.55952157299,1.00007505198055
"N[16,5]",274.77211194844,0.672211084710553,43.5684971685235,196.625821077445,245.904157021354,271.998724896644,300.069555751071,372.511227821648,4200.81755650264,0.999210325036632
"N[16,6]",808.54983282903,1.88832178402672,125.0389649506,604.494205256826,725.90698209333,794.690996168865,877.614096724875,1094.14216570836,4384.68838029611,0.999697464090347
"N[16,7]",4972.26606438876,15.9996524990858,893.820201204119,3247.04620024944,4384.9965437627,4960.74905532585,5538.48141431043,6751.2607628893,3120.8955318489,1.00026977559886
"N[16,8]",751.080594936088,1.53017739594345,103.32401118269,564.103765787119,682.409717703516,745.291604472791,811.506065649182,976.245176389014,4559.51817374072,0.999795014573796
"N[16,9]",706.295634359373,2.71578758374476,116.952439950816,484.756094995494,624.380187171157,706.927393215856,783.725487376471,939.858456114684,1854.50059392676,1.00129165903882
"N[16,10]",55.1430832981777,0.205107008576325,10.9634696895638,37.6525197996832,47.4534836192443,53.9607803948983,61.5462403152606,80.1397276430704,2857.16314392221,1.00055209338998
"N[16,11]",54.8820997978097,0.215164809034456,11.6653128221494,36.246040924644,46.990017453584,53.4008252842016,61.4939659467444,81.8181875570561,2939.34317720701,1.00007543807652
"N[16,12]",190.270186400941,0.526516683095465,32.2831116126763,130.278000912113,169.168177142881,188.330475571852,209.567928578568,259.090430619728,3759.46894598847,0.999576180999989
"N[17,1]",331.194305556401,0.934547442744042,56.9527978369964,236.399671637494,292.744476653693,324.36237035736,362.203119543815,457.354374305362,3713.8761847926,1.00024839683636
"N[17,2]",1292.72247715973,4.57274341914907,265.207560967827,907.183081968044,1115.69194786239,1244.49005932431,1417.12339837974,1955.89644476865,3363.70682314015,0.999397537054405
"N[17,3]",668.093481344143,1.79766780605243,121.781805443372,455.495799278262,589.92143419338,657.858274930481,733.659470591155,949.350817899394,4589.29457574179,0.99952419235545
"N[17,4]",1331.1749235075,7.8850113905087,399.35605131388,706.052128904662,1068.38487976313,1272.42155115245,1530.29813769816,2309.26852413305,2565.16844580247,1.00007016229024
"N[17,5]",177.848898000896,1.20416539353989,38.7366633653178,120.160341466149,150.477836120915,170.948869017515,198.65247465682,269.603488906621,1034.83744529491,1.00120576900574
"N[17,6]",837.074939240432,2.18542638969865,142.295147622796,568.148536662707,746.080367262291,832.549409162852,924.607612490158,1128.33339970616,4239.43338082639,0.999587492360892
"N[17,7]",4646.0390609674,28.6616640887394,1511.80331570331,2322.81491155009,3643.42607958634,4437.94839723818,5377.18105949878,8107.27310026785,2782.19639390305,1.00059219017348
"N[17,8]",787.591487191455,1.82654932440354,115.828257208695,586.721200889645,709.709371297476,778.110988168274,849.46995419214,1043.08117754716,4021.29778622853,0.999975933978191
"N[17,9]",612.812790770677,1.53034317862937,95.9874362040169,451.942120320959,550.262875745516,604.222321796053,663.65569841978,832.931860551952,3934.15185960514,0.999387915243245
"N[17,10]",52.9794472644946,0.162901219855586,10.5933548091261,34.7205484811017,45.4717212511376,52.1325722463442,59.4414342805892,75.9713085170053,4228.81186465999,0.999552360312824
"N[17,11]",81.367038703391,0.328278416159937,16.0400931462538,51.5831279005646,70.540545064229,81.1356802797316,91.4835096808252,114.973591566792,2387.42156838672,0.999862441630069
"N[17,12]",159.602026679039,0.946965853905444,36.7938207490965,106.508707741771,134.323705716985,153.227547249119,178.797717747828,247.391902098967,1509.66691658614,1.00158074490447
"N[18,1]",421.760865814403,2.37402712708572,133.617872127559,218.585890475684,332.926252224578,404.303999717605,490.370340540298,736.313365831713,3167.79995493558,0.999218310541611
"N[18,2]",1712.50740377986,12.4325236079901,675.100788956135,733.718869335974,1265.94918374053,1611.21294906319,2028.63756509641,3318.3131876277,2948.61890643588,1.00114853294053
"N[18,3]",882.996321413694,8.9645594818087,463.72724094012,314.662947933834,596.092910716799,803.799482418334,1049.46402893504,1962.31518106178,2675.88417270203,0.999791067904008
"N[18,4]",1694.14339849026,13.7504497569364,681.919297432958,727.807760578462,1234.16596095429,1586.59958949311,2021.17835342042,3339.68833900396,2459.4169064151,0.999895957585111
"N[18,5]",228.820117401411,0.671924201661413,42.7565289212801,157.331437036686,201.324858787561,225.944515050112,251.181060755004,326.286721846967,4049.15418057938,0.999787235675207
"N[18,6]",1109.17019430042,8.07656608020791,426.780912960696,501.047663648492,827.378988469254,1041.95575859483,1311.24637759308,2113.05661426898,2792.26398540048,0.999700974381053
"N[18,7]",6218.70615145523,46.6223364957046,2574.67962665204,2618.51413023353,4492.0281752474,5812.56092205659,7426.54615832955,12307.5177373292,3049.70845521061,1.00027855449961
"N[18,8]",1095.93730786928,3.29218397615321,191.292461121052,731.752116749885,969.721010044679,1089.61387344725,1216.1178762114,1489.43058202505,3376.19494975231,1.00016837261715
"N[18,9]",746.360730151368,2.00996805780519,128.344047881214,518.833293280706,663.572879970298,735.936045758714,819.91965179925,1027.21120587585,4077.3045665611,0.999238957096934
"N[18,10]",64.9019854974666,0.449756027259483,26.6774771667044,26.8452640649849,46.7156209542763,60.5344914302513,79.0179561740484,127.334101383455,3518.32155880242,0.999820398504698
"N[18,11]",105.26773759702,0.347353243831241,21.0699039508894,68.7636386018782,91.1792746610079,103.916943281076,117.585431869412,150.97727499614,3679.44566257552,1.00006148188679
"N[18,12]",260.68098705372,1.00807372726567,54.4359473739686,152.628121253564,225.318183615701,260.931727216452,296.317302618854,367.708596466567,2915.99636829776,1.00006133406673
"Omega[1,1]",1,NA,0,1,1,1,1,1,NA,NA
"Omega[1,2]",-0.00770274324430876,0.00431154808223366,0.270372354221235,-0.529677930281101,-0.199890587957835,-0.0068000870846368,0.175746345925869,0.514168495281115,3932.40371574176,0.999896933121811
"Omega[1,3]",0.0853970851812848,0.00776617427322921,0.267246671766073,-0.441378694324123,-0.104739695561119,0.0901720591550638,0.278007944596816,0.591548209698161,1184.15989075179,1.00187237847521
"Omega[1,4]",0.0141788508187287,0.00538672389778733,0.286969282097465,-0.560508883250094,-0.180868017884259,0.0100972580266242,0.211998227355002,0.569509094319205,2838.05881074923,1.00102689551247
"Omega[1,5]",0.0429699403946139,0.00668780332275127,0.272166272775194,-0.494690345859767,-0.146393442273733,0.0489191650470903,0.23573214365292,0.545579569898703,1656.15746380288,1.00267665103632
"Omega[1,6]",-0.0403679801140715,0.00628893672442978,0.277667150704607,-0.573863669302857,-0.235023192950736,-0.0465928201148418,0.1511915662961,0.505895760447143,1949.37125271215,1.00475481488388
"Omega[1,7]",0.041644041554084,0.00575650251552118,0.282380724702043,-0.507491659431538,-0.158343855130735,0.0473038789895674,0.24635206319153,0.583593484689026,2406.31622499095,1.00072379034174
"Omega[1,8]",-0.0628059666971799,0.00538267273460727,0.269860320034055,-0.568342830080228,-0.255724435512223,-0.0659567193092523,0.127062885001982,0.475764462202866,2513.51864384821,1.00031211007671
"Omega[1,9]",-0.0197487790181282,0.00594721296692361,0.265461341327273,-0.540704920179388,-0.205238931515566,-0.0143543607846697,0.160055261697487,0.506443792432741,1992.39566266029,0.999690269391461
"Omega[1,10]",0.099719030005205,0.00686366090548166,0.271969072148787,-0.458327471185972,-0.0873083267467888,0.108297380176816,0.293628883135483,0.601132071522555,1570.1003144021,1.00441114947614
"Omega[1,11]",0.0157498531310422,0.00654748443103108,0.261092362017457,-0.488739507595838,-0.165891416141841,0.0166412600779735,0.199812419309009,0.506196793132706,1590.15473052277,1.00104313116381
"Omega[1,12]",0.0663662445677499,0.00680069386229325,0.264978840383477,-0.462371650049835,-0.121976361328126,0.076339930705692,0.255414779464423,0.564337298266917,1518.15439046027,1.00140641302664
"Omega[2,1]",-0.00770274324430876,0.00431154808223366,0.270372354221235,-0.529677930281101,-0.199890587957835,-0.0068000870846368,0.175746345925869,0.514168495281115,3932.40371574176,0.999896933121811
"Omega[2,2]",1,1.52330486445074e-18,9.13437118446223e-17,1,1,1,1,1,3595.70168307019,0.998999499499374
"Omega[2,3]",-0.0871361188802262,0.00790479089293236,0.265451754759182,-0.585967223642517,-0.27510065836937,-0.092776434514577,0.092886413002928,0.433675792173842,1127.69181764484,1.00268883188574
"Omega[2,4]",-0.0390343628578109,0.00508165294633201,0.269552378105913,-0.554550149653206,-0.223825983776738,-0.0433562195863291,0.151841427441515,0.497942103842474,2813.69055425675,0.999732346362401
"Omega[2,5]",0.087820987439312,0.00692675728912699,0.259510059305251,-0.44511334357971,-0.0852855524782436,0.0967352282265604,0.271785325899715,0.570816135973594,1403.61646190391,1.00232968344799
"Omega[2,6]",0.0336638511440029,0.00658416141044539,0.275450968452943,-0.512618133523437,-0.1588874131664,0.037636440439457,0.232797120817195,0.550315633640066,1750.19995842032,1.00028207917184
"Omega[2,7]",0.0441910044567377,0.00600475665506881,0.27045321384139,-0.470476107371842,-0.146717216642949,0.0460124345571513,0.239491248863171,0.553512452767649,2028.58621000768,1.00009534892693
"Omega[2,8]",0.0860635136877099,0.00614138302706996,0.264212883749964,-0.439395091518333,-0.100085048761698,0.0930205009697602,0.275572430267698,0.577960645209661,1850.86871044826,1.00283504963208
"Omega[2,9]",0.158288526307339,0.00555358138102931,0.250809687376197,-0.340091077351005,-0.00907415379208474,0.16323204236961,0.335893847510615,0.624205222377624,2039.58745975898,1.00336792439158
"Omega[2,10]",-0.0757457543417212,0.00722776476591407,0.269535770555769,-0.579675355561514,-0.266373837593272,-0.0838838073330226,0.112152948289899,0.455880760712473,1390.67228437933,1.00292234503079
"Omega[2,11]",-0.0735253837060189,0.00682457536077272,0.261501093759373,-0.563861330320128,-0.258807053969956,-0.0776398812171805,0.109932202849793,0.434728467911326,1468.23560534037,1.0019448156485
"Omega[2,12]",-0.0750646305912527,0.00650615220876076,0.253027529034031,-0.562241576160106,-0.250702559925595,-0.077836813614497,0.104102683439271,0.407756791455272,1512.47118821536,1.00279192207597
"Omega[3,1]",0.0853970851812848,0.00776617427322921,0.267246671766073,-0.441378694324123,-0.104739695561119,0.0901720591550638,0.278007944596816,0.591548209698161,1184.15989075179,1.00187237847521
"Omega[3,2]",-0.0871361188802262,0.00790479089293236,0.265451754759182,-0.585967223642517,-0.27510065836937,-0.092776434514577,0.092886413002928,0.433675792173842,1127.69181764484,1.00268883188574
"Omega[3,3]",1,1.37975690554679e-18,8.65619451853825e-17,1,1,1,1,1,3935.94355512021,0.998999499499374
"Omega[3,4]",0.0984649761652056,0.00459103548715376,0.250105247862917,-0.392512742224725,-0.0745510891451003,0.0970844283813053,0.2758182487513,0.574345723287939,2967.72947093241,0.999868718443081
"Omega[3,5]",0.018430452736718,0.00485042276505964,0.222257102566082,-0.406503566659055,-0.135197959816362,0.0151353752539769,0.170219008457425,0.44905763084198,2099.67515670757,1.00139108520081
"Omega[3,6]",0.111207979438192,0.00465005253479116,0.238663364957109,-0.374738163861858,-0.0489901086306838,0.119148485075757,0.283178307929735,0.561028566344309,2634.24279079698,1.00040741449068
"Omega[3,7]",-0.0199940839714129,0.00440889773141501,0.239693976772013,-0.481394703439117,-0.190332250035446,-0.0158285566531437,0.146464667527254,0.442401124983315,2955.6580768227,1.00006303817457
"Omega[3,8]",-0.212818553997559,0.00396459416877924,0.233126414059183,-0.634175676481271,-0.381912450812262,-0.223028413737915,-0.0518873500554238,0.258863666220808,3457.68551941262,0.999712545904277
"Omega[3,9]",-0.142423689106831,0.00393535147930474,0.226266649089218,-0.567217299348616,-0.305460011928281,-0.146219091698496,0.0115086771242475,0.303744977466945,3305.78067823697,1.00089415772661
"Omega[3,10]",0.285641837946901,0.00385209223369637,0.214329827300815,-0.156751607877401,0.14700366570733,0.297834905171846,0.43956381208629,0.666297246601998,3095.79271250146,1.0007202480871
"Omega[3,11]",-0.23387643994354,0.00431794350179439,0.216963663563355,-0.633617550660317,-0.388247119688911,-0.241184003117026,-0.0843485653993944,0.187556359555416,2524.75999493983,1.00255500301465
"Omega[3,12]",0.0846546013106549,0.00378636095009899,0.20851390784577,-0.324473297324854,-0.0608419323832948,0.0896036951761796,0.227074639179304,0.489472438816078,3032.67611175783,1.00032939624035
"Omega[4,1]",0.0141788508187287,0.00538672389778733,0.286969282097465,-0.560508883250094,-0.180868017884259,0.0100972580266242,0.211998227355002,0.569509094319205,2838.05881074923,1.00102689551247
"Omega[4,2]",-0.0390343628578109,0.00508165294633201,0.269552378105913,-0.554550149653206,-0.223825983776738,-0.0433562195863291,0.151841427441515,0.497942103842474,2813.69055425675,0.999732346362401
"Omega[4,3]",0.0984649761652056,0.00459103548715376,0.250105247862917,-0.392512742224725,-0.0745510891451003,0.0970844283813053,0.2758182487513,0.574345723287939,2967.72947093241,0.999868718443081
"Omega[4,4]",1,1.46116209693401e-18,9.11241149936178e-17,1,1,1,1,1,3889.28573751101,0.998999499499374
"Omega[4,5]",0.00540947200038451,0.0060768256016387,0.267485857864264,-0.517402748146274,-0.181835351903135,0.00764899685088313,0.198374131745677,0.518266668103788,1937.52852752387,1.00245011707372
"Omega[4,6]",0.0607781371883328,0.00637917691087073,0.274587691736188,-0.474110417608256,-0.13240133139299,0.0619588349934286,0.263458393060865,0.568816141450038,1852.81833510994,1.00123311972678
"Omega[4,7]",-0.0239907787204581,0.00515142243480193,0.278076565950258,-0.563154164843139,-0.222091148258273,-0.0215734698052436,0.171307386670564,0.511189299586903,2913.89872282494,1.00046497071075
"Omega[4,8]",-0.0791515432444838,0.00544076561908998,0.268168110040402,-0.571219995561721,-0.270745238205554,-0.088052087927015,0.107954079533465,0.452182800329692,2429.37315150803,1.00134527421781
"Omega[4,9]",-0.0813985688168553,0.00605358791503555,0.261469566287541,-0.569480457287164,-0.262903559151498,-0.0865484598410193,0.106366620702681,0.413933875113816,1865.59163196389,1.002036992398
"Omega[4,10]",0.133246590543029,0.00561792546439485,0.267251497546249,-0.400198590053181,-0.0555378438981033,0.146060143932424,0.324877314453087,0.62185945453449,2263.01977555623,1.00005720492833
"Omega[4,11]",-0.0391233839841178,0.0058586875841046,0.267944051288726,-0.542241636612102,-0.236669346557749,-0.0339217153017414,0.149657571176895,0.471179541290966,2091.64299103252,1.00048346730475
"Omega[4,12]",0.112472123396576,0.00640580077716442,0.264563921669947,-0.414083422347351,-0.0744346863884914,0.122128125565239,0.302969934946599,0.609648358863025,1705.7460863037,1.0014781046731
"Omega[5,1]",0.0429699403946139,0.00668780332275127,0.272166272775194,-0.494690345859767,-0.146393442273733,0.0489191650470903,0.23573214365292,0.545579569898703,1656.15746380288,1.00267665103632
"Omega[5,2]",0.087820987439312,0.00692675728912699,0.259510059305251,-0.44511334357971,-0.0852855524782436,0.0967352282265604,0.271785325899715,0.570816135973594,1403.61646190391,1.00232968344799
"Omega[5,3]",0.018430452736718,0.00485042276505964,0.222257102566082,-0.406503566659055,-0.135197959816362,0.0151353752539769,0.170219008457425,0.44905763084198,2099.67515670757,1.00139108520081
"Omega[5,4]",0.00540947200038451,0.0060768256016387,0.267485857864264,-0.517402748146274,-0.181835351903135,0.00764899685088313,0.198374131745677,0.518266668103788,1937.52852752387,1.00245011707372
"Omega[5,5]",1,1.52408404080743e-18,8.02615737079983e-17,1,1,1,1,1,2773.30420831328,0.998999499499374
"Omega[5,6]",0.027072510917071,0.00422208584170754,0.246961329883879,-0.458082047060159,-0.146549152089008,0.0297822552439818,0.202330576524967,0.501840209056903,3421.3995378877,0.999691158305062
"Omega[5,7]",0.218078616403566,0.00453571927453093,0.258976192011776,-0.32368017048439,0.0436969804717506,0.226567705584891,0.409091005365728,0.680475596821924,3260.07316421981,0.999723940610145
"Omega[5,8]",-0.0330153987418091,0.00438251079553926,0.241173989040943,-0.505893924098804,-0.200067729584166,-0.0295138623365186,0.136634105979113,0.423314717416958,3028.41190155688,1.0007590881402
"Omega[5,9]",0.0215065209050527,0.00446643397122708,0.232428292605217,-0.44397437676527,-0.137762766583639,0.0263335980245518,0.185701033922852,0.459311136693843,2708.04668957409,1.00143369586496
"Omega[5,10]",0.0827404897794154,0.00415812962076325,0.224763127852384,-0.352970498069075,-0.0693072400113803,0.0862668818110877,0.242750813361819,0.505114572334994,2921.82423896543,1.00040964083413
"Omega[5,11]",-0.248054541940365,0.0043456281080133,0.21790916773665,-0.651287541677344,-0.401246410741673,-0.258464871600397,-0.100580490670762,0.186722020477563,2514.46670482544,1.00024399403388
"Omega[5,12]",0.095810195383531,0.00413203791164855,0.222770910474447,-0.340272441683408,-0.0572436266328126,0.0992438519316408,0.250062153271654,0.519836912930814,2906.62071648598,1.0003087093792
"Omega[6,1]",-0.0403679801140715,0.00628893672442978,0.277667150704607,-0.573863669302857,-0.235023192950736,-0.0465928201148418,0.1511915662961,0.505895760447143,1949.37125271215,1.00475481488388
"Omega[6,2]",0.0336638511440029,0.00658416141044539,0.275450968452943,-0.512618133523437,-0.1588874131664,0.037636440439457,0.232797120817195,0.550315633640066,1750.19995842032,1.00028207917184
"Omega[6,3]",0.111207979438192,0.00465005253479116,0.238663364957109,-0.374738163861858,-0.0489901086306838,0.119148485075757,0.283178307929735,0.561028566344309,2634.24279079698,1.00040741449068
"Omega[6,4]",0.0607781371883328,0.00637917691087073,0.274587691736188,-0.474110417608256,-0.13240133139299,0.0619588349934286,0.263458393060865,0.568816141450038,1852.81833510994,1.00123311972678
"Omega[6,5]",0.027072510917071,0.00422208584170754,0.246961329883879,-0.458082047060159,-0.146549152089008,0.0297822552439818,0.202330576524967,0.501840209056903,3421.3995378877,0.999691158305062
"Omega[6,6]",1,1.75284701045912e-18,8.88115951841813e-17,1,1,1,1,1,2567.15042182796,0.998999499499374
"Omega[6,7]",0.0748643637543827,0.00516345136218847,0.267353712414419,-0.448489425359429,-0.10934280813246,0.0767762638931546,0.265120538382662,0.578747094990723,2680.9718690039,1.00044508285827
"Omega[6,8]",0.0819704129425696,0.00508009800680366,0.260916945654024,-0.447704920917551,-0.0939820842147756,0.0864466229162502,0.267637286190572,0.558303028397525,2637.91252576868,1.00065765903138
"Omega[6,9]",0.0606615019906439,0.0056167561638972,0.255547110418774,-0.437938657535394,-0.11619854018084,0.0661866744602389,0.243970015912646,0.533638556799362,2070.00220450785,1.00054515341134
"Omega[6,10]",-0.0537768939286082,0.00468044016947704,0.241426469017084,-0.527792551128082,-0.216947429256632,-0.0532022531249621,0.109349916184891,0.414553523612817,2660.7028164668,1.00072408605166
"Omega[6,11]",-0.171870503979617,0.00522547435150798,0.241999970117447,-0.591912726185401,-0.348940660126826,-0.186717488752512,-0.0115239416591942,0.338459385444719,2144.76238271018,1.00045936320778
"Omega[6,12]",0.0123090355602187,0.00506381606293335,0.249082052369672,-0.466678829091593,-0.165614864004889,0.01119549702296,0.186035887225221,0.499673626143577,2419.51894455637,0.999431276380284
"Omega[7,1]",0.041644041554084,0.00575650251552118,0.282380724702043,-0.507491659431538,-0.158343855130735,0.0473038789895674,0.24635206319153,0.583593484689026,2406.31622499095,1.00072379034174
"Omega[7,2]",0.0441910044567377,0.00600475665506881,0.27045321384139,-0.470476107371842,-0.146717216642949,0.0460124345571513,0.239491248863171,0.553512452767649,2028.58621000768,1.00009534892693
"Omega[7,3]",-0.0199940839714129,0.00440889773141501,0.239693976772013,-0.481394703439117,-0.190332250035446,-0.0158285566531437,0.146464667527254,0.442401124983315,2955.6580768227,1.00006303817457
"Omega[7,4]",-0.0239907787204581,0.00515142243480193,0.278076565950258,-0.563154164843139,-0.222091148258273,-0.0215734698052436,0.171307386670564,0.511189299586903,2913.89872282494,1.00046497071075
"Omega[7,5]",0.218078616403566,0.00453571927453093,0.258976192011776,-0.32368017048439,0.0436969804717506,0.226567705584891,0.409091005365728,0.680475596821924,3260.07316421981,0.999723940610145
"Omega[7,6]",0.0748643637543827,0.00516345136218847,0.267353712414419,-0.448489425359429,-0.10934280813246,0.0767762638931546,0.265120538382662,0.578747094990723,2680.9718690039,1.00044508285827
"Omega[7,7]",1,1.35043138613913e-18,7.75864086223996e-17,1,1,1,1,1,3300.85352209588,0.998999499499374
"Omega[7,8]",0.088421664164774,0.00479806549551232,0.255947445421692,-0.41606998742472,-0.0907154771791943,0.0959167646425153,0.280746290660591,0.556728656205082,2845.56987581433,1.00042936929166
"Omega[7,9]",0.0262852875616519,0.00479242110702947,0.249277614405504,-0.46516311722582,-0.149658568815485,0.0340710829242122,0.202700410307627,0.493675946621586,2705.5565461396,1.00034168741373
"Omega[7,10]",-0.0922045209541891,0.00446958380660115,0.244110367580289,-0.559170989739424,-0.267771734805767,-0.0933803764052331,0.078528099800466,0.380886413363764,2982.89715251606,1.00000729100809
"Omega[7,11]",-0.0183952545565926,0.00462170523034353,0.247392950479727,-0.511000331001213,-0.187685127974084,-0.0179213200061436,0.14842312412284,0.47024099317923,2865.30035990483,0.999724710855203
"Omega[7,12]",0.106931704698743,0.00541404183239223,0.247742469336745,-0.395761901143433,-0.062652031825887,0.116523696714246,0.283761585817969,0.554148271512594,2093.90854840876,1.00183508157186
"Omega[8,1]",-0.0628059666971799,0.00538267273460727,0.269860320034055,-0.568342830080228,-0.255724435512223,-0.0659567193092523,0.127062885001982,0.475764462202866,2513.51864384821,1.00031211007671
"Omega[8,2]",0.0860635136877099,0.00614138302706996,0.264212883749964,-0.439395091518333,-0.100085048761698,0.0930205009697602,0.275572430267698,0.577960645209661,1850.86871044826,1.00283504963208
"Omega[8,3]",-0.212818553997559,0.00396459416877924,0.233126414059183,-0.634175676481271,-0.381912450812262,-0.223028413737915,-0.0518873500554238,0.258863666220808,3457.68551941262,0.999712545904277
"Omega[8,4]",-0.0791515432444838,0.00544076561908998,0.268168110040402,-0.571219995561721,-0.270745238205554,-0.088052087927015,0.107954079533465,0.452182800329692,2429.37315150803,1.00134527421781
"Omega[8,5]",-0.0330153987418091,0.00438251079553926,0.241173989040943,-0.505893924098804,-0.200067729584166,-0.0295138623365186,0.136634105979113,0.423314717416958,3028.41190155688,1.0007590881402
"Omega[8,6]",0.0819704129425696,0.00508009800680366,0.260916945654024,-0.447704920917551,-0.0939820842147756,0.0864466229162502,0.267637286190572,0.558303028397525,2637.91252576868,1.00065765903138
"Omega[8,7]",0.088421664164774,0.00479806549551232,0.255947445421692,-0.41606998742472,-0.0907154771791943,0.0959167646425153,0.280746290660591,0.556728656205082,2845.56987581433,1.00042936929166
"Omega[8,8]",1,1.72631464750659e-18,8.70059010422174e-17,1,1,1,1,1,2540.13914349432,0.998999499499374
"Omega[8,9]",0.260946430100806,0.00465988928696649,0.239022383877058,-0.229667024910942,0.100725060374152,0.273549550596355,0.434720899051134,0.679410386422146,2631.03090770468,0.999493950774261
"Omega[8,10]",-0.283504165530094,0.00537216469770736,0.23820791271212,-0.713405943049911,-0.457583128092803,-0.298536800264326,-0.125126008789689,0.213154172560398,1966.1367913864,1.00156869447679
"Omega[8,11]",0.0897059451383439,0.00526312918112189,0.248560923851039,-0.39797361075014,-0.0821695073685372,0.089131841321445,0.265777562519444,0.563400960771806,2230.37377238035,1.00035945919244
"Omega[8,12]",-0.115880213837137,0.00478860449351671,0.238558976951518,-0.569202480268795,-0.286487944117826,-0.117851485287201,0.0485451834641923,0.358643926864641,2481.8389144276,0.999676723993126
"Omega[9,1]",-0.0197487790181282,0.00594721296692361,0.265461341327273,-0.540704920179388,-0.205238931515566,-0.0143543607846697,0.160055261697487,0.506443792432741,1992.39566266029,0.999690269391461
"Omega[9,2]",0.158288526307339,0.00555358138102931,0.250809687376197,-0.340091077351005,-0.00907415379208474,0.16323204236961,0.335893847510615,0.624205222377624,2039.58745975898,1.00336792439158
"Omega[9,3]",-0.142423689106831,0.00393535147930474,0.226266649089218,-0.567217299348616,-0.305460011928281,-0.146219091698496,0.0115086771242475,0.303744977466945,3305.78067823697,1.00089415772661
"Omega[9,4]",-0.0813985688168553,0.00605358791503555,0.261469566287541,-0.569480457287164,-0.262903559151498,-0.0865484598410193,0.106366620702681,0.413933875113816,1865.59163196389,1.002036992398
"Omega[9,5]",0.0215065209050527,0.00446643397122708,0.232428292605217,-0.44397437676527,-0.137762766583639,0.0263335980245518,0.185701033922852,0.459311136693843,2708.04668957409,1.00143369586496
"Omega[9,6]",0.0606615019906439,0.0056167561638972,0.255547110418774,-0.437938657535394,-0.11619854018084,0.0661866744602389,0.243970015912646,0.533638556799362,2070.00220450785,1.00054515341134
"Omega[9,7]",0.0262852875616519,0.00479242110702947,0.249277614405504,-0.46516311722582,-0.149658568815485,0.0340710829242122,0.202700410307627,0.493675946621586,2705.5565461396,1.00034168741373
"Omega[9,8]",0.260946430100806,0.00465988928696649,0.239022383877058,-0.229667024910942,0.100725060374152,0.273549550596355,0.434720899051134,0.679410386422146,2631.03090770468,0.999493950774261
"Omega[9,9]",1,1.86467500963741e-18,8.31845555244987e-17,1,1,1,1,1,1990.11924706766,0.998999499499374
"Omega[9,10]",-0.0890795064098825,0.00443417834568999,0.232094982979714,-0.532267958152744,-0.251413638087637,-0.0876463112270099,0.0720722231881312,0.351827172344403,2739.71376659014,1.00010451697175
"Omega[9,11]",-0.0633600151078577,0.00524435330289709,0.235229382013572,-0.515416973593867,-0.231108504964567,-0.0661147025505083,0.0977476955890842,0.398227210818239,2011.86692959421,1.00105324346411
"Omega[9,12]",-0.314148524207771,0.0043300131470625,0.227692149362741,-0.72369315269258,-0.478423351764487,-0.32739355555637,-0.159237870566239,0.164880053320093,2765.14355826237,1.00011744543713
"Omega[10,1]",0.099719030005205,0.00686366090548166,0.271969072148787,-0.458327471185972,-0.0873083267467888,0.108297380176816,0.293628883135483,0.601132071522555,1570.1003144021,1.00441114947614
"Omega[10,2]",-0.0757457543417212,0.00722776476591407,0.269535770555769,-0.579675355561514,-0.266373837593272,-0.0838838073330226,0.112152948289899,0.455880760712473,1390.67228437933,1.00292234503079
"Omega[10,3]",0.285641837946901,0.00385209223369637,0.214329827300815,-0.156751607877401,0.14700366570733,0.297834905171846,0.43956381208629,0.666297246601998,3095.79271250146,1.0007202480871
"Omega[10,4]",0.133246590543029,0.00561792546439485,0.267251497546249,-0.400198590053181,-0.0555378438981033,0.146060143932424,0.324877314453087,0.62185945453449,2263.01977555623,1.00005720492833
"Omega[10,5]",0.0827404897794154,0.00415812962076325,0.224763127852384,-0.352970498069075,-0.0693072400113803,0.0862668818110877,0.242750813361819,0.505114572334994,2921.82423896543,1.00040964083413
"Omega[10,6]",-0.0537768939286082,0.00468044016947704,0.241426469017084,-0.527792551128082,-0.216947429256632,-0.0532022531249621,0.109349916184891,0.414553523612817,2660.7028164668,1.00072408605166
"Omega[10,7]",-0.0922045209541891,0.00446958380660115,0.244110367580289,-0.559170989739424,-0.267771734805767,-0.0933803764052331,0.078528099800466,0.380886413363764,2982.89715251606,1.00000729100809
"Omega[10,8]",-0.283504165530094,0.00537216469770736,0.23820791271212,-0.713405943049911,-0.457583128092803,-0.298536800264326,-0.125126008789689,0.213154172560398,1966.1367913864,1.00156869447679
"Omega[10,9]",-0.0890795064098825,0.00443417834568999,0.232094982979714,-0.532267958152744,-0.251413638087637,-0.0876463112270099,0.0720722231881312,0.351827172344403,2739.71376659014,1.00010451697175
"Omega[10,10]",1,2.72803535365804e-18,8.50170343247296e-17,1,1,1,1,1,971.207246403866,0.998999499499374
"Omega[10,11]",-0.154068766241691,0.00403889217442834,0.22545364260037,-0.583259500006078,-0.311684578590798,-0.159193394759178,-0.00253510332022521,0.29757918803779,3115.94651832703,1.00053377853573
"Omega[10,12]",0.0706915945955895,0.00396675183286321,0.215525304047612,-0.361606186837002,-0.0781125063472458,0.0775180574040873,0.2183577924343,0.487868154010268,2952.0687722246,1.00018290733385
"Omega[11,1]",0.0157498531310422,0.00654748443103108,0.261092362017457,-0.488739507595838,-0.165891416141841,0.0166412600779735,0.199812419309009,0.506196793132706,1590.15473052277,1.00104313116381
"Omega[11,2]",-0.0735253837060189,0.00682457536077272,0.261501093759373,-0.563861330320128,-0.258807053969956,-0.0776398812171805,0.109932202849793,0.434728467911326,1468.23560534037,1.0019448156485
"Omega[11,3]",-0.23387643994354,0.00431794350179439,0.216963663563355,-0.633617550660317,-0.388247119688911,-0.241184003117026,-0.0843485653993944,0.187556359555416,2524.75999493983,1.00255500301465
"Omega[11,4]",-0.0391233839841178,0.0058586875841046,0.267944051288726,-0.542241636612102,-0.236669346557749,-0.0339217153017414,0.149657571176895,0.471179541290966,2091.64299103252,1.00048346730475
"Omega[11,5]",-0.248054541940365,0.0043456281080133,0.21790916773665,-0.651287541677344,-0.401246410741673,-0.258464871600397,-0.100580490670762,0.186722020477563,2514.46670482544,1.00024399403388
"Omega[11,6]",-0.171870503979617,0.00522547435150798,0.241999970117447,-0.591912726185401,-0.348940660126826,-0.186717488752512,-0.0115239416591942,0.338459385444719,2144.76238271018,1.00045936320778
"Omega[11,7]",-0.0183952545565926,0.00462170523034353,0.247392950479727,-0.511000331001213,-0.187685127974084,-0.0179213200061436,0.14842312412284,0.47024099317923,2865.30035990483,0.999724710855203
"Omega[11,8]",0.0897059451383439,0.00526312918112189,0.248560923851039,-0.39797361075014,-0.0821695073685372,0.089131841321445,0.265777562519444,0.563400960771806,2230.37377238035,1.00035945919244
"Omega[11,9]",-0.0633600151078577,0.00524435330289709,0.235229382013572,-0.515416973593867,-0.231108504964567,-0.0661147025505083,0.0977476955890842,0.398227210818239,2011.86692959421,1.00105324346411
"Omega[11,10]",-0.154068766241691,0.00403889217442834,0.22545364260037,-0.583259500006078,-0.311684578590798,-0.159193394759178,-0.00253510332022521,0.29757918803779,3115.94651832703,1.00053377853573
"Omega[11,11]",1,1.70457428047266e-18,9.50316648997626e-17,1,1,1,1,1,3108.17035022238,0.998999499499374
"Omega[11,12]",0.019313576614065,0.004288160820013,0.221108167046368,-0.417260561901203,-0.134568283102205,0.0255817319448268,0.173013338834038,0.444464914375844,2658.68839448966,1.00004918716399
"Omega[12,1]",0.0663662445677499,0.00680069386229325,0.264978840383477,-0.462371650049835,-0.121976361328126,0.076339930705692,0.255414779464423,0.564337298266917,1518.15439046027,1.00140641302664
"Omega[12,2]",-0.0750646305912527,0.00650615220876076,0.253027529034031,-0.562241576160106,-0.250702559925595,-0.077836813614497,0.104102683439271,0.407756791455272,1512.47118821536,1.00279192207597
"Omega[12,3]",0.0846546013106549,0.00378636095009899,0.20851390784577,-0.324473297324854,-0.0608419323832948,0.0896036951761796,0.227074639179304,0.489472438816078,3032.67611175783,1.00032939624035
"Omega[12,4]",0.112472123396576,0.00640580077716442,0.264563921669947,-0.414083422347351,-0.0744346863884914,0.122128125565239,0.302969934946599,0.609648358863025,1705.7460863037,1.0014781046731
"Omega[12,5]",0.095810195383531,0.00413203791164855,0.222770910474447,-0.340272441683408,-0.0572436266328126,0.0992438519316408,0.250062153271654,0.519836912930814,2906.62071648598,1.0003087093792
"Omega[12,6]",0.0123090355602187,0.00506381606293335,0.249082052369672,-0.466678829091593,-0.165614864004889,0.01119549702296,0.186035887225221,0.499673626143577,2419.51894455637,0.999431276380284
"Omega[12,7]",0.106931704698743,0.00541404183239223,0.247742469336745,-0.395761901143433,-0.062652031825887,0.116523696714246,0.283761585817969,0.554148271512594,2093.90854840876,1.00183508157186
"Omega[12,8]",-0.115880213837137,0.00478860449351671,0.238558976951518,-0.569202480268795,-0.286487944117826,-0.117851485287201,0.0485451834641923,0.358643926864641,2481.8389144276,0.999676723993126
"Omega[12,9]",-0.314148524207771,0.0043300131470625,0.227692149362741,-0.72369315269258,-0.478423351764487,-0.32739355555637,-0.159237870566239,0.164880053320093,2765.14355826237,1.00011744543713
"Omega[12,10]",0.0706915945955895,0.00396675183286321,0.215525304047612,-0.361606186837002,-0.0781125063472458,0.0775180574040873,0.2183577924343,0.487868154010268,2952.0687722246,1.00018290733385
"Omega[12,11]",0.019313576614065,0.004288160820013,0.221108167046368,-0.417260561901203,-0.134568283102205,0.0255817319448268,0.173013338834038,0.444464914375844,2658.68839448966,1.00004918716399
"Omega[12,12]",1,3.21470144616849e-18,9.32141976462003e-17,1,1,1,1,1,840.780905595855,0.998999499499374
"Sigma[1,1]",0.0496067476106373,0.000707343815078129,0.0337321644784623,0.00790346489484798,0.0254229114466837,0.0426129484622894,0.065439251057888,0.132671351746657,2274.19289108904,0.99959203990445
"Sigma[1,2]",-0.000260663937958616,0.000297082884014048,0.0179972643184134,-0.0379623618874526,-0.00960601414780088,-0.00033038770122233,0.0086724782414456,0.0379170648979263,3669.92955039522,0.99986738851308
"Sigma[1,3]",0.00736556479422064,0.0007549393300797,0.0245128025943394,-0.0385806044345189,-0.00672250422210278,0.00606006420024441,0.0204987079089319,0.0619627834286585,1054.2942374613,1.00174448272021
"Sigma[1,4]",0.000523620488431336,0.000271789941629578,0.0138658326127513,-0.0293625864035613,-0.00636017567900078,0.000318658036055788,0.00721586899880777,0.0301675055742592,2602.7061932614,1.00167764986138
"Sigma[1,5]",0.00273813728829038,0.000529759610773744,0.0194902438597174,-0.0390458899234855,-0.00763131993173407,0.00241430397795838,0.0131981414678451,0.043752647834506,1353.55796044527,1.00287107489849
"Sigma[1,6]",-0.00233585022377926,0.000434244186665616,0.0178868801805697,-0.0391856310462451,-0.011480752868977,-0.00186260559742355,0.00690283330862115,0.0343035739766779,1696.68480033419,1.00304648277608
"Sigma[1,7]",0.00213250880252537,0.0003178518374034,0.0150067561288574,-0.0282605008201939,-0.00568642019070476,0.00145762450415122,0.00946507664284414,0.0352766057637483,2229.07251718232,0.999369265336179
"Sigma[1,8]",-0.00298576494158214,0.0003123219070482,0.0158655909214005,-0.036117846387575,-0.011108605750232,-0.00262567921442756,0.0052411425919601,0.0296708255379377,2580.52225489428,0.999536984018793
"Sigma[1,9]",-0.000638166214757232,0.000338975150768472,0.0163952423650847,-0.0355621878727684,-0.00939452916491662,-0.000674695824563095,0.00794734964602354,0.0342638031168173,2339.37560627298,0.999923491201942
"Sigma[1,10]",0.00707016910618148,0.000520570392691924,0.020571771820003,-0.0331958400355898,-0.00469799847784006,0.00556506234914062,0.0177262925421913,0.0529874181098937,1561.65274485371,1.00382080303888
"Sigma[1,11]",0.00117654967240546,0.00051172913741519,0.020805458357201,-0.0420180200831055,-0.00981310747244096,0.000915512662129415,0.0122346782039114,0.0434277852231949,1653.00544434033,1.00122568702099
"Sigma[1,12]",0.00506195961390067,0.000557050304085245,0.0211610884721453,-0.036807879157402,-0.00677549257464947,0.00424080043605853,0.0167062601366553,0.0508264281958822,1443.06925687291,1.00128832556736
"Sigma[2,1]",-0.000260663937958616,0.000297082884014048,0.0179972643184134,-0.0379623618874526,-0.00960601414780088,-0.000330387701222329,0.0086724782414456,0.0379170648979263,3669.92955039522,0.99986738851308
"Sigma[2,2]",0.0836047685703731,0.00169826129516149,0.0661811126310392,0.0143748678663885,0.0437409502003808,0.0681202814087796,0.102586911935215,0.256419375578105,1518.65493188596,1.00096885017697
"Sigma[2,3]",-0.00943239194711279,0.000993921820549434,0.0332367069925632,-0.0825676153638417,-0.025634586642038,-0.00766006384019785,0.00786023215765557,0.0553144752564162,1118.23099681844,1.00141997223458
"Sigma[2,4]",-0.00201601658219894,0.000338759602037035,0.0167713609588266,-0.0367364423607655,-0.010293682859404,-0.00179843058370238,0.00646333968837454,0.0316915208218045,2451.05684838798,1.00061275087953
"Sigma[2,5]",0.00809485595515925,0.000723396378644621,0.0237220180712977,-0.0363906617221212,-0.00569044776714579,0.00608601148365236,0.0200257369040154,0.061060052472203,1075.35189351136,1.00271810748451
"Sigma[2,6]",0.00268237884053018,0.000655124030152198,0.0230819176933511,-0.0428966373649415,-0.00908561962824623,0.00198154330350028,0.0146408358711255,0.0509487469251022,1241.35705432902,1.00106225546555
"Sigma[2,7]",0.00298805107178579,0.000428784844018669,0.0181307948485783,-0.0319934091148684,-0.00727329935927157,0.00208893850343657,0.0125481933567639,0.0423863984259572,1787.94780015689,1.00070726012994
"Sigma[2,8]",0.00572330110134604,0.000470505156916824,0.0199923604453075,-0.0335696147891132,-0.00548686010108989,0.00482553572295027,0.016306454275008,0.0503912579005624,1805.50780700594,1.00321855072778
"Sigma[2,9]",0.01171286453537,0.000476879956462416,0.0214155619890125,-0.0258196291037159,-0.000535305340495142,0.00956908398242961,0.0230150457214864,0.0585461814706876,2016.69774650697,1.00173810685634
"Sigma[2,10]",-0.00721010791218944,0.000794025480933095,0.0267239870151942,-0.0689909705274038,-0.0205118819865684,-0.00510914000577727,0.00778484320465024,0.0438239489274863,1132.74883734277,1.00386839065841
"Sigma[2,11]",-0.0076595786378233,0.000764358060947134,0.0288017078945194,-0.0719737953065143,-0.0211689762572929,-0.0056841756575769,0.00781948455398006,0.0473397253923921,1419.85103681561,1.002898717687
"Sigma[2,12]",-0.00602262323390406,0.000714414388350342,0.0261556519271629,-0.0597507226092769,-0.0202372213457399,-0.00581488336428167,0.00786079268893761,0.0507746394708336,1340.38856177807,1.00368719928909
"Sigma[3,1]",0.00736556479422064,0.0007549393300797,0.0245128025943394,-0.0385806044345189,-0.00672250422210278,0.00606006420024441,0.0204987079089319,0.0619627834286585,1054.2942374613,1.00174448272021
"Sigma[3,2]",-0.00943239194711279,0.000993921820549434,0.0332367069925632,-0.0825676153638417,-0.025634586642038,-0.00766006384019785,0.00786023215765557,0.0553144752564162,1118.23099681844,1.00141997223458
"Sigma[3,3]",0.160463906454092,0.00482662149598224,0.0992426318332554,0.0408818237437392,0.0891727667718241,0.137708809094292,0.207022368862558,0.402456138724003,422.775741851804,1.00383449995422
"Sigma[3,4]",0.00729171570812108,0.000393162627267728,0.0203581603428964,-0.0313471785458565,-0.0046344544398352,0.0061046463236615,0.018163104897255,0.0512297792714757,2681.22094982983,1.00074883156997
"Sigma[3,5]",0.000164270054994141,0.000589212684075065,0.0277924497378698,-0.060983627259306,-0.0140171695411226,0.00153775488414444,0.0162734684068323,0.0534058171972961,2224.89481048828,1.00116190970192
"Sigma[3,6]",0.0118841691420052,0.000682327375467996,0.0280764249581425,-0.0382345934315076,-0.00382912036596125,0.00929259547362389,0.0251882911163164,0.0752797013702391,1693.16008854865,1.00071295014679
"Sigma[3,7]",-0.00110503202154784,0.000424600329116936,0.0216854701546675,-0.0450574256421326,-0.0134014366118875,-0.00110215256515798,0.0108717146378559,0.0424596359432127,2608.41705891033,1.00093790253879
"Sigma[3,8]",-0.0190041693996495,0.000487433964080243,0.025196192255144,-0.075324201879416,-0.0322905468600239,-0.0167048869339955,-0.00407718006893617,0.0267523283232158,2672.01106639059,1.00014521861505
"Sigma[3,9]",-0.0134376058022736,0.000453497219966247,0.0253632276400582,-0.0659371605357087,-0.0274306058671469,-0.0123014469390268,0.000897204419103652,0.037835636133632,3127.94984686504,1.00075762954343
"Sigma[3,10]",0.0353692059055776,0.000928247325368718,0.034897450001344,-0.0167481931485602,0.0128535639298138,0.0299975759386682,0.0510475194542023,0.120398281657687,1413.38336111539,1.00139438060596
"Sigma[3,11]",-0.029628574894239,0.000832268205133329,0.0352627365217242,-0.108286624486133,-0.0463541119557297,-0.0253273913117199,-0.00829600496492886,0.0284600765667494,1795.1693176672,1.00096428622661
"Sigma[3,12]",0.0109055985600481,0.000621226698180232,0.0313599985499213,-0.0497977311928601,-0.00649392068476192,0.00919330171928456,0.0266789931474958,0.0807821499467714,2548.30756792297,1.00065895503373
"Sigma[4,1]",0.000523620488431336,0.000271789941629578,0.0138658326127513,-0.0293625864035613,-0.00636017567900078,0.000318658036055788,0.00721586899880777,0.0301675055742592,2602.7061932614,1.00167764986138
"Sigma[4,2]",-0.00201601658219894,0.000338759602037035,0.0167713609588266,-0.0367364423607655,-0.010293682859404,-0.00179843058370238,0.00646333968837454,0.0316915208218045,2451.05684838798,1.00061275087953
"Sigma[4,3]",0.00729171570812108,0.000393162627267728,0.0203581603428964,-0.0313471785458565,-0.0046344544398352,0.0061046463236615,0.018163104897255,0.0512297792714757,2681.22094982983,1.00074883156997
"Sigma[4,4]",0.0421041973005553,0.000604442433773745,0.0274133246832903,0.00736879177318647,0.0223159185568917,0.036180874445001,0.0550325843527357,0.110036546815919,2056.90165973938,1.00012915365235
"Sigma[4,5]",0.000431246600077976,0.000380959693140015,0.0167725003093684,-0.0339585127715819,-0.00891526502052538,0.000375449459608026,0.00957522726855283,0.0354539423625842,1938.37393212231,1.00190469473132
"Sigma[4,6]",0.00366900227197144,0.00044315731562992,0.0164781146688125,-0.0280137334449183,-0.00530231649751454,0.00231155693639546,0.0119603245423296,0.0396881608856782,1382.60841370942,1.00170712833511
"Sigma[4,7]",-0.00074783822974475,0.000258685948320111,0.0139153464518712,-0.030040224229888,-0.00764791180646698,-0.000634524858628426,0.00615367661145058,0.0289278860905949,2893.6258101387,1.00099327619109
"Sigma[4,8]",-0.00347301609920347,0.000304431391247101,0.0147391982666216,-0.0341960110621968,-0.011196426151319,-0.00319165109585327,0.00440762210991027,0.0257898180806284,2344.06071776329,1.00046644896775
"Sigma[4,9]",-0.00388955544633351,0.000328593578252953,0.015245337334773,-0.036228203286117,-0.0118539491628596,-0.00356742601572312,0.00427125580607621,0.0263771536600417,2152.56330996175,1.00261801786605
"Sigma[4,10]",0.00788476417704059,0.000381705542779191,0.0184515671054798,-0.0266764277482047,-0.00258837185717412,0.0070297230795488,0.0176477864056631,0.0478132495998246,2336.73563302099,1.00000110737525
"Sigma[4,11]",-0.00197531728837478,0.000419065002342427,0.0193173934877309,-0.0407820743995837,-0.0129108302402438,-0.00170063364065976,0.0086435036286689,0.0383318978710584,2124.8793059662,1.00075156447166
"Sigma[4,12]",0.0071198425012782,0.000454487001359096,0.0190966975327569,-0.0302201937644134,-0.00388720704342579,0.00658438573174383,0.0178632985511112,0.0468995798798824,1765.52391922014,1.00198633086009
"Sigma[5,1]",0.00273813728829038,0.000529759610773744,0.0194902438597174,-0.0390458899234855,-0.00763131993173407,0.00241430397795838,0.0131981414678451,0.043752647834506,1353.55796044527,1.00287107489849
"Sigma[5,2]",0.00809485595515925,0.000723396378644621,0.0237220180712977,-0.0363906617221212,-0.00569044776714579,0.00608601148365236,0.0200257369040154,0.061060052472203,1075.35189351136,1.00271810748451
"Sigma[5,3]",0.000164270054994141,0.000589212684075065,0.0277924497378698,-0.060983627259306,-0.0140171695411226,0.00153775488414444,0.0162734684068323,0.0534058171972961,2224.89481048828,1.00116190970192
"Sigma[5,4]",0.000431246600077976,0.000380959693140015,0.0167725003093684,-0.0339585127715819,-0.00891526502052538,0.000375449459608026,0.00957522726855283,0.0354539423625842,1938.37393212231,1.00190469473132
"Sigma[5,5]",0.0909313718721422,0.00199766602901113,0.0506868622400928,0.0226221582971377,0.0563179481264393,0.0805179325649799,0.114534403947659,0.21549859717554,643.791214202997,1.00193170713548
"Sigma[5,6]",0.00237243756320494,0.000557273197985288,0.0221760075518841,-0.0416212539153468,-0.00958076984445533,0.00179499923631117,0.0132981774534503,0.0497132436898685,1583.54499971898,0.999480096507132
"Sigma[5,7]",0.0140414134143081,0.00037160167638528,0.018998992398166,-0.0194898292375449,0.00210788531504985,0.0117721661732586,0.0242989737430194,0.0587239103229881,2614.00135814284,1.0000628416303
"Sigma[5,8]",-0.00175056148138589,0.000352739945418818,0.0186012693648308,-0.0400601036769099,-0.0123315958533392,-0.00172618064832527,0.00896250358824748,0.037236546112092,2780.83920038427,1.0001047070823
"Sigma[5,9]",0.00276783165508806,0.000393957097032372,0.0195707965530004,-0.0357232609312179,-0.00856521913657406,0.00170633565860075,0.0135344326255814,0.0453121667498544,2467.85220686513,1.00234864547273
"Sigma[5,10]",0.0081144968151889,0.000461433986954214,0.0230689595772566,-0.034044222186314,-0.00536766818407765,0.00660815023825607,0.0198786101883436,0.0590284366926382,2499.40628391985,1.00072708065973
"Sigma[5,11]",-0.0246402428558939,0.000743826301392716,0.0265058999383238,-0.0868974844450256,-0.0375182030821486,-0.0211063339346155,-0.00796287252282176,0.0183494099870436,1269.8196599629,1.00298303079815
"Sigma[5,12]",0.00963561996370102,0.000457052880892663,0.024446280524368,-0.0361810548950958,-0.00473865076987041,0.00815093860511756,0.0229617059891575,0.062546305388005,2860.83414519859,0.99984312848529
"Sigma[6,1]",-0.00233585022377926,0.000434244186665616,0.0178868801805697,-0.0391856310462451,-0.011480752868977,-0.00186260559742355,0.00690283330862115,0.0343035739766779,1696.68480033419,1.00304648277608
"Sigma[6,2]",0.00268237884053018,0.000655124030152198,0.0230819176933511,-0.0428966373649415,-0.00908561962824623,0.00198154330350028,0.0146408358711255,0.0509487469251022,1241.35705432902,1.00106225546555
"Sigma[6,3]",0.0118841691420052,0.000682327375467996,0.0280764249581425,-0.0382345934315076,-0.00382912036596125,0.00929259547362389,0.0251882911163164,0.0752797013702391,1693.16008854865,1.00071295014679
"Sigma[6,4]",0.00366900227197144,0.00044315731562992,0.0164781146688125,-0.0280137334449183,-0.00530231649751454,0.00231155693639546,0.0119603245423296,0.0396881608856782,1382.60841370942,1.00170712833511
"Sigma[6,5]",0.00237243756320494,0.000557273197985288,0.0221760075518841,-0.0416212539153467,-0.00958076984445533,0.00179499923631117,0.0132981774534503,0.0497132436898685,1583.54499971898,0.999480096507132
"Sigma[6,6]",0.0765502697146453,0.0026345954119175,0.0546105980664813,0.0129138855010763,0.0400355626690423,0.063813620656414,0.0956046634913941,0.219264311612063,429.661067477401,1.00414885898145
"Sigma[6,7]",0.00442164866683286,0.000348038441917934,0.0173754653837026,-0.0288220301890017,-0.00502424687978529,0.00323547245511537,0.0132958001959174,0.0433188139751331,2492.40411474511,1.00141379978176
"Sigma[6,8]",0.00524364434912391,0.000406169366000221,0.0188754224624579,-0.0327520686646209,-0.00490580861665573,0.00451587912113003,0.0150458972891582,0.0470039765761117,2159.62840566463,1.00108744228869
"Sigma[6,9]",0.00511423154688219,0.000434743631603935,0.0196806359696065,-0.0313826852834815,-0.0064826889778689,0.0035158911600268,0.0159618600650856,0.0495878466817337,2049.32953346374,1.00076173212462
"Sigma[6,10]",-0.00333781397106476,0.000415187016702959,0.0222617404673093,-0.0479038408008659,-0.0155592251157263,-0.00339067473710576,0.00788821837951197,0.0431618246848733,2874.95268873889,1.00119955272415
"Sigma[6,11]",-0.0171824022442025,0.000697540912268631,0.0268339873339159,-0.0802482634195292,-0.0297146172855612,-0.0134646861542375,-0.000819229039153302,0.0263357408961841,1479.89550443332,1.00048362694669
"Sigma[6,12]",0.000823195378122729,0.000503731055036885,0.0240271256797717,-0.0471572475098239,-0.0124958709867716,0.000753417473534366,0.0142823824779923,0.0488110241454304,2275.12984874651,1.00021941298065
"Sigma[7,1]",0.00213250880252537,0.0003178518374034,0.0150067561288574,-0.0282605008201939,-0.00568642019070476,0.00145762450415122,0.00946507664284414,0.0352766057637483,2229.07251718232,0.999369265336179
"Sigma[7,2]",0.00298805107178579,0.000428784844018669,0.0181307948485783,-0.0319934091148684,-0.00727329935927157,0.00208893850343657,0.0125481933567639,0.0423863984259572,1787.94780015689,1.00070726012994
"Sigma[7,3]",-0.00110503202154784,0.000424600329116936,0.0216854701546675,-0.0450574256421326,-0.0134014366118875,-0.00110215256515798,0.0108717146378559,0.0424596359432127,2608.41705891033,1.00093790253879
"Sigma[7,4]",-0.00074783822974475,0.000258685948320111,0.0139153464518712,-0.030040224229888,-0.00764791180646698,-0.000634524858628426,0.00615367661145058,0.0289278860905949,2893.6258101387,1.00099327619109
"Sigma[7,5]",0.0140414134143081,0.00037160167638528,0.018998992398166,-0.0194898292375449,0.00210788531504985,0.0117721661732586,0.0242989737430194,0.0587239103229881,2614.00135814284,1.0000628416303
"Sigma[7,6]",0.00442164866683286,0.000348038441917934,0.0173754653837026,-0.0288220301890017,-0.00502424687978529,0.00323547245511537,0.0132958001959174,0.0433188139751331,2492.40411474511,1.00141379978176
"Sigma[7,7]",0.048845398503256,0.00067427025439215,0.0291554396100857,0.00981800637132962,0.0281083237014195,0.0439520954024737,0.0632752444310861,0.120232888547459,1869.69680610984,1.00001385474731
"Sigma[7,8]",0.00483308543739593,0.00029228629906514,0.015451938511721,-0.0248235820851907,-0.00381019575349726,0.00405555365986316,0.0128524276836073,0.0387510203826638,2794.78900507979,1.0000494408529
"Sigma[7,9]",0.00182622749938619,0.00029058869397449,0.015491203800617,-0.0277096604890273,-0.00714231828967671,0.00153532576935567,0.00993551294841766,0.0347669119345029,2841.92693981474,0.999762539493434
"Sigma[7,10]",-0.00548622639011182,0.000315915275811416,0.0174060093952161,-0.0430050694727079,-0.0150187667888317,-0.005230227394849,0.00439150042627788,0.0295354156524657,3035.68828403761,1.00025158261391
"Sigma[7,11]",-0.00110761573488075,0.000397762001140896,0.0195605587859833,-0.040960126036078,-0.0115072298782787,-0.00103816562209195,0.00970344709246536,0.038401282819032,2418.3320434457,0.999780209684873
"Sigma[7,12]",0.0083661719595471,0.000532405022586186,0.0198869415929233,-0.0277623074272322,-0.00372454877597023,0.00694675582200006,0.0187526835909682,0.0544981800148113,1395.24896413474,1.00138445593527
"Sigma[8,1]",-0.00298576494158214,0.0003123219070482,0.0158655909214005,-0.036117846387575,-0.011108605750232,-0.00262567921442756,0.0052411425919601,0.0296708255379377,2580.52225489428,0.999536984018793
"Sigma[8,2]",0.00572330110134604,0.000470505156916824,0.0199923604453075,-0.0335696147891132,-0.00548686010108989,0.00482553572295027,0.016306454275008,0.0503912579005624,1805.50780700594,1.00321855072778
"Sigma[8,3]",-0.0190041693996495,0.000487433964080243,0.025196192255144,-0.075324201879416,-0.032290546860024,-0.0167048869339955,-0.00407718006893617,0.0267523283232158,2672.01106639058,1.00014521861505
"Sigma[8,4]",-0.00347301609920347,0.000304431391247101,0.0147391982666216,-0.0341960110621968,-0.011196426151319,-0.00319165109585327,0.00440762210991026,0.0257898180806284,2344.06071776329,1.00046644896775
"Sigma[8,5]",-0.00175056148138589,0.000352739945418818,0.0186012693648308,-0.0400601036769099,-0.0123315958533392,-0.00172618064832527,0.00896250358824748,0.037236546112092,2780.83920038427,1.0001047070823
"Sigma[8,6]",0.00524364434912391,0.000406169366000221,0.0188754224624579,-0.0327520686646209,-0.00490580861665573,0.00451587912113003,0.0150458972891582,0.0470039765761117,2159.62840566463,1.00108744228869
"Sigma[8,7]",0.00483308543739593,0.00029228629906514,0.015451938511721,-0.0248235820851907,-0.00381019575349726,0.00405555365986316,0.0128524276836073,0.0387510203826638,2794.78900507979,1.0000494408529
"Sigma[8,8]",0.0623674205379192,0.000807422174038185,0.0347897120643979,0.015567174439344,0.0382459287510211,0.0561169473519477,0.0787401333844256,0.147847862939787,1856.52295896268,0.99997002353723
"Sigma[8,9]",0.0170583042355165,0.000472168847893369,0.0187353338493406,-0.0144616912470344,0.00511653309706963,0.0147132465061103,0.0266759126294365,0.0597623062681783,1574.44760198018,0.999763498415064
"Sigma[8,10]",-0.0214881714525771,0.000660322465027707,0.0221468561218081,-0.0738701738741365,-0.0327684812984361,-0.0184837941929453,-0.00743569363314985,0.0157585790186959,1124.89509457432,1.00243898747585
"Sigma[8,11]",0.00659486946560523,0.000449401921875692,0.0229308903995291,-0.0406144553730815,-0.00545568628608887,0.00581822634945896,0.0191007192575579,0.0544268129395753,2603.58635287505,1.00008398512695
"Sigma[8,12]",-0.00872485858779481,0.000426882908969945,0.0208868981851622,-0.0518129312358406,-0.020657768136174,-0.00805021785102488,0.00341737866121352,0.0325447920610861,2394.03427980728,1.0000077741809
"Sigma[9,1]",-0.000638166214757232,0.000338975150768472,0.0163952423650847,-0.0355621878727684,-0.00939452916491662,-0.000674695824563095,0.00794734964602354,0.0342638031168173,2339.37560627298,0.999923491201942
"Sigma[9,2]",0.01171286453537,0.000476879956462416,0.0214155619890125,-0.0258196291037159,-0.000535305340495142,0.00956908398242961,0.0230150457214864,0.0585461814706876,2016.69774650697,1.00173810685634
"Sigma[9,3]",-0.0134376058022736,0.000453497219966247,0.0253632276400582,-0.0659371605357087,-0.0274306058671469,-0.0123014469390268,0.000897204419103652,0.037835636133632,3127.94984686504,1.00075762954343
"Sigma[9,4]",-0.00388955544633351,0.000328593578252953,0.015245337334773,-0.036228203286117,-0.0118539491628596,-0.00356742601572312,0.00427125580607621,0.0263771536600417,2152.56330996175,1.00261801786605
"Sigma[9,5]",0.00276783165508806,0.000393957097032372,0.0195707965530004,-0.0357232609312179,-0.00856521913657406,0.00170633565860075,0.0135344326255814,0.0453121667498544,2467.85220686513,1.00234864547273
"Sigma[9,6]",0.00511423154688219,0.000434743631603935,0.0196806359696065,-0.0313826852834815,-0.0064826889778689,0.00351589116002681,0.0159618600650856,0.0495878466817337,2049.32953346374,1.00076173212462
"Sigma[9,7]",0.00182622749938619,0.00029058869397449,0.015491203800617,-0.0277096604890273,-0.00714231828967671,0.00153532576935567,0.00993551294841766,0.0347669119345029,2841.92693981474,0.999762539493434
"Sigma[9,8]",0.0170583042355165,0.000472168847893369,0.0187353338493406,-0.0144616912470344,0.00511653309706963,0.0147132465061103,0.0266759126294365,0.0597623062681783,1574.44760198018,0.999763498415064
"Sigma[9,9]",0.0717003734584699,0.00116991642401278,0.0388760553559688,0.0201356440203959,0.0455968427935836,0.0642984022887842,0.0890861127881514,0.166324319560977,1104.21770893904,1.00189815381435
"Sigma[9,10]",-0.00658768574061857,0.000414415147419976,0.0209331976564595,-0.0495167963454083,-0.0185535576718929,-0.00596437995351855,0.00539071173380509,0.0328282036993776,2551.52546003614,1.00079773628153
"Sigma[9,11]",-0.00678982113340098,0.000611198060902066,0.0234090091453806,-0.0580685684742849,-0.0183995229258981,-0.00482742844658233,0.00689463582083887,0.0355975793341043,1466.90546707755,1.0026245956523
"Sigma[9,12]",-0.0269514098840021,0.000535068423455233,0.0238381668595512,-0.0804995411591407,-0.0399573029344747,-0.0244094822209363,-0.011521670379319,0.014360269397699,1984.84714167071,1.00134458921365
"Sigma[10,1]",0.00707016910618148,0.000520570392691924,0.020571771820003,-0.0331958400355898,-0.00469799847784006,0.00556506234914062,0.0177262925421913,0.0529874181098937,1561.65274485371,1.00382080303888
"Sigma[10,2]",-0.00721010791218944,0.000794025480933095,0.0267239870151942,-0.0689909705274038,-0.0205118819865684,-0.00510914000577727,0.00778484320465024,0.0438239489274863,1132.74883734277,1.00386839065841
"Sigma[10,3]",0.0353692059055776,0.000928247325368718,0.034897450001344,-0.0167481931485602,0.0128535639298138,0.0299975759386682,0.0510475194542023,0.120398281657687,1413.38336111539,1.00139438060596
"Sigma[10,4]",0.00788476417704059,0.000381705542779191,0.0184515671054798,-0.0266764277482047,-0.00258837185717412,0.0070297230795488,0.0176477864056631,0.0478132495998246,2336.73563302099,1.00000110737525
"Sigma[10,5]",0.0081144968151889,0.000461433986954214,0.0230689595772566,-0.034044222186314,-0.00536766818407765,0.00660815023825607,0.0198786101883436,0.0590284366926382,2499.40628391985,1.00072708065973
"Sigma[10,6]",-0.00333781397106476,0.000415187016702959,0.0222617404673093,-0.0479038408008659,-0.0155592251157263,-0.00339067473710576,0.00788821837951197,0.0431618246848733,2874.95268873889,1.00119955272415
"Sigma[10,7]",-0.00548622639011182,0.000315915275811416,0.0174060093952161,-0.0430050694727079,-0.0150187667888317,-0.005230227394849,0.00439150042627788,0.0295354156524657,3035.68828403761,1.00025158261391
"Sigma[10,8]",-0.0214881714525771,0.000660322465027707,0.0221468561218081,-0.0738701738741365,-0.0327684812984362,-0.0184837941929453,-0.00743569363314985,0.0157585790186959,1124.89509457432,1.00243898747585
"Sigma[10,9]",-0.00658768574061857,0.000414415147419976,0.0209331976564595,-0.0495167963454083,-0.0185535576718929,-0.00596437995351855,0.00539071173380509,0.0328282036993775,2551.52546003614,1.00079773628153
"Sigma[10,10]",0.102612453123657,0.00215787745521362,0.0625953689090782,0.0281693699862618,0.060983601278984,0.0877121201976311,0.126899733428336,0.267422274467712,841.454914512267,1.00084784464281
"Sigma[10,11]",-0.0154259344446293,0.000515600138415659,0.0275314300576142,-0.0760501919799633,-0.028589351803631,-0.0134156312118093,-0.000183348360202054,0.034941951154993,2851.22499975116,1.00106819314084
"Sigma[10,12]",0.00819613383101352,0.000475348582975177,0.0251154929018819,-0.0370007607968925,-0.00706511312818983,0.00681837455103495,0.0211378994744159,0.0623512617500905,2791.6373765901,1.0000743120075
"Sigma[11,1]",0.00117654967240546,0.00051172913741519,0.020805458357201,-0.0420180200831055,-0.00981310747244096,0.000915512662129415,0.0122346782039114,0.0434277852231949,1653.00544434033,1.00122568702099
"Sigma[11,2]",-0.0076595786378233,0.000764358060947134,0.0288017078945194,-0.0719737953065143,-0.0211689762572929,-0.0056841756575769,0.00781948455398006,0.0473397253923921,1419.85103681561,1.002898717687
"Sigma[11,3]",-0.029628574894239,0.00083226820513333,0.0352627365217242,-0.108286624486133,-0.0463541119557297,-0.0253273913117199,-0.00829600496492886,0.0284600765667494,1795.16931766719,1.00096428622661
"Sigma[11,4]",-0.00197531728837478,0.000419065002342427,0.0193173934877309,-0.0407820743995837,-0.0129108302402438,-0.00170063364065976,0.0086435036286689,0.0383318978710584,2124.8793059662,1.00075156447166
"Sigma[11,5]",-0.0246402428558939,0.000743826301392716,0.0265058999383238,-0.0868974844450255,-0.0375182030821486,-0.0211063339346155,-0.00796287252282176,0.0183494099870436,1269.8196599629,1.00298303079815
"Sigma[11,6]",-0.0171824022442025,0.000697540912268631,0.0268339873339159,-0.0802482634195292,-0.0297146172855612,-0.0134646861542375,-0.000819229039153302,0.0263357408961841,1479.89550443332,1.00048362694669
"Sigma[11,7]",-0.00110761573488075,0.000397762001140896,0.0195605587859833,-0.040960126036078,-0.0115072298782787,-0.00103816562209195,0.00970344709246536,0.038401282819032,2418.3320434457,0.999780209684873
"Sigma[11,8]",0.00659486946560523,0.000449401921875692,0.0229308903995291,-0.0406144553730815,-0.00545568628608887,0.00581822634945896,0.0191007192575579,0.0544268129395753,2603.58635287505,1.00008398512695
"Sigma[11,9]",-0.00678982113340098,0.000611198060902066,0.0234090091453806,-0.0580685684742849,-0.0183995229258981,-0.00482742844658233,0.00689463582083887,0.0355975793341043,1466.90546707755,1.0026245956523
"Sigma[11,10]",-0.0154259344446293,0.000515600138415659,0.0275314300576142,-0.0760501919799633,-0.028589351803631,-0.0134156312118093,-0.000183348360202054,0.034941951154993,2851.22499975116,1.00106819314084
"Sigma[11,11]",0.124257569306045,0.0035969337009273,0.086239083709005,0.0301088460841259,0.0671503433651247,0.100689167624509,0.154390756700373,0.345286716922371,574.835261993846,1.00427465243645
"Sigma[11,12]",0.00182831508039612,0.000558462045796411,0.0287969109787528,-0.059509010832247,-0.0130476432573307,0.00211738967286248,0.0172594184668072,0.0576689489011225,2658.91517000014,1.00154907289394
"Sigma[12,1]",0.00506195961390067,0.000557050304085245,0.0211610884721453,-0.036807879157402,-0.00677549257464947,0.00424080043605853,0.0167062601366553,0.0508264281958822,1443.06925687291,1.00128832556736
"Sigma[12,2]",-0.00602262323390406,0.000714414388350342,0.0261556519271629,-0.0597507226092769,-0.0202372213457399,-0.00581488336428167,0.00786079268893761,0.0507746394708336,1340.38856177807,1.00368719928909
"Sigma[12,3]",0.0109055985600481,0.000621226698180232,0.0313599985499213,-0.0497977311928601,-0.00649392068476192,0.00919330171928456,0.0266789931474958,0.0807821499467714,2548.30756792297,1.00065895503373
"Sigma[12,4]",0.0071198425012782,0.000454487001359096,0.0190966975327569,-0.0302201937644134,-0.00388720704342579,0.00658438573174383,0.0178632985511112,0.0468995798798824,1765.52391922014,1.00198633086009
"Sigma[12,5]",0.00963561996370102,0.000457052880892663,0.024446280524368,-0.0361810548950958,-0.00473865076987041,0.00815093860511756,0.0229617059891575,0.062546305388005,2860.83414519859,0.99984312848529
"Sigma[12,6]",0.000823195378122729,0.000503731055036885,0.0240271256797717,-0.0471572475098239,-0.0124958709867716,0.000753417473534366,0.0142823824779923,0.0488110241454304,2275.12984874651,1.00021941298065
"Sigma[12,7]",0.0083661719595471,0.000532405022586186,0.0198869415929233,-0.0277623074272322,-0.00372454877597023,0.00694675582200006,0.0187526835909682,0.0544981800148113,1395.24896413474,1.00138445593527
"Sigma[12,8]",-0.00872485858779481,0.000426882908969945,0.0208868981851622,-0.0518129312358406,-0.020657768136174,-0.00805021785102488,0.00341737866121352,0.0325447920610861,2394.03427980728,1.0000077741809
"Sigma[12,9]",-0.0269514098840021,0.000535068423455233,0.0238381668595512,-0.0804995411591407,-0.0399573029344747,-0.0244094822209363,-0.011521670379319,0.014360269397699,1984.84714167071,1.00134458921365
"Sigma[12,10]",0.00819613383101352,0.000475348582975177,0.0251154929018819,-0.0370007607968925,-0.00706511312818983,0.00681837455103495,0.0211378994744159,0.0623512617500905,2791.6373765901,1.0000743120075
"Sigma[12,11]",0.00182831508039612,0.00055846204579641,0.0287969109787528,-0.059509010832247,-0.0130476432573307,0.00211738967286248,0.0172594184668072,0.0576689489011225,2658.91517000014,1.00154907289394
"Sigma[12,12]",0.120231503090563,0.00313673261555064,0.0678529698654198,0.0354038557094149,0.0721974950880626,0.104311571227584,0.150371690854583,0.296104796157117,467.931975109162,1.00398282377154
"N_sim[1]",0,NA,0,0,0,0,0,0,NA,NA
"N_sim[2]",0,NA,0,0,0,0,0,0,NA,NA
"N_sim[3]",0,NA,0,0,0,0,0,0,NA,NA
"N_sim[4]",0,NA,0,0,0,0,0,0,NA,NA
"N_sim[5]",0,NA,0,0,0,0,0,0,NA,NA
"N_sim[6]",0,NA,0,0,0,0,0,0,NA,NA
"N_sim[7]",0,NA,0,0,0,0,0,0,NA,NA
"N_sim[8]",0,NA,0,0,0,0,0,0,NA,NA
"N_sim[9]",0,NA,0,0,0,0,0,0,NA,NA
"N_sim[10]",0,NA,0,0,0,0,0,0,NA,NA
"N_sim[11]",0,NA,0,0,0,0,0,0,NA,NA
"N_sim[12]",0,NA,0,0,0,0,0,0,NA,NA
"N_sim[13]",0,NA,0,0,0,0,0,0,NA,NA
"N_sim[14]",0,NA,0,0,0,0,0,0,NA,NA
"N_sim[15]",0,NA,0,0,0,0,0,0,NA,NA
"N_sim[16]",0,NA,0,0,0,0,0,0,NA,NA
"N_sim[17]",0,NA,0,0,0,0,0,0,NA,NA
"N_sim[18]",0,NA,0,0,0,0,0,0,NA,NA
"N_sim[19]",0,NA,0,0,0,0,0,0,NA,NA
"N_sim[20]",0,NA,0,0,0,0,0,0,NA,NA
"N_sim[21]",0,NA,0,0,0,0,0,0,NA,NA
"N_sim[22]",0,NA,0,0,0,0,0,0,NA,NA
"N_sim[23]",0,NA,0,0,0,0,0,0,NA,NA
"N_sim[24]",0,NA,0,0,0,0,0,0,NA,NA
"N_sim[25]",0,NA,0,0,0,0,0,0,NA,NA
"N_sim[26]",0,NA,0,0,0,0,0,0,NA,NA
"N_sim[27]",0,NA,0,0,0,0,0,0,NA,NA
"N_sim[28]",0,NA,0,0,0,0,0,0,NA,NA
"N_sim[29]",0,NA,0,0,0,0,0,0,NA,NA
"N_sim[30]",0,NA,0,0,0,0,0,0,NA,NA
"N_sim[31]",0,NA,0,0,0,0,0,0,NA,NA
"N_sim[32]",0,NA,0,0,0,0,0,0,NA,NA
"N_sim[33]",0,NA,0,0,0,0,0,0,NA,NA
"N_sim[34]",0,NA,0,0,0,0,0,0,NA,NA
"N_sim[35]",0,NA,0,0,0,0,0,0,NA,NA
"N_sim[36]",0,NA,0,0,0,0,0,0,NA,NA
"N_sim[37]",0,NA,0,0,0,0,0,0,NA,NA
"N_sim[38]",0,NA,0,0,0,0,0,0,NA,NA
"N_sim[39]",0,NA,0,0,0,0,0,0,NA,NA
"N_sim[40]",0,NA,0,0,0,0,0,0,NA,NA
"N_sim[41]",0,NA,0,0,0,0,0,0,NA,NA
"N_sim[42]",0,NA,0,0,0,0,0,0,NA,NA
"N_sim[43]",0,NA,0,0,0,0,0,0,NA,NA
"N_sim[44]",0,NA,0,0,0,0,0,0,NA,NA
"N_sim[45]",0,NA,0,0,0,0,0,0,NA,NA
"N_sim[46]",0,NA,0,0,0,0,0,0,NA,NA
"N_sim[47]",0,NA,0,0,0,0,0,0,NA,NA
"N_sim[48]",0,NA,0,0,0,0,0,0,NA,NA
"N_sim[49]",0,NA,0,0,0,0,0,0,NA,NA
"N_sim[50]",0,NA,0,0,0,0,0,0,NA,NA
"N_sim[51]",0,NA,0,0,0,0,0,0,NA,NA
"N_sim[52]",0,NA,0,0,0,0,0,0,NA,NA
"N_sim[53]",0,NA,0,0,0,0,0,0,NA,NA
"N_sim[54]",0,NA,0,0,0,0,0,0,NA,NA
"N_sim[55]",0,NA,0,0,0,0,0,0,NA,NA
"N_sim[56]",0,NA,0,0,0,0,0,0,NA,NA
"N_sim[57]",0,NA,0,0,0,0,0,0,NA,NA
"N_sim[58]",0,NA,0,0,0,0,0,0,NA,NA
"N_sim[59]",0,NA,0,0,0,0,0,0,NA,NA
"N_sim[60]",0,NA,0,0,0,0,0,0,NA,NA
"N_sim[61]",0,NA,0,0,0,0,0,0,NA,NA
"N_sim[62]",0,NA,0,0,0,0,0,0,NA,NA
"N_sim[63]",0,NA,0,0,0,0,0,0,NA,NA
"N_sim[64]",0,NA,0,0,0,0,0,0,NA,NA
"N_sim[65]",0,NA,0,0,0,0,0,0,NA,NA
"N_sim[66]",0,NA,0,0,0,0,0,0,NA,NA
"N_sim[67]",0,NA,0,0,0,0,0,0,NA,NA
"N_sim[68]",0,NA,0,0,0,0,0,0,NA,NA
"N_sim[69]",0,NA,0,0,0,0,0,0,NA,NA
"N_sim[70]",0,NA,0,0,0,0,0,0,NA,NA
"N_sim[71]",0,NA,0,0,0,0,0,0,NA,NA
"N_sim[72]",0,NA,0,0,0,0,0,0,NA,NA
"N_sim[73]",0,NA,0,0,0,0,0,0,NA,NA
"N_sim[74]",0,NA,0,0,0,0,0,0,NA,NA
"N_sim[75]",0,NA,0,0,0,0,0,0,NA,NA
"N_sim[76]",0,NA,0,0,0,0,0,0,NA,NA
"N_sim[77]",0,NA,0,0,0,0,0,0,NA,NA
"N_sim[78]",0,NA,0,0,0,0,0,0,NA,NA
"N_sim[79]",0,NA,0,0,0,0,0,0,NA,NA
"N_sim[80]",0,NA,0,0,0,0,0,0,NA,NA
"N_sim[81]",0,NA,0,0,0,0,0,0,NA,NA
"N_sim[82]",0,NA,0,0,0,0,0,0,NA,NA
"N_sim[83]",0,NA,0,0,0,0,0,0,NA,NA
"N_sim[84]",0,NA,0,0,0,0,0,0,NA,NA
"N_sim[85]",0,NA,0,0,0,0,0,0,NA,NA
"N_sim[86]",0,NA,0,0,0,0,0,0,NA,NA
"N_sim[87]",0,NA,0,0,0,0,0,0,NA,NA
"N_sim[88]",0,NA,0,0,0,0,0,0,NA,NA
"N_sim[89]",0,NA,0,0,0,0,0,0,NA,NA
"N_sim[90]",0,NA,0,0,0,0,0,0,NA,NA
"N_sim[91]",0,NA,0,0,0,0,0,0,NA,NA
"N_sim[92]",0,NA,0,0,0,0,0,0,NA,NA
"N_sim[93]",0,NA,0,0,0,0,0,0,NA,NA
"N_sim[94]",0,NA,0,0,0,0,0,0,NA,NA
"N_sim[95]",0,NA,0,0,0,0,0,0,NA,NA
"N_sim[96]",0,NA,0,0,0,0,0,0,NA,NA
"N_sim[97]",0,NA,0,0,0,0,0,0,NA,NA
"N_sim[98]",0,NA,0,0,0,0,0,0,NA,NA
"N_sim[99]",0,NA,0,0,0,0,0,0,NA,NA
"N_sim[100]",0,NA,0,0,0,0,0,0,NA,NA
"N_sim[101]",0,NA,0,0,0,0,0,0,NA,NA
"N_sim[102]",0,NA,0,0,0,0,0,0,NA,NA
"N_sim[103]",0,NA,0,0,0,0,0,0,NA,NA
"N_sim[104]",0,NA,0,0,0,0,0,0,NA,NA
"N_sim[105]",0,NA,0,0,0,0,0,0,NA,NA
"N_sim[106]",0,NA,0,0,0,0,0,0,NA,NA
"N_sim[107]",0,NA,0,0,0,0,0,0,NA,NA
"N_sim[108]",0,NA,0,0,0,0,0,0,NA,NA
"N_sim[109]",0,NA,0,0,0,0,0,0,NA,NA
"N_sim[110]",0,NA,0,0,0,0,0,0,NA,NA
"N_sim[111]",0,NA,0,0,0,0,0,0,NA,NA
"N_sim[112]",0,NA,0,0,0,0,0,0,NA,NA
"N_sim[113]",0,NA,0,0,0,0,0,0,NA,NA
"N_sim[114]",0,NA,0,0,0,0,0,0,NA,NA
"N_sim[115]",0,NA,0,0,0,0,0,0,NA,NA
"N_sim[116]",0,NA,0,0,0,0,0,0,NA,NA
"N_sim[117]",0,NA,0,0,0,0,0,0,NA,NA
"N_sim[118]",0,NA,0,0,0,0,0,0,NA,NA
"N_sim[119]",0,NA,0,0,0,0,0,0,NA,NA
"N_sim[120]",0,NA,0,0,0,0,0,0,NA,NA
"N_sim[121]",0,NA,0,0,0,0,0,0,NA,NA
"N_sim[122]",0,NA,0,0,0,0,0,0,NA,NA
"N_sim[123]",0,NA,0,0,0,0,0,0,NA,NA
"N_sim[124]",0,NA,0,0,0,0,0,0,NA,NA
"N_sim[125]",0,NA,0,0,0,0,0,0,NA,NA
"N_sim[126]",0,NA,0,0,0,0,0,0,NA,NA
"N_sim[127]",0,NA,0,0,0,0,0,0,NA,NA
"N_sim[128]",0,NA,0,0,0,0,0,0,NA,NA
"N_sim[129]",0,NA,0,0,0,0,0,0,NA,NA
"N_sim[130]",0,NA,0,0,0,0,0,0,NA,NA
"N_sim[131]",0,NA,0,0,0,0,0,0,NA,NA
"N_sim[132]",0,NA,0,0,0,0,0,0,NA,NA
"N_sim[133]",0,NA,0,0,0,0,0,0,NA,NA
"N_sim[134]",0,NA,0,0,0,0,0,0,NA,NA
"N_sim[135]",0,NA,0,0,0,0,0,0,NA,NA
"N_sim[136]",0,NA,0,0,0,0,0,0,NA,NA
"N_sim[137]",0,NA,0,0,0,0,0,0,NA,NA
"N_sim[138]",0,NA,0,0,0,0,0,0,NA,NA
"N_sim[139]",0,NA,0,0,0,0,0,0,NA,NA
"N_sim[140]",0,NA,0,0,0,0,0,0,NA,NA
"N_sim[141]",0,NA,0,0,0,0,0,0,NA,NA
"N_sim[142]",0,NA,0,0,0,0,0,0,NA,NA
"N_sim[143]",0,NA,0,0,0,0,0,0,NA,NA
"N_sim[144]",0,NA,0,0,0,0,0,0,NA,NA
"N_sim[145]",0,NA,0,0,0,0,0,0,NA,NA
"N_sim[146]",0,NA,0,0,0,0,0,0,NA,NA
"N_sim[147]",0,NA,0,0,0,0,0,0,NA,NA
"N_sim[148]",0,NA,0,0,0,0,0,0,NA,NA
"N_sim[149]",0,NA,0,0,0,0,0,0,NA,NA
"N_sim[150]",0,NA,0,0,0,0,0,0,NA,NA
"N_sim[151]",0,NA,0,0,0,0,0,0,NA,NA
"N_sim[152]",0,NA,0,0,0,0,0,0,NA,NA
"N_sim[153]",0,NA,0,0,0,0,0,0,NA,NA
"N_sim[154]",0,NA,0,0,0,0,0,0,NA,NA
"N_sim[155]",0,NA,0,0,0,0,0,0,NA,NA
"N_sim[156]",0,NA,0,0,0,0,0,0,NA,NA
"N_sim[157]",0,NA,0,0,0,0,0,0,NA,NA
"N_sim[158]",0,NA,0,0,0,0,0,0,NA,NA
"N_sim[159]",0,NA,0,0,0,0,0,0,NA,NA
"N_sim[160]",0,NA,0,0,0,0,0,0,NA,NA
"N_sim[161]",0,NA,0,0,0,0,0,0,NA,NA
"N_sim[162]",0,NA,0,0,0,0,0,0,NA,NA
"N_sim[163]",0,NA,0,0,0,0,0,0,NA,NA
"N_sim[164]",0,NA,0,0,0,0,0,0,NA,NA
"N_sim[165]",0,NA,0,0,0,0,0,0,NA,NA
"N_sim[166]",0,NA,0,0,0,0,0,0,NA,NA
"N_sim[167]",0,NA,0,0,0,0,0,0,NA,NA
"N_sim[168]",0,NA,0,0,0,0,0,0,NA,NA
"N_sim[169]",0,NA,0,0,0,0,0,0,NA,NA
"N_sim[170]",0,NA,0,0,0,0,0,0,NA,NA
"N_sim[171]",0,NA,0,0,0,0,0,0,NA,NA
"N_sim[172]",0,NA,0,0,0,0,0,0,NA,NA
"N_sim[173]",0,NA,0,0,0,0,0,0,NA,NA
"N_sim[174]",0,NA,0,0,0,0,0,0,NA,NA
"N_sim[175]",0,NA,0,0,0,0,0,0,NA,NA
"N_sim[176]",0,NA,0,0,0,0,0,0,NA,NA
"N_all[1,1]",591.190419146393,10.3838404523383,389.901927034662,158.504072543372,349.360870192413,506.257381501689,723.734463595947,1563.77257915523,1409.92090569591,1.00099993296198
"N_all[1,2]",2845.0504461941,174.505655278,7906.15651244422,74.5775276804827,581.244602372816,1327.99681435022,2709.70076270405,13567.7879682166,2052.63534662635,1.00176293245205
"N_all[1,3]",513.245694239072,2.13175904943232,110.895650098016,350.411073238542,440.095306176623,491.393986077383,567.404958102733,781.455771782644,2706.15577199552,1.00040534941031
"N_all[1,4]",2045.50837866651,32.8714390576533,1134.31593196064,724.321436117805,1334.60699028577,1806.12071365557,2463.70481169381,4722.00659571521,1190.77752632595,1.00294314739157
"N_all[1,5]",880.210802526868,3.27342639313602,159.053689169383,578.411386789533,775.649427931393,879.376935336484,977.643366424164,1212.64195219359,2360.92577814249,1.00034583202852
"N_all[1,6]",503.359557746248,1.43949332163432,84.8469540045611,355.171852892104,448.135800791322,495.611859955114,547.598333017855,697.859650887068,3474.18709626527,1.00015666547563
"N_all[1,7]",4435.21174927297,12.0067529468426,709.727154619296,3222.483767354,3974.51787821209,4376.78563286004,4821.09622988521,5979.07330959462,3494.07075062035,0.999694005436525
"N_all[1,8]",805.49850185539,10.7723995212307,449.597921630952,262.277491598096,503.909305126047,708.522553836124,989.976628526212,1981.13133205684,1741.90187252852,1.00045606449384
"N_all[1,9]",952.008426521253,2.73024716002605,182.891833545015,610.670277120035,838.349164686838,946.814279637608,1054.73235333299,1348.34794014071,4487.29580776944,1.00098488770404
"N_all[1,10]",181.852275254856,0.61844361982351,35.1214491150699,115.966477800695,158.569821901884,180.761052002109,203.587820715062,255.988807931432,3225.11070152084,1.0017835089016
"N_all[1,11]",54.9601766184843,0.214147238862809,11.7860405443682,35.6321974291304,46.9191786620428,53.7004964859835,61.498389161722,82.7339286703998,3029.0811141781,1.00008682455744
"N_all[1,12]",260.991495250529,0.796280959094349,48.8402092435273,169.676606364237,229.307891795039,258.75311420244,288.556694766008,368.903646867325,3762.03100124054,0.999815988020889
"N_all[2,1]",538.46739133972,8.61654727591569,326.868456335223,158.121212928322,334.422412235044,468.812151759662,648.760632840522,1345.29075026684,1439.06189536368,1.00095507216352
"N_all[2,2]",2362.02679574699,120.585164171278,5179.31930586513,79.6168173612359,570.059909317463,1209.62130287108,2427.25723381439,11702.0004647888,1844.83536081293,1.00234519859905
"N_all[2,3]",611.397331880087,2.95171842804283,119.239469396442,384.366849934086,532.028084957734,611.956991438825,692.284894836819,839.53889614098,1631.887501711,1.0006549304385
"N_all[2,4]",1855.11810489948,30.4414207948873,1026.63427566158,736.322959507157,1286.89216465262,1674.00166219872,2205.64638416235,4020.61983624247,1137.36977404632,1.00309999479407
"N_all[2,5]",649.828917863931,1.53074538040329,102.132219392539,465.048809690045,581.751789310391,642.847818123735,709.381668019723,880.681359586524,4451.63577633293,0.999664306899823
"N_all[2,6]",481.424142409737,1.36161236064779,78.9109989568902,352.138645568305,427.815447008425,472.716025704602,525.277900213749,661.251723611216,3358.67600826928,1.00021546879347
"N_all[2,7]",4250.68235377298,10.1142358900529,661.420754288614,3037.44289026172,3806.80155940108,4241.6817399873,4677.69296300473,5637.76426544396,4276.50988186596,1.00030514398592
"N_all[2,8]",756.875820242141,8.80574605576014,388.231009294977,270.417410603376,504.018579336317,673.969323515518,910.153677351978,1751.8337844398,1943.78456014096,1.0003448679005
"N_all[2,9]",878.06915544208,4.77653467760881,256.515877304065,482.598549650531,702.122921482178,843.277133151787,1007.78913150456,1497.442598514,2884.048985538,1.00029548671328
"N_all[2,10]",148.08150259827,0.45990165095853,26.0123215260298,99.6355588084977,130.636197555462,146.786757053551,164.584965803544,200.966864576124,3199.10349097858,1.00103686328567
"N_all[2,11]",57.9861385185531,0.194989826252373,11.4946195514636,38.9454688658791,50.1671724786112,56.795523506653,64.1416237623395,84.6152816578024,3475.08393366737,1.00033092505163
"N_all[2,12]",213.526084834891,0.875841777078703,41.7002745771955,147.917452977176,186.167324651438,206.523959570584,234.547827096332,312.000297646468,2266.86948008517,0.999993581396493
"N_all[3,1]",412.761206256085,5.43005718234592,205.199133051264,152.846298332067,280.689679603328,374.421208509169,490.8312776076,920.678828844695,1428.04613152082,1.00094018991498
"N_all[3,2]",1888.89693170306,101.066802844658,4289.10541993964,74.2257931801564,515.80059321787,1003.50662252747,1942.27611911562,8914.94303652748,1801.0110879338,1.00151026833584
"N_all[3,3]",351.747902682558,1.28426526248128,71.758973184428,246.451668226442,304.287528739569,339.550241256926,386.573419278263,526.90710129167,3122.0723278246,0.999845983572203
"N_all[3,4]",1457.1938970759,11.7564109981977,517.433401625908,745.093193448663,1120.45978428092,1365.4198109215,1692.33311407094,2703.31853775151,1937.13282069526,1.00129428937614
"N_all[3,5]",373.347648675216,1.36758179597558,69.0090414908216,264.300366999258,327.138170710716,364.87205240859,408.554949785754,536.040332388912,2546.27536370042,0.999484218877409
"N_all[3,6]",446.802021748877,1.27032463709364,71.5596018322566,324.253883554013,398.838530379466,440.116778674194,486.495582454808,603.454415575086,3173.26534470853,0.999556788259787
"N_all[3,7]",3122.22306206252,11.0190305378201,575.779928692966,2259.90099190179,2715.95116973138,3022.84559992179,3434.23794855874,4520.92707758541,2730.39996598611,0.999521988105363
"N_all[3,8]",694.714874526801,5.79080393924964,282.123959173224,325.370380763376,508.62408683872,644.973328831098,818.363218102325,1341.74803801214,2373.57094657928,0.999984485333024
"N_all[3,9]",696.646826344648,4.03551354902396,220.970613930715,371.994955458767,542.233286845151,664.936728632632,810.047316486826,1221.33900432961,2998.27473414278,0.999904589946996
"N_all[3,10]",78.5639160072164,0.309898192162291,15.8605340049241,53.997803347634,67.6343912462221,76.0908558324495,87.1070614471252,116.003367944269,2619.37407819796,1.00094367945267
"N_all[3,11]",77.0472255725107,0.28215433766392,15.7946711135432,47.9807412250769,66.4227089320573,76.3245735462112,86.5885309588605,110.764024020018,3133.62996832241,0.999506171746029
"N_all[3,12]",188.28839084559,1.18404104550335,46.475148949003,123.205878369376,156.637630035112,179.31974123211,209.458015761006,306.557298263542,1540.6644628232,0.999983987895667
"N_all[4,1]",499.717734088465,4.23499947432197,169.177406947674,245.5011369631,386.488735866716,475.766735426972,579.572761695471,890.871628018783,1595.79833131836,1.00163147833463
"N_all[4,2]",1923.04390496574,68.6781373914312,2846.97651960699,109.547481741221,641.629993553199,1218.71273957675,2147.38839343751,8249.01012186205,1718.42568034237,1.00201284385769
"N_all[4,3]",579.334426226855,3.84542126805212,142.420408136036,308.809778218958,476.817954056139,579.030667358297,681.26936133937,846.906013575941,1371.69199481141,1.00042414972353
"N_all[4,4]",1823.95029977113,4.5976696496477,285.289348564456,1295.26510326407,1641.47790189231,1808.75689720313,1992.85048528375,2454.4340929726,3850.3090326087,1.00204703252143
"N_all[4,5]",419.585459940028,3.32691700741735,106.787403774576,275.687608844558,342.739094731325,397.342837390562,474.282597682081,683.33068302759,1030.28202215265,1.00265023300437
"N_all[4,6]",676.964968053012,1.63974770445495,105.709220633322,487.751230603068,606.924407365765,672.367308216879,738.891278102165,911.74316760211,4155.96305916518,1.00004109441037
"N_all[4,7]",4337.29868499395,10.8486434634986,655.61052952792,3252.39420635195,3902.38276448718,4258.40636906065,4696.40995207048,5853.82873462711,3652.08575742995,0.999748341323477
"N_all[4,8]",794.417303951308,2.025023718183,137.460613735505,565.80606033846,701.660751405596,777.770669389789,866.685101982264,1111.85063889425,4607.82873444483,0.99909906016596
"N_all[4,9]",670.5277574708,1.65444303628056,107.025828958379,479.179998631595,600.947842705563,664.078811226805,732.538949021956,897.425077155865,4184.78897907913,1.00016672077899
"N_all[4,10]",88.8875556472581,0.257475864775067,16.2858357179672,60.5805850832031,77.6663259167081,87.6092480161268,98.5472510544583,125.462181249265,4000.80190378506,0.999953953891995
"N_all[4,11]",102.294619935846,0.344381022644103,19.5813536028747,66.2171727401098,89.3411582327854,101.47462492312,113.984731109564,143.526023905954,3233.0096238163,1.0002409946927
"N_all[4,12]",426.272510110447,1.648373840271,81.5865659718296,266.83888937011,372.384631594701,426.756478961504,477.96487314532,589.608173451078,2449.77320597413,1.00138726533296
"N_all[5,1]",478.790643862071,1.48228499399686,85.0033721242243,344.753131832871,422.746715312895,468.715290016244,523.298368463496,669.050866232415,3288.58359048938,0.999740543673394
"N_all[5,2]",2177.79460623591,86.9801419023822,3763.94839625517,142.713445867237,744.603959594484,1342.26869032662,2438.15480927452,8866.48762533044,1872.60896205478,1.00068041220951
"N_all[5,3]",367.60743054837,2.05325838959495,85.8895885010335,250.209964869362,309.04728311578,351.487277824944,408.201743713953,583.569622141921,1749.82183691761,1.00141455031778
"N_all[5,4]",1750.04884267579,3.50631809205783,228.23482260207,1340.44024960638,1603.57078669478,1735.07754498625,1882.99972725122,2238.20699845749,4237.02658329152,0.999666557777635
"N_all[5,5]",580.871205283835,1.55706124472617,93.7662008232552,422.505265567698,520.850465549552,571.865447981027,629.728816192277,791.896358316361,3626.44628568038,1.00054240141775
"N_all[5,6]",804.040258169688,3.73276065180433,151.210188862862,528.346487924388,696.759635609915,793.897816573036,903.949200238437,1113.66711710653,1640.97447136122,1.00103053193757
"N_all[5,7]",5472.00837610588,11.699896772448,749.532093061121,4151.87763005995,4966.51812155147,5421.25421787103,5899.63442566921,7104.57514697764,4104.08555778333,0.999497922879025
"N_all[5,8]",989.039211461758,2.3627261220489,148.957367508232,708.470171060673,886.97494084001,988.946072627265,1084.806221762,1291.7482951013,3974.63462296371,1.00077840019117
"N_all[5,9]",706.397856991616,1.63556049890728,103.996731669068,528.099630483036,636.707147729896,695.486924369762,763.144617372924,949.692265026569,4043.02247250017,0.999437402400108
"N_all[5,10]",68.3154662470346,0.243528245177359,12.6935045903633,46.9732672342532,59.6440759088777,67.1654162121792,75.8152718817296,97.5497375736077,2716.84217353093,1.00099295917636
"N_all[5,11]",89.720988084562,0.403444048082792,19.4840861292591,58.6346425971613,76.4787537446568,87.0532503202313,99.9423435521725,133.969096229629,2332.34856704857,1.00091106689681
"N_all[5,12]",485.41942003829,1.28811451946277,78.5493918539503,344.487797934621,432.273665069859,480.24961304791,532.141680807358,658.968533979708,3718.57634970862,1.00003444244908
"N_all[6,1]",540.191237610421,2.24230555624207,116.050007110169,338.03735012858,462.594028983605,529.227559529174,601.467238482216,801.281607138807,2678.55616130305,1.00144485621628
"N_all[6,2]",2236.73946897325,86.0673617276789,3769.13765831505,187.246400450619,831.825660839663,1484.78793394658,2554.37676247508,8825.88779284319,1917.81635320416,1.00079518469877
"N_all[6,3]",372.684329703921,3.51069229769233,102.890409520695,240.039398578267,300.207943769528,348.876085355042,423.576603888529,628.530583346794,858.942829831751,1.00303891025197
"N_all[6,4]",1766.43457076359,3.55297400108951,228.107915331394,1363.96739550783,1614.43324916878,1750.74761463814,1898.83698872023,2259.44895764388,4121.89241349351,0.999395653293762
"N_all[6,5]",764.883523362408,2.29593460797668,124.329920435488,528.252788309254,683.889231482633,762.434170491233,841.813263281145,1020.28119321766,2932.4612534225,0.999595547645765
"N_all[6,6]",690.053629894458,2.91181985854055,136.505220367928,485.956375988248,592.270977455877,669.322638265829,766.916804861165,1005.79447069061,2197.70559414396,1.00158745552115
"N_all[6,7]",6440.58002661542,13.295532316209,850.311335154997,4921.91901698673,5871.78039409089,6384.06768252114,6942.72561970574,8329.26220796622,4090.19936647087,1.00125968182789
"N_all[6,8]",961.787421305044,2.73235017709991,139.947396037148,722.443352638794,869.199474471756,945.976272909858,1037.64952734254,1291.94478873597,2623.35418075311,0.999957448318628
"N_all[6,9]",736.039867327493,1.67874255291798,106.667950782952,540.726582899923,663.461511134703,730.092781425729,803.157693450626,965.838904389206,4037.380726906,0.999582870082934
"N_all[6,10]",78.5950138827095,0.242688092626207,13.7920390780045,52.7470432421674,69.3902656633894,78.1341406301059,86.9507485055539,107.296622638795,3229.68391961009,0.999785142429305
"N_all[6,11]",112.037870976287,0.309656438045368,19.000489084295,76.6670775632922,99.506914599069,111.214091212408,123.713789015131,151.548971520459,3765.0377288672,0.999838158527513
"N_all[6,12]",524.586785542994,1.27506313658416,82.557021732161,373.56957404029,470.97279293281,521.005158101891,574.729434955576,693.763238384836,4192.22568514163,1.00123101815055
"N_all[7,1]",604.010736341343,1.32064244050559,83.8032432915669,448.839526941461,550.167439748741,599.371021595875,652.429673040625,780.915450112022,4026.71742344064,0.99957510383487
"N_all[7,2]",2263.74646507473,64.4416801850122,2684.29591604774,253.119689400224,966.787899347418,1634.24849241397,2669.60685797247,8018.37587790123,1735.1102318722,1.00138394015619
"N_all[7,3]",627.492809371734,1.69670109569661,107.053690575474,425.031560846075,557.008610102462,625.948130869906,692.638642557454,846.264349495816,3981.00393596392,1.00063702144064
"N_all[7,4]",1874.22900356323,3.73434055419464,233.951104072682,1460.70168674584,1715.89659766057,1858.14092042451,2013.47774441264,2368.05278915011,3924.84360687982,0.999664355605705
"N_all[7,5]",897.825537842462,2.65276901239704,140.815945860656,636.729574645549,804.564324718935,893.405257750795,984.826687391251,1182.66012896903,2817.76520351416,0.999702628928683
"N_all[7,6]",882.422317581447,1.91134946105775,128.559620710786,646.697490374365,796.955756598861,872.676639493718,959.163919749575,1162.7245953566,4524.06637494601,1.00054426115966
"N_all[7,7]",8207.33053019163,17.2800537100398,1085.72438548453,6197.20653803255,7476.56440415271,8177.84786465182,8876.61817932451,10496.6351310134,3947.74423890621,0.999776782948093
"N_all[7,8]",1051.05410456907,2.20778613474244,139.835204526393,803.401716417829,957.738038930281,1039.48317910991,1134.61106542378,1358.9819488153,4011.61309933384,0.999731843044144
"N_all[7,9]",733.273460165589,2.01763002796387,114.122723313175,549.041770944248,652.808622303964,720.245057390895,798.031995048593,993.930841219318,3199.34583410531,1.00023893486466
"N_all[7,10]",76.5390280219751,0.211015202541851,12.9634507343064,54.6579418820246,67.5590438811623,75.2168517251127,83.9705548558206,105.173440505096,3774.10303932212,1.00024850256077
"N_all[7,11]",115.595567171617,0.340558710158786,19.739706476204,79.8935246861311,102.579584130882,114.495736963884,127.006652172146,157.323488268137,3359.67599607173,1.00019290623826
"N_all[7,12]",552.999403688586,1.28591928956221,83.981525444595,406.353915798187,496.880528982646,545.790375075851,601.072079993799,742.781539294304,4265.2068276594,0.999836359410425
"N_all[8,1]",568.805466538752,1.39827317437843,79.1619418758574,424.533859530399,517.451968798156,563.462259056162,614.274869402877,742.221135241277,3205.15344851664,0.999887995153555
"N_all[8,2]",2195.70412544519,58.6038160175522,2449.24637589432,283.557500439723,1005.33726432589,1614.55119750972,2605.44276356238,7482.09465304582,1746.6792287531,1.00121343578569
"N_all[8,3]",610.660416449419,1.85867050137467,101.973007612807,441.043791823513,543.645176886911,601.070376501582,665.470893501964,844.20053542978,3009.99410165117,1.00082627076522
"N_all[8,4]",1705.95466985874,4.09335972442728,233.666913253003,1302.63581143723,1548.28482392095,1687.52501212443,1842.87146440847,2216.62984597261,3258.62675423749,1.00049948939966
"N_all[8,5]",752.504053738201,1.6880480327282,114.61047552861,559.936674064925,673.89343346499,739.585849278692,817.360772311989,1008.5547398822,4609.76757362674,1.00016741519191
"N_all[8,6]",866.151047809937,3.53138553643016,160.546883590421,618.085930946815,752.414763633474,845.080723832739,956.417776882088,1240.295816433,2066.87157093326,1.00434617891259
"N_all[8,7]",8242.4672844733,19.1598124581129,1131.90310688884,6239.81705714997,7466.12442423751,8190.87146776991,8956.87348932344,10592.4367333817,3490.0849377512,1.00014230986486
"N_all[8,8]",1123.66891427339,2.59966988990547,157.702689525937,840.813582677149,1018.45666169803,1115.99689571129,1221.44828776592,1458.97184687368,3679.94893222006,0.999604529172358
"N_all[8,9]",795.002618702704,1.75373332090819,115.569050826663,582.438523428291,720.261247887995,787.764987653597,862.702535490289,1047.56980884226,4342.66157060937,1.00015334899036
"N_all[8,10]",59.4718626191527,0.273526231717349,12.2311204516922,40.4034721987301,50.6950480071295,58.0295880403153,66.6085516796127,87.2053010104455,1999.56037334722,1.00071017876849
"N_all[8,11]",108.410845475802,0.369229766704836,19.464767885124,72.7852875149035,95.4605117861369,107.337098478913,120.318699836768,149.219110233467,2779.10558241564,0.999947645302675
"N_all[8,12]",451.826292466282,1.13306669839769,71.0949251435129,324.84084217494,403.968356894193,447.622845342059,492.806479795403,614.540620564556,3937.00758513474,1.00054432555153
"N_all[9,1]",591.93279043655,1.45046017800698,87.5148183693186,430.232140546267,534.976619133327,589.30693428317,643.673614858114,772.565461650122,3640.42067199537,1.00031356030034
"N_all[9,2]",2249.20349322524,46.1615293141296,1844.99071610676,429.644422330742,1173.82729806291,1819.89038086772,2747.57097307221,6651.76953328999,1597.45264774288,1.00096508110013
"N_all[9,3]",1134.58714379262,2.84877275999746,195.514842202187,788.296470919897,1005.55337649376,1124.63995611036,1244.12491862562,1569.09631640247,4710.24880023738,0.999675624473358
"N_all[9,4]",2023.52334548004,4.27871702923194,267.038768531207,1543.51327322744,1847.86452320517,2004.42689167648,2173.35485119264,2619.15621938536,3895.12592011787,1.00011792054099
"N_all[9,5]",938.217721967843,2.19512500529119,141.586570691942,677.073443282043,842.63115001269,932.743063047114,1025.0643879679,1227.68894820747,4160.30922815218,0.999640545448902
"N_all[9,6]",1412.73982123609,7.89050272922159,282.719535223945,912.30018980686,1207.75969059736,1395.99203600464,1606.75629361758,1978.84120387429,1283.81453293819,1.00075523176112
"N_all[9,7]",8565.50859790187,17.2531677443769,1146.82530831833,6500.68939828369,7818.03317703974,8497.85163452898,9221.1155832667,11085.0420631755,4418.31675053454,1.00018792899765
"N_all[9,8]",1077.6225276398,3.13112604573815,170.437482057963,803.512013135325,958.966737314283,1057.30898008195,1169.69971402936,1488.98854931664,2962.98271196749,1.0001288544757
"N_all[9,9]",924.451371682014,2.32939866182755,135.768395660128,673.249670521828,832.68412268048,922.248384615247,1008.50964480093,1206.87106546482,3397.11093183842,1.00025538380865
"N_all[9,10]",82.5977042508352,0.223642652970275,13.8229939440866,58.3606825118467,73.214626588997,81.7021438084483,90.7050944367358,112.779987727805,3820.27797462448,0.999319596285905
"N_all[9,11]",62.6174111164707,0.315054674942181,14.3329990027342,39.8542772893178,52.958916119287,60.8777489772536,70.3766949077175,94.5046403445329,2069.67562415211,1.00178598140013
"N_all[9,12]",392.1850089924,1.86858623556997,85.2667401745147,264.623263100363,329.611899028054,379.192777498305,441.220843308954,587.494978966202,2082.2507578771,1.00065888091233
"N_all[10,1]",553.050260656576,3.12560320958168,127.597204106702,340.285600206037,467.712425506562,542.300089134836,623.191748717008,842.108098233869,1666.53572607694,1.00086821346927
"N_all[10,2]",2099.56308281064,38.3734075540102,1551.78193397603,465.763786667012,1176.50256670891,1772.55158351552,2564.66599350231,5689.85611437146,1635.31210113675,1.00032157567807
"N_all[10,3]",1535.54591777289,13.1602119150831,368.49789604902,842.948112874825,1262.92422397154,1533.87214720116,1794.11223597966,2234.70671236529,784.050903949936,1.00287302406046
"N_all[10,4]",2002.48186847407,4.58852516697279,279.947697063089,1511.46770031653,1815.6051144453,1978.7564700928,2164.75798519352,2625.174751512,3722.26734494126,1.0002687459284
"N_all[10,5]",865.017543145876,1.99472644819036,131.748217823738,632.153494455044,779.13086618094,853.944908487066,939.272520433581,1158.32804521714,4362.37309568664,1.00066453760862
"N_all[10,6]",1408.07611098972,5.42855324880015,222.611961021746,1007.6951639669,1257.53936581923,1397.93665742464,1538.85334373607,1895.18323157333,1681.62357225427,1.00066918241759
"N_all[10,7]",8263.60582976126,18.485004406389,1148.80947816179,6268.33949623692,7510.7992048144,8162.13092222389,8921.08335731265,10867.6581908794,3862.39692964278,1.00080886210745
"N_all[10,8]",1125.33388007631,3.35376070010679,181.152544390506,785.218823718107,1001.00623331046,1125.7503854192,1246.1160152144,1488.85711965024,2917.59317293074,1.00198342062129
"N_all[10,9]",858.228693535913,2.97366580148655,139.803741430281,593.019839346454,764.592438903143,854.141962558942,949.817211393238,1143.48034127367,2210.31042338884,1.00060320319011
"N_all[10,10]",78.934405552099,0.244521987025106,14.1438585772486,54.465402182165,69.3296329377752,77.6072438694719,87.2966266781849,110.585426694713,3345.80000832108,0.999770986102732
"N_all[10,11]",50.1329261438121,0.628268056304336,20.6589047557906,20.8662246242251,34.4928293177542,46.7944403008657,62.6574741258028,97.76910199193,1081.246286368,1.00554229305169
"N_all[10,12]",470.198331118465,1.26463071732485,80.289638130712,322.44499222609,416.430308280962,466.743403574083,520.014653162222,639.98917790846,4030.80276881305,0.999636427463468
"N_all[11,1]",378.677292042664,1.35855399826441,70.8124229352395,268.593801791159,330.33213074648,369.061342113342,416.036515541114,544.368492679499,2716.84648427647,1.00177771851593
"N_all[11,2]",1496.98758504327,26.8446649145309,1032.1257616281,397.428895114385,923.899863033343,1301.26063019762,1797.45216255647,3809.55112192736,1478.25467642982,0.999934221364793
"N_all[11,3]",804.854503397179,5.70726767384328,211.78543416683,532.781911896292,663.427492090866,755.424412086167,895.919837044592,1326.96570381354,1377.00555378472,1.00170253682685
"N_all[11,4]",1610.47084007397,3.54228758670039,220.437549327434,1200.3984434237,1466.12537194697,1601.64963204105,1745.69844236919,2067.46316900126,3872.60778283857,1.00047506558805
"N_all[11,5]",607.561311798511,1.43844533647306,94.1690150825467,426.80239737539,545.637110268417,603.284905078874,663.986906101448,811.108489419355,4285.77464460937,0.999338431501146
"N_all[11,6]",925.177352555783,2.24613400479269,145.043106918425,681.653610023599,828.971515439572,908.522953217217,1003.48586404817,1261.44060085036,4169.87333103581,0.999590411978725
"N_all[11,7]",6262.59639433775,14.0670597755268,868.504350705341,4712.72064426949,5701.11194021449,6223.77663567155,6760.93828058925,8172.17496677928,3811.86341557774,1.00021191223682
"N_all[11,8]",808.256006408386,2.14753429730496,127.549980333359,574.416114937763,723.327561317579,804.934946113024,885.386559281043,1076.79459534932,3527.61008075779,1.00095898980209
"N_all[11,9]",506.861378154669,1.42791101252628,83.1902602291816,371.788557373503,449.123564233675,496.941048566814,552.325868668808,703.444973841076,3394.24103487218,1.000421552443
"N_all[11,10]",51.3815885392545,0.444050409422201,15.1611064785182,29.3739800399742,40.6288640105411,48.7869688320126,59.235317134879,88.194052697428,1165.72804837892,1.0008626034508
"N_all[11,11]",52.4749456880403,0.187564975045677,10.9457311486671,32.4364855995734,45.101589729087,51.8810496916418,59.3634029985923,75.9515766907766,3405.54063124656,0.999993938485307
"N_all[11,12]",386.909708658016,1.0891240430194,68.0202101911955,272.62241399051,343.53246503916,378.874964716861,421.294074341066,545.655154350833,3900.50867705021,0.999321997134374
"N_all[12,1]",460.150123696768,2.91515891164493,119.515127969285,262.906819202368,378.379676519299,447.823969698576,525.983889899579,739.997791560194,1680.82033450344,1.00104876518315
"N_all[12,2]",1186.11732684597,9.81997451528558,447.396662860454,539.76858557241,881.816876237146,1109.82286010393,1404.27803374058,2257.75934534698,2075.70083153245,1.00097014289541
"N_all[12,3]",1755.67132161516,6.27411915317126,314.272535592507,1184.3616699003,1561.12316958826,1735.3859040721,1922.13940651398,2421.44370382078,2509.03855286339,1.00220066179414
"N_all[12,4]",1909.4200300355,4.77785468549948,283.986309525703,1390.92625444338,1718.74852723332,1897.66746454202,2077.94970015336,2494.91343956497,3532.88039041241,1.00004662645389
"N_all[12,5]",579.810486900137,1.37295192515064,92.1488757293593,417.214423221388,518.491454119417,574.539952746187,632.395206796839,776.752375589979,4504.73679732712,0.999292229690138
"N_all[12,6]",979.702496666797,4.41494443437171,215.341490992551,562.111048387788,834.983172649436,977.258330296024,1121.06192806786,1424.48816215633,2379.05754766557,1.0014577305733
"N_all[12,7]",5826.6705677539,13.7990212797854,843.803685914481,4256.48521767116,5263.90477369408,5802.16740181988,6320.70753481445,7660.89681090414,3739.26519821212,0.99971659364275
"N_all[12,8]",472.721361576116,2.23604748771615,97.3826043395092,330.3582702702,404.021569698883,456.405499119714,520.692214532507,714.959631353051,1896.70908569577,1.00068761561757
"N_all[12,9]",336.227195581071,1.50313782924292,64.3747947858069,239.038285247074,293.003758665537,326.96403570083,367.873391428572,488.983901659973,1834.14685592643,1.00111065476297
"N_all[12,10]",112.298144217294,0.434078778027536,21.5100350839811,71.7367557104091,98.2517596193793,111.798470985345,126.273471131021,155.542131681339,2455.52935201642,1.00002108083597
"N_all[12,11]",39.9378835540818,0.179706023854436,9.52505750738905,25.0804671180868,33.2037786094522,38.6906421497857,45.0988497442112,61.9137648609452,2809.37648173583,0.999489363072277
"N_all[12,12]",648.298967418576,3.05485599431705,127.627853682104,395.367666114115,563.033121507514,652.824496338306,732.960748506686,895.477256242877,1745.45817501096,1.00140891396301
"N_all[13,1]",425.997775582639,1.56772600321972,76.5434899859975,285.7361163681,376.24140507138,423.346628763899,469.127729146274,588.589134393987,2383.83502309402,1.00057971189974
"N_all[13,2]",966.335745895234,5.40426968514567,218.697395125783,660.618629652031,820.248033861126,926.059239014079,1061.55635496902,1515.39446016437,1637.62022821684,1.00046413223698
"N_all[13,3]",1734.06353770143,7.44752182985652,313.701969129783,1115.70553832325,1527.19125948232,1738.29288437441,1934.98012248091,2345.3729595178,1774.23409150312,1.00078383973605
"N_all[13,4]",1646.85840001068,4.0047697170316,244.925018842293,1210.32931604979,1488.49777781853,1632.98545438729,1782.59168673317,2192.1211262984,3740.34105087958,1.00107873796282
"N_all[13,5]",405.497986404798,1.70022548125644,76.7645630887461,287.225417920349,352.130992141448,394.171116687519,447.909233154628,589.152800307206,2038.48971017783,1.00041711617888
"N_all[13,6]",667.534427531235,5.51725391240007,208.751551948659,378.727014074839,509.82637527914,633.271020748728,783.792913549806,1149.23574952621,1431.57294838324,1.00107060698826
"N_all[13,7]",4621.98673820374,12.2449700828805,729.857026502264,3403.15832839895,4132.8622876397,4534.1702578059,5037.60518764808,6278.66363652444,3552.71304042211,0.999562003334065
"N_all[13,8]",415.118947599538,1.52016212341935,70.0209523216069,303.104472622056,369.572018888645,406.586891291296,449.428349874387,578.738119017337,2121.66206548144,1.00088664312506
"N_all[13,9]",295.793072480862,1.48848959450589,58.4761472492676,208.336873278263,255.510786231905,285.653617362186,326.206435605992,437.120081749777,1543.3552231903,1.00125892510246
"N_all[13,10]",104.352280288077,0.34089726294488,18.1691774576345,71.0808254321597,92.153191674142,103.356963146936,115.872516245714,142.496480793791,2840.6877911472,1.00013784311516
"N_all[13,11]",47.4932482161147,0.195133448132258,10.0415545870033,29.5307973748991,40.5489228327532,46.933328274699,53.6480569560412,69.7346451297457,2648.12492591723,1.00236131556362
"N_all[13,12]",494.195924108117,1.50758653630802,85.5504217100787,331.426026421084,439.606953146867,493.772290384306,545.152985000538,672.138269562064,3220.17748247697,1.00080804881915
"N_all[14,1]",422.271801899482,1.81923189596021,92.4973494352261,269.74453785725,360.894538030433,411.001435671685,473.77892887746,631.413419652538,2585.13038583953,0.999889791345114
"N_all[14,2]",1377.46898455113,3.87212234357611,224.365449052848,951.891243385067,1223.53304017999,1372.6413317177,1522.54872217892,1838.34907272428,3357.48295286986,0.99984342524766
"N_all[14,3]",1438.27534645233,3.58812670054115,238.598315083696,1010.57456098925,1288.27701711698,1420.46789315834,1564.22771248187,1973.29039024062,4421.80111509037,0.999917593921839
"N_all[14,4]",1628.45189536871,5.64308024427585,320.61994499785,1089.30799710546,1415.56019634514,1601.6725799968,1805.04727343643,2372.69610026381,3228.11218131988,1.00086024697974
"N_all[14,5]",493.079962904211,2.35515179045203,93.9029211816076,320.577922347984,425.761363004318,490.890427169102,556.876645888566,681.004149241769,1589.71912804214,1.00115857115303
"N_all[14,6]",802.153646486467,5.44320198814704,226.323613466364,439.716541875699,648.635434828982,774.593100403575,921.469400724635,1316.61484418238,1728.82421021233,1.00046805450133
"N_all[14,7]",5035.78813901049,18.5984029456912,1063.8304316934,3226.85167864971,4314.30754160865,4933.97312725981,5632.49042762384,7488.10514305043,3271.85096858887,1.00068810943077
"N_all[14,8]",537.076348715263,1.36007357481886,78.5569748446711,397.484946426961,485.686848006961,531.998822302395,583.975932918347,699.21216450859,3336.14329476095,1.00091304144883
"N_all[14,9]",441.842564405792,1.0688627816005,68.9708758405787,325.451468502906,397.459331291906,436.083877205239,479.423705277426,598.619570016983,4163.77805649593,0.999318650998379
"N_all[14,10]",92.1081747887425,0.248425393361964,15.5561329446457,65.4595122012856,81.4610254820111,91.0153387681355,100.652515429022,126.349444920414,3921.13071067952,0.999417320249902
"N_all[14,11]",42.5082503420113,0.145853004148234,8.35487568446982,28.2205600302657,36.7814582833143,41.8106118715815,47.4663943776478,61.4019401259968,3281.32484583711,0.999418252940831
"N_all[14,12]",357.620223303902,0.924088255073232,61.9418272337983,247.317493097783,316.683591599588,353.793719319401,394.535471938087,490.814006299478,4493.04868092396,0.999397057325631
"N_all[15,1]",348.532601694963,0.873037304389494,50.4255928644533,260.399186123652,314.542414953012,343.503721243752,378.131517093151,460.764866084047,3336.07974589451,1.001365502668
"N_all[15,2]",1313.56565995983,3.01542152009999,196.042639992829,977.579609389137,1182.44382094298,1295.14724057216,1422.87074223777,1762.84123073762,4226.73504473978,0.999846252783775
"N_all[15,3]",1078.10788326563,2.81111558993396,181.136048904075,730.527534883649,959.760007209452,1072.29127764962,1187.50357735807,1465.84690833966,4151.95247021158,1.00001742257174
"N_all[15,4]",1345.74748673919,3.3196286209923,192.273701426336,995.428707943555,1216.48869691254,1334.21264116277,1456.51309782167,1770.91134998571,3354.75472465888,1.0006427686539
"N_all[15,5]",317.242732241705,0.847579357277437,50.4336993562602,230.013316381692,284.231273412023,312.639037882727,345.555933544949,429.849723681557,3540.63296469467,1.00037918328751
"N_all[15,6]",756.712418713029,1.78829134548566,114.472060898931,550.764686560875,681.304049048728,750.175007780051,823.838197456376,1007.65644710492,4097.53294332805,0.999875794388487
"N_all[15,7]",4129.75928552979,13.504908224927,708.898195992057,2990.25221976461,3618.38705266767,4051.59910890737,4541.67991461186,5721.66295978222,2755.39881886356,1.00017865079437
"N_all[15,8]",571.585735162211,1.3276678963511,82.5728250325377,429.38977717234,517.712438055016,564.030244218536,618.752203052439,760.386709827803,3868.07938467275,1.00071044985634
"N_all[15,9]",557.395530500074,1.34573476947033,82.912649547226,403.061291373055,503.350360635875,553.626166789102,607.578329094795,734.086534910085,3795.96885598644,0.999733943849457
"N_all[15,10]",72.4018997863038,0.203671030464977,12.2172896154349,50.5679011541389,64.184544968355,71.4131584683346,79.6803434168681,98.4166731568083,3598.24902873648,0.999553525517581
"N_all[15,11]",42.3888505017168,0.157244400430655,8.24241973698953,28.6721323225255,36.6729812923507,41.6018406826008,47.0249097473585,60.7458362860141,2747.63522678714,1.00082941897274
"N_all[15,12]",187.770339925183,0.970158123197815,43.0507540849861,124.905441323449,157.121939167115,180.32897271682,210.46187933287,292.193422658899,1969.13946943326,1.00027544617674
"N_all[16,1]",364.684279452227,0.844766878557518,53.6336678763934,269.306124666803,328.774185526422,361.80572522104,396.468461252574,478.548061806435,4030.8927316781,0.999722061952205
"N_all[16,2]",1649.37091652514,6.73188416856927,298.361158391039,1101.57503518577,1446.18860910382,1637.24566827347,1847.84811383391,2251.66807149626,1964.31575434477,1.00084339211689
"N_all[16,3]",716.131142703312,3.1771887451371,140.350995292573,508.647015823798,618.446583384123,690.517760090774,785.825602882015,1061.79904437435,1951.39398799294,1.00038122697886
"N_all[16,4]",1339.88791554524,3.29804496704519,211.423963535251,968.298169361908,1204.13246528151,1321.26970916212,1454.84624158909,1831.50031573378,4109.55952157299,1.00007505198055
"N_all[16,5]",274.77211194844,0.672211084710553,43.5684971685235,196.625821077445,245.904157021354,271.998724896644,300.069555751071,372.511227821648,4200.81755650264,0.999210325036632
"N_all[16,6]",808.54983282903,1.88832178402672,125.0389649506,604.494205256826,725.90698209333,794.690996168865,877.614096724875,1094.14216570836,4384.68838029611,0.999697464090347
"N_all[16,7]",4972.26606438876,15.9996524990858,893.820201204119,3247.04620024944,4384.9965437627,4960.74905532585,5538.48141431043,6751.2607628893,3120.8955318489,1.00026977559886
"N_all[16,8]",751.080594936088,1.53017739594345,103.32401118269,564.103765787119,682.409717703516,745.291604472791,811.506065649182,976.245176389014,4559.51817374072,0.999795014573796
"N_all[16,9]",706.295634359373,2.71578758374476,116.952439950816,484.756094995494,624.380187171157,706.927393215856,783.725487376471,939.858456114684,1854.50059392676,1.00129165903882
"N_all[16,10]",55.1430832981777,0.205107008576325,10.9634696895638,37.6525197996832,47.4534836192443,53.9607803948983,61.5462403152606,80.1397276430704,2857.16314392221,1.00055209338998
"N_all[16,11]",54.8820997978097,0.215164809034456,11.6653128221494,36.246040924644,46.990017453584,53.4008252842016,61.4939659467444,81.8181875570561,2939.34317720701,1.00007543807652
"N_all[16,12]",190.270186400941,0.526516683095465,32.2831116126763,130.278000912113,169.168177142881,188.330475571852,209.567928578568,259.090430619728,3759.46894598847,0.999576180999989
"N_all[17,1]",331.194305556401,0.934547442744042,56.9527978369964,236.399671637494,292.744476653693,324.36237035736,362.203119543815,457.354374305362,3713.8761847926,1.00024839683636
"N_all[17,2]",1292.72247715973,4.57274341914907,265.207560967827,907.183081968044,1115.69194786239,1244.49005932431,1417.12339837974,1955.89644476865,3363.70682314015,0.999397537054405
"N_all[17,3]",668.093481344143,1.79766780605243,121.781805443372,455.495799278262,589.92143419338,657.858274930481,733.659470591155,949.350817899394,4589.29457574179,0.99952419235545
"N_all[17,4]",1331.1749235075,7.8850113905087,399.35605131388,706.052128904662,1068.38487976313,1272.42155115245,1530.29813769816,2309.26852413305,2565.16844580247,1.00007016229024
"N_all[17,5]",177.848898000896,1.20416539353989,38.7366633653178,120.160341466149,150.477836120915,170.948869017515,198.65247465682,269.603488906621,1034.83744529491,1.00120576900574
"N_all[17,6]",837.074939240432,2.18542638969865,142.295147622796,568.148536662707,746.080367262291,832.549409162852,924.607612490158,1128.33339970616,4239.43338082639,0.999587492360892
"N_all[17,7]",4646.0390609674,28.6616640887394,1511.80331570331,2322.81491155009,3643.42607958634,4437.94839723818,5377.18105949878,8107.27310026785,2782.19639390305,1.00059219017348
"N_all[17,8]",787.591487191455,1.82654932440354,115.828257208695,586.721200889645,709.709371297476,778.110988168274,849.46995419214,1043.08117754716,4021.29778622853,0.999975933978191
"N_all[17,9]",612.812790770677,1.53034317862937,95.9874362040169,451.942120320959,550.262875745516,604.222321796053,663.65569841978,832.931860551952,3934.15185960514,0.999387915243245
"N_all[17,10]",52.9794472644946,0.162901219855586,10.5933548091261,34.7205484811017,45.4717212511376,52.1325722463442,59.4414342805892,75.9713085170053,4228.81186465999,0.999552360312824
"N_all[17,11]",81.367038703391,0.328278416159937,16.0400931462538,51.5831279005646,70.540545064229,81.1356802797316,91.4835096808252,114.973591566792,2387.42156838672,0.999862441630069
"N_all[17,12]",159.602026679039,0.946965853905444,36.7938207490965,106.508707741771,134.323705716985,153.227547249119,178.797717747828,247.391902098967,1509.66691658614,1.00158074490447
"N_all[18,1]",421.760865814403,2.37402712708572,133.617872127559,218.585890475684,332.926252224578,404.303999717605,490.370340540298,736.313365831713,3167.79995493558,0.999218310541611
"N_all[18,2]",1712.50740377986,12.4325236079901,675.100788956135,733.718869335974,1265.94918374053,1611.21294906319,2028.63756509641,3318.3131876277,2948.61890643588,1.00114853294053
"N_all[18,3]",882.996321413694,8.9645594818087,463.72724094012,314.662947933834,596.092910716799,803.799482418334,1049.46402893504,1962.31518106178,2675.88417270203,0.999791067904008
"N_all[18,4]",1694.14339849026,13.7504497569364,681.919297432958,727.807760578462,1234.16596095429,1586.59958949311,2021.17835342042,3339.68833900396,2459.4169064151,0.999895957585111
"N_all[18,5]",228.820117401411,0.671924201661413,42.7565289212801,157.331437036686,201.324858787561,225.944515050112,251.181060755004,326.286721846967,4049.15418057938,0.999787235675207
"N_all[18,6]",1109.17019430042,8.07656608020791,426.780912960696,501.047663648492,827.378988469254,1041.95575859483,1311.24637759308,2113.05661426898,2792.26398540048,0.999700974381053
"N_all[18,7]",6218.70615145523,46.6223364957046,2574.67962665204,2618.51413023353,4492.0281752474,5812.56092205659,7426.54615832955,12307.5177373292,3049.70845521061,1.00027855449961
"N_all[18,8]",1095.93730786928,3.29218397615321,191.292461121052,731.752116749885,969.721010044679,1089.61387344725,1216.1178762114,1489.43058202505,3376.19494975231,1.00016837261715
"N_all[18,9]",746.360730151368,2.00996805780519,128.344047881214,518.833293280706,663.572879970298,735.936045758714,819.91965179925,1027.21120587585,4077.3045665611,0.999238957096934
"N_all[18,10]",64.9019854974666,0.449756027259483,26.6774771667044,26.8452640649849,46.7156209542763,60.5344914302513,79.0179561740484,127.334101383455,3518.32155880242,0.999820398504698
"N_all[18,11]",105.26773759702,0.347353243831241,21.0699039508894,68.7636386018782,91.1792746610079,103.916943281076,117.585431869412,150.97727499614,3679.44566257552,1.00006148188679
"N_all[18,12]",260.68098705372,1.00807372726567,54.4359473739686,152.628121253564,225.318183615701,260.931727216452,296.317302618854,367.708596466567,2915.99636829776,1.00006133406673
"N_all[19,1]",429.414593905055,3.03195984272635,175.981268706809,175.902521205835,312.959946907607,399.426802397383,508.17009136793,867.881278194055,3368.88354686637,0.999364565798478
"N_all[19,2]",1835.43176401421,20.0817143778592,1077.54481394603,609.116623016575,1188.05583465427,1616.54825492357,2197.56986952374,4217.38081051841,2879.18194653561,1.002664343406
"N_all[19,3]",977.532702730222,13.4471927497018,729.08882040679,223.791845910376,547.807652136745,819.594131764713,1185.93477429925,2648.95435036961,2939.66348536291,0.999906923007906
"N_all[19,4]",1731.67849671683,16.2603428275335,848.716393971293,618.225641080408,1172.56888976947,1570.05804282537,2080.42726818418,3917.43728162054,2724.3681011242,1.00014899133533
"N_all[19,5]",231.363243216752,1.40859616011731,86.9866091359375,109.696517346498,169.973531219096,217.810508810891,274.83484504122,433.670209610243,3813.57070851641,1.00057736608497
"N_all[19,6]",1185.63055150696,12.6991513492193,698.578052837184,406.137364795622,790.961673292608,1060.37492108181,1420.91294953691,2685.36483754735,3026.08049538091,0.999704547284108
"N_all[19,7]",6476.8396298168,57.4441197654522,3262.65055975832,2258.3495794159,4347.21812170309,5864.45728160439,7857.45717118789,14679.4368292396,3225.893057965,1.00064287136421
"N_all[19,8]",1150.70327800334,6.24520927533269,368.734189263947,596.767861984591,894.83953823356,1099.6911579056,1347.93574348313,1969.07087338462,3486.04366761407,0.999749032810652
"N_all[19,9]",764.504529805085,3.95552849615935,249.6388076205,379.848760431989,592.416844855144,732.412547091631,893.408362907622,1348.56840397568,3983.04454952921,0.999807319786546
"N_all[19,10]",67.4163675610639,0.638341191341538,38.5543560229614,20.7784342182998,42.5139234368171,58.8739870584122,82.1717009071536,162.545094787375,3647.88524045879,1.00028683787272
"N_all[19,11]",113.677676244895,0.914641803783392,54.6060453620564,46.1702419778166,80.1100896106488,103.80288970324,135.281284288352,234.459858170453,3564.34190999039,1.00134105543141
"N_all[19,12]",275.27702477635,2.02534349171282,124.311021303864,108.417053898555,193.952067120802,251.265653430944,328.302753557893,580.553143836202,3767.22788021848,1.00047139793013
"eps_all[1,1]",0,NA,0,0,0,0,0,0,NA,NA
"eps_all[1,2]",0,NA,0,0,0,0,0,0,NA,NA
"eps_all[1,3]",0,NA,0,0,0,0,0,0,NA,NA
"eps_all[1,4]",0,NA,0,0,0,0,0,0,NA,NA
"eps_all[1,5]",0,NA,0,0,0,0,0,0,NA,NA
"eps_all[1,6]",0,NA,0,0,0,0,0,0,NA,NA
"eps_all[1,7]",0,NA,0,0,0,0,0,0,NA,NA
"eps_all[1,8]",0,NA,0,0,0,0,0,0,NA,NA
"eps_all[1,9]",0,NA,0,0,0,0,0,0,NA,NA
"eps_all[1,10]",0,NA,0,0,0,0,0,0,NA,NA
"eps_all[1,11]",0,NA,0,0,0,0,0,0,NA,NA
"eps_all[1,12]",0,NA,0,0,0,0,0,0,NA,NA
"eps_all[2,1]",-0.0161225283382145,0.0173114325908386,0.956825373874155,-1.91682121823574,-0.653407462324658,-0.0403078998317747,0.626790392714623,1.90090283243227,3054.91653802211,1.00058017042312
"eps_all[2,2]",-0.0865038137112627,0.0170456402830169,0.954822913246486,-1.98605194405043,-0.704339216980586,-0.103575357947947,0.562397655988947,1.75362856229689,3137.7549714806,0.999713966021913
"eps_all[2,3]",0.518663098328355,0.0145694211368578,0.753695270909985,-1.05557721207038,0.0234663906758409,0.56645201964044,1.02744517031852,1.91412325133984,2676.1286442225,1.00056640774393
"eps_all[2,4]",-0.126233291012888,0.0184242957139455,0.963625260287548,-1.96338206675715,-0.785299899755091,-0.160262184746541,0.532637669506546,1.79226101271553,2735.48640610931,1.0018544358136
"eps_all[2,5]",-0.674536290733762,0.0143163462829076,0.78920458387405,-2.16026385236317,-1.21505361921229,-0.682932578855427,-0.165048715861734,0.903394011705106,3038.88880376066,1.00003384918279
"eps_all[2,6]",0.0242613758868378,0.0140123512654196,0.819699471884036,-1.57234169447424,-0.522148413061382,0.0272255122412484,0.569385265343157,1.66324249449796,3422.05731372806,1.00009994556419
"eps_all[2,7]",0.158657198327407,0.0148569332681935,0.868910524797942,-1.53048150158953,-0.427692603163802,0.148798644320737,0.727821801747611,1.88302442085302,3420.51713276063,1.00062561655207
"eps_all[2,8]",0.109542473334581,0.016276494529445,0.962047018962527,-1.83032286766823,-0.520338863731066,0.120068177128004,0.752250206793704,1.97551411643052,3493.58121147884,0.999506446582464
"eps_all[2,9]",-0.0677195856026095,0.0149875553387115,0.93513115988674,-1.87066416575048,-0.697392615815666,-0.0638529817027859,0.559983337548114,1.78180266310891,3892.99152049441,0.999725742761212
"eps_all[2,10]",-0.334028926481021,0.0142827300657861,0.940515997170438,-2.11938631275135,-1.00506769599138,-0.333821157833927,0.294989653856172,1.53824401809659,4336.20610832927,0.999686394638026
"eps_all[2,11]",0.150599228911261,0.0135909944942248,0.947695945908595,-1.74715919693322,-0.47788849633458,0.14134269063963,0.786900967950522,1.98882290695507,4862.2308273623,0.999503993571044
"eps_all[2,12]",-0.165833748072162,0.0158732494914056,0.983037182584633,-2.13166859483044,-0.844349656984479,-0.179649630172187,0.496063576678641,1.77408784083411,3835.37828549499,0.999381710001855
"eps_all[3,1]",-0.211139719676707,0.0248688937136837,1.06705125000637,-2.20279049111401,-0.950126808549788,-0.239288658842931,0.511754007052811,1.92522157107823,1841.01626471709,1.00069464156896
"eps_all[3,2]",-0.0855679455311488,0.0237512647735187,1.03872685798602,-2.09080111468768,-0.78269995804854,-0.0888202441054895,0.60988571216036,1.968592383601,1912.62241031557,1.00238713162586
"eps_all[3,3]",-0.890713661585859,0.0145641849209658,0.742555309392398,-2.33516200153795,-1.37945467702791,-0.90108631872667,-0.432206304245211,0.666440669008692,2599.47261386431,1.0001007575056
"eps_all[3,4]",-0.0221442758879537,0.0240588724571584,1.03549754447194,-2.03770611277558,-0.727148113602139,-0.00463897296480112,0.660593110623547,1.99023977118525,1852.45474489019,0.999711636238864
"eps_all[3,5]",-0.979819598021829,0.015426791420794,0.797106197177679,-2.52165671936716,-1.49486781880148,-0.99895979057924,-0.485417224842275,0.649528505185198,2669.81492106985,1.00033022061819
"eps_all[3,6]",0.337181869946523,0.0167266056484081,0.843104417150639,-1.31895261212411,-0.220465535622822,0.326072826075376,0.899809425286251,1.97460354667658,2540.66317787132,0.99989873162889
"eps_all[3,7]",-0.319126960608051,0.0172791688501202,0.928806852073846,-2.12004845475118,-0.952753506919563,-0.322729245186411,0.290363063478304,1.49869179236491,2889.38307326005,0.999937550638381
"eps_all[3,8]",0.163189796727234,0.0193832949827517,1.02608751479693,-1.83091738079039,-0.547016457391235,0.173636551361661,0.885288980552966,2.10574386619963,2802.2933508896,0.99975515363154
"eps_all[3,9]",-0.35547296065832,0.0172952884844643,0.978104688832297,-2.23027670954943,-1.04113542724012,-0.378606445398112,0.313253681965867,1.57825240939679,3198.26953196313,1.00098099978086
"eps_all[3,10]",-0.661484747350226,0.0182397926857571,0.964887680718837,-2.55278190556153,-1.30509184949331,-0.67141680542824,-0.0140703243121524,1.23779314440558,2798.42535768212,0.999484071867032
"eps_all[3,11]",0.416544567306442,0.0144826066800799,0.9715423483535,-1.55717342909956,-0.237140529093128,0.438130907593136,1.07460217623765,2.27637507342646,4500.18117884728,0.999708846953121
"eps_all[3,12]",0.166838545774483,0.0124650981177341,0.953425208612928,-1.70634529408118,-0.459384665372436,0.184547577213582,0.816785667473627,1.97796157533772,5850.35012896238,0.999445285971641
"eps_all[4,1]",0.103087915312866,0.0251833688628188,1.01889994948688,-1.95625877095442,-0.57509455230778,0.104219648604813,0.790890300043788,2.03910467646057,1636.95005207975,1.00121905727829
"eps_all[4,2]",-0.209016604125819,0.0238723772349967,1.03238915978057,-2.24317295770675,-0.912738752670053,-0.216825066015371,0.492092819703111,1.78878287452068,1870.23221809694,1.00254901915842
"eps_all[4,3]",0.49284551557587,0.0170266293767715,0.779845512442182,-1.15205265472357,0.000500744519001278,0.534621001281696,1.01358515837838,1.93004011256454,2097.77926933085,0.99988672063775
"eps_all[4,4]",0.192430269182476,0.0235321054320194,1.03330680482427,-1.86518009283394,-0.516284145172287,0.202343013897278,0.902738478528291,2.19499703012036,1928.133089727,1.00066013552292
"eps_all[4,5]",-0.185454974139675,0.0176389142740988,0.846884410273712,-1.77658874041398,-0.757576454693956,-0.215622971404259,0.362475511720038,1.50669880428427,2305.17859120144,1.00058194151084
"eps_all[4,6]",0.475939034410231,0.0179856556713695,0.88448890484291,-1.25001755372237,-0.110231214420656,0.471496723826098,1.05059337453304,2.27208196100685,2418.42280441101,0.999754734640186
"eps_all[4,7]",0.422119112425661,0.01730428779355,0.95406597158463,-1.47700721298703,-0.202357033288668,0.409461076449486,1.05252895206092,2.31218860220384,3039.83039905359,1.00121095054724
"eps_all[4,8]",-0.145666585275059,0.021766779902029,1.06937424036664,-2.30162554041695,-0.870747674996096,-0.15976743362961,0.577087451543423,1.94653756698951,2413.63205539486,1.00110640624298
"eps_all[4,9]",-0.612171147620125,0.0180269212876759,1.0007377774563,-2.48299175906523,-1.28439406697408,-0.644909972963142,0.03345959882919,1.41355352770466,3081.7504224809,0.999967819734821
"eps_all[4,10]",-0.270786879336624,0.019144252254026,1.00146368118048,-2.25248061598404,-0.932616292028172,-0.28026090415378,0.404031475760497,1.71065142464601,2736.48827440568,0.999950804205471
"eps_all[4,11]",0.126852127595597,0.0208763805875914,1.04786977361752,-1.93401849674428,-0.585956473673483,0.122795272438841,0.833001913518838,2.18796749218743,2519.44112905119,1.00121061269688
"eps_all[4,12]",0.670013759955742,0.0169345166548604,1.01674273551457,-1.31580540843603,-0.0111845790467146,0.674387041764088,1.3536555377914,2.61850890646639,3604.76157624985,1.00129835270318
"eps_all[5,1]",-0.137631695408625,0.0275776679194259,1.02531929261473,-2.08567514195627,-0.839214122435166,-0.159597994713628,0.546113020686787,1.9667545249974,1382.3027852705,1.00615275604178
"eps_all[5,2]",0.283994217720535,0.0278894390460278,1.04644235732933,-1.7797328902808,-0.412768530241932,0.283502342146814,1.00234913282423,2.31270094542006,1407.83274593498,1.00066021711526
"eps_all[5,3]",-1.02218458940456,0.0168158485372984,0.781626022092918,-2.4980112183296,-1.5482565671278,-1.04793394526646,-0.534165649512011,0.610665639953614,2160.53071741529,1.00126994731157
"eps_all[5,4]",-0.18097377685242,0.017226580756878,0.846292959124306,-1.81149230429839,-0.726513351321158,-0.200843803569359,0.385798542228919,1.51616350598577,2413.47767871729,1.00002946767564
"eps_all[5,5]",1.00770000000545,0.0158420936183774,0.816388467863125,-0.637436815104725,0.48560305763152,1.01959419149702,1.544396492559,2.57142646468475,2655.6361498001,0.999645980921085
"eps_all[5,6]",0.465197891136995,0.0150102566936222,0.832522108377412,-1.18009841203979,-0.0862420631491321,0.465647539367001,1.044733760724,2.06886204522729,3076.20527320406,0.999678765333293
"eps_all[5,7]",0.511512349790132,0.0140538321016659,0.854855914074165,-1.26613063583241,-0.0584035666212594,0.52956680630276,1.06084816587801,2.2241802452498,3699.95395621448,0.999712545206927
"eps_all[5,8]",0.247337053528196,0.0146327425474069,0.871693477602962,-1.4931955947747,-0.308328028567354,0.271641309702553,0.82241791063671,1.95578525444263,3548.75591736925,1.00007441870688
"eps_all[5,9]",-0.230282859051239,0.0135490466329483,0.892779409054089,-2.00082788147524,-0.810247258140602,-0.244121995714417,0.385387297622602,1.49435788308121,4341.81040765362,0.999468401752367
"eps_all[5,10]",-0.268129639997481,0.0144016835022832,0.913094492642789,-2.01268205804192,-0.884909517227096,-0.282802789793941,0.332089526559847,1.60581275219441,4019.80440501927,1.00043599382062
"eps_all[5,11]",-0.290805360180623,0.014258442957917,0.977959892236098,-2.23271829286628,-0.953128069601451,-0.289324189791712,0.379703704796339,1.60860268845504,4704.33112511733,1.00054180051538
"eps_all[5,12]",0.1853380573828,0.0137188157488825,0.960881338107973,-1.64880401385823,-0.463890942168893,0.191839757316007,0.805982539909314,2.10206536871645,4905.75969556979,0.999599897276941
"eps_all[6,1]",0.25909561414918,0.0179763128852949,0.877007363925124,-1.44961808169882,-0.3230288827021,0.26522070990692,0.847628864422877,1.94885952414839,2380.15501573577,1.00293919812911
"eps_all[6,2]",-0.00288766210238518,0.0190327128957234,0.92664035275862,-1.83997374731203,-0.644848696974705,0.00664207897866164,0.60683180242167,1.8283874970703,2370.39664892097,1.00312322205064
"eps_all[6,3]",-0.165021581537658,0.0151470007104251,0.769418930740724,-1.63565020243275,-0.660783462894994,-0.191276364980881,0.314671538364662,1.43592428303105,2580.31331441206,0.999396104032342
"eps_all[6,4]",-0.240195312113795,0.0153092636298645,0.828436998629988,-1.88700223822283,-0.782698579366694,-0.238585190317758,0.304988133599608,1.43474556306904,2928.26495242407,1.00017811294908
"eps_all[6,5]",0.792568987075079,0.0146909635925596,0.804387290239142,-0.916711651552958,0.291293311780639,0.820952843313412,1.33549483886825,2.33692040458395,2997.9876181156,1.00116833268339
"eps_all[6,6]",-0.718448399964746,0.0180858806418898,0.879650437336012,-2.34212070461284,-1.3230842170683,-0.749254071706839,-0.168335218923578,1.0979688925694,2365.59789539788,1.00096742703148
"eps_all[6,7]",0.282825042361501,0.0149952546502066,0.868355212498457,-1.3997326558604,-0.304058131167184,0.298592742388679,0.872743118172853,1.94080352934226,3353.41374754193,0.999733526992547
"eps_all[6,8]",-0.308511042804991,0.014886801544897,0.894479921532986,-2.02264166585939,-0.910095379088819,-0.320673415578325,0.299544208161217,1.46297953572933,3610.25929692126,1.00039422795165
"eps_all[6,9]",0.00250458484249675,0.0142585419244285,0.882180826594994,-1.65448932842673,-0.6074902582189,-0.0130592794104272,0.598215667175986,1.71577481533747,3827.93888342506,1.00030165471087
"eps_all[6,10]",0.0966387569319929,0.0145793915890458,0.924745191058051,-1.72060014856701,-0.517846323959829,0.0871878474837274,0.69821884258205,1.93611833044944,4023.14199750178,1.00054634672705
"eps_all[6,11]",0.323974339588582,0.0140156368164432,0.959876189773239,-1.56092854101731,-0.301414353055853,0.32138485569867,0.961937757387496,2.16977040202575,4690.34477127768,0.999799080422409
"eps_all[6,12]",-0.0379601037136515,0.0131600883598142,0.973935462178367,-1.94704210982162,-0.681419318517361,-0.041344550993748,0.61949616857542,1.90032973166468,5477.0000910492,0.999667609042382
"eps_all[7,1]",0.150137856214677,0.0175184952349445,0.864317932942372,-1.52682029370749,-0.444201857659907,0.171767211353775,0.71681621714045,1.85233697275653,2434.18425533323,1.00220316504362
"eps_all[7,2]",-0.0180645320269078,0.0204940430373916,0.972206300729498,-1.96985939230711,-0.664919614740468,-0.0111519015680935,0.656862209361376,1.84772162696822,2250.40961609719,1.00001170912665
"eps_all[7,3]",1.06374010490072,0.0168781723971314,0.764868582514924,-0.492626520830546,0.586289758333096,1.07876033555024,1.55973559622511,2.56309412289934,2053.63287320215,0.999681125415375
"eps_all[7,4]",-0.279390216977766,0.0142960960758471,0.811829819274171,-1.84783736919311,-0.816323844965473,-0.283795834080033,0.260257451046221,1.31426182581518,3224.74280426135,0.999917259402571
"eps_all[7,5]",0.339057243341326,0.0134824873826624,0.784274631411769,-1.18107570200423,-0.178469601193951,0.318713771486454,0.836053997691341,1.87321449278315,3383.73457904862,1.00069025054368
"eps_all[7,6]",0.348441020793935,0.0134777917977937,0.855986891176963,-1.36794415106484,-0.210582246005739,0.362354607338131,0.925583569560191,2.02678453712142,4033.63634222847,1.00073740639766
"eps_all[7,7]",0.515938220973236,0.0156142382890251,0.857662464470747,-1.1596796046553,-0.076140935546237,0.512651128481564,1.10612489779712,2.15419314402872,3017.11039785849,1.00013910129405
"eps_all[7,8]",0.068333255995943,0.014086755072406,0.831829799460144,-1.54505195726916,-0.488231459463149,0.0508735429980257,0.604615981554044,1.71474599416393,3486.96045244616,0.999744386236914
"eps_all[7,9]",-0.22545253559879,0.0154086965673922,0.889982312385299,-1.91942396746321,-0.809591123236627,-0.220085848043781,0.364625406271971,1.54081263599671,3336.03766276526,1.00066455277057
"eps_all[7,10]",-0.445569436630629,0.0185863269298119,0.918311061089782,-2.28016059756984,-1.03688168823093,-0.447534011890639,0.14158760323241,1.39991553212845,2441.13887458649,1.00113158138173
"eps_all[7,11]",0.044060989364697,0.015116645865222,0.93550166091662,-1.76006963731716,-0.58313258935577,0.0443938275371611,0.685782432425389,1.84368132964508,3829.81898488432,1.00005768007505
"eps_all[7,12]",-0.230964016989907,0.013412608130194,0.944363455040503,-2.10523364613915,-0.862271251480783,-0.240150568420124,0.402490989465661,1.62952354904221,4957.37614297353,0.999532393243741
"eps_all[8,1]",-0.0695130829045869,0.0146779681948803,0.775319200834887,-1.58567581417483,-0.582679787688413,-0.0677182858467312,0.451401037716643,1.42720609688072,2790.16055199224,1.00013665700711
"eps_all[8,2]",0.137168016574733,0.0163298577139774,0.902996393494858,-1.64586247087882,-0.455835684383571,0.148211716552775,0.734658665138037,1.87537422449807,3057.78700226034,0.999410003725574
"eps_all[8,3]",0.0356902167177998,0.0136479322806171,0.700286122150122,-1.36071182976316,-0.417806379954431,0.0354117117925737,0.47322108862966,1.45028640069422,2632.7966814139,1.00051957522256
"eps_all[8,4]",-0.254670148680268,0.015823225359559,0.831480027450461,-1.89967556904728,-0.811586749582593,-0.257903257871554,0.296672825089506,1.38443264882969,2761.30014977123,1.00166771863989
"eps_all[8,5]",-0.322590505179028,0.015056677442036,0.789733867708772,-1.8179094811704,-0.845478959311627,-0.332802836920178,0.179350974717977,1.29272504232856,2751.0800842759,1.00038530677368
"eps_all[8,6]",0.109238110298356,0.0143842863151238,0.853933034272023,-1.51681099809128,-0.4724009636107,0.0967706407033966,0.663646803782329,1.8311242273784,3524.28475311399,1.00041591097654
"eps_all[8,7]",0.24040427882198,0.0175748398808595,0.883444677106534,-1.54663210714195,-0.328473344452123,0.258694327509047,0.81382950587417,1.97518938638604,2526.82964143451,1.0005280488019
"eps_all[8,8]",0.350504492299425,0.0155736030297675,0.875610561745351,-1.42191068287397,-0.229336022202916,0.364878235624033,0.939112347119775,2.06433934185145,3161.14037822721,1.00010268725186
"eps_all[8,9]",0.370507252330665,0.0133884434221939,0.865409724690074,-1.31068033068847,-0.210944417340666,0.384493681931785,0.944865467173543,2.06288105690912,4178.14364394491,0.999551975589847
"eps_all[8,10]",-0.392673423697813,0.0136503732471274,0.926174202990679,-2.23300833111278,-1.02180432621607,-0.382873616227178,0.219902687652081,1.41069148309081,4603.58649505403,0.99936776954984
"eps_all[8,11]",-0.206332694874535,0.015979108988996,0.924545071671838,-2.00939703395615,-0.825495007551533,-0.208284661527748,0.407265222840285,1.61816427868486,3347.73488518992,1.00089305375058
"eps_all[8,12]",-0.168440635876453,0.014980016990555,0.939466973321596,-2.01189547684793,-0.793889602441584,-0.15139498865891,0.457384669180479,1.72794319067996,3933.13109892649,1.00067794377648
"eps_all[9,1]",-0.0994545032877435,0.0181771674923654,0.815482208723014,-1.6857055170834,-0.637149567658227,-0.103558282432076,0.407669361222683,1.54078408036622,2012.68849016942,1.00028638320644
"eps_all[9,2]",0.102687848755765,0.0275360447831944,1.0712431814792,-1.99403732783352,-0.61176288627652,0.108993019400086,0.819966171789736,2.16763668238508,1513.46723256104,1.00247982914862
"eps_all[9,3]",1.27431829014653,0.0156574274756207,0.703252452982169,-0.0960641110999215,0.808526618051427,1.26346530711859,1.73457749842253,2.70474086946415,2017.35204954741,1.00217074984823
"eps_all[9,4]",0.340778503486173,0.0184496684599487,0.876595141526858,-1.43401009702131,-0.228166338517322,0.365183771625456,0.917221374215906,2.07042147782309,2257.46479340227,1.00217761273697
"eps_all[9,5]",0.495553148338737,0.0164591872590295,0.798634240066446,-1.15796710087099,-0.0302205664599469,0.527935506389001,1.03067382119745,2.02915793908205,2354.39365755966,0.999992567553805
"eps_all[9,6]",1.03380425413193,0.018102872971125,0.878819806876045,-0.740159905539953,0.442450958336178,1.05560887770045,1.65601707950867,2.68872505031131,2356.70197135763,1.00030998456633
"eps_all[9,7]",-0.337133255965346,0.017904792003763,0.890662960066679,-2.10671633040798,-0.918136916835126,-0.332730042364264,0.273081743385752,1.38839214141367,2474.50435737921,1.00046882251913
"eps_all[9,8]",-0.197633070801589,0.0182600049293805,0.913750883694688,-1.99110946671207,-0.818408722475786,-0.19125870389905,0.413005609648519,1.63152292573612,2504.11251696015,1.00044739410179
"eps_all[9,9]",0.405412983083219,0.0179908417590467,0.913751872409354,-1.42056178140895,-0.184059733830078,0.402910825048162,1.02652835273338,2.15566294973664,2579.60727132603,1.00110805957119
"eps_all[9,10]",0.286095080711951,0.0182521992682521,0.970428975467955,-1.63682445749612,-0.383328596561075,0.297560232191153,0.957448978970561,2.10714148133147,2826.81318118204,0.999383344458929
"eps_all[9,11]",-0.697674588864448,0.0152449275298368,0.952195313053882,-2.51438772921167,-1.3422161950695,-0.710520486327501,-0.0571429169232788,1.22160754460383,3901.22816085335,0.999592540490519
"eps_all[9,12]",-0.311789023400151,0.0128488928887048,0.982903009668141,-2.28274806523252,-0.952377998175065,-0.314257651903263,0.348816537453326,1.66258159531691,5851.8058972738,0.999137132999644
"eps_all[10,1]",-0.233425201493013,0.0211404013562518,0.88774110599335,-1.91849211328146,-0.841955551029318,-0.257719243954395,0.354895257058323,1.54946652795181,1763.38118800556,1.00042299095199
"eps_all[10,2]",-0.0523989055016358,0.0184200541362918,0.951813952819138,-1.9181909649476,-0.68497035754852,-0.0548008378441663,0.587727483087567,1.84388823142031,2670.06804563921,1.00012261050198
"eps_all[10,3]",0.77437591671404,0.0170543580374131,0.785599906116937,-0.892002606313071,0.30147203988849,0.795226453546417,1.28971729259919,2.31035288959458,2121.93508269997,1.00097041540362
"eps_all[10,4]",0.0934362925850594,0.0155183999668187,0.831401285348109,-1.51349669450032,-0.468134214018713,0.096351431687822,0.648792123883274,1.7020343574267,2870.30138835914,0.999562499897076
"eps_all[10,5]",-0.0603529709189544,0.0135798389939024,0.790853771318163,-1.65275344304838,-0.580842016854752,-0.0636220685253471,0.461971110228797,1.50812697249084,3391.58837654306,1.0002923376077
"eps_all[10,6]",0.000407846333844291,0.0157842531082057,0.884759947558111,-1.68529210800856,-0.599624457087571,-0.0236719694645698,0.579905842209097,1.79232733087815,3141.97579897751,1.00000924966818
"eps_all[10,7]",-0.0868434739312678,0.0148897492257057,0.885849715220628,-1.86265277935822,-0.669972041694991,-0.0817969777696894,0.492020406153424,1.60522157641621,3539.52784324722,1.00064134869085
"eps_all[10,8]",0.259564250164109,0.0171483509056483,0.891329726374476,-1.48323880390567,-0.345092943324763,0.270998279807274,0.873138264318384,2.03194808383783,2701.668491108,1.00078412392385
"eps_all[10,9]",-0.198037270557263,0.0162949211552774,0.885161947557297,-1.94001110941559,-0.782942595485025,-0.199185654778923,0.386881430823784,1.55146769164541,2950.8079474479,1.00002128319269
"eps_all[10,10]",-0.0592981945179871,0.0197001313978556,0.966767844529253,-1.94960061847908,-0.71244055399587,-0.0550704843086803,0.581295584325596,1.83907820284463,2408.27539320929,1.0000824994428
"eps_all[10,11]",-0.422713025866693,0.0183172050978585,1.02734018777169,-2.36201265877574,-1.13939695495065,-0.436531453115248,0.281206874921918,1.61675178071114,3145.64810813508,1.00178200153753
"eps_all[10,12]",0.310115113527862,0.0116885680937996,0.926451799333157,-1.53116949812127,-0.300668710984504,0.312910490611268,0.924537525322733,2.12101590307433,6282.36313162716,0.999504968661922
"eps_all[11,1]",-0.38745897834012,0.0221016328535684,0.931233801057539,-2.21353800710805,-1.01092486677861,-0.390230744112662,0.245426190535942,1.45661683371095,1775.28769109722,0.999700886883284
"eps_all[11,2]",-0.15332275244371,0.0217993136838506,0.977640395906742,-2.0498492523956,-0.818892312049708,-0.162716955585196,0.514084345991431,1.79882283178488,2011.28046266972,1.00051749190183
"eps_all[11,3]",-0.817383720205296,0.0220661273234108,0.845652887200465,-2.37250505908976,-1.39735380691152,-0.880565005738552,-0.303106593500585,1.00930636699326,1468.6964069016,1.00299815554741
"eps_all[11,4]",0.387942649280301,0.0155336418509856,0.831769604391445,-1.28419226995835,-0.156808421078021,0.410050953522351,0.920961260517441,2.05362424915894,2867.21008892421,0.999737262887626
"eps_all[11,5]",-0.130480417424984,0.0165451374097413,0.80810410841373,-1.73761549756299,-0.670656562891678,-0.135625786443947,0.40220419728971,1.47641992416075,2385.5793823544,1.00195107396244
"eps_all[11,6]",-0.465644813398692,0.0150801939746163,0.838330192524874,-2.0899503637702,-1.01113250760384,-0.473841059648831,0.079885567329622,1.22466574901401,3090.41184340076,1.00142677418634
"eps_all[11,7]",0.0255020922534504,0.0155557131289166,0.878779375828288,-1.74720418659116,-0.564193996275242,0.0385800469182673,0.608288444666752,1.72723806425255,3191.38985932796,1.00051536258013
"eps_all[11,8]",-0.361684382516842,0.0158843426867698,0.908068893897923,-2.12723513345629,-0.971236238822405,-0.368105643399569,0.247727709040198,1.45282929334012,3268.12833489688,1.00081231030014
"eps_all[11,9]",-0.707092647656465,0.0161920428722669,0.897188430615066,-2.43013276380135,-1.31639854949775,-0.733641741709608,-0.0932372845546592,1.12482157456495,3070.181420484,1.00037037718139
"eps_all[11,10]",-0.186560716469415,0.0184052142349704,0.956940114565695,-1.98525623071127,-0.867162452403442,-0.185153396384368,0.458256618280499,1.72863078716351,2703.25968071062,1.00180442738343
"eps_all[11,11]",0.32826026873519,0.0152437880487905,0.97219337093369,-1.60309158432383,-0.315778082981075,0.32276618010193,0.994489618151326,2.2172815654605,4067.42456820306,1.00061366373552
"eps_all[11,12]",0.0355125607780113,0.0127331870075576,0.945741251685491,-1.79768908982063,-0.613859738689419,0.0386810627092643,0.696416580303845,1.86316796246987,5516.586476345,0.999725511471991
"eps_all[12,1]",0.608141447976091,0.0254026133205899,0.938045055356082,-1.30517793786909,-3.19480603820123e-07,0.6260145739761,1.22966173095146,2.41383170914286,1363.61133369037,1.00160184873523
"eps_all[12,2]",-0.476413476263902,0.0315102753752771,1.10166274319146,-2.58945351120453,-1.22775670145177,-0.48859453837175,0.259369653160185,1.7251045343026,1222.34254360385,1.00495217685423
"eps_all[12,3]",1.45677105939799,0.0176384882294328,0.764336051334516,-0.0963624936195645,0.965165653742224,1.46449855860848,1.95034820462481,2.942031105387,1877.7854496833,1.00087327140541
"eps_all[12,4]",0.484201295383635,0.0189034906418478,0.871585488246194,-1.24345938834746,-0.0940146050004896,0.469928049131802,1.07219130963619,2.22513335717438,2125.86640153886,1.00282337635099
"eps_all[12,5]",-0.115268937678325,0.016943942931064,0.796704729786616,-1.68651378145826,-0.628301133891061,-0.13630005095185,0.39614596458026,1.51560719313025,2210.88335911844,1.00136304156084
"eps_all[12,6]",-0.2227286466044,0.023690004990466,0.948755251188807,-2.10022524779355,-0.862241230526651,-0.22133001577955,0.423187684157876,1.61847369781536,1603.90293047225,1.00039766153414
"eps_all[12,7]",-0.345299279885648,0.0227271387168113,0.987918077326639,-2.2585629254681,-1.02499203564337,-0.359575245380753,0.320357472289375,1.56476766927659,1889.52368179404,1.00083681309053
"eps_all[12,8]",-1.22600317521033,0.0263225808315017,0.965389466065574,-3.10195937242457,-1.8888717783904,-1.24637257997014,-0.593213488790389,0.719310687260733,1345.0801862316,1.00253987651369
"eps_all[12,9]",-0.528852334789595,0.0175209441206754,0.961922393573884,-2.38029983134728,-1.16549138864615,-0.540072909738481,0.10231458400163,1.37754771641713,3014.15138879352,1.00033263262077
"eps_all[12,10]",0.887067143322897,0.0168145670417777,0.958457035834602,-1.03927857564867,0.243700845262939,0.908283522729292,1.54256406651648,2.68630687043419,3249.18112212516,1.00036904617169
"eps_all[12,11]",-0.17829364662809,0.0166505897265351,0.97000881457087,-2.07202327054928,-0.836106166389941,-0.161650400249784,0.458275958460069,1.70957687739455,3393.8459222455,0.999863640275809
"eps_all[12,12]",0.304218228029184,0.0133493721559868,0.930636370103125,-1.52861383562654,-0.329290415969183,0.297015304152236,0.9546562081587,2.15426263738331,4860.02340967177,0.999431511232029
"eps_all[13,1]",0.28190725414985,0.0194654658141076,0.906162284139802,-1.50166106532617,-0.346913187343644,0.301453265361216,0.903607348143694,2.00244123075704,2167.11701756085,1.00287881972523
"eps_all[13,2]",-0.226866634857868,0.0220527185040526,0.974251376548227,-2.11529899260627,-0.879592912950001,-0.226036521322557,0.435911577701208,1.69324139678279,1951.72123996432,1.00038612499371
"eps_all[13,3]",0.169828000257643,0.0137162324147116,0.710255660699781,-1.24565713201747,-0.288903711735,0.164818721153161,0.631214326017087,1.56217883535999,2681.38846401989,0.999851647206346
"eps_all[13,4]",-0.172079153453309,0.0168880674947831,0.852430900289775,-1.84575210547711,-0.736307830567053,-0.181012381873197,0.385702744488848,1.52849747375811,2547.75965848522,0.999690057438876
"eps_all[13,5]",-0.722494709729573,0.0137741409031914,0.797066607247182,-2.25505956580928,-1.26446239040315,-0.731575594922513,-0.210879285696923,0.873538204397491,3348.57620843605,0.999678205424526
"eps_all[13,6]",-0.930399735791217,0.0180218814956019,0.915727813877239,-2.63592932167396,-1.56963039570538,-0.952588305404872,-0.322478792053841,0.877684523020393,2581.859182291,1.00099423650504
"eps_all[13,7]",-0.335843413514401,0.0138628662409673,0.859883054062657,-2.00681617831064,-0.906889126444807,-0.339650006560956,0.235539852053412,1.31264284127113,3847.44760988849,1.00109601085971
"eps_all[13,8]",0.0704332963948878,0.0146285225818989,0.884684028339688,-1.66373824992968,-0.502632706010749,0.0780396242983561,0.65758006642473,1.82053078435338,3657.42509713616,0.999231249474097
"eps_all[13,9]",0.13037556942667,0.0138299301588704,0.892686871024804,-1.62632508962258,-0.469687059817858,0.12147271624966,0.739281003225396,1.80990026236255,4166.37466052148,0.999613037687347
"eps_all[13,10]",0.135895865209541,0.0144578182923769,0.911918286690753,-1.66952980730317,-0.472196657750255,0.131240583153756,0.741780242681962,1.93625900030813,3978.38056873001,0.999992275592205
"eps_all[13,11]",0.322755915550902,0.0148786936437977,0.921841622112743,-1.52511934296381,-0.287500547997,0.340383316049459,0.943093776717661,2.05792812561704,3838.68983710945,0.99999953669543
"eps_all[13,12]",-0.2045998040321,0.0131434102424782,0.9520861153343,-2.072297350003,-0.85539773234686,-0.215574242961018,0.441206789154553,1.63082365222357,5247.30533565322,0.999179519253832
"eps_all[14,1]",-0.307007863115616,0.0177588228937593,0.872735670404869,-2.03105024610372,-0.879740885358292,-0.313007909449818,0.259522651999735,1.41140023903993,2415.11102997414,1.00038131214175
"eps_all[14,2]",1.01797523355605,0.0186087597740038,0.815675191259482,-0.682824472850923,0.495580525249221,1.02455285794272,1.58311620748235,2.54518759994814,1921.31975386792,1.00146294387743
"eps_all[14,3]",-0.531423907957008,0.0158718805238597,0.700110791358648,-1.92052619567687,-0.977548940209213,-0.530177648719329,-0.0838993332288453,0.915249625557198,1945.70400275553,0.99945894616645
"eps_all[14,4]",-0.265964997453368,0.0188900207495983,0.905305933729128,-1.99934051682828,-0.881243969995717,-0.271281168691541,0.336401115685893,1.54900438815509,2296.81419672165,1.00028137796341
"eps_all[14,5]",0.353212730597087,0.0167911918552834,0.830536005367733,-1.30675017867348,-0.210313883073326,0.383417792297908,0.920089773018621,1.93730282553139,2446.5487934965,1.00172369152626
"eps_all[14,6]",0.411503760270818,0.0190657602456018,0.937717190321429,-1.52737574898554,-0.208786192082411,0.441590150999625,1.03649275459061,2.22851406578985,2418.99795044606,1.00007874617648
"eps_all[14,7]",-0.169718963667254,0.0173312344548657,0.93530996837108,-1.95886888840037,-0.789439092861376,-0.175628720589918,0.440826318928529,1.73511800787735,2912.40743608982,0.999699768996843
"eps_all[14,8]",0.488416058965943,0.0175445667549628,0.880759236137286,-1.2880192121325,-0.0983114094148282,0.503581996079594,1.08988109857053,2.14122296681982,2520.16581247577,1.0006251583672
"eps_all[14,9]",0.835829385805475,0.014329934615768,0.887129237958962,-0.912598855717013,0.25066635039739,0.831924285219797,1.45404422867443,2.5487332390953,3832.52828063036,1.0000336926347
"eps_all[14,10]",-0.0137723054885148,0.0163857945340854,0.91270107055663,-1.75985728327224,-0.639930031124995,-0.0126704657761924,0.610573825037839,1.78566335363613,3102.57372503099,0.999574030402785
"eps_all[14,11]",-0.16951920501557,0.0145862912681344,0.950938802030995,-2.05909354530018,-0.814314889303284,-0.152285391940649,0.460102709415547,1.66098262901427,4250.25879000151,0.999605836066169
"eps_all[14,12]",-0.383350705020367,0.0131573956145863,0.974022189585446,-2.31543389599528,-1.0281824459364,-0.386476321416907,0.287579791505617,1.4979021598267,5480.21800577655,0.999825547708554
"eps_all[15,1]",-0.303460495126111,0.0194452108415884,0.865751013124768,-2.02765628949636,-0.862834232475463,-0.312410466132989,0.259038540347573,1.40821603288362,1982.26039459989,1.0004759123371
"eps_all[15,2]",0.186087748107395,0.01773559724251,0.784067141620464,-1.34203160136489,-0.324102203781407,0.16904843257585,0.688074774643475,1.83163573714904,1954.40638289062,1.00140237907715
"eps_all[15,3]",-0.517762990101721,0.0144859400916731,0.694678709312726,-1.95069422236844,-0.973874548571236,-0.491719943492034,-0.0317066055941227,0.784559777699714,2299.71812373692,0.999973028547768
"eps_all[15,4]",-0.327175490795746,0.0193601888221181,0.928785169322093,-2.09174398621439,-0.955409089607757,-0.346854686823037,0.278109665142694,1.52889201055811,2301.50205316583,1.00120558502163
"eps_all[15,5]",-0.920407801704087,0.0189642473751891,0.820572493182319,-2.4917779337316,-1.47087515457643,-0.939677625115627,-0.40524515129598,0.735504652937565,1872.24502765362,1.00110764603606
"eps_all[15,6]",0.274490999455167,0.0200039618041504,0.983395975997054,-1.66613349640132,-0.379295643918885,0.25983358109816,0.945193540598781,2.19359019580999,2416.71156539587,0.999543085440771
"eps_all[15,7]",-0.265940613858731,0.0178062896580616,0.960809025816563,-2.15644195391992,-0.918490977279851,-0.278835714748543,0.394417866990218,1.61318672702175,2911.57030010138,0.999837105301285
"eps_all[15,8]",0.425632228033182,0.0184745355625541,0.916583187812287,-1.40533683200568,-0.198048968659022,0.432280638921477,1.03625203566615,2.2235414541935,2461.48228998989,1.00091565220492
"eps_all[15,9]",0.950663704539013,0.0168011038845177,0.922089055158205,-0.925055498679064,0.341217208276235,0.9722425474227,1.58443332001015,2.69989633860802,3012.1049512252,1.00057402502738
"eps_all[15,10]",0.0318732453897352,0.0171454463730675,0.946744395205668,-1.82849999035806,-0.617968711607454,0.0343753788864711,0.666826442554625,1.86172717859977,3049.07349693005,0.999605321726421
"eps_all[15,11]",0.0313814714036813,0.018091834937623,0.998357475772348,-1.88922140553531,-0.660267809292926,0.0288959867233206,0.716075341345663,1.93729041731758,3045.13755298854,1.00047578201077
"eps_all[15,12]",-0.544155161093513,0.0154381026851211,0.970443150468188,-2.42162448489573,-1.19740687751639,-0.526747445058168,0.10384037770738,1.40080799180806,3951.41230172055,0.999623363976088
"eps_all[16,1]",-0.045659812359835,0.0158699077270571,0.777753062422021,-1.62927376442914,-0.53488514637497,-0.0337707121722902,0.467731526062507,1.52490746821241,2401.78792126181,1.00043147646958
"eps_all[16,2]",0.543332164845676,0.0167079962607161,0.780815284894587,-1.03931525947742,0.0467497802405306,0.576044268195812,1.06143112121968,2.05618557962874,2183.97606166883,1.00091888356704
"eps_all[16,3]",-1.221532916407,0.012079371308743,0.677708449454411,-2.56344999896466,-1.6723618255977,-1.22467277009695,-0.789649952742785,0.188707141157993,3147.72757102789,1.00318054912048
"eps_all[16,4]",-0.168731892570017,0.0155236491705138,0.861867107725017,-1.87783777575858,-0.753698398001678,-0.162247426195103,0.396043752664071,1.52279916402508,3082.42823902641,1.00158831134941
"eps_all[16,5]",-0.6025479206645,0.0151395903798824,0.77700490156035,-2.06353360743032,-1.12152750551858,-0.602890950920425,-0.101826122193571,0.996454101660775,2634.02120566737,0.999473870703733
"eps_all[16,6]",0.161027045727954,0.0151398950626671,0.84228408506947,-1.4508587162019,-0.396505290577813,0.171137345547729,0.717567208521312,1.80916118951235,3095.07701148586,0.999887949715177
"eps_all[16,7]",0.534652419735494,0.0153464113770798,0.881982789060012,-1.22413328761355,-0.054199584469917,0.555599615495333,1.129186210037,2.24868373892516,3302.98460404063,1.0000388908665
"eps_all[16,8]",0.445972900186484,0.0140485842091572,0.857721680722677,-1.27096559766718,-0.121109488614664,0.46457064738191,1.01850486588269,2.09760652436268,3727.58587835912,0.999896567394552
"eps_all[16,9]",0.28721231832289,0.0136864526847218,0.875825719832705,-1.39323666175626,-0.299964796116309,0.295596094794656,0.873220390541652,2.03471238009653,4094.99700714966,1.00045740196264
"eps_all[16,10]",-0.24344067813222,0.0143861632028786,0.900977776063792,-2.0669540481217,-0.836269741543785,-0.23138572643565,0.343285826886582,1.55728453472016,3922.27637053769,1.00019244305044
"eps_all[16,11]",0.119719938300903,0.0127479044508578,0.943037652224806,-1.76062408829104,-0.495457849386712,0.125721967433345,0.739603013414137,2.02040425342922,5472.43316985543,1.00052901885162
"eps_all[16,12]",0.0600058617635087,0.0142244126405495,0.957270093686647,-1.83130559231015,-0.584945170253186,0.0729423462100589,0.736544527578014,1.88280591535158,4528.97890306202,0.999358488874538
"eps_all[17,1]",-0.237347521170254,0.0161224744821417,0.834683603270337,-1.85744409378141,-0.797159268747982,-0.26666731922737,0.302480334792047,1.45719814658365,2680.28124805362,1.00146479595624
"eps_all[17,2]",-0.745383458836129,0.0193360339632809,0.816962324552997,-2.22481982892171,-1.30089389002129,-0.791525239474332,-0.228410592914936,1.00330771758249,1785.12756934349,1.00063640156419
"eps_all[17,3]",-0.220044496789624,0.0144380121286705,0.713304931735538,-1.69154136938724,-0.688591931950323,-0.188584258899694,0.25829842199545,1.1199576259944,2440.81941303516,0.999725727222587
"eps_all[17,4]",0.0193371813208653,0.0216651614601557,1.02907341455036,-1.94807378817838,-0.671939746220871,0.00378138635770648,0.721454661030054,2.03899594778666,2256.15460791962,1.00002523983788
"eps_all[17,5]",-1.09301765001457,0.0170340383491918,0.829316112209338,-2.64343675149028,-1.63710421606948,-1.13137926010423,-0.557221829688657,0.601411932395475,2370.30899628956,1.00021429007534
"eps_all[17,6]",0.230000473638603,0.0154040901530642,0.861836254232889,-1.44135819791347,-0.35249500530759,0.24824049476395,0.800543102303017,1.92337130514502,3130.23840274126,0.999993062230211
"eps_all[17,7]",-0.0137111510294943,0.0164173830256578,0.981455161109971,-1.92125176959251,-0.684505393117881,-0.0099395133554898,0.658138844210731,1.91564896624479,3573.8232106712,0.999930413711383
"eps_all[17,8]",0.215692576893318,0.0142175027251625,0.882788242797374,-1.43007266604899,-0.374084516891376,0.201461289152181,0.802058805492082,1.97211864671119,3855.37334659312,0.999858794579156
"eps_all[17,9]",-0.196190318290637,0.0148506970550525,0.893491702920394,-1.95809284958039,-0.791324068745272,-0.195740499613317,0.381945199255373,1.6181510509405,3619.82329200038,0.999503998138441
"eps_all[17,10]",0.181393311608937,0.0170348260768085,0.94468552178848,-1.63585892176817,-0.460647631060299,0.200043399641842,0.836615952952942,2.05331404119501,3075.38230473977,0.999502841894109
"eps_all[17,11]",0.569901182244074,0.0155095734854883,0.978807714508806,-1.38451272027303,-0.0810329512441976,0.588889153900205,1.2265139624616,2.47549629107189,3982.86015182734,1.00039162235967
"eps_all[17,12]",-0.204933303965697,0.0132952876913266,0.996194118737177,-2.16722050301243,-0.877439366700814,-0.205536247733972,0.447541208738603,1.78926243729424,5614.25931598986,0.999607219307678
"eps_all[18,1]",0.0289972140702336,0.0155012492217943,0.96204692536307,-1.90948576196245,-0.598170588603701,0.0484011389525793,0.664848098668267,1.87986495923329,3851.75907532474,1.00001342711526
"eps_all[18,2]",0.0283568034711136,0.0151867882628221,0.961436937733325,-1.8972950964899,-0.620961835875725,0.0321503403515304,0.675060282462259,1.90313565151547,4007.83405191765,1.00017017903532
"eps_all[18,3]",-0.0871413310159213,0.0154049450320937,0.951094249388675,-1.93116398216242,-0.728640662673796,-0.0929428046289779,0.565805410542241,1.79808192566033,3811.77103492383,0.999478933744738
"eps_all[18,4]",0.0720450919578716,0.0154069916820855,0.932491910555512,-1.7973617184663,-0.562663867472495,0.0822031362907842,0.688703268724864,1.85514804860909,3663.14786630079,0.999723223349021
"eps_all[18,5]",0.210569275483511,0.0150030934145975,0.832273080031052,-1.46911648950702,-0.346809393396641,0.226734696368219,0.763412097516272,1.84228839117286,3077.30164090003,0.999406726138559
"eps_all[18,6]",0.00970353594717277,0.0152055054231734,1.00288319847654,-1.98925838920978,-0.650188681507584,0.0228045182239101,0.6792014976352,2.00468599136081,4350.09749160037,0.999526998991058
"eps_all[18,7]",0.119983703508041,0.0148634580285522,0.989498316338725,-1.77756406564886,-0.575040274186919,0.120279313907186,0.808118964033525,2.00993146357516,4431.90453497166,0.999084641538505
"eps_all[18,8]",0.266560428671862,0.0155518614562945,0.895226291486532,-1.52084330736649,-0.332722804305777,0.28316463685639,0.858312562375368,1.97971323928802,3313.60623874772,1.00174285797892
"eps_all[18,9]",-0.19330899872358,0.0150453694406311,0.90331344455787,-1.90863811111331,-0.803196262154128,-0.197319221764168,0.41036057488266,1.60809303988431,3604.71750539049,1.00016241796129
"eps_all[18,10]",-0.0141209040179393,0.0145086246466576,0.980418569828633,-1.94301123124681,-0.651804577680486,-0.0173474082329496,0.625930611840003,1.8477121088613,4566.36441042099,0.999300330412312
"eps_all[18,11]",0.0976026760899609,0.0217491830020995,0.973313890515496,-1.81993116188545,-0.550914344472968,0.0946665101768096,0.747867786702843,2.041239132265,2002.71867580097,1.00074216743004
"eps_all[18,12]",0.364911332394697,0.0152995250525167,1.00774908863757,-1.63940144475801,-0.286583736273995,0.359747084559603,1.02632269001872,2.31453815301961,4338.59318702627,0.99936983698903
"eps_all[19,1]",-0.0165358316885255,0.0158683570638284,1.00385217095636,-1.99063550026634,-0.689230842280692,-0.0255712468820145,0.663731509244927,1.97271002677111,4001.98629097134,0.999747549130292
"eps_all[19,2]",-0.00592064746037579,0.0161148186132728,1.00881841856677,-1.94717956925842,-0.699813062866621,-0.0121589970843513,0.647490419179918,2.06700474465327,3918.99908959329,0.999582961476375
"eps_all[19,3]",0.0161432534099764,0.0155595375360036,0.990698689848778,-1.93415025832598,-0.665282807302631,0.021503492615696,0.686648171144703,1.94763103041688,4054.05660274939,1.00073853094613
"eps_all[19,4]",-0.0118421580532825,0.0157383507144295,0.990177708828184,-1.87501805234436,-0.68692349229405,0.0097087406574883,0.652886357637946,1.93921716030594,3958.29221709717,0.999671915539629
"eps_all[19,5]",-0.0333600495122086,0.0158732319253211,1.00055402906566,-1.95996833364245,-0.723302416860517,-0.0254806825065234,0.656548431779691,1.91012927305349,3973.29093699256,1.00012961765562
"eps_all[19,6]",0.00517817317155278,0.0164835034638887,1.01438681969577,-1.96578352760884,-0.680996458790863,0.0269842164872528,0.699802292197137,1.93393393552169,3787.11198877341,0.999760979914787
"eps_all[19,7]",-0.00667078421437854,0.0156982761013475,0.996864665730842,-1.94925159380105,-0.680222970459889,-0.0101493875374281,0.663571868510167,1.93466329036344,4032.44524217697,1.00003589929714
"eps_all[19,8]",0.0164721665402333,0.016260699972166,1.00120097054072,-1.92202416798831,-0.678833036027389,0.0206585372308283,0.716359167013607,1.94457466332009,3791.08961472378,0.999588424751159
"eps_all[19,9]",0.0122220818813142,0.0160847261861067,1.02326544600173,-2.08786240831237,-0.657766870737764,0.0288288479904546,0.691554102679107,1.96787308973119,4047.14974379825,1.00000435232585
"eps_all[19,10]",0.0200158386350603,0.0153015770328493,0.997064122526473,-1.93535114245658,-0.650357244428675,0.0165569817381441,0.711938818272644,1.96635217222039,4245.93941091174,0.999567277074559
"eps_all[19,11]",-0.00775317116578787,0.0159583504723546,1.00728157436826,-1.96963322420763,-0.684046839370367,-0.00922509042706402,0.668713717706528,1.9179304095628,3984.05919082236,0.999478394351443
"eps_all[19,12]",0.00143382568754639,0.0158360931805723,1.003915784337,-1.97912709567019,-0.675404642652849,0.0120174118582826,0.694253933260275,1.91476544123544,4018.81919763396,0.999956158626291
"lp__",1275343.10419249,2.77795313193095,35.6229489154821,1275280.46124731,1275318.6835262,1275340.65255817,1275363.95015475,1275427.44831462,164.440923688249,1.01103266610516
